{"type":"FeatureCollection","features":[{"properties":{"kuni_url":"/kg/resource/K02.html","id_url":"G02015.html","kuni":"大和","id":"G02015","name":"吉野","yomi":"よしの","kuni_id":"K02","pref":"大阪府（奈良県）"},"geometry":{"coordinates":[[[135.868441,34.458612],[135.868389,34.45956],[135.868553,34.459887],[135.868863,34.460415],[135.86923,34.460815],[135.870534,34.461918],[135.872349,34.4626],[135.874353,34.4626],[135.876745,34.461663],[135.878265,34.46021],[135.878815,34.457497],[135.879138,34.453976],[135.879295,34.45227],[135.879812,34.45127],[135.880387,34.451336],[135.880637,34.451245],[135.880899,34.451086],[135.881286,34.451045],[135.881786,34.451245],[135.882336,34.45122],[135.882636,34.451353],[135.883049,34.451811],[135.883299,34.451986],[135.883711,34.452128],[135.884236,34.452078],[135.884674,34.45212],[135.885049,34.452478],[135.885574,34.452661],[135.885911,34.452845],[135.886349,34.45327],[135.886511,34.453245],[135.886948,34.453245],[135.887448,34.453403],[135.887948,34.45277],[135.888186,34.452253],[135.888623,34.451886],[135.888711,34.451778],[135.889036,34.451595],[135.889723,34.451328],[135.889998,34.451187],[135.890173,34.450803],[135.890686,34.450037],[135.890798,34.44997],[135.891073,34.449703],[135.891398,34.448954],[135.891823,34.448487],[135.892086,34.447987],[135.892286,34.447895],[135.892473,34.447687],[135.892586,34.447462],[135.892723,34.447312],[135.893186,34.447129],[135.893573,34.447054],[135.894048,34.447037],[135.894485,34.447054],[135.894923,34.447129],[135.89536,34.447145],[135.896373,34.447329],[135.896485,34.447329],[135.896598,34.447237],[135.896798,34.446804],[135.897148,34.446379],[135.897173,34.446179],[135.897123,34.445904],[135.897173,34.444987],[135.897148,34.444829],[135.897185,34.444129],[135.897148,34.443538],[135.89726,34.442796],[135.89736,34.442704],[135.897973,34.442404],[135.89816,34.442146],[135.898323,34.442021],[135.89846,34.442046],[135.898523,34.442088],[135.898685,34.442563],[135.898848,34.442788],[135.899423,34.443354],[135.899623,34.443571],[135.899873,34.443713],[135.900723,34.443829],[135.90116,34.443829],[135.901598,34.443871],[135.902098,34.443738],[135.902447,34.443738],[135.902585,34.443779],[135.902972,34.444029],[135.903022,34.444146],[135.903185,34.444304],[135.903547,34.444363],[135.903797,34.444521],[135.904322,34.445087],[135.904647,34.445354],[135.904972,34.445579],[135.905147,34.445871],[135.905585,34.446054],[135.905747,34.446171],[135.905822,34.446412],[135.90586,34.446912],[135.906022,34.447337],[135.90621,34.447562],[135.906372,34.447837],[135.906522,34.447896],[135.906772,34.447837],[135.907397,34.447587],[135.907697,34.447562],[135.908135,34.447687],[135.908459,34.447721],[135.909209,34.447446],[135.909672,34.447221],[135.910122,34.446929],[135.910347,34.446746],[135.910697,34.446679],[135.911109,34.446637],[135.911547,34.446504],[135.912009,34.446454],[135.912397,34.446504],[135.912847,34.446579],[135.913172,34.446579],[135.913334,34.446496],[135.913797,34.446046],[135.913997,34.445796],[135.914097,34.445754],[135.914272,34.445821],[135.914634,34.445887],[135.914947,34.445796],[135.916159,34.445571],[135.916747,34.445388],[135.917559,34.445213],[135.918634,34.445054],[135.919034,34.444921],[135.919521,34.444713],[135.919896,34.444479],[135.920334,34.444304],[135.920621,34.444146],[135.920971,34.443738],[135.921446,34.443354],[135.922259,34.442905],[135.922446,34.44268],[135.922621,34.442163],[135.922509,34.441938],[135.922321,34.44178],[135.922209,34.441596],[135.922284,34.441463],[135.923521,34.440963],[135.923934,34.440721],[135.924296,34.440422],[135.924571,34.440063],[135.925121,34.438372],[135.925196,34.438013],[135.925084,34.437155],[135.925121,34.436789],[135.925171,34.43668],[135.925421,34.436539],[135.925721,34.436455],[135.926134,34.436455],[135.926521,34.436247],[135.927121,34.435847],[135.927759,34.435597],[135.928159,34.435464],[135.928496,34.435389],[135.929096,34.435464],[135.929396,34.435414],[135.929621,34.435164],[135.929696,34.434897],[135.929821,34.434714],[135.930221,34.434539],[135.930609,34.434397],[135.931046,34.434439],[135.931296,34.434331],[135.931408,34.434172],[135.931621,34.433964],[135.932283,34.433647],[135.932508,34.433381],[135.932896,34.432681],[135.933133,34.432523],[135.933683,34.432339],[135.933983,34.432189],[135.934071,34.432006],[135.934008,34.431781],[135.933633,34.431281],[135.933546,34.431039],[135.933483,34.430381],[135.933521,34.430114],[135.934121,34.429615],[135.934446,34.42939],[135.934896,34.429323],[135.935383,34.429048],[135.936458,34.428306],[135.936733,34.428231],[135.937696,34.428281],[135.937971,34.427923],[135.938533,34.427598],[135.939033,34.427465],[135.940133,34.427398],[135.940908,34.427415],[135.941533,34.427357],[135.943645,34.427315],[135.944033,34.42729],[135.944995,34.427048],[135.945108,34.427332],[135.945358,34.427523],[135.945445,34.427982],[135.945083,34.428615],[135.944983,34.428973],[135.944808,34.429315],[135.944808,34.429406],[135.945058,34.42999],[135.945083,34.43024],[135.944895,34.430765],[135.944595,34.431215],[135.944595,34.431531],[135.94487,34.431931],[135.945083,34.432206],[135.945333,34.432423],[135.945695,34.432623],[135.94597,34.432873],[135.946108,34.433214],[135.946083,34.433706],[135.945983,34.434089],[135.946083,34.434273],[135.946208,34.434339],[135.946408,34.434406],[135.946795,34.434614],[135.947145,34.434856],[135.94732,34.435081],[135.947645,34.435389],[135.948057,34.435606],[135.948807,34.435556],[135.949045,34.435614],[135.949307,34.435614],[135.949395,34.435581],[135.94957,34.435381],[135.950282,34.434973],[135.95072,34.434614],[135.95142,34.434231],[135.951595,34.433981],[135.951657,34.433706],[135.951845,34.433481],[135.95227,34.433098],[135.952232,34.432823],[135.952395,34.432448],[135.953195,34.431656],[135.95347,34.431423],[135.953795,34.431215],[135.954132,34.431065],[135.955082,34.430698],[135.955445,34.430773],[135.95572,34.430956],[135.955945,34.431198],[135.956057,34.431273],[135.956295,34.431315],[135.95657,34.431315],[135.957007,34.431406],[135.957532,34.431631],[135.957882,34.431831],[135.958082,34.432056],[135.958082,34.432281],[135.957882,34.432873],[135.957919,34.433115],[135.958144,34.43334],[135.958507,34.433523],[135.958832,34.433815],[135.959294,34.434365],[135.959482,34.434656],[135.959544,34.434914],[135.959582,34.435073],[135.959594,34.435364],[135.959569,34.435856],[135.959632,34.436231],[135.959819,34.436389],[135.959982,34.436339],[135.960269,34.436181],[135.961969,34.435906],[135.962782,34.435889],[135.962869,34.435864],[135.963182,34.435481],[135.963394,34.435298],[135.963857,34.435323],[135.964407,34.435523],[135.964957,34.435706],[135.965094,34.435798],[135.965431,34.436223],[135.965569,34.436814],[135.965794,34.436923],[135.966144,34.436948],[135.966606,34.436789],[135.967131,34.437006],[135.967669,34.437123],[135.968144,34.437664],[135.968506,34.437714],[135.969031,34.437623],[135.969469,34.437506],[135.969906,34.437439],[135.970269,34.437489],[135.970594,34.437598],[135.970844,34.437873],[135.971119,34.438048],[135.971906,34.437981],[135.972494,34.437839],[135.973181,34.437931],[135.973756,34.437864],[135.974093,34.437798],[135.974606,34.437773],[135.974906,34.437706],[135.975068,34.437548],[135.975268,34.43719],[135.975343,34.436915],[135.975618,34.436515],[135.975706,34.436556],[135.976506,34.436831],[135.976856,34.43674],[135.977131,34.43674],[135.977568,34.436848],[135.978043,34.436831],[135.978531,34.436765],[135.978893,34.436931],[135.979256,34.437323],[135.979143,34.437823],[135.979143,34.43809],[135.979256,34.438298],[135.980131,34.438681],[135.980468,34.438881],[135.980656,34.439081],[135.981043,34.439223],[135.981418,34.439198],[135.981568,34.439131],[135.981943,34.439081],[135.982355,34.439265],[135.982718,34.439281],[135.983105,34.439356],[135.983405,34.439665],[135.98348,34.439798],[135.98363,34.440315],[135.984093,34.440614],[135.984293,34.440923],[135.984555,34.441239],[135.985005,34.441373],[135.98553,34.441423],[135.986093,34.441289],[135.986268,34.441298],[135.98668,34.441806],[135.987255,34.442031],[135.987755,34.442348],[135.988055,34.442389],[135.988243,34.442456],[135.98858,34.442706],[135.98883,34.442706],[135.988905,34.442689],[135.989318,34.442639],[135.989818,34.442706],[135.99063,34.442981],[135.99083,34.443156],[135.991217,34.443364],[135.991542,34.443456],[135.991705,34.443648],[135.991842,34.443973],[135.992117,34.444198],[135.99248,34.444356],[135.992692,34.444223],[135.993417,34.443339],[135.993805,34.443115],[135.994092,34.44309],[135.994455,34.443273],[135.99473,34.443523],[135.995092,34.443715],[135.99613,34.443973],[135.996717,34.444056],[135.997162,34.443569],[135.997505,34.44344],[135.997842,34.443281],[135.998417,34.443148],[135.999542,34.443081],[135.999867,34.443148],[136.000092,34.443323],[136.000392,34.44339],[136.000804,34.443256],[136.001129,34.443006],[136.001467,34.442898],[136.002429,34.44269],[136.002704,34.442515],[136.002867,34.442332],[136.002979,34.442807],[136.003117,34.442982],[136.003417,34.44314],[136.004154,34.443232],[136.005142,34.443273],[136.005442,34.443182],[136.005554,34.443115],[136.005667,34.44314],[136.006442,34.443498],[136.006679,34.443523],[136.006992,34.443473],[136.007154,34.443523],[136.007204,34.443565],[136.007504,34.444107],[136.008092,34.444848],[136.008854,34.445256],[136.008966,34.445956],[136.009129,34.446206],[136.009404,34.446431],[136.009629,34.446698],[136.009766,34.446965],[136.009741,34.44724],[136.009766,34.447506],[136.010041,34.447981],[136.010341,34.448256],[136.010729,34.448406],[136.010866,34.448431],[136.011141,34.448614],[136.011329,34.449239],[136.011354,34.449539],[136.011191,34.450081],[136.011216,34.450164],[136.011329,34.450306],[136.011554,34.450348],[136.012154,34.450798],[136.012404,34.451139],[136.012566,34.451497],[136.012616,34.451856],[136.012591,34.452489],[136.012954,34.453006],[136.012953,34.453231],[136.013028,34.453481],[136.013203,34.453639],[136.013478,34.453747],[136.013778,34.453797],[136.014078,34.453797],[136.014303,34.453839],[136.014741,34.453997],[136.015128,34.453931],[136.015541,34.453814],[136.015916,34.453772],[136.016228,34.453697],[136.016553,34.453472],[136.016941,34.453431],[136.017266,34.453631],[136.017453,34.453906],[136.017491,34.454289],[136.017566,34.454622],[136.017728,34.454872],[136.017903,34.454939],[136.018366,34.454847],[136.018641,34.454847],[136.019028,34.454914],[136.019628,34.455122],[136.020653,34.455522],[136.021028,34.455564],[136.021503,34.455497],[136.022515,34.455231],[136.023478,34.455072],[136.02414,34.455047],[136.024803,34.454889],[136.025178,34.454864],[136.025515,34.455139],[136.02584,34.455364],[136.026315,34.455564],[136.027302,34.455881],[136.027852,34.455672],[136.028227,34.455656],[136.028365,34.455672],[136.02854,34.455831],[136.02859,34.456031],[136.028677,34.456147],[136.028952,34.456189],[136.029165,34.456122],[136.029877,34.456056],[136.03019,34.455922],[136.030377,34.455789],[136.030565,34.455922],[136.030789,34.456547],[136.031314,34.457297],[136.031314,34.457564],[136.031152,34.457905],[136.030902,34.458197],[136.030927,34.458447],[136.030977,34.45853],[136.031252,34.458755],[136.031527,34.458847],[136.032052,34.459122],[136.032389,34.459389],[136.032764,34.459639],[136.032802,34.459614],[136.033177,34.459705],[136.033314,34.459797],[136.033839,34.460264],[136.034089,34.460314],[136.034689,34.460155],[136.034914,34.46013],[136.035277,34.460264],[136.035651,34.460472],[136.036064,34.46058],[136.036451,34.460555],[136.036726,34.460622],[136.036889,34.461613],[136.037226,34.461797],[136.037751,34.461997],[136.038264,34.462247],[136.038789,34.462422],[136.039226,34.462472],[136.039614,34.462405],[136.039914,34.46238],[136.040076,34.462447],[136.040938,34.462538],[136.041513,34.462938],[136.042113,34.46303],[136.042313,34.46328],[136.042551,34.463505],[136.042726,34.464588],[136.043213,34.46533],[136.043326,34.465646],[136.043513,34.465846],[136.043738,34.465938],[136.0444,34.466096],[136.045,34.466113],[136.0455,34.466046],[136.045888,34.466088],[136.046125,34.466405],[136.046238,34.46688],[136.046438,34.467171],[136.046925,34.46753],[136.047088,34.467738],[136.047313,34.468138],[136.047638,34.468346],[136.048687,34.468655],[136.04915,34.468863],[136.049625,34.469288],[136.049875,34.469696],[136.049987,34.47003],[136.050037,34.470413],[136.04985,34.470688],[136.049625,34.470705],[136.049375,34.470638],[136.049262,34.470638],[136.048775,34.470846],[136.048437,34.471113],[136.048225,34.471454],[136.047925,34.471746],[136.047787,34.471838],[136.04715,34.472446],[136.0466,34.472763],[136.04605,34.472988],[136.045613,34.473104],[136.045113,34.473146],[136.044813,34.473212],[136.044513,34.473437],[136.044125,34.473821],[136.043613,34.474321],[136.043138,34.474571],[136.042613,34.474796],[136.041688,34.475379],[136.041375,34.47572],[136.040963,34.476079],[136.040088,34.476579],[136.039813,34.476895],[136.039763,34.477054],[136.039325,34.477504],[136.038576,34.477904],[136.038463,34.478087],[136.038388,34.478403],[136.038026,34.478878],[136.037638,34.479512],[136.037726,34.47962],[136.03825,34.47962],[136.03855,34.47987],[136.038713,34.479912],[136.039263,34.479687],[136.039325,34.479595],[136.039513,34.479528],[136.0399,34.479462],[136.040313,34.479328],[136.04075,34.479095],[136.04135,34.478629],[136.04235,34.478512],[136.042813,34.478379],[136.044125,34.47842],[136.045062,34.47822],[136.045562,34.478062],[136.046162,34.477987],[136.046737,34.47797],[136.047787,34.477829],[136.048887,34.477854],[136.049987,34.477762],[136.050974,34.477629],[136.051137,34.477646],[136.052549,34.478412],[136.053174,34.478679],[136.053837,34.478904],[136.054474,34.479062],[136.055161,34.479129],[136.055624,34.479037],[136.056149,34.478837],[136.056911,34.478337],[136.057136,34.478337],[136.057661,34.478271],[136.058099,34.478179],[136.058561,34.478021],[136.058899,34.478021],[136.060136,34.477913],[136.060373,34.477996],[136.060786,34.478204],[136.061423,34.478404],[136.061886,34.478513],[136.062298,34.478788],[136.062573,34.478921],[136.062661,34.478896],[136.062886,34.478738],[136.063298,34.478355],[136.063711,34.478155],[136.064036,34.478063],[136.064698,34.478021],[136.064885,34.477971],[136.065623,34.477588],[136.06571,34.477613],[136.066073,34.477563],[136.066423,34.477405],[136.066723,34.477363],[136.067385,34.477496],[136.06786,34.477405],[136.068348,34.477247],[136.069423,34.476638],[136.06991,34.47653],[136.070635,34.476505],[136.070935,34.47668],[136.071422,34.476905],[136.071897,34.477022],[136.072585,34.477038],[136.072722,34.477105],[136.07311,34.477088],[136.073522,34.477105],[136.074172,34.476905],[136.074834,34.47693],[136.074922,34.476905],[136.075197,34.47668],[136.075547,34.47623],[136.075884,34.476072],[136.075959,34.476114],[136.076347,34.47663],[136.076459,34.476697],[136.076847,34.476814],[136.077197,34.476655],[136.077559,34.476455],[136.077909,34.476205],[136.078297,34.475839],[136.078822,34.475005],[136.078872,34.474964],[136.079259,34.474847],[136.079696,34.474647],[136.080084,34.47458],[136.080471,34.474555],[136.080909,34.47458],[136.081434,34.47453],[136.081596,34.474464],[136.081734,34.473589],[136.081984,34.473339],[136.081846,34.473139],[136.081546,34.472955],[136.081209,34.472689],[136.081121,34.472281],[136.080959,34.471964],[136.080609,34.471539],[136.080434,34.471172],[136.080409,34.470864],[136.080659,34.470614],[136.080909,34.470497],[136.081234,34.470431],[136.081734,34.469797],[136.081834,34.469556],[136.081759,34.468897],[136.081871,34.468447],[136.082196,34.467773],[136.082271,34.467523],[136.082309,34.467206],[136.082196,34.466556],[136.082309,34.466398],[136.083296,34.465631],[136.083671,34.465223],[136.084259,34.465131],[136.084496,34.464931],[136.084796,34.464231],[136.084996,34.464098],[136.085684,34.464073],[136.086233,34.463823],[136.086259,34.463373],[136.086171,34.463131],[136.086196,34.462831],[136.086334,34.462498],[136.086421,34.462381],[136.086509,34.462115],[136.086421,34.462048],[136.085734,34.461756],[136.085621,34.46169],[136.085621,34.461373],[136.085946,34.460198],[136.086196,34.45959],[136.086309,34.458848],[136.086421,34.458732],[136.086659,34.45864],[136.086834,34.458507],[136.087109,34.457449],[136.087096,34.457265],[136.086721,34.456282],[136.086909,34.455782],[136.087434,34.455516],[136.087509,34.455399],[136.087734,34.455241],[136.087734,34.454899],[136.087459,34.454116],[136.087396,34.453707],[136.087396,34.453349],[136.087809,34.452608],[136.087921,34.452224],[136.087921,34.451816],[136.087971,34.451474],[136.088059,34.451391],[136.088996,34.451074],[136.089434,34.450666],[136.089958,34.450483],[136.090258,34.450258],[136.090696,34.4497],[136.090771,34.449266],[136.090658,34.448367],[136.090658,34.44805],[136.090996,34.44735],[136.091021,34.446883],[136.090909,34.446158],[136.090959,34.445775],[136.091209,34.445284],[136.091484,34.444534],[136.091671,34.4442],[136.091896,34.443909],[136.092333,34.443567],[136.092558,34.443117],[136.093046,34.442734],[136.093246,34.442684],[136.093658,34.442484],[136.094333,34.441784],[136.094946,34.441467],[136.095246,34.439893],[136.095408,34.438651],[136.095521,34.43816],[136.095846,34.43746],[136.095846,34.436985],[136.095783,34.436626],[136.095821,34.436376],[136.096083,34.435677],[136.096121,34.435277],[136.096008,34.435252],[136.095758,34.435093],[136.095233,34.434577],[136.094634,34.43426],[136.094384,34.433943],[136.094196,34.43356],[136.093421,34.432527],[136.092984,34.431669],[136.092484,34.431019],[136.091821,34.430385],[136.090997,34.429802],[136.090472,34.429577],[136.089484,34.429261],[136.088859,34.428836],[136.088722,34.428477],[136.088859,34.428269],[136.089509,34.427727],[136.089734,34.427436],[136.089872,34.426894],[136.089922,34.426219],[136.089809,34.424894],[136.089872,34.424353],[136.090084,34.42397],[136.090547,34.423386],[136.090934,34.42307],[136.091209,34.42262],[136.091159,34.422462],[136.091022,34.42232],[136.090884,34.422095],[136.090822,34.421487],[136.090522,34.420745],[136.090247,34.42032],[136.090247,34.420095],[136.090297,34.419962],[136.090284,34.419945],[136.090409,34.419654],[136.090409,34.419404],[136.090222,34.419087],[136.090147,34.418204],[136.090434,34.417304],[136.090434,34.416537],[136.090272,34.416037],[136.089897,34.415679],[136.089522,34.415521],[136.089147,34.415087],[136.088859,34.414321],[136.088684,34.414154],[136.088334,34.414062],[136.08801,34.413746],[136.087935,34.413296],[136.08786,34.413254],[136.087135,34.413221],[136.086735,34.413154],[136.086685,34.413038],[136.086747,34.412479],[136.086647,34.412004],[136.086397,34.411729],[136.085947,34.411546],[136.085572,34.411163],[136.084997,34.410929],[136.08461,34.410521],[136.08436,34.410088],[136.08416,34.409863],[136.08356,34.409679],[136.08286,34.409671],[136.081348,34.409779],[136.080723,34.409796],[136.080573,34.409771],[136.080148,34.409546],[136.079785,34.409138],[136.079586,34.408746],[136.079286,34.408479],[136.078411,34.408221],[136.077961,34.408013],[136.077711,34.407746],[136.077498,34.40698],[136.077173,34.40668],[136.076673,34.406338],[136.076061,34.405296],[136.075961,34.404955],[136.076036,34.404438],[136.075786,34.404188],[136.075474,34.403647],[136.075573,34.403222],[136.075698,34.40293],[136.075723,34.402697],[136.075536,34.40243],[136.075236,34.40218],[136.075036,34.401813],[136.074936,34.401455],[136.074374,34.40048],[136.074199,34.399964],[136.074124,34.399597],[136.074124,34.399372],[136.074286,34.399014],[136.074761,34.39863],[136.074836,34.398406],[136.074811,34.398364],[136.074199,34.397906],[136.073724,34.397431],[136.073274,34.396864],[136.072599,34.396297],[136.072062,34.395956],[136.071387,34.395589],[136.070562,34.395331],[136.070362,34.395081],[136.070112,34.394972],[136.069712,34.394831],[136.069337,34.394647],[136.068887,34.394014],[136.068999,34.393631],[136.069587,34.392506],[136.069662,34.392189],[136.069499,34.391173],[136.069174,34.389998],[136.069112,34.389573],[136.069162,34.389256],[136.069237,34.389098],[136.069412,34.388898],[136.070199,34.388406],[136.070674,34.388165],[136.071349,34.387965],[136.071749,34.387807],[136.071862,34.387648],[136.071937,34.387357],[136.071912,34.387198],[136.072062,34.386998],[136.073012,34.386982],[136.073661,34.386898],[136.074136,34.386923],[136.074674,34.386857],[136.075024,34.386748],[136.075424,34.386524],[136.075849,34.386349],[136.076399,34.386265],[136.077024,34.386265],[136.077461,34.386357],[136.077848,34.386499],[136.078136,34.386482],[136.078411,34.386207],[136.078936,34.385557],[136.080298,34.384482],[136.081135,34.383882],[136.08186,34.383549],[136.082073,34.383258],[136.082323,34.382474],[136.083035,34.381391],[136.08341,34.381058],[136.084048,34.380658],[136.085097,34.380075],[136.08586,34.379608],[136.086135,34.379208],[136.086347,34.3788],[136.086472,34.378375],[136.08656,34.377175],[136.08656,34.376408],[136.086547,34.375917],[136.086747,34.375734],[136.087122,34.3756],[136.08801,34.375092],[136.08836,34.374984],[136.08921,34.37465],[136.089435,34.374517],[136.089697,34.374176],[136.089872,34.373234],[136.08991,34.372784],[136.09001,34.372242],[136.090135,34.371884],[136.090672,34.371001],[136.091172,34.370418],[136.091359,34.370109],[136.091634,34.369368],[136.092022,34.368918],[136.092172,34.368601],[136.091647,34.367968],[136.091259,34.367601],[136.090709,34.367168],[136.090485,34.366693],[136.090435,34.366218],[136.090472,34.36566],[136.09046,34.364443],[136.090585,34.363468],[136.090597,34.363018],[136.090547,34.362793],[136.090747,34.362568],[136.091884,34.362102],[136.092809,34.361844],[136.093384,34.361735],[136.094009,34.361535],[136.094422,34.361285],[136.094747,34.360994],[136.095097,34.360594],[136.095409,34.360102],[136.095509,34.359652],[136.095522,34.358727],[136.095597,34.358119],[136.095909,34.357353],[136.096259,34.356861],[136.096634,34.356478],[136.097096,34.355894],[136.097371,34.355419],[136.097459,34.355061],[136.097434,34.35452],[136.097309,34.354111],[136.097334,34.353795],[136.098321,34.35277],[136.098584,34.352387],[136.098634,34.35212],[136.098434,34.351803],[136.097834,34.351053],[136.097471,34.350437],[136.096871,34.349845],[136.096746,34.349529],[136.096734,34.349129],[136.096884,34.348629],[136.097134,34.34802],[136.097296,34.347595],[136.097884,34.346496],[136.098084,34.345662],[136.098796,34.344746],[136.099858,34.343621],[136.100208,34.343171],[136.100521,34.343063],[136.101021,34.342996],[136.101496,34.342846],[136.101846,34.342596],[136.10202,34.342238],[136.102083,34.341113],[136.101908,34.340663],[136.101695,34.340388],[136.10142,34.340138],[136.101246,34.339847],[136.10127,34.33908],[136.101208,34.338605],[136.101233,34.338089],[136.101595,34.337347],[136.102045,34.336639],[136.101995,34.336497],[136.102108,34.336306],[136.102383,34.336022],[136.102908,34.335639],[136.103208,34.335464],[136.103758,34.335306],[136.103883,34.335106],[136.103958,34.334898],[136.10407,34.334723],[136.10442,34.334539],[136.105132,34.334339],[136.105845,34.333823],[136.106032,34.333481],[136.10612,34.333023],[136.106182,34.332956],[136.106582,34.332731],[136.107032,34.332381],[136.10742,34.331973],[136.108432,34.331123],[136.10862,34.330815],[136.108745,34.329923],[136.108907,34.329523],[136.109119,34.329257],[136.109469,34.32909],[136.110432,34.328715],[136.110944,34.32854],[136.111457,34.328407],[136.112869,34.328282],[136.113306,34.328215],[136.113669,34.328024],[136.113981,34.327774],[136.114856,34.326741],[136.115319,34.326357],[136.115806,34.326174],[136.116381,34.326066],[136.116818,34.326099],[136.117681,34.326291],[136.118243,34.326249],[136.118893,34.326241],[136.119406,34.326341],[136.119781,34.326524],[136.120143,34.326832],[136.120243,34.326866],[136.120493,34.326791],[136.121418,34.326308],[136.121618,34.326091],[136.121818,34.325699],[136.122005,34.325541],[136.122156,34.325586],[136.122218,34.325591],[136.12238,34.325458],[136.122605,34.324758],[136.122855,34.324258],[136.123043,34.323425],[136.124143,34.32165],[136.124367,34.321442],[136.125467,34.320675],[136.125792,34.320267],[136.126092,34.31975],[136.126367,34.319367],[136.12673,34.31905],[136.127467,34.318667],[136.12818,34.318151],[136.128679,34.317226],[136.128979,34.316842],[136.129392,34.316459],[136.129479,34.316342],[136.129554,34.316117],[136.129554,34.316009],[136.129392,34.315826],[136.128955,34.315467],[136.128355,34.315109],[136.127692,34.314834],[136.127005,34.314634],[136.12648,34.314434],[136.126117,34.314226],[136.125742,34.313826],[136.12508,34.312968],[136.123755,34.311659],[136.123293,34.311326],[136.122793,34.310826],[136.122555,34.310493],[136.122155,34.310289],[136.121618,34.310268],[136.121318,34.310234],[136.120718,34.310351],[136.12028,34.310476],[136.119806,34.310518],[136.119268,34.310484],[136.117743,34.310009],[136.117106,34.309859],[136.116643,34.309809],[136.116306,34.309676],[136.115693,34.309134],[136.115394,34.308993],[136.115056,34.308893],[136.114919,34.308818],[136.113794,34.307501],[136.113431,34.307026],[136.113169,34.306618],[136.112831,34.30636],[136.112519,34.306335],[136.112219,34.306251],[136.112069,34.306093],[136.111981,34.305835],[136.112006,34.30531],[136.111881,34.30516],[136.111619,34.305068],[136.111169,34.305101],[136.110394,34.305276],[136.110182,34.305301],[136.109944,34.305218],[136.109244,34.304843],[136.108719,34.304685],[136.108169,34.30461],[136.107769,34.304693],[136.107369,34.304851],[136.107094,34.304926],[136.106657,34.304843],[136.106545,34.30486],[136.106107,34.30506],[136.10567,34.305126],[136.105245,34.305276],[136.104782,34.305518],[136.104357,34.305585],[136.102807,34.305643],[136.101833,34.30546],[136.101358,34.30541],[136.101108,34.305418],[136.100295,34.305618],[136.099895,34.305393],[136.098245,34.304151],[136.097733,34.303685],[136.097146,34.30351],[136.096621,34.303276],[136.096283,34.303218],[136.095933,34.303093],[136.095596,34.302835],[136.095321,34.302443],[136.095108,34.302093],[136.094908,34.301502],[136.094996,34.301102],[136.095196,34.30066],[136.095521,34.300168],[136.095571,34.299977],[136.095471,34.299635],[136.095496,34.29921],[136.095646,34.298635],[136.095708,34.29826],[136.095871,34.297677],[136.096058,34.297402],[136.096171,34.296994],[136.096121,34.296544],[136.096083,34.295319],[136.095921,34.294861],[136.095858,34.294569],[136.095908,34.294161],[136.095983,34.293844],[136.096796,34.293252],[136.096996,34.292911],[136.097458,34.291678],[136.097658,34.291328],[136.098008,34.290994],[136.098046,34.290761],[136.097896,34.290444],[136.097733,34.290228],[136.097708,34.289428],[136.097733,34.289036],[136.097896,34.288736],[136.098321,34.288661],[136.098796,34.288628],[136.099246,34.288545],[136.099971,34.28827],[136.100346,34.28807],[136.100596,34.287811],[136.100808,34.28737],[136.101046,34.28672],[136.101308,34.286303],[136.101645,34.28602],[136.102033,34.285787],[136.103333,34.285462],[136.103658,34.285262],[136.10412,34.284828],[136.104933,34.283678],[136.105333,34.283212],[136.105445,34.283037],[136.10592,34.282812],[136.106533,34.282628],[136.107195,34.28237],[136.107795,34.281762],[136.108257,34.281587],[136.109057,34.281529],[136.109357,34.281404],[136.10967,34.28137],[136.10987,34.28127],[136.110107,34.280987],[136.11042,34.280837],[136.110982,34.280954],[136.11147,34.280945],[136.11187,34.28082],[136.112095,34.280612],[136.112282,34.280154],[136.113069,34.279304],[136.113332,34.278896],[136.113407,34.278704],[136.113482,34.278262],[136.113495,34.277812],[136.113607,34.277371],[136.113832,34.277021],[136.114382,34.276629],[136.114594,34.276179],[136.114707,34.275671],[136.114732,34.274871],[136.114957,34.274496],[136.115382,34.274138],[136.116582,34.274071],[136.116657,34.273971],[136.116594,34.273446],[136.116744,34.273079],[136.116969,34.272813],[136.117069,34.272613],[136.117107,34.27233],[136.117282,34.271663],[136.117257,34.271405],[136.117294,34.27113],[136.117582,34.27088],[136.118044,34.270671],[136.118532,34.270488],[136.118982,34.270255],[136.119194,34.270088],[136.119369,34.270005],[136.119632,34.270063],[136.120244,34.270271],[136.120444,34.270246],[136.120557,34.27018],[136.120707,34.269671],[136.120907,34.269313],[136.120857,34.269038],[136.120769,34.268813],[136.120769,34.268588],[136.120819,34.268455],[136.121794,34.267105],[136.121857,34.266947],[136.121807,34.26688],[136.121232,34.266488],[136.120769,34.26628],[136.119794,34.265897],[136.119244,34.265613],[136.118707,34.265005],[136.118607,34.26463],[136.118457,34.263264],[136.118782,34.262897],[136.118995,34.262705],[136.11897,34.262147],[136.118457,34.261164],[136.117945,34.260481],[136.118082,34.260356],[136.118595,34.260389],[136.11977,34.260372],[136.12022,34.260314],[136.120782,34.260139],[136.121944,34.259597],[136.122094,34.259472],[136.122155,34.259503],[136.122244,34.259489],[136.122444,34.259347],[136.122794,34.258656],[136.123044,34.258447],[136.123369,34.258339],[136.123869,34.258264],[136.124444,34.258264],[136.125219,34.258198],[136.125569,34.258131],[136.126094,34.257706],[136.126394,34.257364],[136.126831,34.257073],[136.127694,34.25669],[136.127881,34.256506],[136.128019,34.255606],[136.128206,34.25459],[136.128319,34.254232],[136.128506,34.25394],[136.128919,34.25369],[136.129394,34.253598],[136.129806,34.253465],[136.130219,34.253373],[136.130269,34.253315],[136.131156,34.252582],[136.131931,34.251882],[136.131431,34.25179],[136.130719,34.251024],[136.129894,34.250032],[136.129594,34.249474],[136.129481,34.249115],[136.129619,34.248641],[136.130356,34.248099],[136.130419,34.247332],[136.130606,34.246991],[136.130719,34.246607],[136.130719,34.246249],[136.130631,34.245799],[136.130606,34.245366],[136.130669,34.243991],[136.130581,34.243499],[136.130494,34.2433],[136.130419,34.242891],[136.130256,34.242866],[136.130219,34.242891],[136.129806,34.242891],[136.129256,34.24285],[136.128682,34.242733],[136.128107,34.242508],[136.126919,34.241925],[136.126094,34.24145],[136.125494,34.2415],[136.125032,34.241408],[136.124694,34.24125],[136.123982,34.240508],[136.12302,34.2399],[136.12272,34.239766],[136.122557,34.239608],[136.12252,34.239358],[136.122332,34.238867],[136.122156,34.238747],[136.121845,34.238667],[136.121732,34.238492],[136.121532,34.237767],[136.121207,34.237158],[136.121007,34.236933],[136.120845,34.236842],[136.120495,34.2368],[136.120132,34.236692],[136.119857,34.236442],[136.11947,34.235767],[136.119083,34.235475],[136.118783,34.234909],[136.117933,34.234525],[136.117483,34.234142],[136.117345,34.23385],[136.117408,34.233767],[136.117433,34.2334],[136.11732,34.232909],[136.117133,34.232501],[136.116495,34.231667],[136.116445,34.231509],[136.116445,34.231192],[136.11652,34.230834],[136.116545,34.230434],[136.11602,34.230001],[136.115945,34.229867],[136.115695,34.229642],[136.114921,34.229576],[136.114508,34.229442],[136.113708,34.228943],[136.113521,34.228901],[136.113246,34.229017],[136.112558,34.229192],[136.111546,34.229217],[136.111108,34.229267],[136.110746,34.229334],[136.110558,34.229309],[136.110171,34.228976],[136.109896,34.228567],[136.109696,34.228209],[136.109721,34.228068],[136.110359,34.227601],[136.110471,34.227351],[136.110609,34.227218],[136.110409,34.227034],[136.110134,34.226851],[136.109946,34.226626],[136.109859,34.225884],[136.109921,34.225593],[136.109921,34.225301],[136.109721,34.22496],[136.109559,34.22456],[136.109609,34.224285],[136.109696,34.224193],[136.110546,34.223968],[136.110871,34.223968],[136.111233,34.22406],[136.111596,34.224193],[136.111896,34.224418],[136.112171,34.224535],[136.112996,34.224376],[136.113408,34.224235],[136.113646,34.223993],[136.113983,34.223743],[136.114333,34.223651],[136.114971,34.223535],[136.115271,34.223451],[136.11582,34.223426],[136.11612,34.223535],[136.116458,34.223585],[136.116895,34.223493],[136.117245,34.223218],[136.117283,34.223085],[136.11687,34.22176],[136.116808,34.221443],[136.116945,34.221085],[136.117133,34.220852],[136.117308,34.220585],[136.117433,34.219794],[136.117383,34.219552],[136.116995,34.219327],[136.116808,34.219144],[136.116833,34.218444],[136.11702,34.218152],[136.117133,34.217902],[136.117158,34.217544],[136.117245,34.217202],[136.117458,34.216802],[136.117845,34.216369],[136.118808,34.215469],[136.118583,34.215244],[136.118333,34.214769],[136.118333,34.214461],[136.118095,34.214186],[136.117345,34.214027],[136.117233,34.213986],[136.117046,34.213627],[136.116958,34.213352],[136.116983,34.212794],[136.116883,34.212453],[136.115996,34.211394],[136.115633,34.211061],[136.115421,34.210744],[136.115358,34.210469],[136.115308,34.210403],[136.114533,34.210694],[136.114296,34.210694],[136.113571,34.210494],[136.113296,34.210478],[136.112396,34.210544],[136.111933,34.210719],[136.111409,34.210994],[136.110834,34.211194],[136.110334,34.211286],[136.109734,34.211244],[136.109096,34.211086],[136.108134,34.210661],[136.107884,34.210411],[136.107696,34.210002],[136.107259,34.209352],[136.107196,34.209086],[136.107221,34.208027],[136.107309,34.207661],[136.107384,34.207436],[136.106784,34.206694],[136.106621,34.206653],[136.106234,34.206627],[136.105571,34.206219],[136.105296,34.206219],[136.105246,34.206202],[136.104934,34.206219],[136.104334,34.206177],[136.103922,34.205977],[136.103422,34.205636],[136.103122,34.205502],[136.102659,34.205369],[136.102222,34.205144],[136.101884,34.204827],[136.101634,34.204444],[136.101472,34.204061],[136.101309,34.203502],[136.100709,34.203436],[136.100022,34.203411],[136.099822,34.203211],[136.099435,34.203002],[136.098147,34.202761],[136.09771,34.202627],[136.09746,34.202402],[136.097272,34.201952],[136.096885,34.200619],[136.096797,34.200236],[136.096822,34.199361],[136.09646,34.198278],[136.096435,34.198236],[136.096272,34.198236],[136.096085,34.198161],[136.095773,34.197694],[136.093885,34.196344],[136.093635,34.195961],[136.09341,34.195736],[136.093598,34.195369],[136.093685,34.195011],[136.09366,34.194586],[136.093735,34.194086],[136.093798,34.194069],[136.094123,34.193594],[136.094123,34.193303],[136.094035,34.19292],[136.092885,34.19082],[136.09261,34.190286],[136.09266,34.19017],[136.092935,34.190103],[136.09401,34.189945],[136.09436,34.189811],[136.094698,34.189536],[136.09481,34.189403],[136.095185,34.188586],[136.095573,34.188228],[136.096122,34.187895],[136.096672,34.187712],[136.09736,34.187528],[136.097985,34.187237],[136.098397,34.186895],[136.098872,34.186695],[136.099497,34.186537],[136.099584,34.186495],[136.100097,34.186378],[136.100684,34.186403],[136.102109,34.186537],[136.102434,34.186628],[136.102771,34.186645],[136.103209,34.186262],[136.103596,34.18617],[136.104334,34.186103],[136.105046,34.185903],[136.106096,34.185362],[136.106671,34.185178],[136.108046,34.185087],[136.108758,34.185112],[136.108896,34.185112],[136.109008,34.185045],[136.109033,34.184862],[136.108971,34.184479],[136.108808,34.184095],[136.108921,34.183312],[136.108808,34.18297],[136.108421,34.182404],[136.108396,34.182246],[136.108508,34.181821],[136.108858,34.181346],[136.108883,34.180962],[136.108446,34.180471],[136.108033,34.180087],[136.107783,34.179796],[136.107646,34.179229],[136.107483,34.178238],[136.107184,34.177429],[136.107121,34.176596],[136.107146,34.176105],[136.107096,34.175155],[136.106384,34.175338],[136.105609,34.175405],[136.105421,34.17538],[136.105196,34.175113],[136.104971,34.174571],[136.104459,34.173713],[136.104484,34.173488],[136.104834,34.172971],[136.105546,34.17173],[136.106021,34.171238],[136.106396,34.171013],[136.107034,34.170763],[136.107521,34.170488],[136.108183,34.169997],[136.108158,34.169989],[136.108346,34.169855],[136.108958,34.169297],[136.110483,34.168281],[136.111695,34.167739],[136.11207,34.167606],[136.112108,34.167514],[136.112133,34.167356],[136.11207,34.167172],[136.112045,34.166839],[136.111808,34.166273],[136.111121,34.165556],[136.110946,34.164989],[136.111096,34.164681],[136.111508,34.164456],[136.112058,34.164206],[136.112683,34.164023],[136.113295,34.163956],[136.11347,34.163865],[136.113795,34.163123],[136.113645,34.162556],[136.113708,34.162156],[136.11402,34.16184],[136.114433,34.161498],[136.11467,34.161165],[136.114758,34.160757],[136.11472,34.159723],[136.11467,34.159607],[136.114433,34.159432],[136.113458,34.158982],[136.113133,34.158623],[136.112833,34.158123],[136.112483,34.15774],[136.111833,34.15729],[136.111633,34.156865],[136.111096,34.154974],[136.110858,34.154724],[136.110383,34.154549],[136.109796,34.15439],[136.109321,34.15419],[136.108946,34.153965],[136.108771,34.153915],[136.108321,34.153899],[136.107858,34.153982],[136.107446,34.154007],[136.107034,34.153807],[136.105709,34.152707],[136.105584,34.15239],[136.105646,34.152074],[136.105884,34.151374],[136.105884,34.151215],[136.105734,34.150882],[136.105871,34.150382],[136.106396,34.149574],[136.106459,34.149307],[136.106346,34.149124],[136.105896,34.148791],[136.105959,34.148491],[136.106196,34.148266],[136.106459,34.147882],[136.106571,34.147499],[136.106546,34.147166],[136.106359,34.146757],[136.106334,34.146374],[136.106421,34.146133],[136.106658,34.145699],[136.106708,34.145408],[136.106658,34.144983],[136.106359,34.144174],[136.106296,34.143899],[136.106096,34.143808],[136.105709,34.143766],[136.104684,34.143408],[136.103534,34.142758],[136.102759,34.142441],[136.102409,34.142241],[136.102147,34.141875],[136.101934,34.141541],[136.101909,34.141158],[136.102059,34.14075],[136.102322,34.14035],[136.103309,34.1394],[136.103484,34.13895],[136.103434,34.1385],[136.103309,34.138025],[136.102897,34.137175],[136.103047,34.137059],[136.103309,34.137017],[136.103659,34.137017],[136.104096,34.137084],[136.104421,34.137084],[136.104484,34.136967],[136.104484,34.136792],[136.104396,34.136475],[136.105146,34.134401],[136.105359,34.133951],[136.105709,34.133593],[136.106059,34.133318],[136.106296,34.133009],[136.106584,34.131701],[136.106759,34.131159],[136.107046,34.13066],[136.107434,34.130193],[136.107759,34.129851],[136.108246,34.12956],[136.108284,34.129376],[136.108159,34.12886],[136.108009,34.128435],[136.107959,34.128093],[136.108046,34.127785],[136.108421,34.127018],[136.108484,34.12681],[136.107984,34.126427],[136.107596,34.126068],[136.107271,34.125668],[136.107121,34.125352],[136.107034,34.124652],[136.106822,34.12436],[136.106272,34.124269],[136.105909,34.124135],[136.105497,34.123935],[136.105322,34.123752],[136.105147,34.123277],[136.104997,34.123077],[136.104759,34.122985],[136.104147,34.122877],[136.103472,34.122627],[136.102884,34.122519],[136.102322,34.122469],[136.101797,34.122335],[136.10106,34.121935],[136.100585,34.121486],[136.09996,34.120627],[136.099697,34.120536],[136.099672,34.120469],[136.099697,34.120202],[136.099847,34.119752],[136.099785,34.119502],[136.099547,34.119302],[136.099397,34.119094],[136.099372,34.118852],[136.099572,34.118628],[136.10016,34.118336],[136.10031,34.118194],[136.100372,34.117994],[136.100285,34.117678],[136.100097,34.117319],[136.100072,34.117003],[136.10016,34.116961],[136.100635,34.116936],[136.10081,34.116961],[136.101247,34.116936],[136.101572,34.116844],[136.101722,34.116686],[136.101622,34.116236],[136.101835,34.115945],[136.102422,34.115695],[136.10286,34.115445],[136.10321,34.115295],[136.103647,34.115311],[136.103972,34.115286],[136.104122,34.115153],[136.104235,34.114728],[136.104535,34.114162],[136.104435,34.113378],[136.10456,34.112878],[136.105135,34.111354],[136.105085,34.111145],[136.10511,34.111079],[136.105347,34.110879],[136.105485,34.11067],[136.105522,34.110245],[136.105722,34.109687],[136.105547,34.109345],[136.10516,34.109079],[136.10451,34.10887],[136.10411,34.108787],[136.103985,34.108604],[136.103897,34.107862],[136.10381,34.107704],[136.103947,34.107187],[136.10401,34.106687],[136.104122,34.106262],[136.104385,34.105879],[136.10486,34.105429],[136.105497,34.104888],[136.105647,34.104729],[136.10606,34.104504],[136.106447,34.104146],[136.106497,34.104029],[136.106822,34.103896],[136.107435,34.103554],[136.107822,34.103313],[136.107935,34.103196],[136.10776,34.10288],[136.106522,34.101755],[136.105997,34.101221],[136.10546,34.100813],[136.10526,34.100705],[136.104872,34.100272],[136.10461,34.10003],[136.104135,34.099913],[136.10381,34.099622],[136.103547,34.099213],[136.103373,34.098747],[136.103398,34.098405],[136.10366,34.097955],[136.10386,34.097689],[136.10381,34.097414],[136.10351,34.097239],[136.103423,34.097214],[136.102985,34.096672],[136.102573,34.09643],[136.102248,34.096289],[136.10221,34.096155],[136.103385,34.095614],[136.103623,34.095389],[136.103648,34.09528],[136.103623,34.094914],[136.103298,34.094672],[136.10321,34.094464],[136.10336,34.094356],[136.103948,34.094172],[136.10421,34.093772],[136.104497,34.093564],[136.105672,34.093314],[136.105935,34.093206],[136.106285,34.092772],[136.106985,34.091289],[136.107222,34.091181],[136.107872,34.091248],[136.108047,34.091173],[136.10831,34.090789],[136.10861,34.090481],[136.108835,34.090365],[136.109185,34.09014],[136.109422,34.089823],[136.109685,34.089331],[136.109984,34.088881],[136.111122,34.088315],[136.111534,34.088048],[136.111859,34.087907],[136.112447,34.087073],[136.112772,34.08674],[136.112797,34.086665],[136.113109,34.086365],[136.113872,34.086174],[136.114197,34.086007],[136.114484,34.085649],[136.115171,34.085207],[136.115796,34.084807],[136.116646,34.084499],[136.116909,34.084349],[136.117346,34.083116],[136.117496,34.082899],[136.117671,34.082741],[136.118184,34.082582],[136.118471,34.082391],[136.118521,34.082324],[136.117496,34.082132],[136.116559,34.082007],[136.115771,34.081824],[136.115484,34.082041],[136.115096,34.082241],[136.114659,34.082466],[136.114359,34.082532],[136.113996,34.082466],[136.113634,34.082441],[136.113309,34.082532],[136.112872,34.082557],[136.112672,34.082507],[136.112534,34.082507],[136.112184,34.082441],[136.111884,34.082307],[136.111709,34.082349],[136.111322,34.082582],[136.110784,34.082824],[136.110209,34.083032],[136.108934,34.083324],[136.108309,34.083707],[136.107922,34.08359],[136.107672,34.08364],[136.10696,34.083657],[136.106685,34.083699],[136.106522,34.08374],[136.106235,34.083832],[136.10591,34.083973],[136.105635,34.084065],[136.105372,34.084115],[136.104647,34.084065],[136.104097,34.084065],[136.103135,34.084207],[136.102472,34.084407],[136.102047,34.084723],[136.101635,34.085173],[136.10091,34.085731],[136.09981,34.086456],[136.09951,34.086614],[136.099123,34.086656],[136.09886,34.086656],[136.098523,34.086589],[136.098273,34.086664],[136.09831,34.086681],[136.098223,34.086773],[136.098048,34.086864],[136.09781,34.086864],[136.097598,34.086798],[136.097398,34.086706],[136.097423,34.086664],[136.09641,34.086598],[136.095973,34.086598],[136.095885,34.086556],[136.095173,34.085739],[136.094348,34.085023],[136.094261,34.084998],[136.094123,34.084815],[136.094098,34.08444],[136.094011,34.08424],[136.093673,34.083923],[136.093073,34.083015],[136.093048,34.082723],[136.093548,34.081957],[136.094698,34.080723],[136.095161,34.080182],[136.096035,34.079457],[136.096335,34.079215],[136.096523,34.07874],[136.096685,34.077491],[136.096698,34.076482],[136.096423,34.076132],[136.096123,34.076066],[136.095535,34.076041],[136.095348,34.075791],[136.094711,34.075249],[136.094661,34.074866],[136.094661,34.074508],[136.094598,34.074216],[136.094523,34.074099],[136.094273,34.073899],[136.094186,34.073625],[136.094098,34.0728],[136.093961,34.072325],[136.094023,34.071966],[136.094323,34.071242],[136.094523,34.070883],[136.094573,34.070658],[136.094486,34.070133],[136.094511,34.069775],[136.094373,34.069683],[136.094023,34.0693],[136.093961,34.069192],[136.093986,34.06885],[136.094123,34.068359],[136.094048,34.067867],[136.093786,34.06705],[136.093136,34.066109],[136.093036,34.065967],[136.093223,34.065709],[136.093811,34.065392],[136.094123,34.064809],[136.094148,34.064351],[136.094861,34.063501],[136.094486,34.063184],[136.094436,34.062984],[136.094586,34.062568],[136.09511,34.062034],[136.095498,34.061276],[136.095973,34.060401],[136.096198,34.059976],[136.09661,34.05936],[136.096923,34.05851],[136.096973,34.057935],[136.096885,34.057435],[136.096298,34.05626],[136.096286,34.055552],[136.095761,34.05511],[136.095473,34.054644],[136.094936,34.05341],[136.094498,34.053052],[136.094348,34.052319],[136.093673,34.051127],[136.093111,34.050269],[136.092836,34.049886],[136.092324,34.049294],[136.091936,34.048853],[136.091899,34.048419],[136.092286,34.048169],[136.092786,34.047944],[136.093336,34.047769],[136.093824,34.047645],[136.094236,34.04752],[136.094861,34.046928],[136.095449,34.04657],[136.096236,34.04582],[136.096598,34.045562],[136.097961,34.044745],[136.098136,34.044428],[136.098411,34.043645],[136.098686,34.042195],[136.098948,34.041654],[136.099098,34.041479],[136.099311,34.041045],[136.099473,34.04062],[136.099748,34.040304],[136.100198,34.039962],[136.100636,34.039696],[136.101148,34.039496],[136.101286,34.039379],[136.101348,34.039196],[136.101348,34.038796],[136.101261,34.038321],[136.101036,34.037621],[136.100973,34.037296],[136.101086,34.037012],[136.101498,34.036546],[136.101661,34.036179],[136.10256,34.035138],[136.102685,34.034854],[136.102385,34.033554],[136.10236,34.032855],[136.10271,34.031113],[136.10301,34.030263],[136.10321,34.029963],[136.103448,34.02958],[136.103685,34.029197],[136.10386,34.02893],[136.104023,34.028672],[136.104248,34.028347],[136.10436,34.028155],[136.104498,34.02773],[136.104485,34.027472],[136.104485,34.02718],[136.104435,34.02658],[136.10451,34.026072],[136.104423,34.025655],[136.104323,34.025489],[136.104198,34.025455],[136.10391,34.02548],[136.103623,34.025697],[136.10331,34.025855],[136.102973,34.025897],[136.102285,34.025738],[136.101598,34.025788],[136.101386,34.025763],[136.101336,34.025672],[136.101223,34.024822],[136.101036,34.024489],[136.100873,34.024347],[136.100573,34.024089],[136.100186,34.023755],[136.100061,34.023672],[136.099323,34.023822],[136.098448,34.023905],[136.097698,34.023805],[136.097548,34.02368],[136.097673,34.023305],[136.097498,34.023189],[136.097373,34.023089],[136.097161,34.023039],[136.097023,34.02293],[136.097173,34.022689],[136.097198,34.022605],[136.097048,34.022439],[136.096611,34.022255],[136.096174,34.022322],[136.095661,34.022614],[136.095174,34.022655],[136.094149,34.02303],[136.093511,34.023263],[136.093086,34.023513],[136.092561,34.02428],[136.092186,34.024747],[136.091674,34.025171],[136.091286,34.025355],[136.090511,34.02548],[136.090274,34.025605],[136.090186,34.025805],[136.089924,34.025963],[136.089474,34.02593],[136.089186,34.025896],[136.088874,34.025946],[136.088749,34.026021],[136.088687,34.026221],[136.088837,34.026663],[136.088899,34.02693],[136.088861,34.027071],[136.088674,34.027138],[136.087912,34.026996],[136.087549,34.027021],[136.087249,34.02718],[136.087162,34.027238],[136.086999,34.027454],[136.086949,34.027663],[136.087112,34.028054],[136.087212,34.028288],[136.087174,34.028496],[136.086774,34.028754],[136.086174,34.029004],[136.085574,34.029021],[136.084162,34.028679],[136.083899,34.028613],[136.083599,34.028546],[136.083324,34.028496],[136.083049,34.028271],[136.082849,34.027913],[136.082487,34.027838],[136.082337,34.027838],[136.081949,34.028246],[136.081699,34.028388],[136.081387,34.028454],[136.081162,34.028629],[136.0811,34.028846],[136.081512,34.029246],[136.082099,34.029604],[136.082137,34.029721],[136.081824,34.029804],[136.081487,34.029837],[136.081075,34.029762],[136.080587,34.029837],[136.0801,34.030029],[136.079975,34.030004],[136.079775,34.029529],[136.079687,34.028979],[136.079625,34.028837],[136.079462,34.028737],[136.079112,34.028721],[136.078787,34.028771],[136.0786,34.028946],[136.078587,34.029604],[136.078737,34.030962],[136.07865,34.031229],[136.07845,34.031279],[136.077887,34.030987],[136.0773,34.030912],[136.077062,34.030962],[136.076775,34.031087],[136.076637,34.031212],[136.07665,34.031945],[136.0765,34.032187],[136.076362,34.032312],[136.075462,34.032254],[136.074862,34.032554],[136.074338,34.032687],[136.0737,34.032637],[136.073563,34.032704],[136.073538,34.032945],[136.0735,34.033445],[136.073438,34.033629],[136.073338,34.033912],[136.073175,34.034087],[136.07255,34.034203],[136.0717,34.034178],[136.0712,34.034178],[136.070813,34.034153],[136.070338,34.034095],[136.069975,34.03397],[136.06895,34.033978],[136.068425,34.03377],[136.067988,34.03362],[136.067563,34.034003],[136.067338,34.034153],[136.066901,34.034287],[136.066576,34.034328],[136.066301,34.034262],[136.066013,34.034028],[136.065801,34.033912],[136.064601,34.033853],[136.064313,34.033812],[136.064001,34.033387],[136.063701,34.03297],[136.063301,34.032653],[136.062976,34.032562],[136.062526,34.032562],[136.062138,34.032712],[136.061489,34.033478],[136.061351,34.033603],[136.061126,34.033603],[136.060626,34.033553],[136.060039,34.03367],[136.059876,34.033762],[136.059651,34.033886],[136.059301,34.034103],[136.058714,34.034411],[136.058476,34.034503],[136.057501,34.034536],[136.056476,34.03462],[136.055964,34.03472],[136.055402,34.035086],[136.054602,34.035445],[136.054252,34.035378],[136.054027,34.035295],[136.053664,34.034911],[136.053564,34.034536],[136.053589,34.034161],[136.053739,34.033853],[136.053864,34.033611],[136.053789,34.033253],[136.053152,34.032128],[136.053002,34.032028],[136.052464,34.031962],[136.052202,34.032012],[136.052064,34.032045],[136.051752,34.032203],[136.05129,34.032653],[136.050977,34.033045],[136.050527,34.033361],[136.049877,34.033478],[136.04949,34.033553],[136.048252,34.034128],[136.047552,34.034311],[136.046527,34.034711],[136.045178,34.035036],[136.04414,34.035428],[136.043915,34.035594],[136.043728,34.035828],[136.043553,34.036469],[136.043365,34.037628],[136.043428,34.037903],[136.043653,34.038203],[136.043915,34.038427],[136.044077,34.038686],[136.04414,34.038861],[136.044252,34.039627],[136.044165,34.040119],[136.043915,34.040569],[136.043715,34.040686],[136.04334,34.040711],[136.042815,34.040569],[136.04224,34.040486],[136.041803,34.040219],[136.041353,34.039861],[136.041203,34.039502],[136.041078,34.038736],[136.041203,34.038161],[136.04119,34.037503],[136.041165,34.037036],[136.04084,34.036694],[136.040553,34.036469],[136.04014,34.036386],[136.039728,34.036386],[136.039353,34.036453],[136.039066,34.036561],[136.038478,34.036994],[136.037966,34.037478],[136.037628,34.037969],[136.037703,34.038277],[136.037966,34.039652],[136.038003,34.040486],[136.03784,34.040869],[136.037653,34.041002],[136.037366,34.040869],[136.036466,34.039677],[136.036103,34.039386],[136.035691,34.038777],[136.035141,34.037827],[136.034429,34.036836],[136.033254,34.034811],[136.032616,34.033819],[136.032354,34.033328],[136.032116,34.032653],[136.031892,34.032178],[136.031704,34.031903],[136.031679,34.03177],[136.031242,34.031953],[136.029779,34.032403],[136.028192,34.032653],[136.027692,34.032769],[136.027367,34.032944],[136.027142,34.033194],[136.026979,34.033536],[136.026404,34.034053],[136.026242,34.034278],[136.025992,34.034394],[136.025604,34.034461],[136.025329,34.034569],[136.025029,34.034819],[136.024942,34.035044],[136.024667,34.035369],[136.024292,34.035644],[136.024055,34.035727],[136.023955,34.035769],[136.02373,34.035894],[136.02333,34.036127],[136.02293,34.036369],[136.022255,34.036452],[136.021342,34.036627],[136.020555,34.036677],[136.020005,34.036694],[136.019705,34.036677],[136.019455,34.036519],[136.01898,34.036019],[136.018655,34.035861],[136.018292,34.035802],[136.018217,34.035752],[136.018155,34.035594],[136.018105,34.034986],[136.017943,34.034736],[136.017693,34.034586],[136.017505,34.034402],[136.017393,34.034111],[136.017118,34.033744],[136.016943,34.033411],[136.016893,34.033028],[136.01698,34.032553],[136.017143,34.031919],[136.017205,34.031561],[136.017118,34.031353],[136.016868,34.031111],[136.016755,34.030861],[136.016705,34.029528],[136.016543,34.028695],[136.016505,34.028361],[136.01638,34.028153],[136.015655,34.02782],[136.015493,34.027636],[136.01533,34.026286],[136.015018,34.024995],[136.014893,34.024678],[136.01463,34.024361],[136.014343,34.024186],[136.013868,34.024028],[136.013593,34.023736],[136.013568,34.023211],[136.013368,34.022995],[136.013043,34.022812],[136.012443,34.022653],[136.012168,34.022545],[136.011618,34.021937],[136.011005,34.021345],[136.010681,34.021103],[136.010156,34.021012],[136.009256,34.020987],[136.008868,34.020878],[136.008618,34.020578],[136.008456,34.020312],[136.008206,34.020137],[136.007656,34.02002],[136.007468,34.019887],[136.007431,34.01957],[136.007468,34.019212],[136.007606,34.018962],[136.007793,34.01877],[136.007906,34.018595],[136.007818,34.018353],[136.007381,34.01797],[136.007156,34.017562],[136.007056,34.01707],[136.006918,34.016662],[136.006581,34.01587],[136.006556,34.015354],[136.006281,34.014837],[136.006143,34.014679],[136.005681,34.014387],[136.004668,34.014046],[136.003868,34.013637],[136.003756,34.013554],[136.003618,34.013279],[136.003593,34.012937],[136.003668,34.012171],[136.003781,34.011771],[136.003806,34.011362],[136.003781,34.010554],[136.003568,34.009788],[136.003206,34.008404],[136.002819,34.007479],[136.002544,34.00703],[136.002194,34.006671],[136.001306,34.006038],[136.001169,34.005971],[136.000894,34.00593],[136.000481,34.005996],[136.000044,34.00613],[135.998869,34.006146],[135.998269,34.006046],[135.997544,34.005663],[135.997381,34.005505],[135.997169,34.005385],[135.996831,34.00533],[135.996494,34.005338],[135.996107,34.005296],[135.995869,34.005188],[135.995394,34.005155],[135.994457,34.005213],[135.994007,34.00518],[135.993632,34.005096],[135.993319,34.004921],[135.993019,34.004605],[135.992694,34.004338],[135.992294,34.004096],[135.991844,34.003955],[135.990995,34.00378],[135.99077,34.003688],[135.990557,34.003338],[135.990132,34.00283],[135.989482,34.002346],[135.989407,34.002238],[135.98947,34.001471],[135.989357,34.00073],[135.988932,34.000388],[135.988795,34.000138],[135.988795,33.999597],[135.988857,33.99858],[135.988695,33.998222],[135.987908,33.997697],[135.98667,33.996705],[135.98567,33.99568],[135.984858,33.994797],[135.984808,33.99408],[135.985145,33.993289],[135.98522,33.992839],[135.98517,33.992347],[135.984983,33.991897],[135.984471,33.991555],[135.983746,33.991439],[135.982746,33.991339],[135.982258,33.990955],[135.981871,33.990797],[135.980871,33.990705],[135.979871,33.990739],[135.979658,33.990697],[135.979009,33.990464],[135.978384,33.989964],[135.977821,33.989806],[135.977271,33.989714],[135.976896,33.989306],[135.976446,33.988697],[135.976146,33.988064],[135.975884,33.986822],[135.975771,33.986689],[135.975046,33.986231],[135.974346,33.985981],[135.973422,33.985839],[135.972334,33.985723],[135.971497,33.985789],[135.970684,33.985939],[135.969522,33.986023],[135.968734,33.985998],[135.96516,33.985506],[135.964435,33.985439],[135.963647,33.985298],[135.96251,33.984681],[135.961935,33.984523],[135.961373,33.984656],[135.96096,33.984589],[135.960398,33.984131],[135.95991,33.983656],[135.958898,33.982281],[135.958085,33.981556],[135.957273,33.981206],[135.956386,33.980931],[135.953886,33.980382],[135.953648,33.980448],[135.953161,33.98094],[135.952473,33.981031],[135.951374,33.980981],[135.950474,33.980773],[135.949036,33.98079],[135.947899,33.980756],[135.946762,33.980215],[135.946224,33.979732],[135.945412,33.979415],[135.945062,33.979057],[135.944824,33.978307],[135.944587,33.97804],[135.944049,33.977674],[135.943937,33.97754],[135.943999,33.976865],[135.943674,33.976415],[135.942187,33.976024],[135.941725,33.975682],[135.941562,33.975315],[135.941125,33.975699],[135.940912,33.975949],[135.9408,33.97649],[135.940312,33.977115],[135.93985,33.977474],[135.939762,33.977699],[135.939837,33.978107],[135.94035,33.979298],[135.9404,33.979865],[135.940375,33.980023],[135.94015,33.980423],[135.939262,33.980806],[135.93885,33.98094],[135.938062,33.981023],[135.9359,33.980407],[135.934925,33.980223],[135.9345,33.980173],[135.9333,33.980256],[135.931301,33.980673],[135.930376,33.980581],[135.929451,33.980415],[135.928664,33.980481],[135.927914,33.980815],[135.927201,33.981215],[135.926089,33.981323],[135.925689,33.98094],[135.925339,33.980198],[135.924964,33.979581],[135.923914,33.978881],[135.922014,33.97849],[135.921527,33.97799],[135.920639,33.977198],[135.919965,33.976673],[135.919277,33.975323],[135.918577,33.97484],[135.917577,33.974232],[135.91684,33.97369],[135.916627,33.973457],[135.915815,33.972824],[135.91569,33.972624],[135.915477,33.972174],[135.915178,33.971715],[135.915103,33.971199],[135.915378,33.970257],[135.915403,33.969849],[135.915328,33.969691],[135.915303,33.969307],[135.915465,33.968832],[135.915965,33.967799],[135.915428,33.967074],[135.915315,33.966624],[135.914965,33.966133],[135.914428,33.965724],[135.91359,33.965316],[135.912703,33.964474],[135.912265,33.964199],[135.911453,33.964199],[135.910703,33.964399],[135.910053,33.964374],[135.908266,33.963958],[135.907503,33.963641],[135.906891,33.963299],[135.906541,33.962999],[135.906516,33.962866],[135.906816,33.962641],[135.906916,33.962466],[135.906591,33.962075],[135.906554,33.961158],[135.906791,33.96075],[135.906879,33.960233],[135.906879,33.959983],[135.906704,33.9589],[135.906679,33.958408],[135.906541,33.9582],[135.906429,33.9582],[135.906029,33.958],[135.905866,33.9575],[135.905416,33.9568],[135.904904,33.956142],[135.904554,33.9556],[135.903904,33.9554],[135.903179,33.955059],[135.902529,33.954492],[135.902229,33.954151],[135.901942,33.953901],[135.901667,33.953942],[135.901317,33.954051],[135.900479,33.953959],[135.898904,33.953951],[135.898042,33.953884],[135.897817,33.954084],[135.897417,33.954326],[135.897054,33.954234],[135.896979,33.954167],[135.896954,33.953717],[135.897042,33.953267],[135.897154,33.952976],[135.897129,33.952684],[135.896829,33.952384],[135.896154,33.952184],[135.895717,33.951884],[135.895205,33.951434],[135.89483,33.951184],[135.894667,33.950826],[135.894405,33.950484],[135.893617,33.950168],[135.893492,33.949643],[135.893592,33.949376],[135.89398,33.949151],[135.894605,33.949268],[135.894742,33.949201],[135.89458,33.94891],[135.894492,33.948526],[135.893792,33.948226],[135.893605,33.948068],[135.893392,33.947618],[135.893342,33.947118],[135.892692,33.946468],[135.89243,33.946085],[135.892355,33.945627],[135.89243,33.945268],[135.89263,33.945068],[135.893005,33.944777],[135.893117,33.944552],[135.893067,33.944102],[135.893092,33.943385],[135.893067,33.942977],[135.89253,33.942277],[135.892405,33.941869],[135.892542,33.941394],[135.892542,33.940969],[135.892592,33.940836],[135.893442,33.939894],[135.893467,33.939802],[135.89288,33.939078],[135.893067,33.938786],[135.89318,33.938719],[135.893717,33.938744],[135.89413,33.938494],[135.89418,33.938411],[135.894505,33.938294],[135.894592,33.938228],[135.894542,33.937936],[135.89468,33.937444],[135.894767,33.93632],[135.895092,33.93627],[135.89533,33.936203],[135.895505,33.935961],[135.895367,33.93562],[135.895642,33.935378],[135.896342,33.935087],[135.896754,33.934978],[135.896854,33.934912],[135.896967,33.934437],[135.897754,33.934145],[135.897917,33.934012],[135.898092,33.933337],[135.898154,33.93237],[135.898479,33.930729],[135.898379,33.93027],[135.898242,33.929979],[135.898654,33.929012],[135.898442,33.928787],[135.898229,33.928429],[135.898429,33.927529],[135.898292,33.926988],[135.898379,33.926579],[135.898917,33.925904],[135.898979,33.925388],[135.899254,33.925071],[135.900067,33.924671],[135.901342,33.924496],[135.902129,33.924305],[135.902529,33.924121],[135.902754,33.92408],[135.903066,33.924263],[135.903579,33.924755],[135.904254,33.925321],[135.904666,33.925554],[135.904716,33.925554],[135.906804,33.924371],[135.908079,33.923721],[135.908791,33.923296],[135.909766,33.92258],[135.909828,33.922488],[135.909878,33.922155],[135.909591,33.921588],[135.909478,33.921455],[135.909341,33.920888],[135.909291,33.92008],[135.909353,33.920014],[135.909266,33.91998],[135.909291,33.919705],[135.908991,33.918522],[135.908128,33.918722],[135.906004,33.919339],[135.904616,33.919964],[135.904591,33.920014],[135.904404,33.920163],[135.903254,33.920838],[135.902929,33.920972],[135.902141,33.921188],[135.900742,33.921113],[135.900029,33.921313],[135.899817,33.921405],[135.899004,33.921605],[135.897867,33.921597],[135.896679,33.921455],[135.89508,33.921047],[135.894517,33.920772],[135.893705,33.920047],[135.89368,33.920014],[135.893817,33.919364],[135.894205,33.918505],[135.894655,33.917839],[135.895117,33.917389],[135.895717,33.917006],[135.896117,33.916606],[135.896604,33.916022],[135.897017,33.915372],[135.897554,33.914231],[135.897692,33.913873],[135.897779,33.913148],[135.897804,33.912298],[135.897592,33.91059],[135.897379,33.909581],[135.896892,33.908457],[135.896217,33.907382],[135.89528,33.906457],[135.894555,33.906165],[135.893442,33.906165],[135.891143,33.906423],[135.88883,33.906782],[135.888318,33.90689],[135.887155,33.907048],[135.886131,33.906957],[135.885231,33.906948],[135.884393,33.907107],[135.882668,33.907623],[135.882318,33.907757],[135.881806,33.908115],[135.881456,33.908715],[135.881131,33.90919],[135.880806,33.909273],[135.880956,33.909973],[135.881018,33.910373],[135.881343,33.910848],[135.881331,33.911323],[135.881118,33.911498],[135.880693,33.911631],[135.880443,33.911989],[135.880169,33.912531],[135.880069,33.912998],[135.880706,33.913881],[135.881193,33.914239],[135.881843,33.914556],[135.882143,33.914981],[135.882006,33.915339],[135.881568,33.915722],[135.881493,33.915739],[135.881168,33.916189],[135.881031,33.916614],[135.880781,33.917114],[135.880593,33.917622],[135.880293,33.917872],[135.880056,33.917914],[135.879056,33.917955],[135.878519,33.917822],[135.877406,33.917264],[135.877144,33.917214],[135.876731,33.918022],[135.876594,33.91813],[135.875944,33.918197],[135.874332,33.918239],[135.873982,33.918355],[135.873244,33.918755],[135.872169,33.919231],[135.871994,33.919247],[135.871694,33.919338],[135.871482,33.919363],[135.871157,33.919497],[135.870669,33.919588],[135.869969,33.919797],[135.869782,33.919797],[135.868945,33.920013],[135.868782,33.920155],[135.868057,33.920447],[135.867595,33.920538],[135.867057,33.920747],[135.866657,33.921038],[135.866432,33.921288],[135.866332,33.921513],[135.865845,33.922138],[135.865707,33.922138],[135.865657,33.92183],[135.86557,33.921555],[135.865382,33.920588],[135.865407,33.920413],[135.865457,33.920138],[135.865432,33.920013],[135.865645,33.919963],[135.866257,33.918888],[135.866582,33.918188],[135.86687,33.917714],[135.86712,33.917155],[135.86722,33.916655],[135.867157,33.91648],[135.867182,33.916189],[135.867595,33.916072],[135.868045,33.915847],[135.868457,33.915214],[135.868695,33.914939],[135.868932,33.914581],[135.869007,33.914314],[135.868845,33.914064],[135.868332,33.913689],[135.868007,33.913372],[135.867945,33.913281],[135.866995,33.912456],[135.86612,33.911539],[135.865695,33.911156],[135.865332,33.910706],[135.865083,33.910256],[135.864895,33.909514],[135.864708,33.909206],[135.863808,33.908398],[135.86337,33.908065],[135.863183,33.907681],[135.863395,33.907481],[135.86342,33.907031],[135.863133,33.906065],[135.863108,33.905481],[135.86292,33.905048],[135.862533,33.904848],[135.862045,33.904698],[135.86142,33.904582],[135.861045,33.904315],[135.860721,33.903915],[135.860171,33.903357],[135.859821,33.903132],[135.859408,33.902498],[135.859183,33.902073],[135.858921,33.90174],[135.858746,33.901223],[135.858833,33.900907],[135.859308,33.900657],[135.859633,33.900457],[135.859683,33.900365],[135.859683,33.899982],[135.859771,33.899599],[135.860033,33.899282],[135.860108,33.898882],[135.859833,33.89859],[135.859433,33.898274],[135.858533,33.897224],[135.858471,33.896749],[135.858546,33.895941],[135.858933,33.893941],[135.859496,33.892499],[135.860033,33.891824],[135.860383,33.891458],[135.860346,33.891166],[135.859833,33.889866],[135.859796,33.889391],[135.859896,33.888741],[135.860296,33.888],[135.861108,33.887142],[135.861246,33.8871],[135.861508,33.887183],[135.861946,33.887633],[135.862358,33.8879],[135.86292,33.888217],[135.863083,33.88835],[135.864258,33.888908],[135.864395,33.889017],[135.86482,33.88915],[135.865633,33.8889],[135.866358,33.888742],[135.867007,33.888692],[135.868282,33.888758],[135.868845,33.888917],[135.869145,33.888958],[135.869982,33.888708],[135.871095,33.888592],[135.871682,33.888608],[135.871995,33.887192],[135.872181,33.886739],[135.872269,33.886675],[135.872994,33.885934],[135.873432,33.885417],[135.874157,33.884842],[135.874407,33.884326],[135.874732,33.883917],[135.875082,33.883876],[135.876019,33.884084],[135.876857,33.884192],[135.877969,33.884126],[135.878206,33.884042],[135.878506,33.883843],[135.878806,33.883368],[135.879106,33.883143],[135.879294,33.883126],[135.879731,33.882968],[135.880344,33.882384],[135.880706,33.881759],[135.881381,33.881151],[135.881669,33.88066],[135.881919,33.879985],[135.882381,33.879335],[135.882619,33.87891],[135.882619,33.878818],[135.882056,33.878593],[135.881919,33.878485],[135.881706,33.877968],[135.881306,33.87736],[135.881119,33.876552],[135.880931,33.876035],[135.880419,33.875718],[135.880044,33.875535],[135.878444,33.874969],[135.878282,33.874544],[135.878282,33.87441],[135.878094,33.874227],[135.877507,33.873852],[135.876994,33.873644],[135.876532,33.87371],[135.876394,33.873685],[135.876019,33.873394],[135.875407,33.873127],[135.874857,33.872969],[135.874757,33.872902],[135.874544,33.872427],[135.874107,33.870811],[135.874032,33.870627],[135.873682,33.870452],[135.873332,33.870427],[135.873244,33.870311],[135.873169,33.869936],[135.873119,33.869211],[135.872844,33.868627],[135.872744,33.868177],[135.872819,33.867844],[135.873007,33.867644],[135.873657,33.866719],[135.873957,33.866186],[135.873769,33.865919],[135.873632,33.865828],[135.873469,33.865511],[135.873907,33.864211],[135.874482,33.86262],[135.874732,33.861587],[135.874407,33.861537],[135.873107,33.861287],[135.873057,33.861203],[135.872969,33.86082],[135.873032,33.859962],[135.873007,33.859179],[135.872944,33.85907],[135.872244,33.859045],[135.87218,33.858951],[135.871894,33.858962],[135.871219,33.85912],[135.870707,33.85937],[135.870282,33.859437],[135.869682,33.85982],[135.869207,33.859987],[135.868745,33.860028],[135.868045,33.859945],[135.867207,33.859945],[135.866795,33.860062],[135.866257,33.860462],[135.865645,33.860695],[135.865157,33.86092],[135.864082,33.86207],[135.863683,33.86227],[135.862595,33.86257],[135.862145,33.862728],[135.862008,33.86282],[135.86137,33.864236],[135.861208,33.864436],[135.860758,33.865653],[135.860845,33.866061],[135.86177,33.867202],[135.861908,33.867586],[135.861733,33.869652],[135.862033,33.870369],[135.862195,33.870619],[135.86217,33.871269],[135.861883,33.872285],[135.861858,33.872802],[135.862108,33.873768],[135.862158,33.87536],[135.862083,33.876526],[135.86202,33.876551],[135.861895,33.87646],[135.861458,33.876285],[135.860595,33.87631],[135.860408,33.876285],[135.859833,33.875976],[135.859233,33.875576],[135.858908,33.875235],[135.858421,33.87461],[135.858196,33.874093],[135.857946,33.873035],[135.857671,33.873243],[135.856608,33.874552],[135.856208,33.87491],[135.855771,33.875401],[135.854883,33.87606],[135.854458,33.876193],[135.853883,33.876443],[135.853534,33.876651],[135.853434,33.87676],[135.853109,33.877484],[135.852921,33.878043],[135.852721,33.879234],[135.852334,33.881217],[135.852221,33.881867],[135.852309,33.882142],[135.852521,33.882434],[135.853371,33.8827],[135.853559,33.882992],[135.853459,33.883775],[135.853484,33.884267],[135.854134,33.884675],[135.854334,33.8849],[135.854284,33.88595],[135.854446,33.88645],[135.854834,33.886758],[135.855159,33.8871],[135.855346,33.887525],[135.855384,33.8877],[135.855296,33.887725],[135.855159,33.887991],[135.855159,33.888066],[135.854734,33.888608],[135.854409,33.888833],[135.853896,33.889058],[135.853384,33.88935],[135.852471,33.889958],[135.852096,33.890458],[135.851946,33.891066],[135.851946,33.891691],[135.852171,33.892524],[135.852234,33.893066],[135.852171,33.893466],[135.851996,33.893849],[135.851559,33.894324],[135.851459,33.894324],[135.850909,33.894441],[135.850372,33.894441],[135.849747,33.894582],[135.849247,33.894899],[135.848297,33.895732],[135.847922,33.896207],[135.847472,33.896524],[135.847034,33.896657],[135.846472,33.896707],[135.845472,33.896532],[135.84466,33.896574],[135.844035,33.896649],[135.843385,33.896899],[135.842822,33.897057],[135.84226,33.897123],[135.841473,33.897148],[135.84006,33.896998],[135.83941,33.896823],[135.83871,33.896373],[135.838023,33.895765],[135.83751,33.895498],[135.837235,33.895457],[135.836536,33.895457],[135.835536,33.895773],[135.833948,33.89664],[135.833198,33.896932],[135.832548,33.89714],[135.831436,33.897232],[135.830636,33.897548],[135.829936,33.897982],[135.828586,33.899106],[135.828024,33.899515],[135.827624,33.899606],[135.826136,33.900173],[135.825299,33.900623],[135.823987,33.901264],[135.822849,33.901914],[135.822174,33.902323],[135.821474,33.902664],[135.820912,33.902981],[135.820212,33.903139],[135.819724,33.903164],[135.819162,33.903147],[135.819075,33.903122],[135.818975,33.903306],[135.817837,33.904406],[135.81725,33.905156],[135.816775,33.905489],[135.81655,33.905606],[135.814937,33.906147],[135.814525,33.90613],[135.813362,33.90593],[135.812687,33.905914],[135.811588,33.906005],[135.810613,33.905939],[135.810038,33.90603],[135.808613,33.906597],[135.808525,33.906605],[135.8079,33.906089],[135.807413,33.905839],[135.806975,33.90548],[135.805888,33.904406],[135.805463,33.904139],[135.805051,33.904006],[135.804813,33.903964],[135.804213,33.903781],[135.803751,33.903539],[135.803638,33.903497],[135.803288,33.903181],[135.803176,33.902914],[135.803151,33.902347],[135.803163,33.901223],[135.802813,33.900664],[135.802676,33.900148],[135.802363,33.897881],[135.801863,33.896215],[135.801638,33.895882],[135.801263,33.895948],[135.800526,33.895948],[135.800014,33.895907],[135.798714,33.895707],[135.797901,33.895648],[135.796876,33.895698],[135.796414,33.895582],[135.795502,33.895023],[135.794977,33.894873],[135.793764,33.894898],[135.793064,33.894873],[135.792689,33.89479],[135.791464,33.894298],[135.790602,33.894057],[135.790077,33.893807],[135.78964,33.893382],[135.789077,33.892999],[135.788102,33.89294],[135.787452,33.892782],[135.786265,33.892607],[135.785453,33.892457],[135.784828,33.892115],[135.784278,33.891915],[135.783853,33.891849],[135.783553,33.891632],[135.783465,33.891449],[135.78289,33.890666],[135.782428,33.890282],[135.78219,33.890149],[135.781565,33.889657],[135.780616,33.889124],[135.779253,33.888607],[135.778391,33.888474],[135.777928,33.888432],[135.777441,33.888324],[135.777366,33.888366],[135.776878,33.888457],[135.776228,33.888507],[135.776178,33.888549],[135.775603,33.888732],[135.774503,33.889457],[135.773566,33.890224],[135.773028,33.890474],[135.771966,33.89014],[135.771004,33.89044],[135.770266,33.890507],[135.769891,33.890782],[135.769379,33.890982],[135.768654,33.891007],[135.767816,33.89094],[135.767004,33.890965],[135.766454,33.890907],[135.765804,33.890707],[135.765154,33.890124],[135.764442,33.888932],[135.764254,33.88844],[135.764167,33.887782],[135.763892,33.887424],[135.763729,33.887407],[135.762867,33.887474],[135.762429,33.887566],[135.762029,33.887616],[135.761917,33.887657],[135.761329,33.887749],[135.761104,33.887749],[135.760779,33.88764],[135.760004,33.887266],[135.757642,33.885857],[135.756067,33.885182],[135.756005,33.885182],[135.75588,33.885249],[135.75523,33.885866],[135.754742,33.886224],[135.754667,33.886357],[135.75413,33.886949],[135.753567,33.887282],[135.75308,33.88749],[135.752705,33.887915],[135.752467,33.888257],[135.75233,33.888748],[135.752092,33.889315],[135.751955,33.889582],[135.75158,33.889515],[135.751305,33.889432],[135.74993,33.888757],[135.748843,33.888265],[135.748293,33.887615],[135.748055,33.887932],[135.747305,33.888432],[135.747193,33.88847],[135.746943,33.888548],[135.746868,33.888548],[135.746843,33.888748],[135.746693,33.888932],[135.746368,33.889015],[135.745968,33.889057],[135.745618,33.889032],[135.745443,33.889057],[135.745318,33.889281],[135.745256,33.889598],[135.744856,33.890498],[135.744756,33.890606],[135.744368,33.890631],[135.743906,33.890331],[135.742906,33.890056],[135.742231,33.889756],[135.742043,33.889956],[135.742168,33.890365],[135.741893,33.890565],[135.741793,33.890631],[135.741543,33.890856],[135.740831,33.891056],[135.740556,33.891256],[135.740531,33.891364],[135.740856,33.892248],[135.740594,33.892606],[135.740269,33.892806],[135.739944,33.892964],[135.739344,33.893114],[135.738994,33.893272],[135.738906,33.893881],[135.738756,33.894239],[135.738806,33.894556],[135.738781,33.894714],[135.738669,33.894756],[135.738456,33.894622],[135.738019,33.894556],[135.737444,33.894731],[135.737269,33.894772],[135.736919,33.894681],[135.736694,33.894272],[135.736619,33.894222],[135.736169,33.894156],[135.736019,33.894406],[135.735282,33.89528],[135.735157,33.89568],[135.734932,33.89593],[135.734782,33.895997],[135.734057,33.895789],[135.733907,33.895722],[135.733532,33.895739],[135.733132,33.895822],[135.73267,33.896047],[135.73222,33.89638],[135.732195,33.896497],[135.731632,33.89748],[135.731257,33.898313],[135.73102,33.898946],[135.730657,33.89978],[135.730432,33.900071],[135.730283,33.90018],[135.729383,33.90038],[135.72897,33.900738],[135.72882,33.900938],[135.728395,33.901296],[135.727745,33.901563],[135.727033,33.901988],[135.726908,33.902096],[135.726033,33.902471],[135.725446,33.902737],[135.724046,33.903229],[135.723696,33.903296],[135.723596,33.903287],[135.722746,33.902679],[135.722521,33.902362],[135.722296,33.902287],[135.722171,33.902287],[135.721821,33.902396],[135.721346,33.902646],[135.720359,33.902704],[135.719934,33.902704],[135.719259,33.902787],[135.718859,33.902987],[135.718509,33.903054],[135.716834,33.902729],[135.715397,33.902804],[135.714797,33.902712],[135.713772,33.90257],[135.713122,33.902587],[135.712697,33.902787],[135.712622,33.902787],[135.712297,33.902895],[135.711835,33.903004],[135.711635,33.903095],[135.710685,33.903745],[135.710522,33.903879],[135.710022,33.90417],[135.709472,33.904295],[135.708148,33.904245],[135.707273,33.904303],[135.70651,33.904387],[135.70631,33.90437],[135.705935,33.904203],[135.705448,33.903845],[135.704873,33.903612],[135.70441,33.903587],[135.704135,33.903587],[135.703535,33.90367],[135.701686,33.903745],[135.700511,33.903695],[135.700061,33.903554],[135.699511,33.903529],[135.699273,33.903595],[135.699248,33.90357],[135.698798,33.903637],[135.697798,33.903587],[135.697124,33.903487],[135.696599,33.903462],[135.696174,33.903554],[135.695824,33.90357],[135.694624,33.90352],[135.693486,33.903537],[135.692511,33.903479],[135.691637,33.903387],[135.690912,33.903445],[135.689812,33.903645],[135.688024,33.90392],[135.687024,33.904029],[135.686474,33.904004],[135.686024,33.903912],[135.685275,33.903545],[135.6845,33.902595],[135.68405,33.902295],[135.68355,33.902062],[135.6835,33.90202],[135.683537,33.901662],[135.683737,33.901187],[135.683637,33.900804],[135.68295,33.900096],[135.6827,33.899779],[135.6825,33.899371],[135.68205,33.899104],[135.680975,33.898888],[135.680525,33.898846],[135.680075,33.898679],[135.680025,33.898613],[135.679425,33.898271],[135.678725,33.898063],[135.6781,33.898013],[135.677625,33.898029],[135.6767,33.898204],[135.67615,33.898229],[135.67535,33.898313],[135.674413,33.898662],[135.673863,33.898637],[135.672913,33.898946],[135.672076,33.899462],[135.671401,33.900062],[135.671113,33.900287],[135.669838,33.900054],[135.669138,33.900004],[135.668563,33.899912],[135.667263,33.899879],[135.666614,33.899829],[135.665864,33.899754],[135.664014,33.899446],[135.663564,33.899329],[135.662414,33.898579],[135.661589,33.897946],[135.661189,33.897671],[135.660614,33.897462],[135.660777,33.897171],[135.660902,33.897012],[135.661252,33.896879],[135.661652,33.896654],[135.661926,33.896321],[135.662164,33.895896],[135.662501,33.894229],[135.662589,33.89328],[135.662476,33.892221],[135.662201,33.891155],[135.662114,33.890255],[135.662201,33.889622],[135.662301,33.889239],[135.662151,33.888905],[135.661677,33.888472],[135.660139,33.886589],[135.659964,33.886447],[135.659564,33.886314],[135.659164,33.886331],[135.657277,33.885689],[135.657077,33.885414],[135.656877,33.884964],[135.656577,33.884414],[135.65644,33.883806],[135.65624,33.883514],[135.65599,33.883264],[135.655877,33.882314],[135.655902,33.881664],[135.655777,33.881431],[135.655402,33.881339],[135.654877,33.881289],[135.654377,33.881131],[135.653102,33.880848],[135.652152,33.880706],[135.651528,33.880656],[135.651328,33.880589],[135.651128,33.880473],[135.650653,33.880064],[135.65029,33.879639],[135.64999,33.878756],[135.649528,33.878031],[135.649203,33.877715],[135.648728,33.877573],[135.648353,33.877323],[135.647928,33.876915],[135.647353,33.876931],[135.646653,33.87724],[135.645041,33.877481],[135.643891,33.877248],[135.643416,33.877065],[135.642703,33.876473],[135.642528,33.876306],[135.641954,33.876506],[135.641391,33.87684],[135.641016,33.877115],[135.640466,33.877423],[135.640029,33.877598],[135.639829,33.877598],[135.639404,33.877481],[135.638879,33.877481],[135.638329,33.877656],[135.637979,33.877748],[135.637429,33.877581],[135.636979,33.877489],[135.635979,33.877123],[135.635529,33.876889],[135.635154,33.876623],[135.634779,33.876231],[135.634067,33.875506],[135.633917,33.875031],[135.633317,33.874781],[135.633067,33.874823],[135.632417,33.874798],[135.631842,33.874565],[135.631092,33.874398],[135.630392,33.87444],[135.630217,33.874398],[135.629492,33.87369],[135.62943,33.873531],[135.629155,33.873148],[135.62858,33.872965],[135.627612,33.873058],[135.627268,33.873115],[135.626043,33.873398],[135.625618,33.873439],[135.624693,33.873364],[135.623668,33.873064],[135.623118,33.872923],[135.622206,33.873029],[135.622093,33.873123],[135.621768,33.872989],[135.621193,33.872589],[135.620681,33.871848],[135.620406,33.871823],[135.619618,33.871915],[135.618644,33.87199],[135.617781,33.872014],[135.617756,33.872039],[135.617819,33.872198],[135.618069,33.873273],[135.618044,33.873973],[135.617969,33.874356],[135.617994,33.874581],[135.618506,33.875114],[135.619468,33.876264],[135.619981,33.876731],[135.620393,33.876997],[135.620906,33.877222],[135.621531,33.877556],[135.622206,33.878104],[135.622268,33.878172],[135.622318,33.878172],[135.622443,33.878247],[135.622881,33.878989],[135.623256,33.879222],[135.62338,33.879539],[135.623468,33.88003],[135.623743,33.880464],[135.623593,33.881189],[135.623255,33.881789],[135.623855,33.882497],[135.624468,33.88293],[135.624893,33.883047],[135.625368,33.883097],[135.62598,33.882963],[135.626255,33.883097],[135.62648,33.883255],[135.626518,33.883622],[135.626443,33.883913],[135.626593,33.884272],[135.626718,33.884505],[135.62678,33.884888],[135.62673,33.885022],[135.62653,33.885313],[135.626318,33.886255],[135.626293,33.886821],[135.62633,33.88743],[135.62598,33.887538],[135.62573,33.887696],[135.625655,33.887813],[135.625605,33.888213],[135.625593,33.888621],[135.625393,33.888888],[135.625118,33.889113],[135.62453,33.889429],[135.624355,33.889721],[135.62438,33.890079],[135.624255,33.890463],[135.624018,33.890887],[135.623418,33.891446],[135.623305,33.891746],[135.623305,33.891904],[135.62323,33.892212],[135.623031,33.892596],[135.622643,33.894087],[135.622481,33.89447],[135.622506,33.89492],[135.622481,33.895279],[135.622893,33.896637],[135.622656,33.896995],[135.622656,33.897353],[135.622831,33.897787],[135.622631,33.897945],[135.622207,33.898235],[135.621718,33.898387],[135.620831,33.898778],[135.620431,33.899003],[135.620106,33.899228],[135.619543,33.899453],[135.619319,33.899453],[135.618619,33.899253],[135.617781,33.899053],[135.617269,33.899011],[135.616581,33.898836],[135.616156,33.898745],[135.615419,33.898703],[135.614994,33.898978],[135.614532,33.899361],[135.614207,33.899495],[135.613994,33.899495],[135.613532,33.89927],[135.612882,33.898711],[135.612694,33.898645],[135.612007,33.898761],[135.611369,33.89912],[135.610995,33.899303],[135.61067,33.899395],[135.610257,33.899461],[135.609207,33.899445],[135.607282,33.899203],[135.60712,33.899161],[135.60642,33.899045],[135.60612,33.89912],[135.605958,33.899186],[135.605683,33.89937],[135.604833,33.900086],[135.604533,33.900428],[135.604258,33.900678],[135.603808,33.900928],[135.603645,33.90097],[135.602946,33.901486],[135.601433,33.902461],[135.601083,33.902644],[135.601171,33.902711],[135.601521,33.903253],[135.601746,33.903653],[135.601858,33.904061],[135.601971,33.904802],[135.601946,33.905136],[135.601783,33.905744],[135.600746,33.906986],[135.600558,33.907344],[135.600496,33.907527],[135.600021,33.908227],[135.599996,33.908427],[135.600484,33.908652],[135.600783,33.908744],[135.601296,33.909035],[135.601546,33.909252],[135.602083,33.909569],[135.602708,33.909635],[135.602958,33.909727],[135.603383,33.909944],[135.603983,33.91006],[135.604308,33.910169],[135.60447,33.910194],[135.605208,33.910552],[135.605583,33.910685],[135.605745,33.910794],[135.606045,33.911193],[135.60662,33.91171],[135.607658,33.912318],[135.60782,33.912385],[135.608632,33.912652],[135.609732,33.912643],[135.610032,33.91271],[135.610232,33.912827],[135.61047,33.913093],[135.610632,33.913502],[135.610645,33.913885],[135.610157,33.91496],[135.610132,33.915185],[135.610195,33.91546],[135.610857,33.91721],[135.610732,33.918451],[135.610757,33.918676],[135.611032,33.918968],[135.611245,33.919101],[135.611332,33.919209],[135.611445,33.919701],[135.611657,33.920009],[135.612157,33.920759],[135.612482,33.921167],[135.61262,33.921426],[135.612607,33.921626],[135.612332,33.922242],[135.612307,33.922626],[135.612345,33.923334],[135.61242,33.923767],[135.612532,33.924042],[135.612807,33.924334],[135.613557,33.92485],[135.614044,33.925109],[135.614119,33.925309],[135.613894,33.926875],[135.613919,33.92715],[135.613857,33.927575],[135.613594,33.927983],[135.613295,33.928517],[135.612995,33.9292],[135.612945,33.929516],[135.612782,33.9299],[135.612595,33.930066],[135.611757,33.930508],[135.610932,33.930858],[135.61022,33.931283],[135.60982,33.931608],[135.609445,33.932083],[135.60947,33.932366],[135.609757,33.933149],[135.61082,33.935266],[135.610832,33.935557],[135.610795,33.935874],[135.610845,33.936199],[135.610932,33.936474],[135.611082,33.936732],[135.611357,33.936932],[135.612095,33.937174],[135.61267,33.937432],[135.613582,33.937549],[135.614019,33.937524],[135.614144,33.937474],[135.614919,33.936932],[135.615194,33.936824],[135.615407,33.936832],[135.615707,33.936907],[135.616194,33.936924],[135.616631,33.936899],[135.616831,33.936924],[135.617069,33.937249],[135.617169,33.937474],[135.617019,33.937841],[135.616831,33.938157],[135.616744,33.938449],[135.616731,33.938957],[135.616856,33.939249],[135.617056,33.939565],[135.617269,33.939724],[135.617506,33.939974],[135.617881,33.940674],[135.618331,33.941123],[135.618444,33.94144],[135.618381,33.94259],[135.618531,33.94314],[135.618619,33.943965],[135.618556,33.944273],[135.618269,33.944698],[135.617831,33.945531],[135.617531,33.945989],[135.616694,33.946764],[135.616306,33.947048],[135.615994,33.947348],[135.615719,33.947814],[135.615469,33.948314],[135.615407,33.948672],[135.615594,33.948972],[135.615882,33.949239],[135.616031,33.949464],[135.616044,33.94993],[135.615932,33.950939],[135.615869,33.951205],[135.615869,33.951505],[135.615994,33.95198],[135.616031,33.95228],[135.616706,33.953597],[135.616906,33.953847],[135.617719,33.954372],[135.618094,33.95458],[135.618369,33.954647],[135.618506,33.954588],[135.618706,33.954272],[135.618956,33.95398],[135.619344,33.953638],[135.620118,33.953147],[135.620431,33.953097],[135.621118,33.95313],[135.621931,33.953213],[135.622181,33.953197],[135.622205,33.953162],[135.622468,33.953138],[135.622856,33.953047],[135.623143,33.952822],[135.623606,33.952122],[135.623843,33.951897],[135.624105,33.951739],[135.625105,33.951014],[135.625218,33.950856],[135.625268,33.950672],[135.625205,33.950289],[135.625318,33.950131],[135.62553,33.950039],[135.62613,33.950039],[135.627767,33.949514],[135.628742,33.949464],[135.629155,33.949556],[135.629805,33.949573],[135.630042,33.949531],[135.630367,33.949389],[135.63088,33.949098],[135.631117,33.949031],[135.631417,33.949098],[135.631742,33.949231],[135.633342,33.949539],[135.634242,33.949873],[135.634966,33.950273],[135.635466,33.950381],[135.635754,33.950381],[135.636566,33.950489],[135.636891,33.950506],[135.637116,33.950573],[135.637166,33.950731],[135.637029,33.950848],[135.636866,33.951098],[135.636641,33.952331],[135.636291,33.953164],[135.636004,33.954264],[135.636016,33.955164],[135.635666,33.956405],[135.635591,33.956497],[135.635541,33.956697],[135.635616,33.957105],[135.635491,33.958272],[135.635604,33.958896],[135.635691,33.959105],[135.635879,33.95928],[135.636154,33.959321],[135.636479,33.95948],[135.636779,33.95968],[135.637404,33.96033],[135.637866,33.960688],[135.638091,33.960796],[135.638303,33.960955],[135.638653,33.961379],[135.638853,33.961721],[135.638966,33.962529],[135.638866,33.963246],[135.638891,33.963446],[135.639816,33.964771],[135.640016,33.965171],[135.640128,33.965912],[135.640166,33.967195],[135.640141,33.96787],[135.639991,33.968295],[135.639828,33.968595],[135.639803,33.968745],[135.639641,33.969128],[135.639641,33.969378],[135.639753,33.969895],[135.639728,33.970162],[135.639591,33.970412],[135.639491,33.970795],[135.639691,33.972186],[135.639778,33.972795],[135.639778,33.973111],[135.639678,33.973586],[135.639241,33.974053],[135.638229,33.974644],[135.638091,33.974803],[135.637954,33.975228],[135.637504,33.976244],[135.637541,33.976627],[135.638141,33.978335],[135.638229,33.979227],[135.638479,33.980085],[135.638516,33.980419],[135.638441,33.98076],[135.638166,33.981118],[135.638141,33.981277],[135.638504,33.981835],[135.638991,33.982352],[135.639179,33.98271],[135.639029,33.983185],[135.638866,33.983477],[135.638816,33.983726],[135.638791,33.98431],[135.638629,33.985051],[135.637891,33.986534],[135.637429,33.987126],[135.636979,33.987843],[135.636841,33.988209],[135.636792,33.988518],[135.636854,33.989151],[135.636804,33.989509],[135.636667,33.989801],[135.636479,33.990051],[135.635979,33.990951],[135.635467,33.991317],[135.635117,33.991401],[135.634704,33.991426],[135.633542,33.991184],[135.633054,33.991209],[135.632567,33.991217],[135.63113,33.991042],[135.63073,33.991067],[135.630267,33.991267],[135.63008,33.991609],[135.62998,33.991967],[135.62988,33.993134],[135.629905,33.993559],[135.63008,33.994417],[135.629942,33.995025],[135.629492,33.995858],[135.62923,33.996533],[135.629205,33.996867],[135.629092,33.997183],[135.629017,33.9977],[135.628942,33.997858],[135.628717,33.997975],[135.62848,33.998],[135.62778,33.9982],[135.627668,33.998291],[135.627543,33.998925],[135.626843,33.9994],[135.626055,33.99985],[135.62573,33.999941],[135.625405,33.999941],[135.62443,34.000016],[135.624168,34.00015],[135.624081,34.000333],[135.623931,34.001008],[135.623668,34.001749],[135.623418,34.002016],[135.623368,34.002358],[135.623456,34.002491],[135.623731,34.002783],[135.624243,34.003166],[135.624593,34.003333],[135.62468,34.003558],[135.625055,34.004599],[135.625268,34.005599],[135.625293,34.006107],[135.62523,34.007057],[135.625105,34.007316],[135.624755,34.007682],[135.623968,34.008257],[135.62333,34.008824],[135.622203,34.009498],[135.622093,34.00959],[135.621293,34.009682],[135.618631,34.009349],[135.617806,34.009165],[135.616818,34.009165],[135.616481,34.009257],[135.615543,34.009374],[135.614368,34.009574],[135.613131,34.009982],[135.612056,34.010165],[135.611731,34.010324],[135.611319,34.011899],[135.610881,34.012349],[135.610556,34.012532],[135.609869,34.012824],[135.609231,34.013024],[135.608656,34.013474],[135.608306,34.013565],[135.608056,34.013524],[135.607419,34.013274],[135.606844,34.013182],[135.605444,34.01269],[135.605169,34.012649],[135.604569,34.012624],[135.604119,34.012715],[135.603681,34.012757],[135.603219,34.012715],[135.602756,34.012624],[135.602094,34.012624],[135.600769,34.012424],[135.599594,34.012332],[135.598494,34.012357],[135.597532,34.012224],[135.595857,34.011665],[135.595694,34.011682],[135.595244,34.011907],[135.594644,34.01234],[135.593932,34.012899],[135.593495,34.01349],[135.592995,34.014882],[135.592782,34.015873],[135.592482,34.01689],[135.591494,34.019215],[135.591444,34.019573],[135.592132,34.020048],[135.592507,34.020357],[135.593032,34.020948],[135.594444,34.022273],[135.595294,34.023331],[135.595707,34.024323],[135.595844,34.025048],[135.595757,34.025673],[135.595594,34.026081],[135.595132,34.026531],[135.594882,34.027006],[135.594769,34.027548],[135.594857,34.027906],[135.595494,34.028781],[135.596594,34.030022],[135.597169,34.030514],[135.598319,34.031214],[135.599319,34.031639],[135.599481,34.031639],[135.599456,34.031781],[135.599531,34.032005],[135.599206,34.033239],[135.598881,34.034005],[135.598719,34.034214],[135.597781,34.035139],[135.597694,34.035405],[135.597231,34.036038],[135.595944,34.03683],[135.595806,34.03703],[135.595469,34.037747],[135.595169,34.038588],[135.594706,34.039396],[135.594844,34.040296],[135.594956,34.040521],[135.594956,34.041021],[135.594656,34.04163],[135.594681,34.042304],[135.594819,34.042546],[135.594844,34.043246],[135.594494,34.044146],[135.593944,34.044646],[135.593181,34.045146],[135.592657,34.045612],[135.592132,34.046246],[135.591557,34.046587],[135.591394,34.046629],[135.590294,34.046721],[135.588944,34.046721],[135.587869,34.046812],[135.587457,34.047154],[135.587219,34.047671],[135.586857,34.048254],[135.586719,34.048554],[135.585782,34.049204],[135.584907,34.049679],[135.584545,34.050037],[135.584032,34.051345],[135.583895,34.051595],[135.58332,34.052403],[135.58252,34.053287],[135.58222,34.053778],[135.581645,34.054228],[135.581482,34.054886],[135.58167,34.055428],[135.581557,34.055745],[135.580632,34.056261],[135.580407,34.057069],[135.580432,34.057903],[135.58032,34.057928],[135.579807,34.058153],[135.578595,34.058219],[135.577633,34.058228],[135.576695,34.058519],[135.57562,34.058744],[135.574495,34.058811],[135.57222,34.058452],[135.571258,34.058452],[135.570133,34.058344],[135.569221,34.058027],[135.568396,34.057536],[135.567133,34.057444],[135.566883,34.057536],[135.566471,34.058369],[135.566383,34.058619],[135.565971,34.059094],[135.565258,34.05956],[135.564746,34.06006],[135.564684,34.060194],[135.564571,34.060852],[135.564109,34.062318],[135.563671,34.063102],[135.563146,34.063552],[135.562046,34.063693],[135.560809,34.063718],[135.559684,34.063735],[135.558671,34.06381],[135.557597,34.06381],[135.556797,34.063968],[135.555559,34.06431],[135.553859,34.064851],[135.553147,34.065051],[135.552434,34.065393],[135.551984,34.065884],[135.551609,34.066834],[135.55136,34.067576],[135.55131,34.068434],[135.551222,34.068409],[135.550722,34.068434],[135.549297,34.068251],[135.548422,34.068184],[135.54811,34.068192],[135.54671,34.068842],[135.546185,34.06925],[135.545972,34.069725],[135.54556,34.070825],[135.545285,34.071142],[135.544622,34.071733],[135.544235,34.071817],[135.543747,34.071817],[135.543035,34.071933],[135.542535,34.072208],[135.542148,34.072542],[135.54171,34.073058],[135.541385,34.073533],[135.540885,34.074058],[135.54061,34.074525],[135.540285,34.074933],[135.54001,34.075133],[135.539735,34.075433],[135.539673,34.075766],[135.539735,34.075949],[135.53976,34.076508],[135.539848,34.077116],[135.540035,34.077483],[135.54056,34.078224],[135.541297,34.078582],[135.541747,34.079057],[135.541985,34.079532],[135.542235,34.079757],[135.542322,34.079774],[135.542597,34.080224],[135.542947,34.08124],[135.54336,34.082007],[135.543472,34.082099],[135.543747,34.082182],[135.54441,34.082249],[135.54496,34.082549],[135.545897,34.082974],[135.546609,34.083149],[135.547297,34.083265],[135.548072,34.083465],[135.548697,34.083849],[135.549059,34.08414],[135.549859,34.085107],[135.549422,34.085807],[135.549222,34.086657],[135.549284,34.086682],[135.549471,34.087023],[135.549721,34.087648],[135.549796,34.08819],[135.549834,34.089023],[135.549909,34.089681],[135.549946,34.090306],[135.549771,34.090873],[135.549259,34.091664],[135.549121,34.091823],[135.549059,34.093306],[135.549096,34.093981],[135.549034,34.094772],[135.548796,34.095655],[135.548796,34.096305],[135.548271,34.097164],[135.547746,34.097364],[135.546984,34.097572],[135.546321,34.097905],[135.546396,34.098022],[135.547084,34.100022],[135.547584,34.10043],[135.549234,34.100588],[135.550034,34.100747],[135.550309,34.100855],[135.550609,34.101146],[135.550721,34.101355],[135.551546,34.10203],[135.552033,34.102363],[135.552696,34.102388],[135.553383,34.102163],[135.553608,34.102113],[135.554046,34.10218],[135.554371,34.102313],[135.554533,34.102313],[135.555521,34.102721],[135.556046,34.102763],[135.556596,34.10288],[135.556846,34.103013],[135.557508,34.103171],[135.557721,34.103171],[135.558333,34.103421],[135.558633,34.103821],[135.558608,34.103938],[135.558108,34.104704],[135.557458,34.105538],[135.55712,34.106171],[135.557095,34.106821],[135.557258,34.107854],[135.557295,34.108221],[135.558145,34.108379],[135.558908,34.108671],[135.559208,34.109004],[135.55952,34.109229],[135.560895,34.109771],[135.56147,34.109837],[135.561858,34.109837],[135.562132,34.110221],[135.56257,34.110671],[135.563395,34.110962],[135.563945,34.11132],[135.564845,34.112337],[135.565507,34.112737],[135.565895,34.112879],[135.566857,34.112895],[135.567895,34.113095],[135.568557,34.113162],[135.569407,34.112962],[135.569819,34.112804],[135.569882,34.112762],[135.569957,34.112829],[135.570094,34.11287],[135.571282,34.113862],[135.571582,34.114045],[135.572519,34.11442],[135.573294,34.114645],[135.573569,34.114762],[135.574494,34.115029],[135.575656,34.115095],[135.576394,34.115162],[135.577031,34.115145],[135.577106,34.115162],[135.577519,34.115454],[135.578069,34.115637],[135.578406,34.115954],[135.578543,34.116129],[135.578756,34.116562],[135.578756,34.116962],[135.578843,34.117728],[135.579068,34.118362],[135.579531,34.119328],[135.579306,34.119986],[135.579443,34.120386],[135.579731,34.120903],[135.580381,34.122728],[135.580943,34.124061],[135.581043,34.124511],[135.581293,34.125211],[135.582018,34.126336],[135.582068,34.126652],[135.582068,34.127194],[135.582205,34.127594],[135.582155,34.128044],[135.582155,34.128569],[135.582343,34.129019],[135.582455,34.129152],[135.582455,34.129194],[135.582755,34.129552],[135.583093,34.130527],[135.58358,34.131177],[135.58413,34.13181],[135.584243,34.131985],[135.584792,34.132618],[135.58488,34.133027],[135.58488,34.133718],[135.585042,34.134668],[135.58513,34.13541],[135.585405,34.136968],[135.585517,34.139243],[135.585217,34.139626],[135.58513,34.139801],[135.585105,34.141017],[135.585405,34.141401],[135.586155,34.141901],[135.586567,34.142076],[135.587005,34.142351],[135.587392,34.142842],[135.587692,34.143425],[135.587967,34.144109],[135.588192,34.14575],[135.58808,34.146467],[135.588167,34.1469],[135.589679,34.148292],[135.590317,34.148833],[135.590867,34.1491],[135.591629,34.14915],[135.592454,34.149033],[135.592729,34.148967],[135.593442,34.1487],[135.593579,34.148742],[135.593942,34.149167],[135.594167,34.149325],[135.595292,34.150358],[135.595817,34.15065],[135.597129,34.151125],[135.597791,34.151325],[135.598541,34.151616],[135.600516,34.152925],[135.601091,34.153125],[135.602691,34.153325],[135.603566,34.153458],[135.604066,34.1536],[135.604341,34.153841],[135.604566,34.154366],[135.604753,34.154474],[135.604916,34.154516],[135.606566,34.154858],[135.607116,34.155149],[135.607703,34.155374],[135.608441,34.155349],[135.609078,34.155216],[135.609753,34.155191],[135.610366,34.155325],[135.611328,34.155208],[135.612128,34.155258],[135.61284,34.155549],[135.614053,34.155791],[135.614715,34.155949],[135.615452,34.156066],[135.616777,34.155924],[135.616827,34.155974],[135.617565,34.156733],[135.618115,34.156983],[135.618865,34.157408],[135.619739,34.157657],[135.620214,34.157699],[135.620539,34.157882],[135.620927,34.158241],[135.621427,34.158424],[135.621889,34.158491],[135.622052,34.159549],[135.622139,34.159774],[135.6222,34.159713],[135.622389,34.159965],[135.622639,34.160565],[135.622801,34.161699],[135.622851,34.16239],[135.622814,34.162748],[135.622589,34.163098],[135.62219,34.163258],[135.622114,34.163373],[135.621701,34.163807],[135.621264,34.164373],[135.620639,34.166106],[135.620689,34.16719],[135.620501,34.167773],[135.620451,34.168156],[135.620701,34.168556],[135.621026,34.168739],[135.621439,34.168831],[135.621764,34.168848],[135.622039,34.168831],[135.622101,34.168806],[135.62219,34.168832],[135.622539,34.168981],[135.622914,34.169239],[135.623176,34.169498],[135.623301,34.169664],[135.623364,34.169906],[135.623339,34.169981],[135.623639,34.171656],[135.623789,34.171839],[135.623939,34.171931],[135.624663,34.172047],[135.624838,34.172031],[135.625338,34.172147],[135.625438,34.172189],[135.625838,34.172939],[135.626413,34.173439],[135.626626,34.173797],[135.627201,34.17428],[135.627326,34.174322],[135.627651,34.174572],[135.627901,34.174847],[135.628063,34.175455],[135.628163,34.17618],[135.628288,34.176472],[135.6285,34.176747],[135.6291,34.177022],[135.629825,34.177205],[135.630925,34.177397],[135.6317,34.177447],[135.632463,34.17743],[135.632862,34.177497],[135.6334,34.177822],[135.633925,34.178272],[135.634625,34.17853],[135.6351,34.178597],[135.635575,34.178988],[135.636025,34.17908],[135.6366,34.179105],[135.637475,34.179205],[135.63785,34.179363],[135.637962,34.180105],[135.638012,34.180878],[135.638287,34.18133],[135.638949,34.181738],[135.639224,34.181971],[135.639774,34.182221],[135.641024,34.182546],[135.641574,34.182796],[135.641824,34.183229],[135.641762,34.183629],[135.641812,34.184012],[135.641912,34.184354],[135.642374,34.185237],[135.642424,34.185396],[135.642949,34.186079],[135.643111,34.18682],[135.643411,34.18737],[135.643786,34.187637],[135.644286,34.187912],[135.644849,34.188528],[135.645136,34.190287],[135.645111,34.190628],[135.644824,34.19092],[135.644349,34.190895],[135.643824,34.190778],[135.643199,34.190836],[135.642624,34.191036],[135.641461,34.191436],[135.641386,34.191503],[135.640961,34.192336],[135.640724,34.193103],[135.640649,34.193186],[135.640349,34.193211],[135.639774,34.193361],[135.639187,34.193769],[135.638462,34.194436],[135.637899,34.194836],[135.637549,34.194969],[135.637324,34.195244],[135.636937,34.195936],[135.636637,34.196119],[135.636162,34.196269],[135.635937,34.196427],[135.635649,34.197102],[135.635124,34.19766],[135.634437,34.19811],[135.634312,34.198127],[135.634137,34.198468],[135.634074,34.199102],[135.634374,34.19971],[135.634587,34.200276],[135.634762,34.20091],[135.634937,34.201385],[135.635374,34.202293],[135.635399,34.202676],[135.635287,34.203143],[135.634637,34.203843],[135.634487,34.204134],[135.634474,34.204651],[135.634949,34.205176],[135.636787,34.206426],[135.637511,34.206767],[135.638261,34.207276],[135.638911,34.207792],[135.640224,34.208775],[135.641024,34.209209],[135.641199,34.209392],[135.640886,34.209867],[135.640586,34.210225],[135.640436,34.210717],[135.640449,34.211125],[135.640886,34.212817],[135.641136,34.213408],[135.641523,34.213925],[135.642448,34.214567],[135.642948,34.214975],[135.643373,34.215383],[135.643761,34.215658],[135.644348,34.21575],[135.644798,34.2158],[135.645885,34.216191],[135.64651,34.217125],[135.646885,34.217441],[135.647848,34.218758],[135.647998,34.218866],[135.648623,34.219033],[135.649098,34.218924],[135.649935,34.2183],[135.65011,34.218208],[135.65051,34.217783],[135.651272,34.217333],[135.651547,34.21725],[135.652147,34.216916],[135.652622,34.216716],[135.654085,34.216658],[135.655385,34.216308],[135.65586,34.216583],[135.656335,34.216808],[135.656709,34.2171],[135.657309,34.21745],[135.658059,34.217675],[135.658947,34.218116],[135.660084,34.218275],[135.660409,34.21835],[135.661684,34.218308],[135.662309,34.218358],[135.662484,34.218433],[135.662734,34.219],[135.663196,34.219383],[135.663621,34.219608],[135.663996,34.219975],[135.664421,34.220725],[135.664884,34.2214],[135.665484,34.221658],[135.666109,34.222066],[135.666609,34.222633],[135.666971,34.223316],[135.667446,34.223924],[135.668171,34.224249],[135.669896,34.224508],[135.670996,34.224449],[135.671721,34.224341],[135.672021,34.224316],[135.672558,34.224116],[135.673108,34.223516],[135.673433,34.223358],[135.674745,34.2231],[135.675895,34.223375],[135.67657,34.223333],[135.677095,34.223425],[135.67742,34.223408],[135.67812,34.223275],[135.678582,34.223008],[135.678682,34.22285],[135.679132,34.222566],[135.679907,34.222208],[135.68102,34.221966],[135.68157,34.221633],[135.681945,34.221542],[135.68242,34.221958],[135.68307,34.221958],[135.684407,34.220975],[135.684607,34.220883],[135.685269,34.220442],[135.685794,34.219967],[135.686094,34.219634],[135.686257,34.218892],[135.686269,34.218234],[135.686369,34.21815],[135.687194,34.2177],[135.687569,34.217367],[135.688194,34.217392],[135.688807,34.217467],[135.689557,34.217384],[135.689882,34.217317],[135.690856,34.217184],[135.691981,34.217151],[135.693231,34.217342],[135.693519,34.217292],[135.694069,34.216917],[135.694581,34.216176],[135.694981,34.215859],[135.695581,34.215259],[135.695819,34.214626],[135.696681,34.213209],[135.697893,34.211826],[135.697968,34.211776],[135.698356,34.211668],[135.698506,34.211643],[135.699031,34.21176],[135.700293,34.21231],[135.700543,34.21236],[135.701406,34.212385],[135.702806,34.211701],[135.703343,34.21141],[135.703868,34.210918],[135.70453,34.210493],[135.70528,34.210226],[135.70573,34.210027],[135.705918,34.209352],[135.706368,34.209018],[135.70763,34.208327],[135.70773,34.208285],[135.708205,34.20826],[135.708455,34.20831],[135.70943,34.208743],[135.709655,34.208768],[135.709655,34.20886],[135.70978,34.208885],[135.710167,34.20981],[135.710442,34.210035],[135.710892,34.210335],[135.711342,34.21056],[135.71168,34.210993],[135.71193,34.211676],[135.712092,34.21296],[135.712367,34.213393],[135.713505,34.214343],[135.713904,34.214443],[135.714392,34.214418],[135.714867,34.214443],[135.715717,34.214651],[135.717092,34.214801],[135.717667,34.214984],[135.717792,34.215076],[135.717879,34.215459],[135.718079,34.216068],[135.718929,34.216501],[135.719554,34.216601],[135.719904,34.216826],[135.720691,34.217709],[135.721691,34.218459],[135.722141,34.218717],[135.722366,34.219009],[135.723053,34.219692],[135.723153,34.219759],[135.723728,34.219876],[135.724941,34.220017],[135.725353,34.220334],[135.726078,34.220542],[135.726841,34.220551],[135.72734,34.220667],[135.727403,34.220959],[135.727278,34.221501],[135.727265,34.222176],[135.72749,34.222634],[135.72764,34.223059],[135.727528,34.2236],[135.727628,34.224117],[135.727803,34.224417],[135.728203,34.224867],[135.728228,34.225159],[135.72849,34.225659],[135.72864,34.226],[135.72864,34.226225],[135.728553,34.226675],[135.728678,34.227033],[135.728903,34.227467],[135.729278,34.227808],[135.729803,34.228175],[135.730078,34.228375],[135.73004,34.229233],[135.729977,34.230158],[135.730077,34.23115],[135.730015,34.231783],[135.72989,34.232075],[135.729377,34.233916],[135.72869,34.235158],[135.728427,34.235424],[135.728127,34.235558],[135.727752,34.235666],[135.726828,34.235841],[135.72639,34.236016],[135.726065,34.236266],[135.725153,34.237457],[135.724453,34.238082],[135.72424,34.238374],[135.724115,34.238915],[135.723603,34.239632],[135.723528,34.240015],[135.723528,34.240332],[135.723603,34.240648],[135.723715,34.241123],[135.72359,34.241707],[135.723615,34.241815],[135.72374,34.242223],[135.723653,34.242948],[135.723428,34.243373],[135.72264,34.243973],[135.722365,34.244248],[135.722215,34.244515],[135.722153,34.24494],[135.721978,34.245598],[135.721928,34.245956],[135.72194,34.246231],[135.72189,34.246431],[135.72179,34.246564],[135.721303,34.247556],[135.721228,34.248164],[135.721028,34.248456],[135.720765,34.248697],[135.72059,34.248947],[135.720515,34.249239],[135.72034,34.249622],[135.720153,34.249847],[135.720178,34.250006],[135.720603,34.250705],[135.720578,34.251047],[135.72059,34.251339],[135.72069,34.251539],[135.720715,34.251814],[135.720303,34.252714],[135.720128,34.253305],[135.720078,34.253313],[135.720053,34.253488],[135.719928,34.253738],[135.719678,34.254188],[135.719278,34.254713],[135.71929,34.25528],[135.719403,34.255863],[135.719303,34.25688],[135.71919,34.25708],[135.719303,34.257846],[135.71934,34.258996],[135.719477,34.259446],[135.719302,34.260238],[135.719165,34.260621],[135.71879,34.261296],[135.718502,34.262112],[135.718452,34.262996],[135.718215,34.263471],[135.717565,34.264012],[135.715978,34.26562],[135.715678,34.26567],[135.715403,34.265562],[135.714865,34.265229],[135.714315,34.265204],[135.71364,34.265479],[135.713365,34.265637],[135.712828,34.266203],[135.711941,34.26662],[135.711341,34.266962],[135.711003,34.267478],[135.710428,34.268187],[135.710216,34.26832],[135.709078,34.268553],[135.708241,34.268695],[135.708466,34.270003],[135.708528,34.270786],[135.708666,34.271353],[135.708453,34.271844],[135.708266,34.271919],[135.707666,34.271853],[135.706791,34.271544],[135.706229,34.271503],[135.705516,34.271644],[135.705141,34.271553],[135.704191,34.271561],[135.703729,34.271744],[135.702791,34.272828],[135.702416,34.273369],[135.702229,34.273536],[135.701604,34.274236],[135.701229,34.274511],[135.701154,34.274736],[135.701154,34.275069],[135.700991,34.275252],[135.700829,34.275344],[135.701154,34.275436],[135.701479,34.275477],[135.702079,34.275627],[135.702304,34.275719],[135.702791,34.276235],[135.702979,34.276394],[135.703604,34.276744],[135.703829,34.276835],[135.703991,34.276994],[135.704316,34.277552],[135.704266,34.277735],[135.704254,34.278477],[135.704503,34.279202],[135.704916,34.28021],[135.705303,34.280777],[135.705353,34.281493],[135.705041,34.282377],[135.704391,34.282993],[135.704341,34.283218],[135.704429,34.284001],[135.704304,34.28486],[135.704391,34.285785],[135.704316,34.286418],[135.704641,34.28671],[135.704853,34.286726],[135.705341,34.28666],[135.705428,34.28691],[135.705791,34.287535],[135.706366,34.288118],[135.706691,34.289043],[135.706703,34.289493],[135.707128,34.291318],[135.706803,34.291968],[135.706703,34.292826],[135.706466,34.294142],[135.706453,34.294992],[135.706566,34.295784],[135.707691,34.297334],[135.708153,34.298142],[135.708328,34.299875],[135.708503,34.299992],[135.709103,34.300208],[135.709503,34.300525],[135.709478,34.300975],[135.708653,34.302308],[135.708141,34.302675],[135.707303,34.302833],[135.706953,34.303091],[135.706516,34.303583],[135.706054,34.303908],[135.706016,34.304491],[135.706154,34.304758],[135.706616,34.305166],[135.706916,34.305316],[135.707078,34.305975],[135.707653,34.306508],[135.707928,34.306625],[135.708528,34.306958],[135.708478,34.307608],[135.708566,34.308216],[135.708766,34.308808],[135.709253,34.309591],[135.709253,34.309724],[135.709641,34.310041],[135.709866,34.310508],[135.709703,34.311032],[135.709728,34.311524],[135.709953,34.311707],[135.710391,34.312466],[135.710691,34.312691],[135.711428,34.312824],[135.712078,34.312866],[135.712253,34.313382],[135.712553,34.313807],[135.713128,34.314349],[135.713778,34.314774],[135.715428,34.315824],[135.715465,34.315932],[135.71549,34.31609],[135.715453,34.316274],[135.71539,34.316365],[135.715153,34.316482],[135.715015,34.316549],[135.714878,34.316732],[135.714853,34.316824],[135.714878,34.316949],[135.715028,34.317174],[135.71514,34.317357],[135.71549,34.31779],[135.715578,34.317923],[135.715753,34.318323],[135.715953,34.318698],[135.716078,34.318998],[135.716203,34.319348],[135.716328,34.319673],[135.71649,34.31999],[135.716553,34.320073],[135.716703,34.320257],[135.716828,34.32044],[135.71694,34.320648],[135.71714,34.321006],[135.71729,34.321298],[135.717477,34.321523],[135.717715,34.321781],[135.71794,34.321981],[135.71829,34.322231],[135.718627,34.322448],[135.718877,34.322598],[135.719302,34.322915],[135.719577,34.323198],[135.719902,34.323615],[135.720227,34.324106],[135.720477,34.324448],[135.720765,34.324848],[135.721052,34.325239],[135.72149,34.325798],[135.721839,34.326248],[135.722052,34.326581],[135.722364,34.327006],[135.722602,34.327464],[135.722714,34.327714],[135.722852,34.328097],[135.722964,34.328572],[135.723027,34.328839],[135.723089,34.329189],[135.723127,34.329297],[135.724339,34.33108],[135.724789,34.332022],[135.725139,34.332155],[135.725489,34.331905],[135.725789,34.33188],[135.726139,34.331997],[135.726226,34.331997],[135.726901,34.332189],[135.727451,34.332547],[135.728001,34.333155],[135.728539,34.333263],[135.729576,34.333555],[135.730364,34.33328],[135.730463,34.333139],[135.730876,34.332847],[135.731113,34.33273],[135.731963,34.332747],[135.732226,34.332722],[135.732826,34.332605],[135.733501,34.33258],[135.734026,34.33278],[135.734951,34.333564],[135.734951,34.333972],[135.734801,34.334397],[135.734663,34.334988],[135.734801,34.33553],[135.734863,34.33598],[135.734838,34.336613],[135.734838,34.336846],[135.734988,34.337071],[135.735263,34.337438],[135.735425,34.338113],[135.735475,34.338521],[135.735313,34.338705],[135.735075,34.338855],[135.734988,34.339038],[135.734963,34.339246],[135.73545,34.339829],[135.736,34.339929],[135.736925,34.339688],[135.7371,34.339663],[135.737525,34.339738],[135.737588,34.340229],[135.737513,34.341179],[135.736963,34.342396],[135.73685,34.342862],[135.736825,34.343796],[135.736725,34.343921],[135.736288,34.344262],[135.735538,34.345112],[135.735313,34.345562],[135.735788,34.34602],[135.736363,34.346654],[135.736875,34.347387],[135.7379,34.348912],[135.738013,34.349337],[135.737963,34.349678],[135.737825,34.350028],[135.7377,34.350378],[135.737925,34.350486],[135.739888,34.350453],[135.740113,34.350795],[135.740788,34.352603],[135.740863,34.352711],[135.741688,34.352695],[135.741988,34.352595],[135.7421,34.352445],[135.742438,34.351961],[135.742563,34.351845],[135.74275,34.35177],[135.743287,34.351695],[135.743475,34.351578],[135.743937,34.351028],[135.744362,34.35037],[135.744712,34.350012],[135.745337,34.349637],[135.7461,34.349387],[135.746375,34.349203],[135.747185,34.348476],[135.7475,34.348279],[135.747899,34.348229],[135.748149,34.348295],[135.748399,34.348654],[135.748999,34.349037],[135.749399,34.349037],[135.749974,34.34872],[135.750399,34.348262],[135.750537,34.348062],[135.752087,34.34677],[135.752512,34.346179],[135.752487,34.346004],[135.752724,34.345621],[135.753399,34.345137],[135.754674,34.344462],[135.755524,34.344071],[135.756574,34.343796],[135.757011,34.343588],[135.759373,34.342271],[135.759611,34.342204],[135.760348,34.342204],[135.760623,34.342246],[135.760923,34.343504],[135.761336,34.344771],[135.761773,34.345237],[135.762261,34.346046],[135.762373,34.346612],[135.762298,34.346837],[135.762223,34.347579],[135.762323,34.347646],[135.763011,34.347579],[135.764286,34.347387],[135.764448,34.347387],[135.765211,34.346712],[135.765473,34.346596],[135.766448,34.346479],[135.767073,34.346254],[135.767348,34.345796],[135.76756,34.344404],[135.76796,34.344129],[135.768698,34.344129],[135.769723,34.343579],[135.770298,34.344029],[135.77046,34.344204],[135.77191,34.345263],[135.77196,34.345688],[135.771535,34.346796],[135.771573,34.347654],[135.771298,34.348287],[135.770948,34.348962],[135.770948,34.349754],[135.771085,34.349996],[135.77161,34.350562],[135.77191,34.351096],[135.771748,34.352004],[135.771923,34.352654],[135.771735,34.353395],[135.771485,34.353937],[135.770948,34.354462],[135.770785,34.355003],[135.770798,34.355345],[135.770735,34.355545],[135.770335,34.356287],[135.769448,34.357245],[135.769035,34.358053],[135.768798,34.358145],[135.76831,34.358461],[135.767873,34.359211],[135.767985,34.360153],[135.767798,34.360745],[135.768185,34.361169],[135.768348,34.361819],[135.768685,34.362136],[135.769985,34.362803],[135.770185,34.363211],[135.77026,34.364044],[135.770785,34.365036],[135.770898,34.365461],[135.771398,34.366202],[135.77186,34.366561],[135.772647,34.366852],[135.772922,34.366894],[135.772972,34.367077],[135.77281,34.367502],[135.772197,34.368569],[135.772197,34.36911],[135.772335,34.370052],[135.772035,34.370685],[135.771635,34.37096],[135.771473,34.371027],[135.77096,34.371527],[135.77066,34.372135],[135.770635,34.372718],[135.770773,34.372835],[135.771372,34.372943],[135.771972,34.37321],[135.77266,34.373818],[135.773222,34.373968],[135.773685,34.37431],[135.773797,34.374893],[135.773722,34.375527],[135.773585,34.375818],[135.773347,34.376585],[135.772997,34.37681],[135.771372,34.37716],[135.771335,34.377251],[135.77156,34.377793],[135.771535,34.37871],[135.771785,34.379951],[135.771485,34.379934],[135.768335,34.379176],[135.76711,34.378868],[135.764986,34.378159],[135.763973,34.377776],[135.763136,34.377601],[135.761473,34.377493],[135.759349,34.377101],[135.758974,34.377484],[135.757974,34.378842],[135.757486,34.379109],[135.756949,34.379226],[135.756724,34.379384],[135.756549,34.380309],[135.756455,34.380499],[135.756231,34.380974],[135.756061,34.381534],[135.755686,34.382159],[135.756061,34.382834],[135.756336,34.383584],[135.756374,34.383984],[135.756649,34.3852],[135.756761,34.385925],[135.756274,34.386242],[135.755786,34.386283],[135.755349,34.386175],[135.754699,34.385842],[135.754311,34.386183],[135.754236,34.386408],[135.755136,34.387033],[135.755161,34.387075],[135.754999,34.387125],[135.754324,34.386966],[135.753799,34.38695],[135.753636,34.38715],[135.753536,34.387491],[135.753286,34.387783],[135.752861,34.388033],[135.752074,34.3884],[135.751387,34.388533],[135.749674,34.388766],[135.749224,34.388974],[135.748517,34.38917],[135.747749,34.389383],[135.747349,34.389566],[135.747183,34.389612],[135.747124,34.389674],[135.746574,34.389499],[135.746124,34.389291],[135.745449,34.389133],[135.744875,34.389216],[135.744387,34.389433],[135.744762,34.388683],[135.744762,34.388474],[135.744612,34.388208],[135.744112,34.388041],[135.743575,34.387958],[135.743462,34.388133],[135.7433,34.388566],[135.7428,34.389399],[135.742725,34.389524],[135.742625,34.389708],[135.7427,34.389808],[135.742862,34.390016],[135.743362,34.390241],[135.743762,34.390516],[135.743837,34.390741],[135.74415,34.392566],[135.744387,34.393157],[135.744262,34.393382],[135.743737,34.393832],[135.7432,34.394224],[135.742925,34.394282],[135.7426,34.394549],[135.742537,34.394832],[135.742675,34.395232],[135.742512,34.39554],[135.742062,34.395915],[135.741425,34.396124],[135.7412,34.396374],[135.741187,34.396799],[135.741262,34.397065],[135.741487,34.397273],[135.741475,34.397598],[135.741487,34.398282],[135.741387,34.398573],[135.741337,34.398957],[135.741537,34.39949],[135.741512,34.39974],[135.741237,34.400282],[135.74115,34.400373],[135.740575,34.40114],[135.74015,34.40149],[135.73945,34.40259],[135.739812,34.403265],[135.7404,34.403948],[135.74085,34.404673],[135.741324,34.405264],[135.741549,34.405631],[135.741812,34.406348],[135.742212,34.406889],[135.742449,34.407347],[135.742999,34.408156],[135.743224,34.408389],[135.743874,34.408322],[135.744587,34.408031],[135.745137,34.407656],[135.745787,34.407481],[135.747183,34.406919],[135.747324,34.406847],[135.747511,34.406698],[135.747749,34.406514],[135.748136,34.406331],[135.748411,34.406423],[135.748686,34.406756],[135.748849,34.407231],[135.749399,34.407998],[135.749774,34.408264],[135.750561,34.408281],[135.751274,34.408439],[135.751499,34.408997],[135.751111,34.409564],[135.750874,34.409722],[135.750086,34.410447],[135.749836,34.410722],[135.750174,34.411872],[135.750074,34.412297],[135.749686,34.412822],[135.749474,34.41318],[135.749499,34.413497],[135.749586,34.413605],[135.750024,34.413672],[135.751698,34.413305],[135.752361,34.413239],[135.753248,34.413255],[135.754011,34.41318],[135.754473,34.413089],[135.755073,34.412797],[135.755698,34.412639],[135.756686,34.413422],[135.757773,34.414522],[135.757698,34.414814],[135.757835,34.415447],[135.758435,34.416455],[135.759035,34.416588],[135.759848,34.416947],[135.760023,34.416988],[135.760285,34.417213],[135.76056,34.41778],[135.760735,34.418388],[135.761273,34.418988],[135.761822,34.419413],[135.76251,34.419463],[135.76286,34.419596],[135.762997,34.419705],[135.76351,34.419655],[135.764185,34.419655],[135.764297,34.419746],[135.764685,34.41983],[135.76501,34.41983],[135.765397,34.419955],[135.765522,34.420063],[135.765572,34.420171],[135.766035,34.419955],[135.766335,34.419846],[135.76656,34.419938],[135.76671,34.419955],[135.766847,34.420046],[135.767397,34.420255],[135.767622,34.420438],[135.767772,34.420646],[135.768022,34.420805],[135.768972,34.421213],[135.769134,34.421238],[135.770472,34.421271],[135.770772,34.421113],[135.770797,34.420971],[135.770647,34.420571],[135.770709,34.420163],[135.770784,34.419955],[135.771072,34.419513],[135.771559,34.419013],[135.772097,34.41883],[135.772484,34.418605],[135.772484,34.418247],[135.772534,34.418047],[135.772834,34.417905],[135.773459,34.41788],[135.773896,34.41813],[135.774321,34.418305],[135.774621,34.418305],[135.775084,34.418163],[135.775684,34.418388],[135.776421,34.418838],[135.777109,34.418697],[135.777584,34.41798],[135.777834,34.417822],[135.778321,34.417905],[135.778434,34.417972],[135.778896,34.417905],[135.779409,34.417697],[135.779896,34.41758],[135.780008,34.417647],[135.780446,34.417805],[135.780746,34.417805],[135.781021,34.417872],[135.781208,34.417847],[135.781746,34.417913],[135.782158,34.418138],[135.782246,34.418388],[135.782458,34.418613],[135.782921,34.418922],[135.782871,34.419422],[135.782908,34.419955],[135.783308,34.420371],[135.783508,34.420396],[135.783883,34.420238],[135.784483,34.420088],[135.784783,34.419971],[135.785121,34.419955],[135.78557,34.419705],[135.785945,34.419563],[135.78652,34.419513],[135.786845,34.419738],[135.78732,34.419955],[135.787495,34.420105],[135.787658,34.420447],[135.787858,34.42133],[135.788058,34.421471],[135.788183,34.421488],[135.788383,34.42133],[135.788545,34.421038],[135.788683,34.420772],[135.788883,34.42073],[135.789283,34.42073],[135.78982,34.420413],[135.79057,34.419955],[135.79117,34.419455],[135.791383,34.419313],[135.791895,34.419089],[135.79272,34.419089],[135.793395,34.418855],[135.794945,34.418647],[135.79587,34.41898],[135.796657,34.419139],[135.797307,34.419089],[135.797445,34.419114],[135.797695,34.419497],[135.798094,34.419955],[135.798382,34.420397],[135.798657,34.420489],[135.798957,34.420464],[135.799282,34.420489],[135.799657,34.420605],[135.799907,34.42063],[135.799982,34.420605],[135.800407,34.420272],[135.800482,34.420272],[135.801107,34.420572],[135.801457,34.420805],[135.801707,34.42103],[135.801907,34.42148],[135.802082,34.42153],[135.802257,34.42148],[135.802382,34.421414],[135.802482,34.421464],[135.802732,34.421705],[135.803082,34.421872],[135.803157,34.421872],[135.803357,34.42178],[135.803482,34.42178],[135.803932,34.421947],[135.803982,34.421922],[135.804032,34.42138],[135.804219,34.421155],[135.804519,34.421064],[135.805969,34.42108],[135.806419,34.421172],[135.807294,34.421589],[135.807919,34.422047],[135.808306,34.422205],[135.808681,34.422272],[135.808994,34.422255],[135.809544,34.421989],[135.809869,34.42188],[135.810169,34.421814],[135.810569,34.421922],[135.811206,34.422605],[135.811956,34.422639],[135.812193,34.422597],[135.812443,34.422439],[135.812618,34.421647],[135.812756,34.420614],[135.812393,34.419956],[135.812356,34.419931],[135.812331,34.419681],[135.812356,34.419297],[135.812106,34.418914],[135.811906,34.418531],[135.812069,34.418331],[135.812206,34.417898],[135.812231,34.417406],[135.811906,34.417048],[135.812306,34.416164],[135.813606,34.415415],[135.813818,34.415256],[135.814231,34.41449],[135.814743,34.414031],[135.815093,34.413606],[135.814956,34.412882],[135.815031,34.412798],[135.816306,34.412515],[135.817068,34.412582],[135.817618,34.412582],[135.818193,34.413032],[135.818568,34.413523],[135.818906,34.413682],[135.819531,34.41379],[135.819856,34.414081],[135.820218,34.414781],[135.820643,34.415048],[135.821143,34.415156],[135.822393,34.415515],[135.822505,34.415673],[135.822618,34.416415],[135.823268,34.416998],[135.82338,34.417606],[135.823443,34.417698],[135.823705,34.417873],[135.824805,34.418206],[135.82548,34.418814],[135.825293,34.419156],[135.825193,34.419539],[135.825143,34.419956],[135.82488,34.420339],[135.824905,34.420598],[135.825105,34.421156],[135.825118,34.421606],[135.825218,34.421922],[135.825193,34.422581],[135.825268,34.422714],[135.825568,34.422897],[135.825905,34.423022],[135.826355,34.423089],[135.827017,34.423339],[135.827355,34.423547],[135.827592,34.423839],[135.827805,34.424606],[135.827892,34.424864],[135.828267,34.425064],[135.828792,34.425272],[135.829067,34.425522],[135.829217,34.425914],[135.829367,34.42618],[135.829617,34.426314],[135.830155,34.426522],[135.830717,34.426597],[135.831042,34.426555],[135.831229,34.426555],[135.832017,34.426722],[135.832442,34.426705],[135.832917,34.426572],[135.833367,34.426305],[135.833654,34.426305],[135.835079,34.426239],[135.835479,34.426314],[135.835829,34.42648],[135.836279,34.426622],[135.836354,34.426622],[135.836529,34.426497],[135.836779,34.426264],[135.837379,34.425905],[135.837716,34.42558],[135.837966,34.425297],[135.838266,34.425056],[135.838566,34.424922],[135.838941,34.425322],[135.839166,34.425422],[135.839466,34.425356],[135.839841,34.425197],[135.840466,34.424864],[135.841428,34.424622],[135.842203,34.424606],[135.842366,34.424656],[135.842503,34.424864],[135.842553,34.424997],[135.842878,34.425614],[135.843041,34.425789],[135.843341,34.426172],[135.843841,34.426722],[135.844091,34.427064],[135.844478,34.42788],[135.844703,34.428147],[135.844753,34.428172],[135.845253,34.428089],[135.84564,34.428047],[135.845828,34.428072],[135.845978,34.428272],[135.846403,34.428955],[135.846478,34.42898],[135.846803,34.42898],[135.847353,34.429005],[135.847478,34.429097],[135.84784,34.429713],[135.848615,34.430405],[135.848865,34.43073],[135.849015,34.431055],[135.848965,34.43158],[135.849102,34.431888],[135.849302,34.432022],[135.849702,34.432072],[135.849902,34.432255],[135.850152,34.432571],[135.85049,34.432863],[135.850665,34.432955],[135.85104,34.433046],[135.851552,34.433213],[135.851852,34.433263],[135.852152,34.433555],[135.85239,34.433721],[135.853065,34.433921],[135.853989,34.434113],[135.854614,34.43448],[135.855064,34.43468],[135.855164,34.43478],[135.854864,34.434996],[135.854552,34.435313],[135.854602,34.435671],[135.854802,34.435979],[135.855152,34.436329],[135.855977,34.436904],[135.856464,34.437221],[135.856789,34.437496],[135.857089,34.437613],[135.857464,34.437863],[135.857564,34.438063],[135.857589,34.438429],[135.857551,34.438971],[135.857576,34.439446],[135.857701,34.439646],[135.857976,34.439804],[135.858064,34.440371],[135.858139,34.440554],[135.858401,34.440621],[135.858651,34.440646],[135.859389,34.441054],[135.859739,34.441595],[135.859989,34.441937],[135.860364,34.442029],[135.860789,34.442237],[135.860864,34.442329],[135.861051,34.442404],[135.861288,34.442354],[135.861413,34.442245],[135.861613,34.441954],[135.861688,34.441912],[135.862613,34.442095],[135.862938,34.441987],[135.863238,34.44197],[135.863588,34.442104],[135.864063,34.442562],[135.864588,34.44302],[135.865013,34.443212],[135.865313,34.443295],[135.865588,34.443245],[135.865763,34.443112],[135.866113,34.442962],[135.866388,34.443029],[135.867263,34.443512],[135.868719,34.445836],[135.870098,34.44717],[135.871997,34.448124],[135.874286,34.448696],[135.87582,34.449813],[135.87582,34.45145],[135.87582,34.453097],[135.874809,34.454263],[135.873171,34.456153],[135.870079,34.457141],[135.868441,34.458612]]],"type":"Polygon"},"type":"Feature"}]}