{"type":"FeatureCollection","features":[{"type":"Feature","properties":{"kuni":"伊豆","id":"G14002","kuni_url":"/kg/resource/K14.html","id_url":"G14002.html","kuni_id":"K14","pref":"静岡県","name":"加茂","yomi":"かも"},"geometry":{"coordinates":[[[139.030587,35.149847],[139.030975,35.149847],[139.031749,35.14993],[139.035474,35.149897],[139.036986,35.149955],[139.037761,35.150089],[139.038336,35.150247],[139.038999,35.150489],[139.039786,35.150689],[139.040948,35.150372],[139.041386,35.150214],[139.041598,35.15008],[139.041961,35.149939],[139.042448,35.149914],[139.042911,35.149956],[139.043735,35.149931],[139.045298,35.149772],[139.046623,35.149722],[139.04816,35.149739],[139.048847,35.149531],[139.049472,35.149289],[139.050022,35.148989],[139.050422,35.148606],[139.050885,35.147731],[139.05121,35.147298],[139.051622,35.146981],[139.052472,35.146798],[139.052972,35.146798],[139.053434,35.146915],[139.053759,35.147048],[139.054047,35.147198],[139.054422,35.147198],[139.054947,35.147106],[139.055472,35.147065],[139.056046,35.147056],[139.056596,35.146965],[139.057521,35.146623],[139.058096,35.146556],[139.058321,35.146598],[139.058509,35.146873],[139.058571,35.147006],[139.059059,35.147048],[139.059496,35.146981],[139.059796,35.146823],[139.059933,35.146415],[139.060233,35.146006],[139.060258,35.145923],[139.060696,35.145765],[139.061196,35.145623],[139.061771,35.145582],[139.062158,35.145465],[139.062258,35.145282],[139.062321,35.145057],[139.062508,35.144948],[139.062996,35.144832],[139.063608,35.14474],[139.064421,35.144465],[139.065383,35.144215],[139.065796,35.144032],[139.066146,35.144007],[139.066645,35.144215],[139.067083,35.144457],[139.067283,35.144523],[139.067795,35.144615],[139.068508,35.144474],[139.069233,35.144515],[139.06942,35.144582],[139.069883,35.144624],[139.070295,35.14474],[139.070657,35.144899],[139.070795,35.144874],[139.071395,35.144624],[139.071695,35.144532],[139.071895,35.144574],[139.072032,35.144774],[139.072245,35.14489],[139.072495,35.144907],[139.07272,35.145049],[139.072932,35.145024],[139.073507,35.144799],[139.073707,35.144815],[139.074095,35.144932],[139.074807,35.14499],[139.074907,35.145107],[139.075457,35.145082],[139.076282,35.144874],[139.076807,35.144624],[139.077345,35.143907],[139.077732,35.143566],[139.078745,35.143024],[139.079594,35.142641],[139.081044,35.142382],[139.081232,35.142316],[139.081919,35.141974],[139.082407,35.141641],[139.082932,35.141341],[139.083444,35.141166],[139.084569,35.141024],[139.085344,35.141041],[139.086082,35.141016],[139.087619,35.140808],[139.088694,35.140608],[139.089869,35.140216],[139.090331,35.140216],[139.092006,35.140524],[139.092719,35.140683],[139.093744,35.140724],[139.096668,35.140575],[139.098206,35.140458],[139.099606,35.140433],[139.100818,35.140358],[139.101368,35.140475],[139.102443,35.14085],[139.10588,35.141333],[139.106155,35.141358],[139.107218,35.141733],[139.107392,35.1418],[139.10813,35.141866],[139.108792,35.141858],[139.110355,35.141725],[139.111117,35.141608],[139.11153,35.1414],[139.11133,35.1412],[139.11058,35.139492],[139.110367,35.139542],[139.110055,35.139292],[139.109917,35.138892],[139.109905,35.137158],[139.110005,35.135834],[139.110117,35.135175],[139.109967,35.134076],[139.109717,35.133584],[139.109355,35.133134],[139.109105,35.132684],[139.108968,35.132217],[139.108993,35.131784],[139.109392,35.130793],[139.109392,35.130409],[139.109255,35.130276],[139.10903,35.130143],[139.108843,35.129901],[139.108368,35.129609],[139.106143,35.12851],[139.105593,35.12811],[139.105143,35.12766],[139.104893,35.12721],[139.104443,35.126043],[139.10448,35.125868],[139.104368,35.125776],[139.10428,35.125593],[139.104168,35.12546],[139.104005,35.125418],[139.10368,35.125235],[139.102318,35.124235],[139.101743,35.123627],[139.100768,35.122485],[139.099918,35.121494],[139.099306,35.12006],[139.098856,35.119252],[139.098718,35.118911],[139.098556,35.118777],[139.098443,35.118736],[139.098193,35.118244],[139.097781,35.117861],[139.097393,35.117636],[139.097306,35.117236],[139.097218,35.117119],[139.096981,35.116961],[139.096781,35.117011],[139.096569,35.116919],[139.095931,35.116519],[139.095769,35.116319],[139.095731,35.116336],[139.095594,35.116202],[139.095431,35.116202],[139.095319,35.116319],[139.095219,35.116319],[139.094906,35.116252],[139.094256,35.116211],[139.094056,35.116119],[139.093919,35.116011],[139.093481,35.115919],[139.093369,35.115919],[139.092881,35.115694],[139.091744,35.115027],[139.091169,35.114736],[139.090507,35.114469],[139.089819,35.114269],[139.089407,35.114044],[139.089019,35.113686],[139.088769,35.113194],[139.088444,35.112903],[139.088307,35.112853],[139.087919,35.112611],[139.087032,35.111603],[139.086782,35.111261],[139.086644,35.110928],[139.086607,35.110436],[139.086694,35.10992],[139.086957,35.109036],[139.087119,35.107978],[139.087082,35.107645],[139.086969,35.107287],[139.086669,35.106745],[139.084569,35.104028],[139.082545,35.101362],[139.082232,35.100895],[139.081845,35.100512],[139.081657,35.100379],[139.081132,35.100129],[139.080557,35.099904],[139.079732,35.099887],[139.079107,35.099887],[139.078632,35.099804],[139.07822,35.099579],[139.077233,35.09877],[139.076733,35.098345],[139.076433,35.097987],[139.075895,35.09707],[139.075733,35.09682],[139.076195,35.096529],[139.07542,35.095179],[139.074758,35.093696],[139.07467,35.092796],[139.074683,35.091904],[139.074745,35.091746],[139.07547,35.090796],[139.075795,35.090504],[139.077707,35.089146],[139.07782,35.089105],[139.077957,35.089213],[139.078257,35.088963],[139.078482,35.08973],[139.07917,35.089121],[139.07982,35.088621],[139.080395,35.08828],[139.080882,35.088055],[139.080919,35.088013],[139.080882,35.087722],[139.080994,35.087647],[139.081069,35.087247],[139.081432,35.087155],[139.081457,35.087038],[139.081257,35.086972],[139.081457,35.086638],[139.081466,35.086616],[139.081432,35.086605],[139.081432,35.08658],[139.081844,35.086447],[139.081757,35.086155],[139.081982,35.085955],[139.081907,35.085755],[139.081844,35.08573],[139.081569,35.085838],[139.081432,35.08593],[139.081294,35.085813],[139.081769,35.08543],[139.081632,35.085322],[139.081544,35.085297],[139.081494,35.08518],[139.080232,35.084972],[139.080232,35.084839],[139.080344,35.084747],[139.080319,35.084589],[139.080182,35.084314],[139.079969,35.08418],[139.079969,35.083797],[139.079719,35.08368],[139.079507,35.08368],[139.07942,35.083864],[139.079307,35.083855],[139.079282,35.083589],[139.079182,35.083522],[139.078932,35.083764],[139.078432,35.083855],[139.078182,35.083764],[139.077995,35.083514],[139.078057,35.083372],[139.07817,35.083239],[139.078307,35.083155],[139.07817,35.082922],[139.077895,35.082739],[139.07757,35.08258],[139.077232,35.082714],[139.076957,35.08278],[139.076682,35.08273],[139.076245,35.082464],[139.075757,35.081939],[139.075382,35.08178],[139.07502,35.081522],[139.074857,35.081164],[139.07462,35.080755],[139.074482,35.080397],[139.074495,35.079622],[139.074357,35.079222],[139.07417,35.078814],[139.074182,35.078497],[139.07442,35.078206],[139.074845,35.077348],[139.07507,35.077281],[139.075157,35.076989],[139.075157,35.076673],[139.075495,35.075773],[139.07567,35.075098],[139.076245,35.07429],[139.076695,35.07389],[139.077245,35.073506],[139.077907,35.073148],[139.078157,35.072907],[139.078182,35.072657],[139.077945,35.072023],[139.07792,35.071548],[139.078257,35.070599],[139.078432,35.070265],[139.079057,35.070315],[139.079469,35.070249],[139.079557,35.070049],[139.079582,35.069757],[139.079532,35.069574],[139.079369,35.069549],[139.079344,35.069507],[139.079369,35.069349],[139.079644,35.069374],[139.079619,35.069124],[139.079507,35.068916],[139.079457,35.068899],[139.079457,35.068674],[139.079157,35.068624],[139.079044,35.068666],[139.078994,35.068757],[139.078607,35.068774],[139.077545,35.067774],[139.07747,35.067574],[139.077495,35.067524],[139.077857,35.067391],[139.07772,35.067191],[139.07767,35.067166],[139.07742,35.067166],[139.077332,35.067366],[139.07692,35.067407],[139.07667,35.067366],[139.076595,35.067299],[139.076545,35.067024],[139.076482,35.066932],[139.07622,35.066682],[139.07587,35.065932],[139.075545,35.065124],[139.074782,35.064141],[139.074595,35.063691],[139.074195,35.062241],[139.074345,35.061866],[139.074645,35.061483],[139.074732,35.061141],[139.074682,35.060717],[139.074332,35.060308],[139.07402,35.060458],[139.073833,35.060258],[139.073445,35.060483],[139.07317,35.060233],[139.07282,35.060025],[139.072883,35.059908],[139.072545,35.059683],[139.072358,35.059842],[139.070995,35.059267],[139.070308,35.058783],[139.070071,35.058467],[139.069908,35.058083],[139.069521,35.057583],[139.069121,35.0572],[139.068733,35.056925],[139.068658,35.056809],[139.069058,35.0551],[139.069121,35.054601],[139.069521,35.052984],[139.069796,35.052509],[139.069846,35.052468],[139.070096,35.052126],[139.070683,35.051568],[139.071021,35.051143],[139.071271,35.050718],[139.071658,35.050201],[139.071408,35.050193],[139.071546,35.04986],[139.071946,35.04921],[139.072333,35.048851],[139.073358,35.04766],[139.073908,35.046877],[139.07422,35.04681],[139.075695,35.047002],[139.077332,35.047302],[139.077282,35.04751],[139.077495,35.047527],[139.07767,35.047377],[139.07832,35.04756],[139.079332,35.048018],[139.079695,35.048085],[139.07997,35.048068],[139.079995,35.04721],[139.081657,35.046119],[139.082119,35.045919],[139.082207,35.045694],[139.082294,35.045935],[139.082669,35.045811],[139.082732,35.045469],[139.083007,35.045444],[139.083669,35.045319],[139.085232,35.044919],[139.086169,35.044744],[139.086194,35.045202],[139.088569,35.046211],[139.088844,35.046052],[139.089231,35.046369],[139.089281,35.046461],[139.088981,35.046502],[139.089006,35.046686],[139.089469,35.046644],[139.089306,35.047027],[139.089181,35.047594],[139.089181,35.047977],[139.089094,35.048177],[139.089069,35.048177],[139.089044,35.048494],[139.089319,35.048585],[139.090031,35.048677],[139.090331,35.04891],[139.090493,35.049244],[139.090681,35.049477],[139.091143,35.04961],[139.091718,35.04971],[139.092131,35.049619],[139.09358,35.049769],[139.093805,35.049769],[139.094268,35.04961],[139.095355,35.048694],[139.09598,35.048252],[139.09623,35.048202],[139.096805,35.047961],[139.097505,35.047494],[139.09853,35.046644],[139.099155,35.046286],[139.099542,35.046178],[139.099767,35.045994],[139.100242,35.045228],[139.10043,35.045003],[139.100405,35.044778],[139.100443,35.044103],[139.100418,35.043695],[139.100155,35.043128],[139.09993,35.04277],[139.09993,35.042561],[139.099693,35.041753],[139.099655,35.040828],[139.099518,35.040512],[139.09933,35.039603],[139.099281,35.039103],[139.099268,35.037912],[139.099218,35.037345],[139.099218,35.036779],[139.099093,35.035812],[139.098768,35.034929],[139.098344,35.033571],[139.098156,35.033121],[139.098106,35.032821],[139.098219,35.032579],[139.098444,35.032529],[139.098631,35.032079],[139.098481,35.031746],[139.098556,35.031471],[139.099044,35.029421],[139.098981,35.028221],[139.099144,35.027888],[139.099169,35.02753],[139.099119,35.027213],[139.099207,35.026688],[139.099182,35.026222],[139.099082,35.025672],[139.098919,35.02513],[139.098682,35.02463],[139.098357,35.023755],[139.098094,35.023272],[139.097857,35.022255],[139.097732,35.021239],[139.097782,35.020922],[139.098007,35.020456],[139.097882,35.019931],[139.09772,35.019006],[139.09772,35.018622],[139.097807,35.018331],[139.097782,35.018056],[139.097645,35.017739],[139.09752,35.017248],[139.09747,35.016839],[139.09747,35.016389],[139.097608,35.015939],[139.097645,35.015573],[139.097633,35.014423],[139.097745,35.013656],[139.097945,35.013181],[139.098195,35.012715],[139.09847,35.012307],[139.099083,35.011682],[139.099608,35.011048],[139.099883,35.010623],[139.100108,35.010149],[139.10022,35.009565],[139.100195,35.009182],[139.100008,35.008824],[139.099545,35.008432],[139.099308,35.00814],[139.099195,35.008065],[139.099145,35.00809],[139.098895,35.007957],[139.098433,35.00759],[139.098133,35.007524],[139.097308,35.007399],[139.096796,35.007265],[139.096321,35.007215],[139.096158,35.007074],[139.096058,35.007032],[139.095746,35.007165],[139.095471,35.00714],[139.095171,35.007432],[139.093983,35.007765],[139.093521,35.007624],[139.092458,35.007615],[139.092508,35.007982],[139.091821,35.00824],[139.091296,35.008532],[139.091208,35.008307],[139.090334,35.008457],[139.090434,35.009248],[139.090221,35.00929],[139.089646,35.009265],[139.089146,35.009132],[139.088634,35.008948],[139.088246,35.008915],[139.087971,35.008848],[139.087671,35.008623],[139.087271,35.00819],[139.086721,35.007848],[139.086534,35.007823],[139.086359,35.007848],[139.086171,35.00764],[139.085572,35.007182],[139.084947,35.006507],[139.084597,35.005982],[139.084009,35.004982],[139.083922,35.00469],[139.083659,35.003899],[139.083634,35.003516],[139.083534,35.003316],[139.083347,35.003107],[139.083234,35.002157],[139.083072,35.001732],[139.082909,35.000933],[139.082997,35.000616],[139.083347,35.000216],[139.083409,35.000191],[139.083547,34.999966],[139.083759,34.999916],[139.084059,34.999783],[139.084347,34.999449],[139.084809,34.999158],[139.084897,34.998949],[139.084922,34.998566],[139.084834,34.998316],[139.084697,34.998275],[139.084534,34.997883],[139.084597,34.997658],[139.084809,34.997233],[139.086022,34.9959],[139.086272,34.995675],[139.086797,34.995042],[139.086847,34.994908],[139.087184,34.994542],[139.087484,34.994092],[139.088697,34.993642],[139.089359,34.993309],[139.089984,34.9929],[139.091009,34.991975],[139.091747,34.991026],[139.093009,34.991167],[139.093509,34.990442],[139.093834,34.989884],[139.094584,34.987734],[139.094496,34.987709],[139.094672,34.98676],[139.094972,34.984176],[139.094559,34.984135],[139.094559,34.983635],[139.094347,34.982277],[139.094072,34.981235],[139.093797,34.980285],[139.093884,34.979669],[139.094109,34.979085],[139.094409,34.978519],[139.093834,34.978269],[139.093997,34.978069],[139.094409,34.978002],[139.094497,34.977844],[139.094247,34.977569],[139.095759,34.975694],[139.096447,34.975336],[139.096809,34.974994],[139.097434,34.974478],[139.097984,34.973844],[139.098284,34.973644],[139.098672,34.973286],[139.098784,34.973369],[139.099084,34.973078],[139.099859,34.973061],[139.100234,34.973353],[139.101034,34.972953],[139.101009,34.972903],[139.104471,34.970945],[139.104334,34.970787],[139.105046,34.970545],[139.104946,34.97022],[139.105046,34.970153],[139.105759,34.969887],[139.106171,34.969937],[139.106696,34.970137],[139.106509,34.97032],[139.108484,34.971728],[139.106746,34.972562],[139.106221,34.972745],[139.105509,34.972945],[139.105596,34.973145],[139.104521,34.973395],[139.104271,34.973478],[139.103971,34.973703],[139.104034,34.973795],[139.104471,34.973528],[139.105646,34.973261],[139.105709,34.973286],[139.106496,34.97317],[139.106884,34.972995],[139.107134,34.973245],[139.107321,34.973128],[139.107184,34.972853],[139.108896,34.972003],[139.109846,34.972687],[139.110046,34.972662],[139.110321,34.972845],[139.110946,34.973095],[139.111658,34.973237],[139.112458,34.973262],[139.112521,34.973212],[139.112983,34.973128],[139.113508,34.97317],[139.114846,34.973037],[139.115733,34.973062],[139.117733,34.973229],[139.11837,34.973162],[139.119158,34.97312],[139.119908,34.97292],[139.121445,34.972179],[139.121633,34.972137],[139.121855,34.971974],[139.121945,34.971962],[139.122133,34.972029],[139.122308,34.971979],[139.12277,34.971687],[139.123258,34.971487],[139.123583,34.971396],[139.123695,34.971512],[139.123895,34.971487],[139.124083,34.971354],[139.124195,34.971129],[139.124595,34.970696],[139.125695,34.969821],[139.126157,34.969504],[139.126407,34.969529],[139.127607,34.969146],[139.12802,34.969121],[139.12822,34.969138],[139.128432,34.969054],[139.128595,34.968963],[139.128732,34.968779],[139.12887,34.968463],[139.12892,34.968171],[139.128795,34.968104],[139.128345,34.968063],[139.12777,34.968104],[139.127557,34.968021],[139.12747,34.967613],[139.127633,34.967346],[139.127633,34.967271],[139.127533,34.967229],[139.127445,34.966979],[139.127558,34.966488],[139.127795,34.965971],[139.128208,34.96563],[139.128645,34.965496],[139.128595,34.965338],[139.12837,34.965113],[139.128045,34.965005],[139.127883,34.964821],[139.127995,34.964396],[139.128433,34.963763],[139.128733,34.963738],[139.129033,34.96363],[139.129408,34.963088],[139.129795,34.963088],[139.13007,34.962905],[139.130158,34.96273],[139.130595,34.962505],[139.130945,34.962413],[139.131058,34.962138],[139.13037,34.961488],[139.13037,34.961155],[139.130558,34.960905],[139.13037,34.960705],[139.13012,34.960747],[139.129958,34.960722],[139.129683,34.960813],[139.129545,34.960788],[139.12917,34.960614],[139.128595,34.960047],[139.128558,34.958839],[139.128758,34.958405],[139.128883,34.95823],[139.129083,34.95773],[139.129183,34.957172],[139.129383,34.956764],[139.12952,34.956314],[139.129521,34.956022],[139.129658,34.955531],[139.129983,34.954964],[139.130496,34.954489],[139.131183,34.954014],[139.13157,34.954014],[139.131783,34.953789],[139.13162,34.953681],[139.131895,34.953206],[139.132833,34.952598],[139.132495,34.952489],[139.132608,34.952214],[139.132995,34.952189],[139.132995,34.952056],[139.133595,34.951814],[139.133733,34.952031],[139.13452,34.951656],[139.135158,34.951289],[139.13537,34.951581],[139.135183,34.951698],[139.13557,34.952214],[139.135158,34.952373],[139.135191,34.952425],[139.136108,34.952548],[139.136683,34.952981],[139.13672,34.953089],[139.136995,34.953431],[139.138582,34.952906],[139.138982,34.952864],[139.139507,34.953223],[139.139695,34.953314],[139.140195,34.953448],[139.140795,34.953556],[139.141395,34.953606],[139.141807,34.953714],[139.141945,34.954006],[139.142032,34.954773],[139.142332,34.955222],[139.142819,34.955539],[139.143457,34.955831],[139.143707,34.955856],[139.143707,34.955989],[139.143919,34.956006],[139.144194,34.955989],[139.144519,34.956056],[139.145232,34.955914],[139.145507,34.955672],[139.145507,34.955397],[139.145619,34.955239],[139.145919,34.955264],[139.146244,34.955131],[139.146544,34.955222],[139.146769,34.955239],[139.146794,34.954881],[139.146682,34.954773],[139.146494,34.954698],[139.146494,34.954614],[139.146657,34.954564],[139.146932,34.954431],[139.146907,34.954139],[139.146707,34.953981],[139.146382,34.954098],[139.146382,34.953981],[139.146569,34.953798],[139.147069,34.953664],[139.146769,34.953423],[139.146519,34.953398],[139.146269,34.953531],[139.146169,34.953464],[139.146107,34.953348],[139.145757,34.953373],[139.145594,34.953506],[139.145344,34.953331],[139.145069,34.952948],[139.145044,34.952564],[139.145119,34.952314],[139.145319,34.952089],[139.145619,34.951889],[139.145894,34.951823],[139.146019,34.951981],[139.146194,34.951889],[139.146244,34.951689],[139.146219,34.951573],[139.146382,34.951464],[139.146157,34.951281],[139.145807,34.951056],[139.145782,34.950856],[139.146057,34.950581],[139.146157,34.950423],[139.14652,34.950265],[139.146657,34.95004],[139.146795,34.949998],[139.146982,34.949865],[139.147232,34.949798],[139.147282,34.949681],[139.14682,34.949548],[139.14627,34.94944],[139.145907,34.94829],[139.14597,34.947723],[139.146157,34.947365],[139.14637,34.946557],[139.146432,34.946132],[139.14657,34.945832],[139.146682,34.945832],[139.146725,34.945867],[139.146732,34.945832],[139.14692,34.94559],[139.146982,34.945382],[139.146945,34.945182],[139.146707,34.945207],[139.146507,34.944982],[139.146207,34.944865],[139.145857,34.944798],[139.145795,34.944373],[139.14602,34.944257],[139.146232,34.944257],[139.146482,34.944123],[139.146432,34.944057],[139.146182,34.944107],[139.145995,34.944057],[139.14572,34.944148],[139.145682,34.943965],[139.145745,34.943923],[139.145582,34.94354],[139.145358,34.942865],[139.145408,34.942665],[139.145658,34.942574],[139.145908,34.942549],[139.146157,34.942599],[139.146158,34.942349],[139.146045,34.942282],[139.145633,34.942232],[139.144833,34.942349],[139.144508,34.942215],[139.144395,34.94179],[139.144158,34.941649],[139.143745,34.941674],[139.143608,34.941582],[139.143308,34.940957],[139.143383,34.940665],[139.143708,34.940299],[139.14377,34.939899],[139.14387,34.939474],[139.144233,34.939016],[139.144583,34.938657],[139.145658,34.937782],[139.146208,34.937282],[139.14672,34.936883],[139.147295,34.936766],[139.14782,34.936541],[139.147958,34.936249],[139.148095,34.936199],[139.148283,34.936199],[139.148333,34.936316],[139.148583,34.936249],[139.14872,34.936049],[139.148633,34.935999],[139.148808,34.935891],[139.148883,34.935891],[139.148808,34.935816],[139.148283,34.935908],[139.147895,34.935824],[139.14757,34.935458],[139.147133,34.935083],[139.14732,34.934899],[139.147245,34.934741],[139.146745,34.934899],[139.146558,34.934791],[139.146195,34.934316],[139.145871,34.933799],[139.145708,34.933033],[139.145808,34.932541],[139.146083,34.932091],[139.146446,34.931775],[139.146996,34.931566],[139.147183,34.931391],[139.147646,34.931183],[139.148108,34.930891],[139.148171,34.930783],[139.148058,34.930283],[139.147758,34.929991],[139.147208,34.929925],[139.146496,34.930108],[139.146221,34.929925],[139.145996,34.9295],[139.145646,34.928283],[139.145584,34.928033],[139.145833,34.927808],[139.145921,34.927633],[139.145896,34.927608],[139.145646,34.927675],[139.145371,34.927808],[139.145259,34.927608],[139.145009,34.927567],[139.145121,34.927367],[139.145096,34.927225],[139.144934,34.92725],[139.144709,34.927367],[139.144546,34.927208],[139.144546,34.927117],[139.144734,34.926958],[139.144934,34.926533],[139.144821,34.926375],[139.144734,34.926417],[139.144496,34.926442],[139.143971,34.926308],[139.143759,34.926017],[139.142959,34.924417],[139.142297,34.923359],[139.141884,34.922842],[139.141397,34.922367],[139.141259,34.922284],[139.140685,34.921692],[139.140247,34.920867],[139.140185,34.920367],[139.14021,34.919984],[139.140322,34.919517],[139.140372,34.919034],[139.140272,34.918192],[139.140135,34.917967],[139.140085,34.917776],[139.13971,34.917151],[139.13981,34.916476],[139.139973,34.915976],[139.13996,34.915609],[139.140035,34.915384],[139.140148,34.915267],[139.140073,34.914659],[139.139823,34.913667],[139.13986,34.912859],[139.139985,34.912434],[139.14011,34.912159],[139.140435,34.912084],[139.140648,34.911826],[139.140935,34.911543],[139.140773,34.911434],[139.140623,34.911443],[139.140385,34.911609],[139.140323,34.911609],[139.14016,34.911184],[139.140173,34.911059],[139.14036,34.910901],[139.140635,34.910601],[139.140585,34.910576],[139.140185,34.910576],[139.139923,34.910651],[139.140048,34.910243],[139.14026,34.910193],[139.140285,34.910034],[139.140223,34.909976],[139.139636,34.909851],[139.139511,34.909776],[139.139511,34.909659],[139.139748,34.909634],[139.140085,34.909684],[139.14036,34.909618],[139.140485,34.909451],[139.14006,34.909309],[139.139661,34.909251],[139.139248,34.909268],[139.138898,34.909193],[139.138886,34.909134],[139.139173,34.909093],[139.139461,34.908993],[139.139636,34.908759],[139.139623,34.908634],[139.139586,34.908609],[139.138811,34.908651],[139.138598,34.908618],[139.138586,34.908559],[139.138723,34.908526],[139.139011,34.908109],[139.139086,34.907909],[139.138698,34.907868],[139.138561,34.907818],[139.138673,34.907601],[139.138573,34.907343],[139.138923,34.907209],[139.139173,34.907051],[139.139173,34.906951],[139.138986,34.906893],[139.138248,34.907076],[139.138186,34.907059],[139.138286,34.906943],[139.138673,34.90676],[139.138961,34.906551],[139.139023,34.906385],[139.138861,34.906376],[139.138598,34.906485],[139.137973,34.906526],[139.137698,34.906343],[139.137673,34.906143],[139.138048,34.905985],[139.138211,34.905651],[139.138161,34.905443],[139.137911,34.905443],[139.137448,34.905551],[139.137149,34.905535],[139.137211,34.905351],[139.137236,34.90516],[139.137074,34.905193],[139.136761,34.905326],[139.136711,34.905293],[139.136686,34.905101],[139.136886,34.904876],[139.137099,34.904576],[139.137111,34.90431],[139.136974,34.904293],[139.136661,34.904401],[139.136299,34.90461],[139.135974,34.904635],[139.136174,34.90411],[139.136136,34.90391],[139.135999,34.903901],[139.135924,34.903993],[139.135724,34.904101],[139.135324,34.904201],[139.135086,34.904085],[139.134824,34.903801],[139.134486,34.903543],[139.134112,34.902868],[139.134024,34.90246],[139.133937,34.902343],[139.133799,34.901493],[139.133624,34.901243],[139.133449,34.900685],[139.133087,34.900035],[139.132849,34.899735],[139.132774,34.899685],[139.131999,34.898768],[139.131862,34.89846],[139.131912,34.898101],[139.132224,34.897826],[139.132524,34.897493],[139.132624,34.897085],[139.132487,34.896351],[139.132537,34.895801],[139.132624,34.895568],[139.132799,34.895476],[139.133299,34.895593],[139.134137,34.895451],[139.134599,34.89541],[139.134949,34.89556],[139.135386,34.895643],[139.135511,34.895626],[139.135936,34.895701],[139.136199,34.895576],[139.136599,34.895126],[139.136849,34.894968],[139.137424,34.894918],[139.138074,34.894918],[139.138199,34.894843],[139.138386,34.89481],[139.138424,34.894943],[139.138648,34.894926],[139.138823,34.894985],[139.138998,34.89486],[139.139136,34.89461],[139.139298,34.894476],[139.139811,34.894443],[139.139811,34.894302],[139.139761,34.894235],[139.139973,34.894243],[139.140011,34.894102],[139.139786,34.893868],[139.140173,34.893927],[139.140036,34.893718],[139.139748,34.893568],[139.139761,34.893443],[139.140098,34.893568],[139.140136,34.89356],[139.140136,34.893377],[139.140448,34.893243],[139.140398,34.893135],[139.140073,34.892985],[139.140073,34.892902],[139.140261,34.892677],[139.140148,34.892343],[139.140286,34.892377],[139.140561,34.892268],[139.140823,34.891977],[139.140136,34.89181],[139.139873,34.891843],[139.139798,34.891743],[139.139848,34.891702],[139.139861,34.891385],[139.139923,34.891352],[139.140111,34.891327],[139.140286,34.891377],[139.140473,34.891193],[139.140848,34.890918],[139.140823,34.89086],[139.140536,34.890827],[139.139898,34.890902],[139.139648,34.89101],[139.139523,34.891035],[139.139548,34.89081],[139.139248,34.89066],[139.138998,34.890668],[139.138623,34.89076],[139.138761,34.890585],[139.138986,34.890068],[139.138973,34.88991],[139.139073,34.889635],[139.139073,34.889418],[139.138936,34.889385],[139.138798,34.889493],[139.138686,34.889677],[139.138361,34.889752],[139.138286,34.88986],[139.137998,34.890035],[139.137848,34.890018],[139.137286,34.889726],[139.136749,34.889268],[139.136661,34.888818],[139.136449,34.888793],[139.136261,34.88866],[139.136161,34.888543],[139.135811,34.88836],[139.135774,34.888101],[139.135486,34.887968],[139.135274,34.887985],[139.135086,34.887718],[139.135099,34.887651],[139.135736,34.88746],[139.135786,34.887201],[139.135499,34.887068],[139.134799,34.887093],[139.134899,34.886951],[139.135011,34.886893],[139.135024,34.886785],[139.134736,34.886701],[139.134611,34.886576],[139.134674,34.886535],[139.135061,34.886518],[139.135124,34.886351],[139.134711,34.886226],[139.134236,34.88616],[139.134061,34.885926],[139.133911,34.885568],[139.133999,34.885018],[139.133849,34.88466],[139.133699,34.884551],[139.133399,34.884518],[139.133311,34.884293],[139.133111,34.88416],[139.132986,34.884176],[139.132636,34.884109],[139.132199,34.883709],[139.132086,34.883351],[139.132136,34.882993],[139.131949,34.882801],[139.131886,34.882584],[139.131961,34.882584],[139.132236,34.882734],[139.132436,34.882934],[139.132686,34.882959],[139.132649,34.882609],[139.132649,34.882393],[139.132536,34.882193],[139.132161,34.882068],[139.131999,34.881876],[139.132199,34.881809],[139.132686,34.881818],[139.132661,34.881651],[139.132561,34.881609],[139.132399,34.881451],[139.132511,34.881326],[139.132036,34.880976],[139.131961,34.880676],[139.132111,34.880501],[139.132024,34.880226],[139.132099,34.879951],[139.131986,34.879609],[139.131936,34.879559],[139.131461,34.879559],[139.131286,34.879243],[139.131449,34.879009],[139.131486,34.878843],[139.131361,34.878684],[139.131174,34.878784],[139.131099,34.878734],[139.131136,34.878693],[139.131074,34.878568],[139.130874,34.878643],[139.130661,34.878543],[139.130411,34.878068],[139.130449,34.877843],[139.130224,34.877584],[139.129986,34.877651],[139.129861,34.877768],[139.129774,34.877718],[139.129761,34.877659],[139.129474,34.877626],[139.129186,34.877667],[139.128811,34.877451],[139.128361,34.877301],[139.127986,34.877301],[139.127961,34.876984],[139.127886,34.876767],[139.127599,34.876667],[139.127299,34.876967],[139.127324,34.877159],[139.126999,34.877217],[139.126636,34.877067],[139.126561,34.876917],[139.126186,34.876925],[139.126086,34.876875],[139.126111,34.876759],[139.126349,34.876692],[139.126536,34.876309],[139.126536,34.876176],[139.126324,34.876142],[139.126136,34.876217],[139.126099,34.876275],[139.125536,34.876417],[139.125499,34.876409],[139.125524,34.87635],[139.125786,34.876317],[139.126111,34.876],[139.126174,34.87585],[139.126036,34.875759],[139.125786,34.875809],[139.125624,34.875892],[139.125574,34.876025],[139.125261,34.876192],[139.125161,34.8762],[139.125161,34.876142],[139.125299,34.876009],[139.125374,34.875775],[139.125349,34.875725],[139.125186,34.875709],[139.124711,34.875859],[139.124774,34.8757],[139.124699,34.87565],[139.124499,34.875692],[139.124336,34.875834],[139.124336,34.876009],[139.124112,34.876059],[139.124062,34.876017],[139.124149,34.875859],[139.124299,34.875709],[139.124324,34.875542],[139.124186,34.875467],[139.123799,34.87555],[139.123886,34.875375],[139.124086,34.87505],[139.124099,34.874934],[139.124036,34.874642],[139.123974,34.87465],[139.123786,34.8748],[139.123661,34.874842],[139.123437,34.875009],[139.123362,34.875259],[139.123149,34.875425],[139.123012,34.8754],[139.123087,34.875208],[139.123212,34.875034],[139.123137,34.874925],[139.123074,34.874917],[139.122799,34.874983],[139.122549,34.87515],[139.122262,34.874808],[139.122087,34.874742],[139.121999,34.874642],[139.121901,34.874625],[139.121802,34.874724],[139.121737,34.874467],[139.121537,34.874467],[139.121399,34.874625],[139.121162,34.874175],[139.121049,34.874108],[139.120712,34.874083],[139.120687,34.874267],[139.120474,34.8744],[139.120449,34.874383],[139.120449,34.873925],[139.120274,34.873883],[139.120037,34.874016],[139.119949,34.873791],[139.119837,34.873775],[139.119624,34.87395],[139.119599,34.873725],[139.119237,34.873525],[139.119262,34.873025],[139.119212,34.873008],[139.119074,34.873075],[139.118749,34.873116],[139.118574,34.873075],[139.118474,34.872916],[139.118524,34.872808],[139.118574,34.872491],[139.118437,34.872266],[139.118199,34.872083],[139.118024,34.871833],[139.117749,34.871766],[139.117399,34.871749],[139.116962,34.871566],[139.116799,34.871541],[139.116737,34.871366],[139.116549,34.871158],[139.116499,34.871141],[139.116362,34.871299],[139.116087,34.871299],[139.115812,34.871182],[139.115587,34.871141],[139.115537,34.871024],[139.115287,34.871182],[139.114962,34.871207],[139.114799,34.871257],[139.114749,34.871191],[139.114437,34.871166],[139.114112,34.87119],[139.113949,34.871349],[139.113941,34.871403],[139.113649,34.871374],[139.113599,34.871257],[139.113624,34.870965],[139.113349,34.87094],[139.113374,34.870849],[139.113324,34.870624],[139.113074,34.870607],[139.112987,34.870849],[139.112987,34.871124],[139.112687,34.87119],[139.112637,34.871124],[139.112524,34.871149],[139.112362,34.87124],[139.112287,34.87099],[139.112112,34.87094],[139.111949,34.871173],[139.111874,34.871373],[139.111487,34.871148],[139.111399,34.870857],[139.111162,34.870582],[139.110887,34.870498],[139.110799,34.870582],[139.110799,34.870898],[139.110724,34.871057],[139.110449,34.871015],[139.110474,34.871215],[139.110424,34.871398],[139.110149,34.871265],[139.110099,34.871056],[139.109849,34.870973],[139.109324,34.871065],[139.108587,34.870631],[139.108537,34.870548],[139.108612,34.870181],[139.108377,34.870136],[139.108399,34.870073],[139.108424,34.86989],[139.108312,34.86989],[139.107924,34.870048],[139.107899,34.870231],[139.107924,34.870431],[139.107574,34.870431],[139.107412,34.870639],[139.107112,34.870656],[139.106924,34.870523],[139.106862,34.870523],[139.106837,34.870273],[139.106724,34.869939],[139.106749,34.869873],[139.106474,34.869823],[139.106262,34.869939],[139.106212,34.870122],[139.105112,34.870306],[139.104699,34.870081],[139.103824,34.870255],[139.102787,34.869789],[139.102699,34.869589],[139.102599,34.869739],[139.102162,34.869447],[139.102149,34.869338],[139.102649,34.868839],[139.102837,34.86868],[139.103049,34.868047],[139.102999,34.867506],[139.102887,34.867355],[139.102837,34.86733],[139.102637,34.867489],[139.102037,34.867397],[139.101962,34.867289],[139.101949,34.866989],[139.101787,34.866855],[139.101924,34.86663],[139.101812,34.866472],[139.101512,34.866364],[139.101697,34.865858],[139.101674,34.865797],[139.101399,34.865864],[139.101324,34.865847],[139.101287,34.865547],[139.101074,34.865214],[139.101099,34.864381],[139.101174,34.863972],[139.100962,34.863814],[139.100524,34.863747],[139.100325,34.863614],[139.09995,34.863589],[139.099725,34.86348],[139.099512,34.86348],[139.099012,34.863347],[139.098737,34.863297],[139.098637,34.863347],[139.098525,34.863189],[139.098362,34.86278],[139.098525,34.862605],[139.098712,34.861922],[139.099062,34.861539],[139.09925,34.861156],[139.099337,34.860706],[139.099062,34.860056],[139.0987,34.859622],[139.09825,34.857914],[139.098012,34.857639],[139.097537,34.857556],[139.097437,34.857573],[139.097275,34.857531],[139.097025,34.857306],[139.096337,34.857306],[139.0962,34.857331],[139.095962,34.857306],[139.095625,34.857397],[139.095387,34.857148],[139.095325,34.856989],[139.095075,34.856698],[139.094725,34.856523],[139.094613,34.856139],[139.094338,34.855956],[139.094063,34.855939],[139.093575,34.856023],[139.092038,34.856139],[139.091688,34.856281],[139.0913,34.856531],[139.091113,34.856914],[139.090675,34.857205],[139.090138,34.857855],[139.089775,34.858089],[139.089538,34.85813],[139.08945,34.857905],[139.088413,34.858064],[139.088063,34.858288],[139.088063,34.85843],[139.087675,34.85843],[139.08705,34.858338],[139.086463,34.857413],[139.086138,34.857097],[139.085913,34.85613],[139.08605,34.855839],[139.086025,34.855789],[139.085675,34.85568],[139.085363,34.854981],[139.085663,34.854731],[139.085888,34.854489],[139.085988,34.854172],[139.085963,34.854122],[139.085688,34.854081],[139.085451,34.853964],[139.084813,34.854014],[139.084738,34.853972],[139.084351,34.853947],[139.084076,34.854014],[139.083776,34.854039],[139.083638,34.854106],[139.083338,34.854014],[139.082926,34.853722],[139.082763,34.853456],[139.082651,34.853047],[139.082651,34.852639],[139.082538,34.852239],[139.082176,34.850864],[139.082039,34.849915],[139.081901,34.849398],[139.081739,34.84899],[139.081676,34.848498],[139.082276,34.848248],[139.082064,34.84804],[139.081951,34.848023],[139.081864,34.848065],[139.081764,34.84789],[139.081814,34.847865],[139.081764,34.84764],[139.081489,34.847573],[139.081264,34.847215],[139.080601,34.846382],[139.079377,34.84494],[139.078964,34.844332],[139.077914,34.842982],[139.077202,34.842166],[139.076839,34.841674],[139.076765,34.841199],[139.076902,34.840858],[139.076977,34.840499],[139.07714,34.840233],[139.077327,34.840408],[139.077415,34.840074],[139.077577,34.8396],[139.077852,34.838991],[139.077952,34.838383],[139.077952,34.83815],[139.077815,34.837367],[139.077615,34.837025],[139.07754,34.83665],[139.077452,34.836442],[139.076952,34.835509],[139.076702,34.834875],[139.07664,34.8344],[139.076465,34.833642],[139.076303,34.833317],[139.07594,34.832826],[139.07569,34.832259],[139.07539,34.831092],[139.07534,34.830068],[139.07549,34.829284],[139.075803,34.828934],[139.076053,34.828818],[139.076453,34.828401],[139.07739,34.827818],[139.077965,34.827385],[139.078465,34.826843],[139.07894,34.826135],[139.079303,34.825293],[139.079378,34.824727],[139.07929,34.824352],[139.07934,34.823835],[139.07924,34.823644],[139.07919,34.82331],[139.079003,34.82311],[139.079028,34.822852],[139.078815,34.822677],[139.078528,34.822869],[139.078203,34.822852],[139.07789,34.822502],[139.077478,34.822377],[139.077541,34.821952],[139.077391,34.821869],[139.077141,34.821952],[139.076866,34.821869],[139.076578,34.821969],[139.076541,34.821869],[139.076728,34.821411],[139.077278,34.821152],[139.077453,34.821011],[139.077603,34.820777],[139.077791,34.820702],[139.078278,34.820319],[139.078603,34.820252],[139.078653,34.819977],[139.078503,34.819836],[139.078503,34.819561],[139.078416,34.819403],[139.077853,34.819153],[139.077603,34.819186],[139.077328,34.819078],[139.076278,34.818911],[139.075803,34.818586],[139.074579,34.817753],[139.074354,34.817386],[139.074354,34.817294],[139.073854,34.817253],[139.073529,34.817011],[139.073191,34.816611],[139.072741,34.81617],[139.071841,34.815245],[139.071466,34.814661],[139.071316,34.814103],[139.071429,34.813237],[139.071391,34.812662],[139.071317,34.81232],[139.071029,34.811912],[139.070504,34.811329],[139.069892,34.81067],[139.068667,34.809679],[139.068254,34.809212],[139.067617,34.808604],[139.067255,34.808196],[139.066967,34.807787],[139.066517,34.807279],[139.06628,34.807079],[139.065067,34.805854],[139.064842,34.805488],[139.064905,34.805313],[139.06463,34.804846],[139.064555,34.803938],[139.06443,34.803355],[139.064193,34.802838],[139.063855,34.80243],[139.062855,34.801697],[139.062268,34.801013],[139.06203,34.800588],[139.061993,34.80023],[139.061905,34.800113],[139.06188,34.799863],[139.062043,34.799672],[139.062505,34.799813],[139.06228,34.799347],[139.062168,34.798989],[139.06223,34.798522],[139.062418,34.798139],[139.062668,34.797514],[139.062568,34.797039],[139.062343,34.796347],[139.062393,34.795639],[139.062368,34.795039],[139.062106,34.793589],[139.062093,34.792823],[139.061818,34.791048],[139.061693,34.79059],[139.061306,34.78989],[139.060968,34.789481],[139.059844,34.788307],[139.059206,34.787432],[139.059144,34.787273],[139.059156,34.786998],[139.059206,34.786973],[139.059319,34.786832],[139.059448,34.786554],[139.059319,34.786548],[139.059106,34.786748],[139.058894,34.786615],[139.058856,34.786557],[139.058981,34.786365],[139.058756,34.786323],[139.058481,34.786173],[139.058344,34.785907],[139.058444,34.785657],[139.058294,34.785565],[139.058244,34.785315],[139.058381,34.785215],[139.058256,34.785115],[139.058331,34.784924],[139.058756,34.784732],[139.058831,34.784665],[139.058706,34.784399],[139.058556,34.784482],[139.058381,34.78454],[139.058269,34.784665],[139.057969,34.784765],[139.057794,34.784949],[139.057706,34.784924],[139.057419,34.784999],[139.057269,34.784957],[139.056932,34.784965],[139.056607,34.784849],[139.056344,34.784615],[139.056344,34.78414],[139.056232,34.784074],[139.055944,34.784115],[139.055844,34.784107],[139.055469,34.783949],[139.055007,34.783665],[139.054557,34.783265],[139.054382,34.782932],[139.054319,34.782616],[139.054357,34.782199],[139.054432,34.781807],[139.054632,34.781424],[139.054632,34.781216],[139.054482,34.781049],[139.054369,34.780849],[139.054182,34.780732],[139.053994,34.780724],[139.053807,34.780632],[139.053395,34.780741],[139.052707,34.780991],[139.052357,34.780882],[139.052095,34.780674],[139.051457,34.780366],[139.050732,34.779857],[139.04967,34.779266],[139.049107,34.779008],[139.048633,34.778716],[139.04757,34.777849],[139.046383,34.777183],[139.045883,34.776799],[139.045658,34.776416],[139.04522,34.776199],[139.045108,34.776041],[139.043546,34.775216],[139.043171,34.77495],[139.043321,34.774666],[139.042471,34.774175],[139.042358,34.774291],[139.041846,34.77385],[139.041808,34.773666],[139.041908,34.773441],[139.042033,34.772758],[139.042096,34.772625],[139.042858,34.772683],[139.042908,34.772392],[139.042121,34.772308],[139.042233,34.771608],[139.042646,34.771192],[139.043133,34.771133],[139.043558,34.771125],[139.043746,34.7714],[139.043771,34.771892],[139.044546,34.771942],[139.044971,34.772067],[139.045708,34.772042],[139.045821,34.771975],[139.046595,34.771475],[139.047545,34.771034],[139.048233,34.770475],[139.048358,34.770217],[139.048645,34.769775],[139.048783,34.769284],[139.04877,34.768825],[139.048595,34.768409],[139.048345,34.768159],[139.047858,34.767776],[139.047158,34.767576],[139.047121,34.767292],[139.046908,34.767009],[139.046721,34.766842],[139.046446,34.766792],[139.045483,34.766917],[139.045058,34.767026],[139.044558,34.767034],[139.043996,34.766959],[139.042721,34.766692],[139.042371,34.766725],[139.042083,34.766534],[139.041921,34.766467],[139.040134,34.766084],[139.039184,34.765867],[139.038234,34.76575],[139.037921,34.765734],[139.037084,34.765767],[139.035772,34.765942],[139.034347,34.76635],[139.034222,34.76655],[139.032334,34.767542],[139.031984,34.767558],[139.031334,34.767675],[139.030484,34.767983],[139.029885,34.768008],[139.02926,34.7679],[139.02756,34.767241],[139.027122,34.766891],[139.02701,34.766733],[139.02651,34.765091],[139.026235,34.764558],[139.025947,34.764208],[139.025878,34.764159],[139.025835,34.764108],[139.02536,34.763758],[139.02466,34.763358],[139.023385,34.762433],[139.023123,34.761883],[139.023123,34.761292],[139.023448,34.760642],[139.023573,34.760125],[139.023573,34.759608],[139.023398,34.759192],[139.023335,34.758908],[139.023348,34.758425],[139.02326,34.758267],[139.023123,34.758275],[139.02311,34.758025],[139.02296,34.757792],[139.022898,34.75755],[139.02276,34.757317],[139.022623,34.757167],[139.022485,34.756809],[139.02236,34.75655],[139.022423,34.756309],[139.022323,34.756142],[139.021985,34.756084],[139.021848,34.75595],[139.021485,34.7557],[139.021135,34.754942],[139.020885,34.754842],[139.020623,34.754659],[139.020285,34.754309],[139.01971,34.754142],[139.019098,34.754117],[139.018173,34.754125],[139.017773,34.754092],[139.017311,34.754134],[139.016236,34.754075],[139.016111,34.754125],[139.015486,34.754042],[139.015048,34.753817],[139.014423,34.753325],[139.013511,34.753167],[139.013523,34.751959],[139.013561,34.751892],[139.013523,34.751634],[139.012773,34.751609],[139.012223,34.751492],[139.012061,34.751534],[139.011274,34.75155],[139.010599,34.751717],[139.010161,34.751975],[139.009874,34.752408],[139.009649,34.752867],[139.009586,34.753233],[139.009011,34.753175],[139.008661,34.753233],[139.008324,34.7531],[139.008149,34.752467],[139.007699,34.752425],[139.007124,34.752325],[139.006711,34.752425],[139.006349,34.752575],[139.006274,34.752542],[139.005661,34.752442],[139.004936,34.752175],[139.004512,34.751833],[139.004224,34.7515],[139.003612,34.7505],[139.003037,34.749033],[139.002762,34.74865],[139.002024,34.748442],[139.001799,34.748217],[139.001512,34.747417],[139.001337,34.746567],[139.000787,34.746492],[139.000362,34.746333],[138.999774,34.746058],[138.999549,34.745925],[138.999099,34.745475],[138.998762,34.744992],[138.998412,34.744392],[138.997587,34.742659],[138.996962,34.742209],[138.997449,34.741767],[138.997987,34.741375],[138.998224,34.740884],[138.998499,34.739592],[138.998812,34.739651],[138.998937,34.739209],[138.999049,34.739126],[138.999237,34.739184],[138.999337,34.739017],[138.999374,34.738617],[138.999674,34.738642],[138.999787,34.738417],[138.999574,34.737492],[138.999699,34.737101],[139.000099,34.736693],[139.000586,34.736359],[139.000524,34.735968],[139.000074,34.735859],[138.999599,34.735351],[138.999337,34.735193],[138.999212,34.735018],[138.998987,34.734876],[138.998837,34.734376],[138.998824,34.734151],[138.998637,34.733884],[138.998324,34.733768],[138.998062,34.733743],[138.997649,34.733834],[138.997349,34.733659],[138.997262,34.733426],[138.997349,34.733168],[138.99687,34.732389],[138.996624,34.732035],[138.996749,34.731693],[138.996637,34.731176],[138.996687,34.73101],[138.996662,34.730701],[138.996762,34.730576],[138.99687,34.730564],[138.997137,34.730543],[138.997549,34.730318],[138.997749,34.729785],[138.997674,34.729518],[138.997512,34.729452],[138.997049,34.72941],[138.996897,34.729491],[138.99687,34.729472],[138.996749,34.729385],[138.996562,34.729401],[138.996649,34.729152],[138.996762,34.728993],[138.996712,34.728877],[138.996787,34.728635],[138.996549,34.728427],[138.996174,34.728443],[138.995762,34.728602],[138.995699,34.728735],[138.995474,34.728768],[138.995369,34.728868],[138.995355,34.728854],[138.995399,34.728727],[138.995324,34.72856],[138.994837,34.728593],[138.994299,34.728785],[138.994074,34.728793],[138.994049,34.72871],[138.993987,34.728693],[138.993462,34.728885],[138.993137,34.728835],[138.992912,34.728543],[138.993412,34.72821],[138.993474,34.728101],[138.993399,34.727977],[138.992924,34.728035],[138.992724,34.72821],[138.992437,34.72811],[138.992199,34.727693],[138.992224,34.727577],[138.992424,34.727227],[138.992687,34.72711],[138.992999,34.727018],[138.993262,34.726768],[138.993699,34.726477],[138.993962,34.726193],[138.993849,34.726077],[138.993424,34.726135],[138.993362,34.726193],[138.993199,34.726185],[138.993324,34.72561],[138.993099,34.725427],[138.992824,34.725452],[138.992774,34.725518],[138.992162,34.725835],[138.991949,34.725902],[138.991824,34.72601],[138.991637,34.726085],[138.991612,34.726152],[138.991362,34.726177],[138.991199,34.726268],[138.991062,34.72616],[138.991274,34.726018],[138.991537,34.725577],[138.991437,34.725418],[138.990877,34.72557],[138.990837,34.725518],[138.991387,34.72506],[138.991599,34.72476],[138.991849,34.724618],[138.992024,34.724385],[138.991874,34.72416],[138.991774,34.724127],[138.991262,34.724127],[138.991062,34.724052],[138.991299,34.723752],[138.991574,34.723627],[138.991762,34.723494],[138.992037,34.723419],[138.992074,34.723277],[138.992387,34.722785],[138.992187,34.72276],[138.991924,34.72291],[138.991687,34.72311],[138.991549,34.723277],[138.991374,34.723227],[138.991049,34.72336],[138.990949,34.723235],[138.990775,34.722877],[138.990924,34.72266],[138.990912,34.722519],[138.9907,34.72256],[138.99085,34.722044],[138.990612,34.721944],[138.990487,34.722085],[138.990162,34.72216],[138.990112,34.722327],[138.989875,34.722477],[138.98975,34.722635],[138.989275,34.722835],[138.988537,34.723243],[138.988337,34.723135],[138.9882,34.72291],[138.988362,34.722769],[138.988675,34.72271],[138.9887,34.722594],[138.9889,34.722485],[138.98895,34.722294],[138.98905,34.722202],[138.989275,34.721802],[138.989187,34.72171],[138.988912,34.721677],[138.988862,34.721644],[138.988625,34.72161],[138.988412,34.72141],[138.988412,34.721285],[138.988537,34.721252],[138.989137,34.720844],[138.989412,34.720619],[138.989712,34.720635],[138.989887,34.720602],[138.990087,34.72041],[138.9902,34.720402],[138.99035,34.720294],[138.990425,34.720002],[138.990662,34.719719],[138.99085,34.719636],[138.991212,34.719236],[138.9912,34.719136],[138.991675,34.718502],[138.991812,34.718461],[138.991949,34.718302],[138.992087,34.718252],[138.992474,34.717969],[138.992599,34.717736],[138.992649,34.717578],[138.992524,34.717544],[138.992087,34.717636],[138.99165,34.717628],[138.9915,34.717594],[138.991487,34.717444],[138.991362,34.717261],[138.991387,34.717094],[138.991325,34.716878],[138.990912,34.716711],[138.99075,34.716611],[138.990725,34.716536],[138.99055,34.716411],[138.990425,34.716244],[138.990437,34.716186],[138.990162,34.716061],[138.9906,34.715878],[138.9905,34.715686],[138.990262,34.715619],[138.9899,34.715794],[138.989537,34.715736],[138.989125,34.715403],[138.988837,34.715278],[138.988637,34.715119],[138.9884,34.715019],[138.988287,34.714769],[138.988087,34.714728],[138.987787,34.714419],[138.987575,34.714453],[138.987287,34.714244],[138.987225,34.714319],[138.9871,34.714153],[138.986925,34.714028],[138.9867,34.714061],[138.98635,34.713944],[138.986362,34.713803],[138.98615,34.713786],[138.985762,34.713561],[138.985537,34.713519],[138.985212,34.713278],[138.985088,34.713119],[138.9848,34.713069],[138.98465,34.712953],[138.984475,34.712886],[138.984075,34.712619],[138.983738,34.712578],[138.983338,34.712078],[138.982775,34.711528],[138.982888,34.71077],[138.982975,34.710636],[138.983075,34.71037],[138.982875,34.70987],[138.9827,34.709661],[138.982863,34.70922],[138.982575,34.709161],[138.982313,34.70947],[138.982038,34.709386],[138.981063,34.709278],[138.980963,34.709295],[138.978763,34.708811],[138.978725,34.707978],[138.978763,34.707595],[138.97925,34.707495],[138.979463,34.707153],[138.9793,34.706903],[138.979363,34.706787],[138.979313,34.706595],[138.979175,34.706595],[138.978563,34.706695],[138.978688,34.706978],[138.978425,34.707103],[138.978176,34.706787],[138.978051,34.706478],[138.978051,34.706362],[138.978138,34.706362],[138.978051,34.705978],[138.9785,34.705545],[138.978488,34.705478],[138.978313,34.705312],[138.978363,34.70517],[138.978613,34.705203],[138.978725,34.70517],[138.978863,34.70487],[138.978763,34.704745],[138.978975,34.704487],[138.97875,34.704295],[138.978575,34.704262],[138.978525,34.70442],[138.978151,34.704528],[138.977601,34.704478],[138.977326,34.70432],[138.977163,34.70412],[138.977051,34.704053],[138.976676,34.703537],[138.975913,34.702004],[138.975851,34.70152],[138.975801,34.70032],[138.975263,34.699887],[138.975188,34.699629],[138.975001,34.699337],[138.974763,34.699121],[138.974688,34.698762],[138.974551,34.698362],[138.973813,34.695954],[138.973776,34.695621],[138.973938,34.695121],[138.974063,34.694538],[138.974388,34.693971],[138.974126,34.693446],[138.973988,34.693005],[138.973913,34.69253],[138.973676,34.69143],[138.973438,34.690788],[138.973263,34.689955],[138.973201,34.688472],[138.973238,34.688005],[138.973363,34.687463],[138.973463,34.687372],[138.973551,34.687347],[138.973938,34.687422],[138.974001,34.687389],[138.974151,34.68693],[138.974438,34.686947],[138.974563,34.686905],[138.974538,34.686839],[138.974576,34.68668],[138.974438,34.686497],[138.974288,34.686397],[138.974101,34.686414],[138.974238,34.686014],[138.974451,34.685889],[138.975001,34.686005],[138.975588,34.685897],[138.975801,34.685772],[138.975751,34.685505],[138.975651,34.685314],[138.975476,34.685114],[138.975676,34.684922],[138.975763,34.684939],[138.976363,34.684906],[138.976438,34.685039],[138.976438,34.685122],[138.976676,34.685139],[138.976913,34.684756],[138.976876,34.684689],[138.976888,34.684522],[138.977026,34.684356],[138.976876,34.684172],[138.976988,34.684022],[138.976776,34.683722],[138.977063,34.683497],[138.977213,34.683256],[138.977038,34.683089],[138.977176,34.682931],[138.977488,34.682839],[138.977226,34.682439],[138.977201,34.681948],[138.977413,34.681873],[138.977701,34.682139],[138.978126,34.682306],[138.978538,34.682389],[138.979138,34.682389],[138.979238,34.682364],[138.979563,34.682439],[138.979851,34.682406],[138.980088,34.682131],[138.979976,34.681873],[138.980238,34.681714],[138.980351,34.681489],[138.980976,34.681323],[138.981088,34.681131],[138.980801,34.681006],[138.980376,34.681006],[138.980051,34.680973],[138.979951,34.681031],[138.979501,34.680906],[138.979288,34.680773],[138.979088,34.680748],[138.978913,34.680615],[138.978838,34.680615],[138.978776,34.68049],[138.978538,34.68039],[138.978238,34.680381],[138.978113,34.680123],[138.977863,34.680048],[138.977888,34.679873],[138.978051,34.679781],[138.977988,34.679606],[138.977913,34.679556],[138.977963,34.679356],[138.978063,34.679231],[138.977988,34.679098],[138.977776,34.678998],[138.977388,34.679006],[138.977338,34.67904],[138.977201,34.678898],[138.977013,34.678448],[138.977113,34.678206],[138.977401,34.678165],[138.977763,34.678048],[138.978088,34.677848],[138.978276,34.67759],[138.978326,34.67714],[138.978151,34.677015],[138.978101,34.67684],[138.977901,34.676882],[138.977876,34.676723],[138.977901,34.676548],[138.977663,34.676415],[138.977326,34.676465],[138.977113,34.676665],[138.977088,34.67659],[138.976813,34.676632],[138.976651,34.676315],[138.976213,34.676398],[138.976151,34.676357],[138.976088,34.676198],[138.975938,34.676132],[138.975688,34.67639],[138.975413,34.676548],[138.975138,34.67649],[138.974713,34.676482],[138.974426,34.676565],[138.973951,34.676598],[138.973689,34.676698],[138.973576,34.67669],[138.973239,34.67644],[138.972839,34.676048],[138.972751,34.675882],[138.972614,34.67539],[138.972526,34.674898],[138.972539,34.674482],[138.972751,34.674007],[138.973114,34.67349],[138.973601,34.673149],[138.973689,34.673174],[138.974151,34.673449],[138.974626,34.673424],[138.975251,34.673232],[138.975163,34.672965],[138.974814,34.67249],[138.974714,34.672265],[138.974939,34.672107],[138.975288,34.672132],[138.975501,34.672299],[138.976201,34.672624],[138.976438,34.672907],[138.976638,34.67299],[138.976676,34.673074],[138.976951,34.673049],[138.977026,34.67299],[138.977226,34.673149],[138.977388,34.673215],[138.977676,34.67319],[138.977601,34.672857],[138.977463,34.672774],[138.977501,34.672607],[138.977626,34.672499],[138.977463,34.672157],[138.977513,34.672149],[138.977813,34.672232],[138.978013,34.672124],[138.978176,34.671874],[138.978451,34.671582],[138.978376,34.671149],[138.978276,34.671066],[138.978488,34.670716],[138.978638,34.670641],[138.978363,34.670249],[138.978438,34.669958],[138.978638,34.669691],[138.978738,34.669508],[138.978763,34.669241],[138.978413,34.668924],[138.978451,34.668783],[138.978676,34.668741],[138.979001,34.669016],[138.979238,34.669399],[138.979388,34.669449],[138.979638,34.669358],[138.979751,34.669199],[138.979826,34.668933],[138.979726,34.668683],[138.978751,34.668516],[138.978301,34.668333],[138.978226,34.668158],[138.978276,34.667924],[138.978401,34.667708],[138.978626,34.667708],[138.979451,34.668074],[138.979901,34.668049],[138.979738,34.667733],[138.979513,34.66755],[138.979513,34.667483],[138.979738,34.66735],[138.979838,34.667375],[138.980013,34.667533],[138.980413,34.667583],[138.980438,34.667308],[138.980838,34.666933],[138.981101,34.666775],[138.981351,34.666775],[138.981426,34.6668],[138.981663,34.667091],[138.982338,34.667575],[138.982963,34.667716],[138.982963,34.667783],[138.983113,34.668075],[138.983338,34.668166],[138.983888,34.66855],[138.983963,34.668666],[138.984263,34.668583],[138.984538,34.668466],[138.984788,34.668516],[138.984863,34.668558],[138.985038,34.668766],[138.985388,34.668991],[138.985688,34.669041],[138.985813,34.66895],[138.985863,34.668883],[138.985838,34.668633],[138.985763,34.668366],[138.98515,34.667883],[138.98505,34.667683],[138.985125,34.667616],[138.9852,34.667616],[138.9853,34.667733],[138.985475,34.667816],[138.9856,34.66775],[138.98585,34.667508],[138.986025,34.667441],[138.98645,34.6674],[138.986775,34.667241],[138.986913,34.667083],[138.987163,34.666567],[138.987288,34.666408],[138.987288,34.666258],[138.987188,34.666233],[138.986788,34.666225],[138.986913,34.665983],[138.987013,34.66585],[138.987038,34.665733],[138.987,34.665708],[138.986763,34.665667],[138.986463,34.665683],[138.986163,34.665567],[138.986088,34.665483],[138.98625,34.665325],[138.9862,34.665167],[138.985901,34.665158],[138.985701,34.665067],[138.985701,34.664892],[138.985551,34.664733],[138.985276,34.664592],[138.985426,34.664508],[138.985401,34.664208],[138.985251,34.663958],[138.985051,34.663825],[138.984726,34.66385],[138.984576,34.663684],[138.984613,34.663459],[138.984813,34.663192],[138.985263,34.663042],[138.985288,34.662967],[138.985176,34.662267],[138.985501,34.661775],[138.985526,34.661667],[138.985526,34.66135],[138.985226,34.660984],[138.985213,34.660876],[138.985363,34.660376],[138.985638,34.660242],[138.986213,34.660134],[138.986288,34.660092],[138.986588,34.660026],[138.986876,34.659851],[138.987076,34.659601],[138.987176,34.659309],[138.987376,34.659042],[138.987563,34.658676],[138.987588,34.658384],[138.987513,34.658251],[138.987238,34.657976],[138.986913,34.657884],[138.986813,34.657701],[138.986913,34.657568],[138.986888,34.657393],[138.986738,34.657276],[138.986538,34.657318],[138.986438,34.657793],[138.986188,34.657809],[138.985938,34.657901],[138.985788,34.658009],[138.985801,34.658351],[138.985626,34.658393],[138.985376,34.658351],[138.985326,34.658551],[138.985201,34.658326],[138.984826,34.658301],[138.984576,34.658409],[138.984526,34.658501],[138.984376,34.658676],[138.984126,34.658792],[138.984076,34.658859],[138.984226,34.659109],[138.984051,34.659084],[138.982913,34.659209],[138.982163,34.659117],[138.981988,34.659001],[138.981888,34.659001],[138.981538,34.659176],[138.981513,34.659226],[138.981763,34.659359],[138.981713,34.659767],[138.981726,34.660151],[138.981526,34.660326],[138.981526,34.6606],[138.981651,34.660784],[138.981751,34.661142],[138.981601,34.6613],[138.981263,34.661342],[138.981301,34.661142],[138.981201,34.6608],[138.981176,34.6606],[138.981051,34.660459],[138.980776,34.660525],[138.980501,34.660409],[138.980426,34.660167],[138.980251,34.660117],[138.980351,34.659734],[138.980438,34.659551],[138.980288,34.659417],[138.980163,34.659376],[138.980238,34.658901],[138.980438,34.658359],[138.980476,34.657951],[138.980476,34.657659],[138.980326,34.657318],[138.980176,34.657276],[138.979851,34.657293],[138.979526,34.657293],[138.979476,34.657268],[138.979676,34.657109],[138.979726,34.656934],[138.979726,34.656684],[138.979939,34.656209],[138.979914,34.655943],[138.979689,34.655626],[138.979689,34.655534],[138.979589,34.655418],[138.979351,34.654768],[138.978689,34.654826],[138.978576,34.654718],[138.978676,34.65451],[138.978626,34.654351],[138.978676,34.653993],[138.978626,34.653585],[138.978426,34.653651],[138.978051,34.653851],[138.977751,34.653718],[138.977526,34.653535],[138.977226,34.653376],[138.97691,34.653325],[138.976551,34.653418],[138.976426,34.653501],[138.976051,34.653526],[138.975801,34.65361],[138.975576,34.653518],[138.975501,34.653543],[138.975401,34.65366],[138.974764,34.65401],[138.974514,34.653968],[138.974339,34.653876],[138.974289,34.653718],[138.974164,34.653651],[138.973864,34.65371],[138.973664,34.653826],[138.973689,34.654001],[138.973514,34.654118],[138.973414,34.654409],[138.973126,34.654768],[138.972826,34.654743],[138.972527,34.654584],[138.972414,34.654426],[138.972214,34.654284],[138.972027,34.654376],[138.971752,34.654468],[138.971302,34.654443],[138.970827,34.654168],[138.970377,34.654159],[138.970027,34.654434],[138.969977,34.654568],[138.970002,34.654768],[138.969839,34.655243],[138.969964,34.655426],[138.969964,34.655509],[138.969789,34.655801],[138.969589,34.655984],[138.969464,34.655959],[138.969339,34.656026],[138.969139,34.655893],[138.969214,34.655801],[138.969339,34.655843],[138.969414,34.655693],[138.968914,34.655209],[138.968089,34.655884],[138.968314,34.656042],[138.968127,34.656134],[138.967827,34.656151],[138.967827,34.656351],[138.967377,34.656759],[138.967302,34.656392],[138.966477,34.656184],[138.966664,34.655576],[138.966539,34.654426],[138.966402,34.654159],[138.966427,34.654068],[138.966802,34.653751],[138.966577,34.653393],[138.966277,34.65321],[138.965702,34.65296],[138.965202,34.652885],[138.964102,34.65301],[138.964152,34.653534],[138.963989,34.653668],[138.96359,34.653801],[138.96309,34.653884],[138.962365,34.653993],[138.961615,34.653743],[138.96154,34.653676],[138.961265,34.653626],[138.96099,34.653784],[138.960927,34.654476],[138.960802,34.654634],[138.960402,34.654701],[138.960027,34.654676],[138.959627,34.654743],[138.959352,34.654693],[138.959027,34.654626],[138.958627,34.654626],[138.958277,34.654576],[138.957677,34.654251],[138.957627,34.654209],[138.957127,34.654118],[138.956628,34.654226],[138.956365,34.654309],[138.95614,34.654451],[138.95599,34.654651],[138.95589,34.654942],[138.956015,34.655209],[138.955978,34.655509],[138.956003,34.656342],[138.956128,34.656475],[138.956303,34.656459],[138.956428,34.656859],[138.956752,34.656817],[138.956802,34.656884],[138.957102,34.657117],[138.95699,34.657434],[138.957015,34.658059],[138.95704,34.658217],[138.95714,34.658309],[138.95729,34.658292],[138.957265,34.658492],[138.956952,34.658759],[138.957127,34.65885],[138.957152,34.658917],[138.957027,34.658967],[138.956977,34.65905],[138.956927,34.659275],[138.957152,34.659283],[138.957302,34.65935],[138.957477,34.659308],[138.957977,34.659084],[138.958202,34.659017],[138.958252,34.659042],[138.958177,34.659308],[138.958052,34.659425],[138.958127,34.65985],[138.958252,34.659942],[138.958527,34.659875],[138.958627,34.659925],[138.958677,34.660008],[138.958677,34.660258],[138.958565,34.660483],[138.958815,34.660625],[138.95904,34.660892],[138.959115,34.66105],[138.95904,34.661208],[138.958865,34.661367],[138.958815,34.66155],[138.958665,34.661616],[138.958602,34.661775],[138.958277,34.66215],[138.958077,34.66285],[138.95804,34.6633],[138.958115,34.663483],[138.95809,34.66355],[138.958115,34.663733],[138.95819,34.663824],[138.958215,34.664066],[138.958302,34.664474],[138.958302,34.664766],[138.958377,34.664949],[138.958502,34.665083],[138.958627,34.665174],[138.958727,34.665399],[138.958902,34.665541],[138.959002,34.665649],[138.959252,34.665883],[138.959752,34.666174],[138.959827,34.666199],[138.959865,34.666424],[138.959815,34.666807],[138.959715,34.666924],[138.95969,34.667099],[138.959565,34.667441],[138.959502,34.668024],[138.959452,34.668274],[138.959552,34.668499],[138.959502,34.668724],[138.959677,34.668932],[138.959727,34.668932],[138.959765,34.66924],[138.960089,34.669499],[138.960339,34.669565],[138.960664,34.66954],[138.961014,34.669707],[138.961264,34.66989],[138.961314,34.669957],[138.961639,34.670165],[138.962127,34.67019],[138.962514,34.670307],[138.962839,34.670574],[138.963027,34.670657],[138.963052,34.670849],[138.963177,34.671024],[138.963327,34.671874],[138.963514,34.672407],[138.963564,34.672657],[138.963377,34.673107],[138.963039,34.673648],[138.962714,34.674082],[138.962477,34.674115],[138.961814,34.673907],[138.961489,34.673956],[138.961152,34.674081],[138.961189,34.67419],[138.961164,34.67464],[138.961014,34.674781],[138.960564,34.674923],[138.960377,34.674773],[138.960014,34.67464],[138.959827,34.67464],[138.959352,34.67479],[138.959077,34.674731],[138.958452,34.674973],[138.958715,34.675365],[138.959489,34.67514],[138.959727,34.67514],[138.959902,34.67519],[138.959527,34.676031],[138.959364,34.676189],[138.95744,34.676673],[138.956252,34.676756],[138.95514,34.676589],[138.95464,34.676364],[138.953977,34.675931],[138.953477,34.675556],[138.953027,34.675348],[138.952827,34.675281],[138.952228,34.675164],[138.952253,34.674706],[138.952578,34.674698],[138.95354,34.67414],[138.953377,34.673973],[138.952678,34.674365],[138.952453,34.674156],[138.947865,34.673765],[138.947853,34.673398],[138.948765,34.673281],[138.94859,34.672281],[138.948828,34.672248],[138.948528,34.670457],[138.948803,34.67019],[138.949215,34.66994],[138.949665,34.669398],[138.949615,34.669223],[138.94944,34.668949],[138.949403,34.668699],[138.949228,34.668565],[138.948778,34.66849],[138.948603,34.668424],[138.948903,34.668132],[138.948953,34.667615],[138.948828,34.667432],[138.948653,34.667299],[138.94894,34.667074],[138.948865,34.666824],[138.94889,34.666624],[138.948491,34.666074],[138.948366,34.666099],[138.948316,34.66614],[138.947966,34.666232],[138.947941,34.666165],[138.947791,34.66609],[138.947666,34.665891],[138.947241,34.665749],[138.946841,34.665799],[138.946391,34.66604],[138.946191,34.66599],[138.945791,34.665632],[138.946378,34.665116],[138.946453,34.664866],[138.946728,34.664757],[138.947003,34.665116],[138.947303,34.665257],[138.947603,34.665216],[138.947828,34.665099],[138.948253,34.665149],[138.948453,34.665066],[138.948353,34.664899],[138.947978,34.664674],[138.947703,34.664491],[138.947678,34.664424],[138.947716,34.664174],[138.947666,34.664107],[138.947666,34.663949],[138.947841,34.663882],[138.947966,34.663774],[138.948166,34.663657],[138.948266,34.663433],[138.948391,34.663258],[138.948341,34.663099],[138.948091,34.663033],[138.947778,34.662708],[138.947453,34.662524],[138.946953,34.662416],[138.946416,34.662499],[138.945966,34.662633],[138.945691,34.662766],[138.945591,34.663032],[138.945916,34.663216],[138.945891,34.663266],[138.945566,34.663349],[138.945116,34.663366],[138.944803,34.663524],[138.944603,34.663591],[138.944653,34.663774],[138.945253,34.663957],[138.945603,34.664007],[138.945803,34.664524],[138.945778,34.664724],[138.945216,34.664924],[138.944941,34.665057],[138.944441,34.665165],[138.944341,34.665257],[138.944116,34.665732],[138.943916,34.66589],[138.944128,34.66614],[138.944028,34.666315],[138.943853,34.666499],[138.943528,34.666632],[138.943104,34.66669],[138.942704,34.666582],[138.942404,34.666307],[138.941904,34.666349],[138.941491,34.666749],[138.941416,34.666974],[138.941241,34.667198],[138.941241,34.667607],[138.941191,34.667807],[138.941004,34.668057],[138.940304,34.668232],[138.940029,34.668207],[138.939654,34.667982],[138.939191,34.667323],[138.938741,34.66684],[138.938866,34.66669],[138.938916,34.66644],[138.938891,34.666348],[138.938566,34.666365],[138.938192,34.666548],[138.937192,34.666565],[138.937042,34.666582],[138.936454,34.666673],[138.936329,34.666648],[138.935967,34.666332],[138.935917,34.666148],[138.936142,34.66599],[138.936367,34.665748],[138.936667,34.66559],[138.936892,34.665407],[138.937079,34.665207],[138.937629,34.664874],[138.937879,34.664607],[138.938054,34.664474],[138.938429,34.664407],[138.938967,34.66414],[138.939566,34.663715],[138.940004,34.663224],[138.940254,34.663024],[138.940479,34.662932],[138.940654,34.662749],[138.941316,34.662416],[138.941491,34.662241],[138.941541,34.662016],[138.941391,34.661899],[138.940891,34.662007],[138.940891,34.661782],[138.940616,34.661666],[138.940192,34.661599],[138.939842,34.661599],[138.939642,34.661616],[138.939967,34.661824],[138.939767,34.661866],[138.939392,34.661749],[138.939204,34.661866],[138.939079,34.661857],[138.938942,34.661457],[138.938742,34.661499],[138.938454,34.661657],[138.938329,34.661766],[138.938104,34.661716],[138.937904,34.661649],[138.937617,34.661357],[138.937692,34.661241],[138.937767,34.661199],[138.937542,34.660907],[138.937067,34.660899],[138.936967,34.660699],[138.936817,34.660699],[138.936667,34.660624],[138.936567,34.660491],[138.936692,34.660307],[138.936767,34.660307],[138.937167,34.660132],[138.937479,34.659907],[138.937504,34.659824],[138.937004,34.659616],[138.936754,34.659541],[138.93648,34.659632],[138.936355,34.659499],[138.93633,34.659382],[138.93613,34.659407],[138.936005,34.659474],[138.93578,34.659199],[138.935505,34.659016],[138.93528,34.658991],[138.934905,34.659016],[138.934705,34.659149],[138.934617,34.659666],[138.934442,34.659824],[138.934442,34.659932],[138.934342,34.660157],[138.933967,34.660341],[138.932805,34.660507],[138.932105,34.660457],[138.931855,34.660366],[138.931305,34.660116],[138.930405,34.659724],[138.929755,34.659699],[138.92978,34.659382],[138.929743,34.659116],[138.929693,34.659066],[138.929368,34.659091],[138.929055,34.659149],[138.92888,34.659149],[138.928455,34.658991],[138.927893,34.658674],[138.927068,34.657941],[138.926643,34.657716],[138.926193,34.657599],[138.926018,34.657466],[138.925468,34.656966],[138.925294,34.656691],[138.925306,34.656441],[138.925381,34.656332],[138.925856,34.655974],[138.925956,34.655749],[138.925506,34.655699],[138.925431,34.655582],[138.925531,34.655407],[138.925431,34.655341],[138.925031,34.655241],[138.922806,34.654916],[138.921707,34.654632],[138.921107,34.654382],[138.920544,34.653949],[138.91937,34.653266],[138.91812,34.652216],[138.91797,34.652057],[138.918182,34.651949],[138.918257,34.651816],[138.917932,34.651766],[138.917857,34.651699],[138.917832,34.651408],[138.917907,34.651249],[138.917832,34.651091],[138.917957,34.651041],[138.918207,34.650733],[138.918182,34.650708],[138.918032,34.650708],[138.917757,34.650866],[138.917582,34.650974],[138.917407,34.651016],[138.917083,34.650699],[138.916795,34.650291],[138.916595,34.649933],[138.916595,34.649774],[138.91677,34.649708],[138.91677,34.649549],[138.916645,34.649433],[138.916745,34.649341],[138.916845,34.649324],[138.916945,34.649049],[138.917258,34.648849],[138.917458,34.648558],[138.917683,34.648449],[138.917658,34.648249],[138.917558,34.648224],[138.917283,34.648358],[138.917158,34.648308],[138.917008,34.648124],[138.916708,34.647924],[138.916133,34.647941],[138.915983,34.647783],[138.916158,34.647649],[138.916745,34.647516],[138.91712,34.647316],[138.917395,34.647],[138.91747,34.646666],[138.917395,34.646616],[138.91722,34.646841],[138.917095,34.646908],[138.91707,34.64675],[138.917195,34.646525],[138.917358,34.646391],[138.917758,34.64565],[138.917833,34.645583],[138.91802,34.645158],[138.91797,34.645],[138.918095,34.644841],[138.91812,34.644775],[138.917995,34.644683],[138.917945,34.644683],[138.91772,34.644858],[138.917395,34.64495],[138.91657,34.644833],[138.916471,34.644625],[138.916496,34.6444],[138.916721,34.644266],[138.916846,34.643975],[138.916896,34.643642],[138.916808,34.643008],[138.916833,34.642758],[138.916783,34.642758],[138.916583,34.642892],[138.916308,34.642867],[138.915933,34.642775],[138.916008,34.642392],[138.916008,34.642258],[138.916371,34.641967],[138.916546,34.641717],[138.916546,34.641467],[138.916446,34.641308],[138.916346,34.641292],[138.916221,34.641358],[138.916221,34.6414],[138.916046,34.641508],[138.915946,34.641558],[138.915871,34.641467],[138.915946,34.641267],[138.915846,34.641192],[138.915521,34.641325],[138.915346,34.641442],[138.914946,34.641258],[138.913946,34.64055],[138.913384,34.639825],[138.912859,34.638892],[138.912696,34.638442],[138.912496,34.637384],[138.912509,34.636934],[138.912559,34.636592],[138.912509,34.636317],[138.912597,34.635759],[138.912722,34.635534],[138.912647,34.635326],[138.912497,34.635351],[138.912347,34.635326],[138.912272,34.634717],[138.911997,34.634626],[138.911797,34.634717],[138.911597,34.634709],[138.911597,34.634801],[138.911272,34.634759],[138.910922,34.634276],[138.910422,34.634051],[138.910022,34.633976],[138.909747,34.633842],[138.909322,34.633684],[138.908822,34.633542],[138.908435,34.633384],[138.908085,34.633134],[138.907985,34.632992],[138.90796,34.632384],[138.907885,34.632276],[138.908235,34.632051],[138.908247,34.631984],[138.908072,34.631618],[138.907747,34.631709],[138.907697,34.631501],[138.907622,34.631343],[138.907497,34.631459],[138.907385,34.631934],[138.907435,34.632134],[138.90711,34.632359],[138.906935,34.632334],[138.90646,34.631876],[138.90646,34.631701],[138.906235,34.631626],[138.90561,34.631468],[138.90551,34.631443],[138.905523,34.631193],[138.905423,34.630993],[138.905073,34.631059],[138.904848,34.631143],[138.904798,34.631076],[138.904823,34.630901],[138.905098,34.630743],[138.905448,34.630185],[138.90526,34.629843],[138.90511,34.62946],[138.90501,34.629051],[138.90486,34.629001],[138.90461,34.62916],[138.90426,34.629493],[138.903698,34.629943],[138.903373,34.630435],[138.903148,34.630726],[138.902885,34.630793],[138.902685,34.631059],[138.902485,34.630901],[138.90191,34.631101],[138.901386,34.631551],[138.901148,34.632026],[138.901098,34.631951],[138.901023,34.631726],[138.900698,34.631884],[138.900398,34.632126],[138.900198,34.632351],[138.899848,34.632484],[138.899336,34.632484],[138.898911,34.632567],[138.897736,34.633376],[138.897324,34.633509],[138.896924,34.63355],[138.896574,34.633409],[138.896499,34.633234],[138.896274,34.633159],[138.896086,34.632934],[138.896011,34.632817],[138.896061,34.632393],[138.896036,34.632143],[138.895786,34.632118],[138.895861,34.631959],[138.895836,34.631918],[138.895711,34.631918],[138.895461,34.631959],[138.895361,34.632051],[138.895336,34.632159],[138.895161,34.632093],[138.895111,34.632276],[138.895111,34.632501],[138.894961,34.632659],[138.894774,34.632809],[138.894824,34.632993],[138.894749,34.633193],[138.894499,34.633484],[138.894324,34.633618],[138.894386,34.634276],[138.894261,34.634459],[138.893911,34.634634],[138.893286,34.634768],[138.893061,34.634768],[138.892074,34.634643],[138.891324,34.63446],[138.890786,34.634185],[138.890036,34.633685],[138.889561,34.633185],[138.889236,34.632752],[138.888699,34.631961],[138.888499,34.631552],[138.888424,34.631144],[138.888536,34.629836],[138.888249,34.629136],[138.888549,34.629028],[138.888699,34.628661],[138.889111,34.628195],[138.889286,34.628261],[138.889486,34.628244],[138.889636,34.628403],[138.889661,34.628511],[138.889836,34.628628],[138.890061,34.628744],[138.890261,34.628769],[138.890461,34.628744],[138.890811,34.628769],[138.891136,34.628636],[138.891111,34.628861],[138.891136,34.629069],[138.891461,34.629136],[138.891761,34.629119],[138.891911,34.628977],[138.892186,34.628844],[138.892486,34.628869],[138.892461,34.628736],[138.892286,34.628644],[138.892236,34.628461],[138.892036,34.628327],[138.891886,34.628352],[138.891811,34.628419],[138.891736,34.628261],[138.891686,34.628236],[138.891386,34.628278],[138.891336,34.628053],[138.891024,34.627753],[138.891124,34.627619],[138.891324,34.627578],[138.891299,34.627328],[138.891124,34.627303],[138.891049,34.627211],[138.890849,34.627169],[138.890799,34.626986],[138.890499,34.626786],[138.890274,34.626778],[138.890074,34.626761],[138.889999,34.626778],[138.889924,34.626753],[138.890074,34.626511],[138.890111,34.62622],[138.889986,34.62567],[138.890036,34.62552],[138.890211,34.625337],[138.890111,34.625178],[138.889986,34.625112],[138.889899,34.624795],[138.889749,34.624795],[138.889686,34.624928],[138.889536,34.624995],[138.889411,34.625245],[138.889112,34.62492],[138.888937,34.624878],[138.888762,34.624962],[138.888787,34.625078],[138.888637,34.62517],[138.888612,34.625278],[138.888487,34.62537],[138.888412,34.625553],[138.888562,34.625595],[138.888499,34.625887],[138.888624,34.626112],[138.888674,34.626253],[138.888249,34.626295],[138.888099,34.626228],[138.887924,34.626362],[138.887799,34.62652],[138.887749,34.626695],[138.887749,34.626878],[138.887799,34.626945],[138.887787,34.627078],[138.887437,34.62712],[138.886862,34.627145],[138.886262,34.626978],[138.886037,34.626862],[138.885662,34.62657],[138.885424,34.626254],[138.885299,34.625979],[138.885374,34.625712],[138.885599,34.625579],[138.885924,34.625554],[138.886374,34.625562],[138.886699,34.625495],[138.886512,34.624837],[138.886787,34.624612],[138.886737,34.624437],[138.886949,34.624004],[138.886974,34.623896],[138.886924,34.623846],[138.886624,34.623821],[138.886324,34.623687],[138.885949,34.623612],[138.885649,34.623612],[138.885574,34.623571],[138.884887,34.623746],[138.884662,34.623721],[138.884612,34.623854],[138.884437,34.623962],[138.884012,34.624029],[138.883337,34.624413],[138.882874,34.624588],[138.882699,34.624604],[138.882149,34.624513],[138.880999,34.624096],[138.880824,34.624055],[138.880324,34.624072],[138.880174,34.623913],[138.879849,34.624113],[138.879624,34.624338],[138.879674,34.624472],[138.879049,34.624647],[138.878524,34.624713],[138.87815,34.624622],[138.878075,34.624555],[138.877525,34.62358],[138.877175,34.623239],[138.876787,34.622964],[138.876362,34.622831],[138.8757,34.622797],[138.874775,34.622798],[138.874425,34.622698],[138.874225,34.622448],[138.874162,34.621931],[138.874225,34.620914],[138.874075,34.620531],[138.873387,34.619581],[138.872762,34.61899],[138.872887,34.618698],[138.872862,34.61849],[138.872813,34.618248],[138.872775,34.61804],[138.872625,34.61779],[138.872625,34.617682],[138.87255,34.617632],[138.872425,34.617632],[138.8723,34.61754],[138.872075,34.617565],[138.871883,34.617627],[138.871625,34.617723],[138.871175,34.618082],[138.870738,34.618215],[138.869688,34.618157],[138.869588,34.618207],[138.869563,34.61854],[138.868913,34.61879],[138.8686,34.618965],[138.8684,34.61914],[138.8681,34.619299],[138.867775,34.619407],[138.8668,34.619674],[138.86645,34.619715],[138.866225,34.619691],[138.866025,34.619507],[138.86555,34.619374],[138.86545,34.619307],[138.865,34.619141],[138.864925,34.618357],[138.8648,34.618016],[138.863813,34.616383],[138.863501,34.616066],[138.863026,34.615908],[138.862451,34.615858],[138.860113,34.615725],[138.859638,34.615633],[138.859313,34.61545],[138.859038,34.615175],[138.858801,34.614608],[138.858626,34.614433],[138.858651,34.614341],[138.858376,34.614025],[138.858964,34.613483],[138.859139,34.613533],[138.860064,34.61255],[138.859214,34.612541],[138.859189,34.612333],[138.858776,34.612175],[138.858139,34.612241],[138.857914,34.61235],[138.857289,34.612525],[138.857164,34.612641],[138.857114,34.612816],[138.856989,34.61295],[138.856739,34.613],[138.856676,34.613108],[138.856576,34.613175],[138.856526,34.613308],[138.856376,34.613491],[138.856226,34.613558],[138.856026,34.6136],[138.855776,34.613575],[138.855551,34.613525],[138.855401,34.613366],[138.855326,34.613233],[138.855201,34.613116],[138.854976,34.613025],[138.854577,34.612933],[138.854452,34.6128],[138.854102,34.612658],[138.853789,34.612275],[138.853689,34.61205],[138.853589,34.611916],[138.853439,34.611775],[138.852964,34.611683],[138.852764,34.611683],[138.852664,34.611791],[138.852614,34.61195],[138.852539,34.612],[138.852339,34.611991],[138.852052,34.612125],[138.851877,34.612083],[138.851702,34.612083],[138.851339,34.61165],[138.851139,34.611625],[138.851039,34.611666],[138.851152,34.61185],[138.851252,34.612191],[138.851327,34.612233],[138.851227,34.6123],[138.851152,34.612458],[138.850702,34.612791],[138.850289,34.613175],[138.850089,34.613283],[138.849789,34.613258],[138.849414,34.6131],[138.849064,34.612916],[138.84869,34.612558],[138.848427,34.612058],[138.848427,34.611941],[138.848752,34.611358],[138.849165,34.610866],[138.84919,34.610758],[138.84954,34.610666],[138.84969,34.610575],[138.84974,34.61015],[138.849715,34.610125],[138.849565,34.6101],[138.849365,34.610125],[138.848815,34.609983],[138.84829,34.609983],[138.848215,34.609825],[138.84834,34.609641],[138.848552,34.609483],[138.848777,34.609441],[138.849027,34.609358],[138.849302,34.6094],[138.849627,34.609408],[138.849802,34.609358],[138.849952,34.60925],[138.850027,34.609091],[138.849902,34.608841],[138.849602,34.608683],[138.849477,34.6087],[138.848777,34.608608],[138.848502,34.608491],[138.848427,34.608241],[138.848465,34.608],[138.848315,34.608017],[138.84794,34.608083],[138.847627,34.608058],[138.84754,34.607942],[138.84769,34.607808],[138.84774,34.607675],[138.84784,34.607583],[138.84789,34.607317],[138.84809,34.606867],[138.848277,34.606692],[138.848302,34.606533],[138.848402,34.606442],[138.848402,34.605967],[138.848502,34.605558],[138.84864,34.605225],[138.848665,34.605042],[138.848615,34.604883],[138.848465,34.604792],[138.847915,34.604725],[138.84789,34.604675],[138.847715,34.604633],[138.847615,34.604092],[138.847615,34.60395],[138.84749,34.603883],[138.84719,34.603908],[138.846865,34.604333],[138.84679,34.604467],[138.84694,34.604533],[138.846965,34.604583],[138.84684,34.604667],[138.846253,34.6055],[138.846203,34.6057],[138.846203,34.60595],[138.846153,34.606242],[138.845965,34.606425],[138.845965,34.606558],[138.846165,34.606742],[138.846465,34.6069],[138.84644,34.607058],[138.846265,34.607058],[138.84614,34.607008],[138.846115,34.606942],[138.84589,34.606917],[138.84534,34.60705],[138.845115,34.607183],[138.844965,34.6073],[138.844478,34.607383],[138.844078,34.607541],[138.844003,34.60765],[138.843828,34.607783],[138.843278,34.608275],[138.84299,34.608633],[138.84254,34.608475],[138.842365,34.608358],[138.842428,34.608183],[138.842653,34.608],[138.842778,34.607841],[138.843528,34.607283],[138.843715,34.607058],[138.843965,34.606883],[138.844665,34.606641],[138.84479,34.606525],[138.845065,34.606258],[138.845215,34.606217],[138.845278,34.605967],[138.845278,34.605717],[138.845153,34.605492],[138.845078,34.605425],[138.845103,34.605308],[138.845328,34.605333],[138.845428,34.605267],[138.845765,34.604525],[138.845765,34.604367],[138.84589,34.604233],[138.845965,34.604008],[138.846165,34.603625],[138.84609,34.603492],[138.845865,34.603467],[138.84574,34.603558],[138.845465,34.603692],[138.845265,34.603733],[138.845115,34.60385],[138.84479,34.604],[138.84474,34.60405],[138.84429,34.604175],[138.843965,34.604108],[138.844115,34.603975],[138.844415,34.603867],[138.84464,34.603683],[138.844915,34.603375],[138.845578,34.602992],[138.845828,34.602725],[138.846028,34.602275],[138.846178,34.60225],[138.846353,34.602325],[138.846528,34.602208],[138.846465,34.602075],[138.846315,34.602008],[138.84619,34.601692],[138.845715,34.601617],[138.845515,34.601725],[138.84504,34.601458],[138.84489,34.601525],[138.844915,34.601658],[138.844803,34.601767],[138.844778,34.602017],[138.844803,34.602175],[138.844703,34.602308],[138.844478,34.602017],[138.844328,34.6019],[138.844153,34.601925],[138.843728,34.602208],[138.843603,34.60205],[138.843753,34.601742],[138.843753,34.601583],[138.843815,34.601442],[138.843665,34.601267],[138.84364,34.601125],[138.843416,34.600833],[138.842991,34.600925],[138.842816,34.600967],[138.842616,34.601033],[138.842516,34.6011],[138.842341,34.601117],[138.842053,34.601317],[138.842003,34.601317],[138.842053,34.601458],[138.841953,34.601725],[138.842078,34.601975],[138.841828,34.602358],[138.841666,34.602942],[138.841591,34.603008],[138.841516,34.602983],[138.841591,34.602517],[138.841578,34.601742],[138.841378,34.60165],[138.841153,34.60165],[138.840978,34.601767],[138.840491,34.602433],[138.840416,34.602592],[138.840441,34.602817],[138.840416,34.603042],[138.840316,34.603158],[138.840266,34.603342],[138.840278,34.603742],[138.840303,34.603858],[138.840278,34.6044],[138.840078,34.604733],[138.839966,34.60485],[138.839816,34.605116],[138.839691,34.60525],[138.839616,34.605408],[138.839516,34.605433],[138.839466,34.605183],[138.839703,34.604708],[138.839803,34.604325],[138.839778,34.604258],[138.839603,34.604141],[138.839378,34.604116],[138.839228,34.604166],[138.839178,34.604166],[138.839103,34.603958],[138.838778,34.603983],[138.838703,34.60405],[138.838578,34.60405],[138.838678,34.6036],[138.838653,34.603416],[138.838303,34.603258],[138.838028,34.603483],[138.837853,34.603791],[138.837878,34.604016],[138.837691,34.604266],[138.837641,34.604491],[138.837516,34.604783],[138.837366,34.604808],[138.836891,34.604983],[138.836741,34.605075],[138.836541,34.605116],[138.836391,34.605208],[138.836303,34.60545],[138.836178,34.605541],[138.836078,34.6057],[138.835878,34.605833],[138.835853,34.606016],[138.835878,34.606375],[138.835853,34.606416],[138.835728,34.606466],[138.835628,34.606216],[138.835628,34.606033],[138.835503,34.605875],[138.835279,34.605783],[138.835254,34.605533],[138.835304,34.605516],[138.835553,34.605466],[138.835866,34.6052],[138.835891,34.605066],[138.836041,34.605],[138.836066,34.604975],[138.836191,34.604908],[138.836291,34.6048],[138.836416,34.604708],[138.836516,34.604575],[138.836666,34.604483],[138.836566,34.6041],[138.836341,34.604033],[138.836141,34.60405],[138.835816,34.604208],[138.835666,34.604208],[138.835441,34.604141],[138.835441,34.604091],[138.835341,34.604066],[138.834766,34.604158],[138.834541,34.604241],[138.834491,34.604358],[138.834591,34.60445],[138.834591,34.604583],[138.834441,34.604675],[138.834391,34.604741],[138.834241,34.604758],[138.834129,34.604966],[138.833954,34.604983],[138.833854,34.605116],[138.833704,34.605166],[138.833529,34.605299],[138.833379,34.605366],[138.833304,34.605316],[138.833079,34.605316],[138.833229,34.604933],[138.832804,34.604933],[138.832654,34.604974],[138.832654,34.605016],[138.832179,34.605199],[138.832054,34.605374],[138.831979,34.605399],[138.831929,34.605574],[138.831616,34.605783],[138.831591,34.605849],[138.831441,34.605916],[138.831116,34.605999],[138.830991,34.606116],[138.830816,34.606066],[138.830641,34.606091],[138.830516,34.606158],[138.830391,34.606133],[138.830191,34.606174],[138.830016,34.606108],[138.829791,34.606083],[138.829341,34.605966],[138.829291,34.605899],[138.829067,34.605849],[138.828867,34.605733],[138.828767,34.605733],[138.828792,34.605508],[138.828867,34.605399],[138.828742,34.605241],[138.828767,34.605108],[138.828642,34.605083],[138.828542,34.604941],[138.828529,34.604716],[138.828429,34.604741],[138.828342,34.604849],[138.828342,34.605008],[138.828067,34.605033],[138.827892,34.605099],[138.827792,34.605366],[138.827767,34.605549],[138.827842,34.605641],[138.827892,34.605933],[138.827742,34.606041],[138.827529,34.606024],[138.827429,34.606199],[138.827279,34.606199],[138.827129,34.606307],[138.826904,34.606332],[138.826879,34.606357],[138.826529,34.606374],[138.826279,34.606324],[138.826029,34.606216],[138.825904,34.606057],[138.825654,34.605891],[138.825479,34.605874],[138.825429,34.605941],[138.825479,34.606049],[138.825454,34.606232],[138.825404,34.606274],[138.825329,34.606391],[138.825504,34.606549],[138.825592,34.606999],[138.825517,34.607199],[138.825567,34.607291],[138.825492,34.607316],[138.825142,34.607332],[138.825017,34.607624],[138.825067,34.607782],[138.825217,34.607874],[138.825417,34.607899],[138.825617,34.607741],[138.825817,34.607816],[138.825917,34.607924],[138.826142,34.607882],[138.826267,34.607816],[138.826417,34.607791],[138.826617,34.607724],[138.826717,34.607774],[138.826217,34.608066],[138.826117,34.608149],[138.825967,34.608199],[138.825842,34.608282],[138.825679,34.608349],[138.825704,34.608491],[138.825329,34.608557],[138.825204,34.608549],[138.825104,34.608574],[138.824854,34.608665],[138.824854,34.608799],[138.824754,34.608799],[138.824629,34.608907],[138.824729,34.609049],[138.824704,34.609157],[138.824454,34.60929],[138.824379,34.609382],[138.824417,34.609474],[138.824929,34.609499],[138.824892,34.609565],[138.824742,34.609724],[138.824742,34.609832],[138.824842,34.609924],[138.825342,34.609932],[138.825417,34.61004],[138.825542,34.610157],[138.825042,34.610199],[138.824867,34.61024],[138.824717,34.610215],[138.824542,34.610265],[138.824267,34.610465],[138.824192,34.61044],[138.823992,34.610574],[138.823979,34.610865],[138.824079,34.610957],[138.824254,34.610982],[138.824429,34.610957],[138.824629,34.610965],[138.824854,34.611032],[138.824879,34.611415],[138.824654,34.611432],[138.824604,34.611507],[138.824379,34.611615],[138.824479,34.611749],[138.824729,34.611907],[138.824729,34.61209],[138.824704,34.612224],[138.824867,34.612315],[138.825229,34.61234],[138.825342,34.612482],[138.825579,34.612457],[138.825692,34.612507],[138.825692,34.612665],[138.825741,34.61284],[138.825741,34.612999],[138.825641,34.613132],[138.825641,34.613273],[138.825292,34.613423],[138.824992,34.61349],[138.824867,34.613557],[138.824867,34.613673],[138.824654,34.613757],[138.824629,34.61394],[138.824454,34.614165],[138.824304,34.614498],[138.824429,34.614723],[138.824579,34.614815],[138.824704,34.614932],[138.824754,34.614957],[138.824666,34.61529],[138.824466,34.615223],[138.823917,34.615332],[138.823617,34.616048],[138.822604,34.616248],[138.822704,34.615956],[138.822454,34.615998],[138.822542,34.615681],[138.822692,34.615323],[138.822717,34.615165],[138.822667,34.615032],[138.822542,34.615031],[138.822392,34.614782],[138.822517,34.614757],[138.822667,34.614623],[138.822629,34.614398],[138.822404,34.614148],[138.822079,34.614323],[138.822017,34.614415],[138.821892,34.614482],[138.821592,34.614298],[138.821404,34.614165],[138.821554,34.613898],[138.821629,34.613673],[138.821654,34.61324],[138.821792,34.612815],[138.821942,34.612657],[138.821942,34.612523],[138.821792,34.612473],[138.821442,34.612632],[138.821342,34.612565],[138.821317,34.612407],[138.821242,34.612223],[138.820892,34.611748],[138.820767,34.611765],[138.820717,34.612107],[138.820767,34.612223],[138.820629,34.612915],[138.820729,34.613073],[138.820654,34.613165],[138.820354,34.61319],[138.820179,34.613115],[138.820029,34.612982],[138.819629,34.612982],[138.819354,34.613198],[138.819329,34.613248],[138.819154,34.613265],[138.819029,34.613423],[138.818892,34.613698],[138.818692,34.613965],[138.818642,34.61399],[138.818417,34.614365],[138.818242,34.614481],[138.818142,34.61464],[138.818167,34.614748],[138.81783,34.615106],[138.817405,34.615331],[138.81713,34.615398],[138.81683,34.615323],[138.816655,34.615348],[138.816505,34.615231],[138.816355,34.615256],[138.816155,34.615098],[138.815855,34.615006],[138.81578,34.615006],[138.81558,34.614914],[138.81508,34.614956],[138.814855,34.615156],[138.81473,34.615264],[138.814705,34.615264],[138.814192,34.615648],[138.813992,34.615914],[138.813842,34.616206],[138.81378,34.616656],[138.81378,34.616706],[138.81393,34.616906],[138.814055,34.617023],[138.81418,34.617222],[138.81433,34.617406],[138.814405,34.617539],[138.81453,34.617722],[138.814792,34.618289],[138.814792,34.618406],[138.814917,34.618581],[138.814892,34.618722],[138.815017,34.619056],[138.814967,34.619172],[138.815017,34.619356],[138.814955,34.619531],[138.81493,34.619714],[138.81473,34.620097],[138.814555,34.620181],[138.814405,34.620339],[138.814355,34.620472],[138.813917,34.620922],[138.813867,34.621214],[138.813892,34.621264],[138.813842,34.621647],[138.813942,34.621939],[138.814204,34.622189],[138.813554,34.62268],[138.813404,34.622789],[138.813229,34.62308],[138.813017,34.623214],[138.812992,34.623264],[138.812892,34.623305],[138.812617,34.623239],[138.812217,34.623372],[138.812117,34.623347],[138.811492,34.623388],[138.811192,34.623405],[138.811067,34.623563],[138.810717,34.623655],[138.810542,34.623805],[138.810605,34.623988],[138.81043,34.624572],[138.810455,34.624822],[138.810155,34.62493],[138.809692,34.62513],[138.809567,34.625513],[138.809617,34.625721],[138.809492,34.625988],[138.809492,34.626146],[138.809467,34.626188],[138.809467,34.626371],[138.809555,34.626555],[138.809805,34.62678],[138.81003,34.626921],[138.810179,34.627096],[138.810254,34.627396],[138.810054,34.627846],[138.809867,34.62798],[138.809517,34.628113],[138.808867,34.628171],[138.808492,34.628146],[138.808217,34.627805],[138.808342,34.627721],[138.808105,34.627288],[138.80803,34.627313],[138.80768,34.627263],[138.807217,34.627255],[138.807017,34.627279],[138.806892,34.627388],[138.806742,34.627454],[138.806517,34.627454],[138.806342,34.627188],[138.806305,34.626779],[138.806155,34.626488],[138.80583,34.626213],[138.805605,34.626071],[138.80518,34.626096],[138.805005,34.625954],[138.80483,34.625913],[138.80463,34.625996],[138.804005,34.626263],[138.80388,34.626246],[138.803555,34.626013],[138.80333,34.625921],[138.80323,34.625788],[138.803055,34.625738],[138.80263,34.625738],[138.80238,34.625621],[138.802205,34.625513],[138.80188,34.624946],[138.80168,34.624779],[138.80138,34.624688],[138.80128,34.624596],[138.801055,34.624596],[138.800855,34.624571],[138.800655,34.624638],[138.800505,34.624613],[138.800355,34.624663],[138.800155,34.624796],[138.79998,34.624771],[138.799831,34.624638],[138.799706,34.624588],[138.799656,34.624429],[138.799506,34.624338],[138.799431,34.624179],[138.799256,34.624113],[138.799231,34.623996],[138.799281,34.623979],[138.799493,34.623638],[138.799518,34.623438],[138.799468,34.623213],[138.799468,34.623004],[138.799418,34.622846],[138.799268,34.622738],[138.798968,34.622579],[138.798831,34.622213],[138.798681,34.622121],[138.798681,34.621963],[138.798581,34.621854],[138.798606,34.621804],[138.798456,34.621446],[138.798281,34.621305],[138.798081,34.621263],[138.798006,34.621421],[138.797931,34.621871],[138.797931,34.622071],[138.798118,34.622254],[138.798068,34.622279],[138.798018,34.622479],[138.797643,34.622454],[138.797468,34.622429],[138.797181,34.621929],[138.797056,34.621796],[138.796906,34.621796],[138.796893,34.622129],[138.796943,34.622429],[138.796793,34.622496],[138.796745,34.622536],[138.796618,34.622404],[138.796543,34.622221],[138.796393,34.622238],[138.796368,34.622738],[138.796193,34.622921],[138.796018,34.622938],[138.795856,34.623046],[138.795631,34.622979],[138.795393,34.622754],[138.795218,34.622529],[138.795143,34.622346],[138.795168,34.622096],[138.795068,34.621988],[138.794893,34.621963],[138.794693,34.622004],[138.794194,34.622429],[138.794106,34.622654],[138.794081,34.622879],[138.794006,34.622946],[138.793531,34.622829],[138.793306,34.622871],[138.793256,34.622937],[138.793081,34.623004],[138.792931,34.623121],[138.792906,34.623387],[138.793281,34.623704],[138.793443,34.624046],[138.793643,34.624612],[138.793668,34.624862],[138.793593,34.625112],[138.793606,34.625579],[138.793781,34.625854],[138.793731,34.626529],[138.793768,34.626579],[138.793743,34.626737],[138.793793,34.626962],[138.794068,34.627187],[138.793993,34.627704],[138.793918,34.627887],[138.793981,34.628112],[138.793956,34.628337],[138.793781,34.62847],[138.793781,34.628587],[138.793731,34.628604],[138.793656,34.628762],[138.793693,34.629237],[138.793743,34.629353],[138.793693,34.62937],[138.793643,34.629487],[138.793693,34.629687],[138.793693,34.629895],[138.793793,34.630028],[138.793768,34.630187],[138.793868,34.630528],[138.793768,34.630595],[138.793781,34.630795],[138.793881,34.631245],[138.793906,34.63147],[138.793806,34.631653],[138.793631,34.631695],[138.793543,34.631895],[138.793381,34.631787],[138.793268,34.631828],[138.793118,34.631986],[138.793118,34.63217],[138.793193,34.63237],[138.793293,34.632461],[138.793856,34.633386],[138.793981,34.633795],[138.793981,34.634045],[138.793856,34.634178],[138.793656,34.634295],[138.793268,34.634603],[138.793168,34.634803],[138.792993,34.634553],[138.793006,34.634403],[138.792606,34.634236],[138.792468,34.634328],[138.792518,34.634486],[138.792593,34.634603],[138.792693,34.634936],[138.792618,34.635294],[138.792443,34.635028],[138.792443,34.63487],[138.792318,34.634753],[138.792143,34.634711],[138.792018,34.634753],[138.792043,34.634978],[138.792218,34.635136],[138.792268,34.635136],[138.792418,34.635453],[138.792293,34.635569],[138.792168,34.635544],[138.792018,34.635386],[138.791818,34.635428],[138.791656,34.635561],[138.791581,34.635719],[138.791206,34.636053],[138.791106,34.636303],[138.790793,34.636619],[138.790668,34.636594],[138.790556,34.636478],[138.790293,34.636519],[138.790281,34.636386],[138.790056,34.636361],[138.789956,34.636228],[138.789781,34.636253],[138.789731,34.636269],[138.789568,34.636586],[138.789543,34.636786],[138.789418,34.636919],[138.789343,34.637103],[138.789368,34.637528],[138.789668,34.637511],[138.789743,34.637578],[138.78988,34.638261],[138.78963,34.638619],[138.788943,34.639194],[138.788643,34.639261],[138.788393,34.639127],[138.788368,34.639061],[138.788293,34.639061],[138.788043,34.639169],[138.787918,34.639277],[138.787693,34.639302],[138.787355,34.639794],[138.78713,34.639911],[138.78673,34.639994],[138.786355,34.640011],[138.786205,34.639994],[138.78593,34.639827],[138.785855,34.639602],[138.785943,34.639269],[138.785868,34.639019],[138.785893,34.638836],[138.785843,34.638636],[138.785693,34.638411],[138.785593,34.638336],[138.785368,34.638427],[138.785168,34.638452],[138.785018,34.638519],[138.784793,34.638377],[138.784493,34.638402],[138.784468,34.638377],[138.784318,34.638352],[138.784068,34.638511],[138.783918,34.638552],[138.783818,34.638511],[138.783518,34.638486],[138.783368,34.638552],[138.783281,34.638711],[138.783056,34.638794],[138.782843,34.638594],[138.782531,34.638569],[138.782443,34.638427],[138.782293,34.638294],[138.782268,34.637844],[138.782143,34.637727],[138.781993,34.637702],[138.781868,34.637569],[138.781718,34.637544],[138.781543,34.637452],[138.781418,34.637477],[138.781268,34.637636],[138.781168,34.637836],[138.781218,34.637994],[138.781181,34.638377],[138.781131,34.638627],[138.781131,34.638827],[138.781056,34.639435],[138.780943,34.639569],[138.780943,34.639619],[138.780743,34.639544],[138.780543,34.639544],[138.780518,34.639344],[138.780456,34.639227],[138.780456,34.639052],[138.780231,34.638885],[138.780156,34.63891],[138.779956,34.63916],[138.779993,34.63936],[138.779968,34.63956],[138.779918,34.63961],[138.779168,34.639577],[138.778893,34.639644],[138.778743,34.639552],[138.778593,34.639602],[138.778344,34.639777],[138.778244,34.639735],[138.778069,34.639819],[138.777994,34.639952],[138.777831,34.640002],[138.777756,34.640269],[138.777631,34.64031],[138.777556,34.640202],[138.777331,34.64011],[138.777306,34.64006],[138.777131,34.639968],[138.776906,34.639927],[138.776706,34.639968],[138.776606,34.64001],[138.776631,34.640218],[138.776781,34.64056],[138.776881,34.640668],[138.776881,34.640893],[138.776912,34.640943],[138.776356,34.640918],[138.776144,34.641027],[138.776169,34.641227],[138.776269,34.641435],[138.776344,34.641435],[138.776244,34.641568],[138.776237,34.641593],[138.776194,34.641543],[138.776069,34.641518],[138.775969,34.641427],[138.775744,34.641477],[138.775719,34.641585],[138.775769,34.641702],[138.775744,34.641877],[138.775619,34.641943],[138.775206,34.642077],[138.775256,34.642235],[138.775181,34.642302],[138.775081,34.64246],[138.774931,34.642868],[138.775006,34.643093],[138.774931,34.643201],[138.774694,34.643343],[138.774544,34.643293],[138.774344,34.643335],[138.774219,34.643468],[138.774044,34.643601],[138.773969,34.643851],[138.773794,34.644143],[138.773731,34.64451],[138.773681,34.644735],[138.773706,34.64496],[138.773781,34.645068],[138.773806,34.645293],[138.773881,34.64541],[138.773406,34.645451],[138.773219,34.645518],[138.773219,34.645651],[138.773294,34.645718],[138.773469,34.645793],[138.773644,34.645743],[138.773694,34.645884],[138.773519,34.646309],[138.773369,34.646376],[138.773169,34.646601],[138.773144,34.646709],[138.772981,34.646826],[138.772906,34.647068],[138.772831,34.647226],[138.772856,34.647368],[138.772731,34.647501],[138.772706,34.647701],[138.772331,34.647859],[138.772119,34.647859],[138.771994,34.648009],[138.771869,34.648059],[138.771844,34.648167],[138.771944,34.648309],[138.772194,34.648417],[138.772194,34.648442],[138.772119,34.648509],[138.772044,34.648509],[138.771844,34.648601],[138.771794,34.648551],[138.771669,34.648576],[138.771519,34.648801],[138.771569,34.648959],[138.771506,34.649026],[138.771656,34.649526],[138.771806,34.649476],[138.771881,34.649317],[138.772006,34.649251],[138.772194,34.649051],[138.772331,34.649342],[138.772531,34.649576],[138.772881,34.649984],[138.773056,34.650367],[138.773418,34.651542],[138.773568,34.651884],[138.773618,34.652151],[138.773356,34.653209],[138.773343,34.653642],[138.773293,34.653934],[138.773243,34.654067],[138.773268,34.654225],[138.773343,34.6547],[138.773431,34.655109],[138.773356,34.655267],[138.773431,34.655359],[138.773456,34.655492],[138.773506,34.655559],[138.773606,34.655559],[138.773806,34.65545],[138.774106,34.655134],[138.774668,34.654642],[138.775043,34.654484],[138.775493,34.654442],[138.775843,34.654451],[138.776093,34.654542],[138.776318,34.654651],[138.776593,34.654659],[138.776743,34.654726],[138.776843,34.654726],[138.776993,34.654634],[138.777168,34.654726],[138.777368,34.654709],[138.777443,34.654684],[138.777718,34.654709],[138.777893,34.654776],[138.778118,34.654734],[138.778305,34.654759],[138.778555,34.654734],[138.77858,34.654784],[138.779405,34.654942],[138.779693,34.655376],[138.779868,34.655442],[138.779993,34.655901],[138.780168,34.656034],[138.780268,34.656167],[138.780443,34.656242],[138.780518,34.656576],[138.78043,34.656759],[138.78048,34.657234],[138.78038,34.657501],[138.780205,34.657684],[138.78018,34.657884],[138.780418,34.658067],[138.780667,34.658159],[138.780468,34.658334],[138.780293,34.658767],[138.780343,34.658926],[138.780293,34.659059],[138.780355,34.659442],[138.78038,34.65985],[138.780455,34.660075],[138.78063,34.660275],[138.78078,34.660392],[138.78088,34.66035],[138.781105,34.659992],[138.781255,34.659834],[138.78153,34.659767],[138.78163,34.660259],[138.78178,34.660426],[138.782005,34.660492],[138.782305,34.660517],[138.782505,34.660159],[138.782755,34.660184],[138.78303,34.660359],[138.783105,34.660367],[138.78313,34.660501],[138.783205,34.660684],[138.78338,34.660751],[138.78343,34.660817],[138.783455,34.660976],[138.783405,34.661067],[138.78333,34.661359],[138.78343,34.661384],[138.78358,34.661334],[138.78373,34.661201],[138.784105,34.661001],[138.784155,34.660934],[138.78443,34.660801],[138.78463,34.660759],[138.78483,34.660801],[138.78488,34.660942],[138.78478,34.661101],[138.78463,34.661184],[138.78458,34.661317],[138.78443,34.661409],[138.784405,34.661567],[138.78423,34.661659],[138.784092,34.661817],[138.783967,34.662242],[138.784067,34.662376],[138.784267,34.662376],[138.784567,34.662292],[138.784817,34.662042],[138.784892,34.662001],[138.785004,34.661842],[138.785154,34.661734],[138.785179,34.661617],[138.785279,34.661484],[138.785354,34.661351],[138.785529,34.661234],[138.785804,34.660901],[138.785804,34.660859],[138.785992,34.660634],[138.786267,34.660609],[138.786542,34.660684],[138.787217,34.660576],[138.787367,34.660143],[138.787617,34.660076],[138.787829,34.659993],[138.788367,34.660176],[138.788679,34.660134],[138.789004,34.659951],[138.789354,34.659726],[138.789654,34.659893],[138.790229,34.659485],[138.790679,34.65981],[138.790929,34.660035],[138.789616,34.661043],[138.789841,34.661134],[138.789966,34.661359],[138.790166,34.661359],[138.790441,34.661268],[138.790516,34.661384],[138.790616,34.661701],[138.790816,34.661751],[138.790891,34.661859],[138.791441,34.662043],[138.791716,34.661909],[138.791766,34.661909],[138.791916,34.662093],[138.792016,34.662343],[138.791916,34.662434],[138.791579,34.662543],[138.791404,34.662651],[138.791379,34.662834],[138.791629,34.663059],[138.791804,34.663176],[138.791829,34.663243],[138.791779,34.663443],[138.791254,34.663401],[138.791004,34.663484],[138.790866,34.663693],[138.790841,34.663984],[138.790766,34.664118],[138.790716,34.664568],[138.790454,34.665017],[138.790279,34.664951],[138.790079,34.664926],[138.789829,34.665101],[138.789779,34.665167],[138.789604,34.665301],[138.789529,34.665442],[138.789779,34.665509],[138.789829,34.665484],[138.789929,34.665351],[138.790054,34.665309],[138.790179,34.665417],[138.790179,34.665467],[138.790029,34.665559],[138.789954,34.665709],[138.789754,34.665776],[138.789641,34.665892],[138.789341,34.666026],[138.789141,34.666159],[138.788991,34.666359],[138.788991,34.666492],[138.788941,34.666634],[138.788941,34.666859],[138.789266,34.666884],[138.789491,34.666792],[138.789766,34.666526],[138.789991,34.666459],[138.790266,34.666551],[138.790441,34.666642],[138.790341,34.666817],[138.790341,34.667001],[138.790416,34.667159],[138.790391,34.667201],[138.790454,34.667476],[138.790254,34.667701],[138.790179,34.667884],[138.789904,34.667834],[138.789704,34.66785],[138.789504,34.667942],[138.789429,34.668234],[138.789504,34.668325],[138.789704,34.668325],[138.790004,34.668217],[138.790079,34.668492],[138.790054,34.668692],[138.789891,34.668759],[138.789666,34.668709],[138.789566,34.668842],[138.789491,34.668867],[138.789416,34.668959],[138.789491,34.669184],[138.789491,34.669275],[138.789166,34.66945],[138.788329,34.669759],[138.787679,34.669867],[138.786754,34.669842],[138.785679,34.669475],[138.785454,34.669358],[138.785804,34.668975],[138.785579,34.668842],[138.785642,34.668684],[138.785517,34.668525],[138.785492,34.667959],[138.785442,34.667775],[138.785242,34.667617],[138.785092,34.667667],[138.785017,34.667775],[138.784742,34.667975],[138.784792,34.66775],[138.784692,34.667684],[138.784492,34.667725],[138.784242,34.66775],[138.784167,34.667842],[138.783792,34.667883],[138.783742,34.667833],[138.783867,34.667658],[138.784705,34.667184],[138.784755,34.666959],[138.78448,34.667009],[138.784305,34.666959],[138.784155,34.66705],[138.783842,34.667092],[138.783742,34.6672],[138.783542,34.6672],[138.783467,34.667292],[138.783392,34.667317],[138.783242,34.667467],[138.783017,34.667558],[138.783067,34.667242],[138.783092,34.667083],[138.783417,34.666933],[138.783467,34.666884],[138.783605,34.666842],[138.783755,34.666525],[138.783755,34.66635],[138.783555,34.6663],[138.783405,34.666275],[138.783255,34.666342],[138.783178,34.666234],[138.783205,34.666234],[138.78328,34.666092],[138.78318,34.666],[138.78318,34.665892],[138.783055,34.665842],[138.78298,34.665842],[138.782855,34.665959],[138.782705,34.666],[138.782655,34.666067],[138.782655,34.6662],[138.78263,34.666342],[138.782655,34.666475],[138.78263,34.666517],[138.782317,34.666675],[138.782192,34.666542],[138.781792,34.666533],[138.781705,34.666375],[138.78168,34.666108],[138.78153,34.666083],[138.781405,34.666017],[138.781205,34.666017],[138.781155,34.666033],[138.781055,34.666192],[138.780817,34.666217],[138.780592,34.666283],[138.780517,34.666508],[138.780417,34.666658],[138.780417,34.666817],[138.780342,34.666933],[138.780292,34.667133],[138.780117,34.66725],[138.78013,34.667425],[138.779855,34.667766],[138.779555,34.667825],[138.779205,34.667575],[138.779005,34.667483],[138.778905,34.667375],[138.778655,34.667283],[138.77858,34.6673],[138.77828,34.667166],[138.77818,34.667008],[138.778005,34.667008],[138.77798,34.66705],[138.777805,34.667075],[138.77763,34.667208],[138.77748,34.667291],[138.777305,34.667499],[138.77728,34.667699],[138.777168,34.667858],[138.777543,34.668083],[138.777393,34.668358],[138.777243,34.668374],[138.777068,34.668349],[138.776968,34.668466],[138.776893,34.668716],[138.776993,34.668916],[138.776918,34.669049],[138.77703,34.669233],[138.777005,34.669391],[138.777105,34.669574],[138.777205,34.669974],[138.77723,34.670666],[138.777118,34.670907],[138.77713,34.671082],[138.777418,34.670941],[138.777555,34.671066],[138.777943,34.671566],[138.777868,34.671799],[138.777605,34.671991],[138.777493,34.672249],[138.777817,34.672674],[138.777855,34.672974],[138.777742,34.673166],[138.777542,34.673332],[138.777255,34.673474],[138.777068,34.673507],[138.77708,34.673691],[138.777043,34.673857],[138.77688,34.673882],[138.776843,34.674007],[138.776967,34.67449],[138.777267,34.675232],[138.777105,34.675524],[138.776405,34.676065],[138.776068,34.676448],[138.775255,34.67724],[138.774668,34.677673],[138.774043,34.678023],[138.773455,34.678306],[138.77213,34.678831],[138.771705,34.679214],[138.771155,34.679781],[138.770743,34.680322],[138.769843,34.681347],[138.769405,34.681555],[138.76888,34.681514],[138.768443,34.681305],[138.76813,34.68103],[138.767643,34.680997],[138.766905,34.68033],[138.766555,34.680147],[138.766255,34.680413],[138.766118,34.680755],[138.766218,34.681555],[138.76638,34.682813],[138.76653,34.683255],[138.766743,34.683271],[138.76683,34.683371],[138.766955,34.683813],[138.767018,34.68423],[138.766955,34.684638],[138.76678,34.684996],[138.766468,34.685321],[138.766005,34.685721],[138.76508,34.686171],[138.762755,34.687562],[138.76133,34.688245],[138.760142,34.688895],[138.759605,34.689311],[138.758655,34.690144],[138.75788,34.690611],[138.757417,34.691035],[138.756992,34.691344],[138.756655,34.691535],[138.75623,34.691527],[138.75608,34.691493],[138.75568,34.691227],[138.754542,34.690643],[138.754267,34.690677],[138.75373,34.690593],[138.753217,34.690427],[138.752742,34.69016],[138.752392,34.690052],[138.751942,34.689976],[138.751267,34.689985],[138.750743,34.689943],[138.750305,34.689835],[138.750018,34.689701],[138.74948,34.68951],[138.748743,34.689509],[138.748268,34.689376],[138.747943,34.689168],[138.74768,34.688934],[138.74733,34.688801],[138.746891,34.688565],[138.746293,34.688301],[138.745968,34.688068],[138.745743,34.687976],[138.745668,34.688001],[138.745493,34.688018],[138.744943,34.687701],[138.744468,34.687676],[138.743743,34.687809],[138.743368,34.687709],[138.742868,34.687618],[138.742668,34.687351],[138.742493,34.687343],[138.742476,34.687354],[138.742256,34.687709],[138.742281,34.687884],[138.742206,34.688176],[138.741981,34.688309],[138.741406,34.688484],[138.741281,34.688642],[138.741218,34.688801],[138.741093,34.688984],[138.740968,34.689001],[138.740818,34.689092],[138.740643,34.689317],[138.740368,34.689542],[138.74013,34.690167],[138.740055,34.690217],[138.73973,34.690059],[138.739306,34.69005],[138.739231,34.690075],[138.739155,34.690184],[138.739255,34.690792],[138.739155,34.691042],[138.73928,34.691108],[138.739455,34.691183],[138.739655,34.691133],[138.739855,34.691208],[138.739943,34.691408],[138.740118,34.691542],[138.740468,34.6915],[138.740643,34.691658],[138.740818,34.691775],[138.741068,34.6918],[138.741468,34.691942],[138.741668,34.692167],[138.741718,34.69255],[138.741868,34.692733],[138.742018,34.692867],[138.742043,34.69305],[138.742168,34.693075],[138.742393,34.692892],[138.742443,34.692942],[138.742543,34.692917],[138.742643,34.692825],[138.742793,34.692808],[138.742893,34.692942],[138.742768,34.6933],[138.742843,34.693367],[138.743192,34.693483],[138.743342,34.6936],[138.74338,34.693775],[138.743305,34.69405],[138.743105,34.694475],[138.742905,34.694675],[138.74268,34.694725],[138.74263,34.694808],[138.74273,34.694883],[138.742567,34.694991],[138.742217,34.695008],[138.742067,34.6951],[138.741917,34.695166],[138.741992,34.694758],[138.741905,34.69465],[138.741792,34.694758],[138.74163,34.694533],[138.741292,34.694775],[138.741117,34.694733],[138.741042,34.694916],[138.741117,34.695141],[138.741092,34.695383],[138.741067,34.695408],[138.740817,34.695408],[138.740667,34.695516],[138.740742,34.695633],[138.740967,34.695674],[138.741217,34.695658],[138.741342,34.695749],[138.741517,34.695708],[138.741717,34.695574],[138.741992,34.695483],[138.742067,34.695599],[138.741892,34.695816],[138.741892,34.695933],[138.742192,34.695999],[138.742342,34.696141],[138.742305,34.696366],[138.742455,34.696324],[138.742567,34.696208],[138.742567,34.696166],[138.742692,34.696049],[138.742817,34.696033],[138.743042,34.696099],[138.743167,34.696391],[138.743005,34.696749],[138.742805,34.697041],[138.74258,34.697291],[138.74218,34.697557],[138.741767,34.698349],[138.742367,34.698774],[138.742892,34.698982],[138.743154,34.69939],[138.743429,34.700048],[138.743279,34.700248],[138.742242,34.701007],[138.741917,34.701048],[138.741842,34.701032],[138.741317,34.700465],[138.740992,34.700298],[138.740742,34.700323],[138.740242,34.700432],[138.740042,34.70054],[138.740067,34.700682],[138.740292,34.700748],[138.740442,34.700882],[138.740692,34.70104],[138.740967,34.70129],[138.740942,34.701382],[138.740817,34.701448],[138.740492,34.701132],[138.740442,34.701157],[138.740454,34.701606],[138.740604,34.701806],[138.741004,34.702081],[138.741079,34.702081],[138.741604,34.702473],[138.741429,34.70274],[138.741017,34.703189],[138.740817,34.703256],[138.740842,34.703589],[138.740792,34.703798],[138.740717,34.703798],[138.740642,34.703839],[138.740542,34.703998],[138.740304,34.704331],[138.740229,34.704556],[138.739854,34.704739],[138.739679,34.705006],[138.739504,34.705114],[138.739479,34.705248],[138.739779,34.705498],[138.740017,34.705639],[138.740092,34.705864],[138.739992,34.706023],[138.739767,34.705881],[138.739517,34.705656],[138.739342,34.705589],[138.739242,34.705681],[138.739317,34.705814],[138.739817,34.706131],[138.739967,34.706339],[138.740117,34.706606],[138.740242,34.706748],[138.740367,34.706789],[138.740442,34.706931],[138.740329,34.707156],[138.740154,34.707106],[138.740129,34.707172],[138.740279,34.707356],[138.740354,34.707464],[138.740404,34.707464],[138.740479,34.707581],[138.740429,34.707831],[138.740529,34.707856],[138.740629,34.707939],[138.740604,34.708464],[138.740492,34.708622],[138.740492,34.708781],[138.740567,34.708797],[138.740717,34.708731],[138.740817,34.708847],[138.740917,34.709139],[138.741441,34.710272],[138.741529,34.710589],[138.741554,34.710855],[138.741454,34.711105],[138.741554,34.711239],[138.741479,34.711397],[138.741704,34.71163],[138.741729,34.711714],[138.741641,34.71208],[138.741666,34.712189],[138.741766,34.712214],[138.741916,34.712414],[138.742091,34.712714],[138.742166,34.713272],[138.742104,34.714289],[138.742029,34.714405],[138.742029,34.714514],[138.742104,34.71458],[138.741866,34.714872],[138.741991,34.715147],[138.742216,34.71533],[138.742516,34.715463],[138.742541,34.715872],[138.742441,34.716055],[138.742591,34.716188],[138.742629,34.716372],[138.742754,34.71653],[138.743104,34.717322],[138.743129,34.717747],[138.743041,34.718105],[138.742866,34.718422],[138.742229,34.719188],[138.742179,34.719388],[138.742279,34.719638],[138.742503,34.719955],[138.742728,34.720405],[138.742866,34.721063],[138.742866,34.721513],[138.742791,34.721871],[138.742578,34.722188],[138.742353,34.722296],[138.742128,34.722271],[138.741953,34.722388],[138.741778,34.722588],[138.741778,34.722771],[138.741903,34.72288],[138.742053,34.722838],[138.742103,34.722863],[138.742028,34.723021],[138.741903,34.723104],[138.741866,34.723313],[138.741891,34.723313],[138.741978,34.723246],[138.741953,34.723113],[138.742078,34.723154],[138.742128,34.723263],[138.742341,34.723429],[138.742341,34.723563],[138.742166,34.723921],[138.741766,34.724163],[138.741341,34.724204],[138.740791,34.724296],[138.740516,34.724221],[138.740466,34.724179],[138.740316,34.723863],[138.740166,34.723704],[138.739791,34.723563],[138.739791,34.723863],[138.739866,34.724021],[138.739991,34.724104],[138.740166,34.724179],[138.740216,34.724154],[138.740366,34.724288],[138.740254,34.724446],[138.740154,34.724629],[138.739954,34.724646],[138.739629,34.724579],[138.739429,34.724604],[138.739279,34.724646],[138.739154,34.724963],[138.739191,34.726338],[138.739316,34.726671],[138.739591,34.726879],[138.740253,34.727129],[138.740616,34.727154],[138.740916,34.727046],[138.741241,34.727004],[138.741566,34.726979],[138.741741,34.727029],[138.741841,34.727121],[138.741791,34.727388],[138.741828,34.727687],[138.741953,34.727862],[138.741928,34.728004],[138.741728,34.728271],[138.741678,34.728379],[138.742128,34.728496],[138.742528,34.728504],[138.742528,34.728387],[138.742453,34.728187],[138.742553,34.727979],[138.742728,34.727829],[138.742841,34.727554],[138.742866,34.726838],[138.743241,34.726563],[138.743678,34.726438],[138.744153,34.726346],[138.744303,34.726346],[138.744703,34.726463],[138.744878,34.726646],[138.744891,34.726988],[138.745016,34.727863],[138.745141,34.728071],[138.745541,34.728138],[138.745941,34.728054],[138.746365,34.728013],[138.746765,34.727988],[138.746889,34.727969],[138.747165,34.727971],[138.747228,34.728096],[138.74709,34.728363],[138.747078,34.728521],[138.746978,34.728629],[138.746889,34.728653],[138.746815,34.728663],[138.746765,34.728821],[138.746853,34.729004],[138.746853,34.729137],[138.746865,34.729162],[138.746865,34.729171],[138.746889,34.729178],[138.746903,34.729187],[138.746903,34.729204],[138.746889,34.729211],[138.746803,34.729412],[138.746578,34.729571],[138.746403,34.729704],[138.746353,34.729837],[138.746503,34.730087],[138.74644,34.730537],[138.74649,34.730671],[138.74669,34.730762],[138.746765,34.730946],[138.746765,34.731079],[138.746615,34.731262],[138.74654,34.731554],[138.746615,34.731729],[138.746553,34.731821],[138.746528,34.732112],[138.746628,34.732521],[138.746778,34.732746],[138.74664,34.733221],[138.746889,34.733194],[138.74689,34.733196],[138.746889,34.73331],[138.746815,34.733421],[138.746889,34.733444],[138.747103,34.733429],[138.747428,34.733212],[138.747778,34.733204],[138.748353,34.733429],[138.748628,34.733462],[138.74879,34.733454],[138.748903,34.733329],[138.749128,34.733304],[138.749265,34.733421],[138.749415,34.733637],[138.749615,34.733729],[138.74979,34.733862],[138.74994,34.734129],[138.749965,34.734479],[138.74989,34.734862],[138.749728,34.735212],[138.74974,34.735587],[138.74984,34.735837],[138.749665,34.736054],[138.749715,34.73632],[138.749878,34.736304],[138.750303,34.736054],[138.750503,34.736012],[138.75059,34.735954],[138.750778,34.735895],[138.750803,34.735912],[138.751265,34.735779],[138.751428,34.735662],[138.75169,34.735221],[138.751703,34.735062],[138.75184,34.734779],[138.752202,34.734471],[138.75249,34.734362],[138.752765,34.734387],[138.752915,34.734237],[138.753115,34.733921],[138.753715,34.733429],[138.753915,34.733062],[138.75424,34.732837],[138.754602,34.732679],[138.75504,34.732721],[138.75564,34.732896],[138.75604,34.733104],[138.756352,34.733337],[138.756602,34.733704],[138.756627,34.734004],[138.756577,34.734304],[138.756365,34.734554],[138.756227,34.734787],[138.756215,34.734871],[138.75629,34.735054],[138.75654,34.735146],[138.756852,34.735512],[138.757052,34.735862],[138.757102,34.736179],[138.757015,34.736562],[138.756852,34.736829],[138.75659,34.737137],[138.756577,34.737771],[138.75654,34.737904],[138.756352,34.738179],[138.756027,34.738354],[138.755515,34.738387],[138.755302,34.738462],[138.755365,34.738587],[138.755515,34.738604],[138.755702,34.738537],[138.755777,34.738662],[138.755765,34.738704],[138.755415,34.739145],[138.755402,34.739337],[138.755877,34.739729],[138.75609,34.739762],[138.756315,34.739704],[138.756465,34.739762],[138.756665,34.739687],[138.756752,34.73952],[138.75699,34.739412],[138.75704,34.739237],[138.757015,34.739154],[138.757015,34.738804],[138.757165,34.738654],[138.757265,34.738654],[138.757527,34.738754],[138.757752,34.738712],[138.75779,34.738629],[138.757665,34.738187],[138.757702,34.737796],[138.757827,34.737737],[138.758227,34.737679],[138.758715,34.737671],[138.759352,34.737779],[138.760202,34.738171],[138.760564,34.738387],[138.761364,34.739071],[138.761452,34.739296],[138.761352,34.739571],[138.761014,34.739854],[138.760989,34.740071],[138.761052,34.740154],[138.761039,34.740437],[138.760939,34.740746],[138.760752,34.740862],[138.760489,34.741121],[138.760439,34.741412],[138.760527,34.741629],[138.760752,34.741846],[138.760664,34.742021],[138.760527,34.742204],[138.759514,34.742504],[138.759402,34.74267],[138.759077,34.742745],[138.759039,34.742795],[138.758639,34.742895],[138.758389,34.74307],[138.758164,34.74312],[138.757939,34.74322],[138.757839,34.743162],[138.757677,34.743245],[138.757552,34.743554],[138.757489,34.743612],[138.757439,34.743854],[138.75709,34.744254],[138.756952,34.744204],[138.756715,34.744229],[138.756577,34.744145],[138.756427,34.744137],[138.756227,34.744195],[138.755877,34.744095],[138.755927,34.744379],[138.75579,34.744554],[138.75514,34.74497],[138.75474,34.74527],[138.754677,34.745395],[138.754702,34.745612],[138.754615,34.74582],[138.754615,34.746437],[138.75474,34.74657],[138.754952,34.746929],[138.755152,34.746837],[138.755352,34.747112],[138.755552,34.747137],[138.755865,34.747054],[138.756102,34.74712],[138.756314,34.747254],[138.756352,34.747404],[138.756614,34.74752],[138.756664,34.74752],[138.756777,34.747387],[138.756964,34.747262],[138.757039,34.747245],[138.757227,34.747312],[138.757327,34.747312],[138.757427,34.747245],[138.757489,34.74707],[138.757402,34.746962],[138.757464,34.746862],[138.758052,34.746479],[138.758289,34.746129],[138.758452,34.746087],[138.758777,34.746112],[138.758939,34.746212],[138.759002,34.746462],[138.759177,34.746562],[138.759402,34.746537],[138.759564,34.746595],[138.759527,34.746829],[138.759539,34.746987],[138.759389,34.747145],[138.759277,34.74737],[138.759389,34.747587],[138.759352,34.747812],[138.759452,34.747945],[138.759564,34.747912],[138.759827,34.747654],[138.760014,34.747612],[138.760164,34.747762],[138.760552,34.748412],[138.760702,34.748804],[138.760727,34.74902],[138.760639,34.749337],[138.760764,34.749479],[138.760989,34.749479],[138.761164,34.749545],[138.761289,34.749679],[138.761302,34.749962],[138.761364,34.750079],[138.761527,34.749995],[138.761577,34.75002],[138.761689,34.749937],[138.762039,34.750146],[138.762277,34.750237],[138.762564,34.750271],[138.763064,34.750662],[138.763439,34.750812],[138.763614,34.750971],[138.763827,34.751037],[138.764001,34.751137],[138.764301,34.751512],[138.764389,34.751754],[138.764314,34.751979],[138.764076,34.752204],[138.764051,34.752454],[138.764151,34.752496],[138.764264,34.752446],[138.764314,34.752454],[138.764426,34.752579],[138.764564,34.752562],[138.764664,34.752412],[138.764751,34.752371],[138.764851,34.752479],[138.765051,34.752421],[138.765114,34.752379],[138.765164,34.752212],[138.765101,34.751971],[138.765051,34.751479],[138.765176,34.751354],[138.765314,34.751296],[138.765526,34.751129],[138.765839,34.750746],[138.765939,34.750737],[138.766214,34.750846],[138.766589,34.750804],[138.766801,34.750821],[138.766751,34.751238],[138.766951,34.751763],[138.767089,34.751929],[138.767151,34.751946],[138.767089,34.752279],[138.767226,34.752296],[138.767451,34.752246],[138.767676,34.752246],[138.767839,34.752196],[138.767901,34.752154],[138.768014,34.751663],[138.768064,34.751621],[138.768289,34.751654],[138.768651,34.751446],[138.768726,34.751554],[138.768726,34.751646],[138.768626,34.751838],[138.768601,34.752054],[138.768914,34.752471],[138.769114,34.752571],[138.769326,34.752604],[138.769339,34.752654],[138.769076,34.752888],[138.769114,34.752988],[138.769239,34.753038],[138.769451,34.753071],[138.769851,34.753321],[138.769851,34.753404],[138.769989,34.753579],[138.770151,34.753713],[138.770376,34.753763],[138.770539,34.753621],[138.770726,34.753321],[138.770664,34.753263],[138.770851,34.753188],[138.771351,34.753179],[138.771639,34.753271],[138.771964,34.753321],[138.771926,34.753488],[138.772014,34.75383],[138.772151,34.753913],[138.772201,34.753871],[138.772451,34.753488],[138.772614,34.753355],[138.772864,34.753371],[138.773026,34.753555],[138.773163,34.753821],[138.773263,34.753913],[138.773513,34.753871],[138.773651,34.753713],[138.773863,34.753321],[138.773738,34.75328],[138.774413,34.751596],[138.774763,34.751613],[138.775713,34.751797],[138.776576,34.752105],[138.776538,34.752288],[138.776276,34.752255],[138.775626,34.75208],[138.775338,34.752138],[138.775176,34.752313],[138.775063,34.752563],[138.775088,34.752913],[138.774976,34.75308],[138.774876,34.75308],[138.774676,34.753288],[138.774826,34.753321],[138.774438,34.753888],[138.774601,34.754005],[138.774338,34.754096],[138.774251,34.754071],[138.773763,34.754613],[138.774013,34.754746],[138.774363,34.754455],[138.774876,34.754746],[138.775751,34.754363],[138.775838,34.754446],[138.776301,34.755505],[138.776551,34.756588],[138.776576,34.757663],[138.776363,34.757955],[138.776138,34.75798],[138.775813,34.757955],[138.775676,34.75798],[138.775488,34.758113],[138.775413,34.758388],[138.775488,34.758655],[138.775713,34.758905],[138.776063,34.75908],[138.776751,34.759622],[138.777001,34.759913],[138.776863,34.760297],[138.776726,34.760497],[138.776476,34.760696],[138.776126,34.76113],[138.776101,34.761396],[138.776126,34.761596],[138.776076,34.761846],[138.775913,34.76223],[138.775826,34.762563],[138.776238,34.762613],[138.776613,34.762771],[138.776751,34.763063],[138.776788,34.763288],[138.777163,34.763713],[138.777388,34.763871],[138.778063,34.763938],[138.778475,34.764021],[138.779188,34.763822],[138.779513,34.763772],[138.780438,34.76398],[138.78085,34.764022],[138.781238,34.763997],[138.781975,34.763838],[138.783663,34.763797],[138.784513,34.76388],[138.785188,34.764014],[138.7859,34.764214],[138.7864,34.764397],[138.7868,34.764647],[138.787075,34.765047],[138.787112,34.765113],[138.787437,34.76538],[138.7879,34.765522],[138.788225,34.765655],[138.78845,34.76563],[138.789262,34.76543],[138.789787,34.765513],[138.789974,34.76558],[138.790574,34.765713],[138.791537,34.766163],[138.791912,34.766255],[138.792299,34.766413],[138.792486,34.766613],[138.793011,34.766813],[138.793961,34.767513],[138.794349,34.767355],[138.794624,34.767355],[138.794899,34.767688],[138.795111,34.767888],[138.795986,34.767938],[138.796423,34.768021],[138.796586,34.768088],[138.796773,34.768296],[138.797323,34.769171],[138.797598,34.769329],[138.797923,34.769371],[138.798361,34.769571],[138.798523,34.769888],[138.798773,34.770154],[138.799135,34.770338],[138.80011,34.770471],[138.800385,34.770604],[138.80071,34.770829],[138.801123,34.771054],[138.801785,34.771279],[138.802222,34.771362],[138.80271,34.771546],[138.803172,34.771629],[138.803797,34.771562],[138.804047,34.771587],[138.80421,34.771721],[138.804397,34.771987],[138.804735,34.772212],[138.805085,34.772371],[138.805409,34.772754],[138.805547,34.773071],[138.805822,34.773271],[138.806834,34.773512],[138.807272,34.773737],[138.807459,34.77412],[138.807659,34.774912],[138.807821,34.775179],[138.808184,34.775604],[138.809296,34.776454],[138.809759,34.776729],[138.810196,34.776904],[138.811821,34.777937],[138.812258,34.778478],[138.812908,34.778837],[138.813371,34.779262],[138.814033,34.779553],[138.814546,34.779637],[138.815396,34.779887],[138.816546,34.779887],[138.817333,34.779904],[138.817857,34.780141],[138.817633,34.780762],[138.817371,34.781279],[138.817283,34.781595],[138.818758,34.781654],[138.819333,34.781795],[138.819933,34.78197],[138.820396,34.782195],[138.821083,34.782687],[138.821958,34.783404],[138.82242,34.783679],[138.82292,34.783895],[138.823433,34.784079],[138.823958,34.784303],[138.82442,34.784662],[138.825108,34.785537],[138.826033,34.786503],[138.82707,34.787395],[138.828195,34.788228],[138.828908,34.789062],[138.829233,34.789528],[138.829645,34.789953],[138.83017,34.790428],[138.830408,34.790562],[138.831395,34.791328],[138.832133,34.791845],[138.83277,34.79247],[138.833145,34.79292],[138.833483,34.793386],[138.833645,34.793545],[138.83397,34.793386],[138.834433,34.793253],[138.834708,34.793095],[138.835358,34.792261],[138.836208,34.791637],[138.83642,34.791228],[138.836745,34.791045],[138.837295,34.791095],[138.837458,34.791045],[138.83817,34.79042],[138.839445,34.789087],[138.83977,34.78877],[138.840045,34.78877],[138.840133,34.788912],[138.840183,34.789378],[138.840295,34.78987],[138.840433,34.790278],[138.840683,34.790528],[138.840958,34.790678],[138.841257,34.79097],[138.84137,34.791195],[138.841307,34.791486],[138.840907,34.791853],[138.84017,34.792836],[138.839845,34.793136],[138.83922,34.793586],[138.838995,34.79392],[138.838832,34.795945],[138.838757,34.796411],[138.83857,34.797045],[138.838182,34.79747],[138.837857,34.797586],[138.837207,34.79792],[138.836957,34.797995],[138.836582,34.797836],[138.836307,34.797878],[138.835782,34.798195],[138.835595,34.798445],[138.835595,34.798803],[138.835845,34.79952],[138.835957,34.79997],[138.836095,34.800061],[138.836445,34.800078],[138.837157,34.800036],[138.83792,34.800078],[138.838682,34.80017],[138.83937,34.800303],[138.840732,34.800703],[138.841857,34.801086],[138.842232,34.801036],[138.842457,34.800969],[138.842895,34.800769],[138.843245,34.800519],[138.843657,34.800161],[138.844307,34.799436],[138.844795,34.799078],[138.84497,34.799211],[138.844945,34.800019],[138.844882,34.800428],[138.844645,34.801128],[138.844557,34.801911],[138.844595,34.802044],[138.844757,34.802028],[138.845245,34.801819],[138.84617,34.801261],[138.846695,34.800986],[138.847369,34.800736],[138.847919,34.800628],[138.848682,34.800578],[138.849257,34.800644],[138.849769,34.800578],[138.850044,34.800419],[138.850294,34.800169],[138.850732,34.799253],[138.850807,34.798869],[138.850782,34.798395],[138.850807,34.79797],[138.850969,34.797611],[138.851269,34.796711],[138.851532,34.796353],[138.851944,34.795986],[138.852332,34.795536],[138.852382,34.795136],[138.85232,34.794645],[138.852345,34.79417],[138.852457,34.793786],[138.852707,34.79352],[138.85297,34.793003],[138.85292,34.792278],[138.852945,34.791903],[138.852832,34.79152],[138.85262,34.791095],[138.852207,34.790486],[138.851545,34.788912],[138.851295,34.78842],[138.850995,34.788012],[138.850232,34.787678],[138.849982,34.787387],[138.84957,34.78602],[138.849108,34.78492],[138.84877,34.783678],[138.848858,34.783278],[138.84907,34.782803],[138.84967,34.781995],[138.849745,34.78197],[138.84992,34.782062],[138.850158,34.782578],[138.850458,34.78287],[138.851145,34.78327],[138.851633,34.783478],[138.851883,34.78352],[138.852483,34.783745],[138.853658,34.784103],[138.85407,34.784328],[138.854345,34.784753],[138.854482,34.784887],[138.854707,34.78522],[138.855082,34.785512],[138.855632,34.785787],[138.856232,34.785937],[138.856882,34.78607],[138.857682,34.786278],[138.85902,34.786545],[138.85957,34.786703],[138.859982,34.78692],[138.860445,34.787237],[138.860982,34.78737],[138.862382,34.787303],[138.86262,34.787345],[138.863095,34.78732],[138.863557,34.787253],[138.863995,34.787345],[138.864782,34.788062],[138.865357,34.788378],[138.865794,34.788487],[138.866482,34.788303],[138.866857,34.788353],[138.867219,34.788512],[138.867519,34.788595],[138.867932,34.788528],[138.868494,34.788345],[138.868907,34.788262],[138.869532,34.788237],[138.869969,34.788303],[138.870494,34.788437],[138.871573,34.788761],[138.872094,34.78882],[138.873457,34.788687],[138.873869,34.78877],[138.874606,34.788662],[138.875156,34.788612],[138.876494,34.788678],[138.877344,34.789687],[138.877644,34.789828],[138.877694,34.789978],[138.877481,34.790295],[138.876819,34.790837],[138.876881,34.79102],[138.877044,34.791262],[138.877131,34.791578],[138.877544,34.792278],[138.877756,34.792437],[138.878169,34.792586],[138.878581,34.792836],[138.878856,34.793153],[138.878956,34.793395],[138.879368,34.793845],[138.880518,34.794628],[138.881093,34.794903],[138.881693,34.795103],[138.882406,34.795103],[138.882706,34.79517],[138.882756,34.79542],[138.882456,34.796228],[138.882243,34.796653],[138.881943,34.796903],[138.881806,34.797061],[138.882056,34.797645],[138.882443,34.798719],[138.882355,34.799061],[138.882105,34.799153],[138.88168,34.799444],[138.881405,34.799828],[138.881243,34.800136],[138.88118,34.800411],[138.881293,34.800636],[138.881618,34.800994],[138.88168,34.801286],[138.881518,34.801603],[138.881518,34.801828],[138.881655,34.801986],[138.881768,34.802294],[138.881905,34.802503],[138.882693,34.802861],[138.88278,34.803061],[138.882718,34.804119],[138.882618,34.804586],[138.882668,34.805036],[138.882942,34.805377],[138.883267,34.805686],[138.88338,34.805936],[138.883217,34.806069],[138.882267,34.806436],[138.881792,34.806702],[138.88163,34.806886],[138.881605,34.808436],[138.881442,34.808844],[138.88123,34.809202],[138.88098,34.809969],[138.881067,34.810344],[138.88118,34.81046],[138.881592,34.810752],[138.881805,34.810977],[138.881667,34.81136],[138.881617,34.811719],[138.881755,34.812502],[138.881942,34.812885],[138.882004,34.813718],[138.882217,34.813827],[138.882467,34.813893],[138.882579,34.81401],[138.882767,34.814593],[138.883129,34.814818],[138.883842,34.815177],[138.884142,34.815427],[138.884354,34.816168],[138.884379,34.816568],[138.884304,34.817018],[138.884142,34.817293],[138.883754,34.817443],[138.883617,34.81776],[138.883567,34.818235],[138.883654,34.818593],[138.883817,34.818951],[138.884442,34.819426],[138.884692,34.81981],[138.884717,34.820168],[138.884692,34.820618],[138.884554,34.821043],[138.884254,34.821693],[138.883692,34.822818],[138.883629,34.823159],[138.883767,34.823401],[138.884404,34.824101],[138.884679,34.824484],[138.884817,34.824934],[138.885004,34.825384],[138.884979,34.826192],[138.884729,34.826617],[138.884354,34.827025],[138.884104,34.827384],[138.884004,34.827767],[138.883829,34.8281],[138.883779,34.828484],[138.883842,34.828917],[138.883917,34.829067],[138.884517,34.8292],[138.885642,34.830058],[138.885692,34.83015],[138.886567,34.830525],[138.886704,34.830617],[138.887254,34.830775],[138.888354,34.831892],[138.888292,34.832325],[138.888979,34.832925],[138.889279,34.833108],[138.889417,34.833333],[138.889504,34.833733],[138.892667,34.835033],[138.892779,34.834991],[138.893467,34.83485],[138.894091,34.834766],[138.894754,34.834716],[138.894941,34.834675],[138.896029,34.834733],[138.896304,34.834716],[138.898104,34.83395],[138.898466,34.833941],[138.899066,34.834191],[138.899554,34.834008],[138.899941,34.833991],[138.900341,34.834125],[138.900816,34.834141],[138.901254,34.834275],[138.901604,34.834208],[138.901991,34.834233],[138.902479,34.8343],[138.902966,34.834208],[138.904166,34.833841],[138.904529,34.8338],[138.905266,34.834158],[138.905341,34.834158],[138.905454,34.834116],[138.905666,34.8338],[138.905803,34.833283],[138.905866,34.833191],[138.906378,34.832716],[138.906728,34.832067],[138.907878,34.831858],[138.908266,34.831633],[138.909403,34.830375],[138.909516,34.830033],[138.909516,34.8299],[138.909841,34.829567],[138.910328,34.829183],[138.910716,34.828775],[138.911041,34.828325],[138.912291,34.827517],[138.913141,34.827292],[138.913491,34.827359],[138.913853,34.827575],[138.914103,34.827867],[138.91429,34.828159],[138.914615,34.828384],[138.915028,34.828525],[138.91544,34.828409],[138.91579,34.82825],[138.916578,34.827525],[138.916715,34.827484],[138.917153,34.827442],[138.917565,34.827484],[138.918165,34.827975],[138.918415,34.828134],[138.918828,34.8282],[138.919178,34.828067],[138.919615,34.8277],[138.920565,34.826734],[138.920728,34.826559],[138.921003,34.826375],[138.921528,34.826309],[138.922065,34.826392],[138.922365,34.82655],[138.922777,34.826934],[138.92349,34.827384],[138.925027,34.828075],[138.925815,34.828725],[138.927565,34.829717],[138.928002,34.829708],[138.928602,34.829667],[138.929289,34.829708],[138.930002,34.829908],[138.930814,34.829933],[138.931202,34.830025],[138.931364,34.830091],[138.931827,34.830108],[138.932652,34.83],[138.933502,34.830016],[138.933927,34.830125],[138.934614,34.8306],[138.935876,34.83165],[138.936751,34.832166],[138.937276,34.832325],[138.937951,34.8323],[138.938801,34.832141],[138.940076,34.831733],[138.940901,34.831041],[138.941451,34.830858],[138.942563,34.830925],[138.942926,34.830858],[138.943251,34.83065],[138.943963,34.830358],[138.944263,34.830425],[138.944963,34.831008],[138.945576,34.831208],[138.946013,34.83125],[138.946713,34.83125],[138.947675,34.831316],[138.948188,34.831516],[138.948763,34.83165],[138.94975,34.83215],[138.949888,34.832283],[138.950138,34.832641],[138.950463,34.832775],[138.951363,34.832816],[138.951988,34.832925],[138.952563,34.833083],[138.953412,34.833758],[138.95385,34.833783],[138.954237,34.833866],[138.954787,34.834383],[138.9552,34.834583],[138.955712,34.834675],[138.956775,34.834675],[138.957275,34.835075],[138.9573,34.83575],[138.957225,34.836016],[138.957087,34.836224],[138.957274,34.836541],[138.957387,34.836649],[138.957987,34.836966],[138.958837,34.837274],[138.959587,34.837374],[138.960024,34.837316],[138.960349,34.837233],[138.960762,34.837233],[138.960899,34.837266],[138.961874,34.837733],[138.962811,34.838291],[138.963136,34.838583],[138.963661,34.839183],[138.964374,34.839791],[138.965099,34.840574],[138.965486,34.840924],[138.966498,34.841633],[138.965998,34.841941],[138.965648,34.842216],[138.965286,34.842566],[138.965061,34.843174],[138.964786,34.843824],[138.964498,34.844191],[138.964136,34.844541],[138.963399,34.844974],[138.963161,34.845149],[138.963086,34.845307],[138.963524,34.846299],[138.963586,34.846624],[138.963499,34.846999],[138.962699,34.848332],[138.962236,34.848448],[138.961712,34.848673],[138.961137,34.849673],[138.961249,34.85009],[138.961499,34.85044],[138.961824,34.850798],[138.962524,34.85154],[138.962949,34.851765],[138.963111,34.851823],[138.963499,34.851881],[138.963849,34.85199],[138.964186,34.852273],[138.964449,34.852581],[138.964786,34.85284],[138.964974,34.85289],[138.965261,34.852831],[138.965449,34.852706],[138.965961,34.852156],[138.966324,34.851898],[138.966636,34.851798],[138.966786,34.851798],[138.967248,34.851873],[138.967661,34.85209],[138.968398,34.852748],[138.969236,34.853381],[138.969698,34.853598],[138.970236,34.85379],[138.970798,34.853956],[138.972473,34.854273],[138.97291,34.854498],[138.97346,34.855065],[138.97386,34.855298],[138.97471,34.855656],[138.973773,34.855973],[138.973423,34.856131],[138.972773,34.856615],[138.972173,34.857231],[138.971873,34.857398],[138.971386,34.857548],[138.969948,34.857839],[138.969536,34.857973],[138.969386,34.858064],[138.968574,34.858806],[138.968474,34.859031],[138.968386,34.860047],[138.968474,34.860239],[138.968736,34.860439],[138.969973,34.861097],[138.970511,34.86238],[138.970573,34.862914],[138.970523,34.863072],[138.970273,34.863405],[138.969574,34.864113],[138.969311,34.864455],[138.969136,34.864772],[138.969024,34.865155],[138.968999,34.865546],[138.969086,34.86588],[138.969236,34.86613],[138.969436,34.866271],[138.969674,34.866513],[138.969799,34.866963],[138.969936,34.86728],[138.970161,34.867571],[138.970399,34.867746],[138.970449,34.86808],[138.970124,34.868896],[138.969824,34.869288],[138.969411,34.869704],[138.968624,34.870312],[138.967887,34.871112],[138.966974,34.871821],[138.965674,34.872304],[138.965187,34.872529],[138.964874,34.87282],[138.964625,34.873162],[138.9645,34.873445],[138.96435,34.873787],[138.964212,34.874745],[138.964237,34.875636],[138.9644,34.876078],[138.964675,34.876536],[138.965037,34.876995],[138.965562,34.877253],[138.966037,34.877378],[138.966362,34.877536],[138.966574,34.877761],[138.966649,34.878045],[138.966662,34.878378],[138.966737,34.878545],[138.966924,34.878661],[138.967212,34.87892],[138.967524,34.879495],[138.967637,34.879928],[138.967737,34.88067],[138.967937,34.881011],[138.967724,34.88112],[138.967349,34.881403],[138.966599,34.882194],[138.966187,34.882544],[138.965875,34.882669],[138.965025,34.882753],[138.964775,34.883061],[138.964612,34.883386],[138.963962,34.884411],[138.964,34.884611],[138.964187,34.884927],[138.964275,34.885386],[138.964212,34.885744],[138.964225,34.886144],[138.96435,34.886527],[138.96455,34.886944],[138.964862,34.887802],[138.964925,34.888186],[138.96485,34.889261],[138.96475,34.889494],[138.964387,34.889836],[138.963238,34.890727],[138.963038,34.89151],[138.9628,34.891935],[138.962463,34.892202],[138.960138,34.893418],[138.959826,34.893652],[138.959726,34.893993],[138.960013,34.894577],[138.960013,34.894893],[138.959763,34.89566],[138.959576,34.895977],[138.959251,34.896293],[138.958763,34.896577],[138.958238,34.896818],[138.957376,34.897102],[138.956214,34.897327],[138.955726,34.897468],[138.955614,34.897918],[138.955501,34.898076],[138.955301,34.898226],[138.955189,34.898643],[138.955089,34.898985],[138.954951,34.899151],[138.954926,34.899335],[138.955176,34.899651],[138.955401,34.899843],[138.955439,34.900226],[138.955214,34.900518],[138.953677,34.901801],[138.953414,34.902201],[138.953177,34.903018],[138.953039,34.903109],[138.952364,34.903259],[138.952014,34.903834],[138.951639,34.904601],[138.951677,34.904951],[138.952102,34.905776],[138.952252,34.906768],[138.952377,34.907101],[138.952514,34.907326],[138.952939,34.907751],[138.953127,34.908259],[138.953114,34.908701],[138.953164,34.908942],[138.953589,34.909267],[138.953701,34.909426],[138.953476,34.909901],[138.953064,34.910467],[138.952639,34.910901],[138.952339,34.911309],[138.952202,34.911559],[138.952152,34.911901],[138.952102,34.912767],[138.951964,34.913542],[138.952001,34.913909],[138.952126,34.913975],[138.952364,34.913984],[138.952639,34.913951],[138.953089,34.913926],[138.954014,34.914067],[138.954139,34.914059],[138.954738,34.914076],[138.955401,34.914201],[138.955338,34.914417],[138.954951,34.914834],[138.954726,34.915301],[138.954751,34.915642],[138.954913,34.915892],[138.955138,34.916117],[138.955226,34.916292],[138.955163,34.916776],[138.955201,34.917042],[138.955488,34.917451],[138.955663,34.918026],[138.955838,34.918259],[138.955913,34.918542],[138.955938,34.919117],[138.955988,34.919609],[138.955963,34.919875],[138.95595,34.919975],[138.95615,34.920242],[138.95645,34.920467],[138.957625,34.920884],[138.9579,34.921067],[138.958212,34.921609],[138.958537,34.921909],[138.958937,34.921934],[138.960287,34.921942],[138.960562,34.922101],[138.960712,34.922392],[138.961037,34.922717],[138.961537,34.922967],[138.962186,34.923084],[138.962686,34.923217],[138.963061,34.923542],[138.963424,34.923901],[138.964223,34.924492],[138.964723,34.925084],[138.964898,34.925426],[138.964911,34.925742],[138.964498,34.927476],[138.964498,34.927884],[138.965323,34.928092],[138.965973,34.928342],[138.96646,34.928709],[138.96696,34.929159],[138.967785,34.930001],[138.968972,34.931367],[138.968947,34.931476],[138.96771,34.932667],[138.966822,34.933492],[138.966572,34.933825],[138.966285,34.934392],[138.96606,34.934617],[138.96571,34.93475],[138.96486,34.935192],[138.964597,34.935509],[138.964247,34.93575],[138.963672,34.936217],[138.963285,34.936717],[138.96316,34.9368],[138.96291,34.936958],[138.962372,34.937542],[138.962322,34.937833],[138.962347,34.938083],[138.963247,34.938767],[138.963635,34.9392],[138.963859,34.939533],[138.964109,34.939783],[138.964409,34.939883],[138.964609,34.940058],[138.964709,34.940333],[138.964959,34.940492],[138.965634,34.940633],[138.965559,34.94095],[138.965522,34.94135],[138.965547,34.941808],[138.965746,34.942458],[138.966234,34.943325],[138.966996,34.9443],[138.967296,34.9445],[138.967621,34.944642],[138.968171,34.944733],[138.969496,34.944833],[138.969696,34.9449],[138.970121,34.945175],[138.970671,34.945342],[138.971146,34.945342],[138.971983,34.945325],[138.972433,34.94535],[138.972733,34.945442],[138.973033,34.945584],[138.97382,34.945875],[138.97412,34.946109],[138.97402,34.946175],[138.97357,34.946309],[138.973445,34.946442],[138.97342,34.946775],[138.973308,34.947683],[138.973158,34.947883],[138.972783,34.948217],[138.971595,34.949],[138.971145,34.9494],[138.970158,34.950025],[138.96952,34.950541],[138.969295,34.950833],[138.968783,34.952],[138.968733,34.952275],[138.968758,34.952316],[138.969108,34.952366],[138.969583,34.952341],[138.970133,34.952283],[138.97102,34.952058],[138.971595,34.951866],[138.972045,34.951641],[138.97247,34.951483],[138.972845,34.951508],[138.97317,34.951942],[138.973295,34.952283],[138.973295,34.952758],[138.973232,34.953183],[138.973932,34.953366],[138.974057,34.953433],[138.974057,34.953708],[138.973982,34.954158],[138.973995,34.95445],[138.97412,34.954741],[138.974145,34.955058],[138.97432,34.955308],[138.97472,34.955675],[138.974745,34.9559],[138.974657,34.956191],[138.974632,34.956533],[138.974745,34.957525],[138.974595,34.958333],[138.974282,34.959349],[138.974257,34.959574],[138.974107,34.959799],[138.973907,34.959949],[138.973845,34.960041],[138.97387,34.960408],[138.973945,34.960474],[138.974495,34.960974],[138.974795,34.961383],[138.974907,34.961716],[138.974932,34.962099],[138.974782,34.962783],[138.974795,34.963116],[138.97487,34.963391],[138.97492,34.963641],[138.97482,34.963949],[138.974332,34.964824],[138.973957,34.965257],[138.973657,34.965474],[138.973345,34.965566],[138.972945,34.965607],[138.97257,34.965766],[138.972195,34.966074],[138.971807,34.96684],[138.971607,34.967382],[138.971295,34.96799],[138.970995,34.968415],[138.970132,34.969174],[138.969807,34.969557],[138.96917,34.970523],[138.96862,34.97124],[138.967558,34.972356],[138.967983,34.972406],[138.968282,34.97234],[138.968757,34.972165],[138.969282,34.971898],[138.97032,34.971457],[138.97072,34.97139],[138.971095,34.971457],[138.971595,34.971782],[138.971995,34.97189],[138.97247,34.971965],[138.972695,34.972057],[138.97277,34.97219],[138.972482,34.97269],[138.972457,34.972957],[138.972507,34.97309],[138.972757,34.973365],[138.973507,34.97389],[138.97357,34.974023],[138.97392,34.974365],[138.97402,34.97439],[138.97417,34.974348],[138.974582,34.97399],[138.974832,34.97394],[138.975057,34.974098],[138.975132,34.97419],[138.975195,34.97469],[138.975095,34.975657],[138.975232,34.97604],[138.975382,34.976273],[138.975657,34.976565],[138.976032,34.976906],[138.977082,34.97759],[138.977294,34.977881],[138.977894,34.979065],[138.978432,34.979831],[138.978782,34.980081],[138.979182,34.98029],[138.981182,34.980773],[138.981507,34.980915],[138.981607,34.981098],[138.981682,34.981548],[138.981819,34.981931],[138.982044,34.982181],[138.982244,34.982456],[138.982719,34.983406],[138.982956,34.983698],[138.983356,34.983856],[138.983931,34.983931],[138.984719,34.984089],[138.985056,34.984323],[138.985856,34.985273],[138.986306,34.985523],[138.987031,34.985781],[138.988006,34.986214],[138.988556,34.986556],[138.991118,34.987881],[138.992418,34.988948],[138.992968,34.989181],[138.993518,34.989389],[138.99393,34.989639],[138.994205,34.989956],[138.994305,34.990114],[138.994555,34.990389],[138.995105,34.990748],[138.99563,34.991089],[138.996105,34.991256],[138.996805,34.991439],[138.997767,34.991856],[138.998655,34.991881],[138.998892,34.991989],[138.999142,34.992289],[138.999442,34.992422],[138.999905,34.992406],[139.000455,34.992248],[139.000955,34.992181],[139.001505,34.992364],[139.002192,34.992639],[139.002742,34.992914],[139.003067,34.993298],[139.003479,34.993481],[139.004304,34.993348],[139.004379,34.993298],[139.004579,34.992373],[139.005104,34.992014],[139.005567,34.991789],[139.005704,34.991764],[139.005979,34.991906],[139.006554,34.992356],[139.006917,34.992856],[139.006917,34.992948],[139.007329,34.993306],[139.007679,34.993714],[139.008366,34.995148],[139.008504,34.995648],[139.008741,34.996097],[139.009291,34.996822],[139.009404,34.997281],[139.009641,34.997689],[139.010216,34.997981],[139.011616,34.998372],[139.011929,34.998414],[139.012116,34.998214],[139.012641,34.998331],[139.013103,34.998147],[139.013291,34.998239],[139.013403,34.998539],[139.013703,34.998922],[139.013978,34.999031],[139.014366,34.999081],[139.015278,34.999106],[139.015903,34.999197],[139.016266,34.999289],[139.016341,34.999356],[139.016503,34.999789],[139.016916,35.000172],[139.017878,35.000922],[139.018153,35.001172],[139.018315,35.00158],[139.018528,35.001764],[139.019028,35.002064],[139.019603,35.002722],[139.020265,35.002997],[139.021243,35.003233],[139.021478,35.003305],[139.022153,35.003747],[139.022402,35.003864],[139.022477,35.003955],[139.022752,35.003864],[139.023165,35.003889],[139.023665,35.003955],[139.024102,35.004072],[139.024315,35.003989],[139.024452,35.004014],[139.02464,35.004239],[139.02459,35.004714],[139.024852,35.004847],[139.025677,35.004739],[139.026177,35.004789],[139.026665,35.00513],[139.027015,35.005222],[139.02729,35.005222],[139.028502,35.00503],[139.029289,35.006364],[139.029664,35.007205],[139.030277,35.008297],[139.030502,35.008405],[139.030827,35.008413],[139.031514,35.00828],[139.031702,35.008322],[139.031677,35.00848],[139.031364,35.009113],[139.03142,35.009197],[139.031564,35.009272],[139.032189,35.009347],[139.032901,35.009397],[139.033689,35.009538],[139.033826,35.009713],[139.034076,35.010172],[139.034801,35.010672],[139.034889,35.010763],[139.034776,35.011146],[139.034576,35.01148],[139.034214,35.01173],[139.033964,35.012113],[139.033876,35.012538],[139.034014,35.01283],[139.034751,35.01333],[139.034914,35.013563],[139.034776,35.013788],[139.034001,35.014388],[139.033864,35.014704],[139.033939,35.015429],[139.033764,35.015496],[139.032839,35.015513],[139.032039,35.015546],[139.031739,35.015637],[139.031739,35.015862],[139.031926,35.016046],[139.032201,35.016137],[139.032551,35.016096],[139.032864,35.015979],[139.033626,35.015896],[139.034314,35.015746],[139.034751,35.015479],[139.035201,35.015296],[139.035638,35.015213],[139.036101,35.015038],[139.036813,35.015063],[139.037201,35.014904],[139.038088,35.014804],[139.039638,35.014946],[139.040413,35.014971],[139.041213,35.014888],[139.0419,35.014738],[139.042938,35.014655],[139.044125,35.014505],[139.044813,35.01428],[139.0458,35.013655],[139.047012,35.013372],[139.047237,35.013213],[139.047875,35.014188],[139.047325,35.014213],[139.046975,35.014388],[139.046862,35.01448],[139.04655,35.01488],[139.046212,35.015938],[139.045962,35.016438],[139.0456,35.017038],[139.0456,35.017313],[139.045787,35.017696],[139.045925,35.018105],[139.045887,35.018446],[139.045912,35.018921],[139.04605,35.019146],[139.045978,35.01918],[139.045037,35.019021],[139.044625,35.018996],[139.044487,35.019113],[139.044312,35.020146],[139.044087,35.020346],[139.043675,35.020412],[139.043237,35.020412],[139.043012,35.020546],[139.042962,35.020612],[139.0426,35.020854],[139.042512,35.020879],[139.0415,35.020962],[139.041413,35.021029],[139.041388,35.021254],[139.041688,35.021687],[139.042312,35.02237],[139.042962,35.023279],[139.043725,35.023954],[139.044012,35.024362],[139.044262,35.02482],[139.044612,35.02527],[139.045075,35.025545],[139.045462,35.025845],[139.046762,35.027095],[139.046999,35.027437],[139.047162,35.027795],[139.047437,35.027953],[139.047924,35.028095],[139.048237,35.02807],[139.048512,35.027962],[139.048787,35.027987],[139.049324,35.028303],[139.049986,35.028512],[139.050386,35.028995],[139.050661,35.02917],[139.050874,35.029737],[139.051249,35.030262],[139.051336,35.030328],[139.050836,35.030395],[139.050349,35.030278],[139.049911,35.030295],[139.049199,35.030586],[139.048511,35.03042],[139.048399,35.030486],[139.048286,35.030736],[139.048249,35.03112],[139.048174,35.031411],[139.047949,35.031453],[139.047624,35.031453],[139.047287,35.031519],[139.046799,35.031719],[139.045774,35.031894],[139.045124,35.032044],[139.044624,35.032444],[139.044537,35.032469],[139.044124,35.032402],[139.043499,35.032394],[139.043062,35.032527],[139.04245,35.032794],[139.039912,35.03406],[139.039275,35.034327],[139.038675,35.034752],[139.038125,35.03461],[139.037987,35.03466],[139.037325,35.035351],[139.037075,35.035693],[139.037038,35.035985],[139.036813,35.036293],[139.036613,35.036951],[139.036725,35.037834],[139.03685,35.037876],[139.036913,35.037851],[139.037237,35.037926],[139.037562,35.038176],[139.037975,35.038334],[139.038412,35.038384],[139.038625,35.038701],[139.0386,35.038834],[139.038437,35.039018],[139.037987,35.039642],[139.037825,35.039776],[139.037462,35.039934],[139.037187,35.040134],[139.036937,35.040517],[139.03685,35.040875],[139.037062,35.041284],[139.037362,35.041492],[139.0378,35.041717],[139.03775,35.041875],[139.037,35.042483],[139.03675,35.042842],[139.036612,35.043292],[139.035975,35.043583],[139.035138,35.044383],[139.034838,35.044791],[139.034663,35.045083],[139.034225,35.045233],[139.0337,35.045524],[139.033675,35.045591],[139.033725,35.045866],[139.033725,35.046133],[139.03325,35.046966],[139.033188,35.047282],[139.033213,35.047399],[139.03405,35.048599],[139.034213,35.048916],[139.034263,35.049324],[139.034175,35.049724],[139.03385,35.050382],[139.033838,35.05074],[139.033725,35.051215],[139.033363,35.051749],[139.033163,35.052132],[139.0325,35.052674],[139.032275,35.053032],[139.032363,35.05339],[139.033013,35.05414],[139.0332,35.054507],[139.03325,35.054823],[139.033,35.055248],[139.032913,35.055515],[139.032963,35.055882],[139.033213,35.056148],[139.03345,35.056632],[139.033475,35.057098],[139.033438,35.057465],[139.0336,35.057665],[139.034537,35.058057],[139.034887,35.05804],[139.035462,35.057948],[139.035737,35.05804],[139.036075,35.058115],[139.036675,35.058073],[139.03725,35.058073],[139.037712,35.058173],[139.038562,35.05854],[139.039737,35.059132],[139.040149,35.059432],[139.040274,35.059682],[139.040224,35.060265],[139.040324,35.060648],[139.040262,35.060965],[139.039662,35.061182],[139.039187,35.061473],[139.038412,35.062215],[139.037962,35.06309],[139.037575,35.063448],[139.037,35.063764],[139.036662,35.064031],[139.03655,35.064364],[139.0363,35.064639],[139.035362,35.064898],[139.035262,35.064989],[139.035062,35.065464],[139.034775,35.066706],[139.034637,35.066947],[139.034412,35.066972],[139.03335,35.066914],[139.0331,35.066981],[139.032713,35.067139],[139.032213,35.067206],[139.031825,35.067314],[139.031725,35.067381],[139.031638,35.067647],[139.031663,35.068055],[139.031488,35.06853],[139.031288,35.068755],[139.030763,35.069497],[139.030538,35.070014],[139.03045,35.07053],[139.030525,35.071072],[139.030738,35.072113],[139.030975,35.072563],[139.030925,35.072697],[139.031275,35.073697],[139.031288,35.074122],[139.031013,35.074638],[139.030713,35.07493],[139.030474,35.075155],[139.029713,35.075738],[139.029101,35.076455],[139.028826,35.076946],[139.028701,35.077446],[139.028838,35.077871],[139.029051,35.078196],[139.028963,35.078529],[139.028988,35.078846],[139.028588,35.080737],[139.028363,35.081146],[139.028088,35.081371],[139.027763,35.081454],[139.028026,35.081887],[139.028601,35.082571],[139.029201,35.082996],[139.029775,35.083204],[139.03015,35.083071],[139.0304,35.082937],[139.030575,35.082946],[139.03095,35.083037],[139.031313,35.083312],[139.0321,35.083679],[139.0327,35.083837],[139.03325,35.084046],[139.03355,35.084321],[139.033738,35.084654],[139.034063,35.084904],[139.034225,35.085087],[139.034087,35.085221],[139.033488,35.085404],[139.03315,35.085579],[139.032875,35.085779],[139.032763,35.08582],[139.031988,35.086629],[139.031825,35.086812],[139.031613,35.087062],[139.031288,35.087895],[139.031175,35.08837],[139.03115,35.088887],[139.031188,35.08927],[139.031413,35.089737],[139.031713,35.090211],[139.032213,35.091153],[139.032575,35.092611],[139.032475,35.092886],[139.032338,35.09302],[139.032313,35.093261],[139.032425,35.093628],[139.032675,35.093961],[139.033,35.094228],[139.033163,35.094544],[139.033562,35.095511],[139.033887,35.096003],[139.0343,35.096453],[139.035162,35.097278],[139.035275,35.097527],[139.0352,35.098311],[139.035,35.098694],[139.034837,35.098852],[139.034487,35.099302],[139.034137,35.100002],[139.034225,35.100294],[139.034637,35.100652],[139.034937,35.100969],[139.03535,35.101885],[139.035662,35.102244],[139.035937,35.102427],[139.03635,35.102627],[139.036787,35.102944],[139.037012,35.103185],[139.036525,35.10411],[139.036337,35.104693],[139.03615,35.105127],[139.035812,35.105527],[139.03615,35.106043],[139.036137,35.107218],[139.036212,35.107776],[139.036525,35.109126],[139.036387,35.109376],[139.03555,35.110143],[139.0353,35.110434],[139.035275,35.110768],[139.035312,35.111201],[139.035475,35.111668],[139.035725,35.112076],[139.036112,35.112501],[139.036225,35.112834],[139.036205,35.112945],[139.036137,35.113109],[139.036225,35.113826],[139.036075,35.114567],[139.035875,35.115042],[139.0355,35.115759],[139.035125,35.116125],[139.034525,35.1168],[139.0343,35.117159],[139.034325,35.117275],[139.0354,35.11765],[139.03565,35.117967],[139.035787,35.118259],[139.036075,35.118617],[139.036175,35.118709],[139.037999,35.119192],[139.038299,35.119192],[139.039112,35.118692],[139.039337,35.1186],[139.039474,35.1186],[139.039549,35.118742],[139.039887,35.1191],[139.040637,35.120309],[139.040774,35.120642],[139.040799,35.121075],[139.040862,35.121142],[139.041461,35.121358],[139.041824,35.121608],[139.042236,35.121942],[139.042874,35.122325],[139.043149,35.122392],[139.043586,35.122567],[139.043836,35.12275],[139.044161,35.123242],[139.044586,35.123575],[139.044824,35.123892],[139.044836,35.123983],[139.044724,35.124158],[139.044261,35.124567],[139.044074,35.125017],[139.043799,35.12545],[139.043636,35.125625],[139.042411,35.1266],[139.041886,35.127075],[139.041536,35.127458],[139.041149,35.128016],[139.041149,35.128266],[139.041399,35.128783],[139.041986,35.129616],[139.042236,35.130083],[139.042399,35.130508],[139.042549,35.131407],[139.042524,35.131791],[139.042436,35.132066],[139.042036,35.132649],[139.041599,35.133124],[139.041374,35.133282],[139.040949,35.133707],[139.040674,35.134182],[139.040536,35.134632],[139.040399,35.134857],[139.040236,35.135015],[139.039911,35.135149],[139.039199,35.135224],[139.038862,35.135315],[139.038762,35.135424],[139.038512,35.13594],[139.038574,35.136257],[139.038712,35.136523],[139.038637,35.136932],[139.038412,35.137182],[139.037212,35.137773],[139.036912,35.13779],[139.036387,35.137707],[139.035587,35.137773],[139.035399,35.137823],[139.034937,35.137998],[139.034687,35.138298],[139.034749,35.138698],[139.034612,35.139106],[139.0342,35.139465],[139.034125,35.139581],[139.03415,35.139823],[139.033987,35.140206],[139.033637,35.140348],[139.033412,35.140481],[139.0333,35.140865],[139.033475,35.141806],[139.0334,35.142056],[139.033075,35.142598],[139.033187,35.143023],[139.033462,35.143423],[139.033687,35.143939],[139.033849,35.144456],[139.034012,35.144822],[139.033987,35.144956],[139.0326,35.145697],[139.032025,35.145881],[139.031887,35.145972],[139.031687,35.146197],[139.031225,35.146381],[139.030875,35.146564],[139.030787,35.146672],[139.030462,35.147414],[139.03055,35.148022],[139.030725,35.14843],[139.030775,35.14883],[139.030775,35.149189],[139.030587,35.149847]]],"type":"Polygon"}}]}