{"type":"FeatureCollection","features":[{"properties":{"kuni_url":"/kg/resource/K24.html","id_url":"G24004.html","id":"G24004","kuni":"信濃","name":"下伊那","yomi":"しもいな","kuni_id":"K24","pref":"長野県"},"geometry":{"type":"Polygon","coordinates":[[[138.122772,35.59543],[138.123409,35.59478],[138.124372,35.594522],[138.124709,35.594388],[138.125146,35.593914],[138.125746,35.593164],[138.126021,35.592897],[138.126196,35.592622],[138.126109,35.592155],[138.125959,35.59168],[138.125984,35.591414],[138.126459,35.590347],[138.126422,35.590106],[138.126222,35.589539],[138.126247,35.589289],[138.126447,35.589047],[138.127047,35.588681],[138.127221,35.588548],[138.127459,35.588248],[138.127459,35.588164],[138.127147,35.587214],[138.127122,35.586923],[138.127234,35.586548],[138.127259,35.586298],[138.127722,35.585731],[138.128134,35.585365],[138.128497,35.585206],[138.128996,35.58494],[138.129546,35.584148],[138.129821,35.583873],[138.130009,35.583448],[138.130096,35.582973],[138.130359,35.582457],[138.130746,35.581532],[138.130959,35.581215],[138.131209,35.581232],[138.131934,35.581615],[138.132321,35.581698],[138.133321,35.581473],[138.134009,35.581357],[138.134684,35.581465],[138.135284,35.58169],[138.135846,35.581707],[138.136121,35.581507],[138.136171,35.581415],[138.136196,35.581057],[138.136446,35.580582],[138.136933,35.579857],[138.137458,35.579249],[138.137896,35.578907],[138.138371,35.578591],[138.138671,35.578524],[138.138696,35.578566],[138.139308,35.578341],[138.140683,35.577366],[138.141208,35.577182],[138.142071,35.577224],[138.142596,35.577133],[138.143596,35.576566],[138.143783,35.576491],[138.145558,35.576549],[138.146358,35.576416],[138.146933,35.576116],[138.147758,35.574941],[138.148145,35.574541],[138.14847,35.574375],[138.14917,35.573725],[138.149308,35.573675],[138.14972,35.57365],[138.150083,35.573541],[138.15052,35.573241],[138.15167,35.572292],[138.15192,35.572025],[138.151945,35.571642],[138.151908,35.570375],[138.15182,35.569633],[138.15162,35.569092],[138.151595,35.568642],[138.151195,35.567367],[138.151145,35.566934],[138.151133,35.566484],[138.151045,35.566017],[138.150795,35.565567],[138.149983,35.564417],[138.148783,35.562826],[138.148446,35.562126],[138.148008,35.561768],[138.147721,35.561476],[138.147583,35.560626],[138.147271,35.559926],[138.147096,35.55916],[138.146958,35.558851],[138.146433,35.558151],[138.146008,35.55701],[138.145921,35.556876],[138.144359,35.556135],[138.143084,35.555693],[138.142396,35.555493],[138.141809,35.555252],[138.141471,35.555002],[138.141896,35.555002],[138.142534,35.55511],[138.143059,35.55511],[138.143696,35.55486],[138.143859,35.554743],[138.144221,35.554652],[138.144434,35.554677],[138.145096,35.554602],[138.145571,35.554418],[138.146096,35.554352],[138.147208,35.554368],[138.147946,35.554185],[138.148558,35.553869],[138.148921,35.553569],[138.149271,35.55346],[138.149933,35.553385],[138.150496,35.553252],[138.150908,35.553002],[138.151296,35.552819],[138.152033,35.552769],[138.152533,35.55301],[138.152895,35.553285],[138.153533,35.553419],[138.154208,35.553369],[138.154583,35.553052],[138.15497,35.552552],[138.155245,35.552419],[138.155695,35.552369],[138.15607,35.552011],[138.156208,35.551536],[138.156145,35.549869],[138.156083,35.549369],[138.156133,35.548853],[138.156433,35.548244],[138.156545,35.548178],[138.156958,35.548128],[138.15727,35.547994],[138.15762,35.547703],[138.15817,35.547361],[138.158945,35.546745],[138.15917,35.546453],[138.158933,35.545553],[138.159358,35.545236],[138.159495,35.545078],[138.159433,35.544895],[138.158458,35.544137],[138.157845,35.543328],[138.157458,35.542703],[138.157195,35.542362],[138.156845,35.542212],[138.156333,35.54187],[138.156008,35.54147],[138.15547,35.540545],[138.155295,35.539787],[138.15502,35.539404],[138.154296,35.538887],[138.153821,35.538504],[138.153483,35.538062],[138.153183,35.537787],[138.152733,35.537479],[138.152321,35.537054],[138.151958,35.536579],[138.151596,35.536221],[138.151146,35.536062],[138.150783,35.535996],[138.150346,35.535846],[138.149233,35.535221],[138.148758,35.534996],[138.148209,35.534796],[138.147959,35.534754],[138.147896,35.534704],[138.147471,35.533513],[138.147446,35.533088],[138.147471,35.532596],[138.147334,35.531855],[138.147184,35.53133],[138.147296,35.530705],[138.147259,35.530297],[138.147009,35.529847],[138.145447,35.528597],[138.144972,35.528105],[138.144472,35.527722],[138.144034,35.527547],[138.143559,35.52743],[138.143147,35.52723],[138.142834,35.526805],[138.142247,35.525414],[138.141997,35.525189],[138.13986,35.523914],[138.139272,35.523489],[138.138485,35.522389],[138.138235,35.521873],[138.13831,35.521473],[138.138535,35.521065],[138.138948,35.520631],[138.139273,35.520473],[138.139772,35.520448],[138.140385,35.520581],[138.140972,35.520648],[138.14141,35.520623],[138.141635,35.520573],[138.142735,35.52014],[138.142897,35.520048],[138.143535,35.51989],[138.14426,35.519798],[138.144647,35.519548],[138.14486,35.519323],[138.145135,35.519115],[138.146159,35.518998],[138.146297,35.518573],[138.146297,35.518007],[138.146085,35.516724],[138.146035,35.516032],[138.14611,35.515307],[138.146247,35.514566],[138.14626,35.513866],[138.146172,35.513283],[138.145985,35.512608],[138.145635,35.511774],[138.145247,35.511483],[138.14461,35.511241],[138.144197,35.510883],[138.143885,35.510391],[138.143797,35.510183],[138.143797,35.5098],[138.143935,35.50935],[138.143798,35.508675],[138.143348,35.507667],[138.143335,35.507242],[138.143498,35.506492],[138.143023,35.505959],[138.142023,35.505267],[138.141385,35.504725],[138.140998,35.504276],[138.140498,35.503559],[138.140323,35.503267],[138.139961,35.502801],[138.139723,35.501951],[138.139548,35.501501],[138.139511,35.501209],[138.140023,35.500434],[138.140148,35.499668],[138.140786,35.499593],[138.141698,35.499535],[138.142423,35.499526],[138.142923,35.499635],[138.14346,35.499876],[138.144273,35.500518],[138.144548,35.500584],[138.14541,35.500484],[138.145735,35.500543],[138.146235,35.500559],[138.147235,35.500459],[138.147785,35.500343],[138.148085,35.500226],[138.148635,35.499793],[138.149872,35.498893],[138.150497,35.498393],[138.151022,35.49821],[138.151572,35.49786],[138.151972,35.497335],[138.152522,35.497018],[138.152985,35.496627],[138.153372,35.496169],[138.153785,35.495944],[138.154335,35.495777],[138.154772,35.49541],[138.155147,35.495185],[138.156422,35.494894],[138.157822,35.494294],[138.158097,35.494202],[138.159234,35.494144],[138.159659,35.494227],[138.160022,35.494377],[138.161297,35.49441],[138.162209,35.494577],[138.162847,35.494436],[138.163509,35.494202],[138.164659,35.493869],[138.164721,35.493827],[138.164746,35.493552],[138.164571,35.493286],[138.164284,35.493002],[138.164171,35.492636],[138.163322,35.491744],[138.163159,35.491461],[138.162759,35.491103],[138.162084,35.490703],[138.161834,35.490411],[138.161247,35.490019],[138.161047,35.489953],[138.160884,35.489819],[138.160647,35.488878],[138.160559,35.48872],[138.160047,35.488203],[138.159322,35.487695],[138.158785,35.487186],[138.158472,35.486761],[138.158385,35.486328],[138.15846,35.484953],[138.158435,35.48442],[138.158447,35.484037],[138.15876,35.482995],[138.158735,35.482587],[138.158447,35.482095],[138.158247,35.48162],[138.158097,35.481062],[138.158085,35.480546],[138.15791,35.480054],[138.157223,35.479004],[138.156823,35.478196],[138.15676,35.477629],[138.156435,35.476513],[138.15656,35.475763],[138.156498,35.475113],[138.156548,35.474821],[138.15651,35.47448],[138.156335,35.474346],[138.156285,35.474163],[138.156435,35.473396],[138.15656,35.473038],[138.15681,35.472763],[138.157335,35.47253],[138.157973,35.472321],[138.15866,35.472155],[138.15981,35.471738],[138.160398,35.471638],[138.160273,35.471147],[138.160523,35.470805],[138.160398,35.470422],[138.16026,35.470288],[138.16026,35.470222],[138.16036,35.470038],[138.160448,35.469747],[138.160485,35.46898],[138.160373,35.468797],[138.160285,35.468505],[138.16041,35.468189],[138.160373,35.467289],[138.160198,35.467064],[138.16006,35.467022],[138.159923,35.467089],[138.159835,35.466755],[138.159635,35.466555],[138.159361,35.466172],[138.159148,35.465705],[138.159011,35.465164],[138.159136,35.464581],[138.158848,35.464331],[138.158573,35.464247],[138.158036,35.463581],[138.157898,35.463306],[138.157836,35.463081],[138.157636,35.462797],[138.157636,35.462589],[138.157486,35.462281],[138.157486,35.462031],[138.157336,35.461331],[138.157236,35.460656],[138.157111,35.46019],[138.156836,35.459898],[138.156361,35.459748],[138.155836,35.459506],[138.155574,35.459215],[138.155299,35.458965],[138.154874,35.458998],[138.154411,35.458981],[138.153936,35.458898],[138.152886,35.458881],[138.151436,35.458656],[138.151336,35.458998],[138.151086,35.459248],[138.150561,35.459565],[138.149961,35.45989],[138.149049,35.460148],[138.148687,35.460173],[138.148549,35.460131],[138.148187,35.459931],[138.147874,35.459623],[138.147599,35.459423],[138.146987,35.459456],[138.146574,35.459323],[138.146262,35.459165],[138.146099,35.459148],[138.145962,35.459215],[138.145737,35.459106],[138.145624,35.45909],[138.145099,35.459156],[138.144399,35.459031],[138.144262,35.459081],[138.144237,35.459173],[138.143987,35.459173],[138.143487,35.459065],[138.14155,35.458915],[138.140987,35.45874],[138.140712,35.458423],[138.14005,35.45744],[138.139612,35.457131],[138.138238,35.45654],[138.137763,35.456232],[138.137563,35.456007],[138.136913,35.455523],[138.1363,35.455165],[138.135313,35.45439],[138.134651,35.454173],[138.133988,35.454048],[138.133563,35.45389],[138.132538,35.453773],[138.132151,35.453548],[138.131588,35.453307],[138.130788,35.453432],[138.130488,35.453615],[138.129988,35.453982],[138.129438,35.454257],[138.128776,35.454331],[138.127776,35.454323],[138.127226,35.45449],[138.125851,35.455023],[138.125276,35.45519],[138.124589,35.45529],[138.124001,35.455498],[138.123789,35.45584],[138.123651,35.456223],[138.123364,35.456514],[138.122914,35.456548],[138.122389,35.456481],[138.122002,35.456331],[138.121639,35.455914],[138.121114,35.455465],[138.120714,35.45499],[138.120564,35.454748],[138.120327,35.454473],[138.120064,35.45409],[138.119864,35.453665],[138.119864,35.453073],[138.120439,35.452082],[138.120489,35.45159],[138.120439,35.45089],[138.120439,35.450348],[138.120252,35.448882],[138.120077,35.448432],[138.119465,35.447915],[138.119402,35.447824],[138.119315,35.447374],[138.119315,35.446341],[138.11929,35.446157],[138.119427,35.445774],[138.119777,35.445416],[138.120277,35.445032],[138.120915,35.444399],[138.121002,35.444124],[138.121027,35.443791],[138.121227,35.443408],[138.121902,35.442616],[138.122065,35.442291],[138.122352,35.441725],[138.123014,35.439717],[138.123039,35.439442],[138.122914,35.439175],[138.122914,35.438925],[138.123002,35.438883],[138.123214,35.438492],[138.123289,35.438],[138.123714,35.436892],[138.123702,35.436325],[138.123839,35.435984],[138.124052,35.4356],[138.124014,35.435484],[138.123452,35.434775],[138.123002,35.434284],[138.122715,35.433817],[138.12254,35.433434],[138.122315,35.433142],[138.122002,35.432901],[138.121937,35.432922],[138.121902,35.432967],[138.121577,35.432884],[138.121315,35.432726],[138.121052,35.432367],[138.120615,35.431909],[138.12044,35.431601],[138.120327,35.431101],[138.120315,35.430676],[138.120727,35.429701],[138.121215,35.428868],[138.121477,35.428601],[138.12189,35.428551],[138.12249,35.428451],[138.123365,35.427993],[138.123752,35.427876],[138.12414,35.427851],[138.124852,35.42786],[138.12524,35.427743],[138.125715,35.42756],[138.126177,35.42751],[138.127239,35.427468],[138.127727,35.427377],[138.128164,35.427143],[138.128839,35.427202],[138.129189,35.427177],[138.129527,35.426968],[138.129602,35.426968],[138.130564,35.426302],[138.131589,35.426135],[138.132277,35.42606],[138.132852,35.425827],[138.133014,35.425577],[138.133014,35.425485],[138.133214,35.425352],[138.133676,35.42521],[138.134089,35.425019],[138.134389,35.424819],[138.134414,35.424727],[138.134389,35.424502],[138.134526,35.424427],[138.135164,35.424427],[138.135601,35.424352],[138.135764,35.424261],[138.136389,35.423552],[138.136889,35.423386],[138.137051,35.423361],[138.137639,35.423378],[138.138239,35.423353],[138.138789,35.423228],[138.139476,35.422728],[138.139751,35.422586],[138.139776,35.422544],[138.139389,35.422028],[138.139326,35.421761],[138.139314,35.421395],[138.139151,35.421111],[138.138576,35.420578],[138.138414,35.420128],[138.138464,35.419903],[138.139201,35.418945],[138.138976,35.418745],[138.138914,35.41852],[138.138989,35.41762],[138.138939,35.416762],[138.138826,35.416228],[138.138514,35.415737],[138.138164,35.415354],[138.137801,35.414679],[138.136764,35.414379],[138.136014,35.414254],[138.135539,35.414212],[138.135514,35.414237],[138.135239,35.414129],[138.134902,35.413679],[138.134664,35.413187],[138.134602,35.412379],[138.134539,35.412245],[138.134564,35.410687],[138.134414,35.409921],[138.134414,35.409496],[138.134564,35.409138],[138.134839,35.408813],[138.134877,35.407979],[138.134964,35.407729],[138.135239,35.407596],[138.137002,35.407005],[138.137689,35.406755],[138.138402,35.40643],[138.138839,35.406288],[138.139752,35.40583],[138.140326,35.405688],[138.140889,35.40563],[138.141439,35.405672],[138.142501,35.406063],[138.143164,35.406238],[138.143751,35.406255],[138.144664,35.40608],[138.144914,35.405947],[138.144989,35.405872],[138.144939,35.405763],[138.144951,35.405447],[138.145664,35.40488],[138.146101,35.404555],[138.146676,35.403714],[138.147364,35.40238],[138.147576,35.401881],[138.148214,35.401264],[138.148888,35.400756],[138.149151,35.399964],[138.150088,35.399256],[138.151213,35.398748],[138.151701,35.398423],[138.152251,35.398148],[138.152663,35.397898],[138.153288,35.397148],[138.153088,35.396806],[138.152838,35.396431],[138.152688,35.396006],[138.152651,35.395598],[138.152776,35.394765],[138.152488,35.39409],[138.152176,35.393732],[138.152001,35.393015],[138.151964,35.392449],[138.151726,35.39144],[138.151464,35.390882],[138.151401,35.390432],[138.151389,35.389999],[138.151114,35.389807],[138.150614,35.389582],[138.150076,35.389299],[138.149551,35.389149],[138.148927,35.388591],[138.148789,35.388274],[138.148527,35.388032],[138.148139,35.387724],[138.147877,35.387382],[138.147789,35.386891],[138.147639,35.386399],[138.147414,35.385924],[138.146702,35.384924],[138.146364,35.384366],[138.14599,35.383916],[138.145815,35.383558],[138.145865,35.383283],[138.146115,35.382966],[138.146115,35.382675],[138.146015,35.382316],[138.145877,35.382],[138.14554,35.381666],[138.14514,35.3812],[138.14444,35.3792],[138.144315,35.378284],[138.14409,35.377767],[138.143802,35.377317],[138.14374,35.376842],[138.14389,35.376417],[138.14389,35.376034],[138.14369,35.375701],[138.143203,35.375159],[138.142728,35.374692],[138.142278,35.374317],[138.141965,35.373942],[138.14174,35.373559],[138.14164,35.372751],[138.141678,35.371709],[138.141865,35.371101],[138.142053,35.370734],[138.141928,35.370426],[138.141615,35.369951],[138.141278,35.369551],[138.140578,35.369176],[138.139578,35.36876],[138.139128,35.368635],[138.138803,35.368593],[138.138553,35.36866],[138.138328,35.368801],[138.138191,35.36876],[138.136454,35.36761],[138.135729,35.367052],[138.135054,35.366743],[138.134441,35.36671],[138.133666,35.36651],[138.132191,35.365968],[138.131379,35.365727],[138.129379,35.36526],[138.128804,35.365735],[138.128304,35.365927],[138.127404,35.366343],[138.126767,35.366735],[138.126142,35.367435],[138.125642,35.367626],[138.12408,35.368026],[138.12383,35.367984],[138.122867,35.36741],[138.122005,35.367193],[138.121939,35.367197],[138.121805,35.367226],[138.121392,35.366985],[138.121105,35.36691],[138.120143,35.366826],[138.119618,35.366643],[138.11688,35.365276],[138.11638,35.365118],[138.116118,35.365093],[138.114918,35.36451],[138.114568,35.36426],[138.114218,35.363951],[138.113931,35.363926],[138.113756,35.363885],[138.113381,35.36336],[138.112993,35.363226],[138.112706,35.362985],[138.111193,35.361968],[138.110281,35.361227],[138.109731,35.360818],[138.107806,35.360643],[138.107281,35.360418],[138.106544,35.358818],[138.106169,35.358343],[138.105731,35.357893],[138.105119,35.357493],[138.103869,35.356818],[138.103569,35.356527],[138.103169,35.355918],[138.101794,35.354835],[138.101382,35.354435],[138.100857,35.35416],[138.099982,35.354227],[138.099582,35.354543],[138.098469,35.355177],[138.097919,35.355385],[138.097282,35.355202],[138.096932,35.354418],[138.096582,35.353468],[138.09582,35.35246],[138.094857,35.352052],[138.094157,35.351377],[138.093945,35.350452],[138.093445,35.349194],[138.093395,35.347977],[138.093732,35.347635],[138.094057,35.347052],[138.094257,35.345919],[138.09437,35.344994],[138.09437,35.344211],[138.094482,35.343286],[138.094457,35.342494],[138.094045,35.341794],[138.09352,35.341261],[138.09267,35.340669],[138.091708,35.340086],[138.091508,35.339436],[138.090808,35.339094],[138.089783,35.338669],[138.089208,35.338561],[138.087458,35.337953],[138.087195,35.337844],[138.086495,35.337753],[138.085471,35.337819],[138.084521,35.337936],[138.083083,35.338452],[138.082096,35.339069],[138.081283,35.339694],[138.080821,35.340285],[138.080033,35.34186],[138.079658,35.342918],[138.079484,35.343152],[138.078971,35.34351],[138.077621,35.34396],[138.076934,35.344368],[138.076784,35.344277],[138.076496,35.343985],[138.075646,35.344368],[138.074746,35.34471],[138.074396,35.34496],[138.073872,35.345051],[138.072997,35.345926],[138.071784,35.346518],[138.071434,35.346901],[138.070934,35.347193],[138.069447,35.347126],[138.068085,35.347018],[138.064672,35.347292],[138.064035,35.347317],[138.06336,35.347201],[138.061998,35.347142],[138.060973,35.347025],[138.059898,35.346217],[138.058523,35.344825],[138.057973,35.344601],[138.057473,35.344309],[138.056773,35.344084],[138.056023,35.344034],[138.055761,35.344101],[138.055586,35.343992],[138.055498,35.342393],[138.055348,35.341018],[138.055223,35.340343],[138.054698,35.33951],[138.054261,35.338426],[138.053536,35.337818],[138.052986,35.337285],[138.052336,35.33681],[138.052111,35.336577],[138.051886,35.336243],[138.051336,35.335769],[138.050974,35.335569],[138.050611,35.335435],[138.049599,35.33516],[138.048549,35.334985],[138.048162,35.33496],[138.047787,35.334985],[138.046649,35.335235],[138.046024,35.335302],[138.045137,35.335302],[138.044624,35.335194],[138.044237,35.335144],[138.0439,35.335144],[138.04355,35.335194],[138.043187,35.335194],[138.042887,35.335152],[138.042112,35.33481],[138.03915,35.334027],[138.038713,35.333827],[138.037913,35.333219],[138.037525,35.33281],[138.037413,35.332561],[138.037463,35.332294],[138.037713,35.331819],[138.037738,35.331661],[138.037525,35.331211],[138.03755,35.331011],[138.037663,35.330852],[138.038263,35.330219],[138.038425,35.329928],[138.038513,35.329586],[138.038625,35.328803],[138.039038,35.327853],[138.039313,35.326703],[138.039313,35.326411],[138.03925,35.326186],[138.039138,35.326053],[138.03895,35.325961],[138.03835,35.325845],[138.03735,35.325761],[138.036388,35.32547],[138.035326,35.325036],[138.034688,35.324728],[138.034526,35.324678],[138.034001,35.324387],[138.033563,35.32407],[138.032813,35.323303],[138.032538,35.323128],[138.031438,35.322545],[138.031113,35.32202],[138.030976,35.321953],[138.030201,35.321887],[138.029826,35.321845],[138.028889,35.321645],[138.028576,35.321512],[138.027926,35.321128],[138.026739,35.320786],[138.026376,35.320561],[138.026164,35.320337],[138.025964,35.31962],[138.025801,35.318337],[138.025826,35.318037],[138.025914,35.317795],[138.026276,35.317545],[138.026326,35.317412],[138.026326,35.316779],[138.026239,35.31642],[138.026076,35.31597],[138.026076,35.31572],[138.026164,35.315562],[138.026464,35.315354],[138.026551,35.315195],[138.026514,35.314362],[138.026739,35.313579],[138.026814,35.313579],[138.027014,35.313354],[138.027089,35.313304],[138.027264,35.313104],[138.027339,35.312829],[138.027726,35.312021],[138.027776,35.311771],[138.027126,35.310513],[138.026601,35.309679],[138.026376,35.309454],[138.026026,35.309179],[138.025776,35.308938],[138.025526,35.308621],[138.025139,35.307829],[138.024789,35.307629],[138.024451,35.307513],[138.024239,35.307379],[138.023964,35.306796],[138.023789,35.306188],[138.023901,35.305555],[138.023814,35.30538],[138.023439,35.30513],[138.023051,35.30493],[138.022664,35.30468],[138.022389,35.304405],[138.022064,35.30398],[138.021889,35.303663],[138.021727,35.303213],[138.021589,35.302988],[138.021264,35.302738],[138.020514,35.302338],[138.020214,35.302138],[138.019802,35.301596],[138.019614,35.301438],[138.019089,35.301163],[138.018839,35.300988],[138.018564,35.301096],[138.018327,35.301255],[138.017964,35.301546],[138.017664,35.301688],[138.016977,35.301863],[138.016614,35.302021],[138.016402,35.302255],[138.016127,35.302638],[138.015852,35.302813],[138.015515,35.302971],[138.01519,35.303088],[138.01384,35.303246],[138.013352,35.303271],[138.01274,35.303338],[138.01239,35.303446],[138.012302,35.303513],[138.011865,35.303721],[138.011665,35.303746],[138.01159,35.303721],[138.010327,35.303746],[138.009365,35.303679],[138.008915,35.303696],[138.008478,35.303771],[138.006715,35.304221],[138.005703,35.304404],[138.005428,35.304337],[138.004853,35.303996],[138.004528,35.303862],[138.003666,35.303704],[138.003228,35.303596],[138.002791,35.303412],[138.002403,35.303187],[138.002053,35.303029],[138.001528,35.302896],[138.000541,35.302787],[137.999991,35.302829],[137.999241,35.303104],[137.998991,35.303254],[137.998778,35.303346],[137.998478,35.303329],[137.998179,35.303171],[137.997929,35.302962],[137.997491,35.302696],[137.997216,35.302587],[137.996991,35.302429],[137.996766,35.302196],[137.996429,35.302063],[137.994916,35.302221],[137.994491,35.302204],[137.992341,35.301779],[137.992091,35.301671],[137.991867,35.301488],[137.991554,35.300946],[137.991379,35.300613],[137.991079,35.300229],[137.990679,35.299979],[137.989642,35.299471],[137.988417,35.298771],[137.988104,35.298546],[137.987317,35.297671],[137.985717,35.296638],[137.984992,35.296188],[137.984705,35.295946],[137.98468,35.295963],[137.98443,35.295721],[137.984167,35.29538],[137.98383,35.29473],[137.983517,35.294055],[137.983442,35.293738],[137.983267,35.29338],[137.983042,35.293038],[137.982705,35.29273],[137.982367,35.292589],[137.98198,35.29248],[137.979268,35.29258],[137.97818,35.292672],[137.977755,35.292738],[137.97728,35.292872],[137.976781,35.293105],[137.976281,35.29328],[137.975743,35.293372],[137.974968,35.293422],[137.974431,35.293422],[137.973843,35.293338],[137.973568,35.293247],[137.973418,35.293113],[137.973281,35.29203],[137.973243,35.291689],[137.973056,35.291197],[137.972681,35.290547],[137.972344,35.290139],[137.972069,35.289889],[137.971669,35.289664],[137.971281,35.289489],[137.970631,35.289039],[137.969681,35.287714],[137.969369,35.287214],[137.968894,35.286181],[137.968356,35.285731],[137.967657,35.284856],[137.967319,35.284248],[137.967232,35.283981],[137.967282,35.283548],[137.967332,35.283281],[137.967257,35.283123],[137.966857,35.28279],[137.966519,35.282698],[137.966407,35.282723],[137.966269,35.282881],[137.966157,35.283215],[137.966169,35.283415],[137.966107,35.283665],[137.965969,35.283873],[137.965357,35.28419],[137.964569,35.284481],[137.964207,35.284531],[137.963657,35.284506],[137.963282,35.28444],[137.962645,35.284265],[137.962257,35.284081],[137.96122,35.283431],[137.960795,35.283206],[137.96037,35.283031],[137.959957,35.28289],[137.959195,35.282715],[137.957857,35.282673],[137.95487,35.28309],[137.954395,35.283131],[137.95392,35.283131],[137.952995,35.283206],[137.952595,35.283206],[137.952158,35.283156],[137.951908,35.28309],[137.951646,35.282981],[137.951258,35.282648],[137.950583,35.281948],[137.949933,35.28139],[137.949296,35.281023],[137.948371,35.280623],[137.948121,35.28044],[137.948008,35.28024],[137.947971,35.28004],[137.947896,35.279907],[137.947783,35.279815],[137.947296,35.279565],[137.947221,35.279323],[137.947184,35.278732],[137.947046,35.278123],[137.946934,35.277857],[137.946734,35.277657],[137.946309,35.27734],[137.945809,35.276999],[137.945021,35.276624],[137.944021,35.276215],[137.943146,35.275974],[137.942534,35.275907],[137.942172,35.275932],[137.941834,35.27604],[137.941559,35.276199],[137.941047,35.27634],[137.940772,35.27634],[137.940247,35.276182],[137.939322,35.275824],[137.938809,35.275757],[137.937135,35.275782],[137.936635,35.275715],[137.935597,35.275699],[137.933585,35.275948],[137.932185,35.275973],[137.931548,35.275907],[137.930673,35.275707],[137.929835,35.27569],[137.929648,35.275648],[137.92961,35.275665],[137.929385,35.275582],[137.929223,35.275307],[137.929248,35.274632],[137.92921,35.273757],[137.928698,35.271632],[137.928648,35.271482],[137.928673,35.271207],[137.928648,35.270891],[137.928385,35.270241],[137.92786,35.269449],[137.927548,35.269208],[137.927298,35.269141],[137.926711,35.269141],[137.926511,35.269099],[137.926348,35.268958],[137.926236,35.268599],[137.926173,35.267924],[137.926198,35.267358],[137.926173,35.266641],[137.925998,35.265308],[137.925961,35.26495],[137.925798,35.264275],[137.925511,35.263625],[137.924973,35.262858],[137.924898,35.262608],[137.924861,35.261958],[137.924886,35.2618],[137.924773,35.260692],[137.924686,35.260425],[137.923511,35.260025],[137.922286,35.259234],[137.921274,35.258159],[137.920399,35.257367],[137.920149,35.257101],[137.919899,35.256626],[137.919749,35.256242],[137.919212,35.255251],[137.919024,35.254959],[137.918912,35.254717],[137.918712,35.254467],[137.918512,35.254309],[137.918062,35.254134],[137.917562,35.254067],[137.916199,35.254109],[137.915212,35.254051],[137.914325,35.253867],[137.91365,35.253667],[137.912837,35.253376],[137.912562,35.253334],[137.91225,35.253359],[137.911725,35.253559],[137.910888,35.254009],[137.910638,35.254126],[137.9103,35.254192],[137.909238,35.254217],[137.908788,35.254284],[137.907313,35.254267],[137.906801,35.254317],[137.906413,35.254425],[137.905826,35.2547],[137.905163,35.25495],[137.904326,35.25515],[137.903926,35.255225],[137.903676,35.255358],[137.903289,35.2557],[137.903039,35.255792],[137.902701,35.255833],[137.902001,35.255817],[137.901614,35.255858],[137.901051,35.256108],[137.900801,35.256291],[137.900352,35.256466],[137.899739,35.256633],[137.899352,35.25665],[137.898489,35.256566],[137.898152,35.256608],[137.897614,35.256883],[137.897152,35.257383],[137.89684,35.257558],[137.896165,35.257833],[137.895865,35.257924],[137.895552,35.257966],[137.895327,35.257883],[137.89519,35.257699],[137.894965,35.256908],[137.894902,35.256508],[137.89474,35.255991],[137.894315,35.255333],[137.89409,35.255108],[137.89384,35.254391],[137.893702,35.254275],[137.893502,35.254208],[137.893165,35.254191],[137.89244,35.254283],[137.891803,35.254283],[137.891378,35.254216],[137.891128,35.254125],[137.890065,35.253275],[137.889253,35.252516],[137.888703,35.2523],[137.888003,35.251817],[137.887678,35.251192],[137.886666,35.251117],[137.885816,35.250883],[137.884541,35.25025],[137.884029,35.24985],[137.882529,35.248158],[137.882516,35.24795],[137.882579,35.247442],[137.882879,35.246984],[137.883291,35.246725],[137.883529,35.246384],[137.883741,35.244951],[137.884066,35.244084],[137.883916,35.243867],[137.883729,35.243751],[137.882654,35.243317],[137.882454,35.243184],[137.882179,35.242892],[137.882004,35.241818],[137.882167,35.241309],[137.882504,35.240759],[137.882667,35.240218],[137.882667,35.239785],[137.882979,35.239535],[137.883067,35.239501],[137.883254,35.239201],[137.883442,35.238668],[137.884204,35.237835],[137.884466,35.237585],[137.884591,35.23676],[137.884791,35.23631],[137.884729,35.236168],[137.884216,35.23551],[137.884129,35.235327],[137.883479,35.233469],[137.882942,35.232969],[137.882629,35.232444],[137.882329,35.231652],[137.882129,35.230919],[137.881904,35.230594],[137.881479,35.230302],[137.880979,35.229869],[137.880717,35.229344],[137.880642,35.228603],[137.880679,35.227911],[137.880617,35.227636],[137.880429,35.227178],[137.880417,35.22667],[137.880129,35.22602],[137.87918,35.224778],[137.87883,35.224428],[137.878692,35.224345],[137.878105,35.22417],[137.877592,35.22387],[137.877155,35.223303],[137.876867,35.222853],[137.876655,35.22192],[137.876542,35.221762],[137.875905,35.221178],[137.87448,35.220179],[137.873818,35.219629],[137.87308,35.219154],[137.87238,35.218904],[137.871918,35.218737],[137.871706,35.218762],[137.871293,35.218845],[137.870768,35.219079],[137.869418,35.219862],[137.869368,35.219929],[137.867581,35.22097],[137.866731,35.221312],[137.865931,35.221312],[137.865356,35.22147],[137.864994,35.222412],[137.864581,35.222662],[137.864344,35.222687],[137.863544,35.222462],[137.863019,35.222528],[137.862557,35.222803],[137.861594,35.223095],[137.861069,35.223003],[137.860607,35.222778],[137.860407,35.222803],[137.859944,35.223003],[137.859307,35.223436],[137.858644,35.22312],[137.858295,35.22267],[137.857932,35.222553],[137.857745,35.222578],[137.857245,35.222761],[137.856695,35.223011],[137.856457,35.223078],[137.855682,35.222895],[137.855545,35.222895],[137.854495,35.22227],[137.854332,35.22222],[137.853758,35.221928],[137.853233,35.22177],[137.852633,35.221886],[137.85192,35.221911],[137.850595,35.221478],[137.850183,35.221236],[137.849745,35.221186],[137.849333,35.221395],[137.848283,35.221595],[137.847796,35.221845],[137.847133,35.22187],[137.846608,35.221436],[137.846283,35.221078],[137.846171,35.221061],[137.845558,35.221061],[137.844959,35.22092],[137.844796,35.220628],[137.844983,35.219953],[137.845171,35.219478],[137.845071,35.218945],[137.844796,35.218828],[137.844184,35.218853],[137.844109,35.218878],[137.843746,35.218653],[137.843559,35.218312],[137.843521,35.218195],[137.843721,35.217812],[137.843771,35.21777],[137.842946,35.21712],[137.842534,35.217053],[137.842121,35.217162],[137.841959,35.21712],[137.841484,35.216537],[137.841459,35.216128],[137.840934,35.216262],[137.840584,35.216487],[137.840059,35.21647],[137.839671,35.216487],[137.839259,35.216153],[137.838984,35.215728],[137.838659,35.215703],[137.837972,35.21647],[137.837259,35.215953],[137.836922,35.21552],[137.836947,35.215437],[137.837222,35.215137],[137.837722,35.214512],[137.838022,35.213904],[137.838159,35.212995],[137.838159,35.212504],[137.838047,35.212479],[137.837884,35.212504],[137.835884,35.21332],[137.834647,35.213745],[137.831835,35.214537],[137.830222,35.214895],[137.827548,35.215645],[137.826235,35.215845],[137.825185,35.215761],[137.824398,35.215919],[137.823073,35.215878],[137.821648,35.215694],[137.820436,35.215311],[137.819473,35.214769],[137.818124,35.214661],[137.816174,35.213894],[137.815836,35.213653],[137.815261,35.212928],[137.814936,35.212728],[137.813974,35.212528],[137.812712,35.212211],[137.811612,35.211869],[137.810562,35.211128],[137.80965,35.210344],[137.808662,35.210144],[137.808137,35.210119],[137.806825,35.209869],[137.805475,35.209286],[137.80325,35.208003],[137.802338,35.207444],[137.801375,35.20652],[137.800688,35.205953],[137.800163,35.20562],[137.798876,35.205278],[137.797726,35.205219],[137.797201,35.205219],[137.796151,35.204836],[137.795276,35.204111],[137.794101,35.204944],[137.793001,35.205128],[137.792064,35.204886],[137.791726,35.204728],[137.791314,35.205019],[137.790626,35.205203],[137.789801,35.204728],[137.788852,35.204369],[137.788164,35.204636],[137.787664,35.205086],[137.786889,35.205269],[137.785989,35.205653],[137.784914,35.205811],[137.783677,35.205952],[137.783465,35.205927],[137.782877,35.204803],[137.78189,35.204328],[137.780852,35.204236],[137.780077,35.203678],[137.779852,35.203228],[137.779715,35.203019],[137.779302,35.202753],[137.779002,35.202911],[137.77859,35.203428],[137.777965,35.203703],[137.777115,35.203478],[137.776428,35.203544],[137.774615,35.203411],[137.774065,35.203253],[137.77409,35.203703],[137.774253,35.204086],[137.774065,35.204336],[137.773865,35.205052],[137.773378,35.205461],[137.773178,35.205552],[137.772028,35.205777],[137.771591,35.205752],[137.770978,35.205844],[137.770516,35.206094],[137.769966,35.206052],[137.769303,35.206144],[137.768678,35.206435],[137.767716,35.20686],[137.767628,35.206935],[137.766941,35.208602],[137.766316,35.209618],[137.766066,35.210226],[137.766366,35.210676],[137.767078,35.211301],[137.767716,35.212068],[137.768341,35.212676],[137.768841,35.213468],[137.769141,35.214276],[137.769253,35.216101],[137.768266,35.217209],[137.767991,35.218067],[137.768078,35.218359],[137.767691,35.218451],[137.766428,35.218675],[137.765516,35.218475],[137.764778,35.218675],[137.764028,35.2196],[137.763378,35.220167],[137.762516,35.220458],[137.761754,35.220658],[137.761366,35.220642],[137.760454,35.22075],[137.759854,35.221516],[137.759554,35.222058],[137.758916,35.222016],[137.758066,35.221791],[137.757154,35.22145],[137.756529,35.22085],[137.755704,35.220666],[137.755567,35.220708],[137.754929,35.220708],[137.753942,35.2204],[137.753479,35.220283],[137.752492,35.220241],[137.751492,35.220599],[137.750754,35.220758],[137.750342,35.220558],[137.749467,35.219474],[137.74888,35.219499],[137.748255,35.219591],[137.747792,35.219749],[137.747292,35.220158],[137.746977,35.220536],[137.746742,35.220424],[137.746417,35.220174],[137.746142,35.219908],[137.745417,35.219341],[137.744755,35.219008],[137.744155,35.218866],[137.74363,35.218849],[137.743492,35.218866],[137.743192,35.219008],[137.742917,35.219233],[137.742342,35.219566],[137.741767,35.219799],[137.74108,35.219907],[137.740967,35.220182],[137.740805,35.220966],[137.740642,35.221149],[137.740255,35.221307],[137.73963,35.221507],[137.739042,35.221624],[137.73853,35.222007],[137.738192,35.222049],[137.73748,35.221807],[137.73688,35.221757],[137.736605,35.221849],[137.73633,35.222032],[137.73608,35.222299],[137.735693,35.22259],[137.735368,35.222682],[137.73493,35.222615],[137.73438,35.222482],[137.733143,35.222307],[137.731218,35.22219],[137.73058,35.222124],[137.72998,35.221965],[137.729643,35.22179],[137.729455,35.221565],[137.72943,35.221115],[137.729155,35.220982],[137.72808,35.22109],[137.72753,35.221207],[137.726155,35.22159],[137.72583,35.221774],[137.725468,35.222173],[137.725105,35.22224],[137.72453,35.221998],[137.724043,35.221707],[137.723543,35.22164],[137.723105,35.221682],[137.722531,35.221957],[137.721868,35.222648],[137.721206,35.223798],[137.720793,35.224931],[137.720768,35.225331],[137.720931,35.225715],[137.721268,35.22594],[137.721818,35.22619],[137.722006,35.226373],[137.722006,35.226998],[137.722343,35.227631],[137.722456,35.228015],[137.722481,35.228981],[137.722431,35.229564],[137.722368,35.229773],[137.722093,35.230473],[137.721856,35.230781],[137.721518,35.230898],[137.721131,35.230873],[137.720968,35.230831],[137.720668,35.230673],[137.720393,35.230448],[137.719843,35.229706],[137.719368,35.229481],[137.719043,35.229456],[137.718406,35.229231],[137.717968,35.229281],[137.717043,35.229889],[137.716656,35.229981],[137.715306,35.229797],[137.714981,35.229664],[137.714644,35.229489],[137.713519,35.229081],[137.712419,35.228881],[137.711844,35.228906],[137.711069,35.229289],[137.710744,35.229556],[137.710769,35.229622],[137.710544,35.229964],[137.710194,35.230214],[137.709731,35.230456],[137.709319,35.230614],[137.709144,35.230639],[137.709044,35.23068],[137.707769,35.231764],[137.707669,35.231989],[137.707622,35.232176],[137.707606,35.232239],[137.707369,35.232464],[137.706894,35.232714],[137.706482,35.232988],[137.706044,35.233163],[137.705819,35.233322],[137.705769,35.233613],[137.705657,35.233888],[137.705057,35.23398],[137.704319,35.233955],[137.703519,35.233705],[137.702469,35.232963],[137.702082,35.232855],[137.701669,35.232655],[137.700107,35.23173],[137.699582,35.23153],[137.699169,35.231413],[137.698844,35.23153],[137.69812,35.232047],[137.697957,35.232113],[137.69752,35.232138],[137.697245,35.232297],[137.69672,35.232746],[137.696345,35.232813],[137.695845,35.232863],[137.694932,35.233063],[137.694657,35.233196],[137.694145,35.233671],[137.69387,35.233671],[137.693282,35.233496],[137.692295,35.233221],[137.691608,35.233204],[137.691145,35.233088],[137.69067,35.232913],[137.69037,35.232754],[137.690208,35.232571],[137.689845,35.231938],[137.689608,35.23158],[137.68927,35.231196],[137.688883,35.230955],[137.688308,35.230746],[137.687783,35.23073],[137.687158,35.230746],[137.686546,35.230838],[137.685808,35.231021],[137.685421,35.231179],[137.685008,35.231788],[137.684346,35.232329],[137.683771,35.233004],[137.683471,35.233096],[137.683196,35.233279],[137.682646,35.233929],[137.682484,35.234271],[137.682509,35.23452],[137.682396,35.234745],[137.682259,35.234879],[137.681959,35.235079],[137.681496,35.23522],[137.681296,35.235145],[137.681134,35.23492],[137.680996,35.234629],[137.680721,35.233979],[137.680559,35.233662],[137.680334,35.233395],[137.679822,35.232879],[137.679547,35.231954],[137.679372,35.231521],[137.679097,35.231229],[137.678634,35.230937],[137.678222,35.230846],[137.677559,35.230829],[137.676984,35.230895],[137.67621,35.230895],[137.675772,35.231029],[137.675522,35.231029],[137.674897,35.23092],[137.67446,35.230962],[137.673872,35.231187],[137.67366,35.231187],[137.67346,35.230879],[137.67311,35.23047],[137.672397,35.229754],[137.671873,35.229095],[137.671485,35.22887],[137.670823,35.228645],[137.669748,35.228404],[137.669285,35.228179],[137.668735,35.227637],[137.668348,35.227387],[137.667773,35.227254],[137.667086,35.227278],[137.666373,35.22737],[137.665898,35.227453],[137.665323,35.227412],[137.664498,35.227728],[137.664086,35.227778],[137.663899,35.227861],[137.663786,35.227861],[137.662824,35.227795],[137.662324,35.227711],[137.661886,35.227528],[137.661586,35.227278],[137.661286,35.227195],[137.660786,35.227328],[137.659162,35.228028],[137.658374,35.228186],[137.657274,35.228228],[137.656637,35.228211],[137.656149,35.228094],[137.655237,35.22742],[137.654275,35.22697],[137.653975,35.226728],[137.653775,35.226345],[137.653725,35.226003],[137.65375,35.225037],[137.653725,35.224562],[137.653637,35.224112],[137.653425,35.223753],[137.653062,35.223528],[137.652675,35.223412],[137.652512,35.223279],[137.652425,35.223079],[137.652425,35.222962],[137.652625,35.222579],[137.65315,35.221862],[137.653362,35.22147],[137.653425,35.220979],[137.653387,35.220504],[137.65345,35.219962],[137.65355,35.219471],[137.6538,35.218588],[137.653775,35.218229],[137.653687,35.217871],[137.65355,35.217554],[137.653475,35.217488],[137.65295,35.217238],[137.65125,35.216654],[137.650225,35.216204],[137.6496,35.215688],[137.64905,35.21483],[137.6486,35.21443],[137.647038,35.213905],[137.646275,35.213913],[137.645038,35.214071],[137.64445,35.213621],[137.644351,35.212738],[137.645175,35.212197],[137.645338,35.211655],[137.644863,35.210872],[137.644613,35.210122],[137.644751,35.20963],[137.644176,35.209047],[137.643551,35.208955],[137.641563,35.20918],[137.640551,35.209722],[137.639888,35.20943],[137.638651,35.209972],[137.637314,35.210313],[137.635939,35.210722],[137.634864,35.21083],[137.634151,35.211355],[137.633851,35.211888],[137.633239,35.212255],[137.632527,35.212321],[137.631514,35.21228],[137.629614,35.21183],[137.628564,35.211605],[137.627827,35.211563],[137.627727,35.211663],[137.627639,35.211763],[137.627552,35.211821],[137.627452,35.211896],[137.627364,35.211921],[137.627277,35.211946],[137.627164,35.211946],[137.627052,35.211971],[137.626964,35.211946],[137.626802,35.211905],[137.62664,35.211846],[137.626565,35.211813],[137.626427,35.21173],[137.626302,35.211638],[137.62614,35.211546],[137.62594,35.211446],[137.62579,35.211371],[137.625602,35.211296],[137.625515,35.211271],[137.62544,35.211246],[137.625265,35.21118],[137.62509,35.211138],[137.624977,35.211105],[137.62474,35.211055],[137.624515,35.211013],[137.624302,35.210971],[137.624002,35.21088],[137.623727,35.21088],[137.62359,35.210871],[137.623427,35.210863],[137.623152,35.210821],[137.623027,35.210805],[137.622927,35.210805],[137.622777,35.210805],[137.622427,35.210805],[137.622327,35.210796],[137.622152,35.210821],[137.622052,35.210846],[137.621987,35.21085],[137.62184,35.210838],[137.621765,35.210863],[137.621652,35.21088],[137.62154,35.210863],[137.621452,35.210921],[137.62134,35.210955],[137.621202,35.210963],[137.620965,35.210988],[137.620815,35.21103],[137.62064,35.211038],[137.620552,35.211046],[137.62044,35.211055],[137.620352,35.211046],[137.620265,35.211038],[137.620053,35.210971],[137.61999,35.210771],[137.619965,35.210571],[137.61999,35.210438],[137.61999,35.210288],[137.619978,35.210196],[137.619928,35.210121],[137.61989,35.210046],[137.619815,35.209963],[137.619528,35.209946],[137.619178,35.20993],[137.618803,35.209863],[137.61819,35.209755],[137.617765,35.209688],[137.617465,35.209621],[137.61724,35.209588],[137.617103,35.209571],[137.617015,35.209555],[137.616953,35.20953],[137.616628,35.20958],[137.616328,35.210005],[137.61564,35.210555],[137.615153,35.210596],[137.61424,35.210346],[137.61364,35.209621],[137.613303,35.209038],[137.612616,35.20868],[137.610666,35.208405],[137.609616,35.207955],[137.607803,35.207005],[137.606528,35.206738],[137.605329,35.20683],[137.604641,35.20653],[137.603429,35.206263],[137.603066,35.206055],[137.602979,35.205896],[137.603366,35.205763],[137.603591,35.205496],[137.603316,35.205196],[137.601829,35.204246],[137.600729,35.203638],[137.599767,35.203055],[137.597417,35.202038],[137.595192,35.200971],[137.594142,35.20043],[137.591705,35.199413],[137.590792,35.19933],[137.589967,35.199305],[137.589168,35.19933],[137.588618,35.199555],[137.58763,35.199755],[137.586393,35.199779],[137.58523,35.199579],[137.583831,35.199713],[137.582956,35.199579],[137.582243,35.199171],[137.581693,35.198746],[137.580918,35.198563],[137.579981,35.198454],[137.578718,35.198429],[137.578468,35.198454],[137.577618,35.199396],[137.577468,35.199921],[137.577493,35.200396],[137.577643,35.200946],[137.577856,35.201462],[137.577856,35.201804],[137.577781,35.201929],[137.576918,35.202454],[137.576706,35.202637],[137.576631,35.202862],[137.576718,35.20327],[137.577043,35.203912],[137.577018,35.204729],[137.577031,35.205204],[137.576993,35.205554],[137.576906,35.205629],[137.576768,35.205962],[137.576681,35.20647],[137.576681,35.20692],[137.577206,35.208003],[137.577806,35.208837],[137.578093,35.209362],[137.578131,35.209662],[137.577693,35.210553],[137.577743,35.210928],[137.577706,35.211353],[137.577256,35.211761],[137.576993,35.21207],[137.576881,35.21272],[137.577043,35.213003],[137.577306,35.213253],[137.578118,35.214936],[137.578368,35.215311],[137.578406,35.215794],[137.578368,35.215978],[137.578118,35.216278],[137.577881,35.216961],[137.578206,35.217644],[137.578181,35.218011],[137.578231,35.218286],[137.578418,35.218578],[137.578768,35.218886],[137.578868,35.219178],[137.578781,35.219403],[137.578431,35.219627],[137.577806,35.219886],[137.577006,35.220361],[137.576568,35.220444],[137.576093,35.220402],[137.575456,35.220502],[137.575406,35.220802],[137.575531,35.221161],[137.575581,35.221702],[137.575468,35.222069],[137.575293,35.222394],[137.574931,35.222802],[137.574681,35.22326],[137.574168,35.223352],[137.573993,35.223335],[137.573319,35.223502],[137.572881,35.223719],[137.572581,35.224102],[137.572669,35.225435],[137.572631,35.225935],[137.572519,35.226343],[137.572319,35.226718],[137.571931,35.226902],[137.571081,35.227027],[137.570719,35.227143],[137.570194,35.227493],[137.569644,35.22771],[137.568694,35.227776],[137.568369,35.228043],[137.568181,35.228435],[137.567819,35.229235],[137.567631,35.229518],[137.566944,35.229834],[137.566769,35.230184],[137.566631,35.230576],[137.566369,35.230893],[137.565531,35.231626],[137.565381,35.231951],[137.565256,35.232359],[137.564906,35.233176],[137.564794,35.233317],[137.564294,35.233609],[137.563819,35.233817],[137.563406,35.234034],[137.563094,35.234251],[137.562994,35.234351],[137.562794,35.234709],[137.562794,35.235067],[137.562656,35.235325],[137.560219,35.236534],[137.559294,35.236858],[137.557744,35.237058],[137.557182,35.23725],[137.556832,35.23755],[137.556719,35.237692],[137.556357,35.238017],[137.556219,35.238067],[137.555244,35.238292],[137.554657,35.238575],[137.554469,35.238875],[137.554319,35.239391],[137.554244,35.239533],[137.553857,35.239825],[137.552969,35.240133],[137.552544,35.240458],[137.552007,35.24105],[137.551419,35.241891],[137.550344,35.243124],[137.549757,35.244358],[137.549594,35.244924],[137.549219,35.246874],[137.549082,35.248515],[137.548907,35.249099],[137.548307,35.250382],[137.547982,35.250915],[137.547644,35.251273],[137.547369,35.25134],[137.546957,35.251323],[137.546519,35.251357],[137.546144,35.251515],[137.545982,35.251765],[137.546044,35.252807],[137.545982,35.252982],[137.546019,35.253165],[137.546069,35.253265],[137.546294,35.254415],[137.546619,35.25469],[137.547669,35.256081],[137.547994,35.256981],[137.547944,35.25739],[137.547744,35.257973],[137.547644,35.258673],[137.547719,35.259056],[137.547856,35.259398],[137.548081,35.259598],[137.548381,35.259756],[137.548819,35.259848],[137.549206,35.259864],[137.551156,35.260089],[137.551656,35.260073],[137.552119,35.259931],[137.552306,35.26009],[137.553243,35.260748],[137.554181,35.261464],[137.554431,35.261781],[137.555031,35.262548],[137.556431,35.263739],[137.557143,35.264214],[137.557481,35.264506],[137.55773,35.264839],[137.557893,35.265223],[137.558005,35.265656],[137.55798,35.266822],[137.557755,35.267522],[137.557505,35.267997],[137.55668,35.268989],[137.556518,35.269439],[137.55663,35.269755],[137.557155,35.270564],[137.55723,35.270839],[137.557205,35.271105],[137.557068,35.27138],[137.55683,35.271697],[137.556443,35.271922],[137.556105,35.272188],[137.555893,35.272438],[137.55578,35.272772],[137.55573,35.273605],[137.55578,35.27433],[137.55573,35.274396],[137.556005,35.274621],[137.55748,35.274938],[137.55773,35.275138],[137.558005,35.275455],[137.558255,35.275638],[137.558855,35.275788],[137.560067,35.276313],[137.560317,35.276446],[137.560567,35.276646],[137.561092,35.277321],[137.561367,35.27748],[137.561742,35.277613],[137.562155,35.27768],[137.562705,35.27768],[137.563017,35.27773],[137.563117,35.277771],[137.563455,35.277796],[137.56403,35.27773],[137.564192,35.277813],[137.564467,35.27838],[137.564717,35.27858],[137.564992,35.278713],[137.565154,35.278871],[137.565242,35.279863],[137.565404,35.280154],[137.566004,35.280604],[137.566392,35.281038],[137.567829,35.281354],[137.568292,35.281396],[137.569092,35.281554],[137.569529,35.281779],[137.570329,35.282138],[137.570629,35.282363],[137.570854,35.282679],[137.570879,35.283038],[137.570579,35.283513],[137.570129,35.283987],[137.569391,35.284912],[137.568979,35.285296],[137.568816,35.285587],[137.568979,35.286595],[137.568879,35.286712],[137.568216,35.28712],[137.567604,35.287295],[137.567417,35.287454],[137.567367,35.287754],[137.567367,35.288087],[137.567504,35.288378],[137.567529,35.288853],[137.567616,35.289328],[137.567479,35.289662],[137.567254,35.289962],[137.567091,35.29007],[137.566292,35.290253],[137.565529,35.290345],[137.565029,35.290203],[137.564117,35.29007],[137.563154,35.290003],[137.562304,35.289986],[137.562142,35.289961],[137.561917,35.289628],[137.561954,35.289311],[137.561817,35.289328],[137.561542,35.289261],[137.561367,35.289261],[137.561317,35.289311],[137.561229,35.289761],[137.561104,35.290028],[137.560854,35.29032],[137.560517,35.291069],[137.560054,35.291519],[137.559342,35.292328],[137.559042,35.292536],[137.558767,35.292852],[137.558467,35.293277],[137.557917,35.293977],[137.55753,35.294769],[137.55673,35.29526],[137.556342,35.295577],[137.55643,35.295868],[137.556705,35.29616],[137.557667,35.29666],[137.558217,35.297085],[137.558417,35.297535],[137.558492,35.297943],[137.558379,35.298818],[137.558442,35.299768],[137.558654,35.300326],[137.558992,35.300776],[137.559217,35.301368],[137.559317,35.302309],[137.559242,35.303459],[137.558942,35.304093],[137.558804,35.304742],[137.558779,35.305267],[137.558692,35.305601],[137.557679,35.307159],[137.556467,35.309433],[137.556579,35.309617],[137.557042,35.310067],[137.557404,35.310267],[137.558067,35.310492],[137.558592,35.3106],[137.558892,35.310533],[137.558967,35.310492],[137.559167,35.310175],[137.559542,35.3097],[137.559767,35.309567],[137.559929,35.309517],[137.560342,35.309517],[137.560954,35.309725],[137.561366,35.310059],[137.562079,35.31085],[137.562516,35.31125],[137.562904,35.311409],[137.563366,35.3113],[137.564029,35.310917],[137.564491,35.310692],[137.564879,35.310667],[137.565154,35.310892],[137.565404,35.311275],[137.565316,35.311409],[137.564641,35.311834],[137.564579,35.311975],[137.564529,35.312492],[137.564391,35.3129],[137.564391,35.313208],[137.564604,35.313458],[137.565129,35.31355],[137.565929,35.313417],[137.566479,35.313167],[137.567028,35.312734],[137.567416,35.312642],[137.567741,35.312875],[137.568128,35.313075],[137.568516,35.313167],[137.568866,35.313392],[137.569003,35.313634],[137.568978,35.313817],[137.568903,35.313909],[137.568516,35.314067],[137.567416,35.314384],[137.567278,35.31445],[137.567141,35.314717],[137.567253,35.315008],[137.567641,35.315458],[137.568566,35.316067],[137.570141,35.31735],[137.571566,35.318392],[137.572041,35.3183],[137.572553,35.317825],[137.573028,35.317575],[137.573378,35.317325],[137.573853,35.316875],[137.574153,35.316742],[137.574478,35.316742],[137.575028,35.316984],[137.57594,35.317775],[137.576465,35.318134],[137.577478,35.318717],[137.578028,35.3189],[137.578665,35.319009],[137.57899,35.319009],[137.58009,35.318917],[137.58059,35.318809],[137.58089,35.318676],[137.581327,35.318534],[137.581827,35.318442],[137.582152,35.318509],[137.583277,35.319009],[137.583452,35.319167],[137.583477,35.319234],[137.58339,35.319592],[137.583252,35.319909],[137.583115,35.32065],[137.583152,35.321125],[137.583315,35.321617],[137.58359,35.321867],[137.584165,35.322159],[137.585427,35.322884],[137.58579,35.323042],[137.587077,35.32335],[137.587577,35.323667],[137.587939,35.324184],[137.588052,35.324567],[137.588014,35.325517],[137.588189,35.325808],[137.588564,35.325967],[137.589039,35.326208],[137.589777,35.327042],[137.590327,35.327475],[137.590664,35.327675],[137.591127,35.32815],[137.591214,35.32835],[137.591164,35.328667],[137.590827,35.3295],[137.590614,35.330016],[137.590552,35.330466],[137.590614,35.330675],[137.590889,35.330741],[137.591239,35.330691],[137.591739,35.330508],[137.592589,35.330083],[137.592777,35.330058],[137.593114,35.330108],[137.593502,35.3304],[137.593989,35.330983],[137.594539,35.331341],[137.594951,35.331341],[137.595226,35.33125],[137.595451,35.33105],[137.595639,35.330708],[137.595751,35.330617],[137.596089,35.330458],[137.596364,35.330575],[137.596601,35.330867],[137.596826,35.331225],[137.597151,35.331517],[137.597289,35.331542],[137.597701,35.331342],[137.598289,35.331117],[137.598889,35.331],[137.599826,35.331067],[137.600239,35.331067],[137.601063,35.330817],[137.601313,35.330842],[137.601663,35.331267],[137.601826,35.33185],[137.602001,35.33215],[137.602276,35.332217],[137.602688,35.332167],[137.603101,35.332167],[137.603513,35.332367],[137.603726,35.33275],[137.603863,35.333133],[137.603763,35.334575],[137.603601,35.334941],[137.603401,35.335183],[137.602988,35.335458],[137.602776,35.335708],[137.602851,35.335866],[137.603163,35.336016],[137.603901,35.336333],[137.604151,35.336566],[137.603963,35.337174],[137.603751,35.337583],[137.603263,35.338349],[137.603051,35.338591],[137.602651,35.339382],[137.602001,35.340307],[137.601913,35.340557],[137.601813,35.341141],[137.601688,35.341232],[137.601538,35.341232],[137.601076,35.341391],[137.600951,35.341482],[137.600738,35.341732],[137.600526,35.342115],[137.600438,35.342357],[137.600588,35.342765],[137.600901,35.34319],[137.601113,35.34369],[137.601351,35.344074],[137.601788,35.34479],[137.601938,35.345173],[137.601876,35.34549],[137.601701,35.346007],[137.601701,35.346123],[137.601513,35.346415],[137.600988,35.346532],[137.600438,35.346573],[137.600163,35.346732],[137.600063,35.347248],[137.600101,35.347431],[137.600038,35.347856],[137.600101,35.34829],[137.600376,35.348873],[137.600563,35.349823],[137.600526,35.350339],[137.600376,35.350656],[137.600101,35.351039],[137.599888,35.351823],[137.599888,35.352323],[137.600188,35.352931],[137.600476,35.353247],[137.600876,35.353581],[137.601451,35.353656],[137.601826,35.353581],[137.602188,35.353656],[137.602476,35.353881],[137.602601,35.354172],[137.602538,35.354572],[137.602476,35.354714],[137.602101,35.355006],[137.601451,35.355231],[137.601151,35.355681],[137.601026,35.356314],[137.601113,35.35708],[137.601401,35.35733],[137.601426,35.357414],[137.601676,35.35773],[137.602101,35.357797],[137.602351,35.357914],[137.602563,35.358297],[137.602201,35.358972],[137.601988,35.35958],[137.601888,35.360055],[137.601951,35.360638],[137.601763,35.360822],[137.601714,35.360838],[137.601488,35.360913],[137.601426,35.36098],[137.601151,35.36168],[137.601026,35.361813],[137.600601,35.36213],[137.600201,35.362513],[137.599926,35.362988],[137.599551,35.36323],[137.599363,35.36368],[137.599301,35.364021],[137.599188,35.364404],[137.599001,35.364763],[137.598538,35.365146],[137.597988,35.365896],[137.597826,35.366429],[137.598326,35.367354],[137.598351,35.367671],[137.598263,35.367946],[137.598263,35.368104],[137.598476,35.368571],[137.598413,35.369046],[137.597951,35.369812],[137.597888,35.370287],[137.597988,35.370562],[137.597988,35.37092],[137.597926,35.37117],[137.598201,35.372045],[137.598451,35.372337],[137.598701,35.37272],[137.598726,35.372853],[137.598663,35.373087],[137.598601,35.37317],[137.598201,35.373512],[137.598051,35.373845],[137.598076,35.37502],[137.598238,35.375336],[137.598326,35.375428],[137.598638,35.375586],[137.598826,35.375836],[137.598538,35.377344],[137.598576,35.377411],[137.598513,35.378061],[137.598576,35.378469],[137.598576,35.378853],[137.598601,35.378894],[137.598363,35.379169],[137.597901,35.379353],[137.596701,35.379644],[137.596426,35.379961],[137.596013,35.380161],[137.595713,35.380252],[137.595501,35.380411],[137.595338,35.380969],[137.595126,35.381469],[137.594851,35.381735],[137.594301,35.381985],[137.594051,35.38221],[137.593401,35.383293],[137.593338,35.383335],[137.592601,35.383743],[137.592201,35.383785],[137.591926,35.383743],[137.591339,35.384035],[137.591089,35.384327],[137.590914,35.384693],[137.590851,35.384918],[137.590689,35.385052],[137.590226,35.385093],[137.589701,35.385051],[137.589401,35.385276],[137.589339,35.385543],[137.589239,35.385593],[137.588814,35.385635],[137.588414,35.385835],[137.588101,35.386151],[137.587864,35.386518],[137.587764,35.386943],[137.587551,35.387643],[137.586751,35.388293],[137.586601,35.388634],[137.586476,35.389468],[137.586076,35.389534],[137.585914,35.389534],[137.585239,35.389809],[137.584751,35.389734],[137.584251,35.389734],[137.583764,35.389892],[137.582864,35.390051],[137.582502,35.390276],[137.582064,35.390642],[137.581764,35.390776],[137.581114,35.390884],[137.580039,35.390726],[137.579689,35.390592],[137.579052,35.390184],[137.578552,35.390101],[137.578089,35.390117],[137.577689,35.390251],[137.577327,35.390484],[137.577102,35.390934],[137.577014,35.39145],[137.576864,35.391992],[137.576427,35.392959],[137.576302,35.393459],[137.576177,35.394717],[137.576177,35.395367],[137.576027,35.396292],[137.576002,35.396741],[137.576089,35.397241],[137.576127,35.397758],[137.576027,35.398208],[137.575814,35.398816],[137.575164,35.400033],[137.575752,35.400308],[137.576214,35.400466],[137.576364,35.400466],[137.576889,35.400349],[137.577477,35.400058],[137.577852,35.3997],[137.577939,35.399566],[137.578152,35.399358],[137.578252,35.399316],[137.578652,35.39925],[137.579202,35.399291],[137.579576,35.399291],[137.580126,35.399066],[137.580589,35.3988],[137.580801,35.398616],[137.580964,35.3983],[137.581201,35.398033],[137.581701,35.397966],[137.582464,35.397942],[137.583026,35.397825],[137.583114,35.397758],[137.583214,35.397742],[137.583576,35.397358],[137.583701,35.396992],[137.583914,35.396767],[137.584226,35.396542],[137.584876,35.396367],[137.585701,35.396],[137.586076,35.3958],[137.586626,35.395708],[137.587301,35.39555],[137.588114,35.395309],[137.588351,35.39515],[137.588414,35.394859],[137.588664,35.394559],[137.589214,35.394242],[137.590413,35.393709],[137.590726,35.393684],[137.591251,35.39375],[137.591776,35.393775],[137.592488,35.393567],[137.592888,35.393567],[137.593251,35.393792],[137.593588,35.3942],[137.594426,35.394742],[137.594913,35.395284],[137.595138,35.395325],[137.596001,35.394425],[137.596301,35.3942],[137.596801,35.394092],[137.598001,35.3942],[137.599388,35.394092],[137.59985,35.393884],[137.600125,35.393642],[137.600613,35.393617],[137.601538,35.393684],[137.602,35.393642],[137.603088,35.393592],[137.603825,35.393684],[137.605113,35.393934],[137.605613,35.393975],[137.606375,35.393734],[137.607675,35.393509],[137.608562,35.393484],[137.609125,35.393301],[137.60965,35.393076],[137.610137,35.392967],[137.610387,35.392942],[137.611187,35.392742],[137.611612,35.392759],[137.612075,35.392584],[137.612237,35.392492],[137.612874,35.391768],[137.613037,35.391726],[137.613337,35.391793],[137.613406,35.391831],[137.613482,35.391873],[137.614199,35.392268],[137.614637,35.392426],[137.614949,35.392401],[137.615499,35.392293],[137.616024,35.392109],[137.616674,35.391926],[137.617899,35.391751],[137.618611,35.39186],[137.618736,35.391951],[137.619199,35.39301],[137.619474,35.393235],[137.619961,35.393443],[137.621261,35.393693],[137.621982,35.393846],[137.621999,35.393851],[137.622548,35.394126],[137.622623,35.394218],[137.623123,35.394368],[137.623586,35.39446],[137.624136,35.395051],[137.624611,35.395293],[137.625186,35.39541],[137.625623,35.395585],[137.626036,35.396126],[137.626835,35.39651],[137.627498,35.39671],[137.628048,35.397001],[137.628873,35.397385],[137.629423,35.397476],[137.630598,35.397501],[137.63121,35.397651],[137.631672,35.398018],[137.631997,35.398401],[137.63261,35.39871],[137.63341,35.398985],[137.633647,35.399093],[137.634147,35.39961],[137.634835,35.401126],[137.634922,35.401593],[137.634997,35.401776],[137.634967,35.401974],[137.634835,35.402676],[137.634672,35.403218],[137.633547,35.405042],[137.63286,35.405767],[137.63186,35.406017],[137.631585,35.406375],[137.63121,35.406717],[137.63101,35.407009],[137.631047,35.407167],[137.631422,35.4075],[137.63181,35.407934],[137.632085,35.408517],[137.632147,35.409017],[137.63211,35.409484],[137.631947,35.410075],[137.63201,35.410392],[137.632147,35.4107],[137.631897,35.410817],[137.630985,35.411158],[137.630435,35.4112],[137.62871,35.410958],[137.62846,35.410908],[137.62766,35.410891],[137.62686,35.410958],[137.625985,35.410825],[137.625373,35.410841],[137.624935,35.410983],[137.624248,35.411366],[137.623948,35.411591],[137.623535,35.411749],[137.623011,35.411858],[137.621974,35.411825],[137.621885,35.411943],[137.621748,35.412174],[137.621586,35.412266],[137.621436,35.412516],[137.620786,35.414091],[137.620573,35.414382],[137.619986,35.414949],[137.619861,35.415149],[137.619898,35.415582],[137.620023,35.416032],[137.620273,35.416665],[137.620486,35.416957],[137.620511,35.417182],[137.620398,35.417382],[137.619748,35.41799],[137.619348,35.418557],[137.618698,35.419098],[137.618198,35.419907],[137.617598,35.421007],[137.617298,35.42139],[137.616536,35.422006],[137.616123,35.422656],[137.615723,35.423381],[137.615748,35.423831],[137.615948,35.424623],[137.616448,35.425564],[137.616811,35.425923],[137.617285,35.426214],[137.617635,35.426481],[137.617785,35.426731],[137.617723,35.427089],[137.617123,35.427856],[137.616848,35.428156],[137.616773,35.428197],[137.616361,35.42863],[137.616311,35.428739],[137.616173,35.429372],[137.616011,35.429864],[137.615523,35.430705],[137.614698,35.431313],[137.613586,35.431972],[137.613408,35.432142],[137.612873,35.432655],[137.612161,35.433263],[137.611886,35.433713],[137.610623,35.434754],[137.610161,35.435229],[137.609561,35.435771],[137.609011,35.436521],[137.608861,35.437154],[137.608699,35.437554],[137.608361,35.437854],[137.607924,35.438104],[137.606636,35.43867],[137.605811,35.438895],[137.604661,35.439104],[137.603886,35.439378],[137.603511,35.43947],[137.603061,35.43947],[137.601612,35.43932],[137.601249,35.439412],[137.600924,35.439912],[137.600649,35.440228],[137.599499,35.441311],[137.598737,35.44217],[137.598437,35.442736],[137.598437,35.442894],[137.597612,35.443053],[137.597124,35.443261],[137.596762,35.443511],[137.595725,35.444419],[137.595562,35.444619],[137.594825,35.445302],[137.59455,35.445702],[137.59395,35.446202],[137.593675,35.446544],[137.593512,35.446652],[137.5931,35.447044],[137.593075,35.447127],[137.593625,35.447469],[137.593987,35.447777],[137.594237,35.448052],[137.5946,35.448652],[137.595037,35.44906],[137.595649,35.449435],[137.596312,35.450043],[137.597012,35.45056],[137.597812,35.451302],[137.598312,35.451543],[137.598912,35.451743],[137.600049,35.45201],[137.600536,35.452302],[137.600786,35.45241],[137.601099,35.45261],[137.601486,35.453085],[137.601736,35.453218],[137.601786,35.453218],[137.602174,35.453443],[137.602474,35.453685],[137.603248,35.454426],[137.603286,35.454718],[137.603536,35.455076],[137.604336,35.455726],[137.604973,35.455885],[137.605498,35.455876],[137.606048,35.45601],[137.606436,35.456285],[137.606661,35.456618],[137.606961,35.457334],[137.607048,35.457493],[137.607161,35.457851],[137.607273,35.458009],[137.607685,35.458143],[137.60791,35.458168],[137.60906,35.458451],[137.609723,35.458543],[137.610198,35.458676],[137.610297,35.458808],[137.610345,35.458872],[137.610448,35.459009],[137.610585,35.459642],[137.61081,35.460001],[137.61141,35.460451],[137.611885,35.461142],[137.61261,35.461792],[137.613085,35.462267],[137.61311,35.462625],[137.613222,35.462917],[137.614572,35.463109],[137.61521,35.463267],[137.615822,35.463692],[137.616597,35.464367],[137.617147,35.46495],[137.617309,35.465259],[137.617422,35.465575],[137.617484,35.465625],[137.617534,35.465867],[137.617509,35.466117],[137.617897,35.466658],[137.618134,35.467692],[137.618347,35.4678],[137.619447,35.467775],[137.619947,35.467842],[137.620384,35.467975],[137.621197,35.4686],[137.621334,35.468625],[137.621434,35.468575],[137.621634,35.468417],[137.621684,35.468325],[137.621934,35.4681],[137.622159,35.467775],[137.622309,35.467259],[137.622859,35.466967],[137.623046,35.466984],[137.623546,35.467259],[137.624184,35.467575],[137.624709,35.467709],[137.625821,35.467775],[137.626471,35.467959],[137.627109,35.467867],[137.627759,35.467734],[137.628096,35.467509],[137.628558,35.467442],[137.628683,35.467525],[137.628896,35.467825],[137.629208,35.468475],[137.629521,35.468659],[137.630071,35.468859],[137.630558,35.469125],[137.630746,35.469442],[137.631058,35.469734],[137.631546,35.469942],[137.631821,35.470617],[137.632008,35.471717],[137.631883,35.472283],[137.631758,35.472508],[137.631571,35.473],[137.631633,35.473383],[137.632058,35.473858],[137.632283,35.474216],[137.632121,35.474716],[137.631633,35.475008],[137.631446,35.475233],[137.630983,35.476266],[137.630546,35.476649],[137.629783,35.477016],[137.629658,35.477124],[137.629621,35.477466],[137.629783,35.477932],[137.630121,35.478541],[137.630458,35.478882],[137.630521,35.479224],[137.630571,35.480282],[137.630508,35.480482],[137.630271,35.480799],[137.629521,35.48109],[137.629283,35.481249],[137.629121,35.481582],[137.629371,35.48219],[137.629583,35.483048],[137.629708,35.48334],[137.629733,35.483632],[137.629271,35.483907],[137.628908,35.48404],[137.628596,35.484106],[137.627733,35.484398],[137.627146,35.48449],[137.626896,35.484765],[137.626933,35.485123],[137.627108,35.485456],[137.627171,35.485731],[137.627108,35.486048],[137.626408,35.486656],[137.626221,35.486989],[137.626308,35.487373],[137.626283,35.487823],[137.626183,35.487889],[137.625471,35.488547],[137.625446,35.488706],[137.625658,35.489289],[137.625658,35.490031],[137.625558,35.490531],[137.625558,35.491089],[137.625658,35.491314],[137.625808,35.492622],[137.625771,35.492755],[137.625496,35.493072],[137.624946,35.493522],[137.624483,35.493705],[137.624383,35.493838],[137.624446,35.494447],[137.624658,35.494897],[137.624783,35.495413],[137.624783,35.495913],[137.624908,35.497063],[137.624808,35.497755],[137.624433,35.499313],[137.624433,35.499788],[137.624533,35.500687],[137.624746,35.500937],[137.625146,35.501096],[137.625821,35.501229],[137.627545,35.501337],[137.627983,35.501412],[137.628233,35.501496],[137.628283,35.501704],[137.62807,35.502062],[137.62792,35.502221],[137.627645,35.502604],[137.627495,35.503212],[137.627945,35.503654],[137.628045,35.50402],[137.62832,35.504295],[137.62897,35.504679],[137.629308,35.505045],[137.629657,35.505495],[137.629707,35.505995],[137.629145,35.50667],[137.62932,35.507078],[137.630045,35.507553],[137.630732,35.508145],[137.631332,35.508512],[137.631707,35.508895],[137.631832,35.509053],[137.632457,35.508903],[137.633457,35.508728],[137.633707,35.508753],[137.634507,35.509028],[137.635182,35.50937],[137.635944,35.510195],[137.636144,35.510553],[137.636544,35.510695],[137.637694,35.510862],[137.638269,35.510903],[137.640006,35.510512],[137.640806,35.510428],[137.640981,35.510478],[137.641506,35.510837],[137.641956,35.510978],[137.642381,35.510753],[137.642856,35.510712],[137.643906,35.51097],[137.644155,35.511287],[137.64418,35.511603],[137.644068,35.511987],[137.643993,35.512145],[137.643718,35.513153],[137.644005,35.513478],[137.644155,35.513678],[137.64433,35.51447],[137.644318,35.51472],[137.644168,35.515303],[137.644343,35.515711],[137.644305,35.51612],[137.64413,35.516319],[137.643993,35.517336],[137.644105,35.518594],[137.64398,35.519186],[137.64363,35.519544],[137.643555,35.519719],[137.643518,35.520152],[137.643843,35.520536],[137.643943,35.520719],[137.644018,35.520944],[137.644093,35.521052],[137.644592,35.521169],[137.645342,35.521152],[137.645642,35.521227],[137.646017,35.521427],[137.646255,35.521902],[137.64653,35.522811],[137.646867,35.523627],[137.646842,35.52376],[137.646517,35.523985],[137.64638,35.52441],[137.646305,35.524994],[137.646505,35.525402],[137.64668,35.525494],[137.647279,35.525702],[137.647592,35.526043],[137.647642,35.526402],[137.647492,35.526877],[137.647729,35.52751],[137.648679,35.528377],[137.648679,35.528735],[137.648892,35.529685],[137.648542,35.530043],[137.648254,35.530226],[137.648279,35.530493],[137.648404,35.53056],[137.648829,35.530701],[137.649479,35.530685],[137.650129,35.530618],[137.650917,35.530626],[137.652004,35.531151],[137.652204,35.531151],[137.652604,35.531426],[137.652829,35.531926],[137.653279,35.532043],[137.653754,35.532268],[137.653904,35.532251],[137.654404,35.53176],[137.654816,35.531626],[137.655466,35.531785],[137.655891,35.53181],[137.657366,35.531235],[137.657853,35.530968],[137.658203,35.530901],[137.658741,35.531243],[137.659166,35.531385],[137.660028,35.531476],[137.660516,35.53171],[137.661291,35.532168],[137.661791,35.532576],[137.662165,35.53276],[137.66279,35.532826],[137.66329,35.532651],[137.664215,35.532751],[137.66454,35.532643],[137.664928,35.53246],[137.665153,35.53231],[137.665978,35.532243],[137.666853,35.532068],[137.667578,35.532076],[137.668577,35.53251],[137.668777,35.53251],[137.669965,35.532268],[137.67069,35.53246],[137.67124,35.532527],[137.671715,35.532327],[137.672702,35.531685],[137.672727,35.531635],[137.672902,35.531618],[137.673502,35.531843],[137.673902,35.531627],[137.674102,35.531602],[137.674452,35.531718],[137.674902,35.532035],[137.675302,35.532402],[137.675714,35.532693],[137.676239,35.532885],[137.676914,35.533002],[137.677389,35.533185],[137.677764,35.533685],[137.678326,35.534585],[137.678326,35.534743],[137.678776,35.535201],[137.678876,35.535468],[137.678801,35.535585],[137.679026,35.535876],[137.679701,35.535926],[137.680251,35.535818],[137.680626,35.535576],[137.680801,35.535551],[137.681501,35.535651],[137.682201,35.535901],[137.682851,35.536426],[137.683326,35.536743],[137.683851,35.53666],[137.684351,35.53641],[137.684401,35.536618],[137.684563,35.537876],[137.684538,35.538101],[137.684638,35.538718],[137.684851,35.539351],[137.684701,35.539659],[137.684476,35.539909],[137.684688,35.540359],[137.684913,35.540676],[137.685013,35.541018],[137.685263,35.541517],[137.685413,35.541676],[137.6865,35.542384],[137.686675,35.542476],[137.686725,35.542567],[137.68685,35.543042],[137.68735,35.543542],[137.687238,35.543851],[137.686613,35.544234],[137.686413,35.544551],[137.6866,35.545184],[137.6864,35.545767],[137.686575,35.546034],[137.686788,35.546334],[137.686838,35.546825],[137.686788,35.547392],[137.686813,35.547525],[137.6871,35.548],[137.6875,35.548458],[137.687675,35.549],[137.687812,35.549675],[137.687862,35.550308],[137.68805,35.550783],[137.688275,35.550991],[137.688625,35.55115],[137.6888,35.55135],[137.68945,35.551991],[137.689625,35.5524],[137.690012,35.552558],[137.690899,35.552341],[137.691474,35.552233],[137.691974,35.552641],[137.692399,35.552891],[137.692949,35.552958],[137.693449,35.552875],[137.693874,35.552875],[137.693974,35.55295],[137.694124,35.553191],[137.694087,35.553808],[137.694187,35.554075],[137.694137,35.5541],[137.693862,35.554791],[137.693674,35.555174],[137.693949,35.555991],[137.694161,35.556349],[137.694186,35.556533],[137.694661,35.557308],[137.694674,35.557958],[137.694774,35.558499],[137.694999,35.559107],[137.694861,35.559582],[137.694686,35.559941],[137.694524,35.560841],[137.694274,35.561182],[137.693924,35.561224],[137.693599,35.561399],[137.693286,35.561782],[137.693061,35.562232],[137.692836,35.562415],[137.692711,35.562274],[137.692161,35.56209],[137.691637,35.56209],[137.690962,35.562124],[137.690687,35.562082],[137.690449,35.562732],[137.690299,35.563273],[137.690362,35.56379],[137.690737,35.564723],[137.690961,35.56499],[137.691074,35.56549],[137.690874,35.565756],[137.690349,35.56609],[137.689237,35.566648],[137.689512,35.567148],[137.689537,35.567348],[137.689449,35.567731],[137.689424,35.568114],[137.689499,35.568564],[137.689449,35.568798],[137.689774,35.568839],[137.690224,35.568756],[137.690324,35.568731],[137.690861,35.569256],[137.691374,35.569323],[137.691949,35.569281],[137.692199,35.569356],[137.692361,35.569873],[137.692661,35.570306],[137.693211,35.570648],[137.693586,35.570989],[137.694198,35.571714],[137.694473,35.571922],[137.695098,35.572039],[137.695773,35.572514],[137.695973,35.572947],[137.696073,35.573372],[137.696486,35.573739],[137.696961,35.573806],[137.697386,35.574081],[137.69766,35.575056],[137.698385,35.575306],[137.698523,35.57553],[137.698223,35.576164],[137.698398,35.576347],[137.698973,35.576755],[137.699923,35.577214],[137.700235,35.577597],[137.70071,35.57778],[137.70121,35.577697],[137.701772,35.577522],[137.702222,35.577655],[137.703147,35.577772],[137.704322,35.577897],[137.705097,35.57808],[137.705572,35.578314],[137.705922,35.578655],[137.706084,35.579014],[137.706259,35.579197],[137.707422,35.578639],[137.707747,35.578555],[137.707872,35.57903],[137.707872,35.579255],[137.708334,35.579839],[137.708809,35.580297],[137.709134,35.580547],[137.709559,35.580597],[137.709984,35.580555],[137.710734,35.58038],[137.710884,35.580539],[137.711059,35.580922],[137.711409,35.581305],[137.711759,35.581513],[137.713634,35.58243],[137.713796,35.582655],[137.713646,35.583038],[137.713746,35.583422],[137.714121,35.583672],[137.714521,35.583805],[137.715121,35.58368],[137.715696,35.583522],[137.716521,35.583688],[137.716596,35.583822],[137.717058,35.585088],[137.717533,35.585296],[137.717996,35.585047],[137.718345,35.585055],[137.718658,35.585413],[137.719058,35.585755],[137.720133,35.586013],[137.720408,35.586171],[137.720483,35.586263],[137.720383,35.586446],[137.720408,35.586463],[137.72032,35.586538],[137.720295,35.58663],[137.720258,35.588154],[137.720395,35.588579],[137.720308,35.588738],[137.719808,35.589296],[137.719333,35.589696],[137.71917,35.590213],[137.719133,35.590846],[137.718933,35.591404],[137.718908,35.592121],[137.718958,35.592321],[137.718158,35.593129],[137.718208,35.59387],[137.71837,35.594137],[137.717833,35.594737],[137.717483,35.594962],[137.716733,35.595095],[137.716345,35.595428],[137.716233,35.595628],[137.715508,35.596237],[137.715258,35.596678],[137.715083,35.598003],[137.715358,35.598295],[137.715183,35.598836],[137.715383,35.599169],[137.715933,35.599353],[137.71637,35.599919],[137.716695,35.600094],[137.71692,35.600103],[137.717432,35.600344],[137.718532,35.601278],[137.71917,35.601369],[137.719632,35.601703],[137.720007,35.602294],[137.720395,35.602652],[137.72017,35.602986],[137.720007,35.603144],[137.719645,35.603702],[137.719807,35.603886],[137.720469,35.604361],[137.720957,35.604336],[137.721207,35.604452],[137.721757,35.604944],[137.721557,35.60526],[137.721419,35.60566],[137.721669,35.606202],[137.722182,35.606494],[137.722357,35.606502],[137.723507,35.606035],[137.724069,35.60561],[137.724694,35.606469],[137.724994,35.607052],[137.725181,35.60786],[137.725669,35.608085],[137.726056,35.608177],[137.726281,35.608693],[137.726794,35.60901],[137.727131,35.609393],[137.728218,35.610293],[137.728331,35.610518],[137.728431,35.61106],[137.728656,35.611485],[137.728706,35.611893],[137.728568,35.612276],[137.728618,35.612651],[137.729281,35.613126],[137.729605,35.613309],[137.72968,35.613376],[137.730105,35.613159],[137.730568,35.612843],[137.730743,35.612776],[137.731068,35.612984],[137.73173,35.613234],[137.732718,35.613459],[137.73333,35.613393],[137.734068,35.613376],[137.734655,35.613401],[137.735642,35.613251],[137.736355,35.613101],[137.737105,35.612876],[137.737267,35.612876],[137.737855,35.613035],[137.738042,35.613193],[137.738704,35.61351],[137.739304,35.613851],[137.739517,35.614301],[137.739829,35.614643],[137.740617,35.614734],[137.740979,35.614851],[137.741529,35.615101],[137.741966,35.615484],[137.742629,35.615776],[137.744279,35.616118],[137.745516,35.616151],[137.746291,35.616851],[137.746616,35.617051],[137.746967,35.617023],[137.748103,35.617092],[137.74849,35.617226],[137.749315,35.617634],[137.750353,35.618201],[137.751128,35.619009],[137.75154,35.619301],[137.751977,35.619484],[137.75299,35.619617],[137.753602,35.619775],[137.75404,35.620042],[137.754202,35.6202],[137.754889,35.621059],[137.755277,35.621367],[137.755664,35.621617],[137.756452,35.622275],[137.756764,35.62265],[137.756764,35.622925],[137.756651,35.623625],[137.756814,35.6241],[137.757589,35.625225],[137.758026,35.625716],[137.759176,35.626666],[137.759338,35.626866],[137.760026,35.627408],[137.760226,35.627516],[137.760713,35.627649],[137.763463,35.628166],[137.764125,35.628416],[137.764812,35.628774],[137.765037,35.628933],[137.765712,35.629316],[137.766375,35.629633],[137.767124,35.629924],[137.767949,35.630107],[137.769762,35.630349],[137.770561,35.630391],[137.771136,35.630307],[137.772924,35.629783],[137.773336,35.629758],[137.774786,35.630416],[137.775536,35.630641],[137.776161,35.630774],[137.776386,35.630866],[137.776911,35.631199],[137.777261,35.631491],[137.777561,35.631899],[137.777836,35.632349],[137.778311,35.632774],[137.778748,35.633049],[137.779548,35.633632],[137.780423,35.634716],[137.781273,35.635974],[137.781473,35.636832],[137.781823,35.637165],[137.782273,35.63744],[137.783511,35.637932],[137.784061,35.638115],[137.785298,35.638407],[137.78581,35.638582],[137.78606,35.638765],[137.78661,35.639307],[137.787048,35.639615],[137.787523,35.63984],[137.787685,35.64009],[137.78771,35.64059],[137.787798,35.640973],[137.78796,35.641198],[137.78846,35.641665],[137.788973,35.642098],[137.789698,35.643065],[137.790597,35.64399],[137.791097,35.644298],[137.791622,35.644506],[137.79206,35.64464],[137.792422,35.644956],[137.792635,35.645423],[137.79286,35.646348],[137.792835,35.646664],[137.792635,35.646914],[137.79266,35.647031],[137.793347,35.647723],[137.794447,35.648623],[137.79511,35.649006],[137.795797,35.649322],[137.796097,35.649589],[137.796872,35.651172],[137.797172,35.651639],[137.797372,35.65218],[137.797484,35.653039],[137.798447,35.653555],[137.799622,35.654364],[137.800834,35.655105],[137.801334,35.655472],[137.801584,35.655763],[137.801684,35.655738],[137.801796,35.655647],[137.802784,35.655155],[137.803234,35.654789],[137.804134,35.65393],[137.804521,35.652964],[137.804771,35.652581],[137.805071,35.652331],[137.805509,35.652264],[137.805971,35.652014],[137.806521,35.651656],[137.807509,35.650889],[137.807871,35.650531],[137.808146,35.649606],[137.808421,35.649356],[137.808771,35.649173],[137.809271,35.649081],[137.809496,35.649014],[137.809871,35.648723],[137.809984,35.648365],[137.809659,35.647256],[137.809271,35.64629],[137.809071,35.64514],[137.808746,35.644148],[137.808746,35.643923],[137.808359,35.64329],[137.808034,35.643049],[137.807859,35.64284],[137.807784,35.642482],[137.807784,35.642057],[137.807947,35.641715],[137.808221,35.641465],[137.808659,35.641332],[137.809296,35.641424],[137.810671,35.64144],[137.810971,35.64169],[137.811271,35.641849],[137.811796,35.641874],[137.811984,35.641824],[137.812434,35.641491],[137.812921,35.640516],[137.813196,35.640066],[137.813796,35.639616],[137.814383,35.639299],[137.815058,35.638983],[137.815646,35.638666],[137.816108,35.638191],[137.816471,35.637766],[137.817158,35.637358],[137.817371,35.636883],[137.817508,35.636275],[137.817646,35.635891],[137.818221,35.6356],[137.818471,35.635242],[137.818496,35.635017],[137.818383,35.634408],[137.818196,35.633958],[137.818171,35.633617],[137.818521,35.633125],[137.819321,35.632225],[137.819733,35.631859],[137.819708,35.631459],[137.819046,35.630284],[137.819008,35.629876],[137.818821,35.629001],[137.818908,35.628709],[137.819146,35.628418],[137.819446,35.627509],[137.819483,35.626968],[137.819371,35.62591],[137.819508,35.62546],[137.819533,35.624968],[137.819308,35.624401],[137.819096,35.62346],[137.819096,35.623052],[137.819171,35.62276],[137.819508,35.622577],[137.819608,35.622418],[137.819609,35.622018],[137.819446,35.62156],[137.819396,35.62111],[137.819496,35.620502],[137.819671,35.620169],[137.819996,35.61976],[137.820321,35.619219],[137.820346,35.618902],[137.820459,35.618794],[137.820621,35.618769],[137.821146,35.618585],[137.821508,35.618319],[137.821971,35.617777],[137.822333,35.617461],[137.822821,35.617169],[137.823046,35.616877],[137.823321,35.615969],[137.823558,35.615586],[137.824058,35.615569],[137.824496,35.615428],[137.825021,35.615119],[137.825458,35.614753],[137.826171,35.614328],[137.826471,35.614195],[137.826858,35.613945],[137.827321,35.613695],[137.827658,35.613311],[137.828621,35.611462],[137.82897,35.611195],[137.82947,35.610445],[137.829933,35.610245],[137.830345,35.609979],[137.830733,35.609545],[137.831195,35.609212],[137.83172,35.608979],[137.832408,35.608579],[137.832758,35.608262],[137.83347,35.607896],[137.833858,35.607471],[137.834108,35.606996],[137.834295,35.606254],[137.834458,35.605846],[137.834758,35.605604],[137.835145,35.605529],[137.83572,35.605646],[137.83622,35.605671],[137.836632,35.605529],[137.837182,35.605529],[137.837895,35.605596],[137.838557,35.605713],[137.839045,35.605713],[137.83922,35.605646],[137.83982,35.605188],[137.840232,35.605055],[137.840532,35.604921],[137.841169,35.604738],[137.841607,35.60483],[137.842369,35.60478],[137.842919,35.604605],[137.844594,35.603838],[137.845069,35.603788],[137.845532,35.603838],[137.846744,35.603813],[137.847319,35.603655],[137.848606,35.603064],[137.849156,35.602997],[137.850481,35.603272],[137.850994,35.603472],[137.851581,35.60363],[137.851856,35.603564],[137.852206,35.603264],[137.852568,35.602814],[137.852981,35.602431],[137.853168,35.602339],[137.853768,35.602272],[137.854318,35.602322],[137.854981,35.602164],[137.855581,35.601956],[137.856131,35.601731],[137.856793,35.601531],[137.857431,35.601414],[137.857918,35.601439],[137.858305,35.601573],[137.858393,35.601573],[137.859043,35.601256],[137.859843,35.600764],[137.86003,35.600648],[137.860305,35.600623],[137.86048,35.600673],[137.861543,35.601614],[137.86168,35.601973],[137.861955,35.602181],[137.862318,35.602248],[137.862755,35.602223],[137.86303,35.602131],[137.86323,35.601956],[137.863442,35.601864],[137.863767,35.601906],[137.864705,35.602331],[137.865117,35.602714],[137.865392,35.602764],[137.865755,35.602623],[137.866467,35.602331],[137.86743,35.602148],[137.867867,35.602106],[137.868305,35.602014],[137.869192,35.601698],[137.869467,35.601631],[137.869842,35.601381],[137.870092,35.60134],[137.870504,35.601048],[137.870592,35.600865],[137.870729,35.600773],[137.871054,35.600681],[137.871217,35.600573],[137.871792,35.60039],[137.871929,35.600365],[137.871992,35.600223],[137.872192,35.600223],[137.872592,35.600181],[137.871967,35.598473],[137.871954,35.598252],[137.871904,35.598073],[137.871767,35.597782],[137.87143,35.59679],[137.871205,35.595957],[137.871017,35.595099],[137.871042,35.595032],[137.871205,35.59494],[137.87148,35.594899],[137.871867,35.594874],[137.872404,35.594907],[137.872517,35.594974],[137.872879,35.59509],[137.873854,35.595074],[137.874392,35.595016],[137.875279,35.594857],[137.876104,35.594832],[137.876542,35.594957],[137.876679,35.594966],[137.877992,35.594591],[137.878754,35.594407],[137.880691,35.594316],[137.881729,35.594341],[137.882279,35.594274],[137.882954,35.593733],[137.883429,35.593491],[137.884078,35.593291],[137.884616,35.593083],[137.885103,35.592841],[137.885603,35.592641],[137.886103,35.592258],[137.886553,35.591966],[137.887041,35.591716],[137.887553,35.591575],[137.888016,35.591366],[137.889441,35.591108],[137.890053,35.591083],[137.890315,35.590917],[137.89084,35.590692],[137.89119,35.5904],[137.89174,35.590142],[137.892203,35.589883],[137.893228,35.588959],[137.894578,35.588059],[137.89499,35.587942],[137.895165,35.587509],[137.895153,35.587217],[137.895478,35.586401],[137.895503,35.586242],[137.895478,35.585517],[137.895528,35.585384],[137.895778,35.585342],[137.896328,35.585209],[137.897315,35.584892],[137.89894,35.584209],[137.89924,35.584143],[137.89949,35.584368],[137.89979,35.584751],[137.90029,35.585492],[137.90054,35.585784],[137.900927,35.586126],[137.901227,35.586059],[137.901965,35.585309],[137.903402,35.584634],[137.903677,35.584434],[137.904002,35.584093],[137.904602,35.583301],[137.904827,35.582918],[137.904902,35.582535],[137.904877,35.581951],[137.904902,35.581751],[137.905014,35.581635],[137.905177,35.581568],[137.905014,35.580777],[137.904827,35.580443],[137.904877,35.580327],[137.905127,35.580193],[137.905264,35.579902],[137.905452,35.579293],[137.905627,35.57916],[137.906277,35.579293],[137.906527,35.579152],[137.907714,35.578677],[137.908314,35.578369],[137.908539,35.577869],[137.909464,35.577352],[137.909527,35.577352],[137.909914,35.577127],[137.910652,35.57676],[137.911364,35.576494],[137.912026,35.576127],[137.912526,35.575969],[137.913626,35.575769],[137.914664,35.575427],[137.915651,35.575311],[137.917339,35.574144],[137.917689,35.573828],[137.917826,35.573986],[137.918051,35.574386],[137.918351,35.575111],[137.918538,35.576102],[137.919063,35.577969],[137.919038,35.578061],[137.919338,35.578061],[137.920413,35.578152],[137.921601,35.578127],[137.922288,35.578144],[137.923663,35.578127],[137.924076,35.578011],[137.924401,35.577811],[137.925363,35.576836],[137.925688,35.576611],[137.926163,35.576453],[137.926625,35.576361],[137.927013,35.576253],[137.927475,35.575644],[137.927788,35.575394],[137.928275,35.575261],[137.92885,35.575253],[137.929188,35.575169],[137.929813,35.575119],[137.92995,35.574828],[137.9302,35.574778],[137.930638,35.57487],[137.931113,35.57492],[137.931463,35.57492],[137.931663,35.574803],[137.93185,35.574536],[137.932375,35.574128],[137.93265,35.573453],[137.932762,35.572978],[137.9329,35.572753],[137.933387,35.572911],[137.933962,35.573295],[137.934462,35.57327],[137.934687,35.573086],[137.934875,35.572662],[137.9351,35.572612],[137.935287,35.572887],[137.935512,35.572928],[137.935587,35.572903],[137.936162,35.572728],[137.936162,35.572662],[137.936,35.572345],[137.935975,35.571937],[137.9357,35.57162],[137.935612,35.571445],[137.935725,35.571395],[137.936137,35.571445],[137.9366,35.57142],[137.937375,35.571262],[137.937562,35.571145],[137.937625,35.570895],[137.937537,35.570362],[137.937537,35.57002],[137.9377,35.569795],[137.93795,35.569704],[137.93825,35.569837],[137.93875,35.570287],[137.939,35.570337],[137.939275,35.57022],[137.939487,35.56997],[137.939874,35.569295],[137.939962,35.569254],[137.940237,35.569187],[137.940699,35.569162],[137.941112,35.569204],[137.941912,35.56972],[137.942212,35.56972],[137.942324,35.569704],[137.942924,35.569337],[137.943149,35.569112],[137.943199,35.568887],[137.943362,35.568729],[137.943562,35.568779],[137.943812,35.569004],[137.943949,35.56927],[137.944024,35.569837],[137.944137,35.570262],[137.944362,35.570445],[137.944912,35.570287],[137.945761,35.569904],[137.946086,35.56992],[137.946611,35.570145],[137.947111,35.570304],[137.947849,35.570462],[137.947849,35.570145],[137.947799,35.569854],[137.947486,35.568904],[137.947524,35.568729],[137.947799,35.568771],[137.948011,35.568996],[137.948261,35.569154],[137.948449,35.569129],[137.948836,35.568812],[137.949174,35.568812],[137.949386,35.569037],[137.949749,35.569196],[137.950411,35.569354],[137.950824,35.569487],[137.951036,35.569712],[137.951236,35.569987],[137.952136,35.570821],[137.952336,35.571062],[137.952661,35.571179],[137.953099,35.571129],[137.953486,35.57142],[137.953849,35.571787],[137.954199,35.57187],[137.954586,35.571804],[137.955161,35.571354],[137.955436,35.571196],[137.955774,35.571221],[137.956124,35.571379],[137.956674,35.571846],[137.956986,35.571912],[137.957536,35.571937],[137.957748,35.571987],[137.957998,35.572229],[137.958186,35.572862],[137.958498,35.573337],[137.958986,35.573737],[137.959873,35.574145],[137.960261,35.574412],[137.960311,35.574704],[137.960198,35.575179],[137.960398,35.575454],[137.960586,35.575537],[137.960773,35.575454],[137.961086,35.575445],[137.961498,35.575495],[137.961686,35.575404],[137.961986,35.575312],[137.962123,35.575362],[137.962236,35.575537],[137.962148,35.575829],[137.962211,35.575987],[137.962561,35.576195],[137.962948,35.576104],[137.963773,35.575629],[137.964111,35.575629],[137.964598,35.57572],[137.964873,35.57592],[137.964848,35.576054],[137.964986,35.576395],[137.96521,35.576529],[137.965673,35.576687],[137.96606,35.576929],[137.966498,35.577745],[137.966748,35.57797],[137.966998,35.577987],[137.96746,35.577895],[137.967735,35.577879],[137.968648,35.578029],[137.968948,35.578212],[137.96931,35.57837],[137.969798,35.578504],[137.969935,35.578504],[137.970435,35.578662],[137.97096,35.578887],[137.971448,35.579045],[137.971898,35.579137],[137.97241,35.579154],[137.97286,35.579112],[137.973135,35.579179],[137.97351,35.579429],[137.97401,35.579629],[137.974997,35.579712],[137.975522,35.57987],[137.97591,35.579737],[137.976572,35.579329],[137.977147,35.579087],[137.977722,35.578946],[137.978635,35.578854],[137.978735,35.578812],[137.978935,35.578587],[137.97931,35.577996],[137.979585,35.577771],[137.980472,35.577479],[137.981022,35.577162],[137.981135,35.577029],[137.981185,35.576871],[137.981372,35.576554],[137.981985,35.576063],[137.982197,35.575813],[137.98231,35.575629],[137.98231,35.575563],[137.982422,35.575271],[137.982635,35.574996],[137.982722,35.574188],[137.982935,35.573555],[137.983572,35.572863],[137.984009,35.572471],[137.984447,35.571938],[137.984697,35.571755],[137.984972,35.571622],[137.985247,35.571397],[137.985497,35.570963],[137.985934,35.570605],[137.986284,35.570447],[137.986809,35.57013],[137.987172,35.569972],[137.987547,35.569547],[137.987797,35.569405],[137.988047,35.569339],[137.988184,35.56918],[137.988234,35.568955],[137.988484,35.56873],[137.988572,35.56853],[137.988572,35.568214],[137.988734,35.567872],[137.988809,35.567356],[137.988897,35.567106],[137.989247,35.566589],[137.989384,35.566339],[137.989497,35.565822],[137.989447,35.565172],[137.989497,35.564897],[137.989634,35.564656],[137.990097,35.564089],[137.990297,35.563931],[137.990597,35.563823],[137.990872,35.563773],[137.991584,35.563839],[137.992109,35.564039],[137.992522,35.564156],[137.992772,35.564181],[137.993097,35.564106],[137.993346,35.563973],[137.993509,35.563814],[137.994146,35.563298],[137.994271,35.563098],[137.994246,35.56289],[137.994271,35.562665],[137.994609,35.562348],[137.995184,35.562056],[137.995459,35.56199],[137.995759,35.562015],[137.996584,35.562148],[137.996834,35.562123],[137.997184,35.562131],[137.997571,35.561998],[137.998034,35.561773],[137.998234,35.561565],[137.998284,35.56139],[137.998196,35.561048],[137.998259,35.560848],[137.998496,35.560732],[137.998921,35.560615],[137.999471,35.560548],[138.000021,35.56039],[138.000409,35.560165],[138.000796,35.559865],[138.001183,35.559507],[138.001646,35.559207],[138.002671,35.55869],[138.003196,35.558457],[138.003971,35.558274],[138.004846,35.557916],[138.005371,35.557374],[138.005708,35.557282],[138.006896,35.557182],[138.007396,35.557066],[138.008408,35.556474],[138.009495,35.555908],[138.009933,35.555616],[138.010233,35.555183],[138.010233,35.554958],[138.01012,35.554649],[138.00992,35.554333],[138.008671,35.553483],[138.008283,35.553008],[138.008171,35.55265],[138.008196,35.552175],[138.008521,35.551791],[138.009071,35.551433],[138.009895,35.551],[138.010945,35.550592],[138.011283,35.550408],[138.011495,35.550092],[138.011933,35.5491],[138.012233,35.548667],[138.012708,35.548175],[138.012983,35.547992],[138.013433,35.5486],[138.013708,35.5488],[138.01407,35.548975],[138.01477,35.550075],[138.016183,35.550792],[138.016495,35.551034],[138.016857,35.551617],[138.017332,35.551975],[138.01772,35.552425],[138.017857,35.552783],[138.01792,35.553125],[138.017807,35.553467],[138.017482,35.553891],[138.016932,35.554458],[138.016757,35.554683],[138.016982,35.555041],[138.017095,35.555383],[138.017157,35.555716],[138.017082,35.556033],[138.017057,35.556349],[138.017745,35.557449],[138.018232,35.558549],[138.018545,35.560257],[138.018545,35.560915],[138.018445,35.56109],[138.018195,35.561182],[138.017832,35.561249],[138.017582,35.561365],[138.017032,35.561749],[138.015845,35.562249],[138.015545,35.562482],[138.015407,35.562865],[138.014945,35.563582],[138.014807,35.563698],[138.01472,35.563698],[138.014308,35.56359],[138.013808,35.56339],[138.01342,35.56339],[138.013008,35.563732],[138.012533,35.564157],[138.011958,35.564473],[138.010633,35.564915],[138.010295,35.565181],[138.010145,35.566131],[138.010083,35.566715],[138.009945,35.566756],[138.009508,35.56674],[138.009345,35.566765],[138.009095,35.566923],[138.009008,35.567031],[138.007408,35.567064],[138.006958,35.567248],[138.006658,35.567831],[138.00672,35.568598],[138.00667,35.568689],[138.006083,35.568898],[138.005421,35.569189],[138.004933,35.569572],[138.004796,35.569756],[138.004733,35.570097],[138.004908,35.570472],[138.004971,35.570764],[138.004833,35.57268],[138.005071,35.57358],[138.005296,35.574055],[138.005271,35.574638],[138.004883,35.575113],[138.003533,35.576538],[138.003033,35.57683],[138.002071,35.577105],[138.001571,35.577471],[138.000421,35.579096],[137.999921,35.579279],[137.998596,35.579621],[137.997908,35.579963],[137.997546,35.580304],[137.997308,35.580662],[137.997358,35.580912],[137.997671,35.581204],[137.997921,35.581604],[137.998058,35.581946],[137.998033,35.582279],[137.997783,35.582595],[137.997046,35.582962],[137.996783,35.58307],[137.996321,35.583412],[137.995433,35.583979],[137.995109,35.584087],[137.994534,35.584179],[137.993921,35.584362],[137.993346,35.584695],[137.993184,35.584903],[137.993159,35.585062],[137.993209,35.585303],[137.993571,35.585737],[137.993684,35.585912],[137.993621,35.586278],[137.993746,35.586545],[137.993684,35.58672],[137.993346,35.58697],[137.993309,35.587045],[137.993334,35.587553],[137.993521,35.587836],[137.993746,35.588045],[137.994433,35.588286],[137.995521,35.588978],[137.996058,35.589178],[137.996558,35.589195],[137.996721,35.589253],[137.996942,35.589315],[137.996983,35.589336],[137.997371,35.589894],[137.997646,35.590419],[137.997808,35.591394],[137.998258,35.591778],[137.998433,35.592319],[137.999858,35.594002],[137.999983,35.594327],[137.99977,35.595235],[137.999795,35.595577],[137.999995,35.595894],[138.000395,35.596144],[138.001033,35.596444],[138.001633,35.596685],[138.002107,35.596919],[138.002246,35.597071],[138.002345,35.597218],[138.002632,35.59716],[138.003195,35.59716],[138.004232,35.597343],[138.004945,35.597568],[138.005495,35.597893],[138.006607,35.59886],[138.007794,35.599976],[138.008194,35.600468],[138.008407,35.600943],[138.008469,35.601393],[138.008569,35.601835],[138.008944,35.602809],[138.009044,35.603309],[138.009894,35.604334],[138.010219,35.604492],[138.010594,35.604817],[138.011394,35.606075],[138.011594,35.606559],[138.011819,35.606817],[138.012269,35.607009],[138.012931,35.607175],[138.013669,35.607492],[138.014431,35.607642],[138.014844,35.607867],[138.015106,35.60835],[138.015943,35.609167],[138.016481,35.609542],[138.017281,35.609992],[138.017993,35.610317],[138.018481,35.61045],[138.018818,35.610642],[138.019531,35.611308],[138.020855,35.612325],[138.021618,35.612833],[138.02278,35.613791],[138.023205,35.614224],[138.023455,35.615133],[138.024018,35.615658],[138.02493,35.616616],[138.025355,35.617157],[138.026267,35.618124],[138.02678,35.618491],[138.027092,35.618874],[138.027205,35.619824],[138.027817,35.621365],[138.028092,35.62179],[138.02863,35.622282],[138.029142,35.622682],[138.029292,35.623023],[138.029329,35.623565],[138.029504,35.623881],[138.030367,35.624615],[138.030567,35.62494],[138.030442,35.625448],[138.030204,35.625914],[138.030117,35.626314],[138.030217,35.627539],[138.030304,35.627989],[138.030504,35.628314],[138.031692,35.628631],[138.031792,35.628747],[138.031817,35.629006],[138.032104,35.629972],[138.032467,35.631122],[138.033604,35.631814],[138.034066,35.631905],[138.034391,35.631814],[138.034616,35.631814],[138.034741,35.631872],[138.034854,35.632122],[138.034916,35.63268],[138.035054,35.63313],[138.035229,35.63338],[138.036266,35.634047],[138.036316,35.634297],[138.036229,35.63458],[138.036241,35.634813],[138.036354,35.634947],[138.036991,35.635447],[138.037516,35.635805],[138.037953,35.636188],[138.038166,35.63668],[138.038291,35.637071],[138.038278,35.637296],[138.038016,35.637521],[138.037953,35.637713],[138.037916,35.638288],[138.038003,35.639138],[138.038228,35.639738],[138.038591,35.640054],[138.038966,35.640454],[138.039203,35.641029],[138.039266,35.641987],[138.039391,35.642387],[138.039391,35.642762],[138.039328,35.642929],[138.039041,35.643454],[138.038778,35.644087],[138.038628,35.644662],[138.038641,35.645587],[138.038453,35.645904],[138.038041,35.646445],[138.037978,35.646887],[138.038066,35.647337],[138.038078,35.647753],[138.037916,35.64812],[138.037741,35.648237],[138.037441,35.64832],[138.037266,35.648445],[138.036878,35.649303],[138.036791,35.649653],[138.036791,35.650178],[138.036653,35.650686],[138.036666,35.651069],[138.037066,35.653269],[138.037003,35.653644],[138.036803,35.653952],[138.03674,35.654802],[138.03654,35.65546],[138.036465,35.656077],[138.03714,35.656919],[138.037315,35.657377],[138.037303,35.657527],[138.037178,35.657885],[138.036465,35.658243],[138.036215,35.65861],[138.036053,35.659102],[138.035928,35.659693],[138.035665,35.66021],[138.035328,35.660701],[138.035153,35.661085],[138.035128,35.66146],[138.035178,35.661893],[138.035278,35.662193],[138.03569,35.662593],[138.03574,35.662801],[138.035328,35.663759],[138.035265,35.664001],[138.03529,35.664334],[138.035428,35.664634],[138.035465,35.665034],[138.035253,35.665893],[138.035302,35.666913],[138.035453,35.666916],[138.035753,35.667009],[138.03654,35.667759],[138.03659,35.667834],[138.037015,35.668084],[138.037477,35.668567],[138.037952,35.668876],[138.038077,35.669076],[138.038165,35.669642],[138.03809,35.669876],[138.038015,35.670151],[138.038052,35.670575],[138.038165,35.670759],[138.038502,35.671042],[138.039002,35.671192],[138.040227,35.671492],[138.040527,35.671742],[138.041489,35.672292],[138.041714,35.672609],[138.041889,35.673034],[138.042252,35.673367],[138.042752,35.673609],[138.042889,35.673625],[138.043202,35.673575],[138.043495,35.673569],[138.043752,35.673617],[138.043877,35.674175],[138.044077,35.674625],[138.044052,35.674809],[138.043777,35.675125],[138.043777,35.675242],[138.043902,35.675983],[138.043751,35.676858],[138.043764,35.677358],[138.043976,35.678233],[138.043951,35.678325],[138.043589,35.678825],[138.043489,35.679116],[138.043439,35.679708],[138.043564,35.680133],[138.043964,35.680891],[138.044026,35.681299],[138.043901,35.681791],[138.043801,35.682791],[138.043839,35.683216],[138.043989,35.683599],[138.044176,35.683866],[138.044301,35.684474],[138.044414,35.684699],[138.045064,35.685141],[138.045401,35.685566],[138.045488,35.685966],[138.045338,35.686332],[138.044663,35.687307],[138.044276,35.687765],[138.043688,35.688782],[138.043588,35.689232],[138.043563,35.68984],[138.043438,35.690432],[138.043388,35.691015],[138.043513,35.69149],[138.043888,35.692248],[138.044088,35.69274],[138.044376,35.693081],[138.045076,35.69354],[138.045101,35.693681],[138.044976,35.694131],[138.044763,35.69479],[138.044788,35.694898],[138.045013,35.695139],[138.04555,35.695431],[138.045938,35.695714],[138.046175,35.696164],[138.046238,35.696481],[138.046188,35.696823],[138.04625,35.697431],[138.046513,35.697939],[138.047213,35.698947],[138.0475,35.699147],[138.048413,35.699022],[138.0486,35.699047],[138.048775,35.699314],[138.0489,35.700031],[138.048987,35.700231],[138.049187,35.700389],[138.049325,35.700589],[138.0493,35.700789],[138.049362,35.700931],[138.049925,35.701256],[138.050537,35.701855],[138.050712,35.701972],[138.050975,35.701647],[138.05125,35.701447],[138.051725,35.701347],[138.052362,35.701322],[138.052887,35.701222],[138.053787,35.700806],[138.0542,35.700731],[138.055237,35.700831],[138.055424,35.700964],[138.055537,35.701122],[138.055662,35.701456],[138.055937,35.701772],[138.056249,35.701989],[138.056662,35.702097],[138.057474,35.702089],[138.058474,35.702322],[138.059549,35.702289],[138.059912,35.702397],[138.060111,35.702731],[138.060511,35.703089],[138.060961,35.703331],[138.061461,35.703556],[138.062061,35.703297],[138.063249,35.702631],[138.063874,35.702373],[138.064286,35.702006],[138.064636,35.701506],[138.065174,35.700506],[138.065611,35.700006],[138.066011,35.69969],[138.066511,35.699548],[138.068061,35.699232],[138.068248,35.699165],[138.068873,35.69859],[138.069098,35.698523],[138.069436,35.698523],[138.069736,35.698473],[138.070448,35.698123],[138.071211,35.697599],[138.071648,35.697232],[138.071948,35.696774],[138.072336,35.69639],[138.073798,35.69599],[138.074148,35.695849],[138.074998,35.695391],[138.07541,35.695199],[138.075985,35.695016],[138.076548,35.694782],[138.07701,35.694482],[138.077135,35.694166],[138.07711,35.693757],[138.077148,35.692724],[138.077248,35.692366],[138.077598,35.691999],[138.077973,35.691474],[138.078035,35.691316],[138.078048,35.688991],[138.078123,35.688383],[138.078273,35.687958],[138.078798,35.687525],[138.078848,35.687117],[138.078636,35.686708],[138.078486,35.686083],[138.078511,35.68565],[138.078761,35.685333],[138.078973,35.684908],[138.079098,35.6845],[138.079148,35.683975],[138.078936,35.683059],[138.079011,35.682675],[138.079661,35.681942],[138.080011,35.681442],[138.080148,35.680967],[138.080136,35.680476],[138.079598,35.679601],[138.079474,35.679217],[138.079524,35.678859],[138.079736,35.678451],[138.080361,35.677809],[138.081986,35.676684],[138.082498,35.676434],[138.082723,35.676359],[138.082973,35.676226],[138.083161,35.675818],[138.083448,35.675068],[138.083686,35.674793],[138.084573,35.674401],[138.084923,35.673901],[138.084973,35.673768],[138.085298,35.673377],[138.085573,35.672877],[138.085723,35.672227],[138.085911,35.671768],[138.086148,35.671477],[138.086473,35.67046],[138.086598,35.67016],[138.086673,35.669869],[138.086911,35.669569],[138.087136,35.669086],[138.087498,35.668519],[138.087648,35.668119],[138.087448,35.667202],[138.087086,35.666511],[138.087223,35.666103],[138.087561,35.665744],[138.087548,35.665228],[138.088236,35.664378],[138.088261,35.664278],[138.088186,35.664078],[138.088161,35.663703],[138.088361,35.663403],[138.088998,35.662653],[138.089473,35.661395],[138.089598,35.661253],[138.090348,35.660928],[138.090461,35.660562],[138.090348,35.660245],[138.090398,35.660003],[138.090673,35.65972],[138.090823,35.659287],[138.091148,35.657954],[138.091261,35.657704],[138.091523,35.657345],[138.092048,35.657062],[138.092436,35.656737],[138.092586,35.656304],[138.092473,35.655862],[138.092186,35.655404],[138.091998,35.654996],[138.092073,35.654738],[138.092661,35.654313],[138.093123,35.653804],[138.093736,35.652896],[138.094211,35.652305],[138.094898,35.651705],[138.095111,35.651546],[138.095636,35.651255],[138.096398,35.651005],[138.097173,35.650872],[138.09796,35.650847],[138.098298,35.650805],[138.098385,35.650663],[138.098523,35.650122],[138.098623,35.64948],[138.099048,35.64833],[138.09916,35.647847],[138.10026,35.648047],[138.101798,35.648539],[138.102335,35.648772],[138.10256,35.648764],[138.101985,35.64763],[138.101823,35.647106],[138.101973,35.645464],[138.102048,35.645106],[138.10241,35.644814],[138.10251,35.644298],[138.102423,35.643439],[138.102435,35.642898],[138.10251,35.642681],[138.102898,35.642073],[138.103373,35.641206],[138.104198,35.639148],[138.104198,35.638732],[138.104035,35.638215],[138.10381,35.637132],[138.103723,35.63604],[138.104235,35.635032],[138.104385,35.634474],[138.104273,35.634324],[138.104223,35.634041],[138.104423,35.633682],[138.104698,35.633458],[138.104835,35.633016],[138.105023,35.632699],[138.105223,35.632508],[138.105285,35.632233],[138.105085,35.632033],[138.10491,35.631716],[138.104848,35.631241],[138.105035,35.63085],[138.105235,35.630616],[138.105085,35.629108],[138.10526,35.627983],[138.105235,35.627408],[138.105373,35.62715],[138.105935,35.626875],[138.10551,35.62635],[138.105198,35.625825],[138.105135,35.625392],[138.105098,35.624642],[138.10486,35.624151],[138.10411,35.623159],[138.103961,35.622792],[138.103961,35.622267],[138.104085,35.621768],[138.10436,35.621284],[138.104535,35.620776],[138.10451,35.620376],[138.104373,35.619984],[138.10431,35.61951],[138.104335,35.618635],[138.104073,35.618301],[138.103686,35.618018],[138.103311,35.61746],[138.103198,35.617027],[138.103123,35.61686],[138.102273,35.616293],[138.101786,35.616035],[138.101298,35.615685],[138.101061,35.615193],[138.101048,35.61501],[138.101361,35.614593],[138.102673,35.613077],[138.102936,35.612152],[138.103311,35.611536],[138.105173,35.608894],[138.10626,35.607636],[138.106548,35.60752],[138.106598,35.607445],[138.106473,35.606487],[138.10651,35.606428],[138.106798,35.606278],[138.107285,35.606137],[138.107448,35.606045],[138.107685,35.605637],[138.10771,35.605178],[138.107673,35.604828],[138.107873,35.604354],[138.108548,35.603412],[138.109385,35.602637],[138.109885,35.601779],[138.11051,35.600954],[138.110748,35.600521],[138.111098,35.600113],[138.111323,35.600021],[138.11166,35.599996],[138.111947,35.599929],[138.11226,35.599763],[138.112585,35.599513],[138.112897,35.599538],[138.113335,35.599488],[138.11371,35.599263],[138.114197,35.598871],[138.115147,35.597855],[138.115685,35.59733],[138.11616,35.597363],[138.116497,35.597313],[138.117172,35.597105],[138.117622,35.597021],[138.118684,35.596571],[138.118997,35.59658],[138.119622,35.596696],[138.120059,35.596638],[138.120272,35.59658],[138.120934,35.59648],[138.121547,35.596655],[138.121984,35.596288],[138.122059,35.596221],[138.122772,35.59543]]]},"type":"Feature"}]}