{"type":"FeatureCollection","features":[{"properties":{"id_url":"G29014.html","kuni_url":"/kg/resource/K29.html","id":"G29014","kuni":"陸前","yomi":"もとよし","name":"本吉","pref":"宮城県","kuni_id":"K29"},"geometry":{"type":"Polygon","coordinates":[[[141.483564,38.978181],[141.484089,38.979123],[141.484202,38.97924],[141.484502,38.979981],[141.484777,38.981064],[141.485002,38.981556],[141.485489,38.982164],[141.485439,38.982431],[141.485164,38.983114],[141.484314,38.984531],[141.484177,38.985139],[141.484239,38.985772],[141.484614,38.986289],[141.485477,38.987189],[141.485827,38.987439],[141.486101,38.987822],[141.486301,38.988313],[141.486251,38.989013],[141.486051,38.989572],[141.485939,38.98978],[141.485864,38.990205],[141.485889,38.990297],[141.486164,38.990522],[141.486776,38.990747],[141.487014,38.991038],[141.487076,38.991171],[141.487239,38.992121],[141.487276,38.993446],[141.487414,38.993963],[141.487764,38.994188],[141.488401,38.994413],[141.488651,38.994596],[141.488951,38.995004],[141.489363,38.996288],[141.489701,38.996646],[141.489751,38.996804],[141.489838,38.997479],[141.489863,38.997587],[141.490138,38.997862],[141.490663,38.998129],[141.490663,38.998154],[141.491813,38.998671],[141.492288,38.998937],[141.493326,38.999137],[141.493663,38.999096],[141.4939,38.998962],[141.4941,38.998804],[141.4944,38.998737],[141.495688,38.998662],[141.496463,38.998663],[141.496478,38.998622],[141.497238,38.998713],[141.497875,38.998738],[141.498513,38.998863],[141.5005,38.999329],[141.501537,38.999996],[141.502125,39.000179],[141.502912,39.000196],[141.503962,39.000121],[141.504775,39.000162],[141.505087,39.000129],[141.506424,38.999854],[141.506849,38.999988],[141.507287,39.001012],[141.507699,39.001396],[141.508087,39.001921],[141.508349,39.002512],[141.508612,39.002779],[141.508712,39.002804],[141.509374,39.002754],[141.509987,39.002612],[141.510949,39.002462],[141.511687,39.002321],[141.512561,39.002212],[141.513649,39.002137],[141.516361,39.001804],[141.517224,39.001771],[141.517761,39.001688],[141.517974,39.001604],[141.518348,39.001329],[141.518398,39.001088],[141.518286,39.000746],[141.517911,39.000313],[141.517411,38.999946],[141.517024,38.999513],[141.516586,38.99868],[141.516674,38.998113],[141.516811,38.997971],[141.516986,38.997513],[141.517486,38.996871],[141.517511,38.99688],[141.518148,38.996372],[141.518548,38.99588],[141.519273,38.99523],[141.519986,38.994688],[141.520561,38.994205],[141.521236,38.993422],[141.521448,38.992964],[141.521861,38.992255],[141.522173,38.991872],[141.522561,38.991606],[141.523123,38.991397],[141.523861,38.991464],[141.525185,38.991789],[141.52586,38.992089],[141.526535,38.992672],[141.527135,38.992814],[141.529598,38.993555],[141.530672,38.99393],[141.53101,38.994114],[141.532597,38.994547],[141.533147,38.994639],[141.534285,38.994872],[141.535884,38.995147],[141.536697,38.995397],[141.537384,38.995347],[141.538822,38.994956],[141.539522,38.994797],[141.540509,38.994806],[141.541009,38.994906],[141.541572,38.995106],[141.542559,38.995681],[141.542696,38.995697],[141.543534,38.995431],[141.544146,38.995364],[141.544609,38.995506],[141.545284,38.995922],[141.545871,38.996081],[141.546584,38.996097],[141.547009,38.996164],[141.547684,38.996322],[141.547921,38.996289],[141.548408,38.996164],[141.549458,38.995581],[141.551608,38.995081],[141.552408,38.994931],[141.553246,38.994856],[141.554108,38.994839],[141.554433,38.994889],[141.555371,38.995131],[141.555596,38.995223],[141.556071,38.995639],[141.556683,38.995848],[141.556846,38.995823],[141.557333,38.995648],[141.55757,38.995523],[141.557745,38.995464],[141.558995,38.994848],[141.55962,38.994356],[141.55977,38.994081],[141.560133,38.993881],[141.56077,38.993981],[141.56117,38.994173],[141.561983,38.99434],[141.562633,38.994423],[141.56327,38.994473],[141.563808,38.994615],[141.564833,38.99504],[141.565483,38.995365],[141.566145,38.995631],[141.566732,38.995931],[141.567207,38.995881],[141.56777,38.99544],[141.568482,38.995065],[141.56882,38.994823],[141.568882,38.994473],[141.56917,38.99399],[141.57027,38.992757],[141.57097,38.991265],[141.571382,38.990715],[141.571907,38.990124],[141.57212,38.989815],[141.572795,38.989115],[141.573607,38.988391],[141.574295,38.987632],[141.57487,38.987207],[141.575707,38.986957],[141.576445,38.986882],[141.57667,38.986882],[141.577345,38.986932],[141.578082,38.986932],[141.578182,38.986957],[141.579307,38.986841],[141.580032,38.986799],[141.580469,38.986808],[141.580657,38.986974],[141.580894,38.987274],[141.581344,38.987591],[141.582107,38.987982],[141.583494,38.988632],[141.584257,38.988732],[141.586519,38.988707],[141.587306,38.988616],[141.587906,38.988466],[141.588506,38.988266],[141.589044,38.987949],[141.590031,38.987466],[141.590894,38.987283],[141.592231,38.9869],[141.592956,38.986858],[141.593893,38.98685],[141.594806,38.986983],[141.595306,38.986916],[141.596381,38.986591],[141.597268,38.986408],[141.597893,38.986366],[141.599993,38.986475],[141.600893,38.986392],[141.601755,38.986233],[141.602855,38.985767],[141.603555,38.985558],[141.604905,38.985267],[141.60528,38.984942],[141.60563,38.984275],[141.606067,38.983942],[141.606505,38.98375],[141.606967,38.983392],[141.607192,38.983001],[141.607605,38.982751],[141.608267,38.982426],[141.609005,38.981951],[141.609105,38.981751],[141.61068,38.980768],[141.612055,38.979601],[141.612417,38.979418],[141.61288,38.979276],[141.613317,38.979035],[141.613467,38.978885],[141.613755,38.978501],[141.614292,38.978035],[141.614817,38.977668],[141.615267,38.977451],[141.615704,38.977326],[141.616054,38.977293],[141.616329,38.977226],[141.616767,38.97696],[141.616929,38.976818],[141.617442,38.976185],[141.618104,38.975735],[141.618454,38.97536],[141.618742,38.974927],[141.618767,38.974735],[141.618992,38.974385],[141.619367,38.974069],[141.620642,38.973644],[141.620979,38.973435],[141.621317,38.973102],[141.621476,38.97289],[141.621754,38.972877],[141.622104,38.972785],[141.623742,38.972077],[141.624441,38.971536],[141.625629,38.971186],[141.626679,38.970786],[141.627991,38.970461],[141.628816,38.970353],[141.629141,38.970378],[141.630066,38.970561],[141.630591,38.970703],[141.631391,38.970803],[141.631791,38.970753],[141.631841,38.970736],[141.631866,38.97073],[141.631866,38.970711],[141.631828,38.970261],[141.631903,38.969944],[141.632053,38.969836],[141.632303,38.969786],[141.632452,38.969764],[141.632628,38.969745],[141.632878,38.969753],[141.633278,38.969461],[141.633403,38.969503],[141.633516,38.969461],[141.633716,38.96912],[141.633716,38.968945],[141.633616,38.968786],[141.633441,38.968711],[141.633316,38.968603],[141.633391,38.96842],[141.633678,38.968178],[141.634028,38.967886],[141.634628,38.967795],[141.634928,38.968003],[141.635178,38.96812],[141.635453,38.96812],[141.635703,38.968053],[141.635778,38.967945],[141.635728,38.96772],[141.635403,38.967695],[141.634878,38.96762],[141.634703,38.967237],[141.634765,38.966895],[141.63499,38.966587],[141.634915,38.966445],[141.63489,38.966287],[141.63504,38.966153],[141.63504,38.966112],[141.634553,38.965545],[141.633778,38.965262],[141.632953,38.965103],[141.632853,38.965053],[141.632703,38.964878],[141.632728,38.964379],[141.632628,38.964262],[141.632403,38.964104],[141.632003,38.964079],[141.631978,38.96397],[141.632041,38.963695],[141.632166,38.963337],[141.632566,38.962887],[141.632903,38.962729],[141.633553,38.962554],[141.633878,38.962487],[141.634128,38.962495],[141.634353,38.962987],[141.634478,38.963062],[141.635353,38.963062],[141.635578,38.963112],[141.635803,38.963095],[141.636228,38.962962],[141.636703,38.962987],[141.636928,38.962945],[141.637178,38.962787],[141.637428,38.962721],[141.637478,38.962746],[141.637728,38.962696],[141.63824,38.962362],[141.63874,38.962254],[141.639215,38.962079],[141.63944,38.961879],[141.639553,38.961587],[141.639553,38.961204],[141.639178,38.960587],[141.639353,38.960496],[141.639628,38.960521],[141.639965,38.960504],[141.64004,38.960438],[141.639915,38.960304],[141.64014,38.960029],[141.640365,38.959946],[141.640665,38.959879],[141.640815,38.959696],[141.640916,38.95951],[141.641128,38.959071],[141.641453,38.959021],[141.641528,38.958845],[141.641503,38.958663],[141.641465,38.958146],[141.64149,38.957946],[141.641565,38.957896],[141.641665,38.957738],[141.64144,38.957471],[141.64154,38.95738],[141.641765,38.957313],[141.641903,38.956705],[141.641728,38.956496],[141.641953,38.956296],[141.642477,38.956255],[141.642877,38.956105],[141.64304,38.955921],[141.643227,38.95608],[141.643477,38.956105],[141.64384,38.956021],[141.64404,38.955888],[141.64404,38.955613],[141.643865,38.955363],[141.64374,38.95548],[141.64364,38.955522],[141.643215,38.955047],[141.642465,38.954705],[141.642415,38.954697],[141.64244,38.955013],[141.642315,38.954947],[141.642115,38.954972],[141.641915,38.954813],[141.642015,38.954605],[141.64194,38.95443],[141.64164,38.954422],[141.641115,38.954463],[141.640915,38.954622],[141.64094,38.954688],[141.640665,38.954872],[141.64044,38.95518],[141.64044,38.95523],[141.64029,38.955296],[141.640215,38.955296],[141.640103,38.955471],[141.639603,38.95563],[141.639553,38.955671],[141.639378,38.955738],[141.639253,38.95558],[141.639203,38.955355],[141.639078,38.955355],[141.638328,38.95553],[141.638028,38.955463],[141.637803,38.955296],[141.637553,38.95543],[141.637528,38.955496],[141.637378,38.955638],[141.637003,38.955563],[141.636778,38.955605],[141.636728,38.955763],[141.635916,38.955871],[141.635816,38.955913],[141.635466,38.956163],[141.635241,38.95668],[141.634828,38.957013],[141.634578,38.957646],[141.633641,38.958204],[141.633591,38.958271],[141.633366,38.958429],[141.632916,38.958563],[141.632391,38.958463],[141.632041,38.958346],[141.632016,38.958213],[141.631641,38.957896],[141.631541,38.957621],[141.631741,38.957513],[141.631841,38.957404],[141.631829,38.956838],[141.631554,38.956338],[141.631654,38.95598],[141.632116,38.955413],[141.632066,38.95533],[141.631741,38.955163],[141.631591,38.954913],[141.631541,38.954688],[141.631579,38.954171],[141.631979,38.953863],[141.632104,38.953563],[141.632141,38.953363],[141.632266,38.95323],[141.632391,38.953188],[141.632416,38.953205],[141.632416,38.95328],[141.632204,38.953547],[141.633291,38.953347],[141.633366,38.953305],[141.633391,38.953105],[141.633291,38.95303],[141.633241,38.952855],[141.633041,38.952872],[141.632916,38.952963],[141.632841,38.952938],[141.632866,38.952688],[141.633166,38.952447],[141.633378,38.95218],[141.633428,38.95193],[141.633328,38.951572],[141.633403,38.95123],[141.633453,38.951114],[141.633766,38.950847],[141.634141,38.950647],[141.634441,38.950605],[141.635191,38.951222],[141.635316,38.951264],[141.635841,38.951247],[141.635941,38.951314],[141.635841,38.951472],[141.635991,38.951589],[141.636166,38.951497],[141.636416,38.951322],[141.636691,38.951322],[141.636866,38.951164],[141.636891,38.951072],[141.636891,38.950897],[141.636966,38.950897],[141.637166,38.950847],[141.637091,38.950647],[141.636753,38.950439],[141.636541,38.950505],[141.635778,38.950205],[141.635753,38.950139],[141.635803,38.94978],[141.636078,38.949647],[141.636178,38.949197],[141.636416,38.948905],[141.636691,38.948747],[141.636991,38.948706],[141.637391,38.949022],[141.637816,38.949164],[141.638566,38.949305],[141.638691,38.949572],[141.638865,38.949622],[141.63929,38.949264],[141.639115,38.949039],[141.63914,38.948906],[141.639091,38.948564],[141.639016,38.948431],[141.639103,38.948247],[141.639278,38.948222],[141.639453,38.948139],[141.639503,38.948047],[141.639328,38.947981],[141.639053,38.947956],[141.638953,38.948114],[141.638853,38.948156],[141.638528,38.948172],[141.638253,38.948039],[141.637853,38.947947],[141.637878,38.947806],[141.637753,38.947606],[141.637503,38.947397],[141.637478,38.947264],[141.637578,38.947106],[141.637628,38.947106],[141.637578,38.946972],[141.637528,38.946931],[141.637478,38.946772],[141.637541,38.946681],[141.637591,38.946706],[141.637691,38.946456],[141.637816,38.946297],[141.637866,38.946297],[141.638141,38.945939],[141.638366,38.945781],[141.638641,38.945714],[141.638691,38.945781],[141.638916,38.945898],[141.639178,38.945698],[141.639341,38.945856],[141.639591,38.945948],[141.639953,38.945589],[141.639953,38.945548],[141.640103,38.945364],[141.640078,38.945231],[141.639928,38.945048],[141.639728,38.944889],[141.639553,38.944798],[141.639278,38.944889],[141.639153,38.944889],[141.639053,38.944748],[141.639066,38.944456],[141.639216,38.944073],[141.639091,38.943981],[141.639066,38.943756],[141.639116,38.943265],[141.639278,38.943015],[141.639628,38.942565],[141.639728,38.94239],[141.639978,38.94234],[141.640303,38.942206],[141.640378,38.94214],[141.640716,38.942031],[141.640866,38.942006],[141.64119,38.942081],[141.64174,38.942306],[141.64209,38.942265],[141.642165,38.942223],[141.642615,38.942223],[141.64289,38.942156],[141.643015,38.942181],[141.64374,38.942256],[141.64409,38.942373],[141.64469,38.942781],[141.645015,38.942781],[141.645465,38.94274],[141.645415,38.942423],[141.645465,38.942265],[141.64554,38.942223],[141.645815,38.942181],[141.646015,38.942231],[141.646302,38.942098],[141.646652,38.942006],[141.646752,38.942031],[141.64694,38.942373],[141.64734,38.942798],[141.64749,38.942848],[141.647815,38.942823],[141.648165,38.942698],[141.648452,38.942515],[141.648527,38.94229],[141.648402,38.941815],[141.648402,38.941548],[141.64839,38.941298],[141.64784,38.940707],[141.647365,38.940523],[141.646965,38.94054],[141.64659,38.940632],[141.646278,38.940857],[141.645978,38.941323],[141.645828,38.941415],[141.645553,38.941323],[141.645303,38.941481],[141.645203,38.941406],[141.644878,38.941365],[141.644678,38.94129],[141.644753,38.94109],[141.644428,38.940973],[141.644378,38.940882],[141.644228,38.940865],[141.644103,38.940907],[141.644078,38.940882],[141.644078,38.940682],[141.643978,38.940498],[141.643478,38.940498],[141.643378,38.940473],[141.643278,38.94029],[141.643465,38.940065],[141.64344,38.940065],[141.642928,38.940223],[141.642828,38.940132],[141.643065,38.939973],[141.643465,38.939657],[141.643665,38.939298],[141.64344,38.93914],[141.643328,38.938823],[141.643078,38.938773],[141.642465,38.938998],[141.642365,38.938973],[141.64214,38.93884],[141.642115,38.938657],[141.642653,38.938123],[141.642678,38.937982],[141.642428,38.937757],[141.642453,38.937623],[141.642553,38.93744],[141.642728,38.937424],[141.642828,38.937449],[141.64339,38.937357],[141.64359,38.937249],[141.64359,38.937157],[141.64364,38.936457],[141.64359,38.93639],[141.643315,38.936299],[141.643215,38.936315],[141.64289,38.936524],[141.642815,38.936515],[141.642715,38.936407],[141.642615,38.93604],[141.642628,38.935774],[141.642803,38.93564],[141.643178,38.935482],[141.643553,38.935124],[141.643653,38.934965],[141.64334,38.934515],[141.643215,38.934107],[141.643016,38.933974],[141.642966,38.933724],[141.643016,38.933657],[141.643803,38.933274],[141.643728,38.933007],[141.643628,38.932849],[141.643403,38.932982],[141.643253,38.932999],[141.643203,38.932982],[141.643128,38.932757],[141.643178,38.932666],[141.643153,38.932507],[141.642953,38.932457],[141.642903,38.932482],[141.642903,38.932591],[141.642828,38.932907],[141.641803,38.932816],[141.641503,38.932741],[141.641353,38.932632],[141.640978,38.932782],[141.640628,38.932891],[141.640266,38.932916],[141.639941,38.932824],[141.639653,38.932549],[141.639653,38.932299],[141.639753,38.932074],[141.639978,38.931832],[141.639978,38.931741],[141.639778,38.931491],[141.639303,38.931416],[141.637329,38.931874],[141.637154,38.931899],[141.636504,38.931782],[141.635604,38.931299],[141.635079,38.931366],[141.634829,38.931249],[141.634479,38.930866],[141.634354,38.930549],[141.634441,38.930207],[141.634591,38.929899],[141.635066,38.929466],[141.635366,38.929383],[141.635841,38.929316],[141.636079,38.929299],[141.636554,38.929258],[141.636829,38.929283],[141.637104,38.929391],[141.637429,38.929441],[141.637479,38.929349],[141.637404,38.929033],[141.637154,38.928783],[141.637104,38.928674],[141.637179,38.928558],[141.637329,38.928399],[141.637516,38.927999],[141.637891,38.927666],[141.638316,38.927441],[141.638491,38.927416],[141.638616,38.927441],[141.638854,38.927199],[141.639054,38.927108],[141.639279,38.927133],[141.639429,38.927108],[141.639579,38.926975],[141.639753,38.926908],[141.639953,38.927066],[141.640328,38.927],[141.640728,38.92705],[141.641003,38.927166],[141.641253,38.927666],[141.641466,38.928208],[141.641566,38.928299],[141.642391,38.928324],[141.642516,38.928308],[141.642516,38.928374],[141.642591,38.928216],[141.642766,38.928149],[141.642903,38.927966],[141.643028,38.927833],[141.642978,38.927791],[141.642703,38.927633],[141.642678,38.927583],[141.642753,38.927383],[141.643278,38.927116],[141.643991,38.926733],[141.644491,38.926358],[141.644691,38.926091],[141.645003,38.925908],[141.645203,38.925866],[141.645303,38.9258],[141.645178,38.925575],[141.645203,38.925483],[141.645303,38.925441],[141.645378,38.9253],[141.645053,38.9248],[141.645091,38.924558],[141.645291,38.9244],[141.645266,38.924108],[141.644916,38.924033],[141.644691,38.923967],[141.644641,38.923783],[141.644741,38.923542],[141.644803,38.923225],[141.644778,38.92295],[141.644878,38.922725],[141.645028,38.922592],[141.645228,38.922483],[141.645503,38.9226],[141.646078,38.922625],[141.646278,38.922808],[141.646703,38.922942],[141.647078,38.922808],[141.647253,38.922925],[141.647328,38.92295],[141.647728,38.922883],[141.647803,38.922908],[141.647953,38.923017],[141.648103,38.923067],[141.648253,38.922975],[141.648353,38.922867],[141.64834,38.922617],[141.648515,38.922284],[141.649465,38.922309],[141.64959,38.922175],[141.64959,38.92195],[141.649378,38.921567],[141.649353,38.921542],[141.649328,38.921475],[141.648978,38.921042],[141.648978,38.920884],[141.649178,38.920484],[141.64954,38.920234],[141.650115,38.920084],[141.650715,38.91995],[141.650965,38.919909],[141.651865,38.919751],[141.65219,38.919626],[141.652515,38.919584],[141.652765,38.919409],[141.65299,38.919301],[141.653065,38.919234],[141.653152,38.919009],[141.652952,38.918692],[141.652427,38.918459],[141.652003,38.918184],[141.651228,38.917284],[141.650815,38.916892],[141.650515,38.916509],[141.650549,38.916008],[141.650578,38.915401],[141.650553,38.915001],[141.65069,38.914209],[141.650765,38.914118],[141.650765,38.913893],[141.650665,38.913618],[141.65069,38.913193],[141.651153,38.912993],[141.651178,38.912726],[141.651003,38.91236],[141.650878,38.912318],[141.650628,38.912335],[141.650553,38.912293],[141.650578,38.91211],[141.650103,38.91206],[141.649678,38.912085],[141.649178,38.912276],[141.648703,38.912301],[141.648303,38.912185],[141.648203,38.912135],[141.647928,38.911868],[141.647703,38.911551],[141.647678,38.91121],[141.647941,38.910851],[141.648416,38.910376],[141.648641,38.910226],[141.648765,38.910226],[141.649103,38.909977],[141.649128,38.909777],[141.648953,38.909502],[141.649103,38.909143],[141.649453,38.908827],[141.649815,38.908677],[141.65019,38.908635],[141.650665,38.908435],[141.65089,38.908527],[141.650915,38.909135],[141.651178,38.90936],[141.65139,38.909227],[141.65154,38.908977],[141.65164,38.90896],[141.651865,38.90921],[141.65199,38.909302],[141.652165,38.909168],[141.65224,38.909077],[141.652315,38.908785],[141.652291,38.908674],[141.652215,38.908535],[141.65194,38.90831],[141.651828,38.907994],[141.651903,38.907469],[141.652228,38.907069],[141.652528,38.907002],[141.652653,38.907094],[141.653003,38.90716],[141.653115,38.906869],[141.653315,38.906869],[141.653765,38.907077],[141.65414,38.90706],[141.65454,38.907177],[141.654865,38.907152],[141.65494,38.90711],[141.654915,38.906885],[141.654665,38.906585],[141.65424,38.906244],[141.65414,38.90611],[141.654053,38.905794],[141.653928,38.905677],[141.653303,38.905677],[141.653053,38.905494],[141.652603,38.904927],[141.652178,38.904836],[141.652003,38.904677],[141.651978,38.904586],[141.651778,38.904336],[141.651728,38.904152],[141.65163,38.903921],[141.65144,38.903611],[141.651215,38.903477],[141.65119,38.902727],[141.651378,38.902394],[141.652028,38.901744],[141.652153,38.901653],[141.65259,38.901544],[141.65314,38.901661],[141.65344,38.901594],[141.653588,38.901575],[141.653769,38.901498],[141.653865,38.901369],[141.65369,38.900878],[141.65454,38.900928],[141.654565,38.900811],[141.654553,38.900561],[141.654603,38.900544],[141.654853,38.900544],[141.655303,38.900253],[141.655453,38.900303],[141.655478,38.900461],[141.655953,38.900528],[141.656202,38.900286],[141.656577,38.900311],[141.65694,38.89977],[141.65759,38.899028],[141.657977,38.898711],[141.658377,38.898786],[141.658777,38.898811],[141.658827,38.899103],[141.658952,38.89917],[141.659052,38.898861],[141.659102,38.898495],[141.659277,38.898386],[141.659652,38.898253],[141.65974,38.898003],[141.659615,38.897895],[141.659515,38.897845],[141.65934,38.89742],[141.65949,38.89717],[141.659765,38.897078],[141.66004,38.897262],[141.660565,38.897353],[141.66079,38.89722],[141.660627,38.896837],[141.660602,38.896662],[141.660677,38.896295],[141.661002,38.896162],[141.661127,38.896462],[141.661352,38.89657],[141.661527,38.896262],[141.661765,38.89597],[141.662065,38.895995],[141.662127,38.89662],[141.662352,38.897028],[141.662552,38.897237],[141.662652,38.897262],[141.663027,38.897512],[141.663277,38.89722],[141.663702,38.896862],[141.663827,38.896903],[141.664102,38.896862],[141.664377,38.896704],[141.664514,38.896437],[141.664514,38.89637],[141.664089,38.896254],[141.664139,38.896212],[141.664564,38.89612],[141.664789,38.89612],[141.665239,38.896012],[141.665764,38.895745],[141.665827,38.895587],[141.665002,38.895112],[141.664827,38.894704],[141.664727,38.89432],[141.664514,38.894004],[141.664389,38.893912],[141.663552,38.894037],[141.663327,38.89372],[141.663164,38.893404],[141.663289,38.893229],[141.663489,38.893096],[141.663489,38.892754],[141.663414,38.892637],[141.663289,38.892613],[141.663164,38.892504],[141.663577,38.892279],[141.664227,38.892129],[141.664264,38.892621],[141.664837,38.892975],[141.665189,38.893146],[141.665764,38.893154],[141.666039,38.893271],[141.666352,38.893021],[141.666456,38.893084],[141.666514,38.893246],[141.666664,38.893387],[141.666952,38.893112],[141.667523,38.89281],[141.667602,38.892604],[141.667552,38.892237],[141.667639,38.892079],[141.668064,38.891879],[141.668089,38.891796],[141.667936,38.891658],[141.667739,38.891654],[141.667514,38.891613],[141.667492,38.89149],[141.667489,38.891204],[141.667764,38.891204],[141.668014,38.890954],[141.668277,38.890821],[141.668302,38.890754],[141.668252,38.890596],[141.668002,38.890304],[141.667952,38.889988],[141.668277,38.890038],[141.668702,38.889879],[141.668814,38.889313],[141.668814,38.888863],[141.668639,38.888705],[141.667789,38.888813],[141.667539,38.888838],[141.667239,38.888946],[141.666864,38.888921],[141.666527,38.889304],[141.665927,38.889721],[141.665477,38.890013],[141.664889,38.890213],[141.664689,38.890096],[141.664802,38.889763],[141.664527,38.889671],[141.663552,38.889571],[141.663227,38.889438],[141.663002,38.889254],[141.662777,38.888954],[141.662577,38.888754],[141.662502,38.888346],[141.66254,38.888054],[141.662715,38.887696],[141.663065,38.887563],[141.66319,38.887363],[141.663015,38.887288],[141.662815,38.887155],[141.662865,38.886888],[141.663277,38.886796],[141.663577,38.88653],[141.663652,38.886238],[141.663602,38.885988],[141.663402,38.885688],[141.66349,38.885263],[141.66389,38.884838],[141.664096,38.884771],[141.664287,38.884771],[141.664577,38.884613],[141.665027,38.884122],[141.665327,38.883972],[141.665427,38.883813],[141.665389,38.883472],[141.665439,38.88343],[141.665439,38.883205],[141.665064,38.882414],[141.664765,38.882455],[141.664465,38.882814],[141.664065,38.882989],[141.66374,38.882963],[141.66349,38.882847],[141.663194,38.882605],[141.663065,38.882505],[141.66304,38.882439],[141.662965,38.881764],[141.66299,38.881605],[141.663427,38.880997],[141.664102,38.880889],[141.664327,38.881055],[141.664602,38.881189],[141.664677,38.881122],[141.664627,38.880897],[141.664477,38.88058],[141.66464,38.880289],[141.664715,38.880264],[141.664965,38.880106],[141.665015,38.879947],[141.66489,38.879706],[141.664915,38.879631],[141.664815,38.879547],[141.664565,38.879564],[141.66399,38.879381],[141.66389,38.879314],[141.663752,38.878947],[141.663777,38.878722],[141.663877,38.878589],[141.664277,38.878347],[141.664952,38.878281],[141.665844,38.878322],[141.666358,38.878193],[141.666489,38.878089],[141.666689,38.877864],[141.666789,38.877531],[141.666714,38.877256],[141.666902,38.877123],[141.666989,38.877183],[141.667035,38.877237],[141.667189,38.877373],[141.667239,38.877373],[141.667527,38.876581],[141.667402,38.876223],[141.667327,38.876106],[141.667251,38.875831],[141.667214,38.87559],[141.667239,38.875498],[141.667714,38.87519],[141.668064,38.875348],[141.668364,38.875256],[141.668264,38.875056],[141.668114,38.874831],[141.668114,38.874765],[141.668189,38.874806],[141.668464,38.875056],[141.668839,38.875056],[141.668939,38.874973],[141.669052,38.874656],[141.669477,38.87459],[141.670102,38.874306],[141.670739,38.873832],[141.670714,38.87354],[141.670939,38.873223],[141.671039,38.872998],[141.670614,38.872865],[141.670314,38.872698],[141.669889,38.872607],[141.669614,38.872498],[141.669464,38.87249],[141.669089,38.872557],[141.668764,38.872515],[141.668889,38.872357],[141.669602,38.872157],[141.670177,38.871757],[141.670452,38.871623],[141.670502,38.871507],[141.670464,38.871215],[141.670239,38.871099],[141.670089,38.870965],[141.670139,38.870915],[141.670489,38.870832],[141.670389,38.870582],[141.669364,38.870082],[141.669164,38.869924],[141.669164,38.869899],[141.670039,38.869949],[141.670252,38.86979],[141.670452,38.869707],[141.670889,38.870157],[141.670989,38.870224],[141.671289,38.870274],[141.671548,38.870013],[141.671727,38.869574],[141.671602,38.869415],[141.671177,38.869374],[141.670902,38.869232],[141.670502,38.869407],[141.670227,38.869457],[141.669752,38.869199],[141.670002,38.868957],[141.670652,38.868599],[141.670964,38.868491],[141.670839,38.868307],[141.670814,38.868216],[141.670889,38.868107],[141.671014,38.868149],[141.671339,38.868382],[141.671689,38.868424],[141.671714,38.868107],[141.671764,38.868107],[141.671914,38.868449],[141.672414,38.868524],[141.672739,38.868432],[141.672514,38.868157],[141.673189,38.868191],[141.673577,38.867741],[141.673602,38.867424],[141.673502,38.867241],[141.673602,38.867041],[141.673427,38.866699],[141.673389,38.866449],[141.673239,38.866183],[141.673364,38.866049],[141.673814,38.866324],[141.673889,38.866341],[141.674214,38.866483],[141.674389,38.866441],[141.674289,38.865783],[141.674714,38.865808],[141.674752,38.865083],[141.674902,38.864974],[141.674927,38.864841],[141.675202,38.864816],[141.675327,38.864575],[141.675152,38.86435],[141.674989,38.864208],[141.675089,38.86405],[141.675389,38.863966],[141.675464,38.863491],[141.675389,38.863133],[141.675064,38.862966],[141.674727,38.862425],[141.674677,38.86215],[141.674877,38.862133],[141.675127,38.861975],[141.674914,38.861117],[141.674789,38.860917],[141.674814,38.860708],[141.674289,38.860233],[141.673864,38.860167],[141.673514,38.860317],[141.673339,38.860292],[141.673589,38.860092],[141.673902,38.8598],[141.674377,38.8596],[141.674627,38.8592],[141.674639,38.858525],[141.674689,38.858225],[141.674639,38.857959],[141.674414,38.857525],[141.674209,38.857135],[141.673977,38.856917],[141.673502,38.857],[141.673361,38.857024],[141.673227,38.857],[141.673093,38.856882],[141.673152,38.856526],[141.673002,38.856484],[141.672777,38.856592],[141.672502,38.856817],[141.67244,38.856884],[141.67244,38.857059],[141.672615,38.857334],[141.671977,38.858117],[141.67164,38.857825],[141.671565,38.857709],[141.671415,38.857734],[141.671052,38.857975],[141.670577,38.858467],[141.670727,38.85865],[141.670927,38.858808],[141.67089,38.859192],[141.67104,38.859375],[141.671015,38.859575],[141.67059,38.859417],[141.670252,38.859008],[141.669877,38.858892],[141.669415,38.859367],[141.669015,38.85945],[141.66894,38.859608],[141.668852,38.860242],[141.669002,38.860825],[141.669402,38.861216],[141.669477,38.861483],[141.66874,38.861816],[141.66864,38.861775],[141.66834,38.861683],[141.66799,38.861766],[141.667715,38.861675],[141.66739,38.861783],[141.667115,38.86145],[141.66714,38.861041],[141.666902,38.860925],[141.66659,38.86095],[141.66644,38.861216],[141.66654,38.8614],[141.66649,38.861558],[141.66604,38.861525],[141.666177,38.862158],[141.665927,38.862366],[141.665227,38.862266],[141.664852,38.862108],[141.664802,38.861975],[141.664603,38.861766],[141.664315,38.861608],[141.66414,38.861608],[141.663853,38.861875],[141.663803,38.862141],[141.663878,38.862391],[141.664053,38.862708],[141.663703,38.862866],[141.663065,38.862908],[141.66249,38.863174],[141.662231,38.863253],[141.661915,38.863374],[141.66119,38.863249],[141.66084,38.862916],[141.66064,38.862283],[141.660603,38.861741],[141.660628,38.86165],[141.660953,38.861383],[141.660834,38.861293],[141.660703,38.8612],[141.660203,38.8614],[141.659503,38.86135],[141.658753,38.861383],[141.658353,38.861358],[141.658152,38.861387],[141.658128,38.861566],[141.658066,38.862441],[141.657966,38.862508],[141.657541,38.862349],[141.656966,38.862408],[141.656778,38.862658],[141.656828,38.862949],[141.656703,38.863449],[141.656678,38.863624],[141.656953,38.863966],[141.657341,38.864216],[141.65819,38.865149],[141.658115,38.865532],[141.657778,38.866165],[141.657428,38.866432],[141.657203,38.866449],[141.656878,38.866382],[141.656453,38.866374],[141.656228,38.866307],[141.655903,38.866149],[141.655753,38.86594],[141.655578,38.865899],[141.655253,38.866032],[141.655016,38.866299],[141.654866,38.86639],[141.654816,38.866749],[141.654316,38.866974],[141.654066,38.866832],[141.653741,38.867057],[141.653528,38.867307],[141.653628,38.86744],[141.653878,38.867532],[141.654078,38.867782],[141.654028,38.868007],[141.653678,38.868298],[141.653378,38.868248],[141.652878,38.867932],[141.652428,38.868132],[141.652066,38.868357],[141.651741,38.868665],[141.651576,38.868683],[141.651516,38.868623],[141.651391,38.868373],[141.651368,38.868387],[141.651341,38.868415],[141.651466,38.86864],[141.651341,38.868782],[141.650453,38.869448],[141.650378,38.86964],[141.650278,38.869781],[141.649854,38.870098],[141.649841,38.870323],[141.649995,38.870564],[141.650091,38.870731],[141.650141,38.870865],[141.649841,38.871248],[141.649816,38.871448],[141.649966,38.871656],[141.650503,38.871881],[141.650978,38.872181],[141.651103,38.872315],[141.651128,38.872948],[141.650741,38.873214],[141.649741,38.873281],[141.649366,38.873548],[141.649079,38.874356],[141.649254,38.874806],[141.649428,38.875081],[141.649353,38.875281],[141.648966,38.875639],[141.648691,38.875756],[141.648041,38.875906],[141.647716,38.875856],[141.647591,38.875722],[141.647466,38.875222],[141.647291,38.875022],[141.647104,38.874956],[141.646916,38.875064],[141.646641,38.875081],[141.646541,38.875131],[141.646441,38.875514],[141.646191,38.875914],[141.646229,38.876097],[141.646666,38.876097],[141.646954,38.876372],[141.647004,38.876714],[141.647354,38.877122],[141.647704,38.877414],[141.647941,38.877939],[141.648066,38.87848],[141.648191,38.878589],[141.648541,38.878664],[141.648566,38.878772],[141.648416,38.879155],[141.647879,38.879713],[141.647579,38.879922],[141.647454,38.879913],[141.647262,38.879922],[141.647004,38.879955],[141.646726,38.879868],[141.646404,38.879572],[141.646125,38.879518],[141.645904,38.879522],[141.645479,38.879563],[141.644804,38.879488],[141.644229,38.87913],[141.644304,38.878788],[141.644104,38.87863],[141.643679,38.878713],[141.643629,38.878738],[141.643354,38.878713],[141.643079,38.878597],[141.643004,38.878713],[141.64272,38.879315],[141.642542,38.879788],[141.642767,38.880197],[141.642979,38.880763],[141.643554,38.88113],[141.643793,38.881485],[141.644279,38.881838],[141.644404,38.881905],[141.645116,38.882813],[141.645266,38.882921],[141.645891,38.88293],[141.646166,38.883046],[141.646216,38.883155],[141.646146,38.883204],[141.646016,38.883246],[141.645316,38.883421],[141.644954,38.883821],[141.644879,38.884004],[141.644604,38.884229],[141.644479,38.884163],[141.643904,38.883521],[141.642817,38.882796],[141.642492,38.88243],[141.642117,38.88223],[141.640917,38.882446],[141.640904,38.882763],[141.641329,38.883121],[141.641454,38.883396],[141.641679,38.883738],[141.641604,38.883871],[141.641454,38.883913],[141.640804,38.883863],[141.640242,38.883996],[141.639042,38.884054],[141.638867,38.884096],[141.638567,38.884296],[141.638029,38.884813],[141.637854,38.884904],[141.637477,38.884871],[141.63708,38.884738],[141.636855,38.884896],[141.636655,38.885121],[141.636955,38.885462],[141.637779,38.885446],[141.637979,38.885554],[141.638117,38.885987],[141.637967,38.886487],[141.638076,38.886907],[141.638442,38.887212],[141.638892,38.887479],[141.639473,38.887515],[141.639842,38.887621],[141.640204,38.887962],[141.640854,38.888154],[141.641229,38.888495],[141.641304,38.88867],[141.641177,38.889269],[141.641267,38.889687],[141.641332,38.88996],[141.641317,38.890229],[141.641042,38.890495],[141.640892,38.890562],[141.640379,38.890562],[141.639992,38.890329],[141.639917,38.890195],[141.639817,38.889787],[141.639192,38.889445],[141.639084,38.889277],[141.638992,38.889037],[141.638192,38.888695],[141.637717,38.88867],[141.637517,38.889029],[141.637417,38.889095],[141.637192,38.88912],[141.636542,38.888912],[141.636067,38.888904],[141.635892,38.88897],[141.63558,38.889445],[141.63523,38.890437],[141.635292,38.891045],[141.635417,38.89132],[141.636042,38.891953],[141.636567,38.89202],[141.636667,38.892162],[141.636779,38.892703],[141.63705,38.893219],[141.637067,38.89392],[141.636984,38.894055],[141.636792,38.894195],[141.636117,38.89457],[141.635704,38.894836],[141.635629,38.89527],[141.635392,38.895853],[141.634992,38.895986],[141.634167,38.895861],[141.633692,38.895478],[141.633592,38.895478],[141.633142,38.895994],[141.633292,38.896536],[141.63368,38.896828],[141.63428,38.897061],[141.634705,38.897786],[141.634442,38.898236],[141.634142,38.898477],[141.634342,38.899411],[141.634443,38.899724],[141.63458,38.899886],[141.635404,38.900452],[141.635604,38.900769],[141.636129,38.901136],[141.637129,38.901369],[141.637404,38.901552],[141.637879,38.90171],[141.638192,38.901869],[141.638167,38.902185],[141.638042,38.902227],[141.637292,38.902335],[141.635742,38.902419],[141.635192,38.902302],[141.634817,38.901894],[141.634367,38.901594],[141.633967,38.90166],[141.633792,38.901844],[141.633705,38.902177],[141.633555,38.90231],[141.63338,38.902335],[141.63313,38.902444],[141.632705,38.902194],[141.63248,38.901944],[141.63198,38.901577],[141.63143,38.90146],[141.631005,38.90146],[141.631005,38.901344],[141.632067,38.900386],[141.632105,38.900044],[141.631955,38.899502],[141.631798,38.899057],[141.631567,38.898619],[141.631317,38.898236],[141.631167,38.897652],[141.631102,38.897354],[141.631044,38.896894],[141.630905,38.896628],[141.630505,38.896448],[141.630205,38.896269],[141.629905,38.895944],[141.629318,38.895536],[141.62873,38.895578],[141.62863,38.896211],[141.628468,38.896886],[141.627693,38.897352],[141.62668,38.897636],[141.62598,38.897886],[141.62563,38.898352],[141.625293,38.899094],[141.62483,38.899885],[141.62448,38.899877],[141.62418,38.899969],[141.623805,38.899877],[141.623406,38.899735],[141.623456,38.89951],[141.623818,38.898744],[141.62423,38.897327],[141.624718,38.896652],[141.625343,38.896094],[141.625368,38.895919],[141.625005,38.895736],[141.623918,38.895769],[141.623931,38.895361],[141.624131,38.895119],[141.624381,38.895161],[141.62518,38.895144],[141.625605,38.895011],[141.62603,38.895178],[141.62638,38.894978],[141.626418,38.894769],[141.626618,38.894478],[141.626668,38.894186],[141.626968,38.893828],[141.62753,38.89372],[141.627772,38.893705],[141.62808,38.893653],[141.628344,38.893734],[141.62843,38.89402],[141.628493,38.894203],[141.628943,38.894336],[141.629705,38.89407],[141.62983,38.894053],[141.630305,38.893761],[141.63038,38.893578],[141.630243,38.892478],[141.63073,38.891445],[141.63088,38.89092],[141.63088,38.890787],[141.630755,38.890762],[141.63008,38.890828],[141.629605,38.890978],[141.629255,38.891637],[141.629118,38.89177],[141.629018,38.89222],[141.628793,38.89262],[141.62813,38.89282],[141.62783,38.892861],[141.62718,38.892861],[141.62653,38.892695],[141.626105,38.89272],[141.625705,38.89317],[141.62553,38.893211],[141.625031,38.892978],[141.624106,38.892728],[141.623731,38.892545],[141.623481,38.892003],[141.623156,38.891886],[141.622956,38.891995],[141.622581,38.892578],[141.622291,38.892712],[141.621668,38.89287],[141.621493,38.892861],[141.621256,38.892861],[141.621093,38.89282],[141.620956,38.892703],[141.620781,38.892411],[141.620731,38.892078],[141.620818,38.891828],[141.621118,38.891486],[141.621193,38.890795],[141.621168,38.890428],[141.621081,38.890203],[141.620756,38.890003],[141.620119,38.889753],[141.619731,38.889737],[141.619381,38.88967],[141.618769,38.889287],[141.618419,38.888995],[141.618031,38.88877],[141.617919,38.888812],[141.617844,38.889062],[141.617364,38.889242],[141.617177,38.889125],[141.617069,38.888945],[141.617019,38.888862],[141.616769,38.888653],[141.616519,38.888203],[141.616406,38.888137],[141.616081,38.888028],[141.615694,38.888028],[141.615257,38.888095],[141.615032,38.887962],[141.615007,38.887803],[141.615144,38.887487],[141.615144,38.887128],[141.615444,38.886787],[141.615582,38.886562],[141.615532,38.88627],[141.615107,38.885704],[141.61503,38.885181],[141.615057,38.88467],[141.615082,38.884395],[141.615219,38.884129],[141.615682,38.883771],[141.615682,38.883521],[141.615494,38.883096],[141.615544,38.882371],[141.615469,38.882079],[141.615157,38.881812],[141.614857,38.881746],[141.614394,38.881812],[141.613982,38.881762],[141.613869,38.881721],[141.613344,38.881313],[141.613172,38.88124],[141.612994,38.881204],[141.612907,38.881246],[141.612819,38.881363],[141.612857,38.881971],[141.612957,38.882304],[141.613132,38.882579],[141.613069,38.882846],[141.612857,38.883137],[141.612832,38.883429],[141.612557,38.884087],[141.612494,38.884562],[141.612219,38.884879],[141.612082,38.885079],[141.612057,38.885187],[141.612094,38.885412],[141.611682,38.886179],[141.611644,38.886612],[141.611544,38.886837],[141.611482,38.886862],[141.610857,38.886703],[141.610769,38.886612],[141.610744,38.886387],[141.610445,38.886204],[141.610382,38.88607],[141.610332,38.885579],[141.610445,38.88542],[141.610882,38.885145],[141.610845,38.885079],[141.610982,38.884495],[141.611232,38.883929],[141.611145,38.883454],[141.61077,38.883096],[141.610657,38.882779],[141.610457,38.882554],[141.61027,38.882487],[141.609557,38.882471],[141.609257,38.882404],[141.60912,38.882246],[141.60922,38.882037],[141.609632,38.881812],[141.609632,38.881746],[141.60922,38.881521],[141.609007,38.881271],[141.609145,38.881137],[141.609145,38.880913],[141.608832,38.880488],[141.60837,38.880038],[141.60807,38.879854],[141.607707,38.879746],[141.607183,38.879763],[141.60667,38.879971],[141.60642,38.880104],[141.606258,38.880129],[141.60592,38.880063],[141.605158,38.880013],[141.604852,38.880111],[141.604658,38.880196],[141.604445,38.880646],[141.60417,38.881346],[141.603595,38.882496],[141.603595,38.882812],[141.603733,38.883037],[141.604033,38.883145],[141.604333,38.883212],[141.604383,38.883395],[141.603845,38.883529],[141.603595,38.883645],[141.603733,38.883912],[141.603783,38.884204],[141.603733,38.884295],[141.603758,38.884795],[141.603783,38.885154],[141.603895,38.885495],[141.604058,38.885762],[141.604508,38.88617],[141.604508,38.886212],[141.604095,38.886028],[141.603345,38.88547],[141.603295,38.885354],[141.602795,38.884745],[141.60247,38.884437],[141.60247,38.88407],[141.60222,38.884095],[141.602133,38.884545],[141.601858,38.884637],[141.601508,38.88482],[141.601345,38.884862],[141.601033,38.88502],[141.60087,38.88522],[141.60082,38.885562],[141.600845,38.885812],[141.600758,38.886012],[141.600595,38.886262],[141.600658,38.886737],[141.600133,38.887228],[141.599908,38.887745],[141.59992,38.887836],[141.599783,38.88827],[141.599745,38.888653],[141.599645,38.888736],[141.599445,38.888986],[141.59942,38.889078],[141.59912,38.889461],[141.598845,38.889728],[141.598595,38.890561],[141.598358,38.891403],[141.598133,38.891628],[141.59772,38.891936],[141.597495,38.892253],[141.59737,38.892861],[141.59737,38.893002],[141.597558,38.893452],[141.597508,38.893652],[141.59717,38.893719],[141.59682,38.893652],[141.596371,38.893494],[141.596071,38.893452],[141.595721,38.893519],[141.595271,38.893652],[141.594946,38.893836],[141.593321,38.894377],[141.592583,38.894469],[141.592196,38.894719],[141.591896,38.89476],[141.591533,38.89476],[141.590221,38.894627],[141.588684,38.894402],[141.588409,38.894385],[141.588296,38.894677],[141.588321,38.894877],[141.588434,38.894994],[141.588484,38.895235],[141.588321,38.895935],[141.588321,38.896135],[141.588459,38.89621],[141.589033,38.896252],[141.589146,38.896319],[141.589208,38.896585],[141.589783,38.896677],[141.589833,38.896727],[141.589921,38.896927],[141.589833,38.897285],[141.589671,38.897535],[141.589121,38.897943],[141.588796,38.898327],[141.588271,38.898685],[141.588046,38.898802],[141.587746,38.899027],[141.587808,38.899318],[141.587946,38.899493],[141.588058,38.899793],[141.588058,38.899876],[141.587783,38.90006],[141.587783,38.900193],[141.587721,38.900376],[141.587808,38.900576],[141.587921,38.900643],[141.588058,38.900851],[141.588133,38.901076],[141.588058,38.901301],[141.587896,38.901476],[141.587858,38.901568],[141.587896,38.901726],[141.587946,38.901751],[141.588383,38.901635],[141.588496,38.901793],[141.588446,38.902068],[141.587896,38.902426],[141.587808,38.902534],[141.587483,38.903351],[141.587508,38.903393],[141.587208,38.904134],[141.587483,38.904884],[141.587733,38.904926],[141.587833,38.905042],[141.587871,38.905284],[141.587758,38.905534],[141.587733,38.905851],[141.587846,38.906009],[141.587533,38.906276],[141.587321,38.906367],[141.586933,38.906434],[141.586496,38.906576],[141.586271,38.906959],[141.586383,38.907134],[141.586446,38.907342],[141.586383,38.907384],[141.586308,38.907567],[141.586658,38.908509],[141.586721,38.909092],[141.586471,38.90925],[141.586471,38.909684],[141.585758,38.909909],[141.585483,38.909934],[141.585371,38.909884],[141.584521,38.909117],[141.582021,38.909867],[141.581934,38.909975],[141.581821,38.910025],[141.580584,38.9077],[141.580396,38.907775],[141.580259,38.908134],[141.580309,38.908334],[141.580471,38.908609],[141.580559,38.908675],[141.580746,38.908992],[141.581021,38.909708],[141.581296,38.910183],[141.581084,38.91025],[141.580646,38.910025],[141.580559,38.909733],[141.580559,38.909509],[141.580356,38.908675],[141.579846,38.907434],[141.579784,38.907342],[141.579621,38.907234],[141.579509,38.906942],[141.579484,38.906625],[141.579346,38.906242],[141.579146,38.906151],[141.578959,38.906151],[141.578771,38.90635],[141.578334,38.9071],[141.577996,38.9073],[141.577509,38.9073],[141.577059,38.907142],[141.576897,38.907034],[141.576022,38.90665],[141.575359,38.90645],[141.575109,38.906317],[141.574972,38.906084],[141.575059,38.90555],[141.575197,38.905301],[141.575384,38.905142],[141.575772,38.904917],[141.576572,38.905276],[141.577859,38.904984],[141.578272,38.905051],[141.579396,38.904826],[141.580384,38.903601],[141.58102,38.901947],[141.581784,38.899618],[141.585046,38.89391],[141.586009,38.893036],[141.586346,38.892877],[141.586446,38.892894],[141.587134,38.892602],[141.587221,38.892627],[141.587821,38.892402],[141.587909,38.892469],[141.593621,38.890053],[141.594084,38.88577],[141.593484,38.884937],[141.590709,38.88607],[141.590346,38.885478],[141.590421,38.885187],[141.590346,38.884603],[141.590421,38.884287],[141.590371,38.883795],[141.590584,38.883162],[141.590646,38.882779],[141.590447,38.882279],[141.590422,38.881695],[141.590747,38.880612],[141.591222,38.880254],[141.591409,38.879912],[141.591497,38.879487],[141.591522,38.879037],[141.591222,38.877913],[141.590997,38.877438],[141.590697,38.877079],[141.590309,38.876946],[141.589347,38.876696],[141.589047,38.876513],[141.58866,38.875438],[141.588572,38.874846],[141.58871,38.874713],[141.588735,38.874463],[141.588522,38.873971],[141.58846,38.873721],[141.588297,38.873613],[141.587972,38.873613],[141.587797,38.87343],[141.587797,38.873321],[141.58791,38.873296],[141.58841,38.873405],[141.588485,38.873388],[141.588735,38.872505],[141.588485,38.87228],[141.588047,38.871963],[141.588047,38.87183],[141.588097,38.871763],[141.589197,38.871488],[141.589422,38.871405],[141.58981,38.87113],[141.589922,38.871022],[141.589947,38.870797],[141.589835,38.87043],[141.589772,38.869755],[141.589672,38.869647],[141.587823,38.868905],[141.58716,38.868539],[141.586473,38.868005],[141.585823,38.867256],[141.585511,38.865139],[141.585123,38.864398],[141.585148,38.863206],[141.585286,38.862256],[141.585236,38.861939],[141.584849,38.861106],[141.584824,38.86064],[141.585149,38.860073],[141.585374,38.859781],[141.585286,38.859348],[141.585124,38.858857],[141.584924,38.858498],[141.584624,38.858065],[141.584436,38.857682],[141.583961,38.857307],[141.583636,38.856923],[141.583299,38.856449],[141.583024,38.855907],[141.582362,38.853816],[141.582312,38.853274],[141.582662,38.851916],[141.583186,38.850816],[141.583249,38.850541],[141.583274,38.848791],[141.583136,38.848491],[141.583186,38.84825],[141.583486,38.847525],[141.583649,38.8473],[141.584174,38.846958],[141.584661,38.845992],[141.585136,38.845583],[141.585761,38.845158],[141.586099,38.844817],[141.586474,38.843967],[141.586636,38.843534],[141.586811,38.843217],[141.587486,38.842226],[141.587824,38.841551],[141.588586,38.840451],[141.588911,38.839318],[141.589136,38.838893],[141.589186,38.838626],[141.589305,38.838139],[141.589823,38.836818],[141.590091,38.836257],[141.590236,38.835835],[141.590373,38.835527],[141.590473,38.835118],[141.590498,38.834444],[141.590636,38.83426],[141.591336,38.83391],[141.591631,38.833803],[141.592086,38.833735],[141.592452,38.833636],[141.592946,38.833431],[141.593373,38.833444],[141.594198,38.83386],[141.594648,38.834019],[141.594873,38.834001],[141.595173,38.833935],[141.595523,38.833805],[141.596148,38.833786],[141.596898,38.833677],[141.598035,38.833461],[141.59852,38.833403],[141.599035,38.833394],[141.599385,38.833469],[141.599635,38.833419],[141.60026,38.833227],[141.600585,38.833161],[141.600847,38.833027],[141.600972,38.832936],[141.601347,38.831853],[141.601735,38.831186],[141.60196,38.830911],[141.602447,38.830486],[141.602747,38.830153],[141.603172,38.830136],[141.603472,38.829978],[141.604009,38.829553],[141.604109,38.82937],[141.603959,38.828761],[141.603759,38.82847],[141.603672,38.827837],[141.603472,38.82777],[141.603297,38.827762],[141.603072,38.82752],[141.602922,38.827195],[141.602647,38.82697],[141.602497,38.826995],[141.602072,38.82737],[141.60181,38.827961],[141.601635,38.828136],[141.601285,38.828178],[141.601085,38.828361],[141.60096,38.828695],[141.600722,38.828895],[141.600422,38.829095],[141.599997,38.82932],[141.599347,38.829386],[141.598922,38.829311],[141.598423,38.829153],[141.598223,38.82917],[141.597685,38.829395],[141.597285,38.829436],[141.59681,38.829478],[141.596535,38.829361],[141.595198,38.828495],[141.594773,38.828203],[141.594323,38.82777],[141.593573,38.826886],[141.592786,38.826203],[141.592486,38.825928],[141.592211,38.825545],[141.591961,38.82512],[141.591848,38.824728],[141.591573,38.82417],[141.591336,38.823287],[141.591386,38.82297],[141.591561,38.822745],[141.591361,38.822537],[141.590911,38.822578],[141.590861,38.822537],[141.590636,38.822312],[141.590486,38.822062],[141.590211,38.822012],[141.590086,38.822128],[141.590036,38.822687],[141.589874,38.823003],[141.589549,38.823228],[141.588999,38.82347],[141.588949,38.823695],[141.588599,38.823853],[141.587261,38.824228],[141.585549,38.82462],[141.585109,38.824643],[141.584699,38.824636],[141.583224,38.824628],[141.582524,38.824528],[141.581424,38.824344],[141.58045,38.824111],[141.580125,38.823994],[141.579075,38.823428],[141.57755,38.822536],[141.57715,38.822195],[141.575963,38.82092],[141.575738,38.820511],[141.5758,38.820203],[141.57565,38.82002],[141.575325,38.81997],[141.575175,38.819786],[141.574675,38.818862],[141.575038,38.818387],[141.574888,38.818003],[141.574838,38.817753],[141.574863,38.817445],[141.574575,38.816445],[141.5746,38.81602],[141.574813,38.815637],[141.575363,38.815187],[141.575638,38.815145],[141.575738,38.81542],[141.575738,38.815595],[141.576038,38.815645],[141.576813,38.815695],[141.577013,38.815629],[141.577138,38.815495],[141.577163,38.815312],[141.5774,38.814979],[141.577425,38.814595],[141.577813,38.813962],[141.577788,38.813671],[141.578038,38.813404],[141.578138,38.813362],[141.578412,38.813362],[141.578712,38.813321],[141.578787,38.813271],[141.578812,38.813112],[141.578612,38.812979],[141.578413,38.812887],[141.57805,38.812521],[141.5777,38.812412],[141.577325,38.812404],[141.576713,38.812579],[141.576313,38.812646],[141.575388,38.812054],[141.575088,38.811921],[141.574975,38.811779],[141.57495,38.811221],[141.5747,38.810813],[141.574475,38.810763],[141.57425,38.810804],[141.574175,38.810937],[141.574,38.811004],[141.57375,38.810962],[141.573475,38.810821],[141.572751,38.810412],[141.572551,38.810229],[141.572313,38.809713],[141.572113,38.809396],[141.572013,38.809321],[141.571538,38.809046],[141.571463,38.808888],[141.571388,38.808554],[141.571438,38.808504],[141.571526,38.808121],[141.571501,38.808013],[141.571301,38.807921],[141.570738,38.808188],[141.570538,38.808479],[141.570438,38.808813],[141.570362,38.808983],[141.570213,38.809221],[141.570126,38.809446],[141.570251,38.809538],[141.570476,38.809812],[141.570527,38.810122],[141.570576,38.810421],[141.570576,38.810687],[141.570513,38.811004],[141.570388,38.811321],[141.570163,38.811746],[141.569751,38.81217],[141.568776,38.812887],[141.567889,38.813195],[141.567539,38.813262],[141.566664,38.813304],[141.565189,38.813245],[141.562027,38.81302],[141.561568,38.81293],[141.560427,38.812645],[141.559377,38.812462],[141.558827,38.812278],[141.558577,38.811804],[141.558327,38.811754],[141.558227,38.811754],[141.558102,38.811529],[141.557977,38.811479],[141.557877,38.81157],[141.557577,38.811454],[141.55709,38.811112],[141.557015,38.810979],[141.55704,38.810504],[141.556965,38.810437],[141.556715,38.81037],[141.55614,38.81027],[141.555715,38.810087],[141.55529,38.809637],[141.555103,38.80932],[141.554978,38.808887],[141.555003,38.808187],[141.554903,38.808121],[141.55459,38.807287],[141.55459,38.806971],[141.554665,38.806762],[141.555228,38.806112],[141.555253,38.806096],[141.555378,38.806296],[141.555903,38.806321],[141.556003,38.806054],[141.556053,38.806029],[141.556578,38.806038],[141.556828,38.806063],[141.556928,38.806313],[141.557178,38.806712],[141.557727,38.806762],[141.558277,38.806796],[141.558227,38.806429],[141.55824,38.806071],[141.55799,38.805821],[141.55759,38.805663],[141.557065,38.805229],[141.55704,38.805138],[141.55679,38.804613],[141.556378,38.804188],[141.556328,38.804096],[141.556378,38.803805],[141.556578,38.803738],[141.556628,38.803738],[141.556778,38.803713],[141.556828,38.803288],[141.556903,38.803171],[141.55689,38.802971],[141.556615,38.802655],[141.55609,38.802171],[141.555865,38.802171],[141.55579,38.802146],[141.55559,38.802146],[141.555365,38.801805],[141.55544,38.801471],[141.555203,38.80088],[141.555078,38.800747],[141.555003,38.800788],[141.554978,38.800971],[141.554791,38.80138],[141.554241,38.801438],[141.553916,38.801596],[141.553666,38.801705],[141.553491,38.801638],[141.553341,38.80148],[141.553291,38.80148],[141.552741,38.801855],[141.552328,38.802146],[141.552053,38.802188],[141.551703,38.802213],[141.551378,38.802163],[141.550978,38.80198],[141.550703,38.801705],[141.550653,38.801413],[141.550741,38.801146],[141.551166,38.80063],[141.551366,38.800588],[141.551491,38.800521],[141.551441,38.800338],[141.551104,38.799747],[141.551054,38.79948],[141.551129,38.799072],[141.551054,38.798955],[141.550779,38.798847],[141.550629,38.798822],[141.550529,38.79873],[141.550541,38.79853],[141.550416,38.798322],[141.550266,38.79823],[141.550116,38.79823],[141.549866,38.798455],[141.549229,38.798747],[141.549079,38.798922],[141.549129,38.799147],[141.549004,38.799372],[141.548879,38.799463],[141.548779,38.799463],[141.548354,38.799388],[141.547991,38.799571],[141.547791,38.799521],[141.547416,38.799363],[141.547141,38.79938],[141.547066,38.79943],[141.547016,38.799563],[141.547041,38.799813],[141.546991,38.800263],[141.546866,38.800371],[141.546404,38.800463],[141.545954,38.800346],[141.545967,38.800188],[141.545917,38.79998],[141.545717,38.79973],[141.545667,38.799646],[141.545492,38.799438],[141.545317,38.799163],[141.545042,38.798871],[141.544842,38.798913],[141.544642,38.798888],[141.544467,38.798638],[141.544279,38.798413],[141.543954,38.798346],[141.543954,38.798163],[141.544079,38.797897],[141.543904,38.797688],[141.543879,38.79753],[141.543854,38.797105],[141.543717,38.796897],[141.543617,38.796805],[141.543367,38.796763],[141.543292,38.79678],[141.543129,38.797122],[141.543054,38.797147],[141.542954,38.79703],[141.542754,38.796897],[141.542604,38.796913],[141.542479,38.797138],[141.542454,38.797388],[141.542229,38.797455],[141.542054,38.79738],[141.54188,38.797247],[141.54178,38.797063],[141.541605,38.796997],[141.54148,38.797113],[141.54123,38.797088],[141.541155,38.79713],[141.54113,38.797288],[141.541055,38.797396],[141.540555,38.797488],[141.540117,38.797638],[141.540092,38.797821],[141.540142,38.798046],[141.539817,38.798221],[141.539467,38.798221],[141.538892,38.798105],[141.538642,38.797855],[141.538317,38.797405],[141.538167,38.79738],[141.537842,38.797063],[141.537442,38.796896],[141.537255,38.796671],[141.53708,38.795813],[141.53673,38.795613],[141.53653,38.795405],[141.536355,38.795497],[141.53603,38.795488],[141.53573,38.79538],[141.53518,38.79528],[141.53493,38.795255],[141.53473,38.795122],[141.53458,38.794763],[141.53438,38.794672],[141.534151,38.794601],[141.53313,38.794388],[141.532255,38.794247],[141.531756,38.794472],[141.531556,38.794672],[141.531206,38.794622],[141.530631,38.794397],[141.530256,38.794188],[141.528781,38.79343],[141.528631,38.793338],[141.528443,38.79278],[141.528493,38.792572],[141.528668,38.792438],[141.528668,38.792255],[141.528843,38.791963],[141.528781,38.791788],[141.528631,38.791605],[141.528406,38.791397],[141.527681,38.79128],[141.527281,38.791189],[141.527181,38.791122],[141.527231,38.790939],[141.527231,38.790764],[141.526881,38.790622],[141.526556,38.790664],[141.526156,38.790772],[141.525906,38.79073],[141.525831,38.790705],[141.525806,38.790364],[141.525681,38.790255],[141.525531,38.790272],[141.525331,38.790364],[141.524931,38.790472],[141.524481,38.790472],[141.524406,38.790447],[141.523531,38.790463],[141.523106,38.790388],[141.522906,38.790297],[141.522681,38.790139],[141.522332,38.789755],[141.521644,38.788847],[141.520932,38.788822],[141.520782,38.788755],[141.520244,38.788114],[141.519969,38.787689],[141.519669,38.787072],[141.519332,38.785856],[141.519144,38.784931],[141.519045,38.784273],[141.518595,38.782556],[141.517732,38.780406],[141.51767,38.779931],[141.517695,38.779548],[141.51787,38.779098],[141.518307,38.778157],[141.518545,38.776982],[141.518495,38.77644],[141.518108,38.775332],[141.517758,38.774832],[141.517645,38.774516],[141.517495,38.773632],[141.517258,38.773091],[141.517158,38.773049],[141.51622,38.771549],[141.51577,38.770716],[141.515683,38.770149],[141.515771,38.768725],[141.515771,38.7683],[141.515608,38.766767],[141.515658,38.76645],[141.515708,38.76645],[141.515733,38.766383],[141.515896,38.7655],[141.515996,38.7653],[141.516221,38.7653],[141.516671,38.765392],[141.516821,38.7654],[141.517408,38.765333],[141.517758,38.765333],[141.518008,38.7652],[141.518308,38.764867],[141.518433,38.764775],[141.519158,38.764875],[141.519908,38.7649],[141.520233,38.764875],[141.520408,38.764792],[141.520545,38.764592],[141.520495,38.764384],[141.519996,38.764225],[141.519971,38.764159],[141.520021,38.763909],[141.520196,38.763792],[141.520571,38.763734],[141.521245,38.763625],[141.521295,38.763642],[141.521491,38.763654],[141.521678,38.763429],[141.521603,38.763246],[141.521108,38.763217],[141.520883,38.763101],[141.520808,38.762901],[141.520233,38.762626],[141.520008,38.762376],[141.519833,38.762009],[141.519796,38.761784],[141.519521,38.761559],[141.519496,38.760992],[141.519246,38.760634],[141.519308,38.760451],[141.519458,38.760251],[141.519633,38.760093],[141.520158,38.759784],[141.520458,38.759718],[141.520833,38.759759],[141.521258,38.760018],[141.521558,38.760109],[141.521693,38.760115],[141.521858,38.760109],[141.522496,38.759818],[141.522946,38.759734],[141.523171,38.759893],[141.523333,38.760118],[141.523808,38.760393],[141.524551,38.760283],[141.52467,38.759884],[141.524795,38.759659],[141.524995,38.759434],[141.525345,38.759234],[141.525958,38.759101],[141.526184,38.759063],[141.526433,38.759101],[141.526633,38.759401],[141.526895,38.759626],[141.52712,38.759759],[141.52742,38.759834],[141.52772,38.759809],[141.527883,38.759543],[141.527883,38.759343],[141.527833,38.759251],[141.527883,38.75916],[141.527933,38.759135],[141.528408,38.759276],[141.528608,38.759251],[141.528783,38.759101],[141.528958,38.758968],[141.529058,38.75881],[141.529195,38.75836],[141.529145,38.758201],[141.52902,38.758043],[141.528745,38.758018],[141.528695,38.757993],[141.52862,38.757926],[141.528695,38.757651],[141.528645,38.757451],[141.528595,38.757401],[141.528445,38.757451],[141.52812,38.757918],[141.527845,38.757943],[141.527545,38.757868],[141.527345,38.757893],[141.52702,38.757801],[141.52682,38.757551],[141.52677,38.757435],[141.526795,38.75721],[141.527145,38.75706],[141.528008,38.75681],[141.528433,38.75686],[141.528583,38.756843],[141.528558,38.756435],[141.528133,38.75596],[141.528158,38.755777],[141.528245,38.755685],[141.52862,38.755535],[141.528745,38.75526],[141.528695,38.755127],[141.528096,38.754652],[141.527833,38.754327],[141.527833,38.754244],[141.527608,38.754035],[141.527633,38.753744],[141.527833,38.753477],[141.528233,38.75291],[141.528546,38.751985],[141.528608,38.751919],[141.528796,38.751827],[141.529271,38.751719],[141.529621,38.751744],[141.529921,38.751694],[141.529983,38.751677],[141.530296,38.751711],[141.530583,38.751677],[141.530933,38.751436],[141.531233,38.751394],[141.531483,38.751586],[141.531708,38.751977],[141.53187,38.752161],[141.532233,38.752194],[141.53242,38.752061],[141.532583,38.751869],[141.532608,38.751744],[141.532533,38.751436],[141.532345,38.751269],[141.53227,38.751211],[141.532283,38.751094],[141.53212,38.751044],[141.531883,38.751027],[141.531733,38.751286],[141.531646,38.751286],[141.531608,38.750977],[141.531433,38.750744],[141.531246,38.750761],[141.531121,38.750952],[141.530983,38.751044],[141.530558,38.750811],[141.530171,38.750786],[141.530096,38.750886],[141.530171,38.751111],[141.530033,38.751111],[141.529683,38.750944],[141.529483,38.750719],[141.529583,38.750377],[141.529708,38.750169],[141.529783,38.749911],[141.529808,38.749852],[141.529658,38.749636],[141.529658,38.749552],[141.529821,38.749303],[141.530258,38.749261],[141.530433,38.749144],[141.530433,38.748828],[141.530444,38.74879],[141.530458,38.748753],[141.530771,38.748278],[141.530946,38.748294],[141.531133,38.747919],[141.531358,38.747794],[141.531583,38.747778],[141.532071,38.747911],[141.532296,38.748211],[141.532758,38.748653],[141.533133,38.748778],[141.533371,38.748786],[141.533533,38.749211],[141.533583,38.749236],[141.533833,38.749194],[141.53392,38.749003],[141.533846,38.748719],[141.533721,38.748428],[141.533583,38.748228],[141.533546,38.748061],[141.533633,38.747936],[141.534371,38.747853],[141.534571,38.74777],[141.534633,38.747711],[141.534683,38.747078],[141.534771,38.746903],[141.535196,38.746595],[141.535258,38.746586],[141.535508,38.746745],[141.535708,38.747286],[141.53572,38.747745],[141.535933,38.74797],[141.536095,38.748386],[141.53627,38.748636],[141.536558,38.748844],[141.536795,38.748944],[141.537133,38.748961],[141.537245,38.749003],[141.537533,38.749228],[141.537845,38.749294],[141.53797,38.749153],[141.53797,38.748869],[141.537545,38.748228],[141.537545,38.748128],[141.537658,38.747928],[141.537745,38.747903],[141.538345,38.748036],[141.538495,38.748153],[141.538608,38.748103],[141.538508,38.747803],[141.538245,38.747545],[141.537995,38.747386],[141.53792,38.747261],[141.537995,38.747236],[141.53837,38.747295],[141.538983,38.747428],[141.53937,38.74742],[141.53967,38.74732],[141.539895,38.74712],[141.540045,38.746745],[141.540245,38.746378],[141.540308,38.746028],[141.540258,38.745812],[141.540408,38.745762],[141.540495,38.745553],[141.54052,38.745295],[141.540495,38.745195],[141.540545,38.744812],[141.540483,38.744453],[141.540395,38.74422],[141.540558,38.744187],[141.540758,38.744062],[141.540758,38.743878],[141.54072,38.743804],[141.540195,38.743362],[141.539845,38.743162],[141.53957,38.743129],[141.539358,38.743287],[141.539095,38.743553],[141.538845,38.74367],[141.53872,38.743595],[141.538708,38.743229],[141.538695,38.74317],[141.538058,38.743262],[141.537696,38.74337],[141.537283,38.743578],[141.537071,38.743337],[141.536783,38.743237],[141.536146,38.74317],[141.536033,38.743012],[141.535996,38.742762],[141.536033,38.742687],[141.536208,38.742603],[141.536533,38.742537],[141.536621,38.742462],[141.536658,38.742345],[141.536396,38.741779],[141.536496,38.741212],[141.536446,38.740987],[141.536258,38.74082],[141.535921,38.740762],[141.535458,38.740787],[141.535046,38.740762],[141.535021,38.740695],[141.535108,38.740345],[141.535396,38.739704],[141.535521,38.739687],[141.535996,38.739754],[141.536421,38.739754],[141.536771,38.739687],[141.537071,38.739696],[141.537321,38.739746],[141.537383,38.739779],[141.537833,38.74057],[141.538046,38.740745],[141.538246,38.741404],[141.538283,38.741645],[141.538358,38.74182],[141.538958,38.742004],[141.539533,38.742012],[141.539558,38.741662],[141.539571,38.74127],[141.539433,38.740629],[141.539521,38.740495],[141.539658,38.740421],[141.539821,38.740079],[141.539896,38.739812],[141.539833,38.739562],[141.539971,38.739454],[141.540621,38.739262],[141.541271,38.739179],[141.54172,38.739162],[141.54212,38.739237],[141.542408,38.739354],[141.542645,38.739746],[141.543058,38.739787],[141.543158,38.739687],[141.543295,38.739671],[141.543483,38.739812],[141.543633,38.739829],[141.543958,38.739346],[141.54387,38.739137],[141.544133,38.739029],[141.544483,38.738971],[141.544783,38.739037],[141.544983,38.739221],[141.545133,38.739512],[141.545183,38.739804],[141.544995,38.740521],[141.54502,38.740546],[141.545408,38.740412],[141.54577,38.740221],[141.546033,38.740029],[141.546258,38.740004],[141.546595,38.740187],[141.546845,38.740154],[141.547033,38.740004],[141.54712,38.739796],[141.547058,38.739471],[141.54712,38.739338],[141.546995,38.739113],[141.546645,38.739021],[141.546533,38.738846],[141.546445,38.738438],[141.54647,38.738163],[141.546433,38.737879],[141.546483,38.737538],[141.546883,38.736763],[141.546945,38.736388],[141.54692,38.736138],[141.546783,38.735905],[141.546458,38.735738],[141.546108,38.73568],[141.545795,38.735705],[141.545133,38.735929],[141.54502,38.735871],[141.54487,38.735705],[141.544671,38.735188],[141.544621,38.734871],[141.544671,38.734646],[141.544746,38.734588],[141.544846,38.734596],[141.544896,38.73453],[141.544821,38.734171],[141.545046,38.733713],[141.545221,38.73353],[141.545808,38.733146],[141.546058,38.733071],[141.546233,38.733105],[141.546258,38.733138],[141.546196,38.733321],[141.546808,38.733588],[141.54687,38.733588],[141.54692,38.733363],[141.547145,38.733238],[141.547645,38.733238],[141.548083,38.733363],[141.548608,38.733688],[141.548695,38.733896],[141.548983,38.734088],[141.54912,38.734263],[141.549033,38.734471],[141.549533,38.734771],[141.550058,38.735038],[141.550683,38.735405],[141.551195,38.73563],[141.55147,38.735596],[141.551661,38.735614],[141.551895,38.735705],[141.552007,38.735921],[141.552057,38.736271],[141.55182,38.73648],[141.551382,38.736596],[141.551245,38.736863],[141.551632,38.737721],[141.551807,38.73793],[141.552057,38.73798],[141.552302,38.738149],[141.552457,38.738346],[141.552582,38.738504],[141.552782,38.738521],[141.552907,38.738663],[141.553057,38.738663],[141.553108,38.738597],[141.55317,38.738596],[141.55332,38.738615],[141.55337,38.738596],[141.55347,38.738155],[141.553607,38.73793],[141.55372,38.737988],[141.55382,38.738338],[141.553932,38.738338],[141.554045,38.738213],[141.554182,38.738196],[141.554395,38.738346],[141.554507,38.738371],[141.554582,38.738105],[141.554657,38.738005],[141.554869,38.738021],[141.555007,38.738263],[141.555169,38.73823],[141.555207,38.738196],[141.555207,38.73788],[141.555357,38.73783],[141.555769,38.738096],[141.555957,38.738421],[141.556169,38.738396],[141.556219,38.738363],[141.556169,38.738105],[141.556619,38.738063],[141.556707,38.737988],[141.556969,38.737271],[141.557244,38.73733],[141.557405,38.737349],[141.557582,38.737363],[141.557819,38.737405],[141.558169,38.737938],[141.558219,38.73793],[141.558349,38.737904],[141.558544,38.737613],[141.558732,38.737397],[141.559032,38.737205],[141.559344,38.737105],[141.559732,38.737163],[141.560069,38.737288],[141.560319,38.737838],[141.560444,38.73798],[141.560669,38.738155],[141.560806,38.738388],[141.560806,38.73858],[141.560931,38.738746],[141.561256,38.738746],[141.561406,38.738696],[141.561594,38.738738],[141.561731,38.738955],[141.561906,38.738996],[141.562456,38.738796],[141.562569,38.738896],[141.562681,38.738905],[141.562756,38.738855],[141.562894,38.738938],[141.562894,38.73908],[141.562956,38.73923],[141.563144,38.739371],[141.563269,38.73953],[141.563281,38.739596],[141.563094,38.740021],[141.563294,38.740271],[141.563531,38.740213],[141.563889,38.740189],[141.564194,38.740121],[141.564347,38.740076],[141.564506,38.74003],[141.564681,38.739913],[141.565156,38.739655],[141.565193,38.739446],[141.565143,38.739371],[141.564856,38.739238],[141.564769,38.739121],[141.564719,38.738905],[141.564894,38.738705],[141.564832,38.738493],[141.564669,38.738163],[141.564556,38.737872],[141.564544,38.737538],[141.564694,38.737022],[141.564956,38.736938],[141.565144,38.73713],[141.565244,38.737188],[141.565681,38.73713],[141.565706,38.736838],[141.565581,38.736738],[141.565419,38.736722],[141.565519,38.736572],[141.565519,38.736497],[141.565394,38.736322],[141.565481,38.736055],[141.565381,38.73573],[141.565044,38.735388],[141.564981,38.73518],[141.565106,38.734905],[141.565281,38.734772],[141.565306,38.734705],[141.565206,38.73458],[141.565169,38.734605],[141.565019,38.734597],[141.564994,38.734547],[141.565006,38.734372],[141.565144,38.734347],[141.565206,38.734372],[141.565356,38.734314],[141.565544,38.733997],[141.565469,38.733922],[141.565481,38.733764],[141.565369,38.733705],[141.564506,38.733989],[141.564406,38.733955],[141.564494,38.733847],[141.565181,38.73358],[141.565356,38.733439],[141.565381,38.733247],[141.565319,38.732997],[141.565206,38.732905],[141.564981,38.733055],[141.564794,38.732914],[141.564669,38.732997],[141.564631,38.733055],[141.564506,38.733055],[141.564519,38.733264],[141.564444,38.733397],[141.564319,38.733355],[141.564294,38.733314],[141.564357,38.732847],[141.564432,38.732614],[141.564432,38.732347],[141.564282,38.732222],[141.563719,38.732455],[141.563157,38.732497],[141.562894,38.732397],[141.562782,38.732239],[141.562582,38.732164],[141.562394,38.731964],[141.562269,38.731555],[141.561982,38.731305],[141.561907,38.731322],[141.561632,38.731272],[141.561394,38.731014],[141.561219,38.730755],[141.561107,38.730405],[141.561119,38.730322],[141.561294,38.730097],[141.561757,38.729972],[141.562057,38.729839],[141.562357,38.729631],[141.562732,38.729556],[141.563032,38.729456],[141.563219,38.729356],[141.563407,38.729097],[141.563632,38.728914],[141.564669,38.728814],[141.564844,38.728897],[141.564832,38.729089],[141.565144,38.729156],[141.565544,38.728772],[141.565532,38.728447],[141.564757,38.728497],[141.564707,38.728422],[141.564819,38.728206],[141.565082,38.728172],[141.565982,38.728231],[141.566194,38.728064],[141.566144,38.727739],[141.565857,38.727256],[141.565982,38.727097],[141.566094,38.726556],[141.566282,38.726514],[141.566407,38.726364],[141.566382,38.726123],[141.566544,38.725939],[141.566494,38.725706],[141.566307,38.725564],[141.566144,38.725331],[141.566057,38.725114],[141.565869,38.724856],[141.565494,38.724781],[141.565082,38.724598],[141.564982,38.724623],[141.565007,38.724889],[141.564945,38.724989],[141.56457,38.725114],[141.564332,38.725506],[141.563907,38.725523],[141.56322,38.725239],[141.563032,38.724856],[141.562757,38.724689],[141.562395,38.724573],[141.562095,38.724398],[141.561807,38.723739],[141.561632,38.723673],[141.561495,38.723823],[141.561382,38.724089],[141.561182,38.724106],[141.56092,38.723898],[141.560784,38.723721],[141.560657,38.723656],[141.56027,38.723764],[141.560118,38.723779],[141.55997,38.723798],[141.559783,38.723831],[141.559208,38.723831],[141.55912,38.724056],[141.558895,38.724048],[141.558583,38.723973],[141.558308,38.723706],[141.55817,38.723439],[141.558033,38.722698],[141.558145,38.721414],[141.557845,38.720848],[141.557483,38.720548],[141.556821,38.71969],[141.556771,38.719415],[141.557071,38.718398],[141.557171,38.71784],[141.557358,38.717223],[141.557558,38.716931],[141.557583,38.716673],[141.557771,38.716398],[141.557871,38.716306],[141.557821,38.716115],[141.557896,38.71584],[141.558096,38.715398],[141.558258,38.715398],[141.558496,38.715082],[141.558458,38.714973],[141.558521,38.714823],[141.558871,38.714623],[141.559246,38.714623],[141.559683,38.714348],[141.559858,38.714132],[141.559958,38.714107],[141.560308,38.714157],[141.560608,38.71404],[141.560846,38.71369],[141.561196,38.712915],[141.561371,38.712848],[141.561708,38.712807],[141.562033,38.712849],[141.562346,38.712932],[141.562821,38.712932],[141.563583,38.712765],[141.56422,38.71239],[141.564833,38.712524],[141.565133,38.712457],[141.565558,38.712099],[141.565683,38.711665],[141.565895,38.711532],[141.566183,38.711424],[141.566333,38.711215],[141.566358,38.710957],[141.566258,38.710649],[141.566095,38.709549],[141.56582,38.709416],[141.56562,38.708907],[141.565533,38.708557],[141.565683,38.708332],[141.56597,38.708266],[141.566008,38.708182],[141.566008,38.707957],[141.565845,38.707774],[141.565908,38.707641],[141.566095,38.707482],[141.566108,38.707424],[141.56602,38.707216],[141.565608,38.706783],[141.565321,38.706691],[141.565283,38.706574],[141.565321,38.706349],[141.565596,38.706324],[141.565758,38.706208],[141.565808,38.706124],[141.565858,38.705766],[141.565696,38.705316],[141.565496,38.705158],[141.565296,38.705133],[141.564871,38.705291],[141.564508,38.705141],[141.564321,38.704983],[141.564233,38.704691],[141.564396,38.704583],[141.564408,38.704524],[141.564083,38.703916],[141.563471,38.703699],[141.563221,38.703716],[141.563096,38.703683],[141.562883,38.703474],[141.562858,38.703141],[141.562933,38.703049],[141.563146,38.702925],[141.563446,38.70285],[141.563721,38.702691],[141.563896,38.7025],[141.564008,38.701841],[141.563871,38.70165],[141.563783,38.701658],[141.563471,38.701441],[141.563271,38.701266],[141.563221,38.701016],[141.563346,38.700833],[141.564196,38.700683],[141.564246,38.700441],[141.564533,38.700375],[141.564708,38.700267],[141.564633,38.700017],[141.564371,38.699525],[141.564496,38.699458],[141.564321,38.699125],[141.564071,38.699008],[141.564071,38.6989],[141.563596,38.698483],[141.563471,38.698308],[141.563958,38.69805],[141.564233,38.697758],[141.564208,38.697633],[141.564033,38.697483],[141.563546,38.6975],[141.563471,38.697108],[141.563509,38.696925],[141.563284,38.696775],[141.562984,38.696792],[141.562671,38.696925],[141.562559,38.697],[141.562284,38.697025],[141.562196,38.697],[141.562071,38.6968],[141.561884,38.696683],[141.561484,38.696583],[141.561134,38.696067],[141.560771,38.696008],[141.560509,38.695908],[141.560221,38.695592],[141.559859,38.695542],[141.559709,38.695359],[141.559834,38.695067],[141.560234,38.694667],[141.560809,38.694259],[141.560984,38.694184],[141.561096,38.693942],[141.561221,38.693867],[141.561284,38.693709],[141.561121,38.693384],[141.561259,38.693267],[141.561234,38.693025],[141.561271,38.692834],[141.561596,38.692559],[141.561809,38.692559],[141.561759,38.692426],[141.561809,38.691942],[141.561759,38.691542],[141.561634,38.691359],[141.561421,38.691134],[141.561271,38.690934],[141.560734,38.690492],[141.560571,38.690176],[141.560209,38.689976],[141.559959,38.689876],[141.559622,38.690017],[141.559534,38.690167],[141.559497,38.690426],[141.559334,38.690617],[141.559209,38.690651],[141.559097,38.690826],[141.558922,38.691009],[141.558622,38.691117],[141.558472,38.691334],[141.558472,38.691401],[141.558334,38.691501],[141.557734,38.691634],[141.557522,38.691759],[141.557522,38.692042],[141.557597,38.692692],[141.557397,38.693084],[141.557322,38.693492],[141.557397,38.693567],[141.557409,38.693675],[141.557184,38.693742],[141.556959,38.694009],[141.556647,38.69415],[141.556372,38.694134],[141.555984,38.694142],[141.555634,38.694234],[141.555534,38.69395],[141.555447,38.693859],[141.555384,38.693892],[141.555297,38.69415],[141.555322,38.694533],[141.555347,38.694533],[141.555297,38.694758],[141.555022,38.695142],[141.554697,38.695275],[141.554384,38.695275],[141.554172,38.695342],[141.554097,38.695625],[141.554272,38.6961],[141.554297,38.696358],[141.554409,38.696617],[141.554872,38.696875],[141.554847,38.6973],[141.554984,38.697583],[141.554734,38.697816],[141.555222,38.698175],[141.557246,38.699333],[141.557609,38.699766],[141.557934,38.699891],[141.558759,38.700033],[141.558859,38.700191],[141.558921,38.701025],[141.559046,38.701133],[141.559071,38.701308],[141.558959,38.701575],[141.558696,38.701991],[141.558384,38.702058],[141.558384,38.702183],[141.558296,38.702391],[141.558121,38.702608],[141.557921,38.702758],[141.557171,38.703124],[141.557184,38.703283],[141.557371,38.703541],[141.557559,38.703641],[141.558234,38.703599],[141.558321,38.703616],[141.558321,38.704474],[141.558234,38.704824],[141.557884,38.705532],[141.557696,38.705832],[141.556971,38.706482],[141.556446,38.706832],[141.555709,38.707274],[141.554959,38.70774],[141.554384,38.708232],[141.553259,38.709049],[141.551234,38.710057],[141.550634,38.710298],[141.549297,38.711157],[141.548672,38.711365],[141.548134,38.711432],[141.546134,38.711515],[141.545534,38.711398],[141.544622,38.711132],[141.543409,38.709973],[141.543222,38.709473],[141.543147,38.709048],[141.543022,38.708832],[141.54281,38.708815],[141.542635,38.708915],[141.542372,38.708832],[141.541385,38.708124],[141.541222,38.708124],[141.541335,38.708665],[141.54131,38.70874],[141.541097,38.70889],[141.540797,38.708982],[141.539997,38.709115],[141.539847,38.709082],[141.53951,38.70894],[141.53941,38.709023],[141.539435,38.709157],[141.539272,38.70919],[141.538747,38.709257],[141.538022,38.709232],[141.53761,38.70909],[141.537522,38.708965],[141.537685,38.70884],[141.53781,38.708582],[141.53776,38.708332],[141.537597,38.708073],[141.53741,38.70759],[141.537522,38.70729],[141.53751,38.707065],[141.537385,38.706782],[141.53716,38.706682],[141.537222,38.706299],[141.536922,38.706174],[141.53686,38.706124],[141.53676,38.70584],[141.536459,38.705569],[141.536335,38.705565],[141.536222,38.705516],[141.536148,38.705399],[141.53609,38.705411],[141.536023,38.705457],[141.535923,38.705665],[141.535898,38.706207],[141.53566,38.706374],[141.535585,38.706565],[141.535573,38.706748],[141.535598,38.706807],[141.535423,38.70734],[141.53551,38.70749],[141.53571,38.707523],[141.53586,38.707615],[141.535935,38.707848],[141.53591,38.708157],[141.535597,38.708382],[141.535435,38.708782],[141.535297,38.708815],[141.53511,38.708748],[141.534985,38.708807],[141.534922,38.70894],[141.534747,38.709007],[141.534772,38.709107],[141.535085,38.709432],[141.53576,38.709848],[141.536222,38.709882],[141.536247,38.709915],[141.536247,38.710165],[141.535835,38.710881],[141.535697,38.71099],[141.535372,38.710915],[141.53541,38.71109],[141.535547,38.71119],[141.535435,38.711365],[141.53521,38.711615],[141.534935,38.711615],[141.534647,38.711773],[141.53451,38.711948],[141.534422,38.71219],[141.534397,38.71249],[141.534435,38.71259],[141.534522,38.712648],[141.534472,38.712873],[141.534347,38.712931],[141.534272,38.712915],[141.53411,38.712998],[141.534047,38.713281],[141.534085,38.713731],[141.53406,38.713956],[141.533522,38.714431],[141.53331,38.714589],[141.533185,38.714581],[141.533135,38.714539],[141.53301,38.714523],[141.53281,38.714689],[141.532372,38.714798],[141.53216,38.714931],[141.532072,38.715223],[141.532035,38.715573],[141.531947,38.715798],[141.531685,38.716056],[141.531322,38.716231],[141.531197,38.716381],[141.531135,38.716522],[141.530997,38.716572],[141.53081,38.716556],[141.530535,38.717131],[141.529285,38.717339],[141.52841,38.717431],[141.528273,38.717331],[141.528135,38.717147],[141.527948,38.717039],[141.52671,38.717106],[141.52626,38.717081],[141.52566,38.717114],[141.525298,38.717039],[141.525198,38.716956],[141.525248,38.716497],[141.525248,38.716247],[141.525173,38.715947],[141.525048,38.715789],[141.524798,38.715697],[141.524548,38.715739],[141.524298,38.715822],[141.524235,38.715964],[141.524223,38.716156],[141.524135,38.716256],[141.523785,38.716497],[141.523448,38.716506],[141.52301,38.716322],[141.52291,38.716031],[141.523048,38.715772],[141.52301,38.715764],[141.522723,38.715922],[141.522573,38.715922],[141.52231,38.715806],[141.522011,38.715806],[141.521848,38.715639],[141.521886,38.715456],[141.522011,38.715281],[141.522223,38.715272],[141.522348,38.715164],[141.522361,38.714764],[141.522423,38.714697],[141.522723,38.714572],[141.523048,38.714389],[141.52356,38.714031],[141.523998,38.713564],[141.523985,38.713448],[141.523998,38.713123],[141.52426,38.712414],[141.524473,38.711648],[141.524598,38.711339],[141.524898,38.711273],[141.525248,38.711306],[141.525398,38.711289],[141.525785,38.711148],[141.525785,38.710923],[141.525835,38.710806],[141.526048,38.71069],[141.526036,38.710556],[141.52591,38.710406],[141.525835,38.710081],[141.525898,38.70989],[141.526123,38.70979],[141.526148,38.709606],[141.526035,38.709315],[141.526123,38.708865],[141.526335,38.708765],[141.526385,38.708573],[141.526273,38.70844],[141.526198,38.708423],[141.526123,38.708565],[141.525986,38.708615],[141.525811,38.708548],[141.525686,38.708631],[141.525436,38.708965],[141.525236,38.709323],[141.524986,38.70999],[141.524786,38.71009],[141.524111,38.710198],[141.523111,38.709973],[141.522886,38.710039],[141.522611,38.710198],[141.522327,38.710194],[141.522118,38.710062],[141.521981,38.709935],[141.5216,38.709601],[141.520698,38.708706],[141.520536,38.708498],[141.520486,38.708265],[141.520473,38.707648],[141.520548,38.707431],[141.521311,38.707048],[141.521786,38.706648],[141.521911,38.706623],[141.522323,38.706706],[141.522623,38.706681],[141.522786,38.70659],[141.522923,38.706423],[141.523073,38.705873],[141.523161,38.70574],[141.523473,38.70574],[141.523711,38.705773],[141.523911,38.705673],[141.524061,38.705498],[141.524048,38.705048],[141.523861,38.70504],[141.523761,38.705082],[141.523473,38.705307],[141.523148,38.705373],[141.522886,38.705257],[141.522936,38.704982],[141.522986,38.70489],[141.523023,38.704665],[141.522923,38.704407],[141.522686,38.704165],[141.522611,38.70414],[141.522361,38.704307],[141.522298,38.704307],[141.522186,38.70424],[141.521673,38.704215],[141.521598,38.704165],[141.521698,38.703907],[141.521573,38.703407],[141.521423,38.703198],[141.521323,38.702923],[141.521336,38.70269],[141.521322,38.702509],[141.521186,38.702348],[141.520905,38.702272],[141.520736,38.702215],[141.520424,38.702173],[141.520249,38.702171],[141.5201,38.702072],[141.520074,38.701948],[141.520049,38.701815],[141.520036,38.701699],[141.520224,38.701065],[141.520324,38.700857],[141.520384,38.700769],[141.520474,38.700665],[141.520599,38.70054],[141.520874,38.70044],[141.521111,38.700307],[141.521324,38.700157],[141.521336,38.700049],[141.521174,38.699882],[141.520961,38.69974],[141.520611,38.699807],[141.520224,38.699924],[141.519799,38.699924],[141.519586,38.699707],[141.519536,38.698974],[141.519186,38.698907],[141.519161,38.698807],[141.518886,38.698282],[141.518824,38.698065],[141.518711,38.697924],[141.518536,38.698057],[141.518449,38.698057],[141.518261,38.698107],[141.517999,38.69829],[141.517699,38.69839],[141.517386,38.698324],[141.517299,38.698282],[141.517211,38.698065],[141.517386,38.697332],[141.517449,38.696974],[141.517536,38.696841],[141.517486,38.696766],[141.517199,38.696724],[141.517149,38.696532],[141.517236,38.696366],[141.517374,38.696349],[141.517636,38.696416],[141.517799,38.696391],[141.517736,38.696099],[141.517511,38.695882],[141.516986,38.695532],[141.516924,38.695391],[141.517011,38.695049],[141.517174,38.695016],[141.517336,38.694882],[141.517486,38.694841],[141.517824,38.695091],[141.518361,38.695207],[141.518611,38.695141],[141.518799,38.695041],[141.518999,38.694774],[141.518949,38.694607],[141.518686,38.694582],[141.518499,38.694466],[141.518299,38.694432],[141.518474,38.694307],[141.518661,38.694258],[141.518686,38.694224],[141.518474,38.694158],[141.518511,38.694016],[141.518449,38.693949],[141.518224,38.694033],[141.517986,38.694066],[141.517961,38.693933],[141.518724,38.693658],[141.518561,38.693491],[141.518549,38.693399],[141.518661,38.693308],[141.518686,38.693166],[141.518649,38.692908],[141.518574,38.692824],[141.518374,38.692808],[141.518287,38.692633],[141.518149,38.692624],[141.517599,38.692699],[141.517574,38.692941],[141.517387,38.692849],[141.517237,38.692691],[141.517199,38.692474],[141.517124,38.692424],[141.517237,38.692424],[141.517474,38.692291],[141.517612,38.692083],[141.517612,38.691658],[141.517499,38.691491],[141.517249,38.691358],[141.517087,38.691316],[141.517149,38.691108],[141.517062,38.691083],[141.516812,38.691233],[141.516662,38.691233],[141.516099,38.691574],[141.515849,38.691524],[141.515737,38.691374],[141.515724,38.691308],[141.515774,38.691199],[141.516049,38.691199],[141.516224,38.690949],[141.516324,38.690724],[141.516499,38.690624],[141.516762,38.690566],[141.516787,38.690424],[141.516487,38.690308],[141.516387,38.690241],[141.516362,38.690016],[141.516474,38.68995],[141.516399,38.689608],[141.516262,38.689408],[141.516262,38.689191],[141.516162,38.689075],[141.516012,38.689016],[141.515874,38.689091],[141.515687,38.68905],[141.515212,38.689016],[141.515049,38.688866],[141.514837,38.688958],[141.514712,38.688708],[141.514549,38.688541],[141.514449,38.688483],[141.514087,38.688391],[141.513662,38.688325],[141.5134,38.68815],[141.5132,38.687975],[141.51315,38.687825],[141.512975,38.687708],[141.512887,38.687608],[141.51305,38.687483],[141.513725,38.687316],[141.513825,38.687191],[141.513712,38.686958],[141.513625,38.686975],[141.513537,38.68715],[141.513437,38.687158],[141.513337,38.687033],[141.5132,38.686966],[141.513112,38.687033],[141.513087,38.687216],[141.5129,38.687358],[141.512787,38.687283],[141.512575,38.686958],[141.512475,38.686933],[141.51225,38.6872],[141.512225,38.687408],[141.512375,38.687541],[141.512475,38.687616],[141.512337,38.687708],[141.511912,38.6879],[141.511737,38.687941],[141.511075,38.687875],[141.510812,38.687783],[141.510737,38.687716],[141.510562,38.687458],[141.510487,38.687125],[141.510475,38.686883],[141.510875,38.686233],[141.511012,38.686066],[141.511,38.685975],[141.510956,38.685832],[141.5109,38.68565],[141.51075,38.685558],[141.510611,38.685462],[141.510462,38.685208],[141.510337,38.685],[141.510175,38.684908],[141.5101,38.684941],[141.509937,38.684925],[141.5099,38.685008],[141.509962,38.6852],[141.509937,38.685308],[141.5098,38.6854],[141.509587,38.685441],[141.509362,38.685441],[141.509187,38.685516],[141.509025,38.685458],[141.508912,38.685516],[141.508762,38.685683],[141.508637,38.685991],[141.508562,38.686258],[141.508975,38.68695],[141.509237,38.687141],[141.509362,38.687333],[141.509337,38.687466],[141.509162,38.687591],[141.50885,38.687749],[141.508725,38.687916],[141.508312,38.688099],[141.50825,38.688108],[141.50815,38.688274],[141.508275,38.688858],[141.507925,38.689391],[141.507812,38.689791],[141.507637,38.689791],[141.507025,38.689908],[141.506675,38.689874],[141.5064,38.689949],[141.506387,38.690707],[141.506387,38.690941],[141.50625,38.691074],[141.506037,38.691149],[141.505275,38.691166],[141.504878,38.691021],[141.504725,38.690957],[141.504338,38.690632],[141.504188,38.690457],[141.504213,38.690216],[141.504063,38.689991],[141.503813,38.689916],[141.503475,38.690157],[141.503338,38.690532],[141.50275,38.690691],[141.502438,38.690691],[141.502063,38.690541],[141.501863,38.690332],[141.50155,38.689916],[141.501316,38.689735],[141.501175,38.689566],[141.501075,38.689507],[141.500963,38.689499],[141.5009,38.689599],[141.500865,38.689675],[141.500724,38.689724],[141.500524,38.689788],[141.500388,38.689932],[141.500438,38.690174],[141.500688,38.690566],[141.501025,38.690866],[141.501075,38.691441],[141.501013,38.691949],[141.50085,38.692399],[141.500738,38.693149],[141.5005,38.693565],[141.500363,38.693632],[141.500225,38.693765],[141.5002,38.693949],[141.500275,38.694049],[141.500263,38.694182],[141.49955,38.695148],[141.499438,38.695365],[141.499438,38.695623],[141.49935,38.695657],[141.49925,38.69564],[141.4991,38.695507],[141.498675,38.695382],[141.497875,38.695032],[141.4975,38.69479],[141.497413,38.694673],[141.49745,38.694582],[141.497527,38.694435],[141.497666,38.69421],[141.497763,38.694057],[141.497888,38.693832],[141.49795,38.69364],[141.497938,38.69344],[141.497975,38.69319],[141.498063,38.69299],[141.498063,38.692832],[141.49775,38.692549],[141.497463,38.691799],[141.497438,38.691524],[141.497388,38.69099],[141.497213,38.690615],[141.497026,38.690424],[141.496876,38.689849],[141.496701,38.689899],[141.496563,38.689999],[141.496501,38.690091],[141.496301,38.690124],[141.495963,38.689882],[141.495801,38.689791],[141.495638,38.689791],[141.495338,38.689974],[141.495088,38.689924],[141.494813,38.689674],[141.494751,38.689566],[141.494976,38.689474],[141.495113,38.689291],[141.495138,38.689157],[141.495063,38.689049],[141.494863,38.688999],[141.494288,38.689299],[141.494013,38.689316],[141.493738,38.689432],[141.493463,38.689632],[141.493051,38.690199],[141.492639,38.690649],[141.492501,38.690715],[141.492014,38.690807],[141.491714,38.69074],[141.491189,38.690449],[141.490301,38.689749],[141.490164,38.689682],[141.490072,38.68964],[141.490001,38.689565],[141.490439,38.689007],[141.490414,38.688732],[141.490251,38.68824],[141.490301,38.687949],[141.490501,38.687832],[141.490826,38.687791],[141.491239,38.687674],[141.491314,38.687516],[141.491126,38.686799],[141.491151,38.686232],[141.491264,38.685874],[141.491376,38.685716],[141.491564,38.685624],[141.492339,38.685757],[141.492551,38.685441],[141.492501,38.684791],[141.492689,38.684591],[141.492914,38.684449],[141.492989,38.684366],[141.493264,38.684224],[141.493514,38.684249],[141.494364,38.684566],[141.494589,38.684608],[141.494689,38.684541],[141.494689,38.684291],[141.494414,38.683324],[141.494476,38.682783],[141.494614,38.682558],[141.494801,38.682449],[141.49527,38.682337],[141.495629,38.682263],[141.495701,38.681091],[141.495764,38.680891],[141.495864,38.680783],[141.496451,38.6806],[141.496499,38.680528],[141.496614,38.680491],[141.496701,38.6805],[141.496801,38.680441],[141.496876,38.680283],[141.496876,38.680183],[141.496564,38.679575],[141.496251,38.6792],[141.496114,38.679],[141.495726,38.678775],[141.495589,38.678658],[141.495426,38.678591],[141.494964,38.678575],[141.494877,38.678525],[141.495014,38.678258],[141.494714,38.67805],[141.494552,38.678075],[141.494489,38.677967],[141.494464,38.677758],[141.494539,38.676908],[141.494439,38.676817],[141.494327,38.676617],[141.494377,38.676317],[141.494539,38.676],[141.494852,38.675892],[141.495014,38.675758],[141.495177,38.675375],[141.495114,38.675217],[141.494927,38.6751],[141.494739,38.674742],[141.494427,38.674559],[141.494127,38.674584],[141.494102,38.674567],[141.494352,38.674317],[141.494239,38.674042],[141.493989,38.673867],[141.493714,38.673867],[141.493439,38.673817],[141.493189,38.673734],[141.492914,38.673734],[141.492752,38.673934],[141.492914,38.674267],[141.492814,38.67445],[141.492639,38.674583],[141.492589,38.674808],[141.492727,38.67495],[141.492927,38.675017],[141.492952,38.675125],[141.492864,38.675558],[141.493002,38.675892],[141.493027,38.676117],[141.492677,38.676367],[141.492402,38.676475],[141.492239,38.676475],[141.492014,38.676342],[141.491764,38.676275],[141.491689,38.676325],[141.491302,38.676408],[141.491077,38.676433],[141.490889,38.676183],[141.490702,38.676033],[141.49029,38.675892],[141.490152,38.676008],[141.489927,38.676008],[141.48979,38.6761],[141.489652,38.676392],[141.489627,38.67695],[141.489465,38.677266],[141.489327,38.677408],[141.488802,38.677633],[141.488452,38.677925],[141.488115,38.677991],[141.487727,38.677991],[141.487177,38.677808],[141.48704,38.6777],[141.487077,38.677225],[141.487177,38.677225],[141.48724,38.677183],[141.487177,38.676975],[141.486902,38.676666],[141.486627,38.676258],[141.486602,38.676058],[141.486415,38.675966],[141.48614,38.675991],[141.486027,38.675716],[141.485915,38.675608],[141.485802,38.675583],[141.485702,38.67565],[141.485565,38.676008],[141.485477,38.676075],[141.485252,38.676125],[141.484927,38.676125],[141.484677,38.676033],[141.484702,38.6759],[141.484627,38.675766],[141.484327,38.675675],[141.48424,38.675766],[141.484327,38.675991],[141.48429,38.676033],[141.483965,38.676033],[141.483615,38.675966],[141.48254,38.67545],[141.48199,38.674683],[141.48179,38.674616],[141.481628,38.674483],[141.481515,38.674258],[141.481403,38.674192],[141.481303,38.674283],[141.481278,38.674416],[141.48174,38.675158],[141.481353,38.6759],[141.481278,38.6759],[141.481003,38.675991],[141.48089,38.676125],[141.480778,38.676958],[141.480565,38.677524],[141.480365,38.677841],[141.47954,38.678108],[141.479215,38.678266],[141.478915,38.678291],[141.47859,38.678358],[141.477353,38.679191],[141.476715,38.679466],[141.47644,38.679599],[141.475653,38.679874],[141.475128,38.679849],[141.474828,38.679874],[141.474628,38.679849],[141.473666,38.679507],[141.473366,38.679357],[141.472841,38.678724],[141.472791,38.678524],[141.472953,38.678433],[141.472903,38.678224],[141.472903,38.678024],[141.473041,38.677999],[141.473116,38.677958],[141.473091,38.677574],[141.473003,38.677149],[141.472616,38.676941],[141.472241,38.676858],[141.472103,38.676858],[141.471766,38.676699],[141.471241,38.676333],[141.471078,38.676108],[141.470916,38.675974],[141.470591,38.675816],[141.470041,38.675366],[141.469766,38.674849],[141.469404,38.674583],[141.469104,38.674424],[141.468991,38.674241],[141.468966,38.673725],[141.468991,38.673475],[141.468829,38.673208],[141.468604,38.673158],[141.468466,38.673158],[141.468304,38.672958],[141.468116,38.6728],[141.467941,38.672733],[141.467804,38.672758],[141.467804,38.672916],[141.467916,38.673233],[141.468216,38.673458],[141.468254,38.673616],[141.467804,38.673999],[141.466854,38.674583],[141.466604,38.674691],[141.466079,38.674808],[141.465641,38.674783],[141.465341,38.674699],[141.464704,38.674408],[141.464629,38.674066],[141.464354,38.673708],[141.463742,38.673116],[141.463604,38.673033],[141.463417,38.672808],[141.463279,38.672083],[141.463054,38.671883],[141.462754,38.671791],[141.461842,38.671341],[141.460742,38.671025],[141.45973,38.671166],[141.459342,38.671166],[141.458955,38.671074],[141.45883,38.671116],[141.458792,38.671274],[141.458692,38.671458],[141.458692,38.671633],[141.458742,38.671791],[141.45863,38.671949],[141.458305,38.672133],[141.45778,38.672224],[141.45748,38.672383],[141.457292,38.672583],[141.45718,38.672808],[141.457117,38.673058],[141.457067,38.673149],[141.456767,38.673399],[141.456605,38.673399],[141.456442,38.673466],[141.456405,38.673932],[141.455917,38.674049],[141.455367,38.674074],[141.453905,38.674049],[141.453355,38.674099],[141.453305,38.673916],[141.45328,38.673891],[141.452455,38.673874],[141.45243,38.674324],[141.452255,38.674349],[141.451932,38.674363],[141.45168,38.674366],[141.451605,38.674032],[141.449018,38.674007],[141.448943,38.673966],[141.448805,38.673782],[141.448768,38.673199],[141.448693,38.673174],[141.44863,38.672391],[141.448655,38.672166],[141.448605,38.672141],[141.447943,38.672232],[141.447893,38.673291],[141.444518,38.673516],[141.444456,38.673316],[141.444256,38.672913],[141.444131,38.672574],[141.444206,38.672166],[141.444431,38.671807],[141.444481,38.671307],[141.444618,38.671057],[141.444843,38.671057],[141.445031,38.670974],[141.445193,38.670741],[141.445418,38.670049],[141.445693,38.669616],[141.445906,38.669549],[141.445993,38.669166],[141.445743,38.668441],[141.445793,38.668308],[141.445693,38.667766],[141.445931,38.6675],[141.445968,38.667225],[141.445906,38.6663],[141.445856,38.665916],[141.445631,38.66515],[141.445444,38.664816],[141.445356,38.664433],[141.445381,38.66425],[141.445494,38.663983],[141.445656,38.663917],[141.445819,38.663733],[141.445956,38.663375],[141.445981,38.662875],[141.446119,38.662492],[141.446431,38.6622],[141.446594,38.661933],[141.447031,38.661392],[141.447556,38.66055],[141.447556,38.660309],[141.447694,38.659967],[141.447906,38.659609],[141.448181,38.659359],[141.448544,38.6592],[141.449119,38.658909],[141.449369,38.658617],[141.450056,38.657642],[141.450056,38.657376],[141.449806,38.657151],[141.449306,38.656809],[141.449144,38.656501],[141.448919,38.656226],[141.448756,38.656184],[141.448531,38.656001],[141.448181,38.655617],[141.447794,38.655284],[141.447494,38.654943],[141.447107,38.654559],[141.446832,38.654201],[141.446607,38.654134],[141.446257,38.654134],[141.445957,38.654068],[141.445732,38.653868],[141.445482,38.653526],[141.444932,38.652359],[141.444682,38.652059],[141.444357,38.651909],[141.443557,38.651251],[141.443282,38.650868],[141.44317,38.650485],[141.443145,38.65006],[141.44292,38.649093],[141.442645,38.648685],[141.442395,38.648235],[141.442095,38.647826],[141.441795,38.647518],[141.442007,38.647285],[141.441595,38.646885],[141.441408,38.646993],[141.441183,38.64666],[141.441108,38.646343],[141.44177,38.64621],[141.442045,38.64596],[141.442233,38.645643],[141.442258,38.645302],[141.44217,38.64501],[141.442008,38.644902],[141.441733,38.644902],[141.441933,38.644177],[141.442095,38.643843],[141.44237,38.643594],[141.442945,38.643344],[141.443245,38.64341],[141.443658,38.64346],[141.443858,38.643369],[141.444433,38.642935],[141.44467,38.642919],[141.445495,38.643144],[141.445882,38.643094],[141.44712,38.642752],[141.447645,38.642685],[141.448195,38.642752],[141.448557,38.642869],[141.448857,38.64291],[141.449295,38.643135],[141.449795,38.643202],[141.450257,38.643135],[141.450369,38.643094],[141.450669,38.643069],[141.451132,38.643227],[141.451407,38.64336],[141.451582,38.643535],[141.451857,38.64401],[141.451907,38.64426],[141.452019,38.644352],[141.452069,38.644352],[141.452182,38.644219],[141.452207,38.644035],[141.452294,38.643852],[141.452569,38.643652],[141.452894,38.643469],[141.453307,38.643311],[141.454019,38.642952],[141.454407,38.642711],[141.454756,38.642518],[141.455207,38.642344],[141.455807,38.642319],[141.456194,38.642411],[141.456606,38.642544],[141.456719,38.642427],[141.456657,38.641819],[141.456682,38.641369],[141.45692,38.640897],[141.457094,38.640444],[141.457369,38.640311],[141.457819,38.640219],[141.458331,38.640153],[141.459244,38.639994],[141.459706,38.639953],[141.459931,38.639969],[141.460431,38.640219],[141.460844,38.640578],[141.461306,38.641094],[141.461494,38.641411],[141.461376,38.641884],[141.461394,38.642469],[141.461516,38.6427],[141.461669,38.642852],[141.461968,38.643419],[141.462197,38.643909],[141.462186,38.644229],[141.462104,38.644559],[141.462031,38.644861],[141.461918,38.645177],[141.461918,38.645511],[141.462031,38.646235],[141.462243,38.64666],[141.462743,38.647177],[141.463381,38.647494],[141.463681,38.647744],[141.464006,38.647944],[141.464231,38.647944],[141.464531,38.64781],[141.464856,38.64756],[141.46588,38.647019],[141.466318,38.646744],[141.466805,38.646519],[141.46708,38.646275],[141.467255,38.646069],[141.468155,38.645552],[141.46923,38.645052],[141.470243,38.644761],[141.470905,38.644603],[141.471368,38.644561],[141.47178,38.644736],[141.472118,38.644803],[141.47228,38.644736],[141.472418,38.644603],[141.47363,38.644378],[141.474042,38.644328],[141.474417,38.644328],[141.474455,38.644644],[141.47483,38.644894],[141.475217,38.644978],[141.475305,38.645119],[141.475692,38.645319],[141.47583,38.645344],[141.476592,38.645319],[141.476892,38.645119],[141.47723,38.644686],[141.477555,38.644619],[141.477942,38.644661],[141.478242,38.644728],[141.478405,38.644794],[141.47863,38.644728],[141.47858,38.644569],[141.47858,38.644369],[141.478588,38.644295],[141.478655,38.644211],[141.47872,38.644137],[141.478792,38.644036],[141.479092,38.643961],[141.479205,38.643961],[141.479805,38.64372],[141.480217,38.64367],[141.480854,38.64392],[141.480967,38.643853],[141.481179,38.64347],[141.481429,38.643378],[141.481542,38.64322],[141.481517,38.643086],[141.481587,38.642817],[141.481754,38.642428],[141.482342,38.642111],[141.483104,38.641778],[141.484592,38.641545],[141.485011,38.641507],[141.485279,38.641545],[141.485581,38.641813],[141.485917,38.642137],[141.486185,38.642407],[141.486379,38.642587],[141.486604,38.642737],[141.486816,38.64297],[141.486904,38.643395],[141.487179,38.643845],[141.487754,38.644178],[141.487841,38.644428],[141.487979,38.644678],[141.488329,38.644878],[141.488829,38.64492],[141.489079,38.644903],[141.489629,38.644611],[141.489929,38.644561],[141.490179,38.644245],[141.490179,38.643662],[141.490066,38.64337],[141.489841,38.64247],[141.489979,38.642378],[141.490479,38.64222],[141.491329,38.642062],[141.491791,38.642037],[141.491929,38.642062],[141.492504,38.642445],[141.492641,38.642845],[141.492978,38.643028],[141.493141,38.64307],[141.493528,38.643053],[141.493716,38.643095],[141.493916,38.643278],[141.494053,38.643503],[141.494078,38.64402],[141.494266,38.644112],[141.494516,38.64402],[141.494878,38.64402],[141.495066,38.644153],[141.495153,38.644312],[141.495128,38.644537],[141.495228,38.644787],[141.495616,38.645212],[141.495866,38.645237],[141.496066,38.645162],[141.496116,38.645078],[141.496028,38.644737],[141.496141,38.644762],[141.496416,38.644937],[141.4965,38.645032],[141.496616,38.645195],[141.496866,38.645328],[141.497166,38.645312],[141.497174,38.645222],[141.497136,38.645072],[141.497095,38.644978],[141.497053,38.644862],[141.497028,38.644697],[141.496953,38.64452],[141.496925,38.644434],[141.496903,38.644295],[141.496903,38.644112],[141.496728,38.64377],[141.496528,38.643745],[141.496391,38.643678],[141.496303,38.643495],[141.496278,38.643203],[141.496356,38.642963],[141.496421,38.642696],[141.496501,38.642441],[141.496728,38.641904],[141.496928,38.641612],[141.497278,38.641362],[141.497478,38.641337],[141.498116,38.641387],[141.498253,38.641479],[141.498441,38.641487],[141.498691,38.641395],[141.498741,38.641354],[141.498791,38.641104],[141.499041,38.640904],[141.49931,38.640817],[141.499491,38.640812],[141.499966,38.640746],[141.500369,38.640647],[141.500578,38.640662],[141.501065,38.640871],[141.50124,38.641096],[141.501115,38.641162],[141.50104,38.641362],[141.50094,38.641454],[141.501115,38.64157],[141.50124,38.641595],[141.50149,38.641529],[141.50169,38.641504],[141.501965,38.641645],[141.50219,38.641646],[141.50234,38.641737],[141.50259,38.641762],[141.502665,38.641804],[141.50334,38.641921],[141.503565,38.641904],[141.50354,38.641696],[141.50356,38.641512],[141.503722,38.641191],[141.503803,38.640979],[141.503988,38.640633],[141.504003,38.640462],[141.504023,38.640365],[141.50409,38.640279],[141.504215,38.640146],[141.504315,38.640079],[141.504315,38.640012],[141.50374,38.639537],[141.502865,38.639171],[141.50269,38.639012],[141.50264,38.638871],[141.502678,38.638604],[141.502728,38.638396],[141.502928,38.638313],[141.503278,38.638221],[141.503278,38.638354],[141.503628,38.638454],[141.503903,38.638429],[141.504003,38.638454],[141.504228,38.638429],[141.504553,38.638504],[141.504778,38.638479],[141.504903,38.638371],[141.504978,38.638188],[141.50489,38.637804],[141.504869,38.637753],[141.50484,38.637696],[141.504815,38.637554],[141.50489,38.637379],[141.505115,38.637263],[141.505515,38.637154],[141.50584,38.637179],[141.506315,38.637296],[141.50649,38.637479],[141.506665,38.638088],[141.506778,38.638404],[141.506853,38.638538],[141.507003,38.638704],[141.507252,38.638813],[141.507452,38.638996],[141.507402,38.639154],[141.507302,38.639246],[141.507352,38.639338],[141.507702,38.639379],[141.507827,38.639338],[141.507902,38.639229],[141.508227,38.639163],[141.508462,38.63926],[141.508677,38.639254],[141.509177,38.639171],[141.509366,38.639197],[141.509527,38.639079],[141.509569,38.639021],[141.50959,38.638963],[141.509615,38.638788],[141.50954,38.638513],[141.509315,38.638329],[141.509015,38.637921],[141.508977,38.637471],[141.509037,38.63731],[141.509227,38.637071],[141.509702,38.636755],[141.509952,38.636671],[141.510265,38.636605],[141.510565,38.636646],[141.510602,38.636696],[141.510777,38.636988],[141.510902,38.63708],[141.511027,38.636971],[141.511152,38.636996],[141.511377,38.637155],[141.511627,38.637221],[141.511902,38.637221],[141.512027,38.637271],[141.512177,38.637246],[141.512315,38.637088],[141.51254,38.637113],[141.512715,38.637205],[141.512802,38.637363],[141.512827,38.63773],[141.512927,38.637813],[141.513027,38.638113],[141.512977,38.638271],[141.513002,38.638405],[141.512952,38.638513],[141.51299,38.638671],[141.513114,38.63868],[141.513327,38.638405],[141.513677,38.63823],[141.513777,38.638113],[141.514352,38.63828],[141.514377,38.63828],[141.514377,38.638438],[141.514527,38.638955],[141.514664,38.639296],[141.514914,38.639388],[141.514939,38.639363],[141.515152,38.639071],[141.515227,38.63883],[141.515227,38.638596],[141.515127,38.63853],[141.515152,38.638171],[141.515327,38.63808],[141.515627,38.637996],[141.516089,38.637971],[141.516514,38.638138],[141.516702,38.638296],[141.516877,38.638705],[141.516802,38.638746],[141.516727,38.638905],[141.516927,38.63918],[141.517127,38.639355],[141.517364,38.639746],[141.517364,38.639788],[141.517589,38.640063],[141.517739,38.640171],[141.517789,38.640313],[141.517939,38.640404],[141.518139,38.640446],[141.518464,38.640246],[141.518614,38.64023],[141.518714,38.640163],[141.518751,38.639955],[141.518651,38.639771],[141.518502,38.63968],[141.518377,38.639521],[141.518102,38.639363],[141.517977,38.639205],[141.517902,38.639046],[141.517902,38.638755],[141.517977,38.638646],[141.517839,38.638238],[141.517964,38.638013],[141.518702,38.637313],[141.518877,38.637205],[141.519552,38.637122],[141.519927,38.637238],[141.519777,38.63748],[141.520451,38.637805],[141.520651,38.637622],[141.520776,38.637647],[141.521651,38.637672],[141.521801,38.637838],[141.522201,38.637788],[141.522251,38.63768],[141.522651,38.637638],[141.522701,38.637613],[141.522751,38.637505],[141.522576,38.637347],[141.522914,38.637122],[141.523239,38.637055],[141.523389,38.636805],[141.523339,38.636697],[141.523514,38.636472],[141.524064,38.636313],[141.524364,38.636405],[141.524539,38.636655],[141.524664,38.636772],[141.524689,38.63693],[141.524864,38.637272],[141.524889,38.63743],[141.525289,38.63763],[141.525439,38.637497],[141.525614,38.63748],[141.525763,38.637655],[141.526038,38.63773],[141.526438,38.63773],[141.526613,38.637638],[141.526813,38.637597],[141.526888,38.637622],[141.527063,38.637738],[141.527238,38.63778],[141.527913,38.63783],[141.528338,38.637788],[141.528413,38.637563],[141.528313,38.63738],[141.528338,38.63718],[141.529101,38.637122],[141.529101,38.637255],[141.529238,38.637505],[141.529413,38.637547],[141.529626,38.637464],[141.529901,38.637464],[141.530176,38.637355],[141.530226,38.637264],[141.530051,38.637014],[141.529826,38.636922],[141.529776,38.636872],[141.529776,38.636605],[141.529576,38.636447],[141.529502,38.636364],[141.529451,38.636197],[141.529313,38.636039],[141.529038,38.635922],[141.528963,38.635855],[141.529038,38.635447],[141.529213,38.635272],[141.529238,38.63493],[141.529188,38.634772],[141.529149,38.634651],[141.529051,38.634522],[141.528876,38.634364],[141.528501,38.634247],[141.528601,38.634139],[141.528876,38.633981],[141.529276,38.633806],[141.529301,38.633739],[141.529076,38.633647],[141.528751,38.633597],[141.528701,38.633439],[141.528663,38.633418],[141.528622,38.633367],[141.528611,38.633257],[141.528613,38.633097],[141.528606,38.633022],[141.528638,38.632897],[141.528788,38.632764],[141.528688,38.632606],[141.528388,38.632622],[141.528288,38.632581],[141.527689,38.632572],[141.527589,38.632547],[141.527539,38.632214],[141.527864,38.632172],[141.528263,38.632039],[141.528526,38.631722],[141.528551,38.631539],[141.52858,38.631458],[141.528635,38.631342],[141.528676,38.631206],[141.528726,38.630822],[141.528663,38.630548],[141.528537,38.630425],[141.528464,38.630323],[141.528414,38.630231],[141.528264,38.630098],[141.528039,38.630073],[141.527714,38.630114],[141.527526,38.630339],[141.527376,38.630297],[141.527264,38.630131],[141.527214,38.630089],[141.526989,38.630114],[141.526739,38.629906],[141.526714,38.629839],[141.526839,38.629706],[141.526839,38.629498],[141.526814,38.629364],[141.526989,38.629164],[141.527314,38.628939],[141.527576,38.628673],[141.528001,38.628473],[141.527801,38.628331],[141.527551,38.628306],[141.527351,38.628131],[141.527176,38.627814],[141.526814,38.627223],[141.526539,38.626998],[141.526714,38.626814],[141.526939,38.626773],[141.527164,38.626815],[141.527364,38.627089],[141.527989,38.627127],[141.528264,38.626981],[141.528414,38.626873],[141.528489,38.626581],[141.528451,38.626398],[141.528526,38.62624],[141.528351,38.626015],[141.528151,38.625965],[141.528201,38.625698],[141.528301,38.625581],[141.528176,38.62529],[141.528151,38.625265],[141.528101,38.625131],[141.527939,38.624998],[141.527864,38.62479],[141.527864,38.624548],[141.528189,38.62434],[141.528239,38.624165],[141.528289,38.62414],[141.528314,38.624007],[141.528189,38.62394],[141.528164,38.623798],[141.527801,38.623348],[141.527876,38.623215],[141.527801,38.623073],[141.527826,38.622923],[141.527701,38.622832],[141.527676,38.622623],[141.527476,38.62249],[141.527301,38.62249],[141.527089,38.622123],[141.527039,38.621873],[141.527314,38.621723],[141.527439,38.621565],[141.527489,38.621407],[141.527339,38.621265],[141.527414,38.62104],[141.527601,38.620982],[141.527776,38.620774],[141.527876,38.620549],[141.527851,38.620349],[141.527676,38.620257],[141.527351,38.620365],[141.527176,38.620499],[141.527001,38.620457],[141.526901,38.620274],[141.526776,38.620182],[141.526676,38.619999],[141.526601,38.61984],[141.526626,38.619707],[141.526901,38.619599],[141.527089,38.619374],[141.527039,38.619149],[141.527089,38.618965],[141.527339,38.619032],[141.527539,38.618899],[141.527914,38.618499],[141.528176,38.61834],[141.528126,38.618024],[141.527976,38.61789],[141.527926,38.617682],[141.527526,38.617232],[141.527302,38.617182],[141.527102,38.617182],[141.526527,38.616974],[141.526327,38.617066],[141.526127,38.617041],[141.525914,38.616971],[141.525802,38.616882],[141.525727,38.616632],[141.525739,38.616432],[141.525589,38.616091],[141.525539,38.615749],[141.525614,38.615324],[141.525702,38.615057],[141.525702,38.614691],[141.525602,38.614624],[141.525527,38.614424],[141.525527,38.614266],[141.525477,38.614057],[141.525177,38.613991],[141.525127,38.613924],[141.525239,38.613491],[141.525289,38.612841],[141.525139,38.612699],[141.525102,38.612391],[141.524864,38.612383],[141.524727,38.612133],[141.524802,38.612024],[141.524727,38.611683],[141.524602,38.611508],[141.524502,38.611299],[141.524602,38.611258],[141.524852,38.611324],[141.525027,38.611283],[141.525127,38.611166],[141.524914,38.611008],[141.524227,38.610866],[141.524127,38.610849],[141.524139,38.610774],[141.524064,38.6106],[141.524314,38.610575],[141.524364,38.610533],[141.524539,38.610533],[141.524639,38.610558],[141.524839,38.610558],[141.524864,38.610533],[141.524789,38.610358],[141.524639,38.610266],[141.524339,38.609741],[141.524227,38.609383],[141.524102,38.609225],[141.52394,38.609189],[141.523727,38.609216],[141.523552,38.609191],[141.523177,38.609283],[141.522927,38.609216],[141.522827,38.609033],[141.522452,38.609008],[141.522327,38.608825],[141.522127,38.608641],[141.521927,38.608666],[141.521752,38.608641],[141.521627,38.608841],[141.521477,38.608866],[141.521168,38.608592],[141.521015,38.609066],[141.52124,38.609158],[141.520815,38.609783],[141.52064,38.609741],[141.52069,38.609533],[141.520215,38.60935],[141.520065,38.609216],[141.520065,38.609033],[141.519965,38.6089],[141.519865,38.608608],[141.519977,38.60845],[141.520027,38.608108],[141.519952,38.607791],[141.519677,38.607591],[141.519377,38.60745],[141.519127,38.60745],[141.519052,38.607358],[141.518953,38.607083],[141.519115,38.606933],[141.51919,38.606725],[141.519115,38.606591],[141.51914,38.606525],[141.51904,38.606275],[141.51889,38.606075],[141.518765,38.605758],[141.518678,38.605592],[141.518503,38.605525],[141.51824,38.605642],[141.518065,38.6055],[141.518228,38.6053],[141.518003,38.604958],[141.517878,38.604892],[141.517728,38.604958],[141.517553,38.604592],[141.517476,38.604488],[141.517322,38.604303],[141.517273,38.604119],[141.517303,38.603983],[141.51734,38.603892],[141.517053,38.603983],[141.516753,38.603983],[141.516803,38.604208],[141.516903,38.604433],[141.516883,38.604517],[141.516828,38.604592],[141.516553,38.604742],[141.516203,38.604717],[141.515728,38.604758],[141.515303,38.604717],[141.514953,38.604575],[141.514153,38.604525],[141.513766,38.6047],[141.513641,38.6047],[141.513566,38.604592],[141.513291,38.604517],[141.513041,38.6047],[141.513041,38.604808],[141.512691,38.604875],[141.512241,38.60485],[141.511616,38.6046],[141.511466,38.6046],[141.511416,38.604825],[141.510841,38.605],[141.510191,38.604975],[141.510116,38.604925],[141.509741,38.604266],[141.509516,38.604083],[141.509166,38.604058],[141.508741,38.604125],[141.508416,38.6041],[141.508216,38.603941],[141.508268,38.603732],[141.508454,38.603291],[141.508553,38.603133],[141.508604,38.602792],[141.508429,38.6025],[141.508429,38.602183],[141.508516,38.602],[141.508716,38.601825],[141.509116,38.601825],[141.509591,38.601517],[141.509941,38.601383],[141.510566,38.601408],[141.510528,38.601092],[141.510253,38.600933],[141.510128,38.600725],[141.510078,38.600484],[141.509992,38.600361],[141.509878,38.600209],[141.509753,38.60005],[141.509528,38.599934],[141.509404,38.599775],[141.509491,38.599525],[141.509641,38.599392],[141.509841,38.599259],[141.509991,38.599084],[141.509916,38.5989],[141.509616,38.598875],[141.509116,38.598492],[141.508991,38.598509],[141.508766,38.598467],[141.508516,38.598217],[141.508291,38.5981],[141.508216,38.598192],[141.508113,38.598316],[141.508066,38.598434],[141.508216,38.599025],[141.508466,38.599275],[141.508579,38.599475],[141.508679,38.59975],[141.508604,38.600358],[141.508379,38.600517],[141.508016,38.600717],[141.507666,38.600758],[141.506641,38.600683],[141.506466,38.600858],[141.506433,38.60103],[141.506359,38.601198],[141.506223,38.601411],[141.5061,38.601645],[141.505979,38.601825],[141.505879,38.60205],[141.505554,38.602167],[141.505104,38.602275],[141.504879,38.6022],[141.504579,38.60195],[141.504379,38.601925],[141.504279,38.601991],[141.504254,38.60215],[141.504241,38.602425],[141.504166,38.602691],[141.503894,38.60304],[141.503616,38.603366],[141.503404,38.603525],[141.502904,38.6037],[141.502204,38.60365],[141.501729,38.603491],[141.501204,38.603283],[141.500829,38.603033],[141.500592,38.6028],[141.500625,38.602706],[141.500708,38.602569],[141.500867,38.6024],[141.500986,38.602315],[141.501704,38.601166],[141.502154,38.6013],[141.502517,38.600608],[141.502367,38.600467],[141.501967,38.599883],[141.501967,38.599542],[141.502167,38.59945],[141.502329,38.599067],[141.502679,38.598942],[141.502867,38.598059],[141.502999,38.597907],[141.503167,38.597834],[141.503392,38.597859],[141.503517,38.597925],[141.503692,38.597884],[141.503692,38.597634],[141.503767,38.597142],[141.503729,38.597009],[141.503604,38.596934],[141.503457,38.596667],[141.503454,38.596459],[141.504079,38.595884],[141.504267,38.595451],[141.504362,38.595252],[141.504367,38.594909],[141.504192,38.594642],[141.503942,38.594526],[141.503692,38.594501],[141.503492,38.594409],[141.503217,38.594359],[141.502742,38.594384],[141.502517,38.594292],[141.502317,38.594109],[141.502379,38.593901],[141.501654,38.593451],[141.501379,38.593359],[141.501154,38.593334],[141.500904,38.593642],[141.500717,38.593801],[141.500217,38.593842],[141.499967,38.593659],[141.49928,38.593209],[141.498405,38.592567],[141.49833,38.592317],[141.498517,38.591917],[141.498567,38.591576],[141.498242,38.590918],[141.498092,38.590893],[141.497917,38.591026],[141.497742,38.591093],[141.497217,38.591026],[141.496992,38.590934],[141.496717,38.590726],[141.496592,38.590684],[141.49608,38.590468],[141.49578,38.590401],[141.49548,38.590426],[141.495318,38.590467],[141.49523,38.590559],[141.495418,38.591059],[141.49548,38.591351],[141.495617,38.591601],[141.494768,38.592051],[141.494218,38.592051],[141.494018,38.592001],[141.49358,38.591826],[141.492618,38.591084],[141.492293,38.590951],[141.491905,38.590901],[141.491718,38.590834],[141.491743,38.590651],[141.49193,38.590451],[141.492405,38.590426],[141.492578,38.589424],[141.493468,38.589209],[141.493387,38.589051],[141.493356,38.588896],[141.493255,38.588784],[141.492868,38.588809],[141.492755,38.588693],[141.492455,38.588651],[141.492368,38.588668],[141.492225,38.588828],[141.491541,38.588761],[141.491268,38.588426],[141.491106,38.588243],[141.491056,38.588109],[141.490881,38.587951],[141.491018,38.587793],[141.491355,38.587793],[141.491568,38.587843],[141.491743,38.587818],[141.491843,38.587609],[141.491818,38.587343],[141.49168,38.587051],[141.491493,38.586826],[141.490943,38.586734],[141.490831,38.586693],[141.490581,38.586668],[141.490393,38.586693],[141.490256,38.586784],[141.490168,38.586918],[141.490168,38.587143],[141.490169,38.587368],[141.490143,38.587568],[141.490006,38.587726],[141.489643,38.587751],[141.489343,38.586918],[141.489368,38.586718],[141.489343,38.586643],[141.488743,38.586401],[141.488606,38.586284],[141.488456,38.585909],[141.488506,38.58546],[141.488431,38.585251],[141.488268,38.585051],[141.488068,38.584918],[141.487768,38.584468],[141.487843,38.584351],[141.488068,38.584243],[141.488018,38.583768],[141.487793,38.583718],[141.487494,38.583426],[141.487469,38.583343],[141.487294,38.583226],[141.487131,38.583226],[141.487244,38.583635],[141.487056,38.583701],[141.486506,38.58366],[141.485819,38.58341],[141.485048,38.583758],[141.484631,38.583676],[141.484269,38.583385],[141.484056,38.583368],[141.483556,38.583076],[141.483331,38.583118],[141.482981,38.583318],[141.482869,38.583251],[141.482894,38.582985],[141.482844,38.582918],[141.482594,38.582851],[141.482132,38.582785],[141.481769,38.582668],[141.481469,38.582443],[141.481244,38.582335],[141.480857,38.582201],[141.480307,38.58236],[141.480069,38.582218],[141.479975,38.582114],[141.479783,38.582169],[141.479701,38.582181],[141.479594,38.582201],[141.479569,38.58236],[141.479446,38.582791],[141.478882,38.582851],[141.478814,38.582955],[141.478657,38.583368],[141.478194,38.583576],[141.477982,38.583893],[141.477844,38.584476],[141.477669,38.584818],[141.477532,38.585284],[141.477182,38.585309],[141.476382,38.585151],[141.47512,38.584768],[141.473745,38.584118],[141.47272,38.583576],[141.47212,38.583201],[141.471345,38.582609],[141.471295,38.582501],[141.471095,38.582276],[141.470745,38.582093],[141.470383,38.581959],[141.469995,38.582051],[141.46912,38.582009],[141.467383,38.581851],[141.466971,38.581984],[141.466533,38.582234],[141.466096,38.582434],[141.465683,38.582434],[141.465271,38.582234],[141.464858,38.581968],[141.464496,38.581676],[141.463596,38.581176],[141.463183,38.580868],[141.462846,38.580343],[141.462693,38.580254],[141.462571,38.580276],[141.462321,38.580326],[141.461996,38.580209],[141.461084,38.579585],[141.460759,38.579626],[141.460421,38.579468],[141.460046,38.579201],[141.459796,38.578926],[141.459521,38.578551],[141.459271,38.578076],[141.45893,38.577636],[141.454331,38.576848],[141.449727,38.575665],[141.446517,38.574248],[141.443259,38.572407],[141.441177,38.568243],[141.438774,38.563439],[141.43597,38.560237],[141.431227,38.559454],[141.426492,38.560103],[141.420788,38.560886],[141.417548,38.563706],[141.413243,38.567454],[141.4117,38.573293],[141.409897,38.580116],[141.408203,38.586525],[141.406335,38.593597],[141.406613,38.597997],[141.406413,38.598356],[141.406275,38.598847],[141.406225,38.599547],[141.406313,38.599955],[141.406775,38.600605],[141.407075,38.60108],[141.4071,38.601397],[141.407075,38.601688],[141.407238,38.601872],[141.4076,38.602138],[141.4081,38.60243],[141.408612,38.602788],[141.409162,38.603238],[141.409612,38.603397],[141.410325,38.603447],[141.410712,38.603513],[141.41145,38.603872],[141.412412,38.60443],[141.413149,38.604797],[141.413787,38.604997],[141.415737,38.60538],[141.415899,38.605513],[141.415874,38.605738],[141.415649,38.605897],[141.414637,38.60648],[141.413237,38.607496],[141.412937,38.607788],[141.412137,38.608221],[141.411512,38.609029],[141.411149,38.609304],[141.410275,38.609688],[141.410025,38.609954],[141.409587,38.610971],[141.40945,38.611013],[141.409037,38.610971],[141.408625,38.610746],[141.407937,38.610496],[141.4075,38.610271],[141.407387,38.610113],[141.40705,38.609821],[141.406612,38.609621],[141.4053,38.609354],[141.404888,38.609354],[141.404413,38.609604],[141.404038,38.609604],[141.403038,38.609379],[141.402413,38.609329],[141.401863,38.609379],[141.401475,38.609446],[141.401288,38.609037],[141.401088,38.607196],[141.401038,38.606963],[141.400813,38.606763],[141.399963,38.605838],[141.399638,38.605388],[141.399326,38.605071],[141.398913,38.604938],[141.398751,38.604921],[141.398451,38.604671],[141.397851,38.604038],[141.397376,38.603788],[141.397301,38.603788],[141.396664,38.603946],[141.396251,38.603971],[141.395901,38.603929],[141.394776,38.603413],[141.394164,38.603188],[141.393676,38.60278],[141.393314,38.602421],[141.392351,38.601855],[141.392264,38.601613],[141.392164,38.600888],[141.391964,38.600321],[141.391801,38.60003],[141.391414,38.599738],[141.391164,38.599472],[141.390814,38.599222],[141.390289,38.598972],[141.388777,38.598438],[141.388202,38.598122],[141.388064,38.597988],[141.387564,38.597738],[141.386639,38.59758],[141.38639,38.597447],[141.38614,38.597197],[141.385865,38.596997],[141.384765,38.596638],[141.383915,38.59623],[141.383727,38.595872],[141.38364,38.59508],[141.383552,38.594697],[141.38339,38.594405],[141.383227,38.594222],[141.382952,38.594155],[141.382402,38.593914],[141.38199,38.593505],[141.38174,38.593322],[141.381003,38.593164],[141.379603,38.592447],[141.379303,38.592155],[141.379215,38.591722],[141.379078,38.591522],[141.37859,38.591164],[141.378003,38.590872],[141.377728,38.590647],[141.376991,38.589697],[141.376778,38.589656],[141.376253,38.589839],[141.375678,38.589881],[141.374303,38.589631],[141.373728,38.589614],[141.373341,38.589656],[141.372978,38.589772],[141.372378,38.590397],[141.372103,38.59083],[141.371691,38.591322],[141.371514,38.591476],[141.371428,38.591614],[141.371253,38.591755],[141.370953,38.591864],[141.370628,38.591905],[141.370266,38.591889],[141.369854,38.591822],[141.369441,38.591664],[141.368379,38.590897],[141.367966,38.590697],[141.366779,38.590422],[141.366279,38.590355],[141.365629,38.590447],[141.365241,38.590539],[141.364716,38.590722],[141.364529,38.59083],[141.363842,38.59108],[141.363042,38.591105],[141.361892,38.591038],[141.361392,38.590922],[141.361204,38.590655],[141.361142,38.590405],[141.361042,38.590155],[141.360904,38.590072],[141.360454,38.589913],[141.359304,38.589305],[141.35878,38.589172],[141.358155,38.589055],[141.356992,38.588947],[141.356667,38.58883],[141.35648,38.588697],[141.356005,38.588064],[141.355755,38.587864],[141.355105,38.587005],[141.354792,38.586714],[141.354518,38.586539],[141.354355,38.58638],[141.354303,38.586321],[141.354255,38.586272],[141.353755,38.585955],[141.353355,38.585789],[141.35273,38.585789],[141.352405,38.585714],[141.35213,38.585622],[141.35203,38.585464],[141.351905,38.585147],[141.351805,38.585014],[141.35148,38.584806],[141.35138,38.584764],[141.349905,38.584572],[141.349506,38.584481],[141.349031,38.584247],[141.348681,38.583914],[141.348243,38.583114],[141.347868,38.582281],[141.347881,38.582214],[141.347706,38.581939],[141.347456,38.581672],[141.347231,38.581039],[141.346931,38.580898],[141.346231,38.580806],[141.346006,38.580823],[141.345506,38.580756],[141.345131,38.580664],[141.344581,38.580314],[141.344206,38.579823],[141.343744,38.579481],[141.343019,38.579131],[141.342569,38.578906],[141.342419,38.578906],[141.341994,38.578723],[141.341719,38.578673],[141.340769,38.578756],[141.340032,38.578664],[141.339432,38.578589],[141.338844,38.578139],[141.338544,38.577973],[141.337944,38.577814],[141.337345,38.577656],[141.337195,38.577406],[141.337045,38.576931],[141.336745,38.576764],[141.336595,38.576764],[141.336195,38.576881],[141.335895,38.576923],[141.335445,38.576898],[141.33477,38.576931],[141.33442,38.576839],[141.33407,38.576614],[141.33367,38.576406],[141.333295,38.576364],[141.332895,38.576381],[141.332395,38.576331],[141.33162,38.575923],[141.331295,38.575873],[141.33082,38.575914],[141.329358,38.576173],[141.328783,38.576198],[141.328383,38.576173],[141.326521,38.576406],[141.325671,38.576398],[141.324646,38.576506],[141.324471,38.576389],[141.324346,38.575914],[141.324196,38.575664],[141.323921,38.575573],[141.323221,38.575506],[141.323071,38.575431],[141.322758,38.574639],[141.322758,38.573856],[141.322546,38.573556],[141.321871,38.573148],[141.321571,38.573006],[141.320796,38.572798],[141.320196,38.572523],[141.319846,38.572206],[141.319721,38.572023],[141.319671,38.571798],[141.319684,38.571098],[141.319609,38.570873],[141.319384,38.570648],[141.317697,38.56919],[141.317297,38.56894],[141.316872,38.568806],[141.316222,38.568798],[141.315497,38.568865],[141.314859,38.56899],[141.314259,38.56919],[141.314034,38.569281],[141.313834,38.569231],[141.31346,38.568731],[141.31326,38.56864],[141.31266,38.568481],[141.312235,38.568456],[141.31191,38.568473],[141.311085,38.568873],[141.310697,38.569256],[141.310597,38.569598],[141.310422,38.569681],[141.309647,38.569565],[141.309047,38.56979],[141.308772,38.569806],[141.308447,38.569648],[141.307947,38.569506],[141.306785,38.569456],[141.306585,38.569498],[141.306135,38.569881],[141.30581,38.570214],[141.305698,38.571139],[141.305548,38.571389],[141.305135,38.571681],[141.30491,38.571814],[141.30471,38.571881],[141.30396,38.572031],[141.303785,38.572006],[141.30346,38.571398],[141.30331,38.571239],[141.303085,38.571189],[141.300785,38.571239],[141.300061,38.571322],[141.297048,38.571756],[141.296398,38.571797],[141.295598,38.571564],[141.295248,38.571539],[141.294836,38.571606],[141.294511,38.571606],[141.294036,38.571356],[141.293749,38.571214],[141.293599,38.571189],[141.292686,38.571206],[141.292361,38.571364],[141.291886,38.571655],[141.291711,38.571655],[141.291261,38.571289],[141.291086,38.571197],[141.290586,38.571147],[141.290136,38.571031],[141.289836,38.570847],[141.289412,38.570506],[141.289012,38.570322],[141.288687,38.570231],[141.288412,38.570189],[141.286887,38.570172],[141.287162,38.570314],[141.287412,38.570447],[141.287462,38.57058],[141.287424,38.570947],[141.287174,38.57178],[141.286912,38.572164],[141.286787,38.572522],[141.286574,38.573513],[141.286324,38.574072],[141.286074,38.57448],[141.285687,38.575197],[141.285637,38.575738],[141.285649,38.576188],[141.285699,38.576413],[141.286349,38.576805],[141.286549,38.577055],[141.286536,38.57753],[141.286586,38.578021],[141.286811,38.578788],[141.286849,38.579196],[141.286799,38.579671],[141.286874,38.580013],[141.287211,38.580963],[141.287624,38.582471],[141.287874,38.582879],[141.287636,38.583737],[141.287711,38.584054],[141.287861,38.584396],[141.288148,38.584646],[141.288873,38.584962],[141.288923,38.585096],[141.288823,38.585595],[141.288873,38.585954],[141.288961,38.58627],[141.289173,38.586629],[141.289423,38.587054],[141.289498,38.587662],[141.289611,38.587937],[141.289611,38.588137],[141.289423,38.588428],[141.289361,38.588678],[141.289473,38.589378],[141.289611,38.590028],[141.289886,38.590437],[141.290211,38.59077],[141.290323,38.590928],[141.290323,38.59127],[141.290085,38.592711],[141.290685,38.593478],[141.291073,38.593728],[141.29156,38.593903],[141.291923,38.593995],[141.29206,38.594086],[141.292085,38.594286],[141.291673,38.594853],[141.291185,38.595728],[141.29071,38.596386],[141.290298,38.596769],[141.289535,38.597194],[141.289335,38.597377],[141.28931,38.597644],[141.289448,38.598477],[141.289398,38.598861],[141.289173,38.599177],[141.289035,38.599469],[141.289035,38.599785],[141.289423,38.600602],[141.28951,38.600669],[141.289898,38.601344],[141.290198,38.60211],[141.29031,38.602352],[141.290685,38.603102],[141.29091,38.603593],[141.295959,38.60341],[141.296109,38.604152],[141.296159,38.604968],[141.296597,38.607918],[141.296684,38.608793],[141.296546,38.611951],[141.296571,38.612942],[141.296521,38.613076],[141.296471,38.613484],[141.296409,38.614159],[141.296059,38.616434],[141.295671,38.617467],[141.295559,38.6179],[141.294959,38.619317],[141.293534,38.622591],[141.293196,38.623333],[141.293671,38.623424],[141.294296,38.623624],[141.295921,38.624024],[141.296583,38.624208],[141.296858,38.624341],[141.297496,38.624616],[141.297908,38.624683],[141.298258,38.624683],[141.298508,38.624591],[141.298808,38.624433],[141.298946,38.624433],[141.299246,38.624725],[141.299495,38.625041],[141.300208,38.625374],[141.30037,38.625649],[141.300345,38.625891],[141.30007,38.626349],[141.299995,38.626708],[141.30002,38.627041],[141.300133,38.627449],[141.30027,38.627716],[141.300158,38.627991],[141.29997,38.628191],[141.299795,38.628466],[141.299745,38.628891],[141.29977,38.629299],[141.299858,38.629616],[141.29977,38.630157],[141.299908,38.630541],[141.300245,38.630832],[141.300658,38.630916],[141.301757,38.631074],[141.30242,38.631074],[141.303182,38.632199],[141.30327,38.632266],[141.30352,38.632316],[141.303895,38.632157],[141.304095,38.632157],[141.304557,38.632357],[141.304695,38.632491],[141.304782,38.632782],[141.304894,38.633732],[141.304944,38.633824],[141.305132,38.63389],[141.305444,38.633865],[141.305657,38.633982],[141.305632,38.634449],[141.305719,38.63459],[141.305907,38.634632],[141.306157,38.634749],[141.306682,38.635199],[141.306957,38.635374],[141.307057,38.635399],[141.307944,38.635215],[141.308131,38.63524],[141.308219,38.635399],[141.308269,38.635665],[141.308406,38.635915],[141.308906,38.636499],[141.309019,38.636749],[141.309094,38.63684],[141.309319,38.636882],[141.309756,38.636815],[141.310194,38.63699],[141.310744,38.637582],[141.311081,38.637649],[141.311456,38.637665],[141.312094,38.637849],[141.312806,38.637624],[141.312969,38.637665],[141.313106,38.637824],[141.313381,38.637982],[141.313718,38.638099],[141.314018,38.638165],[141.314156,38.638365],[141.314268,38.638682],[141.314318,38.638998],[141.314493,38.63929],[141.314793,38.63949],[141.314868,38.63949],[141.315443,38.639332],[141.315806,38.63929],[141.316168,38.639199],[141.316743,38.639149],[141.317681,38.63944],[141.318668,38.639982],[141.318881,38.640274],[141.318968,38.640548],[141.31913,38.640748],[141.319168,38.640882],[141.31913,38.641332],[141.319193,38.641448],[141.31933,38.641582],[141.31958,38.641607],[141.319993,38.641715],[141.320293,38.641923],[141.32068,38.642457],[141.320893,38.642665],[141.32178,38.643132],[141.322193,38.643273],[141.322468,38.643515],[141.322743,38.643923],[141.323155,38.64419],[141.323505,38.644465],[141.323592,38.644732],[141.323567,38.644865],[141.323267,38.64539],[141.323092,38.64559],[141.32263,38.645706],[141.322243,38.645865],[141.322193,38.646015],[141.322243,38.646265],[141.322218,38.646556],[141.322143,38.646848],[141.322193,38.647031],[141.32263,38.647231],[141.322905,38.64744],[141.322992,38.647456],[141.323892,38.647523],[141.324142,38.64764],[141.324367,38.647798],[141.324555,38.647815],[141.324805,38.647748],[141.325105,38.647615],[141.325442,38.647573],[141.326042,38.647906],[141.326155,38.647931],[141.326342,38.647881],[141.326592,38.647748],[141.32698,38.64734],[141.327142,38.647298],[141.327554,38.647456],[141.327967,38.647565],[141.328179,38.647456],[141.328492,38.64734],[141.328767,38.647315],[141.329179,38.647498],[141.329417,38.647748],[141.329617,38.64804],[141.329642,38.648265],[141.329342,38.648781],[141.329067,38.649373],[141.329092,38.649773],[141.329342,38.650131],[141.329754,38.650581],[141.329954,38.650514],[141.330991,38.649973],[141.331516,38.649481],[141.331766,38.649431],[141.332179,38.64959],[141.332504,38.649865],[141.332729,38.649931],[141.333029,38.649865],[141.333466,38.649881],[141.333829,38.649856],[141.334429,38.649773],[141.334866,38.64959],[141.335416,38.649073],[141.335691,38.649023],[141.336628,38.649448],[141.337066,38.649565],[141.337591,38.64959],[141.338141,38.649515],[141.338691,38.649498],[141.339216,38.649515],[141.339678,38.649607],[141.339953,38.64974],[141.340228,38.650123],[141.340391,38.650465],[141.340728,38.650956],[141.341003,38.651248],[141.341253,38.651315],[141.34284,38.651473],[141.343228,38.651606],[141.343753,38.652056],[141.343978,38.652106],[141.344378,38.651856],[141.344715,38.65154],[141.345065,38.651265],[141.34534,38.650973],[141.34559,38.65059],[141.345678,38.65039],[141.34584,38.650298],[141.346478,38.650273],[141.346665,38.65034],[141.346778,38.650498],[141.346803,38.650773],[141.346715,38.651065],[141.346615,38.651157],[141.34634,38.651515],[141.34604,38.652215],[141.34604,38.652665],[141.346277,38.653023],[141.346615,38.653073],[141.347077,38.653065],[141.347277,38.653273],[141.34719,38.653565],[141.347277,38.654581],[141.34744,38.654848],[141.347577,38.655256],[141.347415,38.655906],[141.34739,38.656314],[141.34774,38.656764],[141.347777,38.657014],[141.34774,38.657239],[141.347802,38.657373],[141.348102,38.657439],[141.348702,38.657506],[141.349065,38.657706],[141.349314,38.658048],[141.349502,38.658473],[141.349702,38.658739],[141.350114,38.658923],[141.350527,38.658989],[141.350639,38.659081],[141.350689,38.659873],[141.350439,38.660431],[141.350364,38.660789],[141.350364,38.661172],[141.350414,38.661314],[141.350527,38.661922],[141.351139,38.662281],[141.351464,38.662664],[141.351627,38.662981],[141.351827,38.663089],[141.352152,38.662972],[141.352751,38.662547],[141.352864,38.662522],[141.353114,38.662589],[141.353501,38.663197],[141.353914,38.663564],[141.354439,38.664256],[141.354576,38.664597],[141.354739,38.664914],[141.355314,38.665297],[141.355589,38.665564],[141.355676,38.665605],[141.355864,38.66563],[141.356451,38.66538],[141.356664,38.665405],[141.357101,38.665655],[141.357301,38.66563],[141.357576,38.665539],[141.357876,38.665314],[141.358101,38.664997],[141.358288,38.664864],[141.358676,38.665156],[141.359026,38.665489],[141.359801,38.665672],[141.360101,38.665514],[141.360401,38.665289],[141.360538,38.665064],[141.360651,38.664231],[141.360788,38.663914],[141.360876,38.663872],[141.361363,38.663847],[141.361476,38.663797],[141.361501,38.663639],[141.361613,38.663439],[141.361938,38.663081],[141.362276,38.663031],[141.362826,38.663056],[141.363263,38.662989],[141.363838,38.662514],[141.364301,38.662223],[141.364613,38.662106],[141.365051,38.662156],[141.365351,38.662423],[141.365788,38.662673],[141.3664,38.662914],[141.3675,38.663431],[141.367775,38.663706],[141.367913,38.664064],[141.367888,38.664131],[141.367913,38.664939],[141.368075,38.665189],[141.368213,38.665506],[141.368238,38.665864],[141.367913,38.666497],[141.367588,38.667239],[141.367638,38.667464],[141.367838,38.667672],[141.368325,38.667914],[141.368438,38.668206],[141.368438,38.668497],[141.368113,38.669064],[141.36795,38.669489],[141.368225,38.669539],[141.369025,38.669539],[141.369462,38.669647],[141.36955,38.669739],[141.369625,38.669764],[141.370012,38.67003],[141.37015,38.670322],[141.370237,38.671222],[141.370312,38.671722],[141.37045,38.67183],[141.370587,38.67188],[141.371037,38.672014],[141.37145,38.672305],[141.371511,38.672367],[141.371637,38.672505],[141.373137,38.673522],[141.373412,38.673788],[141.373499,38.673997],[141.373549,38.674422],[141.373474,38.674897],[141.373174,38.675097],[141.372624,38.675347],[141.372537,38.67548],[141.372587,38.675663],[141.372674,38.675705],[141.372762,38.675955],[141.372724,38.676163],[141.372424,38.676721],[141.372262,38.676971],[141.372212,38.677488],[141.372512,38.678796],[141.372562,38.679429],[141.372424,38.680354],[141.372187,38.680896],[141.372012,38.681729],[141.372049,38.681996],[141.372124,38.682129],[141.372212,38.682154],[141.372949,38.682046],[141.373112,38.682046],[141.373224,38.682129],[141.373412,38.682562],[141.373499,38.683146],[141.373586,38.683437],[141.374099,38.684096],[141.373861,38.684837],[141.374024,38.685245],[141.374299,38.685395],[141.374599,38.685712],[141.374599,38.686095],[141.374461,38.686845],[141.374374,38.687562],[141.374549,38.687904],[141.374924,38.688304],[141.375061,38.688528],[141.374986,38.688687],[141.374924,38.688712],[141.374511,38.689028],[141.374236,38.689162],[141.373824,38.689212],[141.373524,38.689095],[141.373411,38.688962],[141.373336,38.688487],[141.373111,38.688287],[141.372999,38.688287],[141.372786,38.688195],[141.372236,38.688062],[141.372074,38.688103],[141.371936,38.688287],[141.371799,38.68862],[141.37151,38.688957],[141.371199,38.689287],[141.370924,38.689537],[141.370649,38.689628],[141.370174,38.68972],[141.369137,38.689828],[141.368612,38.689853],[141.368174,38.689836],[141.367624,38.68992],[141.367574,38.690011],[141.367712,38.690395],[141.367962,38.690803],[141.368149,38.690961],[141.368287,38.690978],[141.368537,38.691053],[141.368974,38.691045],[141.369299,38.69112],[141.369611,38.691228],[141.370261,38.692086],[141.370811,38.692536],[141.371124,38.692853],[141.371261,38.69332],[141.370961,38.694086],[141.371061,38.694469],[141.371149,38.694586],[141.371261,38.694903],[141.37151,38.69509],[141.371661,38.695111],[141.371774,38.695228],[141.371774,38.695344],[141.371686,38.695494],[141.371574,38.695544],[141.371486,38.695578],[141.371174,38.695844],[141.370961,38.696228],[141.370599,38.696969],[141.370161,38.698186],[141.370061,38.698711],[141.370274,38.699161],[141.370549,38.699469],[141.370499,38.699744],[141.370586,38.699944],[141.370861,38.700377],[141.370936,38.701052],[141.371111,38.701585],[141.371048,38.70186],[141.370836,38.702219],[141.370586,38.70251],[141.370261,38.702735],[141.369923,38.703035],[141.369786,38.703327],[141.370311,38.704652],[141.370311,38.70486],[141.370211,38.705577],[141.369898,38.706568],[141.369911,38.706818],[141.370098,38.707376],[141.370486,38.707851],[141.370736,38.70826],[141.371223,38.708801],[141.371509,38.709013],[141.371636,38.709176],[141.371686,38.709401],[141.371636,38.709609],[141.371598,38.710234],[141.37166,38.710551],[141.371635,38.710868],[141.371509,38.711071],[141.371335,38.711234],[141.371173,38.711568],[141.371011,38.711659],[141.370711,38.711726],[141.370548,38.711818],[141.370298,38.712109],[141.370186,38.712451],[141.370023,38.712759],[141.370086,38.713259],[141.370323,38.713734],[141.370385,38.713776],[141.370298,38.713867],[141.369998,38.713976],[141.369236,38.714367],[141.368736,38.714767],[141.368573,38.715175],[141.368736,38.715509],[141.368961,38.715734],[141.36926,38.715959],[141.369373,38.716184],[141.36926,38.716459],[141.369235,38.716975],[141.369073,38.717109],[141.368848,38.717558],[141.368823,38.717942],[141.368735,38.71835],[141.368635,38.718625],[141.368635,38.718825],[141.368773,38.719025],[141.36896,38.719117],[141.36926,38.719208],[141.369648,38.719225],[141.371485,38.719133],[141.371508,38.719162],[141.372073,38.71925],[141.37226,38.71925],[141.372835,38.719183],[141.373823,38.718933],[141.374322,38.718917],[141.374897,38.718984],[141.37616,38.719292],[141.376635,38.719475],[141.37746,38.719859],[141.377735,38.720125],[141.377847,38.720333],[141.377785,38.720733],[141.37771,38.720942],[141.377872,38.722383],[141.378059,38.722317],[141.378447,38.722083],[141.378909,38.721883],[141.379522,38.721767],[141.379909,38.721658],[141.380284,38.721658],[141.381084,38.721792],[141.381634,38.721817],[141.382072,38.721792],[141.383446,38.722109],[141.383671,38.722242],[141.383859,38.722575],[141.383971,38.722958],[141.384221,38.723342],[141.384521,38.723592],[141.384709,38.723683],[141.386471,38.723767],[141.387021,38.723767],[141.388183,38.7237],[141.388758,38.723725],[141.389333,38.723859],[141.389858,38.724192],[141.390133,38.724575],[141.390821,38.724759],[141.390933,38.725458],[141.391833,38.725592],[141.39222,38.725725],[141.393133,38.725833],[141.39327,38.725883],[141.393345,38.726808],[141.393458,38.727142],[141.393408,38.727392],[141.393433,38.727867],[141.393408,38.728275],[141.39302,38.729375],[141.39277,38.729916],[141.392133,38.730725],[141.392033,38.731],[141.392083,38.731183],[141.392633,38.731516],[141.39442,38.732008],[141.394832,38.732233],[141.395407,38.732483],[141.395682,38.732525],[141.39602,38.732666],[141.39637,38.732908],[141.396807,38.733025],[141.398082,38.733225],[141.39857,38.733333],[141.398932,38.733516],[141.399557,38.734083],[141.399919,38.73435],[141.400382,38.73455],[141.400832,38.734641],[141.401244,38.734666],[141.401794,38.73455],[141.401957,38.734575],[141.402369,38.734825],[141.403057,38.734866],[141.403906,38.735266],[141.405281,38.735875],[141.405919,38.736058],[141.406631,38.736125],[141.407319,38.736125],[141.408693,38.736033],[141.409406,38.736166],[141.410118,38.736233],[141.410506,38.736233],[141.410893,38.7361],[141.411031,38.735941],[141.411418,38.735825],[141.411793,38.735941],[141.412406,38.736408],[141.412868,38.737383],[141.413205,38.737675],[141.413755,38.737983],[141.414168,38.738525],[141.414355,38.738975],[141.41433,38.739291],[141.414218,38.739516],[141.41408,38.739583],[141.413755,38.739741],[141.413118,38.739974],[141.412455,38.740374],[141.41188,38.741033],[141.411556,38.741524],[141.411081,38.741891],[141.409906,38.742207],[141.409056,38.742541],[141.408856,38.742657],[141.408143,38.742974],[141.407456,38.743132],[141.406793,38.743465],[141.406606,38.743674],[141.406281,38.744124],[141.405968,38.74469],[141.405256,38.745682],[141.405006,38.746132],[141.404294,38.747215],[141.403994,38.747548],[141.403856,38.747932],[141.403944,38.74834],[141.403881,38.748456],[141.403669,38.748681],[141.403531,38.748998],[141.403768,38.74974],[141.403718,38.749873],[141.403693,38.75014],[141.403743,38.750573],[141.403556,38.750798],[141.403556,38.751273],[141.404081,38.752106],[141.403993,38.752239],[141.403418,38.752531],[141.403493,38.752931],[141.403681,38.753389],[141.403681,38.753539],[141.403656,38.753581],[141.403618,38.753639],[141.403543,38.753814],[141.403431,38.754114],[141.403281,38.754364],[141.403231,38.754397],[141.403031,38.754356],[141.402881,38.754297],[141.402768,38.754231],[141.402468,38.754139],[141.402331,38.754114],[141.402206,38.754131],[141.402019,38.754197],[141.401881,38.754264],[141.401694,38.754364],[141.401569,38.754489],[141.401431,38.754597],[141.401294,38.754756],[141.401206,38.754822],[141.401144,38.754922],[141.401006,38.755014],[141.400831,38.755131],[141.400406,38.755406],[141.400331,38.755497],[141.400281,38.755647],[141.400206,38.755781],[141.400106,38.755855],[141.400031,38.755897],[141.399944,38.755955],[141.399844,38.756039],[141.399231,38.756455],[141.399056,38.756522],[141.398919,38.756564],[141.398794,38.756647],[141.398756,38.75673],[141.398756,38.756855],[141.398794,38.757022],[141.398869,38.757164],[141.398969,38.757305],[141.399019,38.757464],[141.399219,38.75783],[141.399294,38.757914],[141.399419,38.758064],[141.399569,38.75818],[141.399694,38.758272],[141.399819,38.75838],[141.400169,38.758605],[141.400394,38.758697],[141.400631,38.758764],[141.401418,38.758922],[141.401843,38.758964],[141.402106,38.75898],[141.402368,38.759022],[141.402543,38.759089],[141.402693,38.759172],[141.402756,38.759289],[141.402768,38.75938],[141.402768,38.759472],[141.402781,38.759655],[141.402793,38.759705],[141.402931,38.760005],[141.403006,38.76008],[141.403231,38.760338],[141.403331,38.760472],[141.403768,38.761072],[141.403856,38.76123],[141.403968,38.76148],[141.404243,38.76183],[141.404443,38.761972],[141.404593,38.762097],[141.404743,38.762263],[141.404843,38.762363],[141.404943,38.762422],[141.405568,38.762422],[141.405743,38.76243],[141.405793,38.76243],[141.405918,38.762438],[141.406018,38.762438],[141.406118,38.762463],[141.406205,38.762505],[141.406255,38.762538],[141.406368,38.762613],[141.406468,38.762713],[141.40658,38.76283],[141.406618,38.762997],[141.406643,38.763172],[141.40668,38.763338],[141.406768,38.763672],[141.406968,38.76393],[141.407105,38.764055],[141.407243,38.764138],[141.407368,38.764238],[141.407468,38.764346],[141.407555,38.764421],[141.407693,38.764563],[141.407768,38.764705],[141.407755,38.764921],[141.40773,38.765088],[141.407655,38.765288],[141.40763,38.765388],[141.407593,38.765496],[141.407655,38.765663],[141.408168,38.766221],[141.408305,38.766338],[141.408605,38.76658],[141.40903,38.766971],[141.409355,38.767221],[141.40948,38.76733],[141.409793,38.767596],[141.409943,38.767688],[141.410268,38.767804],[141.41038,38.767838],[141.410418,38.767846],[141.410692,38.767863],[141.411767,38.768129],[141.411942,38.768146],[141.412217,38.768154],[141.412317,38.768163],[141.412417,38.768163],[141.412617,38.768146],[141.412855,38.768121],[141.413017,38.768121],[141.41328,38.76808],[141.413742,38.768055],[141.413905,38.768071],[141.414267,38.768138],[141.414417,38.76823],[141.41493,38.768696],[141.415342,38.769154],[141.415742,38.769529],[141.416142,38.769863],[141.417029,38.770563],[141.417179,38.770721],[141.417417,38.770921],[141.417504,38.770963],[141.418067,38.770904],[141.419229,38.770871],[141.419992,38.770888],[141.420229,38.770871],[141.420442,38.770863],[141.420704,38.770863],[141.420817,38.770879],[141.420942,38.770904],[141.421167,38.770971],[141.421742,38.771104],[141.421779,38.771113],[141.421892,38.771138],[141.422017,38.771188],[141.422316,38.771313],[141.422641,38.771496],[141.422854,38.771671],[141.423029,38.771879],[141.423104,38.772054],[141.423116,38.772221],[141.423091,38.772421],[141.423029,38.772638],[141.422929,38.773063],[141.422941,38.773254],[141.423004,38.773638],[141.422991,38.773929],[141.422979,38.774162],[141.422929,38.774446],[141.422854,38.774629],[141.422754,38.774704],[141.422591,38.774829],[141.422479,38.774921],[141.422216,38.775171],[141.422179,38.775254],[141.422079,38.775829],[141.422116,38.776046],[141.422179,38.776279],[141.422254,38.776462],[141.422216,38.776687],[141.422079,38.776862],[141.421904,38.776995],[141.421779,38.777095],[141.421529,38.777195],[141.421279,38.777337],[141.421179,38.77747],[141.421129,38.777612],[141.421104,38.777854],[141.421116,38.778095],[141.421141,38.778212],[141.421141,38.778362],[141.421204,38.77892],[141.421266,38.77917],[141.421316,38.779429],[141.421366,38.779604],[141.421479,38.779737],[141.421566,38.779812],[141.421716,38.779879],[141.421979,38.779995],[141.422266,38.780179],[141.422803,38.78042],[141.423141,38.780562],[141.423216,38.780578],[141.423553,38.78067],[141.424003,38.780687],[141.424191,38.780695],[141.424441,38.78077],[141.424666,38.780895],[141.424803,38.781012],[141.424841,38.781062],[141.425166,38.781278],[141.425453,38.781353],[141.425778,38.781304],[141.425966,38.781237],[141.426466,38.781129],[141.426603,38.78112],[141.427128,38.781079],[141.427365,38.781087],[141.428028,38.781145],[141.42824,38.781137],[141.42834,38.781129],[141.428953,38.78102],[141.429503,38.78102],[141.42979,38.781179],[141.429903,38.781304],[141.429928,38.781345],[141.42994,38.781412],[141.429903,38.781529],[141.429803,38.781737],[141.429678,38.781945],[141.429628,38.78207],[141.429628,38.782195],[141.429653,38.782329],[141.42974,38.782462],[141.430065,38.782903],[141.430215,38.783078],[141.430428,38.783237],[141.43054,38.783278],[141.430865,38.783345],[141.431253,38.783353],[141.431615,38.783287],[141.43239,38.783137],[141.433915,38.782729],[141.434752,38.782595],[141.434927,38.782562],[141.435077,38.782579],[141.435152,38.782629],[141.435227,38.782679],[141.435315,38.78282],[141.435352,38.782887],[141.435427,38.78297],[141.435527,38.783129],[141.435777,38.783229],[141.435902,38.78322],[141.436052,38.783154],[141.43634,38.782962],[141.436864,38.782587],[141.437252,38.782412],[141.437477,38.78232],[141.437552,38.782304],[141.437702,38.78227],[141.437914,38.782329],[141.437927,38.782537],[141.437914,38.782645],[141.437889,38.782887],[141.437889,38.782979],[141.437939,38.783079],[141.438327,38.78337],[141.438452,38.783487],[141.438514,38.783637],[141.438552,38.783729],[141.438552,38.78397],[141.438627,38.784245],[141.438777,38.784387],[141.439089,38.784595],[141.439277,38.784737],[141.439452,38.784995],[141.439539,38.785145],[141.439702,38.785428],[141.439752,38.785653],[141.439752,38.785895],[141.439714,38.785987],[141.439652,38.786103],[141.439614,38.786178],[141.439514,38.786295],[141.439327,38.78647],[141.439227,38.786553],[141.439189,38.786595],[141.439027,38.786753],[141.438839,38.786903],[141.438739,38.78697],[141.438627,38.78702],[141.438527,38.787045],[141.438439,38.787062],[141.438377,38.787053],[141.437852,38.786853],[141.437502,38.786728],[141.436939,38.786545],[141.436652,38.786487],[141.436439,38.786487],[141.436252,38.78652],[141.436127,38.786578],[141.435914,38.786645],[141.435802,38.78672],[141.435727,38.786803],[141.435627,38.787045],[141.435439,38.787478],[141.435177,38.787828],[141.435014,38.788003],[141.434727,38.788378],[141.434664,38.788503],[141.434502,38.788728],[141.434202,38.789253],[141.433864,38.789978],[141.433789,38.790119],[141.433727,38.790203],[141.433677,38.790261],[141.433589,38.790336],[141.433477,38.790419],[141.433277,38.790503],[141.433227,38.790553],[141.433039,38.790819],[141.432989,38.790903],[141.432939,38.790961],[141.43264,38.791319],[141.432502,38.791544],[141.43249,38.791619],[141.432465,38.791703],[141.43249,38.791753],[141.432614,38.791878],[141.432977,38.792244],[141.433139,38.792386],[141.433214,38.792586],[141.433227,38.792711],[141.433202,38.792819],[141.433164,38.792952],[141.433077,38.793236],[141.432927,38.793552],[141.432827,38.793727],[141.432664,38.793869],[141.432627,38.793977],[141.432589,38.794219],[141.432627,38.794327],[141.432652,38.794436],[141.432689,38.794569],[141.432727,38.794644],[141.432802,38.794744],[141.432864,38.794902],[141.432927,38.795061],[141.433152,38.79531],[141.433577,38.795727],[141.433764,38.795902],[141.434039,38.79621],[141.434102,38.796394],[141.434102,38.796519],[141.434052,38.79666],[141.433952,38.796852],[141.433802,38.797144],[141.433702,38.797469],[141.433664,38.797535],[141.433652,38.797644],[141.433664,38.79786],[141.433764,38.798052],[141.433864,38.79816],[141.434052,38.798277],[141.434202,38.79836],[141.434464,38.798502],[141.434601,38.798577],[141.434789,38.798777],[141.434889,38.798935],[141.435064,38.79926],[141.435364,38.799785],[141.435839,38.800385],[141.435926,38.800477],[141.436001,38.800585],[141.436464,38.801193],[141.436701,38.801527],[141.436714,38.801668],[141.436726,38.801743],[141.436689,38.801893],[141.436626,38.80201],[141.436526,38.802135],[141.436289,38.802385],[141.436239,38.802435],[141.436314,38.802576],[141.436539,38.803018],[141.436601,38.803251],[141.436601,38.80346],[141.436526,38.803718],[141.436451,38.803868],[141.436339,38.80401],[141.436114,38.804393],[141.436089,38.804534],[141.436126,38.804726],[141.436226,38.805176],[141.436351,38.805451],[141.436338,38.805543],[141.436263,38.805668],[141.436126,38.805801],[141.436001,38.805868],[141.435789,38.805943],[141.435489,38.806084],[141.434789,38.806359],[141.434576,38.806484],[141.434326,38.806834],[141.434026,38.807301],[141.433914,38.807384],[141.433701,38.807501],[141.433539,38.807567],[141.433464,38.807592],[141.433289,38.807634],[141.433176,38.807626],[141.433001,38.807567],[141.432701,38.807417],[141.432551,38.807301],[141.432439,38.807259],[141.431876,38.806934],[141.431451,38.806601],[141.431401,38.806592],[141.431314,38.806742],[141.431176,38.807034],[141.431089,38.807317],[141.431064,38.807592],[141.431014,38.807751],[141.430839,38.808151],[141.430764,38.808267],[141.430589,38.808501],[141.430451,38.808634],[141.430214,38.808809],[141.430126,38.808884],[141.430139,38.808992],[141.430164,38.809034],[141.430201,38.809142],[141.430239,38.809209],[141.430301,38.809259],[141.430176,38.809459],[141.429989,38.809784],[141.429889,38.809917],[141.429689,38.810167],[141.429451,38.810409],[141.429339,38.810592],[141.429601,38.810759],[141.430339,38.811092],[141.430589,38.811267],[141.431064,38.811684],[141.431301,38.811909],[141.431501,38.812042],[141.431776,38.812217],[141.432051,38.812209],[141.432164,38.812134],[141.432276,38.812025],[141.432376,38.811817],[141.432464,38.811559],[141.432614,38.811334],[141.432714,38.811242],[141.432826,38.811184],[141.433214,38.811142],[141.434226,38.811109],[141.434676,38.811209],[141.435301,38.811559],[141.435713,38.811817],[141.436113,38.812125],[141.436188,38.812209],[141.436563,38.812467],[141.436701,38.812534],[141.437126,38.8128],[141.437363,38.812884],[141.437601,38.812942],[141.437751,38.81295],[141.437863,38.812934],[141.437988,38.812884],[141.43855,38.812709],[141.439175,38.812467],[141.439338,38.812359],[141.439613,38.812209],[141.440413,38.811634],[141.441038,38.811317],[141.441475,38.811234],[141.441625,38.811234],[141.441825,38.811234],[141.442225,38.811284],[141.44245,38.811342],[141.442763,38.811384],[141.443088,38.8114],[141.443375,38.81135],[141.4437,38.811234],[141.443962,38.811176],[141.444412,38.811142],[141.44475,38.811126],[141.44505,38.811076],[141.445612,38.810917],[141.445737,38.810876],[141.445937,38.810776],[141.446375,38.810501],[141.44665,38.810517],[141.4471,38.810826],[141.44715,38.810867],[141.447212,38.810917],[141.44745,38.811026],[141.4477,38.811092],[141.447975,38.811159],[141.448349,38.811209],[141.448799,38.811251],[141.449574,38.811142],[141.449774,38.811134],[141.449999,38.811201],[141.450287,38.811301],[141.450362,38.811309],[141.450487,38.811351],[141.450587,38.811417],[141.451062,38.811801],[141.451137,38.811809],[141.451412,38.811909],[141.452312,38.811667],[141.452749,38.811551],[141.453336,38.811301],[141.453824,38.811017],[141.453924,38.810967],[141.454061,38.810926],[141.454286,38.810942],[141.454549,38.811017],[141.454811,38.811167],[141.455274,38.811409],[141.456249,38.812051],[141.456786,38.812326],[141.457149,38.812584],[141.457536,38.812967],[141.457661,38.813075],[141.457961,38.813367],[141.458086,38.813467],[141.458461,38.8138],[141.458623,38.814],[141.458586,38.814217],[141.458586,38.814309],[141.458573,38.814342],[141.458611,38.81455],[141.458836,38.815],[141.459048,38.815242],[141.458973,38.815242],[141.457148,38.815733],[141.456911,38.8158],[141.456648,38.815908],[141.456461,38.815925],[141.456361,38.815942],[141.455961,38.815967],[141.455673,38.815992],[141.455423,38.816033],[141.455274,38.816083],[141.455111,38.816142],[141.454999,38.816183],[141.454911,38.816233],[141.454811,38.816275],[141.454661,38.816342],[141.454599,38.816375],[141.454499,38.816425],[141.454399,38.816475],[141.454249,38.816583],[141.454174,38.81665],[141.454074,38.816725],[141.453974,38.816825],[141.453824,38.817],[141.453799,38.817058],[141.453774,38.817125],[141.453724,38.817275],[141.453686,38.8174],[141.453674,38.817433],[141.453649,38.81755],[141.453624,38.817617],[141.453611,38.817667],[141.453599,38.817733],[141.453536,38.817875],[141.453486,38.817975],[141.453411,38.818083],[141.453136,38.818408],[141.453061,38.818541],[141.453024,38.818575],[141.453024,38.818691],[141.453061,38.818816],[141.453211,38.819058],[141.453224,38.819083],[141.453286,38.819141],[141.453311,38.819191],[141.453386,38.819308],[141.453424,38.819391],[141.453449,38.819433],[141.453474,38.819491],[141.453536,38.819566],[141.453598,38.819733],[141.453686,38.819875],[141.453773,38.820025],[141.453911,38.820316],[141.453936,38.820358],[141.454186,38.820858],[141.454236,38.82095],[141.454298,38.821066],[141.454348,38.821191],[141.454373,38.821224],[141.454398,38.821324],[141.454373,38.821416],[141.454348,38.821558],[141.454373,38.821649],[141.454361,38.821733],[141.454386,38.821741],[141.454398,38.821783],[141.454473,38.821924],[141.454498,38.822058],[141.454511,38.822166],[141.454486,38.822283],[141.454411,38.822474],[141.454236,38.822658],[141.454148,38.822749],[141.454098,38.822791],[141.453848,38.823016],[141.453773,38.823099],[141.453686,38.823174],[141.453623,38.823224],[141.453573,38.823258],[141.453511,38.823349],[141.453486,38.823391],[141.453486,38.823541],[141.453523,38.823607],[141.453561,38.823691],[141.453648,38.823891],[141.453686,38.823941],[141.453711,38.823999],[141.453736,38.824041],[141.453786,38.824149],[141.453786,38.824249],[141.453761,38.824407],[141.453711,38.824516],[141.453661,38.824624],[141.453586,38.824741],[141.453523,38.824824],[141.453398,38.824949],[141.453336,38.825016],[141.453236,38.825124],[141.453198,38.825191],[141.453086,38.825307],[141.452973,38.825399],[141.452873,38.825524],[141.452786,38.825624],[141.452736,38.825716],[141.452723,38.825757],[141.452648,38.826007],[141.452636,38.826115],[141.452636,38.826282],[141.452636,38.826324],[141.452611,38.826407],[141.452623,38.82644],[141.452623,38.826724],[141.452611,38.826757],[141.452623,38.826774],[141.452611,38.826857],[141.452573,38.826924],[141.452498,38.827032],[141.452448,38.827065],[141.452323,38.827207],[141.452298,38.827249],[141.452198,38.827365],[141.452161,38.827432],[141.452086,38.827557],[141.452048,38.827599],[141.451936,38.827832],[141.451911,38.827865],[141.451848,38.828057],[141.451836,38.828149],[141.451823,38.828224],[141.451836,38.828424],[141.451848,38.828507],[141.451911,38.828773],[141.451923,38.828873],[141.451936,38.828965],[141.451936,38.829015],[141.451936,38.829173],[141.451911,38.829232],[141.451886,38.829323],[141.451861,38.82939],[141.451773,38.829607],[141.451736,38.829773],[141.451711,38.829882],[141.451711,38.830057],[141.451748,38.830173],[141.451773,38.830232],[141.451811,38.830298],[141.451861,38.830373],[141.451911,38.830548],[141.451886,38.830673],[141.451873,38.83079],[141.451848,38.830907],[141.451848,38.830932],[141.451823,38.830998],[141.451823,38.831115],[141.451748,38.831198],[141.451611,38.831256],[141.451536,38.831273],[141.451436,38.831256],[141.451248,38.83124],[141.451111,38.831265],[141.451048,38.83129],[141.450998,38.83134],[141.450948,38.831365],[141.450873,38.831431],[141.450798,38.83154],[141.450761,38.83164],[141.450761,38.831723],[141.450798,38.83184],[141.450798,38.831898],[141.450823,38.831973],[141.450811,38.832023],[141.450786,38.832065],[141.450636,38.832273],[141.450598,38.832323],[141.450536,38.832365],[141.450461,38.832415],[141.450398,38.832456],[141.450336,38.832498],[141.450261,38.832565],[141.450236,38.832631],[141.450236,38.832715],[141.450236,38.83279],[141.450286,38.832873],[141.450311,38.832931],[141.450361,38.832981],[141.450486,38.833165],[141.450486,38.83329],[141.450436,38.833381],[141.450398,38.833448],[141.450348,38.833531],[141.450311,38.833598],[141.450248,38.833665],[141.450198,38.833789],[141.450148,38.833906],[141.450073,38.834064],[141.450011,38.834214],[141.449973,38.834331],[141.449948,38.834448],[141.449923,38.834589],[141.449923,38.834698],[141.449961,38.834806],[141.449998,38.834889],[141.450061,38.835006],[141.450148,38.835264],[141.450173,38.835339],[141.450161,38.835464],[141.450173,38.835623],[141.450148,38.835756],[141.450148,38.835881],[141.450136,38.835989],[141.450086,38.836056],[141.450036,38.836139],[141.449936,38.836264],[141.449861,38.836464],[141.449861,38.837547],[141.449998,38.837889],[141.450736,38.839255],[141.451148,38.839914],[141.451535,38.840747],[141.45176,38.841355],[141.452198,38.842055],[141.45281,38.842772],[141.452948,38.843197],[141.453198,38.844255],[141.453523,38.845321],[141.453773,38.84588],[141.453985,38.846221],[141.454435,38.847096],[141.455335,38.847904],[141.456272,38.849121],[141.457509,38.850138],[141.458909,38.850879],[141.459547,38.851104],[141.460447,38.851354],[141.461247,38.851504],[141.461771,38.851687],[141.462321,38.851979],[141.463609,38.852879],[141.463971,38.853237],[141.464471,38.854095],[141.464746,38.854504],[141.465646,38.855537],[141.466008,38.856145],[141.466096,38.85657],[141.466058,38.856754],[141.465983,38.856937],[141.465783,38.857228],[141.465408,38.857562],[141.464908,38.857903],[141.464121,38.858353],[141.463646,38.85847],[141.462909,38.858537],[141.462159,38.85867],[141.461096,38.858962],[141.460459,38.859237],[141.460271,38.859328],[141.459722,38.859461],[141.458184,38.859595],[141.457359,38.859753],[141.456422,38.860003],[141.455597,38.860345],[141.455347,38.860478],[141.455022,38.860753],[141.454635,38.861203],[141.454285,38.861469],[141.453735,38.861719],[141.453122,38.861919],[141.452222,38.862011],[141.452822,38.862778],[141.453485,38.863678],[141.453872,38.864419],[141.453984,38.864877],[141.454009,38.865327],[141.453959,38.865661],[141.453684,38.865977],[141.453272,38.866319],[141.452747,38.866927],[141.45261,38.86731],[141.452497,38.868119],[141.451872,38.870368],[141.451647,38.870668],[141.45151,38.87096],[141.451185,38.871293],[141.45111,38.871452],[141.450972,38.871977],[141.450909,38.873393],[141.450584,38.874768],[141.450609,38.875126],[141.450722,38.875576],[141.450922,38.876118],[141.451109,38.876393],[141.451572,38.876818],[141.452122,38.877376],[141.453446,38.878709],[141.453971,38.879134],[141.454409,38.879409],[141.454984,38.879651],[141.456384,38.880193],[141.457771,38.880776],[141.458508,38.881159],[141.459033,38.881517],[141.460483,38.882984],[141.460845,38.883434],[141.46107,38.883609],[141.461483,38.883792],[141.46282,38.884309],[141.46327,38.884576],[141.463408,38.884626],[141.46417,38.884734],[141.464745,38.884709],[141.465157,38.884801],[141.46557,38.885026],[141.465932,38.885342],[141.466157,38.885701],[141.466295,38.886426],[141.466507,38.887034],[141.466782,38.887459],[141.467095,38.887817],[141.467232,38.888067],[141.467145,38.888425],[141.466595,38.888925],[141.466545,38.889084],[141.465557,38.890792],[141.465445,38.891317],[141.465507,38.891808],[141.465645,38.89235],[141.465807,38.892775],[141.466157,38.893475],[141.466469,38.893925],[141.466882,38.894283],[141.467407,38.894558],[141.468057,38.894691],[141.469107,38.894758],[141.470207,38.894866],[141.470644,38.895075],[141.471031,38.895341],[141.471194,38.8955],[141.471494,38.8959],[141.471631,38.8962],[141.472219,38.897099],[141.472381,38.897233],[141.473119,38.897708],[141.474006,38.898108],[141.474718,38.898491],[141.475468,38.898966],[141.476318,38.899324],[141.477556,38.899591],[141.477993,38.899774],[141.478318,38.899999],[141.478905,38.900608],[141.480355,38.901866],[141.480993,38.902133],[141.481455,38.902266],[141.482505,38.902333],[141.483105,38.902558],[141.483967,38.903416],[141.484455,38.903907],[141.48493,38.904566],[141.485205,38.904832],[141.48598,38.905191],[141.486942,38.905732],[141.487429,38.906049],[141.488504,38.906657],[141.488979,38.907015],[141.489117,38.907199],[141.489467,38.908099],[141.489641,38.90879],[141.489916,38.909624],[141.490329,38.910615],[141.490541,38.910982],[141.491241,38.911857],[141.491791,38.912757],[141.491866,38.913048],[141.491866,38.913498],[141.491729,38.914015],[141.491928,38.914315],[141.492116,38.914781],[141.492066,38.91494],[141.491841,38.91519],[141.491466,38.91544],[141.491266,38.915615],[141.491053,38.915956],[141.490853,38.916381],[141.490666,38.916631],[141.489928,38.917173],[141.489728,38.917264],[141.489454,38.917464],[141.489404,38.917623],[141.489591,38.917831],[141.490228,38.918231],[141.490966,38.918997],[141.491353,38.919447],[141.491341,38.919581],[141.491303,38.919964],[141.491341,38.919989],[141.491341,38.920347],[141.491503,38.920681],[141.492003,38.921381],[141.491916,38.922014],[141.491391,38.922755],[141.491253,38.923072],[141.491203,38.923114],[141.490603,38.923547],[141.489828,38.924038],[141.489778,38.925097],[141.489666,38.925438],[141.488903,38.926205],[141.488703,38.926455],[141.488491,38.92663],[141.488166,38.927038],[141.488028,38.927471],[141.487941,38.928005],[141.487503,38.92893],[141.487291,38.929588],[141.487066,38.929788],[141.486516,38.930104],[141.486428,38.930354],[141.486516,38.930688],[141.486491,38.930963],[141.486241,38.931546],[141.486028,38.931812],[141.485966,38.931837],[141.485753,38.932129],[141.485641,38.932379],[141.485966,38.933012],[141.486053,38.933329],[141.485966,38.933529],[141.485666,38.933954],[141.485803,38.934812],[141.485753,38.935354],[141.48559,38.935604],[141.48559,38.935804],[141.485815,38.936004],[141.486053,38.93632],[141.486115,38.936754],[141.486415,38.936929],[141.48674,38.937204],[141.487078,38.937603],[141.487215,38.93817],[141.487165,38.938553],[141.48724,38.938778],[141.487578,38.939203],[141.487715,38.939495],[141.487878,38.940061],[141.48804,38.940153],[141.488377,38.94022],[141.48859,38.94042],[141.488815,38.940686],[141.489002,38.941186],[141.489227,38.941478],[141.489865,38.942178],[141.490277,38.942853],[141.490577,38.943553],[141.49074,38.944111],[141.490902,38.945352],[141.491127,38.946002],[141.491289,38.946969],[141.491289,38.947402],[141.491377,38.94826],[141.491327,38.94891],[141.491077,38.949227],[141.490639,38.949702],[141.490227,38.950035],[141.490114,38.95031],[141.490289,38.950485],[141.490777,38.950827],[141.491077,38.951227],[141.491189,38.951635],[141.491389,38.952018],[141.491602,38.952335],[141.492077,38.952826],[141.492514,38.953143],[141.493289,38.953843],[141.493914,38.954926],[141.493976,38.955218],[141.493889,38.955484],[141.493476,38.955893],[141.492377,38.956568],[141.491527,38.956951],[141.491089,38.957018],[141.490602,38.957001],[141.490239,38.957109],[141.490127,38.957384],[141.490377,38.957809],[141.490352,38.958217],[141.490077,38.958601],[141.489664,38.959367],[141.489389,38.960042],[141.489339,38.960584],[141.489477,38.960967],[141.490002,38.961884],[141.490139,38.962359],[141.490189,38.962833],[141.490139,38.96355],[141.489977,38.964183],[141.489514,38.965266],[141.488989,38.967158],[141.488964,38.967741],[141.488689,38.969024],[141.488439,38.969591],[141.488027,38.970041],[141.487477,38.970407],[141.486827,38.970899],[141.486489,38.971282],[141.486327,38.971691],[141.486027,38.973174],[141.485614,38.974374],[141.485289,38.974865],[141.485177,38.97604],[141.484989,38.976373],[141.484327,38.977165],[141.484089,38.977415],[141.483614,38.977998],[141.483564,38.978181]]]},"type":"Feature"}]}