{"type":"FeatureCollection","features":[{"geometry":{"coordinates":[[[141.45893,38.577636],[141.458787,38.577084],[141.459684,38.576093],[141.460259,38.575527],[141.460584,38.575485],[141.460921,38.575393],[141.461196,38.575077],[141.461471,38.574627],[141.461571,38.574269],[141.461384,38.57291],[141.461321,38.571877],[141.461547,38.569486],[141.461872,38.567753],[141.462222,38.56667],[141.462447,38.566245],[141.462697,38.56557],[141.463109,38.564778],[141.463684,38.564145],[141.464647,38.563245],[141.465434,38.562679],[141.466046,38.562387],[141.466459,38.562095],[141.466834,38.561712],[141.466971,38.56142],[141.466946,38.561145],[141.467256,38.560926],[141.467884,38.560921],[141.468209,38.561171],[141.468409,38.56142],[141.468459,38.561645],[141.468459,38.561887],[141.468521,38.562045],[141.468684,38.562162],[141.468796,38.56202],[141.468821,38.561754],[141.469121,38.561554],[141.471209,38.560762],[141.471921,38.560779],[141.472746,38.560846],[141.472996,38.560921],[141.472808,38.561371],[141.473058,38.561704],[141.473246,38.561796],[141.473508,38.561884],[141.473771,38.561954],[141.474146,38.561479],[141.474646,38.560754],[141.475583,38.560171],[141.476296,38.560304],[141.476346,38.560529],[141.476433,38.560646],[141.476521,38.561046],[141.47657,38.561162],[141.476483,38.561229],[141.476458,38.561521],[141.47662,38.561812],[141.476383,38.562104],[141.476495,38.562196],[141.47657,38.562579],[141.47657,38.562762],[141.47652,38.562871],[141.476845,38.563012],[141.477095,38.563029],[141.477145,38.563004],[141.477345,38.562762],[141.477645,38.562671],[141.477695,38.562621],[141.47792,38.562621],[141.478145,38.562512],[141.478283,38.562379],[141.47827,38.562196],[141.478033,38.562012],[141.478308,38.561812],[141.478308,38.561629],[141.47817,38.561546],[141.478133,38.561479],[141.47797,38.561362],[141.477833,38.561204],[141.477533,38.561162],[141.477445,38.561112],[141.477233,38.560646],[141.47717,38.560438],[141.476683,38.560013],[141.476571,38.559813],[141.476546,38.559629],[141.476346,38.559471],[141.476271,38.559379],[141.475908,38.559363],[141.476183,38.558729],[141.476208,38.558546],[141.476183,38.558346],[141.476096,38.558163],[141.476096,38.557988],[141.476433,38.557621],[141.476508,38.557605],[141.476708,38.557463],[141.476896,38.557396],[141.476946,38.557305],[141.477471,38.557063],[141.477608,38.556921],[141.478108,38.557063],[141.478358,38.557196],[141.47857,38.55778],[141.47877,38.558429],[141.478983,38.558654],[141.479208,38.558813],[141.479395,38.558904],[141.479483,38.559129],[141.47962,38.559263],[141.479733,38.559246],[141.479945,38.558904],[141.480108,38.558796],[141.480298,38.558772],[141.480633,38.558771],[141.480796,38.558653],[141.480908,38.558405],[141.480977,38.558272],[141.481133,38.558113],[141.481243,38.557984],[141.481345,38.557767],[141.481483,38.557571],[141.48162,38.557305],[141.481845,38.556422],[141.48187,38.556313],[141.481983,38.55618],[141.482258,38.554672],[141.482583,38.554397],[141.483383,38.55408],[141.483795,38.553947],[141.48417,38.553897],[141.48472,38.553514],[141.48522,38.55338],[141.48552,38.553339],[141.485707,38.553355],[141.486407,38.553672],[141.486845,38.553989],[141.487057,38.554214],[141.48747,38.554322],[141.487695,38.554322],[141.48797,38.554097],[141.487907,38.55378],[141.487445,38.552814],[141.487332,38.552614],[141.487195,38.552456],[141.487057,38.551964],[141.48687,38.551597],[141.486695,38.551439],[141.48662,38.551214],[141.486832,38.550922],[141.486832,38.550631],[141.486824,38.550455],[141.486857,38.550206],[141.486832,38.549931],[141.486945,38.549731],[141.486945,38.549573],[141.48672,38.549464],[141.48662,38.549056],[141.486445,38.548856],[141.486395,38.548381],[141.486195,38.548156],[141.486095,38.547814],[141.486095,38.547639],[141.485895,38.547273],[141.485708,38.547098],[141.485595,38.547073],[141.485345,38.546873],[141.48532,38.546423],[141.485395,38.54604],[141.485533,38.545765],[141.48562,38.545748],[141.485895,38.545748],[141.486283,38.545606],[141.486445,38.545406],[141.48672,38.544732],[141.486495,38.544215],[141.486383,38.543782],[141.486108,38.54304],[141.48592,38.542707],[141.485533,38.542182],[141.48547,38.541732],[141.48551,38.5416],[141.485607,38.541396],[141.485608,38.54104],[141.48567,38.540882],[141.485803,38.540816],[141.486058,38.540657],[141.486183,38.539932],[141.486845,38.539749],[141.48712,38.539366],[141.487395,38.539324],[141.487783,38.539416],[141.488058,38.538941],[141.488058,38.538649],[141.488245,38.538282],[141.488983,38.537433],[141.489433,38.537024],[141.490145,38.536508],[141.490445,38.536433],[141.490657,38.536299],[141.491482,38.5361],[141.491757,38.535941],[141.491895,38.535808],[141.491845,38.535716],[141.491776,38.535597],[141.491707,38.535441],[141.491682,38.535041],[141.491782,38.535016],[141.491707,38.53475],[141.491507,38.534791],[141.491482,38.534591],[141.49157,38.534408],[141.491845,38.534158],[141.492332,38.534025],[141.492532,38.533892],[141.492632,38.533458],[141.49362,38.532967],[141.494345,38.532717],[141.49497,38.5326],[141.496395,38.532492],[141.496506,38.53237],[141.496545,38.53235],[141.497632,38.532275],[141.498144,38.532292],[141.498407,38.532334],[141.498444,38.532858],[141.499444,38.532917],[141.500119,38.534558],[141.500069,38.53465],[141.499869,38.5351],[141.499869,38.535417],[141.500156,38.535708],[141.500419,38.535866],[141.500744,38.536108],[141.501169,38.536358],[141.501606,38.536508],[141.501856,38.536491],[141.501969,38.53635],[141.501969,38.536216],[141.502106,38.535133],[141.502356,38.534883],[141.502731,38.534742],[141.503044,38.5347],[141.503506,38.534717],[141.503731,38.53465],[141.503931,38.534533],[141.505019,38.534208],[141.505731,38.533892],[141.505931,38.5336],[141.506106,38.533525],[141.506481,38.533275],[141.506556,38.533142],[141.507793,38.533092],[141.507968,38.533109],[141.508106,38.533084],[141.508768,38.533375],[141.508881,38.533442],[141.508831,38.53385],[141.509006,38.533892],[141.509181,38.533759],[141.509493,38.533775],[141.509981,38.533434],[141.510406,38.533592],[141.510693,38.533792],[141.511018,38.534217],[141.51108,38.53435],[141.511168,38.534984],[141.510768,38.535167],[141.510505,38.535058],[141.510393,38.535058],[141.510055,38.535308],[141.509056,38.5364],[141.508893,38.536875],[141.508918,38.537208],[141.509218,38.537391],[141.50938,38.537541],[141.509393,38.537816],[141.509193,38.5384],[141.509343,38.538583],[141.509455,38.538583],[141.50968,38.538716],[141.509918,38.539208],[141.51018,38.539483],[141.510843,38.539791],[141.510993,38.540016],[141.510905,38.540216],[141.511043,38.540399],[141.511418,38.540558],[141.511593,38.540708],[141.51188,38.540891],[141.51243,38.541091],[141.51258,38.541266],[141.512667,38.541699],[141.513392,38.542524],[141.51363,38.542907],[141.514005,38.544016],[141.514217,38.544216],[141.514842,38.544499],[141.515017,38.544724],[141.515255,38.544882],[141.515567,38.544924],[141.515655,38.544907],[141.51563,38.544724],[141.51548,38.544524],[141.515217,38.544366],[141.515392,38.544182],[141.515617,38.544249],[141.515792,38.544382],[141.515992,38.544424],[141.515992,38.544316],[141.515842,38.544132],[141.515467,38.543866],[141.515467,38.543732],[141.515555,38.543707],[141.515617,38.543732],[141.515705,38.543866],[141.51593,38.544041],[141.516079,38.544107],[141.516167,38.544107],[141.516242,38.544041],[141.516217,38.543882],[141.515842,38.543524],[141.515405,38.543457],[141.515317,38.543307],[141.515355,38.543099],[141.51543,38.542991],[141.515605,38.542916],[141.51578,38.542941],[141.516005,38.543166],[141.516354,38.543391],[141.516442,38.543391],[141.516554,38.543341],[141.516529,38.543158],[141.516405,38.542983],[141.516542,38.542416],[141.516455,38.542258],[141.516205,38.542174],[141.51608,38.542083],[141.51608,38.541833],[141.51628,38.541558],[141.516295,38.541366],[141.516242,38.541158],[141.516217,38.540974],[141.516323,38.540884],[141.51646,38.540792],[141.516592,38.540683],[141.516667,38.540525],[141.516642,38.540383],[141.516692,38.540116],[141.516867,38.540116],[141.516955,38.540341],[141.517155,38.540266],[141.517267,38.540158],[141.517417,38.540091],[141.517504,38.540225],[141.517679,38.540266],[141.517792,38.5402],[141.517779,38.539991],[141.517729,38.53975],[141.517817,38.539683],[141.518154,38.539516],[141.518667,38.539383],[141.519217,38.539308],[141.519792,38.539283],[141.520329,38.5393],[141.521217,38.539383],[141.521479,38.539608],[141.521917,38.540083],[141.522041,38.540533],[141.521904,38.541183],[141.521954,38.541483],[141.522129,38.541616],[141.522241,38.541591],[141.522416,38.541433],[141.522591,38.541341],[141.522704,38.541358],[141.523141,38.541633],[141.523366,38.5419],[141.523816,38.542983],[141.524104,38.543499],[141.524229,38.544033],[141.524366,38.544308],[141.524716,38.544666],[141.524741,38.544824],[141.524729,38.545474],[141.524929,38.545907],[141.524816,38.546291],[141.524991,38.546449],[141.525253,38.546466],[141.525716,38.546532],[141.525766,38.546574],[141.525828,38.546732],[141.526003,38.546799],[141.526166,38.546757],[141.526366,38.546507],[141.526453,38.546324],[141.526741,38.546182],[141.526916,38.546274],[141.527141,38.546474],[141.527316,38.546724],[141.527516,38.546857],[141.527666,38.546899],[141.527666,38.546741],[141.527741,38.546516],[141.527916,38.546491],[141.528003,38.546516],[141.528153,38.546649],[141.528441,38.546766],[141.528778,38.546807],[141.529191,38.546957],[141.529566,38.547232],[141.529878,38.547407],[141.53014,38.547632],[141.53049,38.548016],[141.530628,38.548257],[141.530778,38.548416],[141.53109,38.548457],[141.531928,38.548882],[141.532278,38.548899],[141.53264,38.548491],[141.53275,38.548355],[141.532903,38.548291],[141.53304,38.548316],[141.533153,38.548266],[141.533103,38.548157],[141.532953,38.548016],[141.532803,38.547791],[141.532715,38.547482],[141.532453,38.546824],[141.53254,38.546599],[141.53274,38.546441],[141.533028,38.546441],[141.533515,38.546233],[141.533853,38.546299],[141.534028,38.546499],[141.534553,38.546858],[141.534803,38.546808],[141.534753,38.546658],[141.534603,38.546541],[141.534578,38.546341],[141.534603,38.545908],[141.53454,38.545616],[141.53459,38.545458],[141.534878,38.545366],[141.534965,38.545258],[141.534928,38.545166],[141.53459,38.5446],[141.53449,38.544308],[141.53414,38.543566],[141.534053,38.543158],[141.534078,38.542708],[141.534103,38.541808],[141.53424,38.541742],[141.534415,38.541467],[141.534353,38.541358],[141.534003,38.54145],[141.53389,38.54145],[141.533865,38.541317],[141.534115,38.541267],[141.534265,38.5412],[141.534265,38.541067],[141.534115,38.54075],[141.53414,38.5407],[141.534228,38.5407],[141.534603,38.54095],[141.534715,38.540883],[141.534453,38.540608],[141.534078,38.54025],[141.533878,38.5403],[141.533565,38.5403],[141.533453,38.540275],[141.532466,38.539808],[141.532091,38.539542],[141.531916,38.539342],[141.531916,38.539092],[141.531853,38.5388],[141.531878,38.538509],[141.532028,38.538392],[141.532166,38.53835],[141.532291,38.538417],[141.532653,38.538434],[141.532803,38.538234],[141.532653,38.53805],[141.532366,38.537875],[141.531841,38.537425],[141.531266,38.537175],[141.530666,38.536842],[141.530453,38.536617],[141.530428,38.53635],[141.530453,38.535876],[141.530566,38.535584],[141.530616,38.535217],[141.530528,38.534909],[141.530328,38.534526],[141.530353,38.534459],[141.530716,38.533892],[141.530853,38.533551],[141.530678,38.533101],[141.530716,38.533034],[141.530853,38.532826],[141.530853,38.532759],[141.531303,38.532284],[141.531703,38.531984],[141.532016,38.531876],[141.532328,38.531801],[141.532966,38.531776],[141.533228,38.531843],[141.533478,38.532134],[141.533278,38.532201],[141.533753,38.532701],[141.534141,38.532468],[141.534553,38.532559],[141.535066,38.532484],[141.535353,38.532418],[141.535465,38.532418],[141.535753,38.532551],[141.535928,38.532776],[141.53599,38.532751],[141.536103,38.532618],[141.536103,38.53246],[141.535978,38.532318],[141.536328,38.532593],[141.536478,38.532951],[141.536565,38.532976],[141.536615,38.532926],[141.53644,38.53216],[141.536265,38.531893],[141.536028,38.531693],[141.536065,38.531668],[141.536315,38.531868],[141.53644,38.53191],[141.536578,38.53191],[141.53664,38.531776],[141.536628,38.531526],[141.53669,38.531501],[141.536753,38.531551],[141.537128,38.53166],[141.537203,38.53166],[141.537753,38.531951],[141.538015,38.532151],[141.539078,38.532101],[141.539278,38.53201],[141.539328,38.531868],[141.539278,38.531826],[141.539103,38.531785],[141.538728,38.53111],[141.537965,38.530143],[141.53799,38.530052],[141.53814,38.530027],[141.538403,38.53016],[141.538628,38.53021],[141.538803,38.53016],[141.538803,38.530052],[141.538653,38.52996],[141.53854,38.529827],[141.538628,38.529735],[141.53899,38.529577],[141.53919,38.529552],[141.539228,38.52946],[141.539103,38.529343],[141.538928,38.529052],[141.53919,38.529052],[141.53919,38.52901],[141.53899,38.528877],[141.538953,38.52851],[141.539153,38.528535],[141.53959,38.528535],[141.53979,38.528443],[141.539928,38.528285],[141.539903,38.528077],[141.539715,38.527744],[141.539515,38.527452],[141.539778,38.52736],[141.540003,38.527427],[141.540065,38.527402],[141.540003,38.527202],[141.540028,38.527044],[141.540115,38.527035],[141.540115,38.52681],[141.540315,38.526719],[141.54054,38.526944],[141.540628,38.526877],[141.54054,38.526702],[141.540653,38.52661],[141.540853,38.526602],[141.54094,38.526719],[141.541065,38.526785],[141.541315,38.526719],[141.541803,38.526444],[141.541915,38.526219],[141.54194,38.525902],[141.542053,38.525561],[141.542053,38.525244],[141.541728,38.524844],[141.541815,38.524702],[141.542065,38.524661],[141.54224,38.524677],[141.54239,38.524836],[141.542565,38.525152],[141.54274,38.525219],[141.542765,38.525194],[141.542703,38.524994],[141.542815,38.524877],[141.543078,38.524786],[141.543365,38.524919],[141.544252,38.524894],[141.544515,38.524977],[141.545027,38.525269],[141.545202,38.525244],[141.545227,38.524769],[141.54534,38.524569],[141.545515,38.524519],[141.545965,38.524453],[141.546227,38.524361],[141.546277,38.524319],[141.546365,38.524111],[141.546302,38.523861],[141.546206,38.523788],[141.546218,38.523734],[141.546302,38.523686],[141.546103,38.52252],[141.545952,38.522486],[141.545777,38.522494],[141.545635,38.522294],[141.545402,38.522111],[141.54549,38.521903],[141.545652,38.521903],[141.545677,38.521661],[141.54494,38.521395],[141.544852,38.521253],[141.544865,38.520786],[141.544815,38.52047],[141.544553,38.520128],[141.544353,38.52002],[141.544265,38.52002],[141.544228,38.520086],[141.544144,38.52014],[141.54406,38.520209],[141.544003,38.520373],[141.543845,38.520364],[141.54349,38.520111],[141.543403,38.519911],[141.54299,38.51937],[141.542765,38.519153],[141.54259,38.518903],[141.54244,38.518786],[141.54239,38.518836],[141.542329,38.518945],[141.542265,38.518995],[141.541953,38.518953],[141.54184,38.518728],[141.54164,38.518453],[141.541403,38.518278],[141.541265,38.518278],[141.541115,38.51837],[141.540966,38.518274],[141.54089,38.518012],[141.540765,38.517812],[141.540565,38.517787],[141.540016,38.51732],[141.540016,38.516887],[141.539641,38.516528],[141.539316,38.516395],[141.539162,38.516413],[141.539028,38.516512],[141.538898,38.516597],[141.538628,38.516628],[141.538578,38.516562],[141.538603,38.516495],[141.538828,38.516378],[141.539058,38.516323],[141.539178,38.51622],[141.539178,38.515995],[141.538853,38.515678],[141.538703,38.515362],[141.538441,38.51507],[141.538216,38.514895],[141.538128,38.514712],[141.538266,38.514645],[141.538503,38.514687],[141.538666,38.514645],[141.538666,38.514487],[141.538503,38.514437],[141.538203,38.514012],[141.538316,38.513854],[141.538424,38.513877],[141.538666,38.513854],[141.538778,38.513762],[141.539341,38.512946],[141.539453,38.512604],[141.539416,38.511437],[141.539328,38.511137],[141.539203,38.510912],[141.539091,38.510871],[141.538916,38.511054],[141.538816,38.511321],[141.537978,38.511237],[141.536916,38.511062],[141.536141,38.510821],[141.535904,38.510821],[141.535816,38.510646],[141.535841,38.510079],[141.535704,38.509904],[141.535666,38.509746],[141.535529,38.509654],[141.535354,38.509679],[141.535041,38.509796],[141.534804,38.509812],[141.534691,38.509679],[141.534516,38.509571],[141.534229,38.509529],[141.534179,38.509321],[141.534029,38.509121],[141.533804,38.509079],[141.533766,38.508963],[141.533904,38.508671],[141.534166,38.508421],[141.534366,38.508304],[141.535054,38.508013],[141.535454,38.508096],[141.535591,38.508279],[141.535916,38.508229],[141.535904,38.508071],[141.536429,38.507913],[141.536679,38.507688],[141.536591,38.507371],[141.536616,38.507121],[141.536391,38.507079],[141.536329,38.506963],[141.536291,38.506696],[141.536379,38.506446],[141.536441,38.50638],[141.536441,38.506155],[141.536516,38.506013],[141.536754,38.505988],[141.537466,38.506146],[141.537866,38.506121],[141.537891,38.506071],[141.537841,38.505896],[141.537891,38.505713],[141.537579,38.505396],[141.537454,38.50513],[141.537604,38.504971],[141.538079,38.504738],[141.538429,38.504222],[141.538679,38.504355],[141.538829,38.50438],[141.538879,38.504355],[141.538791,38.504172],[141.538566,38.503947],[141.538566,38.503905],[141.538679,38.503788],[141.538616,38.503272],[141.538641,38.503163],[141.53871,38.503024],[141.538741,38.50293],[141.538816,38.50278],[141.539104,38.502597],[141.539404,38.502463],[141.539654,38.502488],[141.539879,38.502538],[141.540053,38.502538],[141.540228,38.502605],[141.540353,38.50288],[141.540391,38.503038],[141.540341,38.503438],[141.540453,38.503647],[141.540628,38.503797],[141.540603,38.504205],[141.540666,38.50443],[141.540778,38.504613],[141.540841,38.504638],[141.54102,38.504727],[141.541216,38.50488],[141.541328,38.504905],[141.541816,38.504605],[141.541978,38.504697],[141.542153,38.504647],[141.542241,38.504555],[141.542328,38.504355],[141.542266,38.504155],[141.541941,38.50388],[141.541966,38.503455],[141.542291,38.503522],[141.542428,38.503447],[141.542403,38.503272],[141.542303,38.502938],[141.542278,38.502797],[141.542303,38.502413],[141.542191,38.501897],[141.541441,38.501422],[141.541091,38.501255],[141.540941,38.500939],[141.540691,38.500672],[141.540661,38.500547],[141.540678,38.500422],[141.540778,38.500289],[141.540804,38.499855],[141.540729,38.499747],[141.540304,38.499422],[141.539966,38.498947],[141.539991,38.498722],[141.539966,38.498497],[141.539891,38.498406],[141.539666,38.498431],[141.539516,38.498606],[141.539291,38.498581],[141.539216,38.498472],[141.539216,38.498289],[141.539166,38.498089],[141.538891,38.497814],[141.538603,38.497717],[141.538441,38.497814],[141.538491,38.498147],[141.538366,38.498281],[141.538141,38.498439],[141.538104,38.498597],[141.538154,38.498805],[141.538079,38.499005],[141.537929,38.499247],[141.537704,38.499364],[141.537229,38.499247],[141.537029,38.499314],[141.536879,38.499289],[141.536729,38.499172],[141.536154,38.49888],[141.536204,38.498497],[141.536529,38.498139],[141.536516,38.497914],[141.536566,38.497597],[141.536416,38.497481],[141.536216,38.497414],[141.535967,38.496956],[141.536129,38.496622],[141.536054,38.496556],[141.535742,38.496547],[141.535329,38.496322],[141.535029,38.496206],[141.534742,38.496364],[141.534717,38.496456],[141.534592,38.496522],[141.534167,38.496606],[141.533992,38.496422],[141.533692,38.496089],[141.533429,38.495906],[141.533304,38.495681],[141.533304,38.495522],[141.533454,38.495339],[141.533929,38.495072],[141.533879,38.495006],[141.534004,38.494964],[141.534254,38.494939],[141.534454,38.494989],[141.534604,38.495056],[141.534754,38.495081],[141.534917,38.494898],[141.535192,38.494739],[141.535067,38.494448],[141.535117,38.494181],[141.535292,38.493998],[141.535092,38.493931],[141.534942,38.493906],[141.534854,38.493323],[141.535029,38.493073],[141.535179,38.493048],[141.535354,38.492939],[141.535404,38.492689],[141.535529,38.492556],[141.535567,38.492264],[141.535767,38.491773],[141.536092,38.491681],[141.536292,38.491523],[141.536392,38.491415],[141.536554,38.49139],[141.536829,38.49144],[141.536817,38.49169],[141.536992,38.492206],[141.537042,38.492231],[141.537192,38.492073],[141.537192,38.491956],[141.537092,38.491556],[141.537129,38.491306],[141.537354,38.491106],[141.537379,38.49104],[141.537354,38.490831],[141.537229,38.490723],[141.537229,38.490606],[141.537479,38.490406],[141.537392,38.49009],[141.537142,38.489881],[141.536839,38.489808],[141.536742,38.489856],[141.536617,38.489923],[141.536092,38.489873],[141.535767,38.48969],[141.535742,38.489356],[141.535717,38.48929],[141.535817,38.489156],[141.535817,38.488998],[141.535742,38.488698],[141.535729,38.488298],[141.535629,38.48809],[141.535354,38.487998],[141.534929,38.488065],[141.534567,38.48829],[141.534642,38.488515],[141.534667,38.48894],[141.534867,38.489415],[141.534754,38.489731],[141.534579,38.48984],[141.534304,38.489931],[141.534029,38.490181],[141.533779,38.49024],[141.533504,38.490015],[141.533354,38.48979],[141.533354,38.489631],[141.533279,38.489473],[141.532867,38.488973],[141.532592,38.488881],[141.532517,38.488923],[141.532405,38.489183],[141.53233,38.489331],[141.532105,38.489648],[141.531905,38.489715],[141.531705,38.489715],[141.53138,38.489481],[141.531055,38.489365],[141.53058,38.488665],[141.530405,38.488548],[141.53013,38.48844],[141.52998,38.488431],[141.52973,38.488523],[141.52948,38.488548],[141.52933,38.48859],[141.52928,38.488565],[141.52913,38.488273],[141.529005,38.488115],[141.52878,38.488115],[141.528605,38.488248],[141.528455,38.48829],[141.528255,38.48824],[141.528005,38.488306],[141.52798,38.488356],[141.52778,38.48844],[141.52758,38.488531],[141.527505,38.488531],[141.527405,38.488573],[141.527455,38.488715],[141.527455,38.488873],[141.527368,38.489098],[141.527343,38.48939],[141.527243,38.489565],[141.526943,38.489723],[141.526843,38.489831],[141.52688,38.490356],[141.52683,38.490398],[141.526705,38.490398],[141.52658,38.490306],[141.526393,38.489948],[141.526193,38.489923],[141.52598,38.490123],[141.525955,38.490373],[141.52538,38.490164],[141.52538,38.490048],[141.52548,38.490006],[141.52543,38.489873],[141.524668,38.489481],[141.524593,38.48939],[141.524043,38.489248],[141.523793,38.489223],[141.523755,38.489364],[141.523605,38.489539],[141.52373,38.490081],[141.523905,38.490289],[141.52373,38.490306],[141.523555,38.490264],[141.523305,38.490264],[141.523155,38.490373],[141.523168,38.490489],[141.523293,38.490556],[141.523668,38.490623],[141.523743,38.490689],[141.523718,38.490806],[141.523543,38.491073],[141.523493,38.491231],[141.523493,38.491389],[141.52373,38.491956],[141.52388,38.492114],[141.524105,38.492548],[141.524305,38.492772],[141.52453,38.492822],[141.52478,38.493047],[141.524805,38.493206],[141.52478,38.493522],[141.524793,38.493614],[141.525193,38.494106],[141.525393,38.494272],[141.524968,38.494556],[141.525093,38.494806],[141.524405,38.495031],[141.52423,38.494847],[141.523693,38.494464],[141.523568,38.494414],[141.52338,38.494547],[141.52323,38.495131],[141.52333,38.495472],[141.523143,38.495855],[141.523018,38.49588],[141.522668,38.495714],[141.522418,38.495764],[141.522243,38.495714],[141.522093,38.495555],[141.521755,38.494947],[141.521555,38.494781],[141.521205,38.494556],[141.52108,38.494581],[141.520955,38.494664],[141.520805,38.494914],[141.52068,38.494939],[141.520481,38.494864],[141.520256,38.494681],[141.519956,38.494347],[141.519631,38.494022],[141.519406,38.493956],[141.518881,38.494114],[141.518831,38.494022],[141.518881,38.493347],[141.518743,38.493231],[141.518493,38.493164],[141.518343,38.493089],[141.518143,38.493072],[141.517968,38.492981],[141.517818,38.492797],[141.517568,38.492614],[141.517218,38.492456],[141.516768,38.492356],[141.516493,38.492564],[141.516181,38.492672],[141.516056,38.492781],[141.515806,38.492897],[141.515281,38.492981],[141.515056,38.492956],[141.514981,38.493047],[141.515131,38.493181],[141.515581,38.493231],[141.515656,38.493297],[141.515706,38.493547],[141.515519,38.493772],[141.515469,38.493797],[141.515319,38.494022],[141.515219,38.494355],[141.515319,38.494489],[141.515743,38.494747],[141.515868,38.494789],[141.516018,38.494922],[141.515831,38.495372],[141.515606,38.496189],[141.515706,38.49628],[141.515831,38.496322],[141.515918,38.496755],[141.516093,38.496939],[141.516168,38.497205],[141.516118,38.497322],[141.515893,38.497313],[141.515618,38.497605],[141.515518,38.497605],[141.515381,38.497672],[141.515306,38.497805],[141.515506,38.498238],[141.515581,38.498755],[141.515968,38.499597],[141.516143,38.499713],[141.516274,38.499908],[141.516318,38.500072],[141.516243,38.500521],[141.516106,38.500796],[141.516106,38.50088],[141.515906,38.501196],[141.515681,38.50138],[141.515606,38.501646],[141.515543,38.501738],[141.515343,38.50178],[141.515343,38.501755],[141.515168,38.501846],[141.515093,38.502188],[141.515118,38.502413],[141.515006,38.502905],[141.514818,38.503179],[141.514556,38.503296],[141.514218,38.503388],[141.513643,38.503346],[141.513443,38.503254],[141.513031,38.503188],[141.512606,38.503079],[141.512494,38.503104],[141.512344,38.503213],[141.512431,38.503463],[141.512694,38.503646],[141.513306,38.504004],[141.513551,38.503989],[141.513706,38.503888],[141.513956,38.503838],[141.514218,38.503863],[141.514481,38.503838],[141.514768,38.503879],[141.515106,38.504038],[141.515506,38.504146],[141.515806,38.504254],[141.515943,38.504863],[141.515693,38.504913],[141.515706,38.506154],[141.516131,38.506121],[141.516081,38.506396],[141.515818,38.506396],[141.515593,38.507054],[141.515918,38.507162],[141.515518,38.507887],[141.515206,38.508254],[141.514668,38.508729],[141.514468,38.508862],[141.514006,38.508779],[141.513868,38.508804],[141.513843,38.509045],[141.514043,38.509345],[141.513731,38.50977],[141.513643,38.510137],[141.513531,38.510312],[141.513743,38.51067],[141.514081,38.510854],[141.514184,38.511135],[141.514231,38.51137],[141.514293,38.511554],[141.514268,38.511845],[141.513443,38.512662],[141.513331,38.512703],[141.513393,38.512978],[141.512393,38.51332],[141.512306,38.513237],[141.511644,38.51337],[141.511531,38.51337],[141.510556,38.513045],[141.510031,38.51282],[141.509394,38.512462],[141.509169,38.512237],[141.508696,38.512015],[141.507807,38.511909],[141.506532,38.511803],[141.505982,38.511737],[141.505207,38.511587],[141.504769,38.511453],[141.504594,38.511278],[141.504569,38.510912],[141.504507,38.510778],[141.504044,38.51067],[141.503932,38.510537],[141.503582,38.509428],[141.503482,38.50882],[141.503569,38.508462],[141.503394,38.508262],[141.503261,38.508297],[141.503132,38.508395],[141.503059,38.508491],[141.502953,38.508663],[141.502703,38.5089],[141.50197,38.509262],[141.501682,38.509628],[141.50157,38.509962],[141.501414,38.510265],[141.501116,38.510443],[141.500962,38.51051],[141.500754,38.51054],[141.500495,38.510536],[141.500207,38.510561],[141.500114,38.510642],[141.499928,38.510723],[141.49972,38.510761],[141.49932,38.510811],[141.498545,38.511086],[141.49837,38.511086],[141.497995,38.511028],[141.497107,38.510603],[141.497045,38.510536],[141.496925,38.510409],[141.496752,38.510086],[141.496645,38.509636],[141.496507,38.509514],[141.496395,38.50942],[141.496058,38.509378],[141.49587,38.509495],[141.495808,38.50947],[141.495595,38.509245],[141.495258,38.509045],[141.49502,38.50897],[141.494608,38.508753],[141.49392,38.508753],[141.493858,38.508836],[141.493806,38.509131],[141.493758,38.509245],[141.493345,38.509561],[141.493233,38.510011],[141.49342,38.510595],[141.493595,38.510753],[141.493783,38.511094],[141.493808,38.511228],[141.493695,38.511411],[141.49337,38.511586],[141.493183,38.511811],[141.493118,38.511857],[141.49302,38.511903],[141.492745,38.512244],[141.492495,38.512403],[141.491858,38.512419],[141.49167,38.512511],[141.491533,38.512669],[141.491558,38.513436],[141.491508,38.513636],[141.491258,38.513911],[141.491045,38.513844],[141.490546,38.514044],[141.490596,38.514269],[141.489783,38.514427],[141.489421,38.514252],[141.488408,38.514477],[141.488233,38.514744],[141.487971,38.514952],[141.487583,38.51506],[141.487246,38.515285],[141.487008,38.51556],[141.486646,38.51576],[141.486208,38.515785],[141.485796,38.515919],[141.484896,38.516935],[141.484621,38.51736],[141.484096,38.518552],[141.483909,38.519027],[141.483684,38.519393],[141.483409,38.51966],[141.482921,38.519935],[141.482784,38.519976],[141.482671,38.519793],[141.481796,38.520001],[141.481659,38.520318],[141.481459,38.520293],[141.481134,38.520176],[141.480309,38.519776],[141.479559,38.519501],[141.479009,38.519685],[141.478734,38.51996],[141.478359,38.520676],[141.478059,38.520884],[141.477697,38.520809],[141.477172,38.520793],[141.476709,38.520951],[141.476322,38.520926],[141.475634,38.520659],[141.475222,38.520451],[141.474809,38.520434],[141.474509,38.520543],[141.47391,38.520884],[141.47196,38.520934],[141.47141,38.521001],[141.470972,38.521176],[141.470147,38.521292],[141.46956,38.521267],[141.469347,38.521184],[141.468573,38.520393],[141.46816,38.520076],[141.46731,38.517893],[141.466898,38.517826],[141.46651,38.517126],[141.466948,38.515618],[141.46668,38.515388],[141.466285,38.515126],[141.465073,38.514376],[141.464748,38.514135],[141.464423,38.513976],[141.464085,38.51386],[141.464523,38.512102],[141.46551,38.512893],[141.465898,38.513118],[141.466373,38.513252],[141.466748,38.51341],[141.466785,38.51361],[141.467085,38.513677],[141.467135,38.51361],[141.467823,38.513927],[141.468598,38.51456],[141.468985,38.514918],[141.469472,38.515251],[141.470222,38.515618],[141.470522,38.51586],[141.470735,38.516176],[141.470822,38.516585],[141.47121,38.51701],[141.471647,38.517143],[141.47201,38.517593],[141.472085,38.517643],[141.472447,38.518093],[141.472697,38.518251],[141.472935,38.518251],[141.473022,38.518135],[141.47311,38.518093],[141.47321,38.517935],[141.473572,38.517801],[141.47396,38.517751],[141.474622,38.517868],[141.474697,38.517843],[141.474972,38.517868],[141.475059,38.51771],[141.475222,38.517568],[141.475222,38.51741],[141.475359,38.517076],[141.475634,38.516826],[141.476009,38.516335],[141.476509,38.51581],[141.477009,38.515677],[141.477197,38.515427],[141.477309,38.51511],[141.477272,38.514735],[141.477309,38.51466],[141.478622,38.513535],[141.478847,38.513669],[141.479309,38.51331],[141.479997,38.51306],[141.480184,38.51286],[141.480384,38.512769],[141.480521,38.512544],[141.480734,38.512361],[141.480984,38.512227],[141.481121,38.512094],[141.481371,38.511961],[141.481971,38.512069],[141.482109,38.512069],[141.482546,38.512227],[141.482709,38.512186],[141.482846,38.511977],[141.482821,38.511577],[141.482771,38.511436],[141.483009,38.511194],[141.483146,38.511144],[141.483534,38.510852],[141.483809,38.510803],[141.484196,38.510694],[141.484309,38.510494],[141.484271,38.510178],[141.484384,38.510061],[141.484821,38.510111],[141.485321,38.509953],[141.485484,38.509769],[141.485621,38.509386],[141.485709,38.509228],[141.485709,38.509069],[141.485846,38.508778],[141.485896,38.508778],[141.486033,38.508661],[141.486146,38.508436],[141.486471,38.508278],[141.486721,38.508103],[141.486746,38.507828],[141.486735,38.507699],[141.486771,38.507603],[141.486996,38.507511],[141.487371,38.507445],[141.487621,38.507536],[141.487846,38.507378],[141.487983,38.50722],[141.488058,38.506978],[141.488008,38.506728],[141.487846,38.506595],[141.487596,38.506278],[141.487121,38.506003],[141.486958,38.505778],[141.487208,38.505103],[141.487458,38.505037],[141.488221,38.50497],[141.488446,38.505012],[141.488658,38.504995],[141.488883,38.505037],[141.489021,38.504995],[141.489158,38.504903],[141.489108,38.504587],[141.488558,38.504203],[141.488521,38.504137],[141.488171,38.50382],[141.487671,38.503462],[141.487483,38.503503],[141.487346,38.503487],[141.487146,38.503345],[141.487046,38.503212],[141.486954,38.503131],[141.486908,38.503028],[141.486759,38.501929],[141.486809,38.501529],[141.487084,38.501545],[141.487408,38.50112],[141.487521,38.500962],[141.487496,38.50087],[141.487746,38.500645],[141.487933,38.500537],[141.487983,38.500537],[141.488071,38.500604],[141.488458,38.500645],[141.488708,38.500645],[141.488733,38.500512],[141.488708,38.500221],[141.488758,38.500154],[141.488946,38.500037],[141.489171,38.499721],[141.489246,38.499404],[141.489171,38.498937],[141.489243,38.4988],[141.489421,38.498712],[141.489633,38.498621],[141.489696,38.498662],[141.489908,38.498637],[141.489996,38.498554],[141.490021,38.498396],[141.490133,38.498346],[141.490383,38.498462],[141.490846,38.498754],[141.491583,38.498954],[141.491758,38.498979],[141.492083,38.498904],[141.492446,38.498929],[141.492883,38.499337],[141.492933,38.499429],[141.49332,38.499604],[141.493845,38.499721],[141.494345,38.499762],[141.495058,38.499696],[141.495333,38.499696],[141.495445,38.499763],[141.49552,38.499896],[141.495495,38.500187],[141.495545,38.500437],[141.49577,38.500529],[141.495995,38.500546],[141.496095,38.500529],[141.496233,38.500437],[141.49637,38.500096],[141.496345,38.499579],[141.496433,38.499313],[141.496295,38.498638],[141.496345,38.497796],[141.496283,38.497188],[141.49632,38.496896],[141.49577,38.496563],[141.495708,38.49643],[141.495795,38.496205],[141.496145,38.495905],[141.49642,38.495705],[141.496683,38.495513],[141.496858,38.495405],[141.496958,38.495405],[141.49707,38.495355],[141.497095,38.495271],[141.49702,38.49513],[141.496945,38.494971],[141.496795,38.49488],[141.496595,38.494655],[141.496574,38.494533],[141.496507,38.494415],[141.49642,38.494263],[141.496333,38.494171],[141.496333,38.493813],[141.496283,38.493772],[141.496145,38.493772],[141.496095,38.49368],[141.49622,38.49323],[141.496083,38.492938],[141.496033,38.492913],[141.495595,38.492913],[141.495458,38.492822],[141.495295,38.492647],[141.49507,38.492305],[141.494958,38.492263],[141.494745,38.49228],[141.49457,38.492438],[141.494358,38.492463],[141.493706,38.492297],[141.493583,38.49213],[141.493421,38.491447],[141.493496,38.491313],[141.493496,38.491047],[141.493333,38.490688],[141.493196,38.490547],[141.492708,38.490397],[141.492421,38.490147],[141.492071,38.489963],[141.491983,38.489805],[141.491796,38.489605],[141.491383,38.489338],[141.491176,38.489188],[141.491046,38.48913],[141.490721,38.489022],[141.490533,38.488905],[141.490533,38.488664],[141.490633,38.488389],[141.490746,38.488322],[141.491246,38.488297],[141.491396,38.488159],[141.491571,38.488139],[141.491658,38.48823],[141.491658,38.488655],[141.491708,38.488814],[141.491958,38.488814],[141.492008,38.48868],[141.491983,38.487964],[141.491621,38.487739],[141.491596,38.487739],[141.491783,38.48708],[141.492096,38.486989],[141.492446,38.486564],[141.492508,38.48643],[141.492371,38.486206],[141.492371,38.486064],[141.492304,38.48579],[141.492202,38.485332],[141.492221,38.485214],[141.492558,38.485122],[141.492883,38.485097],[141.493271,38.484964],[141.493596,38.484939],[141.493908,38.485164],[141.494146,38.485189],[141.494458,38.485139],[141.494696,38.484964],[141.495308,38.484714],[141.495471,38.484464],[141.495658,38.483364],[141.495821,38.482773],[141.495683,38.481781],[141.495608,38.481331],[141.495633,38.480948],[141.495683,38.480748],[141.496008,38.480231],[141.496121,38.480165],[141.496096,38.480115],[141.495871,38.480031],[141.495571,38.480006],[141.494746,38.480115],[141.493983,38.480165],[141.492958,38.480073],[141.492658,38.479981],[141.491996,38.479898],[141.491559,38.479939],[141.490159,38.480464],[141.489721,38.480531],[141.489284,38.480531],[141.488859,38.480439],[141.488171,38.480123],[141.487621,38.479581],[141.487346,38.479248],[141.487296,38.479356],[141.487071,38.479498],[141.486834,38.479723],[141.486309,38.479948],[141.485709,38.480148],[141.484522,38.480647],[141.484059,38.480781],[141.483559,38.480739],[141.482922,38.480581],[141.482272,38.480806],[141.481447,38.480781],[141.480997,38.480922],[141.48026,38.481397],[141.47966,38.481689],[141.47916,38.481847],[141.47856,38.481914],[141.477947,38.481914],[141.47691,38.48203],[141.476297,38.482272],[141.47581,38.482322],[141.47466,38.482072],[141.473385,38.482097],[141.472873,38.482164],[141.472623,38.482255],[141.47251,38.482438],[141.472423,38.482822],[141.47251,38.483455],[141.472398,38.48368],[141.47056,38.484671],[141.470423,38.484805],[141.470148,38.485188],[141.470035,38.485546],[141.469735,38.486296],[141.46976,38.486605],[141.469985,38.487371],[141.470323,38.488096],[141.470348,38.488413],[141.470323,38.488863],[141.47016,38.489379],[141.469885,38.489696],[141.46936,38.489963],[141.468948,38.490054],[141.468535,38.490012],[141.467648,38.489721],[141.467236,38.489696],[141.466136,38.490037],[141.465148,38.490171],[141.464711,38.490171],[141.464348,38.490079],[141.463861,38.490171],[141.463448,38.490287],[141.462761,38.490312],[141.462699,38.490329],[141.461711,38.490379],[141.461361,38.49047],[141.461086,38.49072],[141.460724,38.491237],[141.459899,38.491845],[141.459024,38.492587],[141.458861,38.492678],[141.458549,38.492495],[141.457811,38.491912],[141.457424,38.491462],[141.456487,38.49047],[141.455999,38.49007],[141.455587,38.48982],[141.455037,38.489279],[141.454174,38.487995],[141.453237,38.487387],[141.452887,38.487054],[141.452525,38.486446],[141.452275,38.485812],[141.452087,38.485521],[141.45175,38.485337],[141.45055,38.485046],[141.450162,38.484912],[141.4498,38.484737],[141.44975,38.484621],[141.450075,38.483429],[141.450137,38.482954],[141.450075,38.482638],[141.449912,38.482346],[141.449612,38.482279],[141.448613,38.482304],[141.447788,38.482171],[141.447138,38.481921],[141.44655,38.481738],[141.44565,38.481113],[141.444963,38.480754],[141.444276,38.480479],[141.442701,38.480013],[141.442101,38.479763],[141.441438,38.479579],[141.440501,38.479379],[141.440176,38.479088],[141.440089,38.479138],[141.439351,38.479746],[141.438639,38.480129],[141.437039,38.480671],[141.435839,38.481346],[141.435702,38.481462],[141.435227,38.481687],[141.434627,38.481779],[141.434014,38.481712],[141.433252,38.48187],[141.432752,38.48207],[141.432314,38.482429],[141.432102,38.482745],[141.431852,38.483287],[141.431514,38.483512],[141.430864,38.483803],[141.430115,38.484037],[141.429127,38.483695],[141.42894,38.483653],[141.428665,38.483653],[141.428165,38.483745],[141.427427,38.484103],[141.427015,38.484103],[141.42649,38.484061],[141.426015,38.483945],[141.425528,38.48377],[141.425503,38.483786],[141.425253,38.484128],[141.425115,38.484645],[141.42424,38.484936],[141.423853,38.485161],[141.422915,38.485886],[141.42264,38.486019],[141.422478,38.486044],[141.421928,38.486044],[141.420853,38.485844],[141.420353,38.485844],[141.420141,38.485961],[141.419866,38.486703],[141.419641,38.486861],[141.419291,38.486886],[141.419128,38.486811],[141.418878,38.486611],[141.418603,38.486319],[141.417328,38.485844],[141.417091,38.485686],[141.416778,38.485378],[141.416703,38.485328],[141.416091,38.485036],[141.415629,38.484861],[141.414941,38.484744],[141.414716,38.484811],[141.414554,38.484969],[141.414416,38.485444],[141.413954,38.486527],[141.413679,38.486819],[141.413266,38.486936],[141.412766,38.486952],[141.412304,38.487186],[141.412279,38.487252],[141.411641,38.487836],[141.411291,38.488019],[141.410404,38.488019],[141.410104,38.488127],[141.409942,38.488427],[141.409742,38.488669],[141.409442,38.488827],[141.408779,38.488985],[141.408017,38.489235],[141.407929,38.489419],[141.407904,38.489935],[141.407829,38.49021],[141.407492,38.490452],[141.407104,38.490677],[141.407029,38.490793],[141.406617,38.491085],[141.406454,38.491135],[141.405954,38.49111],[141.405404,38.491227],[141.404967,38.491377],[141.404767,38.491385],[141.404355,38.491293],[141.403705,38.491243],[141.40318,38.491177],[141.402842,38.491293],[141.402605,38.491543],[141.402055,38.491676],[141.401005,38.491793],[141.400642,38.49186],[141.400367,38.491993],[141.400042,38.49251],[141.39988,38.492985],[141.399305,38.493726],[141.399305,38.494026],[141.39903,38.494568],[141.398755,38.495334],[141.398505,38.495759],[141.39848,38.496301],[141.398392,38.496617],[141.398067,38.496976],[141.398005,38.497092],[141.397955,38.497542],[141.398005,38.497901],[141.398555,38.498667],[141.398555,38.498984],[141.39848,38.499075],[141.398092,38.499209],[141.396767,38.499409],[141.396605,38.499592],[141.396355,38.5007],[141.39523,38.500858],[141.394605,38.501175],[141.39413,38.501417],[141.393805,38.501667],[141.393505,38.501983],[141.393168,38.502258],[141.392868,38.502641],[141.392593,38.502683],[141.392068,38.502433],[141.39113,38.502283],[141.390555,38.502008],[141.390143,38.50185],[141.389568,38.501783],[141.389206,38.501808],[141.388743,38.5019],[141.388218,38.501925],[141.388006,38.501858],[141.386706,38.501583],[141.386181,38.501341],[141.385631,38.501183],[141.384756,38.501183],[141.384619,38.501208],[141.384319,38.500983],[141.383906,38.500841],[141.383681,38.500825],[141.383081,38.500866],[141.382556,38.501008],[141.381781,38.501008],[141.381406,38.501141],[141.380744,38.501591],[141.380244,38.501974],[141.379444,38.502491],[141.379069,38.502699],[141.378519,38.502791],[141.377857,38.502807],[141.377307,38.502741],[141.376832,38.502591],[141.37582,38.502141],[141.375295,38.501982],[141.374857,38.501916],[141.374357,38.501982],[141.373757,38.502116],[141.373207,38.502115],[141.373045,38.502099],[141.37197,38.501665],[141.37151,38.501541],[141.37142,38.501649],[141.371195,38.50169],[141.371033,38.501674],[141.37067,38.501757],[141.370508,38.501899],[141.36977,38.50244],[141.369158,38.502707],[141.368895,38.502865],[141.369208,38.502957],[141.36922,38.502982],[141.36902,38.503157],[141.368695,38.503315],[141.36802,38.503423],[141.36727,38.503282],[141.36702,38.503282],[141.366658,38.503365],[141.365958,38.503723],[141.365458,38.503857],[141.365133,38.503898],[141.364508,38.503873],[141.364183,38.503731],[141.363808,38.503481],[141.363508,38.503165],[141.363283,38.502981],[141.363221,38.502915],[141.363146,38.502806],[141.362896,38.502598],[141.362621,38.502531],[141.362283,38.502531],[141.361596,38.502956],[141.361433,38.503131],[141.361183,38.503265],[141.360708,38.503323],[141.360509,38.503281],[141.360434,38.503215],[141.360371,38.502956],[141.360221,38.502581],[141.360196,38.50204],[141.360146,38.501973],[141.359371,38.501573],[141.358909,38.501256],[141.358134,38.500515],[141.357609,38.499907],[141.357147,38.499682],[141.357009,38.499657],[141.356509,38.499473],[141.356147,38.499248],[141.355597,38.498798],[141.354497,38.49869],[141.354197,38.498582],[141.353785,38.498107],[141.35351,38.497474],[141.353285,38.497207],[141.35241,38.496665],[141.352111,38.496374],[141.351723,38.495649],[141.351086,38.494666],[141.350424,38.493424],[141.350311,38.492974],[141.350286,38.492499],[141.350174,38.492008],[141.349824,38.491416],[141.348687,38.490358],[141.348749,38.490274],[141.349099,38.490133],[141.349762,38.489974],[141.350149,38.489841],[141.350562,38.489591],[141.350774,38.489325],[141.350774,38.48905],[141.350612,38.488441],[141.350087,38.487141],[141.350037,38.486575],[141.349862,38.486258],[141.34975,38.485742],[141.34965,38.485675],[141.349038,38.485492],[141.3481,38.485042],[141.347638,38.484667],[141.347038,38.4839],[141.346513,38.483608],[141.345988,38.483425],[141.344664,38.483317],[141.344526,38.483158],[141.343677,38.481242],[141.343477,38.481017],[141.342689,38.480409],[141.342102,38.479692],[141.34194,38.479551],[141.34104,38.479217],[141.340015,38.478742],[141.339165,38.478292],[141.339053,38.478317],[141.338503,38.478767],[141.338253,38.478834],[141.337928,38.478725],[141.337766,38.478501],[141.337566,38.477617],[141.337378,38.477234],[141.337216,38.477059],[141.336804,38.476901],[141.336166,38.476742],[141.335641,38.476476],[141.335367,38.476251],[141.335092,38.476201],[141.334604,38.476317],[141.333667,38.476701],[141.333167,38.476792],[141.332642,38.476767],[141.332092,38.476701],[141.331742,38.476459],[141.331517,38.476234],[141.330479,38.475667],[141.330117,38.475442],[141.329479,38.475717],[141.329204,38.475892],[141.328829,38.476326],[141.328354,38.476684],[141.328191,38.476725],[141.327666,38.476592],[141.327341,38.476642],[141.326929,38.476909],[141.326654,38.477225],[141.326428,38.477742],[141.326241,38.477767],[141.325691,38.477659],[141.325091,38.477475],[141.324866,38.477225],[141.324778,38.476892],[141.324816,38.476142],[141.324841,38.476009],[141.324679,38.475692],[141.323791,38.474934],[141.323566,38.474792],[141.323016,38.474817],[141.322616,38.474884],[141.322253,38.475134],[141.321378,38.475567],[141.320903,38.4757],[141.320328,38.4755],[141.319503,38.474734],[141.319278,38.474601],[141.318903,38.474575],[141.318016,38.474684],[141.317028,38.474917],[141.31684,38.474892],[141.316778,38.474709],[141.316778,38.474309],[141.31689,38.473992],[141.317578,38.473476],[141.317716,38.473109],[141.317578,38.472142],[141.317578,38.471268],[141.317491,38.471059],[141.317278,38.470726],[141.316966,38.469801],[141.316503,38.469618],[141.316478,38.469351],[141.316578,38.468968],[141.316891,38.468268],[141.316828,38.468018],[141.316478,38.467635],[141.316066,38.467618],[141.315616,38.467701],[141.314878,38.467935],[141.314028,38.468001],[141.31204,38.468501],[141.311503,38.468568],[141.31084,38.468501],[141.308965,38.468093],[141.30779,38.467801],[141.307152,38.467693],[141.306827,38.467709],[141.305777,38.467943],[141.304678,38.467984],[141.30394,38.467943],[141.30374,38.467918],[141.303715,38.468076],[141.303778,38.468392],[141.30374,38.468709],[141.303527,38.468976],[141.302752,38.469609],[141.302503,38.469926],[141.302365,38.470401],[141.302402,38.471617],[141.302102,38.472542],[141.301927,38.4736],[141.30179,38.4738],[141.300153,38.474408],[141.299703,38.47455],[141.29874,38.47475],[141.298528,38.474342],[141.29654,38.471467],[141.29629,38.470992],[141.296015,38.470109],[141.295853,38.468892],[141.295716,38.467451],[141.295803,38.464926],[141.295878,38.463959],[141.295991,38.463351],[141.296016,38.462476],[141.295766,38.46171],[141.295354,38.461068],[141.295104,38.461235],[141.294791,38.461301],[141.294016,38.461435],[141.293141,38.461601],[141.292491,38.461801],[141.291779,38.462043],[141.291279,38.462201],[141.290754,38.462343],[141.290154,38.462468],[141.289704,38.462351],[141.288954,38.462526],[141.288491,38.462726],[141.287579,38.463359],[141.287254,38.463542],[141.287166,38.463651],[141.287141,38.463876],[141.287191,38.464084],[141.287191,38.464259],[141.286404,38.466001],[141.285604,38.467234],[141.285466,38.467484],[141.281729,38.469067],[141.277954,38.469067],[141.277954,38.4688],[141.277904,38.468575],[141.277679,38.468283],[141.277242,38.468033],[141.276967,38.467808],[141.276642,38.467108],[141.276417,38.466817],[141.27598,38.466525],[141.275267,38.466233],[141.274692,38.465942],[141.274167,38.465825],[141.273667,38.465783],[141.27213,38.465983],[141.271643,38.466008],[141.27098,38.465992],[141.26993,38.465783],[141.26933,38.465608],[141.26683,38.4659],[141.262706,38.46505],[141.259568,38.466858],[141.258906,38.466225],[141.258669,38.466066],[141.258194,38.465908],[141.257231,38.465775],[141.256519,38.4658],[141.256081,38.46575],[141.255781,38.465616],[141.254619,38.464333],[141.254619,38.464158],[141.254819,38.463775],[141.254844,38.463458],[141.254569,38.462192],[141.254644,38.461742],[141.255056,38.461042],[141.255256,38.460642],[141.255231,38.460234],[141.255144,38.4598],[141.255119,38.4594],[141.255644,38.457934],[141.255507,38.456967],[141.255394,38.456692],[141.255332,38.456359],[141.255232,38.455567],[141.255232,38.454934],[141.255282,38.454668],[141.255257,38.454126],[141.254957,38.452051],[141.254819,38.451693],[141.254869,38.451126],[141.255057,38.450335],[141.255119,38.450318],[141.255257,38.450135],[141.255444,38.450026],[141.255582,38.449485],[141.255607,38.449051],[141.255694,38.448152],[141.255669,38.447885],[141.255532,38.447452],[141.254707,38.446735],[141.255195,38.445044],[141.257857,38.435778],[141.25877,38.433662],[141.25872,38.433503],[141.25877,38.432103],[141.258745,38.431629],[141.25877,38.43152],[141.258745,38.43122],[141.258445,38.431154],[141.25847,38.430912],[141.258445,38.430279],[141.258407,38.430004],[141.25822,38.429987],[141.257832,38.430004],[141.257783,38.429854],[141.257808,38.429604],[141.258133,38.42922],[141.258195,38.429012],[141.258108,38.428496],[141.258033,38.428229],[141.258133,38.428096],[141.258495,38.427979],[141.258545,38.427796],[141.25852,38.427529],[141.257583,38.427262],[141.256433,38.427079],[141.254845,38.426721],[141.254158,38.426604],[141.252671,38.426271],[141.252346,38.426204],[141.251896,38.426271],[141.250033,38.426746],[141.249208,38.427021],[141.248821,38.427129],[141.248658,38.427087],[141.248546,38.426971],[141.248271,38.426137],[141.248221,38.425171],[141.248134,38.424896],[141.247996,38.424113],[141.247396,38.422421],[141.246959,38.420846],[141.246871,38.420163],[141.246896,38.420121],[141.246871,38.419963],[141.246896,38.419696],[141.246959,38.41963],[141.246984,38.419446],[141.247396,38.41868],[141.247621,38.418363],[141.248084,38.41748],[141.248934,38.415497],[141.249046,38.415005],[141.248859,38.413606],[141.248459,38.412947],[141.248272,38.412589],[141.248122,38.412122],[141.247947,38.411531],[141.247909,38.410939],[141.247909,38.410456],[141.247947,38.409948],[141.248059,38.409098],[141.248122,38.40834],[141.248159,38.407698],[141.248247,38.407181],[141.248309,38.406532],[141.248367,38.406002],[141.248401,38.405864],[141.248434,38.405707],[141.248459,38.405598],[141.248247,38.405557],[141.246535,38.404944],[141.245497,38.404765],[141.24536,38.40474],[141.244035,38.404365],[141.243685,38.404307],[141.242798,38.404015],[141.239923,38.403323],[141.238136,38.40279],[141.237586,38.40264],[141.237036,38.402532],[141.236698,38.402399],[141.236373,38.402224],[141.236061,38.402157],[141.235373,38.40194],[141.234423,38.401632],[141.232386,38.40124],[141.231224,38.400824],[141.230849,38.400649],[141.230361,38.400465],[141.229499,38.400049],[141.229124,38.399915],[141.228637,38.39969],[141.228024,38.399474],[141.227399,38.399299],[141.226874,38.39919],[141.225674,38.398749],[141.225237,38.398707],[141.224437,38.398332],[141.224,38.398291],[141.223712,38.398182],[141.223425,38.398024],[141.220912,38.397124],[141.2185,38.396332],[141.217688,38.395974],[141.215988,38.395316],[141.215613,38.395132],[141.214901,38.394916],[141.213026,38.394191],[141.209914,38.392883],[141.208277,38.392308],[141.207552,38.391999],[141.207239,38.391799],[141.207114,38.391783],[141.206077,38.391383],[141.204552,38.390674],[141.203715,38.39025],[141.20159,38.389416],[141.201265,38.389325],[141.198503,38.387975],[141.197516,38.387533],[141.194316,38.385958],[141.193041,38.385175],[141.192616,38.384975],[141.191979,38.384783],[141.191292,38.384475],[141.190367,38.383958],[141.18688,38.382275],[141.18483,38.381192],[141.183668,38.380725],[141.18263,38.380009],[141.180731,38.378876],[141.179856,38.378476],[141.177843,38.377367],[141.176456,38.376501],[141.176044,38.376351],[141.174257,38.375368],[141.174119,38.375259],[141.173919,38.375151],[141.173844,38.374451],[141.173844,38.374243],[141.173732,38.374251],[141.173619,38.37441],[141.173419,38.37441],[141.172732,38.374501],[141.172619,38.374435],[141.172157,38.374468],[141.17062,38.37346],[141.169795,38.373135],[141.16872,38.37251],[141.16867,38.372535],[141.167045,38.371418],[141.166695,38.371193],[141.165308,38.370152],[141.164795,38.369819],[141.163596,38.368694],[141.162783,38.367986],[141.161946,38.366927],[141.160346,38.365119],[141.159959,38.364444],[141.159634,38.363745],[141.159159,38.362553],[141.158734,38.361295],[141.158347,38.359945],[141.158222,38.358954],[141.158172,38.357312],[141.158184,38.356612],[141.158297,38.356087],[141.158484,38.355612],[141.158797,38.355046],[141.158872,38.354887],[141.159009,38.354413],[141.159147,38.354121],[141.159216,38.354015],[141.159322,38.353896],[141.158847,38.353104],[141.158575,38.353051],[141.158384,38.352996],[141.158272,38.352888],[141.158297,38.352463],[141.158234,38.352004],[141.158109,38.351696],[141.157622,38.351221],[141.157135,38.351071],[141.156122,38.350513],[141.15566,38.350246],[141.155547,38.350255],[141.155485,38.350296],[141.155372,38.350321],[141.15456,38.349471],[141.154385,38.349313],[141.154297,38.349063],[141.154485,38.347872],[141.155022,38.34793],[141.155222,38.347822],[141.155397,38.347838],[141.155572,38.34793],[141.155597,38.347997],[141.155485,38.348538],[141.155585,38.348855],[141.155985,38.34903],[141.156447,38.34948],[141.15656,38.349546],[141.15676,38.349496],[141.156847,38.34938],[141.15681,38.349138],[141.156872,38.348838],[141.157322,38.348472],[141.15751,38.348047],[141.157597,38.347955],[141.157822,38.347572],[141.157785,38.347205],[141.15781,38.347047],[141.157697,38.34678],[141.157697,38.346672],[141.157922,38.346464],[141.158197,38.346097],[141.158197,38.345855],[141.15791,38.34538],[141.157897,38.345264],[141.15821,38.34488],[141.158297,38.344722],[141.158235,38.344314],[141.158147,38.344205],[141.157973,38.343797],[141.157798,38.343664],[141.15756,38.343597],[141.157423,38.343514],[141.157385,38.343447],[141.15741,38.343264],[141.158098,38.342964],[141.158298,38.342989],[141.158735,38.343589],[141.158935,38.343631],[141.159397,38.343514],[141.159672,38.343381],[141.15976,38.343289],[141.159897,38.342947],[141.160035,38.342381],[141.160235,38.342289],[141.16046,38.342131],[141.160623,38.341814],[141.160735,38.341789],[141.160798,38.341747],[141.16096,38.341406],[141.161223,38.341131],[141.161273,38.341106],[141.16151,38.341131],[141.161873,38.341056],[141.162235,38.340489],[141.16246,38.340398],[141.162723,38.340439],[141.162826,38.340425],[141.16306,38.340281],[141.16341,38.340456],[141.162785,38.341097],[141.162422,38.341281],[141.162135,38.341506],[141.161797,38.341847],[141.161297,38.342597],[141.16091,38.343372],[141.160622,38.343706],[141.160397,38.343889],[141.160147,38.34423],[141.160185,38.344389],[141.160235,38.344414],[141.160435,38.344414],[141.160635,38.344364],[141.160835,38.344364],[141.161122,38.344497],[141.16116,38.344605],[141.161047,38.344989],[141.160597,38.345264],[141.160197,38.34563],[141.16006,38.345905],[141.159972,38.346264],[141.159935,38.34703],[141.15996,38.34708],[141.160072,38.347097],[141.160335,38.347005],[141.16056,38.346847],[141.16076,38.347072],[141.160285,38.347997],[141.15976,38.348705],[141.159497,38.348705],[141.159385,38.348747],[141.159297,38.348997],[141.159397,38.349538],[141.159035,38.34993],[141.158897,38.35018],[141.158922,38.350313],[141.159097,38.350446],[141.159184,38.350963],[141.159247,38.350963],[141.159672,38.35073],[141.159784,38.350505],[141.159859,38.350163],[141.160172,38.34983],[141.160547,38.349663],[141.160647,38.34908],[141.160709,38.34908],[141.160909,38.348988],[141.161072,38.348755],[141.161184,38.348688],[141.161472,38.348638],[141.161547,38.348097],[141.161635,38.347963],[141.161834,38.348055],[141.161947,38.348047],[141.162184,38.348113],[141.162384,38.34843],[141.162134,38.348863],[141.162159,38.348955],[141.162134,38.34918],[141.161884,38.349288],[141.161597,38.349696],[141.161459,38.349971],[141.161272,38.350196],[141.161209,38.350446],[141.161297,38.35058],[141.161334,38.35128],[141.160909,38.35133],[141.160684,38.351446],[141.160484,38.351646],[141.160372,38.351988],[141.160459,38.352171],[141.160697,38.352238],[141.161872,38.352338],[141.163409,38.352321],[141.163584,38.352229],[141.163584,38.352071],[141.163322,38.351871],[141.162572,38.351696],[141.162459,38.351655],[141.162484,38.351496],[141.162797,38.351405],[141.163109,38.35138],[141.163434,38.351446],[141.163509,38.351288],[141.163359,38.350921],[141.163109,38.350796],[141.162969,38.350781],[141.162847,38.350771],[141.163097,38.35043],[141.163209,38.350363],[141.163472,38.350455],[141.163759,38.350496],[141.163847,38.350721],[141.164047,38.350855],[141.164159,38.350646],[141.164209,38.349696],[141.164259,38.349471],[141.164397,38.349405],[141.164547,38.34938],[141.164659,38.349421],[141.164722,38.349763],[141.164809,38.349946],[141.164997,38.350688],[141.165222,38.35073],[141.165397,38.350571],[141.165534,38.350255],[141.165584,38.34998],[141.165572,38.349505],[141.165859,38.349546],[141.165947,38.349771],[141.165847,38.35063],[141.165822,38.350696],[141.165859,38.351013],[141.165834,38.35108],[141.165459,38.351355],[141.165522,38.351513],[141.165459,38.351655],[141.165496,38.352054],[141.165621,38.352188],[141.165784,38.352188],[141.166071,38.351913],[141.166209,38.351871],[141.166384,38.351938],[141.166609,38.351913],[141.166784,38.351596],[141.166746,38.351255],[141.166521,38.35133],[141.166509,38.350763],[141.166697,38.349855],[141.166884,38.349338],[141.166997,38.349205],[141.167147,38.349263],[141.167209,38.349471],[141.167184,38.34988],[141.167247,38.350146],[141.167359,38.35033],[141.167559,38.35028],[141.167734,38.35003],[141.167784,38.349755],[141.167747,38.349463],[141.167797,38.34913],[141.167972,38.349038],[141.168209,38.349305],[141.168571,38.349255],[141.168746,38.349271],[141.168746,38.349505],[141.168559,38.349863],[141.168534,38.350046],[141.168584,38.350138],[141.168734,38.35018],[141.169071,38.349996],[141.169384,38.349363],[141.169434,38.349088],[141.169334,38.347897],[141.169184,38.34778],[141.169009,38.347738],[141.168784,38.347805],[141.168409,38.347997],[141.168422,38.348222],[141.168534,38.348355],[141.168422,38.348447],[141.167972,38.348605],[141.167447,38.348655],[141.167134,38.348205],[141.166897,38.348138],[141.166334,38.348505],[141.166159,38.348422],[141.165984,38.347947],[141.165897,38.347947],[141.165584,38.348447],[141.165072,38.348272],[141.165072,38.34818],[141.165159,38.348047],[141.165147,38.347888],[141.164697,38.348047],[141.164522,38.347963],[141.164434,38.34778],[141.164397,38.347372],[141.163909,38.347022],[141.163934,38.346747],[141.164134,38.346655],[141.164422,38.346697],[141.164734,38.346805],[141.165022,38.347055],[141.165572,38.347022],[141.165884,38.347072],[141.166247,38.346905],[141.166734,38.346947],[141.167084,38.346897],[141.167197,38.346805],[141.167109,38.346655],[141.166622,38.346497],[141.166159,38.346455],[141.165622,38.346572],[141.165359,38.34628],[141.164672,38.34613],[141.164634,38.346064],[141.164747,38.345722],[141.164547,38.345639],[141.164235,38.345614],[141.164035,38.345505],[141.163997,38.345414],[141.16416,38.345055],[141.164822,38.344755],[141.165072,38.34473],[141.165285,38.344905],[141.165335,38.345089],[141.165347,38.345272],[141.165509,38.345422],[141.166034,38.34558],[141.166172,38.34558],[141.166322,38.34553],[141.166284,38.345214],[141.166309,38.345147],[141.166459,38.345147],[141.166834,38.345372],[141.167209,38.345497],[141.167259,38.345455],[141.167259,38.345097],[141.167109,38.344805],[141.166734,38.344689],[141.166472,38.344555],[141.166585,38.344289],[141.16641,38.344155],[141.16601,38.344155],[141.16581,38.344072],[141.16581,38.343822],[141.165972,38.343664],[141.166347,38.343681],[141.16666,38.343589],[141.166722,38.343522],[141.16671,38.343181],[141.166485,38.342981],[141.166335,38.342797],[141.166422,38.342689],[141.166872,38.342681],[141.166985,38.342389],[141.16716,38.342339],[141.167535,38.342364],[141.16776,38.342739],[141.167822,38.343214],[141.167972,38.343306],[141.167922,38.343689],[141.167947,38.343756],[141.168184,38.343756],[141.168272,38.344155],[141.168359,38.344314],[141.168622,38.344247],[141.168847,38.344264],[141.168959,38.34438],[141.169109,38.344805],[141.169259,38.344847],[141.169447,38.344647],[141.169509,38.344464],[141.169472,38.34428],[141.169072,38.343789],[141.169034,38.343431],[141.168922,38.343297],[141.168884,38.343072],[141.168935,38.342639],[141.169022,38.342531],[141.168985,38.342481],[141.168785,38.342397],[141.16856,38.342197],[141.168497,38.341831],[141.16846,38.341539],[141.168522,38.341497],[141.168597,38.341497],[141.168772,38.341422],[141.168622,38.341247],[141.168622,38.341181],[141.168997,38.340998],[141.169047,38.340948],[141.169047,38.340589],[141.168822,38.340481],[141.168335,38.340573],[141.168185,38.340548],[141.168122,38.340306],[141.168322,38.339914],[141.168322,38.339764],[141.16841,38.339673],[141.168635,38.339598],[141.168947,38.339573],[141.169147,38.339531],[141.169297,38.339664],[141.16941,38.339639],[141.169485,38.339414],[141.16946,38.339298],[141.168997,38.339239],[141.168535,38.339039],[141.168422,38.339056],[141.167947,38.339406],[141.167797,38.339406],[141.167622,38.339289],[141.16731,38.338798],[141.167235,38.338348],[141.167347,38.338098],[141.167547,38.337915],[141.167747,38.337965],[141.16801,38.33794],[141.16821,38.337848],[141.16851,38.337506],[141.16831,38.337165],[141.16831,38.337006],[141.16876,38.336556],[141.16881,38.336415],[141.16881,38.336306],[141.167922,38.33609],[141.167722,38.335956],[141.167548,38.335773],[141.16741,38.335548],[141.166435,38.33334],[141.166335,38.332898],[141.166373,38.332607],[141.166523,38.33229],[141.16726,38.331757],[141.167473,38.331407],[141.167785,38.331107],[141.16811,38.33084],[141.16846,38.330665],[141.168685,38.33044],[141.168585,38.330157],[141.16871,38.329957],[141.168973,38.32974],[141.169173,38.329374],[141.169423,38.329141],[141.170448,38.328666],[141.17061,38.328532],[141.17081,38.328491],[141.170873,38.328499],[141.171023,38.328374],[141.170985,38.328182],[141.17101,38.327991],[141.171223,38.327582],[141.171398,38.327107],[141.17161,38.326833],[141.171848,38.326658],[141.17196,38.326433],[141.171623,38.326199],[141.171635,38.326149],[141.172085,38.325949],[141.172123,38.325816],[141.171998,38.325274],[141.172098,38.325149],[141.172185,38.325141],[141.172473,38.325241],[141.17291,38.325533],[141.17316,38.325533],[141.173548,38.325224],[141.173785,38.325141],[141.173873,38.325141],[141.173948,38.325224],[141.174048,38.325533],[141.174248,38.325658],[141.174573,38.325724],[141.17516,38.325599],[141.175535,38.325591],[141.176072,38.325666],[141.17611,38.325691],[141.176072,38.325691],[141.176172,38.326008],[141.17631,38.325983],[141.176372,38.325724],[141.176547,38.325558],[141.17661,38.325291],[141.17681,38.325124],[141.177322,38.325091],[141.177447,38.325191],[141.177647,38.325224],[141.177672,38.325141],[141.177635,38.325058],[141.17751,38.324983],[141.177735,38.32465],[141.17796,38.324866],[141.178047,38.324766],[141.178047,38.324666],[141.17796,38.324541],[141.178085,38.32435],[141.178247,38.3243],[141.17841,38.324366],[141.17846,38.324633],[141.17851,38.324641],[141.178997,38.32455],[141.179322,38.324391],[141.179535,38.324425],[141.179722,38.324616],[141.17981,38.324616],[141.180097,38.324316],[141.18036,38.324166],[141.180522,38.324175],[141.180634,38.324133],[141.180535,38.324025],[141.18056,38.32395],[141.180922,38.3236],[141.181209,38.323741],[141.181297,38.323716],[141.181284,38.32365],[141.181097,38.323425],[141.181109,38.323291],[141.181297,38.323025],[141.182272,38.322375],[141.182647,38.321967],[141.182747,38.321575],[141.182697,38.321442],[141.182597,38.3214],[141.182509,38.321417],[141.182297,38.321525],[141.181997,38.321875],[141.181585,38.322292],[141.180935,38.322483],[141.180297,38.3228],[141.179572,38.322833],[141.17841,38.3233],[141.177935,38.323441],[141.177435,38.323483],[141.176972,38.323391],[141.176772,38.323208],[141.176747,38.322925],[141.176772,38.32285],[141.177197,38.3224],[141.177272,38.322033],[141.17746,38.321841],[141.177885,38.321833],[141.178222,38.321867],[141.178422,38.321808],[141.178635,38.3217],[141.179447,38.321092],[141.179622,38.3209],[141.179485,38.320842],[141.179247,38.320825],[141.17896,38.32095],[141.178722,38.3211],[141.178422,38.321208],[141.17796,38.321267],[141.177785,38.3212],[141.177735,38.321125],[141.17781,38.320983],[141.17816,38.320783],[141.178185,38.320633],[141.177972,38.320492],[141.177835,38.32025],[141.17761,38.320142],[141.177398,38.320083],[141.177485,38.319942],[141.177748,38.319725],[141.177698,38.319475],[141.17746,38.319275],[141.17716,38.319367],[141.177123,38.3195],[141.17716,38.31975],[141.177098,38.319908],[141.176885,38.320008],[141.176673,38.319975],[141.176423,38.319792],[141.176223,38.319767],[141.176173,38.319908],[141.17641,38.320675],[141.176598,38.320842],[141.176598,38.320983],[141.175923,38.321075],[141.175585,38.321033],[141.175435,38.320975],[141.174735,38.320533],[141.174623,38.320525],[141.174435,38.320642],[141.174423,38.320683],[141.174698,38.321033],[141.175323,38.321442],[141.175773,38.321633],[141.17591,38.3218],[141.17576,38.322],[141.17546,38.322175],[141.17536,38.322366],[141.175148,38.322441],[141.174998,38.322816],[141.17466,38.322975],[141.174498,38.322883],[141.174273,38.322833],[141.174035,38.323208],[141.173735,38.323166],[141.17361,38.3233],[141.173435,38.323408],[141.173323,38.323391],[141.173298,38.3232],[141.173335,38.32295],[141.17311,38.322675],[141.172873,38.322591],[141.172735,38.322716],[141.172635,38.323141],[141.172523,38.323366],[141.172223,38.323625],[141.171985,38.323691],[141.171698,38.323616],[141.171398,38.323375],[141.171261,38.323025],[141.171123,38.322975],[141.170961,38.323233],[141.170886,38.323458],[141.170985,38.323949],[141.170848,38.324008],[141.170423,38.323675],[141.170061,38.323591],[141.170023,38.3236],[141.169961,38.323708],[141.169898,38.323725],[141.169736,38.32365],[141.169348,38.323291],[141.169248,38.323275],[141.169136,38.323391],[141.168936,38.323916],[141.169098,38.324041],[141.169136,38.324158],[141.168898,38.324358],[141.168736,38.324541],[141.169061,38.324824],[141.169023,38.325066],[141.169023,38.325274],[141.169298,38.325566],[141.169186,38.325683],[141.168848,38.325908],[141.168523,38.325874],[141.167761,38.325983],[141.167173,38.325858],[141.167061,38.325816],[141.166848,38.325891],[141.166773,38.325983],[141.166723,38.326357],[141.166661,38.326991],[141.166323,38.327116],[141.166411,38.327449],[141.165886,38.327607],[141.165773,38.327407],[141.165636,38.327457],[141.165261,38.327566],[141.164911,38.327674],[141.164548,38.327791],[141.164136,38.327832],[141.163773,38.327791],[141.163536,38.327749],[141.163286,38.327607],[141.163386,38.327441],[141.163261,38.327357],[141.163061,38.327316],[141.162674,38.327299],[141.162424,38.327357],[141.162411,38.327607],[141.162261,38.327682],[141.161461,38.327574],[141.161299,38.327441],[141.161199,38.327391],[141.160924,38.327482],[141.160549,38.327424],[141.160211,38.327282],[141.159886,38.327066],[141.159249,38.326457],[141.159049,38.326166],[141.159024,38.325557],[141.159112,38.325299],[141.159437,38.325024],[141.159824,38.324833],[141.160149,38.324608],[141.160212,38.324491],[141.160049,38.324424],[141.159712,38.324424],[141.159149,38.324641],[141.158512,38.324708],[141.158249,38.324932],[141.158224,38.324999],[141.158137,38.324991],[141.157737,38.324666],[141.157662,38.324649],[141.156949,38.324791],[141.156537,38.324791],[141.156149,38.324666],[141.155762,38.324474],[141.1554,38.324124],[141.15525,38.323816],[141.155412,38.323658],[141.155925,38.323383],[141.15625,38.323083],[141.156587,38.322699],[141.156725,38.322349],[141.156675,38.322224],[141.1565,38.322116],[141.156162,38.322083],[141.155687,38.322124],[141.154925,38.322016],[141.154735,38.321937],[141.154537,38.321958],[141.15435,38.322208],[141.154012,38.322749],[141.153537,38.323166],[141.153325,38.323141],[141.153212,38.323208],[141.152837,38.323674],[141.152575,38.323874],[141.152237,38.324066],[141.151812,38.324232],[141.151537,38.324291],[141.151238,38.324232],[141.15115,38.324191],[141.150863,38.324507],[141.150788,38.324866],[141.150812,38.325282],[141.15095,38.325591],[141.151175,38.325849],[141.151037,38.326015],[141.150512,38.32629],[141.1501,38.326432],[141.149725,38.326465],[141.149338,38.326465],[141.1489,38.326682],[141.148525,38.327249],[141.148125,38.327457],[141.147613,38.327915],[141.147313,38.328298],[141.14705,38.328523],[141.146088,38.329223],[141.145475,38.32974],[141.145363,38.329882],[141.145463,38.330182],[141.145563,38.330265],[141.145887,38.330423],[141.14655,38.330615],[141.147487,38.330965],[141.148437,38.33144],[141.148425,38.331615],[141.148437,38.33194],[141.148574,38.332232],[141.148637,38.33229],[141.149237,38.332557],[141.149487,38.332806],[141.149699,38.333131],[141.149699,38.333198],[141.149487,38.33379],[141.149312,38.334015],[141.149024,38.334123],[141.148562,38.33419],[141.148062,38.334106],[141.147799,38.333915],[141.147687,38.333865],[141.147349,38.333823],[141.146912,38.333856],[141.146262,38.33379],[141.14605,38.33369],[141.145825,38.333415],[141.14565,38.333381],[141.145425,38.33344],[141.145312,38.333415],[141.145,38.333265],[141.144812,38.333065],[141.144762,38.332831],[141.144625,38.332573],[141.144512,38.332456],[141.144312,38.33249],[141.143875,38.332715],[141.142925,38.332873],[141.14265,38.333006],[141.142263,38.333356],[141.141988,38.333864],[141.14185,38.334031],[141.141675,38.334106],[141.141113,38.333931],[141.141113,38.333914],[141.14145,38.333256],[141.141913,38.332656],[141.1423,38.332448],[141.14265,38.332331],[141.143,38.332073],[141.14355,38.331765],[141.143625,38.331615],[141.143588,38.331531],[141.143325,38.331215],[141.14325,38.331173],[141.14305,38.33089],[141.142813,38.330765],[141.1426,38.330831],[141.142538,38.33089],[141.142363,38.331365],[141.14225,38.331465],[141.141875,38.33149],[141.141588,38.331431],[141.141663,38.331298],[141.141726,38.330965],[141.141463,38.330631],[141.141413,38.330515],[141.141626,38.33039],[141.141888,38.330348],[141.142163,38.33019],[141.142163,38.330056],[141.141988,38.329881],[141.141513,38.329731],[141.141188,38.329748],[141.140513,38.330248],[141.140038,38.330115],[141.140038,38.32969],[141.140026,38.329748],[141.139801,38.329781],[141.139051,38.330115],[141.138564,38.33039],[141.138426,38.330381],[141.137676,38.330065],[141.137764,38.329848],[141.137964,38.329781],[141.138439,38.329731],[141.138664,38.329573],[141.139014,38.32939],[141.139664,38.329131],[141.139914,38.328998],[141.140114,38.328815],[141.140538,38.328723],[141.140788,38.328531],[141.141288,38.327857],[141.141376,38.327807],[141.141788,38.328023],[141.141701,38.328623],[141.141876,38.32884],[141.142188,38.328848],[141.142376,38.328765],[141.142501,38.328815],[141.142676,38.32894],[141.142913,38.328873],[141.143101,38.328632],[141.143151,38.328507],[141.143351,38.328207],[141.143688,38.328048],[141.143813,38.327882],[141.143676,38.327723],[141.144001,38.327065],[141.144188,38.327023],[141.144938,38.327165],[141.145213,38.327115],[141.145275,38.327065],[141.14525,38.326774],[141.145213,38.326432],[141.145376,38.326157],[141.14555,38.326115],[141.145938,38.326232],[141.1463,38.326207],[141.146338,38.326015],[141.146238,38.325732],[141.14635,38.325407],[141.146663,38.324932],[141.146688,38.324699],[141.146551,38.324566],[141.146076,38.32454],[141.145688,38.324924],[141.145426,38.324965],[141.144826,38.324807],[141.144163,38.32439],[141.144076,38.324382],[141.143788,38.324415],[141.143438,38.324307],[141.143426,38.323799],[141.143301,38.323457],[141.143001,38.322916],[141.142901,38.322824],[141.142751,38.322757],[141.142526,38.322782],[141.142451,38.322815],[141.142351,38.322965],[141.142339,38.323049],[141.142389,38.323615],[141.142251,38.32409],[141.142039,38.324157],[141.141626,38.324224],[141.141226,38.324382],[141.140839,38.324507],[141.140739,38.324499],[141.140114,38.323999],[141.139864,38.323924],[141.139752,38.323524],[141.139539,38.323265],[141.139302,38.323165],[141.139127,38.322974],[141.139077,38.322665],[141.139127,38.322365],[141.139539,38.322157],[141.139564,38.321982],[141.139489,38.32179],[141.139377,38.32164],[141.139214,38.321549],[141.139002,38.321607],[141.138677,38.321824],[141.138414,38.321932],[141.138264,38.321924],[141.138152,38.321882],[141.137914,38.321549],[141.137752,38.321532],[141.137477,38.321624],[141.137364,38.32179],[141.137489,38.32199],[141.137764,38.322182],[141.138014,38.322424],[141.138539,38.323132],[141.138752,38.323299],[141.138964,38.323557],[141.139476,38.324498],[141.139451,38.324657],[141.139339,38.32489],[141.139189,38.325073],[141.138989,38.325215],[141.139014,38.325582],[141.139214,38.325723],[141.139614,38.32579],[141.139526,38.326115],[141.139526,38.326815],[141.139614,38.327215],[141.139551,38.32739],[141.139126,38.327915],[141.138626,38.328373],[141.138226,38.328648],[141.137851,38.328823],[141.137076,38.329065],[141.136714,38.329115],[141.136552,38.32894],[141.136439,38.32869],[141.136352,38.328623],[141.136227,38.328723],[141.136077,38.329156],[141.136089,38.329431],[141.135927,38.329806],[141.135764,38.330039],[141.135727,38.330189],[141.135851,38.330314],[141.136289,38.330389],[141.136326,38.330598],[141.136264,38.330956],[141.136064,38.331531],[141.135889,38.331689],[141.135326,38.332581],[141.135039,38.332939],[141.134464,38.333514],[141.133601,38.333447],[141.133351,38.333356],[141.133039,38.333372],[141.132701,38.333606],[141.132576,38.333839],[141.132664,38.334031],[141.132976,38.333997],[141.133239,38.333889],[141.133364,38.333956],[141.133576,38.334314],[141.133776,38.334497],[141.134126,38.334522],[141.134326,38.334489],[141.134414,38.334522],[141.134526,38.334664],[141.134601,38.334956],[141.134551,38.335339],[141.134313,38.335772],[141.133951,38.335714],[141.133251,38.335897],[141.133089,38.335847],[141.132876,38.335805],[141.132776,38.33593],[141.132864,38.336305],[141.132839,38.336722],[141.132539,38.337447],[141.132339,38.33758],[141.132164,38.337855],[141.131976,38.33808],[141.131601,38.338288],[141.131376,38.338472],[141.131401,38.338697],[141.131501,38.338922],[141.131726,38.339072],[141.132276,38.339363],[141.132338,38.339563],[141.132288,38.339997],[141.132313,38.340063],[141.132688,38.340397],[141.132688,38.340663],[141.132788,38.340938],[141.132838,38.341005],[141.133126,38.34098],[141.133238,38.340838],[141.133288,38.340522],[141.133288,38.340138],[141.133426,38.339897],[141.133451,38.339597],[141.133426,38.339488],[141.133588,38.33928],[141.134163,38.339255],[141.134513,38.339722],[141.134488,38.340247],[141.1347,38.340713],[141.134588,38.340947],[141.13425,38.341463],[141.134138,38.341755],[141.134088,38.342188],[141.134175,38.342547],[141.13435,38.342638],[141.1345,38.342588],[141.134863,38.341955],[141.13505,38.341747],[141.135088,38.34168],[141.1356,38.341697],[141.135688,38.34168],[141.1355,38.340847],[141.135525,38.340863],[141.13575,38.340663],[141.135988,38.34073],[141.1361,38.340655],[141.13615,38.340547],[141.13615,38.34023],[141.136088,38.339847],[141.136025,38.339739],[141.136075,38.339372],[141.136275,38.339189],[141.136738,38.339097],[141.136988,38.339114],[141.1373,38.33923],[141.137363,38.339272],[141.137425,38.339272],[141.13745,38.339339],[141.137175,38.33988],[141.137513,38.339905],[141.137463,38.340197],[141.137525,38.340422],[141.137637,38.340505],[141.137787,38.340489],[141.137925,38.34028],[141.138137,38.339714],[141.13865,38.339105],[141.138737,38.33908],[141.138987,38.339097],[141.139162,38.339214],[141.139337,38.339664],[141.139512,38.339905],[141.13975,38.339905],[141.140025,38.339722],[141.140337,38.339447],[141.141112,38.338922],[141.142662,38.339631],[141.142662,38.339672],[141.143149,38.340189],[141.143249,38.340389],[141.143249,38.340506],[141.143137,38.340706],[141.142787,38.340847],[141.142687,38.341139],[141.142199,38.341239],[141.141649,38.341197],[141.141487,38.341305],[141.141462,38.341514],[141.141574,38.341622],[141.141974,38.341689],[141.142287,38.341864],[141.142324,38.34193],[141.142236,38.342314],[141.142324,38.342455],[141.142499,38.342472],[141.142674,38.342447],[141.142786,38.342264],[141.142861,38.341997],[141.143011,38.341864],[141.143211,38.341839],[141.143499,38.341814],[141.143724,38.341631],[141.143999,38.341081],[141.144111,38.340989],[141.144786,38.340081],[141.144574,38.340006],[141.144874,38.339589],[141.145061,38.339656],[141.145399,38.339298],[141.145186,38.339197],[141.145174,38.339014],[141.145286,38.338889],[141.145511,38.338806],[141.145649,38.338664],[141.148049,38.338656],[141.148261,38.339264],[141.148236,38.339264],[141.148211,38.339673],[141.147899,38.339806],[141.147674,38.340014],[141.147736,38.340173],[141.148111,38.340348],[141.148573,38.340772],[141.148573,38.340864],[141.148398,38.340931],[141.148286,38.341022],[141.148286,38.341156],[141.148323,38.341272],[141.148061,38.341389],[141.148098,38.341522],[141.148611,38.341581],[141.148898,38.341514],[141.149098,38.341397],[141.149211,38.341372],[141.149323,38.341439],[141.149386,38.342164],[141.149448,38.342364],[141.149823,38.342656],[141.149686,38.342906],[141.149486,38.342906],[141.149173,38.342822],[141.148998,38.342981],[141.148486,38.342847],[141.148348,38.342914],[141.148286,38.343281],[141.148211,38.343372],[141.148061,38.343439],[141.147836,38.343414],[141.147773,38.343439],[141.147635,38.343756],[141.147448,38.343939],[141.147298,38.343964],[141.146723,38.343764],[141.146586,38.343922],[141.146585,38.344172],[141.14676,38.344239],[141.146648,38.344531],[141.146535,38.344581],[141.14631,38.344555],[141.146198,38.344605],[141.146173,38.344855],[141.145936,38.344972],[141.145798,38.345222],[141.145973,38.345305],[141.14611,38.345239],[141.146285,38.34548],[141.146323,38.345939],[141.146248,38.346272],[141.146185,38.346322],[141.146073,38.346347],[141.145811,38.346189],[141.145698,38.34623],[141.145586,38.346397],[141.145561,38.346547],[141.145511,38.346638],[141.145361,38.346755],[141.145073,38.346622],[141.144848,38.346672],[141.144623,38.346672],[141.144561,38.346763],[141.144736,38.34703],[141.144686,38.347188],[141.144373,38.347647],[141.144323,38.34778],[141.144411,38.34803],[141.144361,38.348163],[141.144123,38.348213],[141.143523,38.348146],[141.143323,38.348146],[141.143161,38.348263],[141.143073,38.348446],[141.142986,38.348538],[141.142673,38.34858],[141.142448,38.348721],[141.142448,38.348971],[141.142311,38.34913],[141.142486,38.349421],[141.142611,38.349738],[141.142523,38.349871],[141.141699,38.350104],[141.141549,38.350104],[141.141611,38.350446],[141.141586,38.350529],[141.141474,38.350513],[141.141386,38.350696],[141.141336,38.351013],[141.141224,38.351054],[141.141199,38.351254],[141.141224,38.351346],[141.141349,38.351396],[141.141236,38.351796],[141.141374,38.351912],[141.141661,38.351888],[141.141836,38.351996],[141.141923,38.352196],[141.141848,38.352429],[141.141286,38.353062],[141.141224,38.353196],[141.140774,38.353404],[141.140486,38.353721],[141.140349,38.353995],[141.140324,38.354329],[141.140586,38.35467],[141.140674,38.354962],[141.140849,38.355004],[141.141336,38.354979],[141.142761,38.354804],[141.142911,38.354737],[141.143161,38.354487],[141.143673,38.354262],[141.144048,38.354229],[141.144536,38.354337],[141.144998,38.355171],[141.145323,38.355487],[141.145873,38.356087],[141.146085,38.356579],[141.146198,38.356737],[141.14651,38.356829],[141.146773,38.356937],[141.146998,38.356912],[141.147485,38.356529],[141.147535,38.356437],[141.147598,38.356212],[141.147473,38.355987],[141.14756,38.355779],[141.14796,38.355729],[141.148073,38.355779],[141.148273,38.355954],[141.148423,38.355996],[141.148735,38.355837],[141.148823,38.355862],[141.149222,38.356062],[141.149397,38.356195],[141.149372,38.356437],[141.149285,38.356687],[141.149372,38.356895],[141.149835,38.357087],[141.149922,38.35707],[141.15001,38.356995],[141.150035,38.356887],[141.15021,38.35677],[141.150285,38.356745],[141.150372,38.356795],[141.15061,38.35672],[141.150572,38.356654],[141.150597,38.356229],[141.150772,38.356112],[141.150935,38.356112],[141.151172,38.356037],[141.151247,38.355862],[141.151222,38.355746],[141.152197,38.355762],[141.15231,38.355737],[141.152835,38.356346],[141.148747,38.35857],[141.148485,38.358612],[141.14771,38.35862],[141.146023,38.358887],[141.14531,38.359095],[141.14461,38.359503],[141.144435,38.359778],[141.144473,38.359937],[141.14461,38.359978],[141.144498,38.36027],[141.144585,38.360295],[141.144473,38.360361],[141.144135,38.360436],[141.144023,38.360411],[141.143785,38.360253],[141.143523,38.359828],[141.142236,38.359703],[141.141836,38.35962],[141.141261,38.359403],[141.138599,38.359761],[141.138524,38.359895],[141.138486,38.360036],[141.138405,38.360154],[141.138236,38.360211],[141.137524,38.36022],[141.137524,38.360111],[141.137086,38.360136],[141.137011,38.360319],[141.133312,38.360328],[141.133024,38.360194],[141.132824,38.360011],[141.132537,38.359886],[141.132249,38.360044],[141.132112,38.360453],[141.132149,38.361078],[141.132099,38.361236],[141.132137,38.361486],[141.132074,38.361577],[141.131362,38.361586],[141.131162,38.361702],[141.131024,38.361836],[141.131024,38.362061],[141.131224,38.362236],[141.131487,38.362369],[141.131662,38.362327],[141.131912,38.362094],[141.132074,38.361869],[141.132312,38.361802],[141.132562,38.361844],[141.132912,38.362002],[141.133462,38.362419],[141.134336,38.363494],[141.134399,38.363636],[141.134949,38.364436],[141.135599,38.365677],[141.136161,38.367227],[141.136399,38.367585],[141.136961,38.368935],[141.137436,38.370576],[141.137798,38.371401],[141.137886,38.371785],[141.137836,38.371968],[141.135223,38.373818],[141.133036,38.3772],[141.132636,38.377242],[141.132523,38.377292],[141.132586,38.377475],[141.132423,38.37765],[141.131736,38.377908],[141.130649,38.378233],[141.126836,38.379666],[141.126628,38.379772],[141.126474,38.379775],[141.126262,38.379733],[141.126274,38.379888],[141.126274,38.380033],[141.126461,38.381066],[141.126811,38.381966],[141.126724,38.382233],[141.126449,38.382716],[141.126424,38.383049],[141.126286,38.383416],[141.126061,38.383666],[141.125699,38.384166],[141.125299,38.384432],[141.124624,38.384799],[141.124286,38.385299],[141.123974,38.385599],[141.123236,38.385915],[141.123199,38.38599],[141.123236,38.38664],[141.123074,38.386982],[141.123024,38.387248],[141.123149,38.387748],[141.123411,38.388107],[141.123924,38.388415],[141.124186,38.388682],[141.124249,38.389065],[141.124224,38.389565],[141.124149,38.390015],[141.123986,38.390623],[141.123786,38.390898],[141.123424,38.391123],[141.123111,38.391198],[141.122586,38.391248],[141.122399,38.391589],[141.122161,38.393231],[141.121849,38.393639],[141.121741,38.393727],[141.12155,38.393775],[141.121324,38.393822],[141.121199,38.393822],[141.120736,38.393572],[141.120511,38.393347],[141.120336,38.392914],[141.120086,38.392647],[141.119811,38.392531],[141.119461,38.392597],[141.119261,38.392797],[141.119036,38.393131],[141.118874,38.393631],[141.118924,38.394331],[141.119286,38.395322],[141.119536,38.396089],[141.119474,38.396205],[141.119149,38.396497],[141.118774,38.396697],[141.118424,38.397138],[141.118274,38.397188],[141.117761,38.397138],[141.117611,38.397155],[141.117261,38.397538],[141.117111,38.397763],[141.116799,38.398463],[141.116649,38.398596],[141.116124,38.398955],[141.115574,38.399088],[141.114949,38.39908],[141.114499,38.399005],[141.114199,38.398846],[141.113674,38.398213],[141.113499,38.398146],[141.112974,38.398096],[141.112424,38.397821],[141.112125,38.397455],[141.112,38.397255],[141.111712,38.396488],[141.111775,38.395222],[141.111675,38.395089],[141.1114,38.394839],[141.111175,38.394522],[141.1112,38.394405],[141.11115,38.39393],[141.110837,38.39328],[141.110737,38.39323],[141.110663,38.393255],[141.109875,38.393789],[141.109375,38.394014],[141.109175,38.394239],[141.10915,38.394397],[141.109213,38.395113],[141.108863,38.39518],[141.108213,38.395472],[141.108138,38.39558],[141.10815,38.396172],[141.107975,38.39673],[141.107588,38.397246],[141.107488,38.397655],[141.107613,38.398355],[141.107325,38.398979],[141.10685,38.399654],[141.106763,38.399838],[141.106388,38.400371],[141.105025,38.401446],[141.104625,38.401554],[141.1043,38.401804],[141.104163,38.401846],[141.103513,38.402562],[141.103188,38.402829],[141.10255,38.402937],[141.102175,38.403095],[141.101675,38.403387],[141.101475,38.403562],[141.101125,38.403537],[141.100976,38.40327],[141.100651,38.40297],[141.100226,38.402879],[141.099976,38.40292],[141.099851,38.403195],[141.099813,38.404045],[141.099026,38.404812],[141.098651,38.405278],[141.099226,38.405328],[141.099801,38.405445],[141.100075,38.40572],[141.10005,38.406303],[141.099938,38.406936],[141.099438,38.40747],[141.098925,38.408436],[141.098451,38.408436],[141.098351,38.408395],[141.096913,38.408361],[141.096463,38.40822],[141.095638,38.408303],[141.095138,38.408028],[141.094939,38.407986],[141.094364,38.407953],[141.094064,38.408086],[141.094014,38.408386],[141.094114,38.408678],[141.094401,38.409269],[141.094901,38.409994],[141.095101,38.410169],[141.095813,38.410919],[141.096038,38.411077],[141.096613,38.411244],[141.097163,38.411611],[141.097313,38.412011],[141.097538,38.412311],[141.097663,38.412377],[141.098413,38.412544],[141.098938,38.412611],[141.099163,38.412727],[141.099213,38.412794],[141.099425,38.413677],[141.099775,38.414335],[141.100325,38.414219],[141.101125,38.413777],[141.101262,38.413669],[141.101662,38.413444],[141.102112,38.413444],[141.102687,38.413294],[141.102787,38.413227],[141.1037,38.412444],[141.104075,38.412261],[141.104649,38.412111],[141.105099,38.412269],[141.105474,38.412253],[141.105899,38.412319],[141.106099,38.412394],[141.107024,38.412961],[141.107249,38.413027],[141.107861,38.412561],[141.108186,38.412178],[141.108436,38.412111],[141.109011,38.412369],[141.109311,38.412703],[141.110349,38.413686],[141.110799,38.414027],[141.111173,38.414069],[141.111623,38.414211],[141.111948,38.414461],[141.112048,38.414486],[141.112623,38.414327],[141.112998,38.414419],[141.113123,38.414494],[141.113423,38.414786],[141.113823,38.415219],[141.114498,38.415561],[141.114973,38.415636],[141.115423,38.415769],[141.115698,38.416244],[141.115748,38.416294],[141.116048,38.416244],[141.116298,38.416294],[141.116373,38.416702],[141.11666,38.416861],[141.11776,38.417252],[141.118185,38.417527],[141.11861,38.417735],[141.11926,38.418144],[141.11971,38.418169],[141.12011,38.41826],[141.120359,38.418419],[141.120609,38.418627],[141.120734,38.418669],[141.121539,38.418462],[141.122059,38.418535],[141.122484,38.41871],[141.122872,38.419119],[141.123734,38.419402],[141.123849,38.41951],[141.123934,38.419577],[141.124046,38.419627],[141.124084,38.419719],[141.124796,38.420144],[141.126421,38.421252],[141.127083,38.421727],[141.127171,38.42186],[141.127083,38.421952],[141.126746,38.422085],[141.126596,38.42211],[141.125071,38.422743],[141.124696,38.422968],[141.124159,38.423568],[141.123746,38.42436],[141.123659,38.425285],[141.123596,38.427043],[141.123546,38.427584],[141.123421,38.428151],[141.123046,38.429251],[141.122471,38.430534],[141.122046,38.431192],[141.121548,38.431587],[141.121258,38.431925],[141.120571,38.43255],[141.120034,38.432825],[141.119434,38.433183],[141.118746,38.433725],[141.116096,38.435766],[141.115584,38.436283],[141.115209,38.436849],[141.115159,38.437208],[141.115359,38.437858],[141.115984,38.438774],[141.116196,38.438958],[141.116559,38.439382],[141.116796,38.439807],[141.116884,38.440432],[141.116946,38.441266],[141.117146,38.441691],[141.117121,38.442032],[141.117146,38.44214],[141.117096,38.442632],[141.116896,38.442857],[141.116321,38.443149],[141.116208,38.443374],[141.116208,38.443532],[141.116033,38.443807],[141.115346,38.444298],[141.115296,38.444632],[141.115721,38.445215],[141.115846,38.445282],[141.116933,38.445532],[141.117308,38.445573],[141.118908,38.44609],[141.11957,38.446423],[141.12097,38.447432],[141.121547,38.447752],[141.123395,38.44844],[141.12547,38.447648],[141.126757,38.448915],[141.129707,38.44804],[141.127057,38.444066],[141.126282,38.444115],[141.125557,38.443815],[141.12502,38.44364],[141.12482,38.443524],[141.124645,38.442941],[141.124307,38.442624],[141.12427,38.442507],[141.124357,38.442241],[141.124307,38.441882],[141.12402,38.441632],[141.123908,38.441474],[141.12402,38.441182],[141.124508,38.440524],[141.124883,38.440299],[141.125345,38.440233],[141.125945,38.440233],[141.126257,38.440166],[141.127032,38.439716],[141.127782,38.439174],[141.128132,38.438816],[141.128382,38.438433],[141.12862,38.438325],[141.129332,38.438325],[141.129907,38.438391],[141.131719,38.438758],[141.131944,38.43885],[141.131944,38.438891],[141.131682,38.439591],[141.131569,38.440133],[141.131419,38.440466],[141.131194,38.440691],[141.130844,38.440916],[141.130669,38.441166],[141.130532,38.441508],[141.130444,38.441974],[141.130532,38.442199],[141.130982,38.442924],[141.131182,38.443041],[141.131444,38.442991],[141.132132,38.442591],[141.132444,38.442474],[141.133282,38.442408],[141.133569,38.442249],[141.134169,38.442258],[141.134481,38.442299],[141.135319,38.442074],[141.135581,38.442191],[141.135806,38.442458],[141.135944,38.442799],[141.136144,38.442999],[141.136406,38.443049],[141.137044,38.443274],[141.137406,38.443499],[141.137731,38.443616],[141.138618,38.443774],[141.139106,38.443933],[141.139593,38.444291],[141.140043,38.444566],[141.140218,38.444791],[141.140393,38.445191],[141.140556,38.445282],[141.141568,38.446032],[141.142418,38.446616],[141.143168,38.447274],[141.14343,38.447382],[141.144168,38.447474],[141.145405,38.448024],[141.14698,38.448566],[141.14933,38.449357],[141.149392,38.449399],[141.149592,38.44949],[141.151279,38.450307],[141.152767,38.450874],[141.153517,38.451124],[141.154291,38.451149],[141.154429,38.451374],[141.154541,38.451482],[141.154866,38.45169],[141.155866,38.45124],[141.156179,38.451282],[141.156441,38.451349],[141.157266,38.45149],[141.157616,38.451507],[141.161691,38.452032],[141.162028,38.452124],[141.162553,38.452215],[141.163041,38.45224],[141.16369,38.452399],[141.163753,38.45244],[141.164178,38.452607],[141.166678,38.453082],[141.167652,38.453424],[141.167827,38.453399],[141.168452,38.453082],[141.16869,38.453041],[141.16889,38.453041],[141.16894,38.453216],[141.169027,38.453332],[141.169515,38.453607],[141.170202,38.454099],[141.170752,38.454082],[141.170865,38.454165],[141.17169,38.454557],[141.172502,38.455049],[141.173039,38.45519],[141.173152,38.455165],[141.173439,38.454915],[141.173964,38.454357],[141.174077,38.454357],[141.175314,38.454965],[141.175564,38.455165],[141.174989,38.45609],[141.175014,38.456407],[141.174877,38.45679],[141.173902,38.457848],[141.173527,38.45819],[141.173352,38.458273],[141.172227,38.45859],[141.171977,38.458707],[141.171802,38.458948],[141.171627,38.45949],[141.171489,38.459606],[141.170827,38.459606],[141.169764,38.459665],[141.16899,38.459981],[141.16879,38.459915],[141.168102,38.459848],[141.167577,38.459706],[141.167215,38.459731],[141.166865,38.45989],[141.166027,38.460523],[141.16589,38.460681],[141.165827,38.460881],[141.165777,38.461214],[141.165627,38.461531],[141.165715,38.461739],[141.16589,38.461981],[141.166252,38.462373],[141.166427,38.463089],[141.165827,38.464014],[141.16574,38.464489],[141.16559,38.46498],[141.165015,38.466355],[141.16499,38.466605],[141.165152,38.466805],[141.16544,38.467039],[141.165765,38.467105],[141.165327,38.467938],[141.164952,38.46843],[141.16449,38.46893],[141.164802,38.46913],[141.165664,38.469605],[141.166552,38.470013],[141.166302,38.470555],[141.166064,38.471188],[141.166039,38.471721],[141.166127,38.472263],[141.166152,38.472646],[141.166002,38.472871],[141.165627,38.472988],[141.165139,38.472988],[141.163914,38.472846],[141.162615,38.472896],[141.162327,38.472963],[141.161952,38.473163],[141.16179,38.473413],[141.161702,38.473904],[141.161577,38.474646],[141.161127,38.475254],[141.16089,38.475662],[141.160915,38.476087],[141.161065,38.476321],[141.161552,38.476862],[141.161602,38.476879],[141.161427,38.477087],[141.161914,38.477604],[141.162577,38.47792],[141.162889,38.478262],[141.164502,38.479612],[141.164839,38.479953],[141.164876,38.480112],[141.164664,38.480312],[141.164751,38.48047],[141.166076,38.48207],[141.168251,38.481312],[141.168051,38.48487],[141.168188,38.48487],[141.168126,38.485503],[141.167851,38.485461],[141.167851,38.485619],[141.167588,38.485594],[141.167301,38.485528],[141.167101,38.485528],[141.166988,38.486111],[141.168326,38.486244],[141.169138,38.486361],[141.169338,38.486336],[141.169163,38.487719],[141.170051,38.487853],[141.170251,38.487919],[141.170338,38.487986],[141.170338,38.488369],[141.170276,38.488802],[141.170101,38.489544],[141.170363,38.490194],[141.170338,38.490536],[141.169725,38.491935],[141.169263,38.493219],[141.16875,38.494343],[141.168513,38.494685],[141.168113,38.494993],[141.16765,38.495218],[141.167026,38.495602],[141.16685,38.496143],[141.166676,38.496368],[141.165238,38.497426],[141.164838,38.497851],[141.164288,38.498643],[141.164026,38.498959],[141.163851,38.499384],[141.163651,38.500493],[141.163651,38.501034],[141.164475,38.502859],[141.16455,38.502951],[141.164713,38.503159],[141.165563,38.505067],[141.165987,38.508433],[141.1663,38.508525],[141.166887,38.50885],[141.16775,38.50895],[141.168462,38.5092],[141.168675,38.509333],[141.169,38.509908],[141.169562,38.51075],[141.170974,38.512708],[141.172062,38.513958],[141.172524,38.514383],[141.173249,38.514883],[141.173686,38.514991],[141.174186,38.51505],[141.174699,38.515166],[141.174861,38.515341],[141.175186,38.515866],[141.175586,38.516166],[141.175999,38.516541],[141.176036,38.516899],[141.175961,38.517574],[141.175986,38.518116],[141.176086,38.518616],[141.176461,38.519541],[141.176525,38.519633],[141.176611,38.519783],[141.176648,38.520166],[141.176461,38.520791],[141.176386,38.522349],[141.176436,38.523449],[141.176811,38.524199],[141.177023,38.524965],[141.177148,38.525915],[141.177211,38.527382],[141.17741,38.52904],[141.17761,38.529973],[141.177673,38.530748],[141.17791,38.53109],[141.17831,38.531431],[141.178773,38.531665],[141.179498,38.531848],[141.18026,38.53194],[141.181097,38.531906],[141.181985,38.531773],[141.18276,38.531731],[141.183635,38.531831],[141.184197,38.532015],[141.184697,38.53234],[141.185022,38.532765],[141.185959,38.534564],[141.186534,38.535356],[141.187322,38.536148],[141.188072,38.536748],[141.188809,38.537239],[141.190221,38.538014],[141.191959,38.539206],[141.193846,38.540139],[141.194396,38.540498],[141.195833,38.541306],[141.196621,38.541581],[141.196946,38.541656],[141.197645,38.541673],[141.198395,38.541539],[141.19952,38.541181],[141.200158,38.540889],[141.200758,38.540564],[141.201508,38.539973],[141.20217,38.53954],[141.202758,38.539206],[141.202958,38.53914],[141.203733,38.538981],[141.204332,38.538931],[141.205107,38.538781],[141.205695,38.53864],[141.205907,38.53854],[141.206357,38.538148],[141.20667,38.537723],[141.207007,38.537332],[141.207432,38.537048],[141.208457,38.536798],[141.209182,38.536582],[141.21082,38.535999],[141.212107,38.535574],[141.212307,38.53544],[141.215357,38.532757],[141.216282,38.534182],[141.216594,38.534741],[141.216719,38.534807],[141.217269,38.534607],[141.218256,38.535157],[141.219031,38.535515],[141.219281,38.535524],[141.220244,38.535399],[141.220631,38.535174],[141.221606,38.535141],[141.222106,38.534932],[141.222531,38.534699],[141.223331,38.534382],[141.224081,38.534249],[141.225631,38.534132],[141.226168,38.534191],[141.226281,38.534249],[141.226506,38.534516],[141.227056,38.535841],[141.227818,38.536966],[141.228531,38.53824],[141.228868,38.539465],[141.228905,38.539757],[141.228918,38.540649],[141.22898,38.541173],[141.22918,38.54214],[141.22993,38.54469],[141.230768,38.547065],[141.230855,38.54719],[141.231205,38.548131],[141.231567,38.549031],[141.231805,38.550048],[141.23188,38.551597],[141.231905,38.55423],[141.231805,38.556772],[141.231855,38.557655],[141.23208,38.558822],[141.232679,38.561121],[141.233029,38.56253],[141.233292,38.563946],[141.233617,38.564988],[141.234217,38.567254],[141.234766,38.568596],[141.235416,38.569612],[141.236304,38.570746],[141.236929,38.571395],[141.237566,38.572112],[141.238603,38.57317],[141.239816,38.574179],[141.241053,38.575054],[141.241641,38.575412],[141.242153,38.575604],[141.24289,38.575754],[141.243728,38.575845],[141.245815,38.57592],[141.246526,38.576106],[141.247303,38.576287],[141.248127,38.576604],[141.248577,38.576879],[141.249152,38.577354],[141.249377,38.57752],[141.249377,38.577537],[141.250227,38.577995],[141.251227,38.578387],[141.251927,38.57862],[141.252889,38.578962],[141.253989,38.579312],[141.254689,38.579445],[141.255577,38.579612],[141.256902,38.579962],[141.258514,38.580487],[141.260889,38.581453],[141.261439,38.581753],[141.262563,38.582462],[141.263701,38.583395],[141.264001,38.583753],[141.264801,38.584528],[141.265063,38.584845],[141.265888,38.585953],[141.266163,38.586253],[141.266138,38.586278],[141.266175,38.586286],[141.266788,38.587203],[141.266975,38.587795],[141.267113,38.588669],[141.267138,38.589936],[141.267063,38.591736],[141.266975,38.592236],[141.266613,38.593269],[141.266125,38.594802],[141.265625,38.595885],[141.265325,38.59676],[141.264975,38.598452],[141.26495,38.598835],[141.265025,38.60001],[141.265225,38.600618],[141.265825,38.601834],[141.26635,38.602576],[141.266725,38.602934],[141.26805,38.603818],[141.269587,38.604651],[141.270637,38.605009],[141.271837,38.605301],[141.272662,38.605434],[141.274449,38.605526],[141.275136,38.605501],[141.276649,38.605318],[141.277336,38.605159],[141.278936,38.604868],[141.282723,38.604143],[141.283523,38.604026],[141.286923,38.603368],[141.28756,38.603168],[141.288573,38.602693],[141.289585,38.602335],[141.289898,38.602202],[141.290198,38.60211],[141.289898,38.601344],[141.28951,38.600669],[141.289423,38.600602],[141.289035,38.599785],[141.289035,38.599469],[141.289173,38.599177],[141.289398,38.598861],[141.289448,38.598477],[141.28931,38.597644],[141.289335,38.597377],[141.289535,38.597194],[141.290298,38.596769],[141.29071,38.596386],[141.291185,38.595728],[141.291673,38.594853],[141.292085,38.594286],[141.29206,38.594086],[141.291923,38.593995],[141.29156,38.593903],[141.291073,38.593728],[141.290685,38.593478],[141.290085,38.592711],[141.290323,38.59127],[141.290323,38.590928],[141.290211,38.59077],[141.289886,38.590437],[141.289611,38.590028],[141.289473,38.589378],[141.289361,38.588678],[141.289423,38.588428],[141.289611,38.588137],[141.289611,38.587937],[141.289498,38.587662],[141.289423,38.587054],[141.289173,38.586629],[141.288961,38.58627],[141.288873,38.585954],[141.288823,38.585595],[141.288923,38.585096],[141.288873,38.584962],[141.288148,38.584646],[141.287861,38.584396],[141.287711,38.584054],[141.287636,38.583737],[141.287874,38.582879],[141.287624,38.582471],[141.287211,38.580963],[141.286874,38.580013],[141.286799,38.579671],[141.286849,38.579196],[141.286811,38.578788],[141.286586,38.578021],[141.286536,38.57753],[141.286549,38.577055],[141.286349,38.576805],[141.285699,38.576413],[141.285649,38.576188],[141.285637,38.575738],[141.285687,38.575197],[141.286074,38.57448],[141.286324,38.574072],[141.286574,38.573513],[141.286787,38.572522],[141.286912,38.572164],[141.287174,38.57178],[141.287424,38.570947],[141.287462,38.57058],[141.287412,38.570447],[141.287162,38.570314],[141.286887,38.570172],[141.288412,38.570189],[141.288687,38.570231],[141.289012,38.570322],[141.289412,38.570506],[141.289836,38.570847],[141.290136,38.571031],[141.290586,38.571147],[141.291086,38.571197],[141.291261,38.571289],[141.291711,38.571655],[141.291886,38.571655],[141.292361,38.571364],[141.292686,38.571206],[141.293599,38.571189],[141.293749,38.571214],[141.294036,38.571356],[141.294511,38.571606],[141.294836,38.571606],[141.295248,38.571539],[141.295598,38.571564],[141.296398,38.571797],[141.297048,38.571756],[141.300061,38.571322],[141.300785,38.571239],[141.303085,38.571189],[141.30331,38.571239],[141.30346,38.571398],[141.303785,38.572006],[141.30396,38.572031],[141.30471,38.571881],[141.30491,38.571814],[141.305135,38.571681],[141.305548,38.571389],[141.305698,38.571139],[141.30581,38.570214],[141.306135,38.569881],[141.306585,38.569498],[141.306785,38.569456],[141.307947,38.569506],[141.308447,38.569648],[141.308772,38.569806],[141.309047,38.56979],[141.309647,38.569565],[141.310422,38.569681],[141.310597,38.569598],[141.310697,38.569256],[141.311085,38.568873],[141.31191,38.568473],[141.312235,38.568456],[141.31266,38.568481],[141.31326,38.56864],[141.31346,38.568731],[141.313834,38.569231],[141.314034,38.569281],[141.314259,38.56919],[141.314859,38.56899],[141.315497,38.568865],[141.316222,38.568798],[141.316872,38.568806],[141.317297,38.56894],[141.317697,38.56919],[141.319384,38.570648],[141.319609,38.570873],[141.319684,38.571098],[141.319671,38.571798],[141.319721,38.572023],[141.319846,38.572206],[141.320196,38.572523],[141.320796,38.572798],[141.321571,38.573006],[141.321871,38.573148],[141.322546,38.573556],[141.322758,38.573856],[141.322758,38.574639],[141.323071,38.575431],[141.323221,38.575506],[141.323921,38.575573],[141.324196,38.575664],[141.324346,38.575914],[141.324471,38.576389],[141.324646,38.576506],[141.325671,38.576398],[141.326521,38.576406],[141.328383,38.576173],[141.328783,38.576198],[141.329358,38.576173],[141.33082,38.575914],[141.331295,38.575873],[141.33162,38.575923],[141.332395,38.576331],[141.332895,38.576381],[141.333295,38.576364],[141.33367,38.576406],[141.33407,38.576614],[141.33442,38.576839],[141.33477,38.576931],[141.335445,38.576898],[141.335895,38.576923],[141.336195,38.576881],[141.336595,38.576764],[141.336745,38.576764],[141.337045,38.576931],[141.337195,38.577406],[141.337345,38.577656],[141.337944,38.577814],[141.338544,38.577973],[141.338844,38.578139],[141.339432,38.578589],[141.340032,38.578664],[141.340769,38.578756],[141.341719,38.578673],[141.341994,38.578723],[141.342419,38.578906],[141.342569,38.578906],[141.343019,38.579131],[141.343744,38.579481],[141.344206,38.579823],[141.344581,38.580314],[141.345131,38.580664],[141.345506,38.580756],[141.346006,38.580823],[141.346231,38.580806],[141.346931,38.580898],[141.347231,38.581039],[141.347456,38.581672],[141.347706,38.581939],[141.347881,38.582214],[141.347868,38.582281],[141.348243,38.583114],[141.348681,38.583914],[141.349031,38.584247],[141.349506,38.584481],[141.349905,38.584572],[141.35138,38.584764],[141.35148,38.584806],[141.351805,38.585014],[141.351905,38.585147],[141.35203,38.585464],[141.35213,38.585622],[141.352405,38.585714],[141.35273,38.585789],[141.353355,38.585789],[141.353755,38.585955],[141.354255,38.586272],[141.354303,38.586321],[141.354355,38.58638],[141.354518,38.586539],[141.354792,38.586714],[141.355105,38.587005],[141.355755,38.587864],[141.356005,38.588064],[141.35648,38.588697],[141.356667,38.58883],[141.356992,38.588947],[141.358155,38.589055],[141.35878,38.589172],[141.359304,38.589305],[141.360454,38.589913],[141.360904,38.590072],[141.361042,38.590155],[141.361142,38.590405],[141.361204,38.590655],[141.361392,38.590922],[141.361892,38.591038],[141.363042,38.591105],[141.363842,38.59108],[141.364529,38.59083],[141.364716,38.590722],[141.365241,38.590539],[141.365629,38.590447],[141.366279,38.590355],[141.366779,38.590422],[141.367966,38.590697],[141.368379,38.590897],[141.369441,38.591664],[141.369854,38.591822],[141.370266,38.591889],[141.370628,38.591905],[141.370953,38.591864],[141.371253,38.591755],[141.371428,38.591614],[141.371514,38.591476],[141.371691,38.591322],[141.372103,38.59083],[141.372378,38.590397],[141.372978,38.589772],[141.373341,38.589656],[141.373728,38.589614],[141.374303,38.589631],[141.375678,38.589881],[141.376253,38.589839],[141.376778,38.589656],[141.376991,38.589697],[141.377728,38.590647],[141.378003,38.590872],[141.37859,38.591164],[141.379078,38.591522],[141.379215,38.591722],[141.379303,38.592155],[141.379603,38.592447],[141.381003,38.593164],[141.38174,38.593322],[141.38199,38.593505],[141.382402,38.593914],[141.382952,38.594155],[141.383227,38.594222],[141.38339,38.594405],[141.383552,38.594697],[141.38364,38.59508],[141.383727,38.595872],[141.383915,38.59623],[141.384765,38.596638],[141.385865,38.596997],[141.38614,38.597197],[141.38639,38.597447],[141.386639,38.59758],[141.387564,38.597738],[141.388064,38.597988],[141.388202,38.598122],[141.388777,38.598438],[141.390289,38.598972],[141.390814,38.599222],[141.391164,38.599472],[141.391414,38.599738],[141.391801,38.60003],[141.391964,38.600321],[141.392164,38.600888],[141.392264,38.601613],[141.392351,38.601855],[141.393314,38.602421],[141.393676,38.60278],[141.394164,38.603188],[141.394776,38.603413],[141.395901,38.603929],[141.396251,38.603971],[141.396664,38.603946],[141.397301,38.603788],[141.397376,38.603788],[141.397851,38.604038],[141.398451,38.604671],[141.398751,38.604921],[141.398913,38.604938],[141.399326,38.605071],[141.399638,38.605388],[141.399963,38.605838],[141.400813,38.606763],[141.401038,38.606963],[141.401088,38.607196],[141.401288,38.609037],[141.401475,38.609446],[141.401863,38.609379],[141.402413,38.609329],[141.403038,38.609379],[141.404038,38.609604],[141.404413,38.609604],[141.404888,38.609354],[141.4053,38.609354],[141.406612,38.609621],[141.40705,38.609821],[141.407387,38.610113],[141.4075,38.610271],[141.407937,38.610496],[141.408625,38.610746],[141.409037,38.610971],[141.40945,38.611013],[141.409587,38.610971],[141.410025,38.609954],[141.410275,38.609688],[141.411149,38.609304],[141.411512,38.609029],[141.412137,38.608221],[141.412937,38.607788],[141.413237,38.607496],[141.414637,38.60648],[141.415649,38.605897],[141.415874,38.605738],[141.415899,38.605513],[141.415737,38.60538],[141.413787,38.604997],[141.413149,38.604797],[141.412412,38.60443],[141.41145,38.603872],[141.410712,38.603513],[141.410325,38.603447],[141.409612,38.603397],[141.409162,38.603238],[141.408612,38.602788],[141.4081,38.60243],[141.4076,38.602138],[141.407238,38.601872],[141.407075,38.601688],[141.4071,38.601397],[141.407075,38.60108],[141.406775,38.600605],[141.406313,38.599955],[141.406225,38.599547],[141.406275,38.598847],[141.406413,38.598356],[141.406613,38.597997],[141.406335,38.593597],[141.408203,38.586525],[141.409897,38.580116],[141.4117,38.573293],[141.413243,38.567454],[141.417548,38.563706],[141.420788,38.560886],[141.426492,38.560103],[141.431227,38.559454],[141.43597,38.560237],[141.438774,38.563439],[141.441177,38.568243],[141.443259,38.572407],[141.446517,38.574248],[141.449727,38.575665],[141.454331,38.576848],[141.45893,38.577636]]],"type":"Polygon"},"properties":{"name":"桃生","yomi":"ものふ","kuni_id":"K29","pref":"宮城県","kuni_url":"/kg/resource/K29.html","id_url":"G29010.html","kuni":"陸前","id":"G29010"},"type":"Feature"}]}