{"type":"FeatureCollection","features":[{"type":"Feature","geometry":{"type":"Polygon","coordinates":[[[141.978242,39.83067],[141.97832,39.83064],[141.978416,39.830581],[141.978492,39.830478],[141.978542,39.830278],[141.978455,39.83012],[141.978317,39.830045],[141.978255,39.829728],[141.978267,39.829587],[141.978692,39.82887],[141.979117,39.828737],[141.979442,39.828562],[141.979605,39.828303],[141.979717,39.828245],[141.980117,39.828228],[141.980892,39.82832],[141.981204,39.828395],[141.981892,39.828762],[141.982229,39.828987],[141.983642,39.829637],[141.983829,39.829695],[141.984192,39.829687],[141.984529,39.829937],[141.984704,39.829978],[141.984886,39.830042],[141.985117,39.830128],[141.985504,39.83012],[141.985979,39.830045],[141.986254,39.829953],[141.986166,39.829703],[141.98598,39.829437],[141.985942,39.829195],[141.986117,39.828937],[141.986479,39.828195],[141.986866,39.827729],[141.987654,39.827237],[141.987979,39.826962],[141.988066,39.826837],[141.988016,39.826512],[141.987779,39.825879],[141.987716,39.825779],[141.987329,39.825521],[141.987129,39.825262],[141.987092,39.825146],[141.987117,39.824721],[141.987242,39.824554],[141.987467,39.824004],[141.987779,39.823687],[141.988341,39.823213],[141.988741,39.822979],[141.989279,39.822779],[141.989254,39.822596],[141.989029,39.822529],[141.988879,39.822388],[141.989491,39.822079],[141.989766,39.821779],[141.989916,39.821446],[141.989716,39.821329],[141.989666,39.821271],[141.989629,39.820954],[141.989791,39.820655],[141.989854,39.820621],[141.990316,39.820546],[141.990829,39.820488],[141.991229,39.82038],[141.991229,39.820188],[141.990116,39.819721],[141.989916,39.819571],[141.989629,39.819188],[141.989429,39.818738],[141.989304,39.818072],[141.989329,39.817863],[141.989504,39.817497],[141.989642,39.817355],[141.989679,39.817205],[141.989617,39.81703],[141.989517,39.81698],[141.989217,39.816988],[141.989092,39.816922],[141.988827,39.816713],[141.988529,39.816663],[141.988338,39.816663],[141.988004,39.816638],[141.987517,39.816338],[141.987292,39.81603],[141.987242,39.815722],[141.987467,39.81533],[141.987792,39.814855],[141.987817,39.814589],[141.987704,39.814505],[141.987592,39.814497],[141.987367,39.814397],[141.987029,39.81438],[141.986779,39.81448],[141.986617,39.814489],[141.986529,39.814422],[141.986254,39.81438],[141.985805,39.814364],[141.98548,39.814455],[141.985267,39.81443],[141.98508,39.814339],[141.985005,39.813989],[141.984967,39.813614],[141.984905,39.81348],[141.984792,39.813447],[141.984755,39.81363],[141.984767,39.81408],[141.98448,39.814055],[141.984205,39.813964],[141.983967,39.813814],[141.983805,39.81353],[141.98363,39.812947],[141.983617,39.812589],[141.98378,39.811847],[141.983967,39.811756],[141.98478,39.811497],[141.985205,39.811197],[141.985555,39.811022],[141.985592,39.810897],[141.985467,39.810756],[141.985392,39.810622],[141.985192,39.810406],[141.984855,39.810181],[141.984505,39.810031],[141.984255,39.809839],[141.984005,39.809447],[141.983905,39.809197],[141.98398,39.808914],[141.984055,39.808481],[141.983992,39.808256],[141.983705,39.807681],[141.98353,39.807148],[141.983318,39.806681],[141.983305,39.806514],[141.983455,39.806289],[141.983742,39.80629],[141.983842,39.80624],[141.983817,39.806056],[141.983755,39.80599],[141.983693,39.805773],[141.98373,39.805515],[141.984093,39.804815],[141.984205,39.804356],[141.983968,39.80424],[141.98373,39.80424],[141.98358,39.804165],[141.983355,39.803848],[141.983293,39.803631],[141.98343,39.803182],[141.983605,39.802915],[141.983697,39.802659],[141.983873,39.802358],[141.98408,39.80214],[141.98533,39.801198],[141.985518,39.801015],[141.98558,39.800907],[141.985305,39.800374],[141.984918,39.800082],[141.984961,39.799897],[141.985055,39.799799],[141.984993,39.799765],[141.984705,39.799924],[141.98453,39.79994],[141.98428,39.799807],[141.984155,39.799682],[141.98413,39.799482],[141.984193,39.79939],[141.98448,39.799349],[141.985455,39.799432],[141.986305,39.799565],[141.98668,39.79969],[141.987005,39.799649],[141.987267,39.799524],[141.987217,39.798749],[141.987405,39.798574],[141.987592,39.798574],[141.98778,39.798482],[141.988267,39.79799],[141.98858,39.797732],[141.988555,39.797632],[141.987905,39.797199],[141.987593,39.797016],[141.987268,39.796957],[141.98693,39.796957],[141.98658,39.796807],[141.98653,39.796649],[141.986718,39.796116],[141.98658,39.795732],[141.986305,39.795524],[141.985968,39.795374],[141.985843,39.795082],[141.986205,39.794091],[141.986355,39.793599],[141.986468,39.793024],[141.986555,39.792849],[141.986705,39.792733],[141.98673,39.792591],[141.98663,39.792449],[141.986343,39.792483],[141.986205,39.792308],[141.98623,39.792291],[141.986255,39.791966],[141.98598,39.791874],[141.985518,39.791791],[141.985243,39.791841],[141.98523,39.791783],[141.985293,39.791666],[141.985018,39.791633],[141.984756,39.791733],[141.984626,39.791755],[141.984431,39.791699],[141.984243,39.791483],[141.984243,39.791216],[141.984318,39.791016],[141.984493,39.790733],[141.984693,39.790008],[141.984868,39.789875],[141.984856,39.789508],[141.984618,39.789416],[141.983993,39.789408],[141.983793,39.789341],[141.983606,39.78915],[141.983531,39.788791],[141.983643,39.788566],[141.983718,39.7885],[141.983981,39.788383],[141.984581,39.788233],[141.985756,39.78785],[141.986143,39.78815],[141.986393,39.78825],[141.986518,39.78825],[141.986543,39.788192],[141.986481,39.788083],[141.986518,39.787892],[141.986881,39.787933],[141.986968,39.787592],[141.988805,39.787258],[141.98888,39.787183],[141.98888,39.787058],[141.98868,39.786975],[141.988543,39.786658],[141.988555,39.786517],[141.988718,39.7864],[141.988843,39.786258],[141.988955,39.786033],[141.98933,39.785809],[141.989605,39.785767],[141.98973,39.785709],[141.989943,39.785775],[141.990168,39.7859],[141.99033,39.78615],[141.990593,39.786208],[141.99098,39.786134],[141.991243,39.785975],[141.991205,39.78575],[141.990943,39.7855],[141.990618,39.78535],[141.990343,39.785167],[141.990305,39.785092],[141.990305,39.784509],[141.990243,39.784142],[141.99038,39.783975],[141.990668,39.78375],[141.991068,39.783609],[141.991343,39.783567],[141.991643,39.783384],[141.991905,39.783026],[141.99228,39.782251],[141.992393,39.782101],[141.992518,39.781742],[141.99248,39.781584],[141.99263,39.781376],[141.992855,39.781159],[141.992955,39.781101],[141.993218,39.781051],[141.993768,39.780826],[141.99433,39.780767],[141.994493,39.780542],[141.994943,39.779268],[141.995268,39.778668],[141.995493,39.778409],[141.996005,39.778043],[141.996415,39.777856],[141.996505,39.777843],[141.996668,39.777901],[141.997217,39.777959],[141.997792,39.778101],[141.998242,39.778184],[141.999905,39.778318],[142.000242,39.77831],[142.000855,39.778076],[142.00118,39.77801],[142.001442,39.777885],[142.001767,39.77766],[142.001855,39.777635],[142.002042,39.777701],[142.002167,39.777718],[142.002292,39.77766],[142.002267,39.777551],[142.002154,39.777426],[142.00188,39.777243],[142.001935,39.77706],[142.002062,39.776832],[142.002479,39.776976],[142.002742,39.776951],[142.002967,39.776901],[142.003104,39.776626],[142.003242,39.776468],[142.003392,39.77646],[142.003492,39.776393],[142.003492,39.776243],[142.003567,39.77611],[142.003742,39.776077],[142.004142,39.775893],[142.004242,39.775777],[142.004142,39.77556],[142.004024,39.775373],[142.00387,39.775128],[142.003954,39.775077],[142.003904,39.774943],[142.003704,39.77491],[142.003579,39.774977],[142.003329,39.774927],[142.003154,39.774835],[142.003129,39.774677],[142.003129,39.774485],[142.002942,39.774252],[142.002692,39.774285],[142.001805,39.77421],[142.001542,39.774227],[142.001305,39.774185],[142.000755,39.773952],[142.000505,39.773743],[142.000455,39.773343],[142.000267,39.773093],[142.000067,39.773135],[141.99993,39.773335],[141.999942,39.773518],[141.99988,39.773643],[141.99858,39.773468],[141.997893,39.773277],[141.997143,39.772968],[141.996918,39.772818],[141.996637,39.772506],[141.996415,39.772232],[141.996068,39.771802],[141.99583,39.771585],[141.995055,39.771144],[141.994805,39.770894],[141.994718,39.770735],[141.994468,39.77051],[141.993905,39.77026],[141.993318,39.769952],[141.993118,39.769794],[141.992343,39.769502],[141.991893,39.769244],[141.991381,39.768769],[141.990943,39.768294],[141.990481,39.767711],[141.990081,39.767477],[141.989856,39.767202],[141.989381,39.766344],[141.989293,39.766102],[141.989219,39.765703],[141.989081,39.765094],[141.989169,39.764761],[141.989006,39.764553],[141.988969,39.764361],[141.989006,39.763744],[141.989181,39.763561],[141.989631,39.763353],[141.989731,39.763261],[141.989756,39.763161],[141.989544,39.76312],[141.988819,39.76307],[141.988556,39.762761],[141.988281,39.761853],[141.988281,39.760995],[141.988319,39.76072],[141.988346,39.760267],[141.988344,39.759745],[141.988394,39.759362],[141.988644,39.758553],[141.988656,39.758395],[141.988669,39.758102],[141.988844,39.757912],[141.988906,39.757787],[141.988869,39.757587],[141.988781,39.757404],[141.988869,39.75682],[141.989044,39.756245],[141.989256,39.755804],[141.989556,39.755529],[141.989956,39.755245],[141.990255,39.754959],[141.990418,39.754725],[141.990537,39.754526],[141.990644,39.754321],[141.990944,39.753762],[141.991481,39.753237],[141.991706,39.753087],[141.991981,39.752979],[141.992418,39.752787],[141.992768,39.752646],[141.992993,39.752604],[141.993543,39.752354],[141.994118,39.751904],[141.994831,39.751479],[141.995468,39.751179],[141.996387,39.751004],[141.996568,39.750988],[141.997231,39.751163],[141.997493,39.751246],[141.997443,39.751746],[141.996868,39.751763],[141.996893,39.751988],[141.997843,39.751921],[141.997943,39.752096],[141.997893,39.752246],[141.99798,39.752421],[141.998027,39.752537],[141.998093,39.752679],[141.998255,39.752829],[141.99833,39.752913],[141.998706,39.752986],[141.999055,39.753021],[142.000093,39.753021],[142.00018,39.752929],[142.00018,39.752804],[141.999855,39.752613],[141.999505,39.752496],[141.999368,39.752304],[141.999343,39.752004],[141.999543,39.751729],[141.999805,39.751646],[142.00038,39.751563],[142.000993,39.751371],[142.001387,39.751351],[142.001743,39.751488],[142.002517,39.752113],[142.003167,39.752554],[142.003355,39.752596],[142.003467,39.752563],[142.003505,39.752496],[142.003392,39.751938],[142.00348,39.751813],[142.00363,39.751688],[142.003917,39.751754],[142.003955,39.751688],[142.00398,39.751529],[142.003905,39.751013],[142.003916,39.75087],[142.003917,39.750696],[142.003817,39.750588],[142.003605,39.750488],[142.003492,39.750496],[142.003217,39.750596],[142.002992,39.75023],[142.002793,39.750021],[142.00263,39.749971],[142.002593,39.74998],[142.00233,39.750296],[142.002243,39.750313],[142.00203,39.750305],[142.001555,39.750471],[142.000705,39.75063],[142.000418,39.750621],[142.00023,39.750521],[141.999993,39.75028],[141.999768,39.749988],[141.99968,39.749463],[142.000068,39.74943],[142.000243,39.749496],[142.000555,39.749538],[142.000718,39.749455],[142.000818,39.749271],[142.000805,39.749046],[142.00063,39.748896],[142.000268,39.748921],[142.000048,39.748922],[141.999655,39.74893],[141.999422,39.748988],[141.999208,39.749136],[141.998893,39.74918],[141.998566,39.749093],[141.997953,39.749019],[141.997181,39.748855],[141.996568,39.748688],[141.995956,39.748588],[141.995381,39.748505],[141.995131,39.748413],[141.994931,39.74828],[141.994793,39.747755],[141.994631,39.74758],[141.993993,39.747196],[141.993618,39.74713],[141.993281,39.747238],[141.993061,39.747367],[141.992819,39.747471],[141.992654,39.747467],[141.992544,39.747488],[141.992106,39.74758],[141.991769,39.747738],[141.991381,39.74763],[141.991006,39.747421],[141.990369,39.747021],[141.989631,39.746546],[141.989294,39.746297],[141.988794,39.745897],[141.988606,39.74558],[141.987757,39.744297],[141.987444,39.743688],[141.986982,39.742364],[141.986619,39.741839],[141.986457,39.740989],[141.986457,39.740764],[141.986669,39.739681],[141.986557,39.739522],[141.986007,39.739231],[141.986044,39.738731],[141.986182,39.738422],[141.986144,39.738122],[141.986032,39.738039],[141.985819,39.737947],[141.985157,39.737631],[141.983345,39.737114],[141.983282,39.737073],[141.983207,39.736848],[141.983282,39.736506],[141.983307,39.736031],[141.98342,39.735923],[141.983557,39.735648],[141.983782,39.735514],[141.984107,39.735406],[141.984495,39.734973],[141.984907,39.734881],[141.985294,39.734931],[141.985432,39.734864],[141.985457,39.734789],[141.984795,39.734323],[141.984707,39.734206],[141.984407,39.73414],[141.984195,39.734206],[141.983945,39.734348],[141.983332,39.734481],[141.98237,39.734389],[141.981607,39.734389],[141.981195,39.734373],[141.981195,39.734164],[141.981132,39.733965],[141.981307,39.73374],[141.981307,39.733648],[141.980857,39.733381],[141.980145,39.733248],[141.979795,39.733265],[141.979545,39.732748],[141.979383,39.732656],[141.979208,39.732615],[141.978933,39.732573],[141.97852,39.732615],[141.97842,39.732731],[141.97797,39.732748],[141.977945,39.732748],[141.97797,39.733406],[141.97792,39.733515],[141.97787,39.733831],[141.97767,39.734148],[141.977458,39.735098],[141.977458,39.735323],[141.977295,39.735406],[141.977158,39.735523],[141.976958,39.735481],[141.97657,39.735456],[141.976383,39.735523],[141.97547,39.735456],[141.975095,39.735389],[141.974895,39.735389],[141.97492,39.734714],[141.975033,39.734039],[141.97512,39.733273],[141.974758,39.733364],[141.974708,39.733406],[141.974733,39.733431],[141.974708,39.733589],[141.97462,39.733748],[141.974433,39.733764],[141.973908,39.733539],[141.973571,39.733298],[141.973083,39.732665],[141.972921,39.732281],[141.972671,39.731606],[141.972533,39.730865],[141.972083,39.730931],[141.971783,39.730506],[141.971708,39.73019],[141.971708,39.72974],[141.971783,39.729332],[141.971946,39.728815],[141.972221,39.728565],[141.972771,39.728382],[141.973321,39.727957],[141.973353,39.727837],[141.973346,39.72769],[141.973683,39.72784],[141.974146,39.727932],[141.974446,39.727865],[141.974333,39.727482],[141.974833,39.727598],[141.974996,39.727573],[141.975221,39.72739],[141.975296,39.727165],[141.975296,39.72694],[141.975983,39.726557],[141.97632,39.726599],[141.97667,39.726582],[141.97692,39.726374],[141.97717,39.726282],[141.97802,39.726199],[141.978295,39.726215],[141.978345,39.726399],[141.97857,39.72669],[141.978933,39.726824],[141.97917,39.726715],[141.979283,39.72669],[141.979758,39.726782],[141.979833,39.726707],[141.97997,39.726757],[141.98027,39.726824],[141.980633,39.726665],[141.980745,39.726665],[141.98107,39.726732],[141.981432,39.726982],[141.981595,39.726999],[141.982057,39.72684],[141.982195,39.726574],[141.982332,39.726665],[141.982832,39.726615],[141.98297,39.726482],[141.98302,39.726374],[141.98322,39.726299],[141.983357,39.726215],[141.983457,39.725915],[141.98357,39.725832],[141.983795,39.725832],[141.984345,39.725916],[141.984457,39.725899],[141.984507,39.725832],[141.984395,39.725674],[141.984145,39.725532],[141.983957,39.725332],[141.984345,39.724841],[141.98462,39.724816],[141.984757,39.724699],[141.984782,39.724566],[141.984582,39.724249],[141.984207,39.724141],[141.98417,39.724074],[141.984207,39.723891],[141.98442,39.723624],[141.98472,39.723307],[141.985195,39.723149],[141.98582,39.723216],[141.986157,39.723166],[141.986257,39.723099],[141.986395,39.723099],[141.986645,39.723258],[141.986807,39.723299],[141.987119,39.723524],[141.987194,39.723524],[141.987494,39.723616],[141.987807,39.723616],[141.987969,39.723549],[141.987969,39.723416],[141.987907,39.723324],[141.987494,39.723124],[141.987219,39.722941],[141.986982,39.722916],[141.98667,39.722766],[141.986482,39.722766],[141.986432,39.722783],[141.986257,39.722741],[141.986095,39.722608],[141.985932,39.722424],[141.98582,39.722358],[141.985657,39.722333],[141.98547,39.722358],[141.984995,39.722699],[141.98467,39.722633],[141.984532,39.722333],[141.984395,39.722108],[141.98447,39.721724],[141.98442,39.721616],[141.984195,39.721483],[141.984007,39.721299],[141.983782,39.720741],[141.984195,39.720649],[141.984257,39.720583],[141.984195,39.720491],[141.983982,39.720333],[141.98367,39.720174],[141.98332,39.719883],[141.983232,39.719766],[141.983482,39.719766],[141.983432,39.719683],[141.98302,39.7195],[141.98282,39.719208],[141.982657,39.718508],[141.982595,39.717791],[141.982408,39.717108],[141.982408,39.716866],[141.982595,39.716575],[141.982845,39.716258],[141.982895,39.716233],[141.983008,39.716233],[141.983307,39.715958],[141.983532,39.715942],[141.98367,39.715875],[141.98367,39.715575],[141.983857,39.715533],[141.98397,39.715442],[141.984357,39.715575],[141.98477,39.715667],[141.984932,39.715625],[141.984907,39.715508],[141.984932,39.715442],[141.98512,39.7154],[141.985182,39.71535],[141.985782,39.71515],[141.985807,39.715058],[141.985695,39.7149],[141.985282,39.714725],[141.985145,39.714608],[141.98537,39.714342],[141.985507,39.714267],[141.985595,39.714159],[141.985645,39.713959],[141.985807,39.713775],[141.986195,39.713734],[141.986332,39.713575],[141.986357,39.713392],[141.98627,39.713192],[141.986132,39.71305],[141.985645,39.712717],[141.98537,39.7117],[141.985395,39.711092],[141.98567,39.710126],[141.985807,39.710101],[141.985857,39.710217],[141.986195,39.710259],[141.986545,39.710234],[141.986732,39.710126],[141.986732,39.710034],[141.986595,39.709926],[141.986245,39.709967],[141.98627,39.709901],[141.98622,39.709809],[141.986132,39.709767],[141.985495,39.709701],[141.98547,39.709717],[141.985195,39.709701],[141.98492,39.709876],[141.984845,39.709876],[141.984732,39.709792],[141.984408,39.709701],[141.98427,39.709634],[141.984183,39.709342],[141.983983,39.709267],[141.983795,39.709251],[141.98357,39.709292],[141.983433,39.709159],[141.983245,39.709067],[141.983058,39.708909],[141.983058,39.708867],[141.98297,39.708776],[141.98292,39.708442],[141.982783,39.708167],[141.98272,39.708167],[141.982533,39.708259],[141.982445,39.708126],[141.982258,39.707967],[141.98212,39.707917],[141.981345,39.707468],[141.981133,39.707226],[141.981045,39.706976],[141.980658,39.706818],[141.980545,39.706818],[141.980108,39.706684],[141.979996,39.706501],[141.980683,39.706259],[141.980845,39.706143],[141.980795,39.705959],[141.980708,39.705943],[141.980545,39.705826],[141.98022,39.705718],[141.980108,39.705718],[141.979996,39.705784],[141.979883,39.705918],[141.979558,39.705893],[141.979446,39.705826],[141.979333,39.705693],[141.979258,39.705651],[141.979096,39.705718],[141.979008,39.705784],[141.978871,39.705809],[141.978621,39.706034],[141.978458,39.705984],[141.978296,39.706009],[141.978108,39.706076],[141.977971,39.706168],[141.977746,39.706351],[141.977146,39.706734],[141.976733,39.706592],[141.975796,39.706101],[141.975633,39.705968],[141.975521,39.705784],[141.975596,39.705559],[141.975271,39.705226],[141.974834,39.703893],[141.974796,39.703418],[141.974746,39.702951],[141.974746,39.70281],[141.974771,39.702726],[141.974746,39.702543],[141.974909,39.701893],[141.974746,39.701751],[141.974171,39.70191],[141.973996,39.70191],[141.973696,39.701801],[141.973559,39.701843],[141.973371,39.702001],[141.973259,39.701935],[141.972796,39.701801],[141.972821,39.701618],[141.972759,39.701551],[141.972571,39.70146],[141.972459,39.70146],[141.972346,39.701376],[141.972071,39.700993],[141.971934,39.700543],[141.971884,39.699593],[141.971959,39.699302],[141.972096,39.699035],[141.972571,39.698402],[141.972846,39.698127],[141.973334,39.697902],[141.973859,39.697743],[141.973771,39.697452],[141.973471,39.697477],[141.973334,39.697427],[141.972984,39.697068],[141.972709,39.696618],[141.972671,39.696444],[141.972834,39.695877],[141.972734,39.695652],[141.972372,39.695294],[141.972372,39.69491],[141.972509,39.694235],[141.972484,39.693919],[141.972122,39.693535],[141.971159,39.692902],[141.970584,39.692427],[141.970309,39.692319],[141.970384,39.692119],[141.970359,39.691961],[141.970309,39.691936],[141.970084,39.691686],[141.969872,39.691827],[141.969622,39.691711],[141.969259,39.691711],[141.969209,39.691736],[141.968634,39.691869],[141.968459,39.691802],[141.968247,39.691577],[141.968022,39.691036],[141.967972,39.691036],[141.967708,39.6911],[141.967585,39.690927],[141.967497,39.690927],[141.967285,39.691086],[141.967172,39.690836],[141.967085,39.690494],[141.96706,39.690002],[141.967222,39.689553],[141.967385,39.689328],[141.967722,39.689461],[141.967935,39.689503],[141.968135,39.689503],[141.968185,39.689486],[141.968047,39.689144],[141.96821,39.689186],[141.968572,39.689119],[141.968547,39.689028],[141.968449,39.688929],[141.96811,39.688603],[141.96805,39.688471],[141.96811,39.688178],[141.968185,39.688019],[141.968372,39.687794],[141.96876,39.687428],[141.968985,39.687294],[141.96926,39.687203],[141.969647,39.687253],[141.969947,39.687386],[141.969997,39.687386],[141.970022,39.687544],[141.970109,39.687611],[141.970772,39.687769],[141.971122,39.687786],[141.971397,39.687769],[141.971759,39.687786],[141.971922,39.687745],[141.972059,39.687628],[141.972034,39.68752],[141.972084,39.687403],[141.972284,39.68732],[141.972634,39.687245],[141.973159,39.687228],[141.973209,39.687245],[141.973622,39.68792],[141.973734,39.687995],[141.973872,39.687836],[141.974122,39.687761],[141.974746,39.687786],[141.974784,39.687761],[141.974471,39.687586],[141.974371,39.687428],[141.974559,39.687111],[141.974859,39.68682],[141.975196,39.686636],[141.975434,39.686661],[141.977084,39.68632],[141.977659,39.686411],[141.978071,39.686545],[141.978596,39.686745],[141.978546,39.687128],[141.978571,39.687311],[141.978684,39.687403],[141.978871,39.687495],[141.979034,39.68772],[141.979234,39.68787],[141.979421,39.687945],[141.979671,39.687961],[141.979696,39.68772],[141.979671,39.687511],[141.979696,39.687286],[141.979808,39.687111],[141.980021,39.686928],[141.980358,39.686812],[141.980608,39.686928],[141.980746,39.687328],[141.980908,39.687378],[141.981058,39.687087],[141.981258,39.687328],[141.981483,39.687328],[141.981733,39.687286],[141.982146,39.687195],[141.982308,39.687287],[141.982558,39.687711],[141.982971,39.688053],[141.983108,39.688028],[141.983183,39.687686],[141.983321,39.687936],[141.983496,39.687986],[141.983596,39.687961],[141.983633,39.687487],[141.983683,39.687378],[141.983846,39.687303],[141.984008,39.68767],[141.984121,39.687761],[141.984208,39.687761],[141.984283,39.68767],[141.984258,39.687103],[141.984146,39.687078],[141.984146,39.687062],[141.984283,39.687062],[141.98462,39.687128],[141.98497,39.687287],[141.985358,39.687395],[141.985445,39.687353],[141.985633,39.686878],[141.985658,39.686603],[141.985633,39.686337],[141.98522,39.685953],[141.985133,39.68582],[141.98522,39.685753],[141.98577,39.685662],[141.986158,39.685545],[141.986283,39.685437],[141.98637,39.685187],[141.986208,39.684987],[141.986345,39.684712],[141.98632,39.684604],[141.986208,39.684554],[141.985933,39.684629],[141.985908,39.684354],[141.986008,39.684245],[141.986095,39.684087],[141.986008,39.683704],[141.98612,39.683429],[141.986283,39.683387],[141.986308,39.683112],[141.986283,39.682845],[141.98612,39.682662],[141.985758,39.682579],[141.985595,39.682421],[141.985458,39.682371],[141.985347,39.682325],[141.985271,39.682212],[141.985271,39.682104],[141.985097,39.681922],[141.984833,39.681654],[141.984721,39.681496],[141.984496,39.681429],[141.983946,39.681362],[141.983646,39.681271],[141.983396,39.680771],[141.983371,39.680371],[141.983396,39.679762],[141.983558,39.679712],[141.983721,39.679604],[141.983833,39.679221],[141.983833,39.679063],[141.983783,39.679021],[141.983558,39.679038],[141.983446,39.678929],[141.983171,39.678946],[141.982846,39.678721],[141.982658,39.678679],[141.982521,39.678613],[141.982458,39.678496],[141.982458,39.678271],[141.982546,39.678071],[141.982296,39.678029],[141.982271,39.677938],[141.982208,39.677529],[141.982321,39.677421],[141.982371,39.677263],[141.982183,39.676829],[141.981771,39.676296],[141.981933,39.676205],[141.981933,39.676155],[141.981771,39.675955],[141.981633,39.676021],[141.981271,39.676071],[141.980896,39.675955],[141.980621,39.675688],[141.980646,39.675346],[141.980746,39.67503],[141.980746,39.67458],[141.980671,39.67413],[141.980696,39.673721],[141.980609,39.673655],[141.980284,39.673546],[141.980259,39.673571],[141.980034,39.673588],[141.979984,39.673388],[141.980059,39.67323],[141.980309,39.673072],[141.980421,39.673072],[141.980671,39.672963],[141.980534,39.672688],[141.980334,39.672713],[141.979846,39.672372],[141.977884,39.671747],[141.977697,39.671588],[141.977747,39.671455],[141.977534,39.671138],[141.977422,39.670938],[141.977259,39.670797],[141.977114,39.670797],[141.977059,39.670622],[141.976597,39.670597],[141.975909,39.669655],[141.975884,39.669672],[141.975747,39.669605],[141.975722,39.669505],[141.975522,39.669114],[141.975409,39.668772],[141.975009,39.668272],[141.974884,39.667997],[141.974872,39.667322],[141.974922,39.667056],[141.975222,39.666739],[141.975272,39.666447],[141.975259,39.666064],[141.975192,39.665882],[141.975134,39.665881],[141.974909,39.665881],[141.974734,39.665681],[141.975059,39.665231],[141.975134,39.664956],[141.975147,39.664214],[141.974947,39.664189],[141.974872,39.664056],[141.975022,39.663989],[141.974997,39.663923],[141.974722,39.663673],[141.97426,39.662923],[141.97411,39.662648],[141.97381,39.662848],[141.973385,39.662664],[141.97296,39.662414],[141.972885,39.662256],[141.973135,39.662081],[141.97321,39.661881],[141.97311,39.661806],[141.97271,39.661806],[141.97236,39.661981],[141.972135,39.662048],[141.97151,39.661889],[141.971235,39.66119],[141.97131,39.661073],[141.97151,39.660898],[141.971797,39.660781],[141.972272,39.660131],[141.972397,39.660048],[141.972485,39.659573],[141.972535,39.659506],[141.97286,39.659323],[141.97311,39.659331],[141.973285,39.659198],[141.97331,39.659056],[141.973185,39.658807],[141.973197,39.658473],[141.973097,39.658248],[141.973847,39.658232],[141.973997,39.658048],[141.974147,39.657782],[141.974347,39.657598],[141.97451,39.657357],[141.974485,39.657173],[141.973735,39.656399],[141.973535,39.656357],[141.973335,39.65649],[141.973185,39.656349],[141.973235,39.65604],[141.972972,39.655182],[141.972747,39.654999],[141.972697,39.654815],[141.972397,39.654674],[141.972072,39.654765],[141.971947,39.654765],[141.971597,39.654849],[141.970998,39.654874],[141.971148,39.654715],[141.971397,39.654532],[141.971447,39.654174],[141.971148,39.654124],[141.970298,39.654124],[141.970273,39.654007],[141.970298,39.653674],[141.97116,39.653607],[141.971135,39.653499],[141.97081,39.653266],[141.97041,39.653241],[141.970085,39.653199],[141.969985,39.653057],[141.96996,39.652632],[141.970285,39.652316],[141.970285,39.652141],[141.970373,39.651841],[141.970498,39.651732],[141.970873,39.651557],[141.971123,39.651374],[141.971448,39.651291],[141.971823,39.651332],[141.972247,39.651274],[141.972372,39.651591],[141.972672,39.651657],[141.972947,39.651482],[141.973222,39.651507],[141.97346,39.651549],[141.973572,39.651682],[141.973597,39.651999],[141.973847,39.652207],[141.974622,39.652257],[141.975747,39.652607],[141.976522,39.653199],[141.977572,39.653407],[141.979072,39.653374],[141.979497,39.653491],[141.979572,39.653532],[141.979722,39.653349],[141.979709,39.653082],[141.979884,39.652991],[141.980172,39.653532],[141.980272,39.653582],[141.980671,39.653632],[141.980696,39.653607],[141.980784,39.653316],[141.980459,39.653041],[141.980534,39.652841],[141.980909,39.652616],[141.981409,39.652533],[141.981909,39.652583],[141.981909,39.653049],[141.982059,39.653166],[141.982184,39.653057],[141.982334,39.652691],[141.982471,39.652399],[141.982596,39.652424],[141.983071,39.652408],[141.983121,39.652341],[141.982796,39.651883],[141.982871,39.651658],[141.982996,39.651683],[141.983196,39.651574],[141.983234,39.651299],[141.983359,39.651216],[141.984409,39.651041],[141.985109,39.651158],[141.985384,39.651049],[141.985559,39.651024],[141.985633,39.650933],[141.985596,39.650483],[141.985371,39.650458],[141.985121,39.65055],[141.984996,39.650391],[141.985046,39.650191],[141.984996,39.649875],[141.984796,39.649716],[141.984196,39.649841],[141.983434,39.650383],[141.982909,39.650599],[141.982634,39.651074],[141.982021,39.651541],[141.981446,39.651808],[141.980921,39.651874],[141.980034,39.652432],[141.979309,39.652766],[141.978909,39.653007],[141.978734,39.652899],[141.979284,39.652474],[141.979334,39.652016],[141.979234,39.651816],[141.979247,39.651391],[141.979747,39.650849],[141.979972,39.650741],[141.980534,39.650649],[141.980834,39.650699],[141.981034,39.650591],[141.981009,39.650541],[141.980334,39.650241],[141.980184,39.64975],[141.979984,39.64945],[141.979959,39.649341],[141.980072,39.649116],[141.980372,39.648983],[141.980797,39.6491],[141.981172,39.649258],[141.981721,39.649266],[141.982096,39.649041],[141.982196,39.648883],[141.982196,39.648816],[141.982021,39.648633],[141.980997,39.648441],[141.980897,39.648308],[141.980022,39.648191],[141.979747,39.648008],[141.979597,39.647758],[141.979534,39.647558],[141.979659,39.6472],[141.980034,39.647017],[141.980609,39.647042],[141.981284,39.647158],[141.981584,39.647142],[141.981684,39.646917],[141.982034,39.6471],[141.982509,39.647283],[141.982934,39.647267],[141.983296,39.64715],[141.983171,39.646817],[141.982571,39.64645],[141.982296,39.646133],[141.980809,39.645017],[141.980184,39.6447],[141.979259,39.6444],[141.978859,39.644167],[141.978534,39.644208],[141.978059,39.644117],[141.977685,39.644183],[141.977385,39.643817],[141.976985,39.64375],[141.976735,39.643975],[141.97666,39.643925],[141.976535,39.643725],[141.97656,39.643475],[141.976285,39.643359],[141.976085,39.643225],[141.97601,39.643225],[141.975935,39.643267],[141.975685,39.643225],[141.97551,39.643292],[141.97546,39.643284],[141.975435,39.6432],[141.975235,39.643175],[141.974835,39.643242],[141.974422,39.643392],[141.974397,39.64355],[141.974572,39.6438],[141.974347,39.644025],[141.97301,39.644958],[141.97276,39.645008],[141.97226,39.645183],[141.97191,39.645475],[141.971598,39.646325],[141.971398,39.646616],[141.970935,39.646775],[141.970385,39.646766],[141.96956,39.646558],[141.969385,39.646466],[141.967973,39.642375],[141.967911,39.641409],[141.97256,39.640042],[141.972185,39.639226],[141.970885,39.638384],[141.967473,39.639467],[141.964711,39.639784],[141.964399,39.638501],[141.963999,39.637909],[141.963686,39.637317],[141.965811,39.636993],[141.971348,39.635301],[141.97216,39.633976],[141.972135,39.633926],[141.971935,39.63381],[141.971885,39.633726],[141.965623,39.635684],[141.965624,39.633585],[141.968548,39.632568],[141.968661,39.630593],[141.970836,39.626969],[141.971448,39.625902],[141.971411,39.625577],[141.970561,39.625944],[141.969823,39.625927],[141.969736,39.625402],[141.969573,39.625394],[141.969661,39.623203],[141.966249,39.623161],[141.965286,39.623794],[141.965211,39.623778],[141.964686,39.623678],[141.964049,39.623836],[141.963749,39.623811],[141.963449,39.623653],[141.963312,39.623403],[141.963287,39.622678],[141.963437,39.622228],[141.963374,39.621844],[141.963912,39.62077],[141.964936,39.620845],[141.965699,39.618728],[141.965911,39.618612],[141.965986,39.61837],[141.965561,39.61807],[141.965162,39.61807],[141.964462,39.618062],[141.963987,39.617945],[141.963887,39.617812],[141.963737,39.617312],[141.963662,39.61677],[141.963724,39.616304],[141.963449,39.61582],[141.963199,39.615779],[141.963049,39.615795],[141.962449,39.615704],[141.962199,39.615479],[141.962124,39.61532],[141.962062,39.614712],[141.962187,39.614187],[141.962674,39.613112],[141.963137,39.612329],[141.963712,39.611787],[141.963812,39.611654],[141.963662,39.611521],[141.963512,39.611496],[141.963587,39.611312],[141.963612,39.611087],[141.963049,39.610838],[141.96295,39.610679],[141.96285,39.610629],[141.962275,39.610496],[141.962075,39.610538],[141.961875,39.610513],[141.9617,39.610288],[141.961525,39.610146],[141.961525,39.610013],[141.9616,39.609879],[141.961525,39.609813],[141.961225,39.609763],[141.96075,39.609921],[141.960225,39.609754],[141.9593,39.609213],[141.958238,39.608321],[141.957463,39.607638],[141.955575,39.60573],[141.955363,39.605413],[141.957413,39.604047],[141.955875,39.602647],[141.954063,39.603747],[141.949889,39.602205],[141.948914,39.602388],[141.948439,39.602255],[141.947989,39.601955],[141.947376,39.600822],[141.947301,39.600413],[141.947364,39.599988],[141.947189,39.599489],[141.946539,39.599172],[141.945889,39.59903],[141.945289,39.598847],[141.945064,39.598622],[141.944877,39.59778],[141.944827,39.597239],[141.944864,39.596455],[141.945014,39.595914],[141.945752,39.594606],[141.946439,39.593573],[141.946877,39.593039],[141.947252,39.592523],[141.947452,39.592006],[141.947489,39.591714],[141.947339,39.591373],[141.947114,39.591123],[141.947014,39.59074],[141.947102,39.589931],[141.947202,39.589856],[141.947777,39.58989],[141.948202,39.589848],[141.948764,39.588765],[141.949277,39.588165],[141.949827,39.58769],[141.951189,39.586732],[141.952064,39.586374],[141.952876,39.586099],[141.954039,39.585899],[141.954539,39.58584],[141.955901,39.585799],[141.957351,39.585807],[141.957964,39.58589],[141.958313,39.586082],[141.958476,39.586199],[141.958551,39.586307],[141.958776,39.586474],[141.959076,39.586632],[141.959151,39.586857],[141.959126,39.587215],[141.959351,39.587624],[141.959763,39.588374],[141.960163,39.588598],[141.960713,39.588965],[141.961088,39.589423],[141.961201,39.589873],[141.961026,39.590723],[141.961013,39.591065],[141.961138,39.59129],[141.962238,39.591573],[141.962738,39.591848],[141.962938,39.592048],[141.962888,39.59239],[141.962788,39.592656],[141.962725,39.592881],[141.96265,39.592923],[141.96225,39.592948],[141.9622,39.59299],[141.962175,39.593123],[141.963175,39.593473],[141.964025,39.593706],[141.964525,39.594065],[141.965137,39.595539],[141.965012,39.595989],[141.965275,39.596373],[141.96615,39.597081],[141.966425,39.597464],[141.96655,39.597714],[141.966987,39.597898],[141.967562,39.598306],[141.967787,39.598689],[141.967512,39.599347],[141.96765,39.599822],[141.968199,39.600547],[141.968299,39.600864],[141.968274,39.600931],[141.967962,39.60108],[141.967912,39.601355],[141.968312,39.601764],[141.968762,39.60208],[141.969587,39.60218],[141.970287,39.602455],[141.970512,39.602705],[141.970424,39.603447],[141.971199,39.604064],[141.971286,39.604672],[141.971236,39.604855],[141.971761,39.605488],[141.971736,39.605963],[141.972349,39.606622],[141.972774,39.606938],[141.972924,39.60698],[141.973499,39.606872],[141.974299,39.607238],[141.974874,39.60763],[141.975348,39.607655],[141.976073,39.607905],[141.975998,39.608113],[141.975623,39.608288],[141.975436,39.608421],[141.976111,39.60933],[141.976736,39.609788],[141.977323,39.610263],[141.977848,39.611121],[141.977888,39.611213],[141.976186,39.611679],[141.976873,39.611996],[141.976736,39.612104],[141.976711,39.612329],[141.976961,39.612538],[141.977136,39.612588],[141.977761,39.612654],[141.978026,39.612715],[141.97821,39.612729],[141.978785,39.612954],[141.978885,39.613138],[141.97921,39.613254],[141.97936,39.613346],[141.979198,39.613571],[141.979473,39.613704],[141.979635,39.613504],[141.97981,39.613413],[141.979898,39.613704],[141.980135,39.613729],[141.980448,39.614121],[141.980948,39.614412],[141.981448,39.614262],[141.982373,39.614379],[141.983422,39.614654],[141.984247,39.614937],[141.984422,39.615162],[141.984347,39.615454],[141.984372,39.615796],[141.984697,39.616062],[141.984785,39.616379],[141.98556,39.616679],[141.98596,39.617046],[141.987184,39.617887],[141.987559,39.618454],[141.987972,39.619629],[141.988384,39.620512],[141.988859,39.621012],[141.989159,39.621528],[141.989447,39.621803],[141.989896,39.622237],[141.990271,39.622895],[141.990821,39.623328],[141.991084,39.623845],[141.991434,39.62432],[141.991534,39.624636],[141.991509,39.62502],[141.991909,39.625228],[141.992121,39.625411],[141.992696,39.626311],[141.992771,39.626811],[141.993158,39.627178],[141.993883,39.627628],[141.994483,39.628378],[141.995446,39.629444],[141.995546,39.629894],[141.995846,39.630169],[141.995846,39.630236],[141.99602,39.630394],[141.99632,39.630486],[141.99642,39.630448],[141.99667,39.630561],[141.997058,39.630994],[141.997145,39.631394],[141.997258,39.631486],[141.997433,39.631736],[141.997708,39.631936],[141.997933,39.632227],[141.997883,39.632519],[141.997883,39.632927],[141.998145,39.632927],[141.998058,39.633086],[141.998233,39.633236],[141.998608,39.633352],[141.998933,39.633735],[141.99902,39.63391],[141.999345,39.634269],[141.999695,39.634569],[142.00037,39.634719],[142.000745,39.635152],[142.000807,39.635394],[142.000832,39.635477],[142.00057,39.635619],[142.000607,39.635752],[142.001182,39.636002],[142.001507,39.636044],[142.001945,39.63616],[142.002032,39.636943],[142.002532,39.63751],[142.00227,39.637668],[142.00227,39.637843],[142.003207,39.638185],[142.003269,39.638252],[142.003582,39.63836],[142.003644,39.638452],[142.003944,39.638493],[142.004082,39.63836],[142.004082,39.638293],[142.004194,39.638293],[142.005019,39.638785],[142.004819,39.639127],[142.004494,39.639485],[142.004644,39.639935],[142.004757,39.640118],[142.004732,39.640185],[142.004469,39.64036],[142.004094,39.640476],[142.004069,39.640743],[142.003919,39.640968],[142.004269,39.641126],[142.004469,39.641285],[142.004557,39.641243],[142.004969,39.641193],[142.005169,39.64126],[142.005344,39.641218],[142.006656,39.641393],[142.006781,39.641443],[142.006956,39.64191],[142.006869,39.642251],[142.006494,39.642476],[142.006406,39.642584],[142.006144,39.642809],[142.005731,39.643059],[142.005944,39.643218],[142.006081,39.643268],[142.006081,39.643468],[142.006169,39.643601],[142.006269,39.643626],[142.006469,39.643893],[142.006619,39.644251],[142.006969,39.644659],[142.007206,39.645018],[142.007319,39.645126],[142.007869,39.645309],[142.008569,39.645351],[142.008744,39.645401],[142.009181,39.645642],[142.009743,39.646134],[142.009631,39.646517],[142.009281,39.646634],[142.009244,39.646817],[142.009518,39.647042],[142.009693,39.647401],[142.009893,39.647734],[142.010106,39.647984],[142.010481,39.648159],[142.010893,39.648026],[142.011031,39.647867],[142.011381,39.647709],[142.011881,39.647959],[142.012406,39.648342],[142.012818,39.649017],[142.012881,39.649217],[142.013106,39.649442],[142.013143,39.649734],[142.013168,39.649825],[142.012968,39.650384],[142.012768,39.650409],[142.012906,39.650817],[142.012818,39.650975],[142.012993,39.651042],[142.013031,39.651425],[142.013181,39.651334],[142.013643,39.651692],[142.014018,39.6518],[142.014741,39.65193],[142.014781,39.651984],[142.014493,39.651934],[142.014431,39.651984],[142.014581,39.652475],[142.014693,39.652633],[142.01508,39.652725],[142.015241,39.652511],[142.015518,39.652633],[142.015605,39.652992],[142.015868,39.653283],[142.016068,39.653692],[142.015955,39.653692],[142.01578,39.6538],[142.015893,39.653983],[142.016243,39.654233],[142.01593,39.654725],[142.01593,39.654792],[142.016368,39.654833],[142.017093,39.654792],[142.017243,39.654833],[142.017246,39.654857],[142.016718,39.6549],[142.016105,39.655083],[142.01628,39.655375],[142.016143,39.655516],[142.016605,39.655758],[142.016805,39.655533],[142.01678,39.655441],[142.016843,39.655425],[142.017568,39.655575],[142.017743,39.655758],[142.018243,39.655891],[142.018293,39.655866],[142.01833,39.655708],[142.018418,39.655758],[142.018443,39.655691],[142.018418,39.655508],[142.018293,39.65555],[142.018205,39.655508],[142.01833,39.655467],[142.018318,39.655258],[142.01803,39.655033],[142.018355,39.654875],[142.018643,39.654925],[142.018668,39.654967],[142.018755,39.654992],[142.018993,39.655308],[142.019018,39.655392],[142.019455,39.65555],[142.019818,39.655617],[142.020068,39.655592],[142.020567,39.6558],[142.020867,39.655733],[142.021242,39.656],[142.02133,39.656025],[142.021705,39.65595],[142.021817,39.6555],[142.021705,39.655275],[142.021617,39.655233],[142.02168,39.655075],[142.0217,39.654977],[142.02173,39.654958],[142.021992,39.654875],[142.022255,39.654917],[142.022342,39.655008],[142.022867,39.655167],[142.022867,39.65525],[142.02278,39.655275],[142.022642,39.655433],[142.022555,39.6557],[142.022705,39.65615],[142.02288,39.656217],[142.023017,39.6562],[142.023455,39.656375],[142.023867,39.656442],[142.023492,39.656217],[142.023342,39.656042],[142.023517,39.656108],[142.024105,39.656242],[142.02468,39.656558],[142.024726,39.656376],[142.024767,39.656192],[142.024705,39.655883],[142.024305,39.6557],[142.024217,39.655592],[142.024417,39.655475],[142.024355,39.655292],[142.024505,39.65525],[142.025055,39.6555],[142.026017,39.655717],[142.026405,39.655358],[142.026455,39.655067],[142.026742,39.655017],[142.026805,39.654709],[142.026542,39.654592],[142.02648,39.6545],[142.026367,39.6541],[142.025842,39.65385],[142.02563,39.653942],[142.025342,39.653784],[142.025317,39.653742],[142.025405,39.653559],[142.025367,39.653359],[142.02528,39.653359],[142.025055,39.653292],[142.024992,39.653317],[142.024667,39.653809],[142.02458,39.653784],[142.024817,39.653292],[142.024792,39.653159],[142.02473,39.653134],[142.024617,39.65325],[142.024467,39.653292],[142.02423,39.653042],[142.023705,39.652975],[142.023592,39.652909],[142.02333,39.652934],[142.022892,39.652684],[142.022917,39.652442],[142.023005,39.652392],[142.023442,39.652325],[142.02368,39.652234],[142.023705,39.6519],[142.023667,39.651517],[142.023842,39.651534],[142.023905,39.651492],[142.02428,39.651534],[142.024317,39.651809],[142.02458,39.652034],[142.024755,39.65205],[142.025017,39.651942],[142.024805,39.651626],[142.025017,39.651626],[142.024867,39.651467],[142.024892,39.651267],[142.025005,39.651109],[142.025155,39.651042],[142.025217,39.651284],[142.025392,39.651401],[142.025655,39.651492],[142.025805,39.651467],[142.026005,39.651192],[142.025967,39.650926],[142.02653,39.651217],[142.026555,39.651176],[142.026405,39.650567],[142.02618,39.650476],[142.02608,39.650384],[142.025792,39.650209],[142.025617,39.650209],[142.025005,39.649934],[142.02498,39.649801],[142.024717,39.649667],[142.024717,39.649576],[142.024392,39.649334],[142.02433,39.649059],[142.024217,39.648993],[142.02418,39.648743],[142.02453,39.648701],[142.024567,39.648609],[142.024767,39.648451],[142.024942,39.648159],[142.024905,39.647909],[142.025642,39.648043],[142.02578,39.648001],[142.025867,39.648068],[142.026342,39.647776],[142.026392,39.647684],[142.026742,39.647726],[142.026892,39.647909],[142.027155,39.648001],[142.027442,39.647926],[142.027242,39.647326],[142.027242,39.647234],[142.027467,39.647101],[142.02773,39.647118],[142.027855,39.647093],[142.027817,39.646851],[142.02793,39.646576],[142.027992,39.64631],[142.027967,39.646218],[142.028055,39.646035],[142.027992,39.645701],[142.02793,39.645585],[142.027992,39.645426],[142.027467,39.645135],[142.027492,39.645026],[142.02763,39.644826],[142.027405,39.644776],[142.027317,39.644826],[142.027105,39.644693],[142.02693,39.644693],[142.026905,39.644735],[142.026673,39.644574],[142.026778,39.644491],[142.02653,39.644152],[142.026355,39.643968],[142.02583,39.643968],[142.02513,39.643727],[142.024892,39.643702],[142.024893,39.643658],[142.02513,39.64366],[142.025767,39.643543],[142.02623,39.643385],[142.026517,39.643452],[142.02693,39.643343],[142.02708,39.643335],[142.027255,39.643043],[142.027605,39.643002],[142.027946,39.643099],[142.027955,39.642977],[142.02798,39.64266],[142.027805,39.642593],[142.027305,39.642685],[142.02693,39.642577],[142.026755,39.642193],[142.026392,39.641835],[142.026105,39.641627],[142.026017,39.641627],[142.02578,39.64156],[142.025693,39.641385],[142.025343,39.641335],[142.025168,39.641452],[142.024905,39.641202],[142.025118,39.640844],[142.025405,39.640977],[142.025468,39.641044],[142.02573,39.641002],[142.02608,39.641002],[142.026367,39.640844],[142.026243,39.640569],[142.026393,39.640394],[142.026418,39.640052],[142.026305,39.64001],[142.026018,39.639969],[142.025805,39.639985],[142.02523,39.639919],[142.025305,39.639744],[142.02548,39.639677],[142.025455,39.639469],[142.025568,39.63931],[142.025655,39.639402],[142.02598,39.639519],[142.02653,39.639402],[142.026918,39.639286],[142.026946,39.639337],[142.02703,39.639286],[142.026943,39.638836],[142.02703,39.638186],[142.026968,39.638069],[142.026618,39.638027],[142.026643,39.637894],[142.026843,39.637894],[142.026968,39.637736],[142.027255,39.637444],[142.027405,39.637527],[142.02778,39.637486],[142.028655,39.637211],[142.028742,39.637103],[142.028617,39.636719],[142.02848,39.636653],[142.028392,39.636744],[142.028155,39.636836],[142.02798,39.636769],[142.027805,39.636519],[142.027718,39.636544],[142.027605,39.636653],[142.02728,39.636769],[142.027105,39.636478],[142.026843,39.636519],[142.026405,39.636519],[142.026205,39.636478],[142.025968,39.636703],[142.025818,39.636994],[142.025505,39.637036],[142.025355,39.636969],[142.025043,39.636994],[142.024893,39.636861],[142.024805,39.636636],[142.02463,39.636702],[142.024568,39.636611],[142.024155,39.636411],[142.023455,39.636394],[142.023105,39.636103],[142.02308,39.635578],[142.023168,39.635536],[142.02378,39.635511],[142.02418,39.635444],[142.024268,39.635378],[142.024243,39.635019],[142.024093,39.634811],[142.024093,39.634703],[142.02418,39.634769],[142.025493,39.634836],[142.025605,39.634853],[142.025868,39.634611],[142.025755,39.634428],[142.025143,39.634178],[142.025198,39.634139],[142.025693,39.634245],[142.026018,39.634203],[142.02598,39.63402],[142.025318,39.633686],[142.02558,39.633261],[142.026093,39.632811],[142.026218,39.632803],[142.02653,39.63267],[142.026655,39.632403],[142.026768,39.632403],[142.027293,39.632311],[142.027705,39.63247],[142.028043,39.632328],[142.02813,39.632195],[142.028243,39.631545],[142.028218,39.631387],[142.02798,39.631028],[142.027368,39.630753],[142.026643,39.630353],[142.025531,39.630128],[142.025356,39.630037],[142.024068,39.629887],[142.023701,39.62982],[142.022993,39.629778],[142.022618,39.629728],[142.022493,39.629462],[142.022643,39.629212],[142.022756,39.629187],[142.023318,39.629187],[142.023518,39.628987],[142.023167,39.628817],[142.023193,39.628762],[142.023218,39.628512],[142.023431,39.628354],[142.023981,39.628329],[142.024298,39.628241],[142.024356,39.628195],[142.024531,39.628354],[142.024706,39.628237],[142.024731,39.62817],[142.024531,39.628037],[142.024681,39.627929],[142.024993,39.628037],[142.025031,39.627945],[142.024968,39.627904],[142.025081,39.62777],[142.025056,39.627704],[142.024768,39.62777],[142.024706,39.62732],[142.024531,39.627229],[142.023968,39.627029],[142.024031,39.626979],[142.024731,39.62707],[142.024706,39.626979],[142.024443,39.626737],[142.024318,39.626512],[142.024056,39.626645],[142.023918,39.626395],[142.023643,39.626196],[142.022956,39.626329],[142.022631,39.626579],[142.022481,39.626512],[142.022218,39.626579],[142.021956,39.62642],[142.021668,39.62602],[142.021781,39.625521],[142.021931,39.625429],[142.022806,39.625479],[142.023068,39.625321],[142.023268,39.624937],[142.023381,39.624262],[142.023381,39.624037],[142.023606,39.623787],[142.023868,39.623762],[142.024281,39.624104],[142.024568,39.624079],[142.024631,39.623962],[142.024631,39.623563],[142.024106,39.623088],[142.023893,39.622838],[142.023869,39.622663],[142.023781,39.622613],[142.023744,39.622388],[142.024156,39.622413],[142.024131,39.622296],[142.023869,39.621871],[142.023681,39.621196],[142.023744,39.621154],[142.023894,39.621154],[142.024031,39.620705],[142.023969,39.620496],[142.023681,39.620321],[142.023461,39.620285],[142.023619,39.619963],[142.023944,39.62003],[142.024269,39.619913],[142.024406,39.61973],[142.024294,39.619371],[142.024206,39.619305],[142.023994,39.61933],[142.023969,39.619063],[142.024056,39.618988],[142.024256,39.618455],[142.024106,39.618405],[142.023881,39.618155],[142.023031,39.617913],[142.023056,39.617572],[142.023119,39.617463],[142.023381,39.617238],[142.023869,39.617397],[142.024431,39.617688],[142.024656,39.617505],[142.024981,39.617413],[142.024919,39.61728],[142.024519,39.617147],[142.024306,39.617147],[142.024369,39.617097],[142.025006,39.61708],[142.025044,39.617005],[142.024769,39.61683],[142.023994,39.616738],[142.023819,39.616738],[142.023406,39.616655],[142.023081,39.616513],[142.022706,39.616222],[142.022731,39.615913],[142.023056,39.61573],[142.023319,39.61568],[142.023744,39.615414],[142.023281,39.614939],[142.023194,39.614714],[142.023307,39.614089],[142.023969,39.613522],[142.024444,39.613205],[142.024794,39.613097],[142.024819,39.613139],[142.025194,39.61318],[142.025631,39.612956],[142.025981,39.613114],[142.026219,39.612931],[142.026569,39.613181],[142.026656,39.613722],[142.026944,39.613964],[142.027244,39.614105],[142.027531,39.614055],[142.027906,39.614214],[142.028031,39.614239],[142.028169,39.614014],[142.027944,39.613631],[142.027731,39.612797],[142.028344,39.613581],[142.028456,39.613489],[142.028581,39.612864],[142.029394,39.613289],[142.029681,39.613464],[142.030444,39.613647],[142.030469,39.613597],[142.030706,39.613689],[142.031056,39.614006],[142.031143,39.614006],[142.030993,39.613622],[142.030968,39.613214],[142.031031,39.613214],[142.031168,39.613372],[142.031231,39.613356],[142.031231,39.613281],[142.031143,39.613147],[142.030706,39.612747],[142.030644,39.612406],[142.030494,39.612389],[142.030494,39.612231],[142.030969,39.612297],[142.031019,39.612247],[142.030956,39.611956],[142.031169,39.611847],[142.031106,39.611639],[142.031344,39.611531],[142.031256,39.611256],[142.031244,39.610964],[142.031594,39.610314],[142.031681,39.610181],[142.032144,39.610173],[142.032531,39.610064],[142.032844,39.610289],[142.033318,39.610264],[142.033493,39.610173],[142.033256,39.609948],[142.034131,39.609764],[142.034281,39.609764],[142.034481,39.609631],[142.034356,39.609498],[142.033956,39.609273],[142.033431,39.609231],[142.032994,39.609114],[142.032869,39.609114],[142.032444,39.609389],[142.032206,39.609481],[142.031769,39.609256],[142.031681,39.609256],[142.031619,39.609098],[142.031381,39.608914],[142.031031,39.609006],[142.030694,39.609256],[142.030544,39.609231],[142.030569,39.609031],[142.030919,39.608714],[142.030831,39.608623],[142.030281,39.608423],[142.029981,39.608739],[142.029344,39.608989],[142.028381,39.608898],[142.028119,39.608739],[142.027794,39.608339],[142.027444,39.608206],[142.027132,39.608248],[142.026282,39.607623],[142.026132,39.607465],[142.025957,39.60704],[142.026069,39.60634],[142.026094,39.605823],[142.026069,39.605706],[142.025869,39.605531],[142.025744,39.605056],[142.025744,39.604315],[142.025794,39.604065],[142.02687,39.60154],[142.02782,39.600082],[142.027995,39.599924],[142.028632,39.599091],[142.028894,39.599157],[142.029219,39.59897],[142.030082,39.598566],[142.030319,39.598249],[142.031019,39.598066],[142.031544,39.598066],[142.032419,39.598199],[142.033144,39.598491],[142.033669,39.598516],[142.034107,39.598466],[142.034194,39.598424],[142.034344,39.598266],[142.034394,39.598107],[142.033607,39.597932],[142.032857,39.597458],[142.032644,39.597233],[142.032157,39.597033],[142.031532,39.596624],[142.031357,39.596558],[142.030832,39.596249],[142.030195,39.595616],[142.030045,39.595366],[142.02992,39.594449],[142.029957,39.5942],[142.03042,39.59355],[142.030645,39.593366],[142.030995,39.593275],[142.031057,39.593025],[142.030845,39.592891],[142.030532,39.5926],[142.03032,39.592491],[142.02977,39.592016],[142.029645,39.591566],[142.02942,39.591408],[142.029382,39.591208],[142.029557,39.590558],[142.02982,39.590058],[142.030345,39.5897],[142.030982,39.589383],[142.031907,39.589108],[142.032057,39.589042],[142.03212,39.588725],[142.031857,39.5885],[142.031732,39.588034],[142.030858,39.587467],[142.03092,39.587442],[142.030833,39.587309],[142.030483,39.587334],[142.029945,39.58695],[142.029683,39.586525],[142.029808,39.586342],[142.029833,39.586184],[142.02977,39.586134],[142.02972,39.585984],[142.030008,39.585667],[142.029983,39.585509],[142.029858,39.585351],[142.029633,39.585192],[142.029333,39.584926],[142.02922,39.584592],[142.029158,39.583984],[142.02937,39.583692],[142.02972,39.583492],[142.02977,39.583309],[142.02972,39.583067],[142.029745,39.582842],[142.029633,39.582684],[142.02937,39.582551],[142.029133,39.582326],[142.02867,39.581701],[142.027996,39.581226],[142.027358,39.580443],[142.027271,39.580243],[142.026896,39.579793],[142.026508,39.578985],[142.026396,39.578468],[142.026483,39.578268],[142.026708,39.57791],[142.027183,39.577643],[142.027621,39.57771],[142.028289,39.577901],[142.028521,39.57766],[142.028396,39.577393],[142.028433,39.577035],[142.028571,39.576768],[142.028674,39.576714],[142.028808,39.57686],[142.028896,39.577101],[142.029096,39.577285],[142.029508,39.577101],[142.029708,39.577085],[142.029821,39.576993],[142.029883,39.57681],[142.029796,39.576635],[142.029646,39.576518],[142.029396,39.576502],[142.028983,39.576568],[142.028833,39.576568],[142.028433,39.576002],[142.028833,39.575602],[142.029071,39.575285],[142.029208,39.575152],[142.029333,39.575202],[142.029596,39.575218],[142.029971,39.575043],[142.030321,39.57511],[142.030633,39.575135],[142.030783,39.57511],[142.031221,39.574952],[142.031458,39.574793],[142.031571,39.574618],[142.031721,39.57426],[142.031808,39.574143],[142.032033,39.57406],[142.032583,39.573944],[142.033058,39.573944],[142.034008,39.574152],[142.034045,39.574302],[142.033983,39.574593],[142.034008,39.574643],[142.034445,39.57471],[142.034945,39.574885],[142.03512,39.574977],[142.035183,39.575318],[142.035033,39.576543],[142.03477,39.576593],[142.034683,39.576885],[142.034683,39.577177],[142.03532,39.577485],[142.035358,39.577418],[142.035183,39.577043],[142.035208,39.577018],[142.035495,39.57711],[142.035645,39.577202],[142.035733,39.577443],[142.035933,39.57751],[142.036195,39.577493],[142.03602,39.577335],[142.035995,39.577243],[142.036145,39.577218],[142.036283,39.577285],[142.03637,39.577377],[142.03652,39.577443],[142.03672,39.577468],[142.036983,39.577402],[142.037008,39.57731],[142.036808,39.577018],[142.036833,39.576977],[142.037008,39.576993],[142.037008,39.576927],[142.036585,39.576536],[142.036608,39.576502],[142.036895,39.576727],[142.03762,39.576993],[142.038057,39.577068],[142.038345,39.577043],[142.038345,39.576952],[142.03817,39.576593],[142.03817,39.574619],[142.038258,39.574485],[142.03837,39.574394],[142.038258,39.573927],[142.038058,39.573885],[142.037683,39.573927],[142.037595,39.574019],[142.03742,39.574035],[142.037183,39.573994],[142.03707,39.573794],[142.036858,39.573677],[142.03677,39.573544],[142.03672,39.573094],[142.036508,39.572652],[142.036466,39.572555],[142.03672,39.572427],[142.037095,39.572494],[142.037508,39.572735],[142.037795,39.572827],[142.03782,39.572919],[142.03777,39.573077],[142.037795,39.57316],[142.037908,39.57321],[142.038145,39.573027],[142.03852,39.572919],[142.038783,39.572894],[142.038845,39.572919],[142.039158,39.573435],[142.039508,39.573752],[142.039795,39.57386],[142.040659,39.573966],[142.040845,39.573902],[142.042095,39.573502],[142.04222,39.573594],[142.042182,39.573702],[142.042395,39.57391],[142.042745,39.573885],[142.043057,39.573794],[142.043495,39.573552],[142.043645,39.573419],[142.04382,39.573127],[142.044107,39.572919],[142.04442,39.572902],[142.044507,39.572919],[142.04457,39.573302],[142.044945,39.573552],[142.045245,39.573594],[142.045445,39.573552],[142.045682,39.573419],[142.045857,39.573419],[142.046145,39.573619],[142.046519,39.57391],[142.046807,39.573977],[142.047569,39.574294],[142.047769,39.574269],[142.048057,39.574385],[142.048357,39.574452],[142.048494,39.574427],[142.048532,39.57436],[142.048707,39.57436],[142.049257,39.574402],[142.049344,39.574469],[142.048969,39.57461],[142.048994,39.574652],[142.049494,39.57481],[142.049632,39.574694],[142.049669,39.574719],[142.049919,39.574694],[142.050157,39.574585],[142.050357,39.57456],[142.050444,39.574402],[142.050394,39.574136],[142.050219,39.573752],[142.050132,39.573311],[142.050269,39.573169],[142.050419,39.573169],[142.050944,39.573486],[142.051407,39.573486],[142.051557,39.573127],[142.051757,39.573019],[142.051907,39.573111],[142.052019,39.573552],[142.051994,39.573894],[142.052044,39.574161],[142.052256,39.574452],[142.052519,39.574586],[142.052719,39.574586],[142.052781,39.574561],[142.052894,39.574386],[142.052831,39.574119],[142.052806,39.573511],[142.052857,39.573061],[142.053269,39.573402],[142.053356,39.573761],[142.053506,39.573986],[142.053469,39.574202],[142.053506,39.574427],[142.053681,39.574652],[142.053944,39.574677],[142.054431,39.574519],[142.054556,39.574769],[142.054869,39.574719],[142.055219,39.574719],[142.055831,39.574611],[142.056119,39.574677],[142.056381,39.574611],[142.057406,39.574252],[142.057406,39.574227],[142.057056,39.573786],[142.056906,39.573736],[142.056406,39.573494],[142.056356,39.573219],[142.055919,39.572819],[142.055969,39.572702],[142.056056,39.572661],[142.056381,39.572911],[142.056556,39.572952],[142.056906,39.572994],[142.057081,39.573202],[142.057169,39.573244],[142.057394,39.573202],[142.057631,39.573202],[142.057831,39.573269],[142.057869,39.573336],[142.058044,39.573427],[142.058094,39.573427],[142.058419,39.573152],[142.058419,39.572953],[142.058306,39.572819],[142.057631,39.572861],[142.057456,39.572711],[142.057519,39.572553],[142.057606,39.572486],[142.057919,39.572503],[142.058331,39.572369],[142.058444,39.572261],[142.058419,39.572036],[142.057831,39.571494],[142.057544,39.571361],[142.056781,39.571094],[142.056206,39.571136],[142.055906,39.570669],[142.055794,39.570603],[142.055856,39.570444],[142.056469,39.570353],[142.056756,39.570219],[142.057069,39.570219],[142.057194,39.570286],[142.057506,39.570603],[142.057744,39.570686],[142.058006,39.570736],[142.058156,39.570803],[142.058244,39.570894],[142.058469,39.570686],[142.058469,39.570603],[142.058181,39.570394],[142.058031,39.570394],[142.057719,39.570311],[142.057569,39.570019],[142.057419,39.569903],[142.057369,39.569795],[142.057506,39.569545],[142.057719,39.569595],[142.058031,39.569528],[142.057856,39.569186],[142.057631,39.569095],[142.057456,39.568945],[142.056981,39.568403],[142.056781,39.568378],[142.056344,39.568403],[142.055882,39.568495],[142.055707,39.56827],[142.055619,39.567995],[142.055844,39.567886],[142.055932,39.567686],[142.056282,39.567711],[142.056432,39.567436],[142.056519,39.56742],[142.056669,39.567278],[142.056407,39.567195],[142.056144,39.56717],[142.056082,39.567053],[142.056194,39.566811],[142.056319,39.566387],[142.056169,39.566112],[142.056569,39.565962],[142.056832,39.565803],[142.056982,39.565778],[142.057219,39.565895],[142.057269,39.565845],[142.057219,39.565645],[142.056957,39.565262],[142.057444,39.565487],[142.057744,39.565687],[142.058169,39.565553],[142.058469,39.565353],[142.058581,39.565195],[142.058669,39.564995],[142.058581,39.564887],[142.058644,39.564678],[142.058731,39.564637],[142.058844,39.564503],[142.058844,39.564145],[142.058669,39.564012],[142.058519,39.563829],[142.058494,39.563629],[142.058169,39.563229],[142.058169,39.563162],[142.058257,39.563137],[142.058457,39.563404],[142.058869,39.563812],[142.058932,39.563829],[142.059044,39.563787],[142.059069,39.563295],[142.058894,39.56287],[142.058432,39.562712],[142.058019,39.562795],[142.057419,39.562195],[142.057269,39.562129],[142.057207,39.562012],[142.057032,39.561904],[142.057007,39.561562],[142.057119,39.561095],[142.057357,39.560779],[142.057757,39.560554],[142.057907,39.560446],[142.058282,39.560404],[142.058569,39.560487],[142.058869,39.560604],[142.058869,39.560646],[142.059307,39.561137],[142.059657,39.561229],[142.059857,39.561429],[142.059969,39.561637],[142.060182,39.56177],[142.060381,39.56197],[142.060669,39.562012],[142.061044,39.562129],[142.061719,39.562287],[142.061956,39.56242],[142.062444,39.56242],[142.062881,39.562462],[142.063144,39.562379],[142.063319,39.562395],[142.063406,39.562379],[142.063806,39.562129],[142.063894,39.562154],[142.063894,39.56242],[142.063981,39.562554],[142.064544,39.562196],[142.064656,39.562245],[142.064769,39.562379],[142.064769,39.56262],[142.064544,39.562912],[142.064219,39.563229],[142.064244,39.56327],[142.064456,39.563387],[142.064569,39.563387],[142.064944,39.563137],[142.065506,39.563387],[142.065593,39.563362],[142.065756,39.563162],[142.065881,39.56287],[142.065731,39.562554],[142.065819,39.562287],[142.065994,39.562246],[142.066343,39.562487],[142.066581,39.562779],[142.066718,39.562845],[142.067481,39.562629],[142.067881,39.562379],[142.067993,39.562046],[142.067943,39.561504],[142.068143,39.561121],[142.068493,39.561054],[142.068606,39.560971],[142.068643,39.560854],[142.068431,39.560812],[142.068056,39.560679],[142.068806,39.560496],[142.068956,39.560404],[142.068981,39.560179],[142.068806,39.560071],[142.069068,39.560004],[142.069281,39.559846],[142.069218,39.559646],[142.069106,39.559529],[142.068781,39.559446],[142.069393,39.559313],[142.069593,39.559246],[142.069793,39.559104],[142.069793,39.558679],[142.069743,39.558613],[142.069706,39.558479],[142.069531,39.558163],[142.069306,39.558096],[142.069058,39.558112],[142.068894,39.558146],[142.068406,39.558096],[142.068544,39.557896],[142.068781,39.557696],[142.068894,39.557646],[142.068869,39.557538],[142.068656,39.557446],[142.068606,39.557313],[142.068456,39.557179],[142.068631,39.557088],[142.068919,39.557154],[142.069156,39.557113],[142.069244,39.557071],[142.069269,39.556929],[142.068981,39.556688],[142.068869,39.55653],[142.068519,39.556305],[142.068481,39.556213],[142.068281,39.556263],[142.067694,39.556188],[142.068281,39.555788],[142.068456,39.555721],[142.068831,39.555471],[142.068944,39.554963],[142.068919,39.55478],[142.069156,39.554621],[142.069244,39.554688],[142.069419,39.554738],[142.069931,39.55438],[142.070019,39.55438],[142.070056,39.554221],[142.070019,39.554063],[142.069731,39.553955],[142.069356,39.55388],[142.069031,39.553955],[142.068419,39.554288],[142.068244,39.554221],[142.067981,39.553905],[142.067956,39.553655],[142.067806,39.553413],[142.067894,39.553255],[142.068306,39.553188],[142.068681,39.552938],[142.068769,39.552988],[142.068944,39.553188],[142.069206,39.553322],[142.069319,39.553322],[142.069844,39.553213],[142.070019,39.553122],[142.070056,39.55308],[142.069819,39.55263],[142.069556,39.552363],[142.069006,39.551997],[142.069006,39.55173],[142.069231,39.551213],[142.069294,39.551197],[142.069644,39.551463],[142.069819,39.551488],[142.069581,39.550697],[142.069494,39.550564],[142.069669,39.55043],[142.069869,39.550414],[142.069956,39.550297],[142.069906,39.550255],[142.069819,39.550072],[142.070106,39.549872],[142.070044,39.549739],[142.069806,39.549672],[142.070019,39.549489],[142.070481,39.549264],[142.070656,39.549222],[142.070681,39.549064],[142.070594,39.548864],[142.070044,39.548814],[142.069869,39.548439],[142.069669,39.548305],[142.069432,39.548014],[142.069319,39.54758],[142.069494,39.547114],[142.069432,39.546847],[142.069257,39.546556],[142.069107,39.546106],[142.069257,39.546131],[142.069319,39.546172],[142.069744,39.546714],[142.069869,39.547181],[142.069844,39.547297],[142.069869,39.547672],[142.069932,39.547855],[142.070394,39.548055],[142.070681,39.548097],[142.071181,39.548189],[142.071906,39.548439],[142.072169,39.548305],[142.072369,39.548056],[142.072431,39.547814],[142.072394,39.547564],[142.072219,39.547114],[142.07216,39.547012],[142.072419,39.546847],[142.072456,39.546664],[142.072281,39.546397],[142.071644,39.545814],[142.071732,39.545614],[142.071869,39.545547],[142.072019,39.545522],[142.071982,39.545322],[142.071582,39.544764],[142.071344,39.544606],[142.070994,39.544423],[142.070857,39.544198],[142.070644,39.544039],[142.070157,39.543798],[142.069832,39.543823],[142.069457,39.543973],[142.069293,39.543598],[142.069769,39.543598],[142.069832,39.543531],[142.069894,39.543239],[142.069857,39.543189],[142.069394,39.542831],[142.069244,39.542564],[142.069282,39.542514],[142.069507,39.542431],[142.070182,39.542448],[142.070469,39.542406],[142.070732,39.542206],[142.070794,39.542048],[142.070557,39.541889],[142.070357,39.541914],[142.070007,39.542273],[142.069369,39.542248],[142.069219,39.542298],[142.069019,39.542273],[142.068957,39.542156],[142.069132,39.542048],[142.069369,39.541981],[142.069719,39.541648],[142.069707,39.541598],[142.069482,39.541556],[142.069507,39.541398],[142.069594,39.541281],[142.069682,39.541015],[142.069507,39.540748],[142.069395,39.540706],[142.069132,39.540681],[142.068607,39.540923],[142.068545,39.540656],[142.068582,39.540615],[142.06837,39.540456],[142.06802,39.540256],[142.067907,39.540231],[142.067717,39.540335],[142.067557,39.540456],[142.06742,39.540389],[142.067007,39.540389],[142.066482,39.540681],[142.066195,39.540589],[142.065732,39.540656],[142.065582,39.540631],[142.065645,39.540473],[142.065932,39.540298],[142.066045,39.540098],[142.066545,39.539715],[142.066595,39.539598],[142.066457,39.539465],[142.066545,39.539223],[142.066682,39.539106],[142.06672,39.53904],[142.066632,39.53884],[142.06657,39.538798],[142.065695,39.538323],[142.065608,39.538231],[142.065695,39.538123],[142.06642,39.538081],[142.066857,39.538006],[142.067007,39.53794],[142.067032,39.53779],[142.066745,39.537631],[142.066445,39.537581],[142.065895,39.537581],[142.06607,39.537406],[142.065808,39.537315],[142.065195,39.537315],[142.065145,39.53729],[142.06537,39.537048],[142.06537,39.53689],[142.065258,39.536706],[142.064645,39.536307],[142.064708,39.536173],[142.064795,39.536148],[142.06517,39.536148],[142.065258,39.53619],[142.065808,39.536107],[142.065783,39.535973],[142.065583,39.535923],[142.06537,39.535765],[142.065108,39.535632],[142.06502,39.53554],[142.065083,39.535473],[142.06532,39.535365],[142.065483,39.535007],[142.065483,39.53474],[142.065745,39.534532],[142.065833,39.534107],[142.065783,39.533973],[142.065745,39.533748],[142.065433,39.533415],[142.064958,39.533298],[142.064758,39.53359],[142.064645,39.533657],[142.064583,39.533948],[142.06447,39.534132],[142.064558,39.534332],[142.06432,39.53474],[142.064145,39.534757],[142.064208,39.534307],[142.064008,39.534015],[142.063796,39.533907],[142.063108,39.534065],[142.063108,39.533973],[142.063283,39.533707],[142.063196,39.533548],[142.063046,39.533498],[142.062546,39.533523],[142.062258,39.533573],[142.061858,39.533482],[142.061621,39.533657],[142.061383,39.533948],[142.061271,39.533748],[142.061096,39.53364],[142.060858,39.533657],[142.060258,39.533907],[142.059996,39.533907],[142.059821,39.53404],[142.059758,39.53399],[142.059671,39.533548],[142.059608,39.533523],[142.059183,39.533698],[142.058708,39.533773],[142.058446,39.533723],[142.058421,39.53359],[142.058684,39.53334],[142.058859,39.533032],[142.058859,39.532757],[142.058946,39.532465],[142.058921,39.532248],[142.058771,39.532132],[142.058421,39.532248],[142.058271,39.531973],[142.058046,39.531932],[142.057634,39.532065],[142.057634,39.532357],[142.057521,39.532532],[142.057259,39.532515],[142.056734,39.532315],[142.056534,39.532157],[142.055571,39.532848],[142.055371,39.532557],[142.055021,39.53249],[142.055171,39.532357],[142.054609,39.532173],[142.054671,39.53204],[142.054646,39.531973],[142.054234,39.531948],[142.054034,39.53204],[142.053684,39.532307],[142.053571,39.532465],[142.053396,39.532823],[142.053134,39.532982],[142.052809,39.53309],[142.052546,39.533073],[142.052259,39.532873],[142.052021,39.532623],[142.051884,39.53229],[142.052409,39.53204],[142.052547,39.531907],[142.052872,39.531415],[142.053072,39.531232],[142.054559,39.530832],[142.054784,39.530873],[142.055134,39.530857],[142.055246,39.530765],[142.054959,39.530632],[142.054721,39.530607],[142.054634,39.53054],[142.054521,39.53034],[142.054296,39.530182],[142.053797,39.53009],[142.053559,39.530115],[142.052434,39.529999],[142.052347,39.52984],[142.052372,39.529799],[142.052634,39.52969],[142.053034,39.529599],[142.053272,39.529465],[142.053247,39.529282],[142.053597,39.52899],[142.054059,39.528724],[142.054347,39.528657],[142.054759,39.528832],[142.055397,39.529015],[142.055746,39.529082],[142.056096,39.529057],[142.056234,39.52899],[142.055747,39.528615],[142.055747,39.528565],[142.055922,39.528474],[142.055922,39.528232],[142.055972,39.528207],[142.056434,39.52839],[142.056871,39.528474],[142.057109,39.528324],[142.057021,39.52819],[142.057046,39.52814],[142.057396,39.528207],[142.057509,39.527982],[142.057634,39.527915],[142.057921,39.527582],[142.058096,39.527449],[142.058096,39.527332],[142.058209,39.527182],[142.058646,39.527182],[142.059321,39.527266],[142.059284,39.527182],[142.059036,39.527145],[142.058821,39.526999],[142.058996,39.526907],[142.059284,39.526891],[142.059259,39.526732],[142.059059,39.526682],[142.058884,39.526482],[142.058996,39.526391],[142.059371,39.526324],[142.059634,39.526374],[142.059696,39.526307],[142.059571,39.526174],[142.059521,39.526016],[142.059634,39.525966],[142.059984,39.525966],[142.060096,39.526016],[142.060596,39.526016],[142.060946,39.526057],[142.061209,39.526124],[142.061409,39.526041],[142.061521,39.526041],[142.061959,39.526174],[142.062013,39.526199],[142.062221,39.526082],[142.062284,39.526016],[142.062246,39.525766],[142.061546,39.525233],[142.061459,39.525049],[142.061584,39.524916],[142.061459,39.524783],[142.061109,39.524691],[142.060821,39.524583],[142.060559,39.524308],[142.060621,39.524108],[142.060496,39.523974],[142.060121,39.524041],[142.059859,39.523999],[142.059809,39.523841],[142.058897,39.523233],[142.058784,39.523124],[142.058722,39.522674],[142.058559,39.522449],[142.058122,39.522333],[142.057534,39.522316],[142.057272,39.522383],[142.057009,39.522249],[142.056897,39.522133],[142.057097,39.522066],[142.057134,39.521933],[142.056484,39.521799],[142.056347,39.521733],[142.055734,39.521816],[142.055034,39.522066],[142.054859,39.522158],[142.054722,39.522399],[142.054422,39.523049],[142.054422,39.523299],[142.054197,39.523299],[142.054197,39.523408],[142.054372,39.523791],[142.054347,39.524016],[142.054134,39.524124],[142.053872,39.524108],[142.053647,39.524191],[142.053647,39.524399],[142.053272,39.524532],[142.053234,39.524507],[142.053059,39.524532],[142.052684,39.524641],[142.052509,39.524799],[142.052572,39.525091],[142.052047,39.525224],[142.051809,39.525182],[142.051722,39.525382],[142.051847,39.525582],[142.051297,39.525607],[142.051192,39.525665],[142.050772,39.525766],[142.050272,39.525807],[142.050209,39.525849],[142.050184,39.526191],[142.050097,39.526416],[142.049434,39.527015],[142.049259,39.527282],[142.048847,39.527757],[142.048384,39.528182],[142.048034,39.528607],[142.047922,39.528807],[142.047609,39.529015],[142.047022,39.529548],[142.046697,39.529773],[142.046559,39.529998],[142.046122,39.53024],[142.045772,39.530223],[142.04551,39.530465],[142.044847,39.530957],[142.044385,39.53114],[142.043947,39.53114],[142.042372,39.531007],[142.04156,39.530757],[142.041322,39.530532],[142.041097,39.530398],[142.040797,39.530373],[142.04046,39.530557],[142.039935,39.530665],[142.03956,39.530782],[142.039297,39.530823],[142.038447,39.53114],[142.03816,39.531181],[142.037697,39.53109],[142.037398,39.530998],[142.035573,39.530082],[142.035285,39.529973],[142.035135,39.530123],[142.03426,39.529748],[142.034154,39.529772],[142.034035,39.529698],[142.033335,39.529232],[142.033423,39.528957],[142.033248,39.528757],[142.033273,39.528373],[142.03321,39.528082],[142.032923,39.527457],[142.032748,39.527207],[142.032661,39.526715],[142.032336,39.526407],[142.032286,39.526049],[142.032269,39.525922],[142.032336,39.525824],[142.032461,39.525465],[142.031961,39.525082],[142.031523,39.524882],[142.031211,39.52479],[142.030861,39.52474],[142.030311,39.524499],[142.030223,39.524365],[142.030273,39.524207],[142.030336,39.524165],[142.030248,39.52394],[142.030211,39.52369],[142.030048,39.523465],[142.029573,39.523132],[142.029436,39.523132],[142.029286,39.523066],[142.029198,39.522907],[142.029111,39.522032],[142.029223,39.521699],[142.029773,39.521224],[142.030298,39.520866],[142.030536,39.520774],[142.030736,39.520574],[142.030998,39.520441],[142.031286,39.520216],[142.031811,39.520016],[142.031986,39.519591],[142.031961,39.519408],[142.031436,39.519008],[142.031373,39.518916],[142.031198,39.518808],[142.030623,39.518716],[142.030648,39.518583],[142.030623,39.518424],[142.030674,39.517974],[142.030886,39.517749],[142.030824,39.517658],[142.030236,39.517441],[142.030099,39.517258],[142.030099,39.517058],[142.030361,39.5171],[142.030499,39.517033],[142.030449,39.516833],[142.030299,39.516766],[142.030186,39.516766],[142.030036,39.5167],[142.029661,39.516316],[142.029574,39.516158],[142.029661,39.515758],[142.029536,39.515558],[142.029661,39.515216],[142.029749,39.515083],[142.029799,39.515058],[142.029886,39.5147],[142.029774,39.514233],[142.029574,39.513917],[142.029161,39.51365],[142.029249,39.513425],[142.029511,39.513425],[142.029624,39.513317],[142.029624,39.513042],[142.029536,39.512642],[142.029186,39.512392],[142.029336,39.512058],[142.029274,39.511858],[142.028899,39.511475],[142.028611,39.510984],[142.028489,39.510759],[142.028349,39.510575],[142.028024,39.510217],[142.027937,39.510017],[142.028049,39.509909],[142.028199,39.509859],[142.028786,39.509884],[142.029011,39.510017],[142.029386,39.510017],[142.029274,39.509684],[142.029036,39.509275],[142.028899,39.508759],[142.028724,39.508559],[142.028687,39.508425],[142.028549,39.508225],[142.028574,39.508067],[142.028549,39.507934],[142.028262,39.507976],[142.028199,39.508026],[142.028199,39.508109],[142.028049,39.508267],[142.027674,39.508559],[142.027474,39.508675],[142.027437,39.508134],[142.027349,39.507959],[142.026662,39.508067],[142.026487,39.508025],[142.026362,39.507659],[142.025962,39.507709],[142.025762,39.507684],[142.025762,39.507509],[142.025412,39.507367],[142.025237,39.507192],[142.025149,39.506926],[142.025237,39.506651],[142.025787,39.506609],[142.026099,39.506434],[142.026274,39.506209],[142.026424,39.506142],[142.026687,39.506142],[142.026887,39.506092],[142.026912,39.505959],[142.026749,39.505709],[142.026362,39.505492],[142.026224,39.505201],[142.026074,39.505017],[142.025874,39.504926],[142.025749,39.505042],[142.025699,39.505042],[142.025462,39.504817],[142.025458,39.504746],[142.025574,39.504684],[142.025787,39.504476],[142.025699,39.504193],[142.025524,39.504209],[142.025349,39.504276],[142.025199,39.504501],[142.025087,39.504501],[142.024712,39.504009],[142.024537,39.503626],[142.024362,39.503534],[142.024212,39.503534],[142.023812,39.503468],[142.023775,39.503293],[142.023687,39.503001],[142.023675,39.502859],[142.023625,39.502634],[142.0234,39.502543],[142.023125,39.502634],[142.023,39.502793],[142.0229,39.502859],[142.022787,39.502976],[142.022675,39.503001],[142.022525,39.502859],[142.0221,39.502668],[142.021975,39.502443],[142.02175,39.502259],[142.021625,39.502284],[142.021275,39.502234],[142.020825,39.502101],[142.02025,39.502118],[142.019975,39.502068],[142.0199,39.501976],[142.019875,39.501734],[142.019975,39.501509],[142.020512,39.501151],[142.020737,39.500926],[142.020937,39.500518],[142.020925,39.500068],[142.02125,39.499976],[142.021175,39.499801],[142.020825,39.499726],[142.020575,39.499843],[142.02005,39.49966],[142.01995,39.499226],[142.019675,39.499226],[142.019225,39.499401],[142.018875,39.499443],[142.018625,39.499601],[142.018575,39.49971],[142.018488,39.500026],[142.018588,39.500393],[142.018488,39.500476],[142.018088,39.500568],[142.017588,39.500584],[142.01735,39.500809],[142.0172,39.501259],[142.017025,39.501443],[142.016825,39.501351],[142.016425,39.500959],[142.016325,39.500943],[142.0161,39.501001],[142.015875,39.500934],[142.01575,39.500976],[142.0155,39.500934],[142.015319,39.50094],[142.015125,39.500951],[142.014775,39.500976],[142.014125,39.501151],[142.013896,39.501244],[142.013688,39.501326],[142.013413,39.501484],[142.013213,39.501643],[142.012888,39.501684],[142.012613,39.501526],[142.012388,39.501609],[142.012088,39.501568],[142.011813,39.501584],[142.011563,39.501651],[142.011238,39.501509],[142.011013,39.501376],[142.010688,39.500926],[142.010563,39.500518],[142.010522,39.50019],[142.010551,39.499993],[142.010601,39.499768],[142.010826,39.499776],[142.011076,39.499726],[142.011201,39.499418],[142.011963,39.498768],[142.012413,39.498276],[142.012526,39.498026],[142.012626,39.497935],[142.012651,39.497685],[142.012476,39.497685],[142.012101,39.497618],[142.012076,39.49766],[142.011876,39.497635],[142.011851,39.497318],[142.011501,39.497051],[142.011276,39.497026],[142.011126,39.496776],[142.010851,39.496818],[142.010651,39.496793],[142.010801,39.49646],[142.010676,39.496318],[142.010426,39.496343],[142.010176,39.496268],[142.010001,39.49616],[142.009464,39.495477],[142.009239,39.494868],[142.009239,39.494735],[142.009401,39.494235],[142.009576,39.493785],[142.009651,39.493452],[142.009489,39.493085],[142.009433,39.492929],[142.009389,39.49281],[142.009314,39.492569],[142.009439,39.492502],[142.009514,39.492227],[142.009326,39.491819],[142.009151,39.49166],[142.009226,39.491569],[142.009551,39.491302],[142.009889,39.490535],[142.010064,39.490519],[142.010239,39.490677],[142.010439,39.490677],[142.010614,39.490519],[142.010689,39.490569],[142.010939,39.490527],[142.010989,39.490302],[142.011189,39.490277],[142.011289,39.490094],[142.011276,39.489736],[142.011101,39.489619],[142.010801,39.489711],[142.010726,39.489711],[142.010439,39.489869],[142.009964,39.489927],[142.009789,39.489702],[142.009876,39.489477],[142.009726,39.489319],[142.009601,39.489094],[142.009626,39.488594],[142.009476,39.488277],[142.009464,39.488036],[142.009639,39.487669],[142.010139,39.487111],[142.010326,39.486977],[142.010576,39.486644],[142.010551,39.486394],[142.010776,39.485878],[142.010814,39.485653],[142.010789,39.485378],[142.010814,39.485219],[142.010914,39.485203],[142.010989,39.485044],[142.010814,39.484886],[142.010839,39.484611],[142.010664,39.484494],[142.010652,39.484386],[142.010727,39.484203],[142.010802,39.484161],[142.011001,39.483819],[142.011297,39.483702],[142.011351,39.483603],[142.011251,39.483553],[142.011176,39.483353],[142.010977,39.483278],[142.011039,39.483053],[142.011089,39.483053],[142.011264,39.482945],[142.011164,39.482761],[142.011139,39.48247],[142.011164,39.48227],[142.011402,39.48182],[142.011527,39.481636],[142.011452,39.48137],[142.011302,39.481278],[142.011377,39.481003],[142.011327,39.480737],[142.011589,39.480553],[142.011589,39.480378],[142.011339,39.48017],[142.011414,39.480078],[142.011789,39.480103],[142.012139,39.480045],[142.012264,39.479928],[142.012239,39.479728],[142.011839,39.47952],[142.011652,39.47927],[142.011652,39.479003],[142.011427,39.478412],[142.011252,39.478187],[142.010627,39.47807],[142.010652,39.47802],[142.011139,39.47782],[142.011214,39.477595],[142.011089,39.477487],[142.010539,39.477145],[142.011064,39.476804],[142.010827,39.476537],[142.010677,39.476445],[142.009827,39.476212],[142.009202,39.476137],[142.008902,39.475954],[142.008702,39.475704],[142.008552,39.475729],[142.008339,39.475979],[142.008414,39.476245],[142.008614,39.47652],[142.008339,39.476695],[142.007964,39.477104],[142.007452,39.47737],[142.007177,39.477595],[142.006727,39.477862],[142.00654,39.478562],[142.006315,39.478828],[142.00604,39.479053],[142.005877,39.47932],[142.005702,39.479412],[142.005477,39.479453],[142.005002,39.479337],[142.004627,39.479128],[142.004002,39.47922],[142.003427,39.479078],[142.003159,39.479004],[142.002627,39.478803],[142.002427,39.478778],[142.002352,39.478803],[142.002077,39.478712],[142.001802,39.47882],[142.001727,39.478978],[142.001302,39.479087],[142.000927,39.479087],[142.00049,39.479328],[141.999665,39.479861],[141.999165,39.480111],[141.998428,39.480603],[141.998078,39.480911],[141.997803,39.48107],[141.996328,39.481353],[141.996128,39.481445],[141.995753,39.481719],[141.994828,39.482278],[141.994678,39.482394],[141.994103,39.482686],[141.993903,39.482753],[141.992828,39.483386],[141.99239,39.483544],[141.991378,39.483769],[141.990241,39.483552],[141.989103,39.483261],[141.988378,39.482927],[141.988108,39.482846],[141.987741,39.482728],[141.986841,39.482661],[141.986366,39.482552],[141.986078,39.482436],[141.985816,39.482236],[141.985353,39.482169],[141.985266,39.482128],[141.984916,39.481678],[141.98453,39.481429],[141.984353,39.481228],[141.984028,39.480694],[141.984141,39.480561],[141.984141,39.480444],[141.983741,39.480536],[141.981304,39.480453],[141.979991,39.481219],[141.979741,39.481419],[141.979804,39.482002],[141.980004,39.482002],[141.980029,39.482427],[141.978729,39.482594],[141.977766,39.482636],[141.977766,39.482686],[141.977066,39.482636],[141.977104,39.482502],[141.977191,39.482502],[141.977679,39.482344],[141.977741,39.482302],[141.977704,39.482169],[141.976741,39.482077],[141.975841,39.482036],[141.974329,39.481686],[141.973779,39.481686],[141.973817,39.481994],[141.975241,39.482327],[141.975266,39.482602],[141.974254,39.482577],[141.973754,39.482427],[141.973729,39.482269],[141.973142,39.482152],[141.972879,39.482044],[141.972292,39.481711],[141.971767,39.481461],[141.971542,39.481311],[141.971417,39.481152],[141.970579,39.480677],[141.969967,39.480394],[141.969579,39.480144],[141.969317,39.480302],[141.969029,39.480077],[141.968742,39.479994],[141.96833,39.479769],[141.968266,39.479721],[141.968442,39.479544],[141.968505,39.479519],[141.968467,39.479427],[141.967742,39.478627],[141.967655,39.478602],[141.967542,39.478627],[141.967005,39.477928],[141.96658,39.478069],[141.966342,39.477594],[141.96608,39.477328],[141.965867,39.476944],[141.96563,39.476944],[141.965255,39.476994],[141.965055,39.477128],[141.965055,39.477169],[141.96488,39.477261],[141.964568,39.477194],[141.962293,39.476578],[141.961762,39.476348],[141.960768,39.475836],[141.96043,39.475769],[141.960343,39.475794],[141.960255,39.475886],[141.959468,39.475794],[141.959031,39.475844],[141.958706,39.475936],[141.958281,39.475953],[141.957581,39.475753],[141.956618,39.475353],[141.956143,39.475111],[141.955856,39.474861],[141.955506,39.474328],[141.955464,39.474221],[141.955381,39.474011],[141.954794,39.472869],[141.954556,39.472236],[141.954706,39.472153],[141.954619,39.471861],[141.954581,39.471728],[141.954431,39.471278],[141.954194,39.470286],[141.954169,39.469953],[141.955156,39.469886],[141.955131,39.470195],[141.955194,39.470803],[141.955269,39.470828],[141.955394,39.470803],[141.955402,39.470703],[141.955419,39.470536],[141.955406,39.469278],[141.955319,39.468337],[141.954994,39.468353],[141.954994,39.468495],[141.955056,39.468562],[141.955119,39.469636],[141.954219,39.469686],[141.954106,39.469661],[141.953956,39.46867],[141.953856,39.467687],[141.953731,39.466787],[141.953731,39.466612],[141.953756,39.46607],[141.954194,39.466045],[141.954519,39.46607],[141.954569,39.466045],[141.955581,39.464004],[141.956406,39.462162],[141.956581,39.461887],[141.956494,39.461821],[141.956319,39.461779],[141.956431,39.461487],[141.956656,39.461104],[141.956806,39.461129],[141.957594,39.461346],[141.958781,39.461679],[141.957731,39.464179],[141.957644,39.464404],[141.957756,39.46447],[141.957931,39.464487],[141.959156,39.461571],[141.957006,39.460946],[141.957356,39.460254],[141.958919,39.459796],[141.959181,39.460288],[141.961243,39.459788],[141.961093,39.459363],[141.961093,39.459254],[141.961356,39.459163],[141.961606,39.458913],[141.961781,39.458421],[141.961718,39.458155],[141.961493,39.458038],[141.961318,39.458038],[141.960818,39.458113],[141.960294,39.458113],[141.960181,39.458088],[141.959919,39.457955],[141.959681,39.457621],[141.959394,39.457488],[141.959219,39.457463],[141.958956,39.457463],[141.958606,39.457646],[141.958294,39.457738],[141.957944,39.457713],[141.957856,39.457738],[141.957681,39.45758],[141.957094,39.456888],[141.957406,39.456663],[141.957794,39.456438],[141.959781,39.455305],[141.960194,39.454972],[141.960394,39.45488],[141.960531,39.454905],[141.960919,39.455038],[141.961181,39.454947],[141.961319,39.455038],[141.961556,39.45508],[141.961668,39.454988],[141.961931,39.454963],[141.962068,39.454513],[141.962043,39.454288],[141.961606,39.454205],[141.961806,39.453197],[141.962206,39.453238],[141.962443,39.452697],[141.962606,39.452005],[141.962581,39.451864],[141.962369,39.451797],[141.9623,39.451779],[141.962994,39.449847],[141.963693,39.449239],[141.964381,39.448522],[141.964793,39.448181],[141.965368,39.447981],[141.966031,39.447864],[141.966881,39.447814],[141.967693,39.447839],[141.967981,39.448356],[141.968506,39.448414],[141.968768,39.448556],[141.968956,39.448997],[141.969156,39.449247],[141.969393,39.449272],[141.96973,39.449356],[141.969793,39.449514],[141.969943,39.449697],[141.970055,39.449672],[141.970293,39.449514],[141.970518,39.449447],[141.97133,39.448931],[141.971418,39.448839],[141.971355,39.448523],[141.971555,39.448048],[141.971755,39.447823],[141.971643,39.447606],[141.971643,39.447331],[141.971818,39.447156],[141.971893,39.446798],[141.971893,39.446389],[141.972418,39.445781],[141.97243,39.445156],[141.972205,39.445065],[141.97203,39.445065],[141.971905,39.444865],[141.971993,39.444456],[141.972168,39.44419],[141.972368,39.443965],[141.972518,39.443631],[141.972855,39.443181],[141.972768,39.442932],[141.972793,39.442682],[141.972818,39.44219],[141.972668,39.441873],[141.972731,39.441432],[141.972843,39.441157],[141.973306,39.440507],[141.973506,39.440323],[141.97423,39.439899],[141.975305,39.439515],[141.97658,39.43924],[141.97808,39.439124],[141.978755,39.439165],[141.979255,39.439257],[141.979805,39.439299],[141.97978,39.440107],[141.980043,39.440374],[141.98063,39.440799],[141.981355,39.441432],[141.981592,39.44154],[141.982267,39.441965],[141.982467,39.442165],[141.982405,39.442432],[141.98253,39.442723],[141.98288,39.44304],[141.982992,39.443265],[141.983005,39.443648],[141.983292,39.44394],[141.984055,39.444923],[141.98443,39.445215],[141.984467,39.44544],[141.98453,39.445506],[141.985392,39.445773],[141.986104,39.44669],[141.986417,39.446848],[141.986567,39.446981],[141.986654,39.447381],[141.986579,39.447606],[141.986254,39.44774],[141.986192,39.447815],[141.986317,39.447923],[141.986404,39.447948],[141.986492,39.448464],[141.986904,39.448823],[141.987192,39.448889],[141.987829,39.448748],[141.987942,39.44859],[141.988029,39.448348],[141.988379,39.448298],[141.988667,39.448231],[141.988754,39.448165],[141.989142,39.448431],[141.989142,39.448473],[141.988967,39.448548],[141.988842,39.448631],[141.988817,39.448723],[141.989092,39.449398],[141.989029,39.449489],[141.988767,39.449714],[141.988717,39.449798],[141.988804,39.450073],[141.988917,39.450231],[141.988979,39.450473],[141.989179,39.450656],[141.989392,39.450589],[141.989442,39.450514],[141.989854,39.450406],[141.990142,39.450406],[141.990192,39.450381],[141.990579,39.450114],[141.991791,39.450239],[141.992204,39.450398],[141.992179,39.450648],[141.992229,39.450873],[141.992466,39.451114],[141.992616,39.451139],[141.993166,39.451139],[141.993516,39.451314],[141.993929,39.451581],[141.994066,39.451606],[141.994566,39.451781],[141.994766,39.451939],[141.994716,39.452456],[141.994741,39.452573],[141.994954,39.452548],[141.995216,39.452414],[141.995504,39.452206],[141.995954,39.451556],[141.995991,39.451289],[141.996154,39.450923],[141.996354,39.450748],[141.996427,39.450652],[141.997091,39.450314],[141.998229,39.449623],[141.998404,39.449398],[141.998629,39.44924],[141.999016,39.44879],[141.999241,39.44859],[141.999991,39.448231],[142.000266,39.448056],[142.000454,39.447831],[142.000703,39.447606],[142.001103,39.44709],[142.001503,39.447323],[142.001678,39.447048],[142.002316,39.446357],[142.002041,39.446173],[142.002291,39.445815],[142.002603,39.445523],[142.002778,39.445548],[142.002928,39.445498],[142.003128,39.445507],[142.003928,39.445757],[142.004003,39.445782],[142.003978,39.445823],[142.004078,39.445873],[142.004228,39.445598],[142.004553,39.445198],[142.004678,39.44524],[142.004578,39.446057],[142.004628,39.446082],[142.004466,39.44684],[142.004416,39.446865],[142.004316,39.446998],[142.004178,39.447857],[142.004203,39.447907],[142.004128,39.448106],[142.003753,39.448556],[142.003566,39.448865],[142.003341,39.449156],[142.003266,39.449565],[142.003028,39.450131],[142.003303,39.450923],[142.003078,39.450965],[142.003141,39.451506],[142.003041,39.452114],[142.002966,39.452139],[142.002666,39.452089],[142.002453,39.452581],[142.002478,39.452606],[142.002803,39.452631],[142.003103,39.452748],[142.003278,39.453448],[142.003291,39.453781],[142.003166,39.454439],[142.002991,39.454531],[142.002916,39.454522],[142.002941,39.454731],[142.002853,39.455139],[142.002878,39.455297],[142.002828,39.455881],[142.002853,39.456014],[142.002978,39.456222],[142.003303,39.456331],[142.00359,39.456764],[142.003865,39.457422],[142.004153,39.458464],[142.004353,39.45878],[142.004353,39.458847],[142.004803,39.459139],[142.005115,39.45953],[142.005215,39.459864],[142.00549,39.460205],[142.005715,39.460455],[142.005815,39.460664],[142.006165,39.460939],[142.006315,39.461005],[142.006578,39.461297],[142.006828,39.461439],[142.007477,39.462138],[142.008102,39.462572],[142.008615,39.463347],[142.008765,39.463505],[142.00894,39.463888],[142.008952,39.464405],[142.008827,39.464947],[142.008877,39.464988],[142.009927,39.465338],[142.010552,39.46543],[142.011077,39.465663],[142.011427,39.466071],[142.011777,39.466255],[142.011815,39.466596],[142.012164,39.46698],[142.012239,39.467163],[142.012614,39.467363],[142.012664,39.467455],[142.013039,39.467546],[142.013214,39.467413],[142.013789,39.467371],[142.013939,39.46758],[142.013939,39.467621],[142.014114,39.467763],[142.014539,39.46783],[142.014664,39.46783],[142.015214,39.467996],[142.015514,39.468196],[142.015664,39.468338],[142.016114,39.468605],[142.016327,39.46888],[142.016452,39.469038],[142.016777,39.469263],[142.016952,39.469355],[142.017176,39.469563],[142.017176,39.469654],[142.017376,39.469904],[142.017701,39.470104],[142.017801,39.470129],[142.018151,39.470088],[142.018401,39.470271],[142.018726,39.470254],[142.019201,39.470438],[142.019251,39.470438],[142.019476,39.470596],[142.019726,39.470596],[142.019851,39.470821],[142.020151,39.470979],[142.020626,39.470938],[142.020901,39.470988],[142.021226,39.471263],[142.021108,39.471369],[142.021189,39.471438],[142.021439,39.471621],[142.021464,39.471688],[142.022039,39.472104],[142.022289,39.472238],[142.022464,39.472288],[142.022788,39.472446],[142.023488,39.472429],[142.023963,39.472496],[142.024263,39.472613],[142.024388,39.472863],[142.024588,39.472979],[142.024963,39.473046],[142.025138,39.473179],[142.025238,39.473204],[142.025413,39.473121],[142.025688,39.473146],[142.025963,39.473304],[142.026138,39.473438],[142.025863,39.473704],[142.025651,39.474087],[142.025676,39.474362],[142.025651,39.474604],[142.025726,39.474971],[142.025863,39.475237],[142.026138,39.475604],[142.026263,39.475629],[142.026588,39.475562],[142.026913,39.475679],[142.027438,39.475612],[142.027713,39.475679],[142.027813,39.475821],[142.027938,39.475887],[142.027963,39.475862],[142.028163,39.475937],[142.028263,39.475937],[142.028513,39.476296],[142.028438,39.476362],[142.028388,39.476571],[142.028391,39.476667],[142.028088,39.476629],[142.027763,39.476629],[142.027763,39.476696],[142.027913,39.476929],[142.028125,39.477087],[142.0284,39.477196],[142.028988,39.477087],[142.029413,39.477046],[142.029663,39.477096],[142.029963,39.477212],[142.030513,39.477554],[142.030913,39.477712],[142.0312,39.478012],[142.031525,39.478237],[142.031687,39.478422],[142.03165,39.478462],[142.031575,39.478595],[142.031675,39.478645],[142.03185,39.478579],[142.0319,39.478604],[142.031825,39.47867],[142.031975,39.478804],[142.032,39.478895],[142.032225,39.479054],[142.032325,39.479095],[142.032475,39.479462],[142.032412,39.479637],[142.032437,39.479779],[142.032687,39.480162],[142.033237,39.480595],[142.033212,39.480912],[142.03385,39.481229],[142.033941,39.48128],[142.033875,39.481437],[142.0345,39.482045],[142.034625,39.482095],[142.03475,39.482203],[142.03485,39.482478],[142.034975,39.48252],[142.034975,39.48282],[142.035412,39.482978],[142.035537,39.483095],[142.035487,39.483162],[142.035487,39.48327],[142.035787,39.48352],[142.035962,39.483545],[142.036337,39.483462],[142.036587,39.483328],[142.036774,39.483303],[142.036674,39.483028],[142.036375,39.482778],[142.0363,39.482445],[142.036375,39.482353],[142.03695,39.482204],[142.037124,39.482204],[142.037412,39.482087],[142.037737,39.48202],[142.038037,39.482004],[142.038387,39.481937],[142.038437,39.482004],[142.038612,39.482029],[142.038902,39.481974],[142.038837,39.48187],[142.038962,39.481829],[142.039087,39.48167],[142.039037,39.48147],[142.039212,39.481312],[142.040033,39.481578],[142.040062,39.481837],[142.040187,39.48202],[142.040112,39.482245],[142.040537,39.482454],[142.040612,39.48277],[142.040937,39.482862],[142.041012,39.482954],[142.041087,39.48297],[142.041262,39.482929],[142.041262,39.482887],[142.041512,39.482912],[142.041712,39.48307],[142.041737,39.483154],[142.041887,39.48332],[142.042687,39.483162],[142.043037,39.483012],[142.043162,39.482829],[142.043786,39.482695],[142.044186,39.482654],[142.044374,39.482612],[142.044386,39.482704],[142.044536,39.482837],[142.044761,39.48282],[142.044824,39.482679],[142.045049,39.482637],[142.045024,39.482754],[142.045111,39.482937],[142.045311,39.483029],[142.045749,39.482687],[142.045974,39.482737],[142.046074,39.482712],[142.046349,39.482579],[142.046399,39.482579],[142.046799,39.48227],[142.046874,39.482287],[142.047424,39.482295],[142.047674,39.482229],[142.048036,39.482187],[142.048436,39.482212],[142.048611,39.48237],[142.048724,39.482937],[142.048749,39.483004],[142.048999,39.483212],[142.049099,39.483504],[142.049174,39.483504],[142.049348,39.483954],[142.049648,39.484004],[142.049711,39.484095],[142.049811,39.48432],[142.050011,39.484412],[142.050236,39.48457],[142.050286,39.484754],[142.050561,39.484729],[142.050761,39.48457],[142.051461,39.484645],[142.051698,39.48447],[142.051873,39.484195],[142.052023,39.484045],[142.051948,39.483795],[142.051873,39.483745],[142.051598,39.483704],[142.051598,39.483629],[142.051773,39.483387],[142.051573,39.48327],[142.051486,39.483154],[142.051611,39.482937],[142.051961,39.482845],[142.051936,39.482687],[142.051736,39.482529],[142.051586,39.482479],[142.051586,39.48232],[142.051361,39.482212],[142.051236,39.481962],[142.051048,39.481687],[142.051448,39.481396],[142.051598,39.481354],[142.051723,39.481221],[142.051573,39.481087],[142.051498,39.481062],[142.051248,39.481079],[142.050823,39.481412],[142.050748,39.481121],[142.050574,39.480962],[142.050324,39.481029],[142.050024,39.480646],[142.049824,39.480554],[142.049549,39.480704],[142.049374,39.480321],[142.049449,39.480254],[142.049211,39.479804],[142.049411,39.479646],[142.049786,39.479496],[142.049986,39.479354],[142.049986,39.479271],[142.049786,39.479154],[142.050224,39.478612],[142.050424,39.478662],[142.050674,39.478796],[142.050949,39.478646],[142.051049,39.478396],[142.050849,39.478329],[142.050599,39.478304],[142.050449,39.478213],[142.050449,39.477871],[142.050774,39.477713],[142.051286,39.477538],[142.051436,39.477379],[142.051611,39.477271],[142.051786,39.477071],[142.051936,39.477096],[142.052211,39.477279],[142.052736,39.477188],[142.052736,39.477146],[142.052536,39.476988],[142.052536,39.476938],[142.052686,39.476846],[142.052973,39.476404],[142.052974,39.476221],[142.052874,39.47613],[142.052699,39.476238],[142.052649,39.476221],[142.052649,39.476104],[142.052749,39.475996],[142.052874,39.475788],[142.052674,39.475613],[142.052936,39.475096],[142.052986,39.474663],[142.052799,39.474606],[142.053111,39.474188],[142.053286,39.474146],[142.053499,39.474171],[142.053811,39.474421],[142.053936,39.474605],[142.053911,39.474855],[142.054061,39.475596],[142.054123,39.47578],[142.054498,39.475846],[142.054673,39.475963],[142.054723,39.475913],[142.054761,39.475446],[142.054936,39.475196],[142.054911,39.47493],[142.054961,39.474771],[142.055223,39.474546],[142.055398,39.474455],[142.05549,39.474381],[142.055648,39.474346],[142.056173,39.474121],[142.056798,39.47408],[142.056948,39.473947],[142.056848,39.473763],[142.056861,39.473655],[142.056661,39.473563],[142.056761,39.473472],[142.056811,39.473313],[142.056986,39.47323],[142.057011,39.473047],[142.057236,39.47298],[142.057286,39.472797],[142.057336,39.472797],[142.057461,39.47273],[142.057861,39.472963],[142.058161,39.473122],[142.058486,39.473172],[142.058611,39.473147],[142.058861,39.472972],[142.058923,39.47283],[142.059523,39.47288],[142.059598,39.472838],[142.059598,39.472772],[142.059398,39.472455],[142.059123,39.472247],[142.059048,39.472272],[142.058523,39.472247],[142.058473,39.472197],[142.058523,39.471972],[142.058373,39.471863],[142.058148,39.471772],[142.058173,39.471722],[142.058123,39.471522],[142.058873,39.471547],[142.059148,39.471638],[142.059323,39.471797],[142.059698,39.471805],[142.059886,39.471755],[142.059911,39.471714],[142.059836,39.471505],[142.060286,39.47158],[142.060511,39.471714],[142.060835,39.471805],[142.06111,39.471764],[142.061385,39.471564],[142.061485,39.47143],[142.06146,39.471314],[142.06126,39.471272],[142.060985,39.470955],[142.060711,39.470955],[142.060561,39.470772],[142.060486,39.470772],[142.060136,39.470564],[142.059661,39.470447],[142.059536,39.47033],[142.058986,39.470305],[142.058873,39.470105],[142.059498,39.469814],[142.059648,39.469639],[142.059723,39.46948],[142.060023,39.469455],[142.060123,39.469347],[142.059973,39.469122],[142.060061,39.468939],[142.060286,39.468781],[142.060361,39.468581],[142.060161,39.468422],[142.060011,39.468197],[142.059786,39.468189],[142.059586,39.468306],[142.059211,39.468097],[142.058886,39.468097],[142.058586,39.467956],[142.058636,39.467889],[142.058986,39.467756],[142.058986,39.467647],[142.058686,39.467464],[142.058311,39.467531],[142.058186,39.467347],[142.058211,39.467256],[142.057948,39.466756],[142.057858,39.466632],[142.058523,39.466356],[142.059023,39.466272],[142.059148,39.466314],[142.059473,39.466322],[142.059598,39.466297],[142.059461,39.466047],[142.058861,39.465747],[142.058786,39.465797],[142.058511,39.465747],[142.058236,39.465589],[142.058186,39.465364],[142.057986,39.465273],[142.058661,39.464956],[142.058936,39.464714],[142.058973,39.464648],[142.058873,39.464556],[142.058548,39.464464],[142.057936,39.464639],[142.057736,39.464748],[142.057536,39.464656],[142.057436,39.464706],[142.057536,39.465064],[142.056961,39.465131],[142.056661,39.465056],[142.056286,39.464781],[142.056536,39.464514],[142.056911,39.464364],[142.056686,39.464273],[142.056261,39.464381],[142.056111,39.464539],[142.055961,39.464514],[142.055661,39.464173],[142.055386,39.463964],[142.055361,39.463873],[142.054899,39.463489],[142.054549,39.463264],[142.054374,39.462989],[142.054324,39.462673],[142.054349,39.462606],[142.054299,39.462314],[142.054286,39.461881],[142.054386,39.461681],[142.054461,39.461681],[142.054511,39.461431],[142.054186,39.461206],[142.054061,39.460915],[142.053786,39.461048],[142.053636,39.461023],[142.053461,39.460865],[142.053037,39.460631],[142.052499,39.460248],[142.051999,39.460065],[142.051799,39.459906],[142.051524,39.459498],[142.050849,39.459015],[142.050699,39.458815],[142.050387,39.458448],[142.050162,39.45829],[142.049687,39.457815],[142.049387,39.45779],[142.048537,39.457106],[142.048237,39.45674],[142.048175,39.456498],[142.048225,39.456423],[142.04825,39.456223],[142.048425,39.455957],[142.04845,39.455732],[142.0484,39.455665],[142.048337,39.455165],[142.048287,39.454873],[142.048212,39.454648],[142.048162,39.454215],[142.048512,39.454132],[142.048825,39.453998],[142.0489,39.453724],[142.0486,39.453698],[142.0484,39.453515],[142.048175,39.453382],[142.047825,39.453082],[142.047875,39.452949],[142.047875,39.452749],[142.04795,39.452524],[142.047812,39.452182],[142.048287,39.451957],[142.048412,39.45169],[142.048262,39.451465],[142.048487,39.451215],[142.048875,39.451132],[142.04905,39.450882],[142.049125,39.450815],[142.049175,39.450657],[142.049025,39.450524],[142.04795,39.450132],[142.0477,39.449882],[142.0469,39.449857],[142.04665,39.449916],[142.0465,39.449824],[142.046762,39.449424],[142.046712,39.449357],[142.0462,39.449532],[142.046,39.449707],[142.045725,39.449666],[142.045325,39.449457],[142.04435,39.449341],[142.043875,39.449224],[142.043575,39.448882],[142.043625,39.448766],[142.043538,39.448566],[142.043338,39.448357],[142.043013,39.448407],[142.042813,39.448424],[142.042663,39.448241],[142.042613,39.447791],[142.041788,39.447174],[142.041713,39.446949],[142.041575,39.446749],[142.04145,39.446682],[142.04135,39.446724],[142.040688,39.446874],[142.040463,39.446874],[142.040113,39.447032],[142.039988,39.447166],[142.039913,39.447324],[142.039838,39.447366],[142.039688,39.447249],[142.039513,39.447232],[142.039088,39.447249],[142.038813,39.447066],[142.038488,39.446524],[142.038463,39.446316],[142.038626,39.445982],[142.038901,39.445849],[142.039026,39.445824],[142.039476,39.445582],[142.039426,39.445333],[142.039126,39.445283],[142.039026,39.445308],[142.038151,39.445641],[142.038026,39.445641],[142.037951,39.445366],[142.038051,39.445232],[142.038226,39.445191],[142.038651,39.444991],[142.038888,39.444766],[142.039138,39.444608],[142.039313,39.444449],[142.039763,39.444658],[142.039913,39.444616],[142.040088,39.444141],[142.040038,39.443941],[142.039438,39.444091],[142.039363,39.444066],[142.039513,39.443841],[142.039463,39.443799],[142.039238,39.443799],[142.038963,39.443724],[142.039301,39.443549],[142.039501,39.443483],[142.039426,39.443374],[142.039126,39.443233],[142.038826,39.443024],[142.038326,39.442824],[142.038101,39.442616],[142.038976,39.442666],[142.039151,39.442649],[142.039926,39.442833],[142.040326,39.442749],[142.040501,39.442608],[142.040888,39.442591],[142.041638,39.442666],[142.041813,39.442708],[142.042188,39.442733],[142.042463,39.442691],[142.042663,39.442533],[142.042563,39.442333],[142.042238,39.442216],[142.041238,39.442275],[142.041363,39.442008],[142.041413,39.442008],[142.041738,39.441875],[142.042038,39.4417],[142.04255,39.441608],[142.0427,39.441341],[142.042875,39.44125],[142.042875,39.441091],[142.043175,39.440758],[142.042963,39.440283],[142.042688,39.439942],[142.042388,39.439717],[142.041938,39.439667],[142.041663,39.4396],[142.041838,39.439308],[142.041738,39.439125],[142.041613,39.4391],[142.041238,39.439208],[142.040663,39.439542],[142.040313,39.4397],[142.039826,39.439941],[142.039676,39.440083],[142.039601,39.440166],[142.039601,39.4401],[142.039751,39.4399],[142.039551,39.439833],[142.039576,39.439741],[142.039913,39.439317],[142.040213,39.43925],[142.040513,39.438958],[142.040588,39.4388],[142.040538,39.438758],[142.040213,39.438658],[142.039738,39.438658],[142.039388,39.438608],[142.039563,39.438475],[142.040151,39.438275],[142.040151,39.438117],[142.039826,39.437825],[142.039026,39.437392],[142.038551,39.4373],[142.038451,39.437225],[142.038251,39.437025],[142.038176,39.436817],[142.038063,39.43655],[142.038013,39.436433],[142.038238,39.436592],[142.038501,39.436892],[142.038601,39.436842],[142.038488,39.436458],[142.038613,39.436483],[142.038763,39.436442],[142.038513,39.436233],[142.037913,39.435892],[142.037788,39.435708],[142.037786,39.435679],[142.037813,39.435667],[142.038213,39.435808],[142.038538,39.435875],[142.038688,39.435875],[142.039213,39.436033],[142.039563,39.43595],[142.039588,39.436042],[142.039788,39.436109],[142.040063,39.436159],[142.040163,39.436092],[142.040038,39.435842],[142.039876,39.435634],[142.040026,39.435617],[142.040076,39.435684],[142.040251,39.435725],[142.040151,39.4355],[142.040501,39.435642],[142.040576,39.435617],[142.040576,39.435325],[142.040201,39.434734],[142.039801,39.43455],[142.039938,39.434309],[142.039913,39.434217],[142.039763,39.433917],[142.039738,39.433784],[142.040038,39.433742],[142.040438,39.433742],[142.040713,39.433609],[142.040838,39.433859],[142.041038,39.43395],[142.041188,39.433792],[142.041238,39.433642],[142.041388,39.433684],[142.041488,39.433817],[142.041738,39.433867],[142.041888,39.433692],[142.041938,39.433667],[142.042026,39.433392],[142.041951,39.433309],[142.041551,39.432967],[142.041526,39.432892],[142.042051,39.432876],[142.042501,39.433042],[142.042851,39.433017],[142.043201,39.432934],[142.042976,39.432567],[142.042863,39.432159],[142.042713,39.431867],[142.042688,39.431642],[142.042563,39.431501],[142.042263,39.431251],[142.042063,39.431209],[142.041913,39.430984],[142.041301,39.430367],[142.041251,39.430251],[142.041326,39.430142],[142.042026,39.429851],[142.041951,39.429651],[142.042138,39.429176],[142.042138,39.429084],[142.041988,39.428751],[142.041488,39.428026],[142.041501,39.427843],[142.041926,39.427776],[142.042226,39.427918],[142.042526,39.427959],[142.042801,39.427743],[142.042966,39.427357],[142.043426,39.427385],[142.043801,39.427501],[142.043976,39.427385],[142.044026,39.427226],[142.043888,39.42696],[142.043963,39.426826],[142.044188,39.426801],[142.044513,39.426535],[142.044638,39.426351],[142.044276,39.425293],[142.043726,39.42506],[142.043626,39.425151],[142.043576,39.425576],[142.043501,39.425601],[142.043201,39.425601],[142.042751,39.425551],[142.042451,39.425168],[142.042376,39.425168],[142.042238,39.425543],[142.042213,39.425593],[142.041913,39.425701],[142.041138,39.425768],[142.040963,39.425535],[142.040838,39.425518],[142.040788,39.425335],[142.040176,39.424743],[142.039851,39.424585],[142.039501,39.424576],[142.038964,39.42476],[142.038739,39.424868],[142.038739,39.42496],[142.038339,39.425043],[142.037989,39.424951],[142.037689,39.424751],[142.037864,39.424635],[142.038301,39.424526],[142.038451,39.424435],[142.037451,39.423168],[142.037451,39.423118],[142.037664,39.422985],[142.037939,39.422918],[142.038264,39.422901],[142.038564,39.422635],[142.038689,39.422477],[142.038589,39.422268],[142.038464,39.422068],[142.038251,39.421568],[142.037901,39.421368],[142.037526,39.421427],[142.037364,39.42181],[142.037239,39.421993],[142.036539,39.421627],[142.036539,39.42151],[142.036676,39.421377],[142.036551,39.421193],[142.036426,39.421193],[142.036326,39.42106],[142.036327,39.420877],[142.036277,39.420718],[142.035977,39.42056],[142.035927,39.420202],[142.036064,39.419793],[142.036164,39.419552],[142.036289,39.419552],[142.036352,39.419535],[142.036489,39.419393],[142.036489,39.419077],[142.036289,39.41876],[142.035977,39.41856],[142.035189,39.418327],[142.034127,39.418277],[142.032902,39.418152],[142.031989,39.418127],[142.031902,39.418085],[142.032102,39.418035],[142.032789,39.417994],[142.033102,39.417635],[142.033077,39.417344],[142.032827,39.41721],[142.032452,39.417202],[142.032364,39.417252],[142.032139,39.417652],[142.031964,39.417202],[142.031877,39.417202],[142.031589,39.417452],[142.031514,39.417469],[142.031489,39.417152],[142.03109,39.41706],[142.030852,39.416952],[142.031115,39.416885],[142.031252,39.416885],[142.031602,39.416769],[142.031914,39.416435],[142.031777,39.416094],[142.031502,39.415844],[142.031439,39.415844],[142.031577,39.41641],[142.031202,39.416202],[142.030927,39.415935],[142.03064,39.415794],[142.030552,39.41586],[142.030715,39.416335],[142.030577,39.416202],[142.02984,39.415794],[142.02959,39.415744],[142.02964,39.415877],[142.02984,39.41606],[142.029865,39.416152],[142.029215,39.415785],[142.028727,39.415744],[142.028407,39.415757],[142.028302,39.415627],[142.028015,39.415694],[142.027815,39.415852],[142.02784,39.415919],[142.02764,39.416002],[142.027352,39.416052],[142.027177,39.416185],[142.027177,39.416227],[142.026977,39.416294],[142.02684,39.41616],[142.026502,39.416085],[142.026152,39.415994],[142.02584,39.416019],[142.025752,39.41606],[142.025415,39.416102],[142.025352,39.416219],[142.025552,39.416285],[142.025127,39.416668],[142.024977,39.416843],[142.024952,39.417143],[142.024865,39.417185],[142.024665,39.417135],[142.024415,39.416752],[142.02429,39.41691],[142.024428,39.417385],[142.02449,39.417435],[142.02454,39.417568],[142.02449,39.417743],[142.024315,39.417585],[142.024178,39.417652],[142.02409,39.417743],[142.02394,39.41756],[142.023865,39.41736],[142.023665,39.417177],[142.023353,39.417202],[142.023065,39.417402],[142.022986,39.417498],[142.022915,39.417443],[142.022578,39.417352],[142.022553,39.417443],[142.022828,39.41776],[142.02229,39.417643],[142.022115,39.417893],[142.02229,39.417985],[142.022478,39.41821],[142.022365,39.418302],[142.022428,39.418477],[142.022628,39.41866],[142.022653,39.418752],[142.02259,39.41911],[142.022528,39.419093],[142.022253,39.41866],[142.022228,39.418727],[142.022253,39.41911],[142.022128,39.419243],[142.02199,39.41956],[142.022153,39.419785],[142.022278,39.420101],[142.022103,39.420235],[142.022178,39.420418],[142.022253,39.420526],[142.021853,39.420643],[142.021628,39.420526],[142.021428,39.420593],[142.021603,39.420751],[142.021603,39.420885],[142.021253,39.42086],[142.02109,39.420926],[142.020965,39.420926],[142.020903,39.420793],[142.020403,39.420693],[142.020103,39.420585],[142.019978,39.420601],[142.019865,39.420693],[142.01999,39.42101],[142.019615,39.42121],[142.01949,39.42141],[142.019615,39.421776],[142.019315,39.421768],[142.019228,39.422043],[142.019103,39.422218],[142.018928,39.422243],[142.018728,39.422109],[142.018353,39.422393],[142.018303,39.422576],[142.018478,39.422734],[142.018503,39.422801],[142.01839,39.423009],[142.01804,39.423226],[142.01799,39.423226],[142.01794,39.423451],[142.018065,39.423634],[142.018015,39.423768],[142.01789,39.423751],[142.01764,39.423793],[142.017719,39.423944],[142.01779,39.423993],[142.01759,39.424018],[142.017753,39.424126],[142.017703,39.424243],[142.017553,39.424442],[142.017253,39.424626],[142.016953,39.424576],[142.016828,39.424617],[142.016603,39.424617],[142.016628,39.424751],[142.016728,39.424776],[142.016628,39.424934],[142.016153,39.424909],[142.015378,39.424742],[142.015328,39.424767],[142.015291,39.424967],[142.015341,39.425017],[142.015291,39.425084],[142.015191,39.425509],[142.015066,39.425626],[142.014966,39.425509],[142.014916,39.425217],[142.014591,39.425126],[142.014366,39.425101],[142.014066,39.425142],[142.013641,39.425067],[142.013541,39.425026],[142.013466,39.425117],[142.013541,39.425184],[142.013916,39.425301],[142.014266,39.425326],[142.014466,39.425301],[142.014566,39.425551],[142.014116,39.425859],[142.013841,39.425884],[142.013703,39.426067],[142.013453,39.426017],[142.013228,39.426192],[142.013303,39.426492],[142.012678,39.426576],[142.011603,39.4265],[142.009954,39.426034],[142.009404,39.425809],[142.008404,39.425192],[142.008104,39.424942],[142.007966,39.424626],[142.007741,39.424309],[142.007966,39.423859],[142.007941,39.423634],[142.008066,39.423426],[142.008154,39.423001],[142.008079,39.422951],[142.008229,39.422817],[142.008304,39.422592],[142.008029,39.422276],[142.007954,39.422251],[142.007804,39.422409],[142.007729,39.422459],[142.007504,39.422317],[142.007279,39.422251],[142.006841,39.421501],[142.006866,39.421393],[142.007141,39.421051],[142.007141,39.420826],[142.007191,39.420734],[142.007154,39.420243],[142.007204,39.419993],[142.007329,39.419793],[142.007379,39.419768],[142.007279,39.419543],[142.007341,39.419434],[142.007541,39.419209],[142.007691,39.418826],[142.007891,39.418718],[142.008666,39.418518],[142.009091,39.418335],[142.009329,39.418385],[142.009554,39.418135],[142.009554,39.418001],[142.009329,39.417976],[142.009066,39.418043],[142.008954,39.417885],[142.009041,39.41771],[142.009241,39.417526],[142.009729,39.417393],[142.009991,39.417376],[142.010504,39.416968],[142.010854,39.416543],[142.010941,39.416293],[142.010866,39.415868],[142.010866,39.415618],[142.010804,39.415552],[142.010441,39.415502],[142.010354,39.415343],[142.010416,39.415093],[142.010554,39.414693],[142.010504,39.414352],[142.010416,39.414152],[142.010254,39.414127],[142.010041,39.414618],[142.009929,39.414235],[142.009704,39.414102],[142.009529,39.414235],[142.009479,39.414635],[142.009216,39.415227],[142.008616,39.41536],[142.008491,39.415352],[142.008204,39.415535],[142.007891,39.415443],[142.007666,39.415443],[142.007179,39.415326],[142.006667,39.415093],[142.006192,39.414777],[142.005817,39.414368],[142.005829,39.414168],[142.005942,39.413893],[142.005692,39.413443],[142.005692,39.41306],[142.005579,39.412743],[142.005329,39.412493],[142.005242,39.412268],[142.005217,39.411993],[142.005342,39.411543],[142.005229,39.411185],[142.005429,39.410777],[142.005379,39.410485],[142.005229,39.410419],[142.004917,39.410419],[142.004542,39.410502],[142.004004,39.410477],[142.003604,39.410519],[142.003517,39.41061],[142.003204,39.410785],[142.002629,39.410877],[142.001942,39.411168],[142.001742,39.41101],[142.001605,39.41096],[142.00143,39.410827],[142.001205,39.41071],[142.000892,39.410818],[142.000655,39.410977],[142.000342,39.41111],[142.00023,39.411018],[142.000142,39.410843],[141.99983,39.410977],[141.999692,39.411243],[141.999567,39.41131],[141.999405,39.411193],[141.999055,39.411285],[141.99843,39.411802],[141.998255,39.412027],[141.997967,39.412043],[141.99763,39.411977],[141.997342,39.41186],[141.996855,39.41136],[141.99658,39.411043],[141.996692,39.410885],[141.996955,39.41066],[141.997017,39.410393],[141.996992,39.410193],[141.99688,39.409893],[141.996817,39.409468],[141.996567,39.409418],[141.996428,39.40944],[141.99623,39.409468],[141.995967,39.409602],[141.995855,39.40971],[141.995605,39.409777],[141.995343,39.409752],[141.995205,39.409552],[141.99523,39.409193],[141.99518,39.40921],[141.99503,39.409368],[141.994943,39.409368],[141.994805,39.409502],[141.994718,39.409393],[141.994693,39.409235],[141.99458,39.409235],[141.99438,39.40941],[141.99423,39.40941],[141.99398,39.409318],[141.993918,39.409002],[141.993718,39.40891],[141.993668,39.408818],[141.99358,39.408818],[141.993268,39.408977],[141.992605,39.409043],[141.992493,39.408835],[141.99238,39.40881],[141.992205,39.408943],[141.991668,39.409127],[141.991443,39.409035],[141.991418,39.408852],[141.99133,39.40881],[141.99078,39.408785],[141.99038,39.408843],[141.990355,39.409027],[141.990205,39.409185],[141.990043,39.409277],[141.989755,39.409135],[141.989605,39.409293],[141.98918,39.409177],[141.98893,39.409018],[141.988506,39.408927],[141.988268,39.408835],[141.987956,39.40881],[141.987706,39.408743],[141.987481,39.408785],[141.987243,39.40876],[141.987081,39.408827],[141.986681,39.408852],[141.986418,39.408827],[141.986106,39.408435],[141.985818,39.408393],[141.985256,39.40866],[141.984906,39.40866],[141.984531,39.408743],[141.984481,39.408585],[141.98427,39.408568],[141.984231,39.40836],[141.983968,39.40836],[141.983681,39.40831],[141.983281,39.408335],[141.983118,39.40826],[141.983056,39.408377],[141.983256,39.40856],[141.983197,39.408623],[141.983168,39.408602],[141.982543,39.408577],[141.982481,39.408552],[141.982343,39.408602],[141.982343,39.408777],[141.981731,39.409002],[141.981443,39.409227],[141.981044,39.409385],[141.980619,39.409718],[141.980356,39.409827],[141.980381,39.410143],[141.980531,39.410435],[141.980931,39.410601],[141.981243,39.410826],[141.981318,39.411368],[141.981256,39.411776],[141.981481,39.412343],[141.981618,39.412543],[141.981681,39.413151],[141.981556,39.413718],[141.981781,39.414059],[141.981831,39.414484],[141.981718,39.414684],[141.981743,39.414934],[141.981856,39.415001],[141.982593,39.415751],[141.983256,39.416001],[141.983543,39.416009],[141.984081,39.416143],[141.984731,39.416393],[141.985306,39.416718],[141.985556,39.417234],[141.985324,39.417504],[141.985068,39.417643],[141.984831,39.418042],[141.984631,39.418701],[141.984481,39.419034],[141.984393,39.419309],[141.984268,39.419584],[141.984131,39.419784],[141.983956,39.420301],[141.983643,39.421117],[141.983093,39.421542],[141.982018,39.424392],[141.979518,39.423817],[141.979518,39.424067],[141.979668,39.424558],[141.981843,39.425092],[141.982107,39.42519],[141.982343,39.425358],[141.982455,39.425692],[141.982455,39.425942],[141.98223,39.426192],[141.981793,39.426433],[141.980818,39.426842],[141.980181,39.427025],[141.978493,39.4273],[141.978168,39.427233],[141.978031,39.427075],[141.977965,39.427018],[141.977805,39.426978],[141.977506,39.426942],[141.976543,39.426992],[141.976081,39.427058],[141.975731,39.427175],[141.975581,39.427125],[141.975318,39.42695],[141.975356,39.426792],[141.975231,39.426742],[141.974856,39.4267],[141.974506,39.426817],[141.974243,39.4267],[141.974106,39.426592],[141.974281,39.4265],[141.973956,39.425983],[141.974006,39.425042],[141.974056,39.424975],[141.974194,39.423942],[141.974169,39.423808],[141.973844,39.423767],[141.973644,39.423342],[141.973294,39.422959],[141.973119,39.422375],[141.972881,39.422042],[141.972706,39.4217],[141.972644,39.421434],[141.972644,39.4211],[141.972913,39.420303],[141.973006,39.419909],[141.972894,39.419725],[141.972769,39.419659],[141.972656,39.419534],[141.972669,39.419326],[141.972781,39.419017],[141.972644,39.418901],[141.972581,39.419059],[141.972444,39.419167],[141.972244,39.419101],[141.972206,39.418992],[141.972356,39.418692],[141.972331,39.418651],[141.972131,39.418676],[141.971894,39.418967],[141.971244,39.418826],[141.970706,39.418642],[141.970594,39.418434],[141.970444,39.418276],[141.970394,39.418259],[141.970281,39.418101],[141.969944,39.417167],[141.969769,39.417167],[141.969594,39.417126],[141.969432,39.417034],[141.969119,39.416284],[141.969032,39.416126],[141.968982,39.416126],[141.968857,39.416626],[141.968744,39.416642],[141.968607,39.416101],[141.968607,39.415876],[141.968382,39.415517],[141.968219,39.415467],[141.967907,39.415151],[141.968107,39.415018],[141.968157,39.414859],[141.968169,39.414634],[141.968082,39.414584],[141.967932,39.414568],[141.967682,39.414609],[141.967444,39.414718],[141.967307,39.414626],[141.967219,39.414676],[141.967169,39.414651],[141.966969,39.414201],[141.967057,39.414084],[141.967032,39.413901],[141.967119,39.413818],[141.967082,39.413751],[141.966744,39.413584],[141.966544,39.413359],[141.966407,39.413384],[141.966207,39.413293],[141.965832,39.413268],[141.965494,39.412993],[141.965332,39.412518],[141.96527,39.412426],[141.96522,39.412426],[141.96502,39.412293],[141.964982,39.412701],[141.964895,39.412743],[141.964645,39.412626],[141.964645,39.412493],[141.96422,39.412351],[141.964295,39.412509],[141.963982,39.412509],[141.964045,39.412351],[141.96382,39.412059],[141.963595,39.412059],[141.963445,39.411918],[141.963482,39.411626],[141.963506,39.411368],[141.96322,39.411218],[141.963031,39.411218],[141.963032,39.411126],[141.963395,39.411068],[141.963482,39.410993],[141.96337,39.410818],[141.963207,39.410726],[141.963032,39.410518],[141.963008,39.410446],[141.963032,39.41036],[141.963057,39.410185],[141.963007,39.410135],[141.962945,39.410001],[141.96307,39.40996],[141.963207,39.410118],[141.963295,39.410118],[141.96352,39.409918],[141.963432,39.409668],[141.963245,39.409393],[141.962807,39.409526],[141.962607,39.409551],[141.962645,39.409501],[141.962982,39.409301],[141.962532,39.409251],[141.962107,39.409135],[141.962107,39.409118],[141.96227,39.409143],[141.962445,39.409076],[141.962445,39.40896],[141.961995,39.408418],[141.961595,39.40821],[141.961545,39.407943],[141.961482,39.407851],[141.96112,39.407551],[141.961082,39.407351],[141.961207,39.407351],[141.961145,39.40701],[141.960895,39.407102],[141.960807,39.406902],[141.961007,39.406852],[141.96087,39.406585],[141.960758,39.406443],[141.960608,39.406602],[141.960495,39.406493],[141.96047,39.406335],[141.96022,39.40606],[141.959108,39.40596],[141.958978,39.40592],[141.95927,39.405718],[141.95902,39.405627],[141.95842,39.405577],[141.958133,39.405618],[141.958158,39.405802],[141.957845,39.40571],[141.957733,39.405593],[141.95757,39.405027],[141.95752,39.40431],[141.95732,39.403518],[141.956783,39.403244],[141.956558,39.403177],[141.95682,39.402877],[141.956908,39.402569],[141.956958,39.402502],[141.957108,39.402135],[141.956508,39.40191],[141.956395,39.401927],[141.956195,39.40186],[141.955971,39.40161],[141.955746,39.401569],[141.955746,39.401452],[141.955971,39.401502],[141.956258,39.401227],[141.956334,39.401157],[141.956408,39.401052],[141.956458,39.401002],[141.95652,39.400827],[141.956433,39.400485],[141.956208,39.400285],[141.955833,39.400327],[141.955778,39.400295],[141.955721,39.400185],[141.955096,39.400252],[141.955046,39.400252],[141.954921,39.40041],[141.954783,39.400319],[141.954583,39.400294],[141.954333,39.400185],[141.954246,39.400177],[141.953958,39.400019],[141.954046,39.399752],[141.954021,39.399702],[141.953708,39.399752],[141.953508,39.399594],[141.953446,39.399344],[141.952933,39.399252],[141.952571,39.399227],[141.952558,39.399519],[141.952471,39.399744],[141.951796,39.399877],[141.951308,39.400094],[141.951046,39.400069],[141.950309,39.40016],[141.949871,39.400294],[141.949496,39.400652],[141.949209,39.400827],[141.948696,39.401027],[141.948009,39.40121],[141.947521,39.401252],[141.947009,39.401852],[141.946496,39.402102],[141.945771,39.402318],[141.944746,39.402427],[141.944146,39.402627],[141.943747,39.40281],[141.943522,39.402877],[141.942697,39.402893],[141.941809,39.402977],[141.941322,39.403376],[141.941034,39.403376],[141.940409,39.403151],[141.940097,39.403101],[141.939609,39.402968],[141.939147,39.40296],[141.938522,39.403001],[141.93821,39.40296],[141.937785,39.402701],[141.93736,39.402501],[141.936022,39.402085],[141.93531,39.401926],[141.933935,39.401985],[141.93351,39.402501],[141.933135,39.402743],[141.932698,39.402951],[141.932273,39.403101],[141.93201,39.40346],[141.931985,39.40376],[141.93181,39.403935],[141.93146,39.404476],[141.93146,39.404768],[141.931348,39.405043],[141.931573,39.405518],[141.931685,39.405851],[141.931423,39.405943],[141.930223,39.406518],[141.92996,39.406093],[141.92971,39.405776],[141.929348,39.405501],[141.92841,39.405026],[141.927973,39.404884],[141.927435,39.404609],[141.926786,39.404451],[141.925473,39.403743],[141.925136,39.403401],[141.924798,39.402968],[141.924511,39.402701],[141.923948,39.402309],[141.923386,39.401876],[141.922811,39.40131],[141.922673,39.401218],[141.922448,39.401151],[141.922336,39.401176],[141.921899,39.401168],[141.920649,39.400918],[141.920161,39.400893],[141.919624,39.400818],[141.919199,39.400685],[141.918686,39.40061],[141.918086,39.400585],[141.916574,39.400376],[141.916087,39.40026],[141.915724,39.400076],[141.915524,39.400026],[141.914862,39.400118],[141.914174,39.40016],[141.913612,39.400243],[141.913099,39.400285],[141.912037,39.400668],[141.911487,39.400818],[141.911087,39.40086],[141.910487,39.400993],[141.910125,39.401151],[141.909062,39.401551],[141.908775,39.401526],[141.9084,39.401434],[141.907837,39.401359],[141.907237,39.401334],[141.906812,39.401359],[141.906662,39.401401],[141.905713,39.402009],[141.9052,39.402026],[141.90455,39.401951],[141.903438,39.401609],[141.903038,39.401543],[141.9027,39.401401],[141.902388,39.401084],[141.90225,39.400743],[141.902138,39.400634],[141.90205,39.400609],[141.901051,39.400468],[141.900338,39.400259],[141.900176,39.400168],[141.899801,39.400051],[141.899376,39.399959],[141.898801,39.399934],[141.898201,39.399659],[141.897301,39.399409],[141.896901,39.39916],[141.896614,39.398885],[141.896364,39.39891],[141.895989,39.399109],[141.895751,39.399284],[141.895439,39.399468],[141.894839,39.399526],[141.892526,39.399809],[141.891889,39.400326],[141.891489,39.400776],[141.890939,39.401492],[141.890877,39.401876],[141.890902,39.402192],[141.891102,39.402784],[141.890839,39.402917],[141.890352,39.403051],[141.889552,39.403451],[141.889327,39.403626],[141.889089,39.403967],[141.888839,39.403942],[141.888352,39.404009],[141.887577,39.4045],[141.886864,39.404717],[141.886739,39.404942],[141.886714,39.405192],[141.886452,39.405417],[141.886052,39.405667],[141.885765,39.4058],[141.885077,39.40595],[141.883902,39.406392],[141.883677,39.406642],[141.88324,39.40725],[141.882777,39.4077],[141.88269,39.408017],[141.882715,39.4084],[141.882515,39.408783],[141.882365,39.409366],[141.882127,39.409683],[141.881702,39.410083],[141.88164,39.410425],[141.881665,39.410833],[141.88184,39.411166],[141.881865,39.41155],[141.881827,39.411708],[141.881852,39.412116],[141.88199,39.412683],[141.881252,39.412724],[141.880902,39.412924],[141.880127,39.413283],[141.880127,39.413916],[141.880002,39.414591],[141.879715,39.415149],[141.878902,39.415982],[141.878615,39.416091],[141.878277,39.416066],[141.877827,39.415949],[141.87734,39.415882],[141.876878,39.415766],[141.876453,39.415607],[141.876228,39.415607],[141.87494,39.416249],[141.874103,39.416607],[141.873903,39.416657],[141.873478,39.416874],[141.873278,39.417082],[141.87304,39.417865],[141.872865,39.41809],[141.87284,39.418065],[141.87269,39.41809],[141.872003,39.418357],[141.87143,39.418524],[141.871403,39.418449],[141.871128,39.41834],[141.870553,39.418024],[141.870366,39.417982],[141.869641,39.41854],[141.869266,39.418765],[141.868828,39.418957],[141.868303,39.419099],[141.867728,39.419299],[141.867291,39.419532],[141.866953,39.419749],[141.865928,39.42009],[141.865003,39.420582],[141.864716,39.42094],[141.864653,39.421457],[141.864591,39.421615],[141.864591,39.421907],[141.864366,39.422223],[141.863866,39.422698],[141.863354,39.423531],[141.863116,39.424181],[141.863091,39.424156],[141.862879,39.424231],[141.861979,39.424631],[141.861691,39.424989],[141.861666,39.425331],[141.861691,39.425489],[141.861491,39.426681],[141.861354,39.427156],[141.861116,39.427606],[141.860741,39.428164],[141.860791,39.428256],[141.860916,39.429156],[141.860854,39.429447],[141.860416,39.429947],[141.860041,39.430505],[141.859929,39.431022],[141.859929,39.431405],[141.859779,39.432122],[141.859904,39.433005],[141.860166,39.433297],[141.860479,39.433747],[141.860541,39.43393],[141.860566,39.434488],[141.860654,39.434896],[141.861128,39.435455],[141.861041,39.435663],[141.860804,39.435746],[141.859441,39.436788],[141.859091,39.437463],[141.859179,39.437596],[141.858591,39.438563],[141.858541,39.438813],[141.858254,39.438946],[141.857554,39.439421],[141.856829,39.439779],[141.855891,39.440429],[141.855604,39.440721],[141.854504,39.441462],[141.853891,39.441912],[141.853279,39.442321],[141.852929,39.442454],[141.852491,39.442704],[141.852354,39.442904],[141.852154,39.443354],[141.851916,39.444187],[141.851504,39.444745],[141.851129,39.445378],[141.850292,39.44637],[141.850004,39.44702],[141.849704,39.44747],[141.849679,39.447603],[141.849042,39.448053],[141.847704,39.449086],[141.847592,39.449111],[141.846742,39.449628],[141.846367,39.449828],[141.845667,39.450036],[141.845379,39.450078],[141.844279,39.450369],[141.843604,39.450869],[141.843255,39.451019],[141.843005,39.451678],[141.84303,39.452236],[141.842917,39.452686],[141.842942,39.453161],[141.842742,39.453427],[141.84228,39.453794],[141.841892,39.454244],[141.841542,39.454536],[141.84128,39.454919],[141.84053,39.455594],[141.840442,39.455727],[141.84038,39.456602],[141.840267,39.457168],[141.840417,39.457568],[141.84048,39.457935],[141.840355,39.458402],[141.840267,39.45946],[141.840067,39.459776],[141.839655,39.459976],[141.838992,39.460185],[141.837942,39.460651],[141.837305,39.461085],[141.836692,39.461668],[141.836168,39.461826],[141.83408,39.461818],[141.83393,39.461909],[141.833243,39.462184],[141.832455,39.462651],[141.831818,39.463151],[141.831205,39.463509],[141.83083,39.463826],[141.830305,39.463984],[141.829931,39.464026],[141.829231,39.463776],[141.828818,39.463551],[141.828356,39.463142],[141.828031,39.462809],[141.827568,39.462534],[141.826168,39.462376],[141.825768,39.462401],[141.825093,39.462967],[141.824806,39.463126],[141.824144,39.463076],[141.823581,39.462967],[141.822806,39.462876],[141.821869,39.463325],[141.820394,39.463634],[141.820156,39.463634],[141.820156,39.463684],[141.819869,39.4642],[141.819431,39.464467],[141.818469,39.464942],[141.818069,39.465392],[141.817657,39.465725],[141.817194,39.466025],[141.817069,39.466267],[141.817069,39.466583],[141.817194,39.467008],[141.817019,39.467325],[141.816382,39.467908],[141.815744,39.468316],[141.815244,39.468741],[141.815132,39.469149],[141.815307,39.469666],[141.815444,39.470299],[141.815357,39.470566],[141.814894,39.470908],[141.814232,39.471308],[141.813969,39.471807],[141.813794,39.472324],[141.813644,39.472566],[141.813969,39.473516],[141.814082,39.47414],[141.814144,39.47534],[141.814107,39.475949],[141.813994,39.476415],[141.814407,39.476915],[141.814607,39.477073],[141.814869,39.477365],[141.814782,39.477815],[141.814232,39.47849],[141.813294,39.478982],[141.812719,39.479365],[141.812282,39.479548],[141.811757,39.48029],[141.81132,39.48074],[141.810682,39.481165],[141.809845,39.481681],[141.809457,39.482606],[141.809145,39.483281],[141.808907,39.483323],[141.808357,39.483373],[141.80792,39.483731],[141.807682,39.484222],[141.807545,39.484697],[141.807257,39.485056],[141.807107,39.485572],[141.807045,39.486231],[141.806845,39.487289],[141.806757,39.488322],[141.806695,39.488364],[141.806095,39.489222],[141.805882,39.489689],[141.805507,39.490188],[141.804982,39.490547],[141.80437,39.490838],[141.803882,39.491288],[141.80257,39.492597],[141.801582,39.493271],[141.800095,39.49433],[141.798957,39.495379],[141.798795,39.495854],[141.79887,39.497163],[141.798907,39.498063],[141.79887,39.498196],[141.798582,39.498762],[141.798407,39.498937],[141.797745,39.499387],[141.796895,39.499771],[141.795032,39.500921],[141.794832,39.501004],[141.794132,39.501437],[141.793432,39.501929],[141.792857,39.50227],[141.792357,39.502354],[141.792045,39.50247],[141.791432,39.502787],[141.791145,39.502854],[141.791095,39.50292],[141.79077,39.503012],[141.790133,39.503279],[141.789233,39.50372],[141.788595,39.504103],[141.78812,39.504237],[141.78702,39.50427],[141.78652,39.504312],[141.78617,39.504603],[141.785983,39.50492],[141.785858,39.506003],[141.785345,39.506811],[141.784083,39.507903],[141.782633,39.509428],[141.782158,39.510053],[141.782058,39.510327],[141.782196,39.511027],[141.782271,39.511477],[141.782208,39.512311],[141.782108,39.51321],[141.78212,39.513685],[141.78222,39.514185],[141.782045,39.514385],[141.781208,39.514602],[141.778733,39.514993],[141.777921,39.515102],[141.777046,39.515143],[141.775971,39.515427],[141.774684,39.515935],[141.773809,39.516426],[141.773484,39.516576],[141.772746,39.516801],[141.772121,39.517176],[141.771234,39.517893],[141.770634,39.518226],[141.770009,39.518384],[141.768797,39.518351],[141.766797,39.518176],[141.766047,39.517901],[141.765347,39.517834],[141.764922,39.518009],[141.764085,39.518768],[141.76341,39.519234],[141.762847,39.519934],[141.762235,39.520851],[141.761298,39.522992],[141.760635,39.523867],[141.760098,39.524317],[141.759848,39.524467],[141.759398,39.524892],[141.758985,39.525475],[141.75866,39.525883],[141.757985,39.525833],[141.756635,39.525866],[141.756336,39.525933],[141.755698,39.526175],[141.755148,39.5266],[141.754423,39.526824],[141.753561,39.527199],[141.752911,39.527399],[141.752761,39.527399],[141.752261,39.527008],[141.751736,39.526941],[141.750811,39.527041],[141.750336,39.527224],[141.749536,39.528524],[141.749036,39.528974],[141.748561,39.529241],[141.748453,39.529313],[141.748286,39.529349],[141.748274,39.530457],[141.748311,39.531107],[141.748149,39.532465],[141.748636,39.53359],[141.749086,39.534274],[141.749498,39.535132],[141.750198,39.53604],[141.750761,39.53659],[141.751461,39.536932],[141.751711,39.53729],[141.75206,39.538015],[141.753348,39.540038],[141.75351,39.540331],[141.75386,39.541006],[141.753773,39.541548],[141.753623,39.542023],[141.75366,39.542973],[141.75356,39.543623],[141.753573,39.543964],[141.753723,39.544664],[141.75356,39.545089],[141.75346,39.545206],[141.752985,39.545964],[141.752848,39.546572],[141.752523,39.547089],[141.752435,39.547539],[141.753335,39.548747],[141.753422,39.549489],[141.753585,39.550347],[141.75401,39.551205],[141.754197,39.551755],[141.754197,39.552605],[141.754322,39.552655],[141.755822,39.552347],[141.756147,39.552305],[141.757034,39.552288],[141.758309,39.552297],[141.760209,39.552039],[141.761109,39.552322],[141.762934,39.55308],[141.763784,39.553355],[141.764684,39.553355],[141.765609,39.553255],[141.765946,39.553255],[141.766284,39.55353],[141.767421,39.555614],[141.768759,39.55713],[141.768983,39.557497],[141.769421,39.558355],[141.769346,39.559347],[141.769408,39.560297],[141.769633,39.56048],[141.771058,39.560713],[141.771183,39.56083],[141.772296,39.562255],[141.773045,39.563005],[141.773658,39.563846],[141.773658,39.564096],[141.773408,39.564455],[141.77267,39.565263],[141.771933,39.566221],[141.771445,39.566946],[141.77132,39.567396],[141.77132,39.567504],[141.771158,39.568046],[141.770908,39.568746],[141.771158,39.569154],[141.771995,39.570037],[141.77227,39.570645],[141.772207,39.570829],[141.771907,39.57162],[141.771445,39.572312],[141.77127,39.572495],[141.770132,39.573412],[141.76957,39.574262],[141.769345,39.574987],[141.769382,39.575862],[141.769782,39.576361],[141.770169,39.577178],[141.770444,39.577586],[141.771519,39.578203],[141.772019,39.578636],[141.772607,39.578928],[141.773207,39.579095],[141.773819,39.578986],[141.774994,39.57852],[141.775906,39.578303],[141.777706,39.578336],[141.778606,39.578453],[141.779206,39.578611],[141.780031,39.57867],[141.781268,39.57822],[141.781818,39.578095],[141.784493,39.578137],[141.78568,39.578253],[141.78663,39.578287],[141.787505,39.577903],[141.788543,39.577578],[141.789968,39.57792],[141.791017,39.578287],[141.792492,39.578595],[141.793317,39.579003],[141.793955,39.57942],[141.794317,39.579328],[141.795092,39.578953],[141.796404,39.57862],[141.797354,39.578537],[141.798054,39.578228],[141.798867,39.577937],[141.799666,39.578053],[141.800641,39.578403],[141.801354,39.57872],[141.802116,39.578845],[141.803216,39.579095],[141.804041,39.579037],[141.804891,39.57902],[141.806066,39.579187],[141.806216,39.579229],[141.806541,39.579687],[141.806866,39.579937],[141.806991,39.580003],[141.807815,39.580095],[141.808515,39.580078],[141.80939,39.580153],[141.810615,39.580345],[141.81144,39.58037],[141.812215,39.58042],[141.81284,39.580653],[141.813215,39.581087],[141.813665,39.58172],[141.81459,39.582312],[141.816077,39.582837],[141.816327,39.58302],[141.816802,39.58352],[141.817402,39.58452],[141.818314,39.585245],[141.818439,39.585611],[141.818589,39.585945],[141.818739,39.586178],[141.818789,39.586203],[141.818789,39.586245],[141.818952,39.586761],[141.818889,39.587269],[141.818964,39.587636],[141.819202,39.587961],[141.819227,39.588611],[141.819502,39.589053],[141.819502,39.589144],[141.818727,39.590161],[141.818502,39.590702],[141.818039,39.591386],[141.817702,39.592127],[141.817452,39.592585],[141.817264,39.59326],[141.817314,39.594194],[141.817101,39.596102],[141.816377,39.596343],[141.815664,39.596652],[141.815414,39.597177],[141.815077,39.59816],[141.814089,39.599368],[141.813064,39.599818],[141.811989,39.600226],[141.810977,39.600185],[141.810514,39.600385],[141.810527,39.600943],[141.810827,39.601593],[141.811277,39.602351],[141.811052,39.602734],[141.810439,39.603226],[141.810139,39.603676],[141.810964,39.604942],[141.811339,39.605784],[141.812014,39.606217],[141.812651,39.606717],[141.812976,39.607901],[141.813389,39.608651],[141.814239,39.609667],[141.814376,39.610234],[141.814651,39.610517],[141.814939,39.610734],[141.816963,39.611667],[141.817376,39.612684],[141.817763,39.612967],[141.818413,39.613633],[141.819576,39.61475],[141.819926,39.61475],[141.820138,39.61465],[141.821163,39.614592],[141.822388,39.614633],[141.8233,39.614708],[141.82405,39.615108],[141.825038,39.615308],[141.82695,39.615383],[141.828225,39.615458],[141.829825,39.61595],[141.831,39.615967],[141.832312,39.615934],[141.833224,39.616517],[141.834949,39.616892],[141.835662,39.616875],[141.836724,39.617109],[141.838424,39.617392],[141.839324,39.617092],[141.839961,39.617484],[141.840474,39.617725],[141.841323,39.618525],[141.842061,39.618958],[141.842273,39.619242],[141.842161,39.619775],[141.841886,39.620367],[141.841273,39.621966],[141.841211,39.622458],[141.841636,39.62295],[141.842398,39.623641],[141.842848,39.624175],[141.842985,39.625741],[141.843248,39.626249],[141.843623,39.626741],[141.844335,39.628016],[141.844223,39.628332],[141.844198,39.628566],[141.844398,39.629166],[141.84466,39.630466],[141.844798,39.63189],[141.845072,39.632474],[141.84546,39.633032],[141.846172,39.633882],[141.84656,39.634215],[141.847422,39.635073],[141.848459,39.636232],[141.848897,39.636923],[141.849184,39.637715],[141.849522,39.638448],[141.849734,39.63924],[141.849759,39.640164],[141.849984,39.640823],[141.850559,39.641289],[141.851572,39.641698],[141.852459,39.641981],[141.852559,39.643831],[141.852646,39.644156],[141.852921,39.644764],[141.853059,39.646714],[141.853109,39.646889],[141.852771,39.647697],[141.852721,39.64773],[141.852721,39.647922],[141.852584,39.648638],[141.852484,39.649438],[141.852521,39.649747],[141.852471,39.650947],[141.852234,39.651721],[141.851759,39.652338],[141.851059,39.653146],[141.850821,39.654171],[141.850709,39.655529],[141.851096,39.656629],[141.850896,39.657146],[141.850271,39.657929],[141.850434,39.659179],[141.849909,39.659946],[141.849921,39.66037],[141.850184,39.66067],[141.850171,39.661029],[141.849946,39.661579],[141.849871,39.66202],[141.849796,39.662162],[141.849459,39.66257],[141.849471,39.663029],[141.849546,39.663445],[141.849371,39.663603],[141.848309,39.663887],[141.848171,39.663962],[141.848196,39.665487],[141.848321,39.666112],[141.848121,39.666728],[141.848159,39.667428],[141.848359,39.667628],[141.848634,39.667745],[141.848796,39.667753],[141.850208,39.669061],[141.850996,39.669486],[141.851196,39.669503],[141.851383,39.669761],[141.851383,39.670078],[141.850946,39.670844],[141.850808,39.671319],[141.850683,39.672486],[141.850433,39.672827],[141.850408,39.673211],[141.850546,39.673594],[141.851258,39.674444],[141.851283,39.674627],[141.850796,39.675327],[141.850658,39.675461],[141.849858,39.67591],[141.849121,39.676227],[141.847546,39.676477],[141.846996,39.676635],[141.846509,39.677044],[141.846209,39.677152],[141.845821,39.677135],[141.844721,39.676727],[141.844084,39.67646],[141.842859,39.676077],[141.841859,39.675719],[141.841721,39.675694],[141.841284,39.675735],[141.840522,39.675985],[141.839697,39.67621],[141.838784,39.676369],[141.838234,39.676935],[141.838022,39.67741],[141.837909,39.677768],[141.837859,39.677835],[141.837497,39.677927],[141.836809,39.678202],[141.836259,39.67876],[141.835934,39.679168],[141.835709,39.679643],[141.835634,39.67971],[141.835472,39.679735],[141.835059,39.679643],[141.834472,39.679618],[141.833522,39.679935],[141.833072,39.679935],[141.832747,39.679802],[141.832447,39.679577],[141.832035,39.679418],[141.831622,39.679418],[141.831122,39.679577],[141.830822,39.679618],[141.830497,39.679618],[141.83016,39.67976],[141.829722,39.679868],[141.828547,39.679801],[141.82791,39.679851],[141.827335,39.679943],[141.826898,39.679826],[141.826323,39.679268],[141.826148,39.679176],[141.82536,39.68001],[141.824198,39.68096],[141.823848,39.681226],[141.823548,39.682018],[141.82286,39.682493],[141.822335,39.683101],[141.820223,39.684542],[141.819398,39.685034],[141.819211,39.685109],[141.818386,39.685176],[141.817336,39.685176],[141.817011,39.685109],[141.816623,39.684926],[141.816236,39.684909],[141.815036,39.685042],[141.814649,39.685042],[141.810824,39.683942],[141.810199,39.683851],[141.809674,39.683942],[141.808412,39.683584],[141.807937,39.683334],[141.806462,39.682859],[141.805799,39.682459],[141.805462,39.682409],[141.8036,39.682592],[141.8028,39.682684],[141.802525,39.682659],[141.801537,39.682392],[141.8011,39.682142],[141.800687,39.681984],[141.798375,39.681451],[141.797313,39.681317],[141.797063,39.681426],[141.797,39.681492],[141.796925,39.681784],[141.796925,39.682125],[141.797038,39.68255],[141.797,39.682575],[141.796625,39.68255],[141.796288,39.682734],[141.795963,39.683092],[141.7956,39.683275],[141.795138,39.683392],[141.794725,39.683567],[141.794288,39.683908],[141.7939,39.684333],[141.793575,39.684858],[141.793325,39.685667],[141.792288,39.686791],[141.791975,39.687041],[141.791625,39.687158],[141.790138,39.687333],[141.789563,39.687541],[141.789101,39.688308],[141.788513,39.688824],[141.788163,39.689024],[141.787938,39.689208],[141.787938,39.689458],[141.788076,39.689774],[141.788188,39.690241],[141.788163,39.690649],[141.788276,39.690874],[141.788388,39.690941],[141.788301,39.691257],[141.787751,39.692224],[141.787701,39.692524],[141.787801,39.692882],[141.788575,39.694232],[141.788763,39.694707],[141.7888,39.694865],[141.788738,39.695249],[141.78855,39.695607],[141.788463,39.695948],[141.788575,39.696257],[141.788638,39.696623],[141.788525,39.696848],[141.788275,39.696957],[141.787888,39.697007],[141.787126,39.697032],[141.785526,39.697207],[141.784813,39.697232],[141.784426,39.697207],[141.784126,39.696898],[141.783901,39.696782],[141.783663,39.696782],[141.783576,39.696832],[141.783251,39.697256],[141.782951,39.69739],[141.782501,39.697506],[141.782226,39.697615],[141.782088,39.697823],[141.782063,39.699131],[141.781926,39.69929],[141.781488,39.699356],[141.780751,39.699265],[141.780276,39.699148],[141.779676,39.698948],[141.779214,39.69884],[141.778851,39.698856],[141.777451,39.699764],[141.776701,39.699856],[141.776301,39.699964],[141.775301,39.700398],[141.774814,39.700664],[141.774564,39.700889],[141.773876,39.701722],[141.773689,39.702039],[141.773689,39.703439],[141.773801,39.704114],[141.773714,39.704297],[141.773114,39.704472],[141.772477,39.704589],[141.771377,39.70493],[141.770989,39.705488],[141.770527,39.705805],[141.769927,39.70603],[141.768652,39.706397],[141.768414,39.706663],[141.767827,39.707571],[141.767389,39.708405],[141.767227,39.708513],[141.767064,39.708538],[141.766764,39.708696],[141.766464,39.709171],[141.766402,39.709463],[141.766489,39.709688],[141.766764,39.709871],[141.767502,39.710229],[141.768602,39.711038],[141.768964,39.711446],[141.769514,39.712279],[141.770002,39.713446],[141.770314,39.713987],[141.770477,39.714396],[141.770589,39.714846],[141.770664,39.715521],[141.771351,39.716895],[141.771551,39.717004],[141.771789,39.717662],[141.772564,39.718762],[141.772864,39.719037],[141.773301,39.719145],[141.774026,39.719187],[141.774651,39.719412],[141.775126,39.719729],[141.775863,39.720428],[141.776226,39.720678],[141.776776,39.72072],[141.777263,39.720695],[141.778663,39.721078],[141.779851,39.721503],[141.780488,39.72187],[141.780863,39.722162],[141.781225,39.722545],[141.781363,39.722787],[141.781613,39.723512],[141.781638,39.724161],[141.781525,39.724478],[141.781475,39.72527],[141.781313,39.725853],[141.78125,39.726711],[141.781275,39.726894],[141.783863,39.727453],[141.78455,39.727544],[141.784913,39.727544],[141.785163,39.727628],[141.785537,39.727836],[141.7859,39.727878],[141.786425,39.727719],[141.787112,39.727086],[141.788262,39.726545],[141.788837,39.726345],[141.78925,39.72612],[141.789662,39.725395],[141.7901,39.725103],[141.7906,39.724828],[141.791587,39.724537],[141.792549,39.724062],[141.792962,39.723928],[141.793599,39.723878],[141.794287,39.72402],[141.794912,39.724195],[141.795349,39.724262],[141.795487,39.724245],[141.795762,39.72397],[141.796899,39.722595],[141.797336,39.722187],[141.798874,39.721087],[141.799861,39.720021],[141.800249,39.719546],[141.800624,39.719146],[141.800961,39.718646],[141.801511,39.718104],[141.801811,39.717929],[141.802111,39.717879],[141.802249,39.717971],[141.803236,39.719188],[141.803374,39.719454],[141.803411,39.719704],[141.803136,39.720446],[141.802636,39.721487],[141.802386,39.722346],[141.802423,39.722637],[141.802611,39.72302],[141.802836,39.723329],[141.803111,39.723537],[141.803661,39.723854],[141.803986,39.724095],[141.804486,39.724637],[141.804811,39.724754],[141.805861,39.724904],[141.806411,39.72502],[141.806923,39.725337],[141.807285,39.725604],[141.807648,39.725962],[141.808085,39.726254],[141.809923,39.726928],[141.810423,39.727245],[141.810835,39.727562],[141.81136,39.728103],[141.811498,39.728437],[141.811747,39.728887],[141.812022,39.72907],[141.812672,39.729178],[141.814547,39.729362],[141.814872,39.729403],[141.815097,39.72947],[141.816559,39.730753],[141.817184,39.731203],[141.817497,39.731361],[141.818009,39.731453],[141.818622,39.73152],[141.820547,39.73147],[141.821446,39.731337],[141.823671,39.730728],[141.824259,39.730612],[141.825221,39.73052],[141.825771,39.730428],[141.826234,39.730253],[141.827134,39.729687],[141.827546,39.729487],[141.827796,39.730337],[141.827996,39.730837],[141.828246,39.731262],[141.829208,39.732637],[141.830221,39.733645],[141.830521,39.733895],[141.832033,39.73432],[141.833308,39.734795],[141.833933,39.734928],[141.83437,39.734861],[141.834758,39.734745],[141.835058,39.73477],[141.835533,39.734953],[141.835745,39.735086],[141.835558,39.73547],[141.83517,39.735786],[141.83492,39.736103],[141.834933,39.736661],[141.834983,39.73682],[141.835207,39.737111],[141.83597,39.73772],[141.836582,39.737994],[141.837182,39.738169],[141.83727,39.738353],[141.837207,39.738644],[141.837207,39.739069],[141.837407,39.739319],[141.83762,39.739428],[141.838645,39.739203],[141.839057,39.739253],[141.839519,39.739336],[141.840182,39.739069],[141.840644,39.739069],[141.841394,39.739161],[141.842019,39.739069],[141.842294,39.738845],[141.842182,39.738253],[141.842519,39.737445],[141.842844,39.737286],[141.843182,39.73722],[141.843507,39.737086],[141.843919,39.736612],[141.844244,39.736453],[141.844907,39.736228],[141.845457,39.735928],[141.845919,39.735637],[141.846369,39.73557],[141.846581,39.73577],[141.847156,39.73602],[141.847606,39.736045],[141.847906,39.736153],[141.848119,39.736353],[141.848569,39.737078],[141.848844,39.737303],[141.849306,39.737412],[141.849769,39.737395],[141.850269,39.737303],[141.850956,39.737053],[141.851181,39.737212],[141.851456,39.737978],[141.851731,39.738178],[141.851756,39.738378],[141.851618,39.738586],[141.850468,39.739036],[141.850106,39.739303],[141.849693,39.739803],[141.849643,39.740545],[141.849893,39.741219],[141.849968,39.741353],[141.850031,39.741653],[141.849943,39.741894],[141.849731,39.741986],[141.849343,39.742053],[141.848793,39.742211],[141.848431,39.742369],[141.848294,39.742511],[141.848106,39.742844],[141.848081,39.743386],[141.847806,39.744219],[141.847781,39.744802],[141.847993,39.745077],[141.848243,39.745252],[141.848381,39.745527],[141.848381,39.745661],[141.848581,39.746019],[141.849381,39.746694],[141.849706,39.746919],[141.849893,39.746944],[141.850281,39.746902],[141.850418,39.746852],[141.850943,39.746785],[141.852018,39.746877],[141.85278,39.746985],[141.85328,39.74701],[141.854155,39.746852],[141.854293,39.746802],[141.854655,39.746869],[141.855618,39.747252],[141.856193,39.747386],[141.85718,39.747885],[141.85768,39.748035],[141.860567,39.748444],[141.86123,39.748486],[141.862492,39.748327],[141.864942,39.748502],[141.865579,39.748594],[141.866679,39.748844],[141.866754,39.748844],[141.867004,39.748752],[141.867117,39.748636],[141.867692,39.748386],[141.868429,39.748252],[141.869254,39.748252],[141.871104,39.748452],[141.871352,39.748458],[141.871466,39.748469],[141.872704,39.748627],[141.873279,39.748786],[141.874266,39.749211],[141.874853,39.749436],[141.875403,39.749577],[141.876253,39.749977],[141.876578,39.750002],[141.877266,39.749777],[141.877491,39.749794],[141.878041,39.750086],[141.878291,39.750152],[141.878641,39.750086],[141.878866,39.750086],[141.879053,39.750044],[141.879278,39.750111],[141.879353,39.750177],[141.879528,39.750469],[141.879578,39.750744],[141.879878,39.751235],[141.880265,39.751577],[141.880515,39.751685],[141.881003,39.752002],[141.881415,39.752269],[141.88164,39.75236],[141.88224,39.752452],[141.882578,39.752494],[141.88274,39.75256],[141.882903,39.752744],[141.883115,39.752827],[141.883129,39.752848],[141.88314,39.75286],[141.88324,39.752927],[141.883665,39.753402],[141.88389,39.753577],[141.884165,39.753719],[141.884965,39.753752],[141.885477,39.753777],[141.885765,39.753735],[141.88634,39.753735],[141.886615,39.753694],[141.887002,39.753694],[141.887252,39.753827],[141.887302,39.754035],[141.887352,39.755043],[141.887415,39.755143],[141.88764,39.755268],[141.888115,39.755352],[141.888652,39.755577],[141.888927,39.755827],[141.889052,39.756243],[141.889027,39.757168],[141.889102,39.757718],[141.88924,39.757943],[141.889415,39.75806],[141.889914,39.758151],[141.890452,39.758301],[141.890752,39.758435],[141.890989,39.758585],[141.891477,39.758776],[141.892452,39.75916],[141.892614,39.759301],[141.892752,39.759651],[141.892639,39.760393],[141.892677,39.760726],[141.892889,39.760985],[141.893327,39.761334],[141.894139,39.761826],[141.894701,39.762368],[141.894939,39.762901],[141.895164,39.763026],[141.895689,39.763168],[141.897064,39.763726],[141.897414,39.764126],[141.897489,39.764318],[141.897514,39.764551],[141.897476,39.764959],[141.897514,39.765442],[141.897614,39.765667],[141.897751,39.765884],[141.898026,39.766059],[141.898314,39.766167],[141.899113,39.766542],[141.899313,39.766676],[141.899538,39.767059],[141.899913,39.767892],[141.900276,39.768376],[141.900226,39.768442],[141.899551,39.768417],[141.899351,39.768509],[141.898863,39.769225],[141.898838,39.769375],[141.898888,39.769625],[141.899126,39.770092],[141.899301,39.770275],[141.899501,39.770375],[141.899751,39.770392],[141.900226,39.770334],[141.900901,39.770425],[141.902213,39.770525],[141.902838,39.770684],[141.903925,39.771459],[141.904613,39.771875],[141.904813,39.7722],[141.904775,39.772675],[141.90485,39.772959],[141.904788,39.77355],[141.904838,39.773667],[141.904938,39.774308],[141.905038,39.774975],[141.905013,39.775667],[141.904838,39.775942],[141.90455,39.776158],[141.904388,39.776417],[141.904338,39.776908],[141.9042,39.777266],[141.903938,39.777633],[141.903813,39.778016],[141.904063,39.778308],[141.90525,39.779091],[141.905313,39.779241],[141.905337,39.779966],[141.905375,39.780141],[141.905462,39.780266],[141.905637,39.780408],[141.906,39.780599],[141.906112,39.780724],[141.906237,39.781749],[141.906125,39.782416],[141.905862,39.782899],[141.904862,39.783482],[141.904462,39.783782],[141.9042,39.784049],[141.903462,39.784649],[141.903137,39.784949],[141.903012,39.785107],[141.90295,39.785341],[141.903037,39.785607],[141.903187,39.785824],[141.903225,39.786132],[141.903125,39.786332],[141.902612,39.78694],[141.902187,39.787149],[141.901825,39.787215],[141.901288,39.787674],[141.90085,39.787873],[141.900238,39.788065],[141.899525,39.788757],[141.89915,39.788923],[141.898763,39.789007],[141.898688,39.78899],[141.89825,39.78919],[141.897875,39.789223],[141.8977,39.789323],[141.8974,39.789373],[141.896938,39.789223],[141.896538,39.789048],[141.896113,39.788973],[141.895426,39.788998],[141.894988,39.78894],[141.894738,39.788856],[141.894288,39.788931],[141.893938,39.789081],[141.892976,39.789623],[141.892801,39.789656],[141.892163,39.78969],[141.891226,39.789331],[141.890688,39.789256],[141.890226,39.78924],[141.889939,39.789256],[141.889176,39.788906],[141.888926,39.78894],[141.888776,39.789056],[141.888614,39.789298],[141.888589,39.789523],[141.888614,39.789714],[141.888589,39.789923],[141.888526,39.790031],[141.888489,39.790223],[141.888539,39.790456],[141.888339,39.791214],[141.888426,39.791414],[141.888789,39.791931],[141.888876,39.792231],[141.888938,39.792781],[141.889038,39.793114],[141.889751,39.793964],[141.890251,39.794289],[141.890463,39.794489],[141.890701,39.794831],[141.890926,39.794956],[141.891838,39.795131],[141.892388,39.795414],[141.892788,39.795522],[141.893076,39.795472],[141.893738,39.795064],[141.8944,39.794906],[141.8947,39.794906],[141.894913,39.795006],[141.895788,39.795906],[141.8961,39.796156],[141.896725,39.796322],[141.897238,39.796372],[141.8975,39.796206],[141.898388,39.796247],[141.898675,39.796397],[141.898775,39.796514],[141.899225,39.796556],[141.8997,39.796889],[141.899862,39.797139],[141.900012,39.797497],[141.900175,39.798147],[141.900287,39.798339],[141.900587,39.798547],[141.900762,39.798722],[141.900987,39.798772],[141.901375,39.798664],[141.901825,39.798381],[141.902087,39.798114],[141.902337,39.797981],[141.903012,39.797872],[141.90325,39.797714],[141.90335,39.797597],[141.903437,39.797339],[141.903662,39.797131],[141.903887,39.797072],[141.904075,39.797164],[141.9042,39.797389],[141.90435,39.797872],[141.904487,39.798064],[141.904987,39.798331],[141.905124,39.798439],[141.905199,39.798622],[141.905399,39.798847],[141.905574,39.798964],[141.905724,39.798981],[141.905974,39.798839],[141.906387,39.798322],[141.906624,39.798164],[141.906737,39.798131],[141.907012,39.798156],[141.907324,39.798289],[141.907599,39.798372],[141.907874,39.798381],[141.908062,39.798439],[141.908162,39.798581],[141.908287,39.799106],[141.908662,39.799639],[141.908874,39.799781],[141.909171,39.799923],[141.909287,39.799922],[141.908937,39.800514],[141.908712,39.801097],[141.908699,39.801464],[141.908812,39.80198],[141.909212,39.802589],[141.909399,39.802972],[141.909549,39.803555],[141.909711,39.803905],[141.909824,39.804272],[141.909849,39.804655],[141.909724,39.805505],[141.909599,39.805813],[141.909324,39.806205],[141.909324,39.80633],[141.909361,39.80723],[141.909636,39.807721],[141.909749,39.807805],[141.910699,39.808213],[141.910886,39.808371],[141.910886,39.808604],[141.910986,39.809046],[141.911149,39.809354],[141.911349,39.809546],[141.911886,39.809171],[141.912286,39.808963],[141.913049,39.808638],[141.913586,39.808238],[141.913836,39.80793],[141.914374,39.807646],[141.915273,39.807605],[141.915536,39.807655],[141.915823,39.807821],[141.916123,39.807921],[141.916498,39.808138],[141.916773,39.808246],[141.917323,39.808555],[141.917836,39.808705],[141.918173,39.808646],[141.918336,39.808538],[141.918623,39.808163],[141.918923,39.80798],[141.919311,39.807946],[141.919523,39.807863],[141.919973,39.807588],[141.920748,39.807605],[141.920898,39.80758],[141.921098,39.807438],[141.921448,39.807305],[141.922098,39.80733],[141.922485,39.807455],[141.922823,39.807788],[141.923023,39.808071],[141.92326,39.808246],[141.923585,39.808421],[141.923935,39.808496],[141.924323,39.80853],[141.925148,39.80853],[141.92571,39.808621],[141.926173,39.808796],[141.92661,39.80893],[141.927123,39.808938],[141.92801,39.808771],[141.928285,39.80883],[141.92851,39.808921],[141.928935,39.808988],[141.929447,39.80893],[141.929847,39.808955],[141.930347,39.80903],[141.930735,39.809138],[141.931147,39.809221],[141.93166,39.809371],[141.932047,39.809363],[141.932397,39.809247],[141.932647,39.809105],[141.933035,39.809038],[141.933497,39.809088],[141.934285,39.809305],[141.934522,39.809405],[141.93466,39.809563],[141.934747,39.80978],[141.93476,39.810205],[141.934835,39.810463],[141.934985,39.810713],[141.935272,39.811005],[141.935572,39.811213],[141.936397,39.811621],[141.936959,39.811721],[141.937547,39.811963],[141.937672,39.812063],[141.937722,39.812221],[141.937784,39.812471],[141.937984,39.813079],[141.938534,39.813738],[141.938621,39.813979],[141.938646,39.814646],[141.938696,39.814938],[141.939396,39.815779],[141.939446,39.815937],[141.939259,39.816471],[141.939246,39.816712],[141.939459,39.817146],[141.939421,39.817371],[141.939446,39.818004],[141.939871,39.818695],[141.939896,39.818945],[141.939809,39.819154],[141.939471,39.819479],[141.939434,39.81957],[141.939508,39.819787],[141.939771,39.819954],[141.940971,39.820479],[141.941296,39.820645],[141.942021,39.820987],[141.943083,39.821095],[141.943371,39.821154],[141.943658,39.821254],[141.943896,39.821379],[141.944183,39.821479],[141.944595,39.821495],[141.945933,39.821645],[141.94612,39.821737],[141.94617,39.821729],[141.94622,39.821754],[141.946395,39.822028],[141.94657,39.822045],[141.946895,39.821954],[141.94777,39.822154],[141.948208,39.822062],[141.948695,39.821829],[141.94882,39.821662],[141.949058,39.821354],[141.94947,39.82122],[141.94982,39.821229],[141.950445,39.82142],[141.95072,39.821429],[141.951432,39.821545],[141.951932,39.821412],[141.952257,39.821429],[141.952895,39.821562],[141.953445,39.821537],[141.953882,39.821612],[141.954682,39.821854],[141.955119,39.821937],[141.955644,39.821912],[141.955944,39.822404],[141.956119,39.822579],[141.956394,39.822929],[141.956607,39.822995],[141.957094,39.822745],[141.957507,39.822629],[141.957919,39.822612],[141.958444,39.822729],[141.958669,39.822745],[141.960107,39.822662],[141.960494,39.82252],[141.960744,39.822345],[141.960894,39.822187],[141.961069,39.821846],[141.961531,39.821362],[141.961856,39.821121],[141.962269,39.821012],[141.962481,39.821054],[141.962956,39.821271],[141.964506,39.822129],[141.964719,39.822304],[141.965144,39.822921],[141.965506,39.823195],[141.965943,39.823645],[141.967381,39.824495],[141.968081,39.824804],[141.969593,39.824754],[141.970293,39.824654],[141.971293,39.824595],[141.97363,39.824754],[141.97398,39.82482],[141.97428,39.824937],[141.974305,39.825079],[141.974118,39.825645],[141.97408,39.825937],[141.97413,39.826487],[141.974005,39.827087],[141.97408,39.82712],[141.97468,39.82702],[141.974905,39.827029],[141.975055,39.82712],[141.97553,39.827612],[141.97568,39.827845],[141.97578,39.82812],[141.975717,39.828337],[141.975105,39.829195],[141.975042,39.829395],[141.975105,39.82967],[141.975355,39.830003],[141.975892,39.830536],[141.976542,39.831003],[141.976842,39.831128],[141.97718,39.831195],[141.97733,39.83112],[141.977542,39.830961],[141.977892,39.830578],[141.97816,39.830638],[141.978242,39.83067]]]},"properties":{"yomi":"ひがしへい","name":"東閇伊","pref":"岩手県","kuni_id":"K30","id_url":"G30009.html","kuni_url":"/kg/resource/K30.html","id":"G30009","kuni":"陸中"}}]}