{"type":"FeatureCollection","features":[{"type":"Feature","properties":{"name":"北閇伊","yomi":"きたへい","kuni_id":"K30","pref":"岩手県","kuni_url":"/kg/resource/K30.html","id_url":"G30013.html","id":"G30013","kuni":"陸中"},"geometry":{"type":"Polygon","coordinates":[[[141.658152,40.007924],[141.658764,40.008216],[141.658977,40.008349],[141.659777,40.008574],[141.660577,40.008616],[141.661039,40.008616],[141.661777,40.008866],[141.662227,40.009224],[141.662464,40.009633],[141.662827,40.010058],[141.663264,40.010307],[141.663651,40.010641],[141.664114,40.010799],[141.664414,40.010799],[141.665739,40.010533],[141.666864,40.010466],[141.667664,40.010458],[141.668676,40.010416],[141.669363,40.010416],[141.670576,40.010299],[141.671126,40.010391],[141.671813,40.010708],[141.672363,40.011249],[141.674125,40.013316],[141.675363,40.014491],[141.675875,40.014849],[141.676725,40.015116],[141.677637,40.015141],[141.6803,40.015008],[141.680987,40.014999],[141.681487,40.015116],[141.681737,40.015208],[141.682312,40.015591],[141.682912,40.016174],[141.683274,40.016691],[141.683824,40.017324],[141.684124,40.017524],[141.685662,40.017707],[141.686074,40.017707],[141.687587,40.017591],[141.688074,40.017657],[141.688961,40.018041],[141.689674,40.018174],[141.691074,40.018149],[141.691736,40.018108],[141.692286,40.017899],[141.693024,40.017724],[141.694124,40.017266],[141.694649,40.016999],[141.694836,40.016708],[141.694999,40.016166],[141.695274,40.015466],[141.696048,40.013908],[141.696486,40.0133],[141.696736,40.012875],[141.696761,40.0126],[141.697086,40.0122],[141.697311,40.012133],[141.698186,40.011975],[141.701898,40.01145],[141.703098,40.011475],[141.703236,40.011425],[141.703486,40.010975],[141.704473,40.009784],[141.704748,40.009401],[141.704998,40.008876],[141.705485,40.008792],[141.706073,40.008742],[141.706585,40.008834],[141.707135,40.009101],[141.707248,40.009442],[141.707198,40.009892],[141.707248,40.010051],[141.707723,40.010526],[141.708298,40.010925],[141.708648,40.011267],[141.708985,40.011667],[141.70931,40.011967],[141.709748,40.012192],[141.710473,40.012709],[141.71071,40.013017],[141.710797,40.013334],[141.711097,40.013767],[141.71181,40.01455],[141.71206,40.014667],[141.71261,40.014392],[141.713597,40.013984],[141.714097,40.013875],[141.714447,40.01385],[141.71486,40.014009],[141.71531,40.014417],[141.71566,40.014684],[141.715797,40.01475],[141.716097,40.014325],[141.716785,40.013042],[141.717109,40.012501],[141.717497,40.012226],[141.717584,40.012209],[141.717972,40.012292],[141.718272,40.012292],[141.718734,40.012226],[141.719122,40.012201],[141.719534,40.012067],[141.719647,40.011617],[141.720134,40.011051],[141.720659,40.010718],[141.720847,40.010668],[141.721347,40.010626],[141.721697,40.010534],[141.722522,40.009993],[141.722722,40.009993],[141.723434,40.010084],[141.724259,40.010401],[141.724884,40.010851],[141.725246,40.011184],[141.725746,40.011409],[141.726209,40.011726],[141.726809,40.011793],[141.727771,40.011726],[141.728296,40.011726],[141.728409,40.011818],[141.728384,40.012176],[141.728221,40.012601],[141.728159,40.013051],[141.728184,40.013567],[141.728084,40.013842],[141.727696,40.014292],[141.727696,40.014542],[141.728358,40.015392],[141.728333,40.015467],[141.728433,40.0158],[141.728546,40.016025],[141.728821,40.016092],[141.729671,40.016067],[141.730008,40.016025],[141.730471,40.016001],[141.730771,40.016134],[141.731246,40.016475],[141.732283,40.0167],[141.733246,40.01715],[141.733883,40.017175],[141.734683,40.016876],[141.735583,40.016626],[141.73577,40.016651],[141.73627,40.016784],[141.736708,40.016767],[141.73762,40.016201],[141.738245,40.016084],[141.738658,40.016084],[141.738883,40.016151],[141.739183,40.016584],[141.738995,40.017034],[141.738795,40.018342],[141.738857,40.018859],[141.73897,40.019375],[141.739157,40.019892],[141.739195,40.020409],[141.73892,40.021067],[141.738695,40.0214],[141.73867,40.021833],[141.738757,40.0219],[141.738995,40.022258],[141.73927,40.022825],[141.739632,40.023158],[141.741007,40.023808],[141.74167,40.024058],[141.742132,40.024016],[141.742382,40.024058],[141.742707,40.024308],[141.743044,40.024983],[141.743319,40.025725],[141.743594,40.026333],[141.744119,40.027049],[141.744582,40.027391],[141.744944,40.027416],[141.745357,40.027483],[141.746094,40.027724],[141.74628,40.027884],[141.746429,40.027745],[141.746482,40.027866],[141.746482,40.027983],[141.746857,40.028858],[141.746944,40.028924],[141.747531,40.029024],[141.749494,40.028708],[141.749606,40.028799],[141.750194,40.029458],[141.751394,40.030183],[141.752656,40.030549],[141.753768,40.030666],[141.754468,40.031074],[141.755318,40.031682],[141.756256,40.031916],[141.756931,40.031824],[141.756956,40.031716],[141.757168,40.031624],[141.758106,40.031649],[141.758518,40.031608],[141.75878,40.031408],[141.75893,40.031158],[141.759018,40.030908],[141.758493,40.030024],[141.758668,40.029733],[141.758756,40.029533],[141.758768,40.029374],[141.758531,40.028516],[141.758568,40.02775],[141.758656,40.027391],[141.758656,40.026983],[141.758606,40.026808],[141.758631,40.02665],[141.759131,40.025992],[141.760131,40.025117],[141.760668,40.024783],[141.761193,40.02465],[141.761693,40.024742],[141.762155,40.024925],[141.762655,40.0249],[141.76348,40.024517],[141.76428,40.024167],[141.764518,40.024092],[141.764893,40.024209],[141.76513,40.024209],[141.76528,40.024167],[141.76548,40.023917],[141.765693,40.023742],[141.810614,40.014269],[141.810877,40.013977],[141.811564,40.013569],[141.811827,40.013302],[141.812002,40.013028],[141.812389,40.012736],[141.813202,40.013303],[141.814489,40.014169],[141.815014,40.014419],[141.815776,40.014936],[141.816276,40.015702],[141.817089,40.016027],[141.818201,40.016702],[141.819376,40.017519],[141.819813,40.017502],[141.820376,40.017436],[141.821076,40.017777],[141.821776,40.017894],[141.822663,40.017352],[141.823213,40.017644],[141.823888,40.017877],[141.824413,40.018261],[141.825063,40.018577],[141.825438,40.018944],[141.826725,40.019577],[141.826813,40.019511],[141.827313,40.018719],[141.827675,40.018252],[141.827813,40.018269],[141.828725,40.018569],[141.82925,40.018777],[141.830712,40.019119],[141.8326,40.019419],[141.83385,40.019853],[141.835287,40.020761],[141.835612,40.021144],[141.835749,40.021702],[141.835337,40.021794],[141.835399,40.021927],[141.835987,40.022677],[141.836099,40.023444],[141.835837,40.023694],[141.836187,40.02401],[141.836537,40.024194],[141.836587,40.024735],[141.836649,40.024894],[141.837174,40.025227],[141.837411,40.025477],[141.837961,40.025552],[141.838349,40.025977],[141.838524,40.026477],[141.838636,40.026969],[141.839011,40.027427],[141.839336,40.027943],[141.838574,40.028752],[141.838386,40.029068],[141.838886,40.02936],[141.839386,40.029952],[141.840111,40.030701],[141.840698,40.031351],[141.840986,40.031893],[141.841248,40.033318],[141.841311,40.034109],[141.841273,40.035284],[141.841255,40.035344],[141.841498,40.035734],[141.842023,40.036343],[141.842673,40.037251],[141.843348,40.037767],[141.843261,40.037834],[141.842611,40.038084],[141.842348,40.038151],[141.841223,40.038284],[141.840286,40.038659],[141.839461,40.039517],[141.839198,40.040075],[141.839336,40.04055],[141.839636,40.040917],[141.840486,40.041434],[141.840948,40.041842],[141.841561,40.0425],[141.842885,40.043342],[141.843523,40.043992],[141.843785,40.045508],[141.843923,40.045983],[141.844048,40.04605],[141.844773,40.046166],[141.84566,40.046666],[141.847385,40.047525],[141.847672,40.047775],[141.847735,40.048408],[141.848397,40.049899],[141.848922,40.050599],[141.849572,40.051033],[141.851209,40.051808],[141.851947,40.052933],[141.852759,40.053682],[141.854109,40.054632],[141.854984,40.055674],[141.855334,40.055582],[141.855396,40.055449],[141.855246,40.055382],[141.855396,40.055224],[141.855459,40.055209],[141.855509,40.055199],[141.856096,40.055224],[141.856159,40.055274],[141.856334,40.055074],[141.856246,40.054999],[141.855959,40.054982],[141.855746,40.054891],[141.855834,40.054599],[141.855959,40.054574],[141.856396,40.054774],[141.856659,40.054732],[141.856196,40.054391],[141.856221,40.054307],[141.856459,40.054124],[141.856959,40.054033],[141.857421,40.054016],[141.857696,40.053608],[141.858984,40.053141],[141.859484,40.053141],[141.859746,40.053349],[141.859958,40.053283],[141.860983,40.052808],[141.861008,40.052583],[141.861633,40.052341],[141.862071,40.052291],[141.863308,40.051466],[141.863871,40.051125],[141.864396,40.051375],[141.864771,40.051491],[141.864946,40.051516],[141.865208,40.051625],[141.865446,40.051675],[141.865971,40.051858],[141.866533,40.052375],[141.867533,40.052875],[141.868845,40.053266],[141.869195,40.052925],[141.869208,40.052208],[141.869083,40.052025],[141.868495,40.051591],[141.868295,40.051525],[141.868008,40.051116],[141.868145,40.050875],[141.868595,40.050783],[141.869295,40.05085],[141.869445,40.050808],[141.86982,40.050408],[141.869945,40.050225],[141.8701,40.049925],[141.870208,40.0495],[141.87057,40.048559],[141.87092,40.048359],[141.871358,40.048292],[141.871754,40.048312],[141.872995,40.048409],[141.87337,40.048659],[141.873957,40.048909],[141.87422,40.0488],[141.874457,40.0486],[141.874695,40.048642],[141.874895,40.048825],[141.875007,40.048825],[141.875395,40.048917],[141.875332,40.0491],[141.875707,40.049417],[141.875745,40.049375],[141.87572,40.0491],[141.876007,40.0491],[141.876132,40.048925],[141.87642,40.049134],[141.876682,40.04915],[141.87657,40.048909],[141.876007,40.048584],[141.87607,40.048517],[141.876657,40.048684],[141.876832,40.048684],[141.87692,40.048542],[141.877395,40.048575],[141.87737,40.048325],[141.877132,40.048209],[141.87687,40.048142],[141.876995,40.047825],[141.877082,40.047867],[141.877457,40.047692],[141.877757,40.0474],[141.87817,40.047534],[141.878282,40.047517],[141.87867,40.046976],[141.878557,40.046701],[141.87862,40.046409],[141.878532,40.046184],[141.878382,40.046051],[141.878357,40.045776],[141.878657,40.045642],[141.879007,40.045601],[141.879295,40.045759],[141.879482,40.045667],[141.879332,40.045442],[141.880007,40.045359],[141.87992,40.045017],[141.879695,40.044951],[141.879607,40.044976],[141.879307,40.044717],[141.87902,40.044226],[141.879232,40.044093],[141.879695,40.044134],[141.87987,40.044118],[141.880057,40.043909],[141.880595,40.043218],[141.881082,40.043601],[141.881345,40.043518],[141.881582,40.043109],[141.881332,40.042818],[141.880945,40.042584],[141.881007,40.042543],[141.881682,40.042726],[141.881857,40.042701],[141.881807,40.042251],[141.881775,40.042125],[141.881745,40.042026],[141.88157,40.041801],[141.881782,40.041643],[141.882457,40.041785],[141.882745,40.041601],[141.882782,40.041218],[141.881932,40.041301],[141.881607,40.041076],[141.881757,40.04081],[141.88232,40.040701],[141.88217,40.040543],[141.88232,40.040451],[141.882145,40.04011],[141.88212,40.039951],[141.88247,40.040043],[141.882557,40.039751],[141.88242,40.039568],[141.882707,40.039635],[141.88297,40.039435],[141.883023,40.039324],[141.883032,40.039193],[141.883032,40.039077],[141.883457,40.038902],[141.88322,40.038627],[141.883282,40.03851],[141.883195,40.038493],[141.883045,40.038352],[141.883345,40.038285],[141.88322,40.03806],[141.883082,40.037927],[141.882732,40.037718],[141.883257,40.037385],[141.883345,40.037427],[141.883845,40.03741],[141.883845,40.037293],[141.883582,40.036935],[141.884057,40.036869],[141.884207,40.03676],[141.884032,40.036419],[141.884157,40.036419],[141.884645,40.03676],[141.884882,40.036535],[141.885189,40.036431],[141.88527,40.036244],[141.885395,40.035952],[141.885532,40.035819],[141.885007,40.03561],[141.885022,40.035556],[141.885061,40.035482],[141.885182,40.035338],[141.88522,40.035135],[141.885132,40.034685],[141.885282,40.034436],[141.884995,40.034094],[141.885032,40.034011],[141.885257,40.034036],[141.885557,40.034302],[141.885645,40.034302],[141.885782,40.034194],[141.885707,40.034036],[141.885145,40.033536],[141.885295,40.033261],[141.885857,40.033136],[141.886682,40.033452],[141.886907,40.033294],[141.887207,40.032869],[141.887219,40.032419],[141.887369,40.031919],[141.887219,40.031444],[141.887494,40.031269],[141.888082,40.031203],[141.888519,40.031094],[141.888819,40.030778],[141.889082,40.030578],[141.889619,40.030286],[141.889969,40.030136],[141.890257,40.030469],[141.890432,40.030386],[141.890582,40.029844],[141.890444,40.029386],[141.890444,40.029278],[141.891007,40.028803],[141.891257,40.028695],[141.891507,40.028561],[141.891807,40.028403],[141.892007,40.028586],[141.892244,40.028728],[141.892444,40.02857],[141.892744,40.028186],[141.892987,40.027999],[141.893198,40.027861],[141.893332,40.027803],[141.893632,40.02772],[141.893782,40.027495],[141.894306,40.027136],[141.894306,40.027045],[141.894631,40.02682],[141.895194,40.026503],[141.895213,40.026222],[141.895231,40.026078],[141.895206,40.025803],[141.895406,40.025695],[141.895969,40.025853],[141.896444,40.025653],[141.896506,40.025345],[141.895919,40.024912],[141.896244,40.024778],[141.896269,40.02457],[141.896244,40.024462],[141.896656,40.024345],[141.897244,40.024129],[141.897631,40.023812],[141.898106,40.023929],[141.898456,40.02352],[141.898344,40.023229],[141.898081,40.023004],[141.897986,40.022834],[141.897799,40.022664],[141.897706,40.022545],[141.897681,40.022279],[141.897706,40.022173],[141.897644,40.021937],[141.898156,40.021312],[141.898481,40.020996],[141.898581,40.020337],[141.899019,40.019846],[141.899756,40.019737],[141.900231,40.019737],[141.900869,40.019337],[141.901344,40.018888],[141.901469,40.018504],[141.900744,40.018296],[141.900506,40.018188],[141.900156,40.017693],[141.900061,40.017297],[141.899994,40.017029],[141.899731,40.016554],[141.900119,40.01588],[141.900681,40.01518],[141.901331,40.014621],[141.902156,40.014263],[141.902269,40.014288],[141.902569,40.014738],[141.902744,40.014696],[141.902769,40.014563],[141.902831,40.014538],[141.902856,40.014655],[141.902819,40.015105],[141.903094,40.014905],[141.903419,40.014771],[141.903506,40.01448],[141.903656,40.014505],[141.903831,40.014388],[141.903869,40.013888],[141.903656,40.013438],[141.903581,40.013147],[141.903519,40.012738],[141.903581,40.012605],[141.904644,40.01148],[141.904969,40.011505],[141.905244,40.01058],[141.906481,40.009772],[141.906456,40.009705],[141.906568,40.009622],[141.907906,40.008855],[141.908393,40.009289],[141.908568,40.009497],[141.908781,40.00943],[141.909068,40.009772],[141.909006,40.009864],[141.909331,40.010247],[141.909268,40.01038],[141.909643,40.010764],[141.909881,40.010905],[141.910493,40.010522],[141.910793,40.010547],[141.911255,40.010822],[141.911518,40.010689],[141.91166,40.010583],[141.911755,40.010439],[141.911968,40.010197],[141.91218,40.010039],[141.91258,40.010314],[141.912721,40.010243],[141.912705,40.010089],[141.912268,40.009814],[141.91253,40.009456],[141.913268,40.008914],[141.914155,40.008672],[141.916005,40.008031],[141.91683,40.007989],[141.917593,40.007881],[141.917841,40.008005],[141.918068,40.008023],[141.918272,40.008053],[141.918655,40.008073],[141.919417,40.007831],[141.920417,40.007881],[141.92123,40.008181],[141.922117,40.007864],[141.92223,40.007714],[141.92303,40.007623],[141.924017,40.007698],[141.924317,40.007881],[141.924404,40.008106],[141.924842,40.008181],[141.925329,40.008564],[141.925417,40.008748],[141.925592,40.008973],[141.926154,40.009156],[141.926529,40.009364],[141.926904,40.009664],[141.927204,40.009614],[141.927092,40.009506],[141.927679,40.009256],[141.927854,40.009331],[141.928229,40.009739],[141.928929,40.009898],[141.928967,40.009514],[141.928679,40.009131],[141.928392,40.008498],[141.928917,40.008273],[141.929679,40.008006],[141.930404,40.009048],[141.931016,40.009823],[141.931541,40.010164],[141.931741,40.010373],[141.932179,40.010373],[141.932716,40.010306],[141.932916,40.010398],[141.933004,40.010381],[141.933154,40.010198],[141.933504,40.009998],[141.933779,40.009589],[141.933891,40.009523],[141.934104,40.009189],[141.934254,40.009231],[141.934391,40.009598],[141.934654,40.009781],[141.934953,40.009781],[141.935241,40.009689],[141.935953,40.008814],[141.936153,40.009314],[141.936453,40.009473],[141.936866,40.008756],[141.936541,40.00844],[141.936428,40.008256],[141.936603,40.008006],[141.936903,40.007448],[141.936853,40.006656],[141.937678,40.005865],[141.937841,40.004965],[141.937004,40.003515],[141.937066,40.003015],[141.937416,40.002957],[141.937879,40.003207],[141.938266,40.003232],[141.938266,40.003049],[141.938566,40.00294],[141.938791,40.002965],[141.939091,40.002799],[141.938978,40.00269],[141.939053,40.002449],[141.939278,40.002265],[141.939603,40.002049],[141.939878,40.001982],[141.940053,40.002024],[141.940291,40.00194],[141.940516,40.001557],[141.940607,40.001407],[141.940716,40.001215],[141.940841,40.000949],[141.940628,40.000657],[141.940553,40.000474],[141.940353,40.000224],[141.940003,40.000082],[141.939978,39.999924],[141.940103,39.999699],[141.939953,39.999524],[141.939679,39.999407],[141.939654,39.999224],[141.940103,39.999249],[141.940516,39.999074],[141.940841,39.998966],[141.941191,39.999007],[141.941516,39.998949],[141.941916,39.998699],[141.942016,39.998699],[141.942191,39.998882],[141.942566,39.998932],[141.942716,39.998774],[141.943066,39.998641],[141.943103,39.998416],[141.943353,39.998283],[141.943453,39.998149],[141.943753,39.998216],[141.943828,39.998033],[141.943853,39.997858],[141.944003,39.997516],[141.944191,39.997383],[141.944691,39.997299],[141.944716,39.997249],[141.944891,39.997233],[141.945066,39.997008],[141.945141,39.996941],[141.945366,39.996533],[141.945353,39.996149],[141.945363,39.996009],[141.945328,39.995766],[141.945278,39.995608],[141.945303,39.995275],[141.945416,39.994866],[141.945241,39.994641],[141.944941,39.994525],[141.944941,39.994416],[141.945166,39.994258],[141.945216,39.994199],[141.945316,39.994233],[141.945441,39.994191],[141.945441,39.993991],[141.945341,39.993983],[141.945528,39.993783],[141.945653,39.993808],[141.946053,39.993766],[141.946003,39.993566],[141.946278,39.993383],[141.946478,39.993525],[141.946653,39.993433],[141.947178,39.993391],[141.947228,39.993275],[141.947153,39.9931],[141.947341,39.9926],[141.947241,39.992375],[141.947266,39.992217],[141.947766,39.991792],[141.947953,39.991567],[141.947928,39.991475],[141.947978,39.99125],[141.948028,39.990783],[141.947853,39.990575],[141.947855,39.990469],[141.947903,39.99035],[141.948116,39.990034],[141.948066,39.989834],[141.948116,39.989767],[141.948516,39.989517],[141.948616,39.989292],[141.948891,39.989234],[141.949141,39.989325],[141.949065,39.989684],[141.949365,39.990042],[141.94959,39.99025],[141.94989,39.990275],[141.95024,39.990392],[141.950365,39.9903],[141.95064,39.989809],[141.950688,39.989732],[141.950753,39.98965],[141.950826,39.989517],[141.950803,39.988859],[141.950653,39.988634],[141.950728,39.9885],[141.950903,39.988592],[141.951028,39.988592],[141.951178,39.9885],[141.951215,39.988184],[141.95109,39.987692],[141.950965,39.987509],[141.951115,39.987234],[141.951328,39.986992],[141.951367,39.986914],[141.951503,39.986792],[141.951664,39.986757],[141.951788,39.986709],[141.951928,39.986701],[141.952428,39.986684],[141.952553,39.986817],[141.952528,39.986976],[141.952653,39.987092],[141.952778,39.987042],[141.952978,39.986826],[141.953678,39.987009],[141.953778,39.986892],[141.953703,39.986692],[141.953703,39.986492],[141.953665,39.986242],[141.953315,39.985967],[141.952815,39.985759],[141.952215,39.985192],[141.952015,39.985076],[141.951865,39.984968],[141.95189,39.984851],[141.952015,39.984809],[141.95244,39.984968],[141.952694,39.985117],[141.952875,39.985205],[141.953065,39.985293],[141.953315,39.985268],[141.953515,39.985293],[141.95379,39.985409],[141.95409,39.985368],[141.954415,39.985301],[141.954553,39.985184],[141.954703,39.984959],[141.955053,39.984718],[141.955153,39.984468],[141.955565,39.984018],[141.95599,39.983709],[141.95579,39.983409],[141.955763,39.983313],[141.955715,39.983209],[141.955565,39.983118],[141.95489,39.983026],[141.954615,39.983068],[141.95459,39.982934],[141.954915,39.982959],[141.955073,39.982953],[141.95519,39.982843],[141.955465,39.982826],[141.955715,39.982943],[141.956003,39.982718],[141.956003,39.982576],[141.955953,39.982285],[141.956003,39.98186],[141.955953,39.981743],[141.955703,39.98161],[141.955153,39.981443],[141.954828,39.981418],[141.954828,39.98126],[141.954903,39.981218],[141.955465,39.981151],[141.95564,39.98111],[141.955615,39.980976],[141.95549,39.980818],[141.955515,39.980751],[141.95554,39.980301],[141.95549,39.980251],[141.955165,39.980068],[141.95519,39.97991],[141.955453,39.979893],[141.955778,39.979943],[141.956028,39.979876],[141.956578,39.979835],[141.956852,39.979793],[141.957077,39.979543],[141.957127,39.979385],[141.957102,39.979185],[141.956653,39.97886],[141.95659,39.978777],[141.956585,39.978604],[141.95644,39.978368],[141.95559,39.97811],[141.95544,39.977952],[141.95514,39.977835],[141.95474,39.977635],[141.954565,39.977585],[141.95454,39.977293],[141.95444,39.976977],[141.954412,39.976871],[141.954378,39.976752],[141.954328,39.976568],[141.954453,39.976002],[141.954653,39.97576],[141.954678,39.97556],[141.95479,39.975494],[141.955065,39.975444],[141.95529,39.975494],[141.95544,39.975469],[141.95564,39.975244],[141.95544,39.975177],[141.955015,39.975152],[141.954815,39.97506],[141.954715,39.974944],[141.954615,39.974652],[141.954828,39.97391],[141.954853,39.973569],[141.954803,39.973077],[141.955065,39.972827],[141.95529,39.972877],[141.95554,39.972811],[141.955565,39.972561],[141.95549,39.972402],[141.95534,39.972336],[141.95509,39.972044],[141.954715,39.971836],[141.954215,39.971677],[141.95409,39.971427],[141.954078,39.971152],[141.954203,39.971019],[141.954253,39.970677],[141.954553,39.970461],[141.954728,39.970211],[141.95469,39.969919],[141.954515,39.969644],[141.954765,39.969469],[141.95489,39.969536],[141.95504,39.969694],[141.955315,39.969761],[141.95544,39.969769],[141.95564,39.969719],[141.955815,39.969586],[141.955865,39.969319],[141.95564,39.969003],[141.955478,39.968794],[141.955703,39.968778],[141.955853,39.968686],[141.955703,39.968436],[141.955737,39.968398],[141.955953,39.968394],[141.956228,39.968511],[141.956403,39.968528],[141.956503,39.968486],[141.956603,39.968169],[141.956553,39.967994],[141.956303,39.967786],[141.955553,39.967603],[141.955453,39.967461],[141.955565,39.967353],[141.955815,39.967219],[141.955715,39.967019],[141.955565,39.966853],[141.955576,39.966804],[141.95559,39.966744],[141.955565,39.966653],[141.95544,39.966586],[141.955315,39.966586],[141.95514,39.966444],[141.955353,39.965953],[141.95544,39.964578],[141.955415,39.964395],[141.95559,39.964128],[141.95559,39.963878],[141.955715,39.96352],[141.955765,39.963495],[141.95599,39.963545],[141.956528,39.963503],[141.956728,39.963412],[141.956803,39.963328],[141.956528,39.963095],[141.956178,39.963003],[141.955978,39.96287],[141.955753,39.962795],[141.955828,39.962053],[141.955865,39.960653],[141.955728,39.96007],[141.955653,39.95937],[141.95574,39.958645],[141.95589,39.958404],[141.956315,39.958179],[141.956365,39.957954],[141.956553,39.957862],[141.956603,39.957754],[141.956803,39.957687],[141.956953,39.957554],[141.957003,39.957595],[141.957028,39.957887],[141.957153,39.958004],[141.957301,39.958037],[141.957453,39.95807],[141.957678,39.958095],[141.958203,39.957962],[141.958278,39.95792],[141.958603,39.957837],[141.958703,39.957695],[141.958578,39.957604],[141.957428,39.95742],[141.957078,39.957279],[141.957103,39.957054],[141.958103,39.957221],[141.958615,39.957046],[141.958865,39.956912],[141.95904,39.956712],[141.959265,39.956621],[141.95929,39.956462],[141.95909,39.956437],[141.959015,39.956254],[141.95887,39.956189],[141.95879,39.956096],[141.958715,39.955937],[141.95854,39.955804],[141.95829,39.955712],[141.958115,39.955596],[141.958053,39.955437],[141.957603,39.955254],[141.957303,39.955229],[141.957153,39.955046],[141.957053,39.954596],[141.957128,39.954462],[141.957378,39.954371],[141.957603,39.954171],[141.957603,39.954104],[141.957765,39.953971],[141.95794,39.953971],[141.958115,39.953954],[141.958615,39.953704],[141.958915,39.953504],[141.959015,39.953463],[141.959215,39.953279],[141.959328,39.952946],[141.959378,39.952921],[141.959928,39.952996],[141.960653,39.952954],[141.960803,39.953046],[141.960953,39.953271],[141.961053,39.953321],[141.961178,39.953046],[141.961253,39.952779],[141.961852,39.953229],[141.962127,39.953304],[141.962427,39.953463],[141.962652,39.953529],[141.962852,39.953646],[141.963002,39.953696],[141.963152,39.953538],[141.963227,39.953154],[141.963027,39.953013],[141.962677,39.952921],[141.962502,39.952721],[141.962302,39.952579],[141.962202,39.952579],[141.962077,39.952671],[141.961952,39.952513],[141.961857,39.952416],[141.962177,39.952471],[141.96229,39.952338],[141.96274,39.952313],[141.962715,39.952138],[141.96274,39.952021],[141.96269,39.951955],[141.96234,39.952021],[141.962265,39.95193],[141.96214,39.951863],[141.962015,39.951971],[141.96184,39.951905],[141.961865,39.951855],[141.96184,39.951746],[141.961615,39.951721],[141.96124,39.951788],[141.96049,39.951713],[141.96029,39.951646],[141.96029,39.951488],[141.96049,39.951421],[141.96069,39.951288],[141.96099,39.951288],[141.96114,39.951246],[141.96109,39.951105],[141.960765,39.950788],[141.960565,39.950746],[141.96039,39.950738],[141.960165,39.950805],[141.95999,39.950763],[141.95989,39.950805],[141.95964,39.951005],[141.959615,39.951213],[141.959565,39.951296],[141.95889,39.951296],[141.95859,39.951113],[141.958315,39.950838],[141.95824,39.950638],[141.95829,39.950588],[141.958265,39.950388],[141.958165,39.950321],[141.958115,39.950321],[141.958053,39.94998],[141.958053,39.949646],[141.958153,39.949421],[141.958128,39.949371],[141.958303,39.949196],[141.958278,39.949171],[141.958378,39.949105],[141.958628,39.94888],[141.958578,39.948838],[141.958965,39.948521],[141.959015,39.948388],[141.95914,39.948338],[141.959215,39.948255],[141.959115,39.948046],[141.959215,39.947963],[141.95939,39.947822],[141.96034,39.947788],[141.960453,39.947722],[141.960478,39.94743],[141.960328,39.947197],[141.960303,39.946888],[141.960528,39.94673],[141.960703,39.94653],[141.96069,39.946347],[141.96074,39.94628],[141.960765,39.946122],[141.960804,39.946033],[141.960965,39.945963],[141.961415,39.946105],[141.96169,39.946105],[141.96179,39.946013],[141.961715,39.94588],[141.96154,39.94583],[141.96129,39.945855],[141.961048,39.945843],[141.960865,39.945805],[141.960838,39.945748],[141.96114,39.94563],[141.96104,39.945514],[141.960665,39.945397],[141.96064,39.945214],[141.96099,39.945222],[141.961023,39.945171],[141.961028,39.945039],[141.960678,39.944839],[141.960603,39.944747],[141.960378,39.944764],[141.960065,39.944947],[141.960115,39.944989],[141.95999,39.945122],[141.95989,39.945122],[141.959732,39.945236],[141.95959,39.94528],[141.959399,39.945299],[141.959265,39.945388],[141.95899,39.945388],[141.958868,39.945418],[141.95884,39.945472],[141.95904,39.945947],[141.958878,39.946013],[141.958528,39.946197],[141.958178,39.946172],[141.957878,39.946013],[141.957653,39.945763],[141.957515,39.945488],[141.95729,39.945422],[141.95719,39.945213],[141.95684,39.944988],[141.956691,39.94503],[141.956591,39.944963],[141.956591,39.944938],[141.956716,39.944872],[141.956856,39.944869],[141.95709,39.944805],[141.957015,39.944472],[141.95689,39.94433],[141.956742,39.944293],[141.956566,39.944197],[141.956391,39.94413],[141.956216,39.944197],[141.956116,39.944397],[141.955916,39.944397],[141.955841,39.94433],[141.955666,39.94428],[141.955341,39.944297],[141.955291,39.944438],[141.955366,39.944547],[141.955516,39.944663],[141.955516,39.944688],[141.955366,39.944755],[141.955291,39.944905],[141.955286,39.945053],[141.955236,39.945267],[141.955028,39.945563],[141.954878,39.94563],[141.954803,39.94563],[141.954628,39.94533],[141.954478,39.945355],[141.954403,39.945647],[141.953453,39.945663],[141.952928,39.945813],[141.952753,39.945797],[141.952628,39.945863],[141.952566,39.945947],[141.952391,39.946063],[141.952266,39.946221],[141.952066,39.946288],[141.951866,39.94633],[141.951716,39.946305],[141.951616,39.946096],[141.951491,39.946055],[141.951316,39.946146],[141.951241,39.946096],[141.951141,39.945963],[141.950966,39.94578],[141.950641,39.945713],[141.950566,39.945621],[141.950377,39.945602],[141.950141,39.945663],[141.949866,39.945705],[141.949399,39.945765],[141.948941,39.945921],[141.948666,39.945946],[141.948379,39.945868],[141.948041,39.945846],[141.947716,39.945805],[141.947466,39.945688],[141.947141,39.945638],[141.946766,39.945663],[141.946054,39.945771],[141.946004,39.945788],[141.945366,39.945355],[141.944592,39.944655],[141.944192,39.94438],[141.943354,39.943563],[141.943129,39.943313],[141.943108,39.943142],[141.943129,39.943088],[141.943154,39.942971],[141.943129,39.94288],[141.943129,39.942788],[141.943188,39.94266],[141.943379,39.942347],[141.943492,39.941872],[141.943442,39.94158],[141.943492,39.941397],[141.943417,39.940922],[141.943304,39.94083],[141.943304,39.94063],[141.943179,39.940447],[141.942979,39.940488],[141.942729,39.940397],[141.942404,39.940172],[141.942054,39.940097],[141.941829,39.939988],[141.940629,39.93953],[141.940029,39.939363],[141.939855,39.939247],[141.939805,39.93918],[141.939805,39.93898],[141.940242,39.938489],[141.940442,39.938464],[141.940567,39.938464],[141.940942,39.93838],[141.940992,39.93793],[141.941042,39.937789],[141.941117,39.937789],[141.941242,39.937747],[141.941479,39.937639],[141.941654,39.937505],[141.941729,39.93728],[141.941879,39.937305],[141.941954,39.93728],[141.942029,39.936872],[141.941929,39.936647],[141.942029,39.936472],[141.941992,39.936239],[141.941892,39.93613],[141.941942,39.935947],[141.941942,39.935522],[141.942042,39.935472],[141.942092,39.935297],[141.942017,39.935181],[141.941817,39.935072],[141.941629,39.934889],[141.941454,39.934772],[141.941479,39.934547],[141.941354,39.934431],[141.941079,39.934006],[141.940679,39.933822],[141.940579,39.933839],[141.940529,39.933931],[141.940404,39.933997],[141.940205,39.933956],[141.93998,39.933856],[141.939755,39.933856],[141.93958,39.933789],[141.939255,39.933831],[141.939005,39.933647],[141.938555,39.933147],[141.938192,39.932564],[141.938167,39.932422],[141.938367,39.931731],[141.938555,39.931389],[141.938905,39.931348],[141.939605,39.931106],[141.939705,39.931239],[141.94038,39.931023],[141.94048,39.931089],[141.940555,39.931289],[141.940679,39.931314],[141.940804,39.931314],[141.940979,39.931273],[141.941179,39.931114],[141.941754,39.931164],[141.941829,39.931123],[141.942004,39.931256],[141.942129,39.931239],[141.942279,39.931398],[141.942479,39.931264],[141.942574,39.931181],[141.942676,39.931042],[141.942667,39.930973],[141.942517,39.930814],[141.942492,39.930698],[141.942517,39.930539],[141.942617,39.930381],[141.942567,39.930198],[141.942667,39.929956],[141.94274,39.929909],[141.942942,39.929865],[141.942979,39.929756],[141.942754,39.92944],[141.942715,39.929338],[141.942754,39.929215],[141.942819,39.929135],[141.943079,39.929056],[141.943129,39.929006],[141.943004,39.928873],[141.942629,39.92874],[141.942429,39.928623],[141.942279,39.928256],[141.941804,39.928165],[141.941417,39.928048],[141.941204,39.928073],[141.941104,39.928206],[141.940954,39.928298],[141.940856,39.928269],[141.94078,39.928223],[141.940217,39.927323],[141.940117,39.92689],[141.940167,39.926715],[141.940505,39.926265],[141.94103,39.925773],[141.94118,39.925682],[141.941679,39.925748],[141.942079,39.925823],[141.942304,39.925782],[141.942479,39.925648],[141.942829,39.925673],[141.943129,39.925832],[141.943304,39.925832],[141.943442,39.925673],[141.943317,39.925265],[141.943267,39.925198],[141.94289,39.925141],[141.942667,39.924857],[141.942692,39.92474],[141.942592,39.924515],[141.942292,39.924249],[141.942279,39.92409],[141.942079,39.923882],[141.94143,39.923474],[141.94093,39.923357],[141.940505,39.922965],[141.94053,39.922724],[141.940767,39.92209],[141.940742,39.92189],[141.940617,39.92164],[141.940542,39.921299],[141.940355,39.920916],[141.93998,39.919782],[141.93998,39.919441],[141.940005,39.919199],[141.940392,39.918524],[141.940667,39.918183],[141.940792,39.917733],[141.940805,39.917241],[141.940905,39.916858],[141.941205,39.916475],[141.941592,39.916091],[141.941867,39.915928],[141.942167,39.915808],[141.943167,39.9157],[141.943357,39.915374],[141.943592,39.9155],[141.944554,39.915033],[141.944396,39.914734],[141.945004,39.914717],[141.945229,39.914567],[141.946804,39.913017],[141.946904,39.912884],[141.947879,39.913409],[141.947954,39.913384],[141.948129,39.913234],[141.948304,39.913234],[141.948554,39.9133],[141.948729,39.913284],[141.948829,39.913192],[141.948879,39.912834],[141.948667,39.912625],[141.948367,39.912575],[141.948179,39.9126],[141.947467,39.912117],[141.947217,39.91185],[141.947317,39.911734],[141.947317,39.911442],[141.947417,39.9114],[141.947617,39.911425],[141.947717,39.911375],[141.948054,39.911084],[141.948129,39.911017],[141.947504,39.910701],[141.948129,39.910342],[141.948679,39.909984],[141.949067,39.909609],[141.949504,39.908751],[141.949729,39.908459],[141.949679,39.908143],[141.949354,39.907576],[141.949292,39.907084],[141.949342,39.906651],[141.949679,39.905526],[141.949704,39.90496],[141.949967,39.904785],[141.950117,39.904468],[141.950192,39.904451],[141.950567,39.90391],[141.950619,39.903859],[141.950692,39.903777],[141.950804,39.903485],[141.950929,39.903368],[141.951029,39.903035],[141.951119,39.902875],[141.951204,39.902718],[141.951354,39.902543],[141.951592,39.90211],[141.951267,39.901544],[141.951367,39.901185],[141.951504,39.900919],[141.951479,39.900669],[141.951604,39.900352],[141.951779,39.90011],[141.951904,39.90006],[141.952029,39.89986],[141.952067,39.899744],[141.952116,39.899592],[141.952262,39.899509],[141.952342,39.899436],[141.952242,39.898986],[141.952242,39.898602],[141.952529,39.898219],[141.952779,39.897969],[141.952913,39.897831],[141.953004,39.897652],[141.953179,39.897411],[141.953317,39.897003],[141.953192,39.896711],[141.953029,39.895828],[141.953254,39.895244],[141.953329,39.895219],[141.953529,39.895086],[141.953704,39.894911],[141.953779,39.894861],[141.953917,39.894553],[141.954517,39.894261],[141.954567,39.894153],[141.954517,39.894061],[141.954692,39.89397],[141.954817,39.893703],[141.954754,39.893586],[141.954854,39.893428],[141.954779,39.893161],[141.954854,39.893003],[141.954754,39.892728],[141.954729,39.892345],[141.954942,39.89142],[141.955042,39.891178],[141.955604,39.890928],[141.955704,39.890753],[141.956054,39.890595],[141.956254,39.890462],[141.956479,39.890512],[141.956929,39.890287],[141.957167,39.890062],[141.957616,39.889995],[141.957716,39.89002],[141.957766,39.890045],[141.957891,39.89002],[141.957966,39.889929],[141.957916,39.889795],[141.958041,39.889595],[141.958016,39.889479],[141.958241,39.889079],[141.958254,39.888787],[141.958479,39.888604],[141.958601,39.888544],[141.958654,39.88847],[141.958679,39.888337],[141.959254,39.888096],[141.959354,39.887912],[141.959539,39.88771],[141.959682,39.887465],[141.960091,39.886904],[141.960316,39.886812],[141.960504,39.886587],[141.961004,39.886546],[141.961154,39.886387],[141.961154,39.886346],[141.961379,39.886237],[141.961629,39.886054],[141.961804,39.885854],[141.963716,39.885188],[141.964654,39.884879],[141.965104,39.884838],[141.965454,39.884846],[141.965804,39.884954],[141.966053,39.885004],[141.966278,39.884963],[141.966578,39.884963],[141.967278,39.884829],[141.967553,39.884813],[141.967853,39.884721],[141.968153,39.884771],[141.968328,39.884771],[141.968528,39.884929],[141.968703,39.885004],[141.968828,39.884888],[141.968953,39.884888],[141.969253,39.885096],[141.969278,39.885071],[141.969403,39.885213],[141.969353,39.885321],[141.969703,39.885479],[141.969728,39.885463],[141.969728,39.885279],[141.969828,39.885254],[141.969903,39.885371],[141.970153,39.885329],[141.970231,39.885213],[141.970441,39.885213],[141.970691,39.885155],[141.970891,39.884905],[141.971141,39.884721],[141.971428,39.883871],[141.971628,39.883196],[141.971703,39.88308],[141.971878,39.88288],[141.971941,39.882705],[141.971666,39.882563],[141.971316,39.882447],[141.971016,39.88218],[141.971016,39.882105],[141.971516,39.882088],[141.971791,39.882047],[141.971891,39.881863],[141.972016,39.881438],[141.972003,39.881397],[141.971828,39.881322],[141.971441,39.881322],[141.971166,39.881205],[141.971153,39.880872],[141.971353,39.880755],[141.971378,39.880488],[141.971353,39.88028],[141.971628,39.879988],[141.971841,39.879655],[141.972241,39.879655],[141.972816,39.879597],[141.973041,39.879255],[141.973016,39.879097],[141.973203,39.878805],[141.97327,39.878732],[141.973353,39.87863],[141.973495,39.878563],[141.973553,39.878472],[141.973503,39.878222],[141.973553,39.877705],[141.973341,39.877256],[141.973316,39.877006],[141.973241,39.876889],[141.973391,39.876556],[141.973454,39.876438],[141.973616,39.876356],[141.973941,39.876356],[141.974278,39.876106],[141.974478,39.875889],[141.974653,39.875797],[141.974753,39.875522],[141.974528,39.875189],[141.974303,39.875031],[141.973878,39.874864],[141.973916,39.874664],[141.974216,39.874373],[141.974216,39.874214],[141.974491,39.874014],[141.974691,39.873789],[141.974766,39.873789],[141.974973,39.873751],[141.975128,39.873706],[141.975828,39.873006],[141.976491,39.872498],[141.976691,39.872248],[141.976966,39.871415],[141.977078,39.870831],[141.977003,39.870556],[141.976553,39.87004],[141.976466,39.86954],[141.976366,39.86934],[141.976391,39.868707],[141.976216,39.868548],[141.976191,39.868432],[141.976478,39.868298],[141.976678,39.867757],[141.976768,39.867658],[141.976878,39.867532],[141.977003,39.86724],[141.977141,39.867065],[141.977166,39.866857],[141.977316,39.866682],[141.977766,39.866707],[141.977991,39.866599],[141.978091,39.866574],[141.978316,39.866282],[141.978378,39.865949],[141.978453,39.86574],[141.978303,39.865557],[141.978353,39.865483],[141.978453,39.865424],[141.978653,39.865291],[141.978728,39.865291],[141.978628,39.865515],[141.978753,39.86554],[141.978853,39.865432],[141.979028,39.864891],[141.979066,39.864599],[141.978741,39.864666],[141.978766,39.864416],[141.978716,39.864232],[141.978166,39.863824],[141.977866,39.863416],[141.977666,39.863324],[141.977516,39.863099],[141.977578,39.862874],[141.977528,39.862532],[141.977428,39.862266],[141.977128,39.862241],[141.977003,39.862191],[141.976928,39.861941],[141.976679,39.861916],[141.976304,39.861799],[141.975904,39.861799],[141.975804,39.861758],[141.975604,39.861191],[141.975841,39.861058],[141.975891,39.860849],[141.975791,39.860716],[141.975616,39.860649],[141.975566,39.860374],[141.975591,39.860333],[141.975966,39.860333],[141.976366,39.860383],[141.976841,39.860341],[141.976891,39.860299],[141.976841,39.860116],[141.975691,39.859949],[141.975466,39.859858],[141.975416,39.859791],[141.975179,39.859649],[141.974766,39.859608],[141.974729,39.859449],[141.974879,39.858858],[141.975079,39.858775],[141.975104,39.858641],[141.974754,39.858433],[141.974754,39.858383],[141.975029,39.8583],[141.975279,39.858483],[141.975654,39.858483],[141.976041,39.8584],[141.976541,39.858333],[141.976666,39.858133],[141.976643,39.858031],[141.976647,39.857951],[141.976691,39.857816],[141.976591,39.857766],[141.976041,39.8577],[141.975541,39.857558],[141.975491,39.857516],[141.975541,39.8572],[141.975766,39.8572],[141.976141,39.857091],[141.976279,39.856958],[141.975829,39.856816],[141.975854,39.856617],[141.976254,39.856525],[141.976554,39.856525],[141.976829,39.856617],[141.976954,39.856625],[141.977129,39.856533],[141.977429,39.856583],[141.977729,39.856492],[141.977804,39.8564],[141.977704,39.8562],[141.977691,39.856017],[141.977641,39.855992],[141.977379,39.855992],[141.977129,39.855925],[141.976829,39.856058],[141.976354,39.856075],[141.975929,39.85605],[141.975779,39.855917],[141.975779,39.85585],[141.975529,39.855575],[141.975429,39.85555],[141.975691,39.85515],[141.975791,39.854942],[141.975941,39.854717],[141.975841,39.854542],[141.975741,39.854467],[141.975841,39.854383],[141.976254,39.854225],[141.976491,39.854408],[141.976754,39.854383],[141.976941,39.854458],[141.977154,39.854408],[141.977554,39.854417],[141.977754,39.854284],[141.977879,39.854156],[141.978004,39.853942],[141.978039,39.853804],[141.978054,39.853584],[141.978063,39.853408],[141.978041,39.853225],[141.977891,39.853],[141.977791,39.852975],[141.977416,39.852925],[141.976741,39.852942],[141.976154,39.853167],[141.975954,39.853167],[141.975729,39.85305],[141.975479,39.852734],[141.975517,39.852417],[141.975642,39.852167],[141.975667,39.852009],[141.975442,39.851809],[141.975104,39.850992],[141.975029,39.850792],[141.974729,39.850401],[141.974679,39.849751],[141.974542,39.849051],[141.974567,39.848684],[141.974467,39.848442],[141.974454,39.848059],[141.974654,39.847426],[141.974642,39.846751],[141.974767,39.846393],[141.974917,39.846184],[141.975217,39.845918],[141.975492,39.845784],[141.975692,39.845968],[141.976017,39.845901],[141.976217,39.845809],[141.976254,39.845768],[141.976327,39.845729],[141.976454,39.845659],[141.976579,39.845593],[141.976529,39.845476],[141.976379,39.845385],[141.976342,39.845304],[141.976379,39.845185],[141.976654,39.84521],[141.976754,39.845076],[141.976776,39.844986],[141.976979,39.84496],[141.977029,39.84521],[141.977079,39.845235],[141.977304,39.84521],[141.977529,39.845235],[141.978104,39.845418],[141.978279,39.845351],[141.978454,39.84531],[141.978479,39.84511],[141.978279,39.844968],[141.978242,39.844835],[141.977992,39.844768],[141.977729,39.84481],[141.977379,39.844651],[141.977268,39.844521],[141.977161,39.844343],[141.977092,39.844218],[141.977068,39.844091],[141.977042,39.843968],[141.976967,39.84386],[141.976967,39.843743],[141.976917,39.843701],[141.976667,39.843693],[141.976342,39.84351],[141.976192,39.843176],[141.976104,39.842743],[141.976129,39.842477],[141.976479,39.842118],[141.976679,39.841985],[141.976904,39.841985],[141.977004,39.842052],[141.977204,39.842035],[141.977579,39.842102],[141.977729,39.841993],[141.977929,39.841943],[141.977992,39.84181],[141.977317,39.841493],[141.977323,39.841293],[141.97743,39.841269],[141.977517,39.841268],[141.977668,39.841243],[141.977792,39.841227],[141.978084,39.841217],[141.978292,39.841185],[141.978342,39.841185],[141.978442,39.841252],[141.978642,39.841302],[141.978717,39.841277],[141.978842,39.841185],[141.978717,39.840985],[141.978792,39.840918],[141.979015,39.840817],[141.979079,39.84076],[141.979104,39.840602],[141.978879,39.840485],[141.978804,39.840377],[141.978829,39.840327],[141.979079,39.84031],[141.979479,39.840335],[141.979904,39.840452],[141.980204,39.840427],[141.980554,39.840502],[141.980729,39.840477],[141.981054,39.840144],[141.981029,39.84001],[141.980929,39.839935],[141.98083,39.839829],[141.980717,39.839685],[141.980642,39.839527],[141.980642,39.839369],[141.980592,39.839352],[141.980367,39.839394],[141.980292,39.839194],[141.980367,39.839102],[141.980317,39.838985],[141.980042,39.83896],[141.979867,39.83876],[141.979742,39.838327],[141.979517,39.83821],[141.979342,39.83826],[141.979254,39.837811],[141.979379,39.837761],[141.980054,39.836936],[141.980017,39.836527],[141.979965,39.836348],[141.979842,39.836152],[141.979729,39.836002],[141.979417,39.835777],[141.979142,39.835627],[141.978854,39.835536],[141.978717,39.835219],[141.978742,39.835119],[141.978917,39.835011],[141.979079,39.834944],[141.979204,39.834561],[141.979229,39.833803],[141.979129,39.833119],[141.979167,39.832894],[141.979692,39.832545],[141.979804,39.832345],[141.979842,39.832086],[141.979679,39.83167],[141.979717,39.831378],[141.979842,39.831028],[141.980042,39.83092],[141.980392,39.830803],[141.980667,39.83022],[141.980667,39.830162],[141.980529,39.83007],[141.980439,39.830121],[141.980404,39.830187],[141.980129,39.830636],[141.979792,39.830686],[141.979355,39.830645],[141.979355,39.83087],[141.979442,39.831186],[141.97938,39.831495],[141.978817,39.83147],[141.97828,39.83162],[141.978105,39.831445],[141.978267,39.83082],[141.978242,39.83067],[141.97816,39.830638],[141.977892,39.830578],[141.977542,39.830961],[141.97733,39.83112],[141.97718,39.831195],[141.976842,39.831128],[141.976542,39.831003],[141.975892,39.830536],[141.975355,39.830003],[141.975105,39.82967],[141.975042,39.829395],[141.975105,39.829195],[141.975717,39.828337],[141.97578,39.82812],[141.97568,39.827845],[141.97553,39.827612],[141.975055,39.82712],[141.974905,39.827029],[141.97468,39.82702],[141.97408,39.82712],[141.974005,39.827087],[141.97413,39.826487],[141.97408,39.825937],[141.974118,39.825645],[141.974305,39.825079],[141.97428,39.824937],[141.97398,39.82482],[141.97363,39.824754],[141.971293,39.824595],[141.970293,39.824654],[141.969593,39.824754],[141.968081,39.824804],[141.967381,39.824495],[141.965943,39.823645],[141.965506,39.823195],[141.965144,39.822921],[141.964719,39.822304],[141.964506,39.822129],[141.962956,39.821271],[141.962481,39.821054],[141.962269,39.821012],[141.961856,39.821121],[141.961531,39.821362],[141.961069,39.821846],[141.960894,39.822187],[141.960744,39.822345],[141.960494,39.82252],[141.960107,39.822662],[141.958669,39.822745],[141.958444,39.822729],[141.957919,39.822612],[141.957507,39.822629],[141.957094,39.822745],[141.956607,39.822995],[141.956394,39.822929],[141.956119,39.822579],[141.955944,39.822404],[141.955644,39.821912],[141.955119,39.821937],[141.954682,39.821854],[141.953882,39.821612],[141.953445,39.821537],[141.952895,39.821562],[141.952257,39.821429],[141.951932,39.821412],[141.951432,39.821545],[141.95072,39.821429],[141.950445,39.82142],[141.94982,39.821229],[141.94947,39.82122],[141.949058,39.821354],[141.94882,39.821662],[141.948695,39.821829],[141.948208,39.822062],[141.94777,39.822154],[141.946895,39.821954],[141.94657,39.822045],[141.946395,39.822028],[141.94622,39.821754],[141.94617,39.821729],[141.94612,39.821737],[141.945933,39.821645],[141.944595,39.821495],[141.944183,39.821479],[141.943896,39.821379],[141.943658,39.821254],[141.943371,39.821154],[141.943083,39.821095],[141.942021,39.820987],[141.941296,39.820645],[141.940971,39.820479],[141.939771,39.819954],[141.939508,39.819787],[141.939434,39.81957],[141.939471,39.819479],[141.939809,39.819154],[141.939896,39.818945],[141.939871,39.818695],[141.939446,39.818004],[141.939421,39.817371],[141.939459,39.817146],[141.939246,39.816712],[141.939259,39.816471],[141.939446,39.815937],[141.939396,39.815779],[141.938696,39.814938],[141.938646,39.814646],[141.938621,39.813979],[141.938534,39.813738],[141.937984,39.813079],[141.937784,39.812471],[141.937722,39.812221],[141.937672,39.812063],[141.937547,39.811963],[141.936959,39.811721],[141.936397,39.811621],[141.935572,39.811213],[141.935272,39.811005],[141.934985,39.810713],[141.934835,39.810463],[141.93476,39.810205],[141.934747,39.80978],[141.93466,39.809563],[141.934522,39.809405],[141.934285,39.809305],[141.933497,39.809088],[141.933035,39.809038],[141.932647,39.809105],[141.932397,39.809247],[141.932047,39.809363],[141.93166,39.809371],[141.931147,39.809221],[141.930735,39.809138],[141.930347,39.80903],[141.929847,39.808955],[141.929447,39.80893],[141.928935,39.808988],[141.92851,39.808921],[141.928285,39.80883],[141.92801,39.808771],[141.927123,39.808938],[141.92661,39.80893],[141.926173,39.808796],[141.92571,39.808621],[141.925148,39.80853],[141.924323,39.80853],[141.923935,39.808496],[141.923585,39.808421],[141.92326,39.808246],[141.923023,39.808071],[141.922823,39.807788],[141.922485,39.807455],[141.922098,39.80733],[141.921448,39.807305],[141.921098,39.807438],[141.920898,39.80758],[141.920748,39.807605],[141.919973,39.807588],[141.919523,39.807863],[141.919311,39.807946],[141.918923,39.80798],[141.918623,39.808163],[141.918336,39.808538],[141.918173,39.808646],[141.917836,39.808705],[141.917323,39.808555],[141.916773,39.808246],[141.916498,39.808138],[141.916123,39.807921],[141.915823,39.807821],[141.915536,39.807655],[141.915273,39.807605],[141.914374,39.807646],[141.913836,39.80793],[141.913586,39.808238],[141.913049,39.808638],[141.912286,39.808963],[141.911886,39.809171],[141.911349,39.809546],[141.911149,39.809354],[141.910986,39.809046],[141.910886,39.808604],[141.910886,39.808371],[141.910699,39.808213],[141.909749,39.807805],[141.909636,39.807721],[141.909361,39.80723],[141.909324,39.80633],[141.909324,39.806205],[141.909599,39.805813],[141.909724,39.805505],[141.909849,39.804655],[141.909824,39.804272],[141.909711,39.803905],[141.909549,39.803555],[141.909399,39.802972],[141.909212,39.802589],[141.908812,39.80198],[141.908699,39.801464],[141.908712,39.801097],[141.908937,39.800514],[141.909287,39.799922],[141.909171,39.799923],[141.908874,39.799781],[141.908662,39.799639],[141.908287,39.799106],[141.908162,39.798581],[141.908062,39.798439],[141.907874,39.798381],[141.907599,39.798372],[141.907324,39.798289],[141.907012,39.798156],[141.906737,39.798131],[141.906624,39.798164],[141.906387,39.798322],[141.905974,39.798839],[141.905724,39.798981],[141.905574,39.798964],[141.905399,39.798847],[141.905199,39.798622],[141.905124,39.798439],[141.904987,39.798331],[141.904487,39.798064],[141.90435,39.797872],[141.9042,39.797389],[141.904075,39.797164],[141.903887,39.797072],[141.903662,39.797131],[141.903437,39.797339],[141.90335,39.797597],[141.90325,39.797714],[141.903012,39.797872],[141.902337,39.797981],[141.902087,39.798114],[141.901825,39.798381],[141.901375,39.798664],[141.900987,39.798772],[141.900762,39.798722],[141.900587,39.798547],[141.900287,39.798339],[141.900175,39.798147],[141.900012,39.797497],[141.899862,39.797139],[141.8997,39.796889],[141.899225,39.796556],[141.898775,39.796514],[141.898675,39.796397],[141.898388,39.796247],[141.8975,39.796206],[141.897238,39.796372],[141.896725,39.796322],[141.8961,39.796156],[141.895788,39.795906],[141.894913,39.795006],[141.8947,39.794906],[141.8944,39.794906],[141.893738,39.795064],[141.893076,39.795472],[141.892788,39.795522],[141.892388,39.795414],[141.891838,39.795131],[141.890926,39.794956],[141.890701,39.794831],[141.890463,39.794489],[141.890251,39.794289],[141.889751,39.793964],[141.889038,39.793114],[141.888938,39.792781],[141.888876,39.792231],[141.888789,39.791931],[141.888426,39.791414],[141.888339,39.791214],[141.888539,39.790456],[141.888489,39.790223],[141.888526,39.790031],[141.888589,39.789923],[141.888614,39.789714],[141.888589,39.789523],[141.888614,39.789298],[141.888776,39.789056],[141.888926,39.78894],[141.889176,39.788906],[141.889939,39.789256],[141.890226,39.78924],[141.890688,39.789256],[141.891226,39.789331],[141.892163,39.78969],[141.892801,39.789656],[141.892976,39.789623],[141.893938,39.789081],[141.894288,39.788931],[141.894738,39.788856],[141.894988,39.78894],[141.895426,39.788998],[141.896113,39.788973],[141.896538,39.789048],[141.896938,39.789223],[141.8974,39.789373],[141.8977,39.789323],[141.897875,39.789223],[141.89825,39.78919],[141.898688,39.78899],[141.898763,39.789007],[141.89915,39.788923],[141.899525,39.788757],[141.900238,39.788065],[141.90085,39.787873],[141.901288,39.787674],[141.901825,39.787215],[141.902187,39.787149],[141.902612,39.78694],[141.903125,39.786332],[141.903225,39.786132],[141.903187,39.785824],[141.903037,39.785607],[141.90295,39.785341],[141.903012,39.785107],[141.903137,39.784949],[141.903462,39.784649],[141.9042,39.784049],[141.904462,39.783782],[141.904862,39.783482],[141.905862,39.782899],[141.906125,39.782416],[141.906237,39.781749],[141.906112,39.780724],[141.906,39.780599],[141.905637,39.780408],[141.905462,39.780266],[141.905375,39.780141],[141.905337,39.779966],[141.905313,39.779241],[141.90525,39.779091],[141.904063,39.778308],[141.903813,39.778016],[141.903938,39.777633],[141.9042,39.777266],[141.904338,39.776908],[141.904388,39.776417],[141.90455,39.776158],[141.904838,39.775942],[141.905013,39.775667],[141.905038,39.774975],[141.904938,39.774308],[141.904838,39.773667],[141.904788,39.77355],[141.90485,39.772959],[141.904775,39.772675],[141.904813,39.7722],[141.904613,39.771875],[141.903925,39.771459],[141.902838,39.770684],[141.902213,39.770525],[141.900901,39.770425],[141.900226,39.770334],[141.899751,39.770392],[141.899501,39.770375],[141.899301,39.770275],[141.899126,39.770092],[141.898888,39.769625],[141.898838,39.769375],[141.898863,39.769225],[141.899351,39.768509],[141.899551,39.768417],[141.900226,39.768442],[141.900276,39.768376],[141.899913,39.767892],[141.899538,39.767059],[141.899313,39.766676],[141.899113,39.766542],[141.898314,39.766167],[141.898026,39.766059],[141.897751,39.765884],[141.897614,39.765667],[141.897514,39.765442],[141.897476,39.764959],[141.897514,39.764551],[141.897489,39.764318],[141.897414,39.764126],[141.897064,39.763726],[141.895689,39.763168],[141.895164,39.763026],[141.894939,39.762901],[141.894701,39.762368],[141.894139,39.761826],[141.893327,39.761334],[141.892889,39.760985],[141.892677,39.760726],[141.892639,39.760393],[141.892752,39.759651],[141.892614,39.759301],[141.892452,39.75916],[141.891477,39.758776],[141.890989,39.758585],[141.890752,39.758435],[141.890452,39.758301],[141.889914,39.758151],[141.889415,39.75806],[141.88924,39.757943],[141.889102,39.757718],[141.889027,39.757168],[141.889052,39.756243],[141.888927,39.755827],[141.888652,39.755577],[141.888115,39.755352],[141.88764,39.755268],[141.887415,39.755143],[141.887352,39.755043],[141.887302,39.754035],[141.887252,39.753827],[141.887002,39.753694],[141.886615,39.753694],[141.88634,39.753735],[141.885765,39.753735],[141.885477,39.753777],[141.884965,39.753752],[141.884165,39.753719],[141.88389,39.753577],[141.883665,39.753402],[141.88324,39.752927],[141.88314,39.75286],[141.883129,39.752848],[141.883115,39.752827],[141.882903,39.752744],[141.88274,39.75256],[141.882578,39.752494],[141.88224,39.752452],[141.88164,39.75236],[141.881415,39.752269],[141.881003,39.752002],[141.880515,39.751685],[141.880265,39.751577],[141.879878,39.751235],[141.879578,39.750744],[141.879528,39.750469],[141.879353,39.750177],[141.879278,39.750111],[141.879053,39.750044],[141.878866,39.750086],[141.878641,39.750086],[141.878291,39.750152],[141.878041,39.750086],[141.877491,39.749794],[141.877266,39.749777],[141.876578,39.750002],[141.876253,39.749977],[141.875403,39.749577],[141.874853,39.749436],[141.874266,39.749211],[141.873279,39.748786],[141.872704,39.748627],[141.871466,39.748469],[141.871352,39.748458],[141.871104,39.748452],[141.869254,39.748252],[141.868429,39.748252],[141.867692,39.748386],[141.867117,39.748636],[141.867004,39.748752],[141.866754,39.748844],[141.866679,39.748844],[141.865579,39.748594],[141.864942,39.748502],[141.862492,39.748327],[141.86123,39.748486],[141.860567,39.748444],[141.85768,39.748035],[141.85718,39.747885],[141.856193,39.747386],[141.855618,39.747252],[141.854655,39.746869],[141.854293,39.746802],[141.854155,39.746852],[141.85328,39.74701],[141.85278,39.746985],[141.852018,39.746877],[141.850943,39.746785],[141.850418,39.746852],[141.850281,39.746902],[141.849893,39.746944],[141.849706,39.746919],[141.849381,39.746694],[141.848581,39.746019],[141.848381,39.745661],[141.848381,39.745527],[141.848243,39.745252],[141.847993,39.745077],[141.847781,39.744802],[141.847806,39.744219],[141.848081,39.743386],[141.848106,39.742844],[141.848294,39.742511],[141.848431,39.742369],[141.848793,39.742211],[141.849343,39.742053],[141.849731,39.741986],[141.849943,39.741894],[141.850031,39.741653],[141.849968,39.741353],[141.849893,39.741219],[141.849643,39.740545],[141.849693,39.739803],[141.850106,39.739303],[141.850468,39.739036],[141.851618,39.738586],[141.851756,39.738378],[141.851731,39.738178],[141.851456,39.737978],[141.851181,39.737212],[141.850956,39.737053],[141.850269,39.737303],[141.849769,39.737395],[141.849306,39.737412],[141.848844,39.737303],[141.848569,39.737078],[141.848119,39.736353],[141.847906,39.736153],[141.847606,39.736045],[141.847156,39.73602],[141.846581,39.73577],[141.846369,39.73557],[141.845919,39.735637],[141.845457,39.735928],[141.844907,39.736228],[141.844244,39.736453],[141.843919,39.736612],[141.843507,39.737086],[141.843182,39.73722],[141.842844,39.737286],[141.842519,39.737445],[141.842182,39.738253],[141.842294,39.738845],[141.842019,39.739069],[141.841394,39.739161],[141.840644,39.739069],[141.840182,39.739069],[141.839519,39.739336],[141.839057,39.739253],[141.838645,39.739203],[141.83762,39.739428],[141.837407,39.739319],[141.837207,39.739069],[141.837207,39.738644],[141.83727,39.738353],[141.837182,39.738169],[141.836582,39.737994],[141.83597,39.73772],[141.835207,39.737111],[141.834983,39.73682],[141.834933,39.736661],[141.83492,39.736103],[141.83517,39.735786],[141.835558,39.73547],[141.835745,39.735086],[141.835533,39.734953],[141.835058,39.73477],[141.834758,39.734745],[141.83437,39.734861],[141.833933,39.734928],[141.833308,39.734795],[141.832033,39.73432],[141.830521,39.733895],[141.830221,39.733645],[141.829208,39.732637],[141.828246,39.731262],[141.827996,39.730837],[141.827796,39.730337],[141.827546,39.729487],[141.827134,39.729687],[141.826234,39.730253],[141.825771,39.730428],[141.825221,39.73052],[141.824259,39.730612],[141.823671,39.730728],[141.821446,39.731337],[141.820547,39.73147],[141.818622,39.73152],[141.818009,39.731453],[141.817497,39.731361],[141.817184,39.731203],[141.816559,39.730753],[141.815097,39.72947],[141.814872,39.729403],[141.814547,39.729362],[141.812672,39.729178],[141.812022,39.72907],[141.811747,39.728887],[141.811498,39.728437],[141.81136,39.728103],[141.810835,39.727562],[141.810423,39.727245],[141.809923,39.726928],[141.808085,39.726254],[141.807648,39.725962],[141.807285,39.725604],[141.806923,39.725337],[141.806411,39.72502],[141.805861,39.724904],[141.804811,39.724754],[141.804486,39.724637],[141.803986,39.724095],[141.803661,39.723854],[141.803111,39.723537],[141.802836,39.723329],[141.802611,39.72302],[141.802423,39.722637],[141.802386,39.722346],[141.802636,39.721487],[141.803136,39.720446],[141.803411,39.719704],[141.803374,39.719454],[141.803236,39.719188],[141.802249,39.717971],[141.802111,39.717879],[141.801811,39.717929],[141.801511,39.718104],[141.800961,39.718646],[141.800624,39.719146],[141.800249,39.719546],[141.799861,39.720021],[141.798874,39.721087],[141.797336,39.722187],[141.796899,39.722595],[141.795762,39.72397],[141.795487,39.724245],[141.795349,39.724262],[141.794912,39.724195],[141.794287,39.72402],[141.793599,39.723878],[141.792962,39.723928],[141.792549,39.724062],[141.791587,39.724537],[141.7906,39.724828],[141.7901,39.725103],[141.789662,39.725395],[141.78925,39.72612],[141.788837,39.726345],[141.788262,39.726545],[141.787112,39.727086],[141.786425,39.727719],[141.7859,39.727878],[141.785537,39.727836],[141.785163,39.727628],[141.784913,39.727544],[141.78455,39.727544],[141.783863,39.727453],[141.781275,39.726894],[141.781313,39.727253],[141.781225,39.727728],[141.781013,39.728111],[141.780125,39.729119],[141.779188,39.729894],[141.779,39.730161],[141.779275,39.730969],[141.779138,39.731219],[141.778588,39.731669],[141.777276,39.732327],[141.775976,39.733094],[141.775213,39.733727],[141.774763,39.734177],[141.774213,39.734627],[141.772351,39.735552],[141.772126,39.735685],[141.771663,39.735893],[141.771388,39.735935],[141.771164,39.735935],[141.770789,39.735826],[141.770239,39.735552],[141.769239,39.734993],[141.768689,39.73481],[141.766464,39.734452],[141.765889,39.734277],[141.765727,39.734252],[141.764602,39.734277],[141.763602,39.734168],[141.762977,39.73396],[141.761714,39.733735],[141.760752,39.733443],[141.75934,39.732768],[141.758352,39.73221],[141.757665,39.731868],[141.757115,39.731668],[141.756952,39.731643],[141.756677,39.731693],[141.75629,39.731943],[141.755415,39.732952],[141.75519,39.73336],[141.755115,39.733743],[141.754802,39.734401],[141.754428,39.734735],[141.754203,39.734851],[141.753265,39.735076],[141.752665,39.735143],[141.752165,39.73526],[141.75189,39.735435],[141.75154,39.73596],[141.75124,39.736251],[141.750553,39.736568],[141.750028,39.736726],[141.748491,39.736384],[141.748353,39.736368],[141.748216,39.736409],[141.747966,39.736951],[141.747441,39.737768],[141.747116,39.738101],[141.746803,39.738351],[141.746503,39.738551],[141.74644,39.73853],[141.746041,39.738876],[141.744153,39.739967],[141.743403,39.740251],[141.742604,39.740334],[141.741791,39.7405],[141.741404,39.740725],[141.741304,39.740859],[141.741166,39.7412],[141.741104,39.74155],[141.740779,39.742059],[141.739604,39.74285],[141.739091,39.7433],[141.738866,39.743675],[141.738741,39.744417],[141.738566,39.744933],[141.738316,39.745216],[141.737541,39.745608],[141.737316,39.745833],[141.737316,39.746],[141.737716,39.747516],[141.737829,39.748749],[141.737641,39.749924],[141.737479,39.750416],[141.737241,39.750624],[141.736241,39.751107],[141.735766,39.751507],[141.734992,39.750991],[141.734454,39.750707],[141.733529,39.750299],[141.732754,39.750057],[141.731254,39.749716],[141.73053,39.749474],[141.72948,39.749249],[141.72748,39.749174],[141.727092,39.749032],[141.72653,39.748607],[141.725917,39.748224],[141.72453,39.747832],[141.723805,39.747541],[141.723193,39.747032],[141.722968,39.746607],[141.722643,39.745458],[141.722493,39.745299],[141.72213,39.745241],[141.721031,39.745299],[141.720481,39.745382],[141.720031,39.745632],[141.718818,39.746507],[141.717981,39.746907],[141.717556,39.747057],[141.717306,39.747291],[141.717018,39.74764],[141.716531,39.748007],[141.716318,39.748124],[141.715131,39.74934],[141.714731,39.74999],[141.714469,39.750148],[141.713944,39.750198],[141.713131,39.750132],[141.712206,39.749998],[141.711494,39.74994],[141.711044,39.75004],[141.710332,39.750373],[141.709832,39.750823],[141.709544,39.751307],[141.709207,39.751506],[141.708582,39.75179],[141.707957,39.752123],[141.707507,39.752481],[141.707319,39.752823],[141.707294,39.752956],[141.707032,39.75324],[141.706857,39.753356],[141.706607,39.753415],[141.705932,39.753398],[141.705407,39.753464],[141.705182,39.753456],[141.704632,39.753498],[141.704207,39.753598],[141.70397,39.753598],[141.703032,39.753348],[141.702732,39.753348],[141.70137,39.753531],[141.701045,39.753506],[141.70077,39.753373],[141.70012,39.752923],[141.700107,39.752823],[141.699795,39.752573],[141.698945,39.752589],[141.698433,39.752539],[141.698033,39.752414],[141.697545,39.752123],[141.696533,39.751373],[141.69517,39.75019],[141.694845,39.749781],[141.694383,39.749465],[141.69412,39.749331],[141.692995,39.748615],[141.692083,39.748273],[141.691308,39.74779],[141.690321,39.747532],[141.689871,39.74729],[141.689571,39.746882],[141.689346,39.74649],[141.688183,39.74474],[141.687883,39.743949],[141.687696,39.743665],[141.687321,39.743507],[141.685671,39.743099],[141.684896,39.742949],[141.684134,39.742882],[141.683259,39.742849],[141.683109,39.742807],[141.682784,39.742232],[141.682559,39.742182],[141.681421,39.742174],[141.681146,39.742207],[141.680897,39.742274],[141.680384,39.74249],[141.680034,39.742715],[141.679822,39.74299],[141.679522,39.743165],[141.678909,39.743332],[141.678622,39.743623],[141.678284,39.743782],[141.677884,39.743882],[141.676947,39.744257],[141.676559,39.744348],[141.675384,39.744457],[141.674984,39.744523],[141.674547,39.744873],[141.673947,39.745481],[141.67356,39.74594],[141.673385,39.746248],[141.672185,39.747598],[141.671135,39.748598],[141.669735,39.750339],[141.669597,39.750439],[141.669222,39.750422],[141.668898,39.750456],[141.668348,39.750581],[141.667798,39.750747],[141.667148,39.750872],[141.666285,39.750947],[141.665135,39.751522],[141.663761,39.75203],[141.663161,39.751889],[141.662798,39.75183],[141.661436,39.751939],[141.660848,39.752064],[141.660673,39.752255],[141.660411,39.752713],[141.660186,39.752822],[141.660186,39.752872],[141.660073,39.75288],[141.659499,39.753105],[141.658586,39.753513],[141.657711,39.753988],[141.657111,39.754396],[141.656886,39.754605],[141.656499,39.755088],[141.656236,39.755288],[141.655699,39.755396],[141.654924,39.755346],[141.654474,39.755263],[141.652687,39.754955],[141.651887,39.754805],[141.650437,39.754688],[141.649924,39.75473],[141.649437,39.754696],[141.648925,39.754538],[141.648587,39.754571],[141.64815,39.754779],[141.647012,39.755221],[141.646387,39.755546],[141.645975,39.755829],[141.645812,39.756054],[141.645725,39.756121],[141.64555,39.756096],[141.644012,39.755629],[141.643238,39.755254],[141.643213,39.755213],[141.642813,39.754996],[141.642238,39.754754],[141.641763,39.754738],[141.6403,39.754804],[141.637488,39.755121],[141.635413,39.755462],[141.634801,39.755479],[141.634601,39.755537],[141.634326,39.755479],[141.633876,39.755487],[141.632676,39.755621],[141.631476,39.755546],[141.629839,39.755354],[141.627927,39.755271],[141.627264,39.755196],[141.626689,39.755071],[141.626452,39.754846],[141.626327,39.754412],[141.626302,39.754021],[141.626139,39.753762],[141.625902,39.753271],[141.625902,39.752921],[141.625939,39.752821],[141.626239,39.751771],[141.626339,39.751263],[141.626439,39.750238],[141.626352,39.74863],[141.626202,39.748038],[141.62604,39.74753],[141.62579,39.746305],[141.625665,39.745913],[141.625615,39.745347],[141.62539,39.744747],[141.625002,39.744397],[141.624577,39.74408],[141.624477,39.743947],[141.624252,39.743247],[141.623615,39.740947],[141.623577,39.740497],[141.623602,39.740122],[141.623965,39.739322],[141.624015,39.738864],[141.62394,39.738356],[141.623678,39.737689],[141.62309,39.736689],[141.62244,39.735156],[141.622165,39.734673],[141.621865,39.73424],[141.621515,39.734015],[141.62145,39.734002],[141.621428,39.734031],[141.621153,39.733915],[141.620903,39.733873],[141.620553,39.733898],[141.620053,39.734073],[141.619291,39.734465],[141.618791,39.734548],[141.618241,39.734573],[141.617478,39.734506],[141.616566,39.734373],[141.615966,39.734214],[141.615441,39.733923],[141.614853,39.733473],[141.613204,39.731856],[141.612716,39.731423],[141.612166,39.731131],[141.611279,39.730906],[141.610266,39.730373],[141.609929,39.730256],[141.608342,39.729873],[141.607729,39.729856],[141.607267,39.730015],[141.607104,39.730031],[141.606804,39.729856],[141.606442,39.72954],[141.606517,39.729198],[141.606767,39.72884],[141.607104,39.728523],[141.608192,39.727807],[141.608417,39.727465],[141.608442,39.726815],[141.608329,39.72614],[141.608029,39.725057],[141.608029,39.724765],[141.607592,39.723974],[141.607367,39.723407],[141.607179,39.722666],[141.607304,39.721766],[141.607504,39.721249],[141.607667,39.720574],[141.607529,39.720282],[141.607142,39.719849],[141.606755,39.719558],[141.605817,39.718566],[141.60543,39.718033],[141.604967,39.717016],[141.604805,39.716924],[141.604642,39.716899],[141.603842,39.716591],[141.603455,39.716208],[141.60323,39.715733],[141.603067,39.715241],[141.603042,39.714766],[141.603118,39.714333],[141.60353,39.713391],[141.603992,39.7128],[141.604267,39.712375],[141.604405,39.712058],[141.604468,39.711658],[141.603718,39.710642],[141.602643,39.709625],[141.602155,39.709267],[141.60168,39.709067],[141.601105,39.708884],[141.599655,39.708775],[141.598306,39.708909],[141.597156,39.70945],[141.596431,39.709858],[141.595881,39.710042],[141.595118,39.710175],[141.594318,39.710467],[141.593718,39.71065],[141.593106,39.710675],[141.592456,39.71065],[141.590856,39.710491],[141.589019,39.710183],[141.588406,39.710158],[141.587694,39.710291],[141.585856,39.7105],[141.585169,39.710408],[141.584507,39.710233],[141.582969,39.709716],[141.582282,39.709558],[141.581732,39.709533],[141.581044,39.709625],[141.580682,39.709916],[141.579969,39.710975],[141.579732,39.711541],[141.579457,39.713049],[141.579207,39.713549],[141.578882,39.713974],[141.578494,39.714316],[141.578294,39.714582],[141.578132,39.714674],[141.577944,39.714716],[141.577532,39.714649],[141.576844,39.714474],[141.575994,39.714182],[141.575445,39.714024],[141.575007,39.714091],[141.574557,39.714274],[141.57442,39.714366],[141.573932,39.715266],[141.573332,39.715874],[141.572745,39.716282],[141.57212,39.71659],[141.571507,39.716749],[141.57077,39.716999],[141.570145,39.71759],[141.569532,39.718265],[141.569345,39.718398],[141.56852,39.718782],[141.567508,39.719057],[141.566783,39.71919],[141.566233,39.719215],[141.56552,39.719123],[141.564833,39.718923],[141.564233,39.718632],[141.563458,39.718132],[141.563245,39.717907],[141.562995,39.717548],[141.562908,39.71694],[141.562908,39.716373],[141.562996,39.715907],[141.563133,39.715432],[141.563133,39.715024],[141.562958,39.714624],[141.562133,39.713565],[141.561671,39.713157],[141.561171,39.712907],[141.560521,39.712732],[141.559583,39.712574],[141.558734,39.711832],[141.558121,39.711715],[141.557409,39.71149],[141.556996,39.711107],[141.556534,39.710299],[141.555696,39.708449],[141.555484,39.708182],[141.555121,39.707999],[141.554709,39.707666],[141.553909,39.706716],[141.552597,39.705124],[141.551822,39.704558],[141.551222,39.704266],[141.550472,39.704108],[141.549684,39.704016],[141.54696,39.704107],[141.545197,39.704091],[141.543135,39.704116],[141.54091,39.704049],[141.539398,39.703957],[141.537886,39.703824],[141.537098,39.704007],[141.534424,39.704999],[141.533411,39.705207],[141.533299,39.705207],[141.533224,39.704732],[141.533086,39.70444],[141.532861,39.704099],[141.532536,39.703874],[141.532061,39.703674],[141.531399,39.703474],[141.529286,39.703249],[141.528549,39.70309],[141.527249,39.702665],[141.526487,39.702665],[141.524862,39.702932],[141.523212,39.703324],[141.522524,39.703457],[141.521512,39.703882],[141.520762,39.704023],[141.519887,39.70404],[141.5192,39.704132],[141.51785,39.704473],[141.517025,39.70454],[141.51585,39.704565],[141.51505,39.704473],[141.513288,39.704182],[141.51255,39.704098],[141.512,39.70414],[141.510713,39.704573],[141.509938,39.704681],[141.508238,39.704706],[141.506338,39.70484],[141.504501,39.704848],[141.503676,39.705006],[141.502439,39.705323],[141.500564,39.705681],[141.499601,39.705931],[141.497552,39.706564],[141.497052,39.706681],[141.496477,39.706631],[141.496461,39.706653],[141.496364,39.706731],[141.495589,39.706523],[141.494764,39.706073],[141.494589,39.705923],[141.494439,39.705714],[141.494027,39.705423],[141.493702,39.705264],[141.493477,39.705106],[141.49294,39.704948],[141.49194,39.704731],[141.491152,39.704664],[141.490615,39.704573],[141.489152,39.704031],[141.488465,39.703714],[141.48714,39.703064],[141.487115,39.703023],[141.487115,39.702656],[141.48684,39.700681],[141.486665,39.700073],[141.486365,39.699465],[141.486165,39.698948],[141.48599,39.698632],[141.485716,39.69834],[141.485341,39.698065],[141.485191,39.697998],[141.483516,39.697707],[141.482541,39.697348],[141.482366,39.697257],[141.481891,39.69719],[141.481253,39.696965],[141.480666,39.696815],[141.479866,39.696382],[141.479429,39.696048],[141.479066,39.69564],[141.479016,39.695615],[141.478391,39.694357],[141.478029,39.693799],[141.477479,39.693165],[141.476741,39.692515],[141.475942,39.691749],[141.473767,39.690082],[141.473442,39.689791],[141.472992,39.689499],[141.472342,39.689274],[141.472079,39.689099],[141.471317,39.688424],[141.470555,39.687591],[141.470467,39.687541],[141.469955,39.687091],[141.46958,39.686641],[141.469367,39.686033],[141.469492,39.685658],[141.469742,39.68475],[141.469655,39.684058],[141.468942,39.682208],[141.46868,39.68185],[141.468443,39.681267],[141.468443,39.681133],[141.468293,39.680883],[141.468005,39.6807],[141.467505,39.680617],[141.466068,39.680567],[141.465293,39.680592],[141.46318,39.680867],[141.461243,39.681066],[141.460681,39.681208],[141.459893,39.681341],[141.459331,39.681383],[141.458831,39.681383],[141.458156,39.681208],[141.456918,39.6804],[141.455894,39.6799],[141.454856,39.679592],[141.454806,39.679592],[141.454806,39.679608],[141.454244,39.67945],[141.453681,39.679367],[141.452681,39.679317],[141.452044,39.67925],[141.451456,39.67925],[141.450894,39.6793],[141.450244,39.679433],[141.449657,39.679641],[141.448369,39.67995],[141.447744,39.680025],[141.447194,39.679908],[141.446482,39.679591],[141.445957,39.679391],[141.445395,39.679258],[141.444695,39.679166],[141.44402,39.679191],[141.44307,39.679308],[141.441757,39.679333],[141.44122,39.679241],[141.439933,39.678791],[141.43922,39.678633],[141.438458,39.678316],[141.437933,39.678141],[141.437545,39.677933],[141.436745,39.677375],[141.436333,39.676992],[141.43592,39.676767],[141.435546,39.676633],[141.435396,39.676608],[141.434871,39.676658],[141.432896,39.676925],[141.432458,39.676925],[141.431958,39.676975],[141.430171,39.676816],[141.428896,39.676708],[141.427459,39.676733],[141.426784,39.676775],[141.425959,39.677025],[141.424884,39.677883],[141.423559,39.678691],[141.423059,39.679008],[141.422584,39.679258],[141.422384,39.679433],[141.422296,39.680041],[141.422334,39.680941],[141.422209,39.682366],[141.422096,39.682791],[141.421571,39.683957],[141.421334,39.684682],[141.421159,39.684999],[141.420434,39.685874],[141.420021,39.686232],[141.419759,39.68639],[141.419134,39.686574],[141.418734,39.686665],[141.418109,39.686707],[141.417646,39.686707],[141.417234,39.686665],[141.416647,39.686707],[141.415934,39.686823],[141.415322,39.687007],[141.414847,39.687232],[141.414347,39.687565],[141.413947,39.688198],[141.413672,39.68874],[141.413497,39.689098],[141.413359,39.689281],[141.413184,39.689365],[141.412972,39.689523],[141.412559,39.689615],[141.412147,39.689931],[141.411472,39.690606],[141.411184,39.690831],[141.410797,39.691015],[141.410397,39.691123],[141.409897,39.691198],[141.408634,39.691756],[141.408572,39.691781],[141.408484,39.691889],[141.408359,39.692298],[141.408197,39.693381],[141.408197,39.693989],[141.408609,39.695472],[141.408734,39.696705],[141.408734,39.697972],[141.408822,39.699072],[141.408822,39.699613],[141.408647,39.700238],[141.408622,39.701138],[141.408647,39.701546],[141.408884,39.702446],[141.409034,39.702788],[141.409009,39.703055],[141.408247,39.702805],[141.407597,39.702696],[141.406984,39.702671],[141.406247,39.702696],[141.405309,39.702971],[141.404659,39.703171],[141.403572,39.703688],[141.402284,39.704363],[141.39946,39.706029],[141.399372,39.706029],[141.399022,39.706121],[141.398522,39.706304],[141.39791,39.706571],[141.396847,39.707112],[141.395935,39.707704],[141.395735,39.707904],[141.395435,39.708379],[141.39526,39.708846],[141.395085,39.709745],[141.395035,39.711212],[141.39501,39.711637],[141.395072,39.712453],[141.39501,39.713145],[141.395035,39.713212],[141.39516,39.713237],[141.395422,39.713395],[141.395622,39.71362],[141.395685,39.71477],[141.39581,39.715078],[141.395835,39.715328],[141.39566,39.716053],[141.39566,39.716228],[141.395897,39.716745],[141.396697,39.717403],[141.396759,39.717486],[141.398309,39.718886],[141.398722,39.719178],[141.399459,39.719603],[141.399522,39.719803],[141.399459,39.719986],[141.399259,39.720319],[141.398472,39.721152],[141.398172,39.721561],[141.397559,39.722644],[141.397409,39.722977],[141.397322,39.723319],[141.397359,39.72406],[141.397622,39.725385],[141.397659,39.725727],[141.397597,39.725927],[141.397484,39.72611],[141.396834,39.72676],[141.395834,39.728201],[141.395247,39.728785],[141.394897,39.729076],[141.394747,39.729418],[141.394809,39.729551],[141.395047,39.729801],[141.395222,39.730118],[141.395109,39.730634],[141.395047,39.730743],[141.395084,39.731018],[141.395434,39.731443],[141.395697,39.731851],[141.395872,39.732593],[141.396321,39.733784],[141.396471,39.734659],[141.396496,39.735067],[141.396621,39.735242],[141.397621,39.735676],[141.398034,39.735942],[141.398621,39.736617],[141.399121,39.736776],[141.399534,39.736817],[141.400033,39.736792],[141.400321,39.736726],[141.400733,39.736567],[141.400821,39.736567],[141.400971,39.736709],[141.401058,39.737467],[141.401158,39.73835],[141.401208,39.7388],[141.401396,39.73965],[141.401596,39.740933],[141.401721,39.74215],[141.401696,39.742492],[141.401608,39.742758],[141.401458,39.743025],[141.400958,39.743525],[141.400308,39.743975],[141.399821,39.744491],[141.398671,39.745683],[141.398346,39.746183],[141.398083,39.746499],[141.397883,39.746808],[141.397471,39.747308],[141.397408,39.747483],[141.397446,39.747558],[141.397758,39.747783],[141.397971,39.748049],[141.398646,39.748724],[141.399383,39.749216],[141.400383,39.749874],[141.40097,39.750324],[141.401708,39.750924],[141.402183,39.751291],[141.402745,39.751824],[141.40292,39.752099],[141.40322,39.752707],[141.403295,39.752815],[141.40327,39.752874],[141.403383,39.75334],[141.40352,39.753665],[141.403807,39.75409],[141.404582,39.75499],[141.405382,39.755498],[141.406457,39.75599],[141.406907,39.756182],[141.40757,39.75669],[141.407607,39.756752],[141.407657,39.756773],[141.408494,39.75834],[141.408694,39.75879],[141.409007,39.759173],[141.409357,39.759473],[141.409732,39.759665],[141.410194,39.759756],[141.410769,39.759798],[141.411419,39.759773],[141.414144,39.75919],[141.414244,39.759123],[141.416344,39.758682],[141.416981,39.758373],[141.417306,39.75804],[141.418081,39.757332],[141.418569,39.757057],[141.419031,39.756974],[141.419431,39.757032],[141.419994,39.757199],[141.420419,39.757249],[141.420531,39.757232],[141.420881,39.757065],[141.421618,39.756582],[141.421968,39.75624],[141.422206,39.75619],[141.422668,39.756315],[141.423418,39.756615],[141.424656,39.757257],[141.425093,39.75759],[141.425281,39.757649],[141.425843,39.757474],[141.426805,39.757424],[141.427343,39.75749],[141.427755,39.75749],[141.428893,39.75739],[141.429993,39.757341],[141.43058,39.757374],[141.431205,39.757449],[141.432118,39.757774],[141.432917,39.757866],[141.433355,39.757957],[141.43388,39.757999],[141.43433,39.758141],[141.43478,39.758332],[141.435492,39.758774],[141.43593,39.758865],[141.43658,39.758915],[141.437117,39.759016],[141.438042,39.759424],[141.438567,39.759682],[141.439379,39.760207],[141.441142,39.761174],[141.441492,39.761449],[141.441829,39.761824],[141.442154,39.76209],[141.442429,39.762407],[141.443129,39.762999],[141.443579,39.763299],[141.444379,39.763749],[141.444691,39.76404],[141.445004,39.764423],[141.445666,39.764798],[141.447378,39.765223],[141.448528,39.765473],[141.449541,39.76554],[141.450291,39.765723],[141.450641,39.765857],[141.451303,39.766198],[141.451828,39.766582],[141.45204,39.76664],[141.45249,39.766582],[141.453265,39.766682],[141.45414,39.766607],[141.45459,39.766473],[141.455778,39.766357],[141.457127,39.766573],[141.45739,39.766573],[141.457852,39.766665],[141.45829,39.76679],[141.459265,39.766957],[141.459577,39.766973],[141.460402,39.766673],[141.461565,39.766157],[141.462752,39.765765],[141.463764,39.765357],[141.464902,39.764774],[141.465602,39.76449],[141.467352,39.763991],[141.467802,39.763799],[141.467952,39.763582],[141.468177,39.763532],[141.468952,39.763932],[141.469527,39.764191],[141.469914,39.764466],[141.470276,39.764607],[141.471126,39.764649],[141.471564,39.764582],[141.471864,39.764591],[141.472314,39.764674],[141.472589,39.764799],[141.473189,39.764882],[141.474064,39.764932],[141.474376,39.765016],[141.474651,39.765307],[141.474864,39.765749],[141.475164,39.766465],[141.475463,39.766882],[141.475701,39.767374],[141.476463,39.768373],[141.476776,39.768698],[141.477351,39.769173],[141.477438,39.769207],[141.477538,39.769482],[141.477501,39.770865],[141.477638,39.771323],[141.477976,39.772031],[141.478038,39.772548],[141.477925,39.773431],[141.477675,39.774506],[141.477638,39.774989],[141.477725,39.775431],[141.477863,39.775614],[141.478275,39.775873],[141.4783,39.775864],[141.478675,39.776006],[141.4796,39.776089],[141.479825,39.776156],[141.48015,39.776214],[141.4806,39.776439],[141.481113,39.776473],[141.481763,39.776698],[141.48215,39.776681],[141.483,39.776606],[141.483712,39.776673],[141.484112,39.776773],[141.484425,39.776881],[141.48515,39.777381],[141.485437,39.777639],[141.485912,39.778272],[141.4862,39.778956],[141.486337,39.779789],[141.486487,39.780256],[141.486924,39.780781],[141.486962,39.780806],[141.487812,39.782005],[141.487974,39.782405],[141.487999,39.782822],[141.487899,39.783297],[141.487537,39.783964],[141.487474,39.784255],[141.487562,39.78448],[141.487949,39.784797],[141.488299,39.785022],[141.488437,39.785188],[141.488474,39.785513],[141.488336,39.786047],[141.488824,39.786922],[141.489086,39.788113],[141.489036,39.789355],[141.489124,39.79003],[141.489374,39.790646],[141.489561,39.790971],[141.489674,39.791104],[141.489849,39.791188],[141.490286,39.791504],[141.490936,39.791863],[141.491286,39.791929],[141.491499,39.791946],[141.492448,39.792179],[141.493323,39.792521],[141.494161,39.792829],[141.494461,39.792963],[141.494798,39.793263],[141.495011,39.793396],[141.495236,39.793479],[141.495823,39.793504],[141.496361,39.793421],[141.496523,39.793321],[141.496723,39.793246],[141.497023,39.793221],[141.497273,39.793279],[141.497873,39.793588],[141.499148,39.794029],[141.499335,39.794221],[141.499473,39.794588],[141.499648,39.795479],[141.49971,39.796213],[141.49996,39.796804],[141.500085,39.797462],[141.50031,39.798004],[141.501235,39.799679],[141.501485,39.800204],[141.50156,39.80062],[141.501522,39.801054],[141.501372,39.801445],[141.50106,39.801854],[141.500197,39.802745],[141.500072,39.803062],[141.499997,39.803495],[141.500272,39.804828],[141.500297,39.805303],[141.500172,39.80572],[141.499897,39.806211],[141.499497,39.806528],[141.498822,39.806911],[141.49821,39.807328],[141.498098,39.807553],[141.498185,39.807728],[141.498435,39.807836],[141.500472,39.808628],[141.502885,39.810053],[141.503509,39.810311],[141.503897,39.810361],[141.504197,39.810328],[141.504747,39.809978],[141.504984,39.809786],[141.505409,39.809278],[141.506009,39.808811],[141.506584,39.808453],[141.507347,39.808053],[141.507634,39.80797],[141.509934,39.807795],[141.511459,39.80762],[141.511896,39.807628],[141.512421,39.807787],[141.513659,39.80827],[141.515021,39.808678],[141.516259,39.808937],[141.516933,39.808887],[141.517696,39.80867],[141.518833,39.808045],[141.520246,39.807487],[141.521733,39.806845],[141.522446,39.806579],[141.522921,39.806612],[141.523183,39.806829],[141.523745,39.807812],[141.524633,39.809928],[141.525245,39.81092],[141.525695,39.811345],[141.526195,39.811686],[141.52732,39.812336],[141.52752,39.812511],[141.526857,39.813245],[141.526495,39.813861],[141.526232,39.814853],[141.525895,39.815386],[141.525445,39.815703],[141.524508,39.816186],[141.52407,39.816502],[141.523508,39.817294],[141.523195,39.817411],[141.522783,39.817469],[141.522345,39.817569],[141.522033,39.817777],[141.521758,39.818177],[141.52137,39.818444],[141.520883,39.818702],[141.520295,39.819244],[141.52017,39.819494],[141.520195,39.819869],[141.520358,39.820385],[141.520845,39.821043],[141.521045,39.821385],[141.52112,39.821993],[141.520508,39.822693],[141.520058,39.82326],[141.51962,39.823876],[141.519208,39.824793],[141.51902,39.82536],[141.518795,39.825768],[141.51837,39.826434],[141.518483,39.826659],[141.518882,39.827143],[141.519032,39.828001],[141.518845,39.828584],[141.51832,39.829434],[141.517882,39.830401],[141.517445,39.832434],[141.517382,39.833342],[141.516832,39.834067],[141.51667,39.834517],[141.516682,39.835375],[141.516295,39.836141],[141.515982,39.836575],[141.515607,39.8369],[141.515207,39.8371],[141.51497,39.837183],[141.514607,39.837375],[141.514195,39.837666],[141.513882,39.838049],[141.513807,39.838441],[141.513895,39.838791],[141.514357,39.839566],[141.514295,39.840049],[141.513957,39.840682],[141.51362,39.841207],[141.51317,39.842091],[141.512845,39.842591],[141.512595,39.843124],[141.512507,39.843615],[141.51252,39.844249],[141.511832,39.845565],[141.511533,39.846557],[141.511245,39.846957],[141.510408,39.847748],[141.509658,39.848581],[141.509283,39.848906],[141.508908,39.849131],[141.508458,39.849273],[141.507895,39.849231],[141.50752,39.849406],[141.507208,39.84984],[141.50692,39.850564],[141.506795,39.851298],[141.506483,39.852356],[141.506233,39.852856],[141.50577,39.853489],[141.505695,39.854472],[141.505445,39.854881],[141.505083,39.855205],[141.504071,39.855514],[141.503821,39.855705],[141.503671,39.856089],[141.503808,39.85678],[141.504308,39.85788],[141.504396,39.858422],[141.504408,39.859472],[141.504371,39.860088],[141.504421,39.861013],[141.504583,39.861363],[141.505858,39.863246],[141.50607,39.863446],[141.506258,39.863496],[141.506495,39.863671],[141.506745,39.863929],[141.506745,39.864263],[141.506458,39.865596],[141.506533,39.866096],[141.506908,39.866929],[141.507008,39.867379],[141.50722,39.869279],[141.50717,39.869295],[141.507283,39.870512],[141.507433,39.871129],[141.507433,39.871679],[141.507333,39.872245],[141.507108,39.872762],[141.506695,39.873528],[141.506433,39.874178],[141.506333,39.874795],[141.506333,39.875278],[141.506433,39.875611],[141.506708,39.875903],[141.507058,39.876703],[141.507108,39.877161],[141.506995,39.877603],[141.506783,39.878144],[141.506545,39.879136],[141.506458,39.879244],[141.506295,39.879269],[141.505483,39.878986],[141.503758,39.878544],[141.502508,39.878128],[141.501646,39.878069],[141.500896,39.877886],[141.500158,39.877753],[141.499571,39.877744],[141.499033,39.877828],[141.498408,39.878028],[141.497833,39.878277],[141.496934,39.878794],[141.496671,39.878877],[141.496455,39.878924],[141.496434,39.878977],[141.496234,39.879027],[141.495709,39.879277],[141.494284,39.880177],[141.493459,39.880519],[141.493084,39.880627],[141.492746,39.880785],[141.492634,39.881127],[141.492396,39.88146],[141.491984,39.881685],[141.491271,39.881827],[141.490496,39.881919],[141.489421,39.882077],[141.487196,39.882327],[141.485109,39.88246],[141.484559,39.882618],[141.484259,39.882802],[141.484672,39.882977],[141.485909,39.883385],[141.486546,39.883702],[141.487396,39.884302],[141.487534,39.884485],[141.487484,39.885701],[141.487509,39.886085],[141.487259,39.88681],[141.486959,39.887301],[141.486109,39.888384],[141.485746,39.888926],[141.485559,39.889351],[141.485534,39.889801],[141.485584,39.890234],[141.485721,39.890593],[141.485996,39.890909],[141.486746,39.891517],[141.486796,39.891651],[141.486771,39.891692],[141.486584,39.891717],[141.486109,39.891651],[141.485696,39.891651],[141.482946,39.891876],[141.482259,39.892034],[141.481984,39.892259],[141.481959,39.892376],[141.482021,39.892959],[141.482134,39.893526],[141.482296,39.894017],[141.482896,39.894759],[141.482934,39.894917],[141.482796,39.895125],[141.482184,39.895825],[141.482209,39.896025],[141.482409,39.896275],[141.483559,39.89695],[141.483946,39.897217],[141.484246,39.897575],[141.485159,39.89985],[141.485359,39.900283],[141.485659,39.90055],[141.486184,39.900883],[141.487196,39.901333],[141.487858,39.901992],[141.488246,39.902441],[141.488983,39.903183],[141.489758,39.903858],[141.490121,39.904125],[141.490533,39.904216],[141.491058,39.904416],[141.491158,39.904483],[141.491746,39.904641],[141.492733,39.904775],[141.493358,39.9048],[141.494795,39.904683],[141.495395,39.904683],[141.496058,39.904641],[141.49642,39.904683],[141.496454,39.904637],[141.496858,39.904708],[141.49742,39.904891],[141.498008,39.905141],[141.498445,39.905266],[141.49917,39.905308],[141.50037,39.904983],[141.500982,39.904733],[141.501582,39.90435],[141.502032,39.903908],[141.502757,39.903317],[141.50322,39.903158],[141.503695,39.903192],[141.504145,39.903284],[141.504445,39.903467],[141.50482,39.90385],[141.505157,39.904333],[141.505532,39.9047],[141.506169,39.905042],[141.506882,39.905358],[141.507932,39.905967],[141.508632,39.906158],[141.510406,39.90655],[141.510881,39.906717],[141.511194,39.906958],[141.511531,39.90735],[141.512256,39.9084],[141.513293,39.909491],[141.513768,39.909891],[141.514231,39.910033],[141.514381,39.91005],[141.514731,39.910166],[141.515143,39.910408],[141.515743,39.910575],[141.516406,39.910691],[141.516856,39.910625],[141.517281,39.910375],[141.517618,39.910266],[141.518343,39.91035],[141.518768,39.910316],[141.520143,39.909891],[141.520718,39.909833],[141.522005,39.909991],[141.523642,39.910075],[141.524767,39.910158],[141.52553,39.910283],[141.526367,39.910508],[141.52668,39.910416],[141.52708,39.910083],[141.527567,39.909767],[141.528429,39.909358],[141.528842,39.909058],[141.528979,39.908633],[141.529154,39.908267],[141.529279,39.908158],[141.529617,39.90805],[141.529967,39.908059],[141.530504,39.90825],[141.530817,39.908159],[141.531492,39.9078],[141.531842,39.9077],[141.532004,39.907692],[141.533316,39.907825],[141.534016,39.90775],[141.536379,39.908359],[141.536591,39.9084],[141.536891,39.907542],[141.537116,39.907159],[141.537516,39.906717],[141.537991,39.906426],[141.538278,39.906351],[141.539166,39.906251],[141.539703,39.906159],[141.540053,39.905951],[141.540591,39.905767],[141.541366,39.905601],[141.541966,39.905401],[141.542303,39.905209],[141.542415,39.905176],[141.542753,39.905176],[141.543265,39.905368],[141.54374,39.905501],[141.543953,39.905518],[141.544165,39.905393],[141.54499,39.904618],[141.54519,39.904484],[141.54584,39.904209],[141.546515,39.904043],[141.547278,39.903976],[141.54859,39.903951],[141.548877,39.903893],[141.54909,39.903518],[141.549477,39.903101],[141.549827,39.902901],[141.550252,39.90286],[141.551152,39.902951],[141.551702,39.90306],[141.552077,39.90331],[141.553002,39.904568],[141.553427,39.905051],[141.553964,39.905509],[141.554552,39.905943],[141.554902,39.906301],[141.555014,39.907043],[141.555102,39.907159],[141.555577,39.907509],[141.556252,39.907918],[141.556864,39.908217],[141.557839,39.908359],[141.558314,39.908501],[141.559051,39.909184],[141.559664,39.909509],[141.560064,39.909867],[141.560351,39.910242],[141.560514,39.910826],[141.560764,39.911192],[141.561838,39.912042],[141.562313,39.91235],[141.562638,39.9127],[141.563351,39.913725],[141.563726,39.914559],[141.564013,39.915617],[141.564013,39.915725],[141.563851,39.915925],[141.562826,39.916642],[141.562326,39.91715],[141.562026,39.917633],[141.561638,39.918383],[141.561451,39.9187],[141.561426,39.918958],[141.561551,39.919408],[141.561513,39.919466],[141.561351,39.919699],[141.561313,39.919958],[141.561388,39.920308],[141.561263,39.920733],[141.5614,39.921574],[141.561163,39.921924],[141.560751,39.922257],[141.560326,39.922507],[141.559751,39.922749],[141.559401,39.922949],[141.559126,39.923291],[141.558938,39.923665],[141.559213,39.924274],[141.559388,39.924915],[141.559613,39.925299],[141.559913,39.925499],[141.560088,39.925815],[141.56015,39.92634],[141.560063,39.92724],[141.5598,39.927932],[141.559413,39.92849],[141.559388,39.928673],[141.559788,39.92874],[141.5602,39.928856],[141.561875,39.929481],[141.562962,39.929781],[141.563287,39.929815],[141.563725,39.929815],[141.563975,39.929973],[141.564337,39.93034],[141.564962,39.931073],[141.565125,39.931498],[141.565387,39.931765],[141.565912,39.932015],[141.566362,39.932131],[141.56665,39.932123],[141.567062,39.93224],[141.567274,39.932356],[141.567499,39.932556],[141.568149,39.933256],[141.568937,39.933406],[141.569474,39.933598],[141.570137,39.933906],[141.570574,39.934373],[141.570774,39.934764],[141.570862,39.934823],[141.571099,39.934864],[141.571499,39.934864],[141.571961,39.934956],[141.572336,39.935281],[141.572449,39.935339],[141.573011,39.935723],[141.574261,39.936539],[141.574761,39.936714],[141.575286,39.936698],[141.576436,39.936564],[141.576861,39.936756],[141.577473,39.937289],[141.577461,39.937398],[141.577161,39.937789],[141.577211,39.938097],[141.577786,39.939072],[141.577898,39.939181],[141.578336,39.939464],[141.578886,39.939714],[141.579461,39.939806],[141.579836,39.939931],[141.58066,39.940314],[141.58101,39.94058],[141.58111,39.940705],[141.581248,39.941005],[141.58156,39.942072],[141.581723,39.943947],[141.58201,39.944563],[141.582098,39.945021],[141.582198,39.945338],[141.58226,39.945846],[141.582198,39.946246],[141.58176,39.946963],[141.581348,39.947896],[141.581323,39.948254],[141.581435,39.948679],[141.581697,39.949054],[141.582185,39.949454],[141.58256,39.949704],[141.582885,39.949796],[141.583035,39.950062],[141.583122,39.950512],[141.583135,39.951012],[141.583172,39.952004],[141.583322,39.952337],[141.583535,39.952629],[141.583847,39.953287],[141.584035,39.953587],[141.584297,39.953887],[141.584672,39.954129],[141.585834,39.954737],[141.586297,39.954937],[141.587459,39.955103],[141.587959,39.95522],[141.588297,39.955337],[141.589234,39.95602],[141.589509,39.956287],[141.589484,39.956778],[141.589259,39.957153],[141.589209,39.957462],[141.589334,39.957845],[141.589297,39.958128],[141.588859,39.958728],[141.588722,39.959078],[141.588734,39.959145],[141.588559,39.959211],[141.587859,39.959595],[141.587334,39.95982],[141.586384,39.959936],[141.585359,39.960286],[141.585184,39.960386],[141.585009,39.960594],[141.585297,39.961169],[141.585347,39.961519],[141.585159,39.961919],[141.584697,39.962819],[141.584634,39.964052],[141.584372,39.964927],[141.583972,39.96561],[141.583809,39.966044],[141.583784,39.966327],[141.583947,39.966685],[141.584372,39.967102],[141.585072,39.96756],[141.585134,39.967735],[141.584997,39.967993],[141.584897,39.96806],[141.584947,39.968093],[141.584172,39.968843],[141.583909,39.969185],[141.583847,39.969543],[141.583909,39.96976],[141.583872,39.970018],[141.583609,39.970951],[141.583522,39.971485],[141.583284,39.971801],[141.583222,39.971793],[141.582897,39.971868],[141.582472,39.97191],[141.582447,39.971993],[141.582247,39.972168],[141.582072,39.972493],[141.581959,39.972626],[141.581034,39.973284],[141.580847,39.973576],[141.580547,39.974768],[141.579972,39.975492],[141.579884,39.975651],[141.579334,39.976292],[141.578859,39.976776],[141.578784,39.977034],[141.578909,39.977359],[141.579697,39.978217],[141.580009,39.978734],[141.579959,39.979059],[141.579872,39.979184],[141.579322,39.979859],[141.578834,39.9808],[141.578634,39.980967],[141.577959,39.980967],[141.577122,39.981017],[141.577034,39.9811],[141.576584,39.981858],[141.576359,39.982142],[141.57601,39.982508],[141.575647,39.982758],[141.575435,39.982983],[141.575497,39.983741],[141.575497,39.984225],[141.575447,39.984583],[141.575447,39.984925],[141.575485,39.985008],[141.575472,39.985125],[141.57531,39.985125],[141.574735,39.985266],[141.574135,39.985458],[141.573672,39.985699],[141.57326,39.986091],[141.57281,39.986366],[141.57231,39.986591],[141.571947,39.986799],[141.571522,39.987191],[141.571247,39.987674],[141.570985,39.988357],[141.57101,39.988874],[141.571147,39.989499],[141.571472,39.990182],[141.571235,39.990374],[141.57071,39.99109],[141.570385,39.991415],[141.569935,39.991799],[141.569572,39.992199],[141.569335,39.992615],[141.56891,39.993198],[141.568748,39.993932],[141.568585,39.994207],[141.568298,39.994473],[141.568135,39.994798],[141.567973,39.99544],[141.56766,39.996731],[141.567485,39.997031],[141.567348,39.99719],[141.567185,39.997298],[141.565823,39.998923],[141.56436,40.000273],[141.564048,40.000606],[141.56366,40.001297],[141.563473,40.001506],[141.56321,40.001672],[141.562673,40.001931],[141.562423,40.002106],[141.562011,40.002781],[141.561948,40.002806],[141.561848,40.002939],[141.561511,40.003122],[141.560886,40.003305],[141.558523,40.004089],[141.557361,40.004614],[141.556948,40.004905],[141.556548,40.00538],[141.556298,40.00578],[141.556098,40.006255],[141.555861,40.006638],[141.554599,40.007922],[141.554099,40.008355],[141.553474,40.00883],[141.552861,40.009213],[141.552474,40.009371],[141.552174,40.009596],[141.552074,40.010071],[141.552036,40.010971],[141.551874,40.011396],[141.551761,40.011513],[141.550949,40.012029],[141.550749,40.012413],[141.550611,40.012838],[141.550424,40.013204],[141.549986,40.013629],[141.549236,40.014237],[141.549136,40.014446],[141.548961,40.014912],[141.548611,40.016287],[141.548524,40.016921],[141.548499,40.017804],[141.548799,40.018479],[141.549324,40.019262],[141.549386,40.019829],[141.549224,40.020462],[141.549136,40.020995],[141.548774,40.02217],[141.548561,40.02267],[141.548336,40.022937],[141.547961,40.023187],[141.547511,40.023345],[141.547186,40.023545],[141.546911,40.023978],[141.546524,40.024811],[141.546286,40.025211],[141.545974,40.025445],[141.545536,40.02567],[141.544824,40.025936],[141.543037,40.026703],[141.542487,40.027044],[141.542137,40.027361],[141.541774,40.027586],[141.541312,40.027786],[141.540674,40.028327],[141.540237,40.028486],[141.539824,40.028761],[141.539387,40.028936],[141.538999,40.029277],[141.538512,40.030311],[141.538199,40.030519],[141.535899,40.030969],[141.53515,40.031152],[141.534525,40.031244],[141.53395,40.031402],[141.5332,40.031444],[141.532487,40.031627],[141.532237,40.031785],[141.531662,40.032752],[141.530462,40.034018],[141.529937,40.03496],[141.529437,40.036635],[141.52925,40.038093],[141.529062,40.038501],[141.528862,40.038634],[141.528725,40.038684],[141.52845,40.038951],[141.528062,40.039201],[141.52785,40.039626],[141.527762,40.040576],[141.527875,40.040734],[141.528262,40.040959],[141.528812,40.041184],[141.529337,40.041501],[141.529987,40.042084],[141.530737,40.042601],[141.531837,40.043276],[141.532187,40.043634],[141.532412,40.044134],[141.532524,40.044609],[141.532437,40.045417],[141.532474,40.046142],[141.532511,40.046448],[141.532499,40.046542],[141.533512,40.046475],[141.534661,40.04645],[141.535436,40.046542],[141.536124,40.0467],[141.537061,40.047017],[141.538823,40.047509],[141.539923,40.048092],[141.540386,40.048184],[141.541398,40.048184],[141.541973,40.048292],[141.543273,40.048292],[141.543848,40.048334],[141.54486,40.048292],[141.54566,40.048175],[141.54701,40.047926],[141.547998,40.047726],[141.549535,40.047409],[141.550247,40.046959],[141.550935,40.046817],[141.551435,40.046592],[141.552422,40.045959],[141.552972,40.045718],[141.553572,40.045493],[141.55481,40.045309],[141.55566,40.045126],[141.556022,40.045151],[141.556872,40.045418],[141.557834,40.045326],[141.558059,40.045259],[141.558797,40.045193],[141.560147,40.044876],[141.560722,40.044601],[141.561247,40.044285],[141.561459,40.04411],[141.562621,40.04451],[141.563009,40.044693],[141.563584,40.045076],[141.563909,40.045551],[141.564071,40.045976],[141.564184,40.046134],[141.565483,40.046293],[141.566958,40.046784],[141.567571,40.046893],[141.567846,40.046876],[141.568421,40.046718],[141.569158,40.046418],[141.569571,40.045951],[141.569771,40.045451],[141.569846,40.045026],[141.569983,40.044801],[141.570671,40.044685],[141.571795,40.044568],[141.571958,40.044501],[141.572345,40.04396],[141.572845,40.043577],[141.573745,40.043377],[141.574245,40.04306],[141.574795,40.042877],[141.575558,40.042718],[141.575833,40.042627],[141.576408,40.042244],[141.577783,40.041569],[141.578307,40.041277],[141.579295,40.041185],[141.579595,40.041252],[141.58032,40.041294],[141.581007,40.041119],[141.582232,40.040127],[141.583332,40.039336],[141.58377,40.038836],[141.58397,40.038411],[141.584795,40.037419],[141.585257,40.037078],[141.585445,40.036744],[141.585532,40.036245],[141.58592,40.035728],[141.586107,40.03557],[141.586794,40.035145],[141.587569,40.034511],[141.587832,40.03392],[141.588244,40.033387],[141.588694,40.033045],[141.588994,40.032478],[141.589294,40.031803],[141.589532,40.030745],[141.589707,40.030254],[141.590032,40.03007],[141.590144,40.03007],[141.590807,40.029887],[141.591344,40.029554],[141.591982,40.029345],[141.592282,40.029145],[141.592832,40.028645],[141.593332,40.028104],[141.593607,40.027704],[141.594007,40.027454],[141.594144,40.027404],[141.595032,40.026846],[141.596369,40.026321],[141.597119,40.025937],[141.597494,40.025446],[141.597906,40.024771],[141.598131,40.024679],[141.598906,40.024721],[141.600444,40.024971],[141.602094,40.025621],[141.603106,40.025913],[141.604043,40.026046],[141.604868,40.025938],[141.605793,40.026113],[141.606631,40.026563],[141.607531,40.027196],[141.60808,40.027646],[141.608743,40.028112],[141.609405,40.028387],[141.610893,40.028521],[141.611355,40.028629],[141.611543,40.028721],[141.611955,40.028787],[141.612393,40.028612],[141.613193,40.028071],[141.613493,40.027979],[141.614155,40.027596],[141.615167,40.026938],[141.61638,40.026446],[141.616867,40.02613],[141.618555,40.026171],[141.619105,40.026305],[141.61968,40.026596],[141.620479,40.026688],[141.620967,40.026796],[141.621439,40.027059],[141.621754,40.027105],[141.622579,40.027421],[141.622992,40.027621],[141.623017,40.02753],[141.622929,40.026855],[141.622904,40.026205],[141.622967,40.025571],[141.623042,40.025122],[141.623292,40.024872],[141.623792,40.02458],[141.624029,40.024488],[141.624254,40.024355],[141.624479,40.024147],[141.624992,40.023497],[141.625267,40.02323],[141.626204,40.022997],[141.626779,40.022822],[141.627692,40.022414],[141.628291,40.022214],[141.628704,40.021914],[141.629229,40.02133],[141.629716,40.020972],[141.630216,40.020789],[141.631179,40.020656],[141.633079,40.020156],[141.633429,40.019931],[141.634279,40.019164],[141.635216,40.018573],[141.635854,40.018306],[141.636703,40.018189],[141.637028,40.018256],[141.637966,40.018639],[141.639666,40.019273],[141.641128,40.019723],[141.642028,40.019948],[141.642303,40.019964],[141.643078,40.020106],[141.64319,40.020106],[141.643215,40.020123],[141.643628,40.020189],[141.643978,40.020239],[141.64409,40.020214],[141.64409,40.020081],[141.644615,40.019248],[141.644828,40.019023],[141.645103,40.01859],[141.645965,40.01724],[141.64624,40.016923],[141.646615,40.016581],[141.64819,40.015482],[141.64824,40.015407],[141.64934,40.014665],[141.649553,40.014415],[141.64969,40.014098],[141.649778,40.013724],[141.649753,40.013424],[141.649503,40.013157],[141.648653,40.012482],[141.64824,40.012032],[141.648178,40.011715],[141.64854,40.01149],[141.649278,40.011132],[141.65054,40.010607],[141.652052,40.010041],[141.654615,40.009099],[141.654827,40.008982],[141.65549,40.008782],[141.656777,40.008533],[141.657277,40.008191],[141.657715,40.007966],[141.658152,40.007924]]]}}]}