{"features":[{"type":"Feature","geometry":{"coordinates":[[[140.412152,40.833387],[140.412765,40.832928],[140.412852,40.83282],[140.413152,40.83257],[140.413465,40.832412],[140.414115,40.831712],[140.415265,40.830895],[140.415639,40.830554],[140.415727,40.830512],[140.416077,40.830196],[140.416664,40.829562],[140.416752,40.829512],[140.417839,40.828321],[140.418064,40.828004],[140.418189,40.827913],[140.418677,40.827213],[140.419114,40.826471],[140.419464,40.825904],[140.420064,40.824555],[140.420364,40.824171],[140.420889,40.823763],[140.421714,40.823038],[140.423414,40.821772],[140.423764,40.821522],[140.424502,40.82118],[140.424952,40.821039],[140.425214,40.820997],[140.425239,40.820972],[140.425152,40.820722],[140.424877,40.820255],[140.424727,40.819964],[140.424189,40.819514],[140.423914,40.81943],[140.422789,40.819214],[140.422427,40.819097],[140.422952,40.817906],[140.423064,40.817522],[140.423402,40.816714],[140.423489,40.816397],[140.418552,40.815331],[140.418977,40.814448],[140.420065,40.811473],[140.420352,40.810823],[140.420452,40.810865],[140.42119,40.810998],[140.421877,40.811223],[140.421877,40.811015],[140.421752,40.810906],[140.42074,40.810465],[140.421202,40.809582],[140.42149,40.809173],[140.42204,40.80814],[140.422415,40.80719],[140.422815,40.806515],[140.42344,40.806649],[140.424365,40.807049],[140.424752,40.807274],[140.425115,40.80754],[140.425952,40.807957],[140.425952,40.808007],[140.425727,40.80839],[140.425064,40.809915],[140.424739,40.810531],[140.427452,40.811365],[140.427477,40.811248],[140.427652,40.811023],[140.428202,40.810015],[140.428414,40.809715],[140.428764,40.80974],[140.429139,40.809132],[140.430426,40.809573],[140.430751,40.809573],[140.431339,40.809232],[140.431776,40.809048],[140.432139,40.809065],[140.432826,40.809173],[140.433714,40.80924],[140.436888,40.809665],[140.437388,40.808882],[140.437726,40.80789],[140.437863,40.807149],[140.437726,40.805574],[140.437514,40.804966],[140.437439,40.804499],[140.437501,40.803916],[140.437514,40.802791],[140.437414,40.802208],[140.437164,40.801266],[140.436414,40.799041],[140.436451,40.798975],[140.436389,40.798975],[140.436239,40.798525],[140.435927,40.79745],[140.435914,40.796958],[140.436089,40.796308],[140.436664,40.795359],[140.437152,40.7943],[140.437639,40.793042],[140.437752,40.792517],[140.437777,40.792092],[140.437739,40.791959],[140.437827,40.791059],[140.437539,40.790076],[140.437052,40.789309],[140.436539,40.788868],[140.436927,40.788259],[140.437127,40.788076],[140.437539,40.787801],[140.437889,40.787218],[140.437989,40.786568],[140.438077,40.786276],[140.437877,40.786185],[140.437539,40.78596],[140.437302,40.785851],[140.436827,40.785743],[140.43639,40.78586],[140.436115,40.785701],[140.43584,40.78541],[140.43599,40.785301],[140.436402,40.785426],[140.436915,40.785451],[140.436977,40.785401],[140.43684,40.784801],[140.436927,40.78451],[140.437165,40.784435],[140.437252,40.784435],[140.437639,40.78461],[140.438089,40.78461],[140.438464,40.784385],[140.438677,40.784185],[140.438927,40.783327],[140.438864,40.783235],[140.43824,40.783193],[140.43819,40.783102],[140.438215,40.78286],[140.438615,40.782427],[140.43879,40.78211],[140.438815,40.781868],[140.438602,40.78126],[140.438865,40.781169],[140.43904,40.78101],[140.439277,40.780969],[140.439427,40.781144],[140.440002,40.781185],[140.440414,40.781044],[140.440464,40.781069],[140.440502,40.781319],[140.440564,40.781385],[140.440789,40.78111],[140.440939,40.781019],[140.441477,40.780794],[140.441677,40.780635],[140.441827,40.780452],[140.442327,40.780677],[140.442689,40.780719],[140.443164,40.780669],[140.443514,40.78051],[140.443802,40.780152],[140.443864,40.780019],[140.443889,40.779569],[140.444114,40.779252],[140.444414,40.779027],[140.444527,40.778644],[140.444439,40.778486],[140.444289,40.778352],[140.444077,40.778061],[140.443889,40.777877],[140.443739,40.777794],[140.443464,40.777319],[140.443402,40.776827],[140.443664,40.776402],[140.443989,40.776169],[140.443352,40.775144],[140.443377,40.775103],[140.44364,40.774986],[140.443702,40.774694],[140.443577,40.774603],[140.44369,40.774353],[140.444102,40.774019],[140.444015,40.773519],[140.444102,40.773478],[140.444215,40.773294],[140.444202,40.77287],[140.44429,40.77267],[140.44424,40.772645],[140.444377,40.771995],[140.44434,40.771786],[140.444365,40.771561],[140.444427,40.771495],[140.444927,40.771161],[140.44499,40.771228],[140.445852,40.771695],[140.446215,40.77182],[140.446715,40.771711],[140.447602,40.77157],[140.448227,40.771561],[140.448814,40.771603],[140.449077,40.771445],[140.449252,40.77127],[140.449402,40.771336],[140.449664,40.771153],[140.450077,40.770995],[140.450402,40.770945],[140.451027,40.771187],[140.452314,40.77147],[140.452889,40.77012],[140.453239,40.770145],[140.454077,40.770312],[140.454077,40.770362],[140.453639,40.771287],[140.453501,40.77167],[140.454814,40.77202],[140.454689,40.772245],[140.454489,40.772828],[140.454326,40.773211],[140.454239,40.773503],[140.454264,40.773553],[140.454414,40.77357],[140.454951,40.77377],[140.455601,40.773611],[140.455801,40.773495],[140.455776,40.77327],[140.456014,40.77302],[140.456326,40.77282],[140.455964,40.772278],[140.456026,40.77197],[140.455901,40.771562],[140.456276,40.771137],[140.456689,40.770928],[140.457276,40.77072],[140.457876,40.770603],[140.458701,40.770937],[140.459239,40.771003],[140.459389,40.770912],[140.459414,40.770553],[140.459264,40.770395],[140.459051,40.770062],[140.458801,40.769587],[140.462039,40.761463],[140.465701,40.762296],[140.465814,40.762113],[140.466064,40.761455],[140.467613,40.761563],[140.468439,40.75958],[140.468626,40.75958],[140.469038,40.759488],[140.469363,40.75933],[140.469351,40.758947],[140.469588,40.758655],[140.470376,40.758088],[140.470726,40.757705],[140.470988,40.757363],[140.471376,40.757155],[140.471901,40.75693],[140.472313,40.756614],[140.472601,40.75648],[140.472663,40.756522],[140.472726,40.756747],[140.472976,40.757213],[140.473026,40.757238],[140.473913,40.757055],[140.474063,40.757055],[140.475076,40.756889],[140.475063,40.756755],[140.475363,40.756597],[140.475213,40.756239],[140.475038,40.756239],[140.474938,40.756055],[140.474876,40.755814],[140.475113,40.755814],[140.475626,40.756705],[140.476388,40.757663],[140.476575,40.758047],[140.476613,40.758697],[140.476675,40.758922],[140.477025,40.758897],[140.477113,40.75838],[140.477038,40.757705],[140.477688,40.757705],[140.477688,40.757813],[140.477813,40.758197],[140.478125,40.758822],[140.478638,40.759313],[140.478638,40.75938],[140.478463,40.75983],[140.477888,40.760672],[140.477738,40.760938],[140.477663,40.762171],[140.477738,40.76253],[140.477888,40.762846],[140.47825,40.763271],[140.478513,40.76338],[140.478925,40.763421],[140.479487,40.763238],[140.47975,40.763105],[140.48005,40.76308],[140.480562,40.763238],[140.481625,40.76363],[140.482375,40.763963],[140.483,40.763846],[140.483975,40.76373],[140.484275,40.763771],[140.484537,40.764113],[140.484812,40.76458],[140.485437,40.764846],[140.485862,40.764955],[140.485812,40.765538],[140.485674,40.766188],[140.485387,40.766938],[140.485537,40.766954],[140.485712,40.767021],[140.485637,40.767963],[140.485537,40.768863],[140.485587,40.768954],[140.488499,40.769096],[140.488586,40.769163],[140.488561,40.769188],[140.488674,40.769321],[140.489649,40.769063],[140.489674,40.768413],[140.489611,40.768238],[140.489224,40.768213],[140.489186,40.767896],[140.489249,40.767454],[140.489774,40.767538],[140.489999,40.766255],[140.489636,40.765946],[140.489549,40.765738],[140.489536,40.765363],[140.489624,40.764863],[140.489649,40.764371],[140.489787,40.764146],[140.490174,40.76378],[140.490187,40.763263],[140.490412,40.762055],[140.490499,40.761963],[140.490799,40.762047],[140.490912,40.761955],[140.490737,40.761805],[140.490637,40.76178],[140.490487,40.761647],[140.490537,40.760705],[140.490149,40.760322],[140.490199,40.760097],[140.490437,40.759714],[140.490674,40.759555],[140.491049,40.759422],[140.491437,40.759214],[140.491962,40.758789],[140.492312,40.758622],[140.493536,40.757089],[140.493911,40.756522],[140.494174,40.756189],[140.494286,40.756097],[140.496508,40.756277],[140.497211,40.756464],[140.498761,40.756747],[140.499211,40.756889],[140.499486,40.756614],[140.499686,40.756306],[140.499711,40.756098],[140.499948,40.755514],[140.500823,40.752765],[140.500199,40.752673],[140.499599,40.752531],[140.499686,40.752373],[140.500186,40.750881],[140.500936,40.748798],[140.500974,40.748598],[140.500174,40.748732],[140.498424,40.748898],[140.498486,40.748607],[140.499649,40.745657],[140.499986,40.744315],[140.500599,40.742499],[140.501149,40.740691],[140.501174,40.740599],[140.500936,40.740507],[140.499137,40.740141],[140.498549,40.740049],[140.498399,40.740049],[140.498287,40.740382],[140.498549,40.74334],[140.498536,40.743899],[140.498511,40.74394],[140.497737,40.743824],[140.496824,40.743824],[140.496649,40.74384],[140.496508,40.743811],[140.493574,40.743832],[140.493537,40.746723],[140.494637,40.74679],[140.494637,40.747265],[140.494599,40.747307],[140.494249,40.747415],[140.493949,40.747707],[140.493687,40.747732],[140.493424,40.74764],[140.493387,40.74739],[140.493212,40.747215],[140.493124,40.747165],[140.492587,40.747057],[140.492175,40.747032],[140.491737,40.747615],[140.491562,40.747657],[140.491112,40.747681],[140.490962,40.748531],[140.490525,40.748556],[140.49025,40.748598],[140.4902,40.748823],[140.49025,40.748981],[140.489962,40.748931],[140.4896,40.748823],[140.489362,40.748956],[140.4891,40.74889],[140.488975,40.748773],[140.488862,40.74824],[140.488687,40.747806],[140.488425,40.747631],[140.487737,40.747473],[140.487587,40.747315],[140.487412,40.746823],[140.487412,40.746731],[140.486938,40.746798],[140.486413,40.746998],[140.485875,40.746998],[140.485813,40.747023],[140.485725,40.747381],[140.485638,40.747556],[140.48525,40.74774],[140.4851,40.74794],[140.484838,40.748181],[140.48445,40.74834],[140.484013,40.748448],[140.483925,40.748515],[140.483688,40.749506],[140.48345,40.749748],[140.482738,40.749864],[140.482525,40.749864],[140.482263,40.749773],[140.481288,40.749323],[140.480963,40.749389],[140.4806,40.749539],[140.480251,40.749898],[140.479751,40.749964],[140.479476,40.750056],[140.478976,40.750598],[140.478801,40.751248],[140.478501,40.751622],[140.478563,40.751897],[140.478501,40.752256],[140.478501,40.752522],[140.478301,40.752672],[140.476976,40.753531],[140.476801,40.753714],[140.476651,40.753647],[140.476176,40.753331],[140.476176,40.753289],[140.476326,40.753172],[140.476326,40.753131],[140.476176,40.753039],[140.475963,40.753039],[140.475701,40.753339],[140.475338,40.753181],[140.475076,40.752956],[140.474801,40.752797],[140.474688,40.752672],[140.474063,40.752331],[140.473588,40.752197],[140.473201,40.752156],[140.472401,40.752131],[140.472339,40.752014],[140.472314,40.751747],[140.472376,40.751681],[140.472701,40.751231],[140.472639,40.750939],[140.472351,40.750381],[140.472226,40.749973],[140.472764,40.749573],[140.472701,40.749414],[140.472614,40.749348],[140.472376,40.749323],[140.472051,40.749348],[140.471901,40.748939],[140.472164,40.748698],[140.472314,40.748473],[140.472264,40.748406],[140.471639,40.748023],[140.471376,40.747823],[140.471464,40.747706],[140.471164,40.747506],[140.470926,40.747014],[140.470601,40.746764],[140.470452,40.746606],[140.470577,40.746315],[140.470664,40.746315],[140.470489,40.74589],[140.470689,40.745665],[140.471939,40.744523],[140.470514,40.743673],[140.469927,40.743223],[140.470727,40.742573],[140.471939,40.742173],[140.472327,40.742148],[140.472502,40.741973],[140.472389,40.741882],[140.471977,40.741748],[140.471527,40.741657],[140.470614,40.741898],[140.469989,40.74219],[140.469902,40.742165],[140.469864,40.74199],[140.470014,40.741832],[140.470102,40.741673],[140.469689,40.74134],[140.469252,40.741048],[140.468839,40.741265],[140.467952,40.740707],[140.467952,40.740665],[140.468389,40.740215],[140.468339,40.740123],[140.467652,40.739648],[140.467452,40.739357],[140.467565,40.73889],[140.467927,40.738124],[140.468165,40.737432],[140.46834,40.736382],[140.468127,40.73584],[140.468252,40.735374],[140.468365,40.735191],[140.468465,40.734741],[140.468315,40.734091],[140.468315,40.733441],[140.468402,40.733416],[140.468702,40.733241],[140.468752,40.732882],[140.468752,40.732366],[140.46834,40.731824],[140.46814,40.731674],[140.467777,40.731916],[140.46764,40.731783],[140.467515,40.731241],[140.467602,40.730866],[140.467465,40.730433],[140.467278,40.730141],[140.46719,40.728999],[140.467078,40.728733],[140.467053,40.727675],[140.46649,40.727275],[140.46619,40.72685],[140.466228,40.726508],[140.466428,40.726016],[140.46679,40.7255],[140.467553,40.724608],[140.46699,40.724625],[140.46664,40.724608],[140.466578,40.724875],[140.466278,40.725258],[140.466165,40.7253],[140.46584,40.725566],[140.465453,40.726108],[140.46524,40.726775],[140.465065,40.726975],[140.465328,40.727183],[140.465603,40.727316],[140.46539,40.728683],[140.465328,40.728866],[140.46474,40.728858],[140.463765,40.728791],[140.46329,40.729641],[140.463053,40.729866],[140.46219,40.730316],[140.461453,40.730558],[140.460303,40.730957],[140.459966,40.730957],[140.458728,40.730482],[140.457966,40.730282],[140.456516,40.730524],[140.455853,40.730574],[140.455716,40.730499],[140.455241,40.730366],[140.455004,40.730232],[140.455091,40.729541],[140.455004,40.728666],[140.454916,40.728283],[140.454741,40.728216],[140.454029,40.728058],[140.453816,40.728099],[140.453641,40.728191],[140.452991,40.727649],[140.452791,40.727558],[140.452641,40.727691],[140.452279,40.728682],[140.452016,40.728949],[140.451066,40.729666],[140.450716,40.729841],[140.450204,40.729841],[140.449379,40.729282],[140.448941,40.729299],[140.448491,40.729841],[140.447517,40.730307],[140.447042,40.73044],[140.446567,40.730399],[140.445767,40.730215],[140.444967,40.730149],[140.444492,40.73014],[140.444354,40.730165],[140.444292,40.730124],[140.444204,40.729832],[140.446779,40.728224],[140.446842,40.728157],[140.446042,40.726716],[140.446017,40.726607],[140.445329,40.725749],[140.444467,40.726266],[140.443879,40.726557],[140.443442,40.726199],[140.443229,40.726266],[140.442817,40.726599],[140.442667,40.727249],[140.442629,40.728749],[140.441829,40.729132],[140.441179,40.729357],[140.440979,40.729465],[140.440942,40.729957],[140.440829,40.730807],[140.440817,40.73254],[140.440992,40.734132],[140.440754,40.73464],[140.439667,40.734398],[140.439929,40.733565],[140.439342,40.733407],[140.438717,40.733298],[140.438929,40.732732],[140.43958,40.73074],[140.439905,40.729999],[140.439642,40.729865],[140.439642,40.729615],[140.439555,40.729574],[140.439117,40.729532],[140.438967,40.729615],[140.438605,40.729999],[140.438492,40.730249],[140.43793,40.730065],[140.437892,40.729865],[140.43713,40.729457],[140.436892,40.729299],[140.437242,40.728899],[140.43678,40.728424],[140.437017,40.728182],[140.437017,40.728115],[140.437455,40.72829],[140.437667,40.728249],[140.438255,40.728565],[140.438792,40.728224],[140.438142,40.727599],[140.437955,40.727374],[140.439117,40.726549],[140.438792,40.725624],[140.43853,40.725107],[140.438317,40.724841],[140.437792,40.724524],[140.43773,40.724524],[140.43743,40.724816],[140.437105,40.725307],[140.436667,40.725799],[140.436242,40.726116],[140.435917,40.726291],[140.434318,40.72629],[140.43388,40.726249],[140.433343,40.726132],[140.434005,40.725082],[140.434593,40.724299],[140.434655,40.724116],[140.434155,40.723916],[140.43388,40.723849],[140.433555,40.724291],[140.43323,40.724632],[140.432993,40.724716],[140.43163,40.724874],[140.43143,40.724941],[140.43128,40.725182],[140.431068,40.725407],[140.430718,40.725657],[140.430268,40.726257],[140.430068,40.726257],[140.42973,40.726082],[140.429505,40.725765],[140.42908,40.725499],[140.428855,40.725382],[140.428643,40.72469],[140.428293,40.72379],[140.428443,40.723249],[140.428406,40.722582],[140.428443,40.722307],[140.428268,40.722107],[140.427018,40.721682],[140.426781,40.721632],[140.426131,40.722466],[140.425568,40.722865],[140.425156,40.723065],[140.424268,40.723332],[140.420631,40.723865],[140.419644,40.724157],[140.418881,40.724623],[140.418431,40.725023],[140.418144,40.725498],[140.417931,40.726098],[140.417844,40.726506],[140.417931,40.726931],[140.418819,40.72839],[140.419281,40.72904],[140.419756,40.730006],[140.419931,40.730681],[140.420056,40.732073],[140.419993,40.732739],[140.419693,40.734756],[140.419831,40.735989],[140.420043,40.736531],[140.419831,40.736639],[140.418181,40.736905],[140.416431,40.73688],[140.415543,40.736947],[140.414006,40.737105],[140.413406,40.737255],[140.412906,40.737455],[140.412344,40.737613],[140.411906,40.737655],[140.411719,40.737638],[140.411344,40.737497],[140.410981,40.737722],[140.410744,40.737947],[140.410656,40.738172],[140.410569,40.738213],[140.409894,40.73833],[140.409894,40.738347],[140.409706,40.73828],[140.409619,40.738013],[140.409569,40.737563],[140.409481,40.737455],[140.409356,40.737472],[140.409144,40.738013],[140.409094,40.73803],[140.408556,40.737988],[140.408381,40.73783],[140.407906,40.73698],[140.407406,40.736172],[140.407406,40.735788],[140.407257,40.73543],[140.407169,40.735472],[140.406632,40.735605],[140.406582,40.735588],[140.406457,40.735405],[140.405694,40.73453],[140.405157,40.735272],[140.40514,40.735277],[140.404832,40.735222],[140.403832,40.73493],[140.403507,40.734863],[140.403182,40.735288],[140.402669,40.736313],[140.402757,40.736363],[140.403819,40.737505],[140.403907,40.737555],[140.403882,40.737638],[140.403582,40.738088],[140.403407,40.738513],[140.403082,40.738405],[140.401957,40.738113],[140.401894,40.738355],[140.401932,40.738446],[140.402219,40.739096],[140.402669,40.73993],[140.402982,40.740713],[140.402957,40.740846],[140.402744,40.741179],[140.402607,40.741338],[140.402244,40.741946],[140.401807,40.742546],[140.401769,40.742771],[140.402007,40.743913],[140.402007,40.744187],[140.401532,40.744429],[140.401144,40.744746],[140.401057,40.744946],[140.401357,40.745329],[140.401381,40.745996],[140.400932,40.745996],[140.400607,40.745929],[140.400457,40.745729],[140.400319,40.745596],[140.400232,40.745571],[140.398482,40.745504],[140.398544,40.745571],[140.399132,40.745954],[140.399332,40.746129],[140.399394,40.746512],[140.399369,40.746621],[140.398857,40.746712],[140.398532,40.746687],[140.397169,40.74682],[140.396907,40.746887],[140.396882,40.746929],[140.396932,40.747154],[140.397232,40.747445],[140.397057,40.747562],[140.396494,40.747762],[140.395369,40.747987],[140.395157,40.747979],[140.395107,40.747804],[140.394932,40.746837],[140.394507,40.746095],[140.394157,40.745787],[140.393682,40.745445],[140.393332,40.744837],[140.393032,40.744662],[140.39277,40.744729],[140.392532,40.744679],[140.392382,40.744321],[140.392095,40.744229],[140.39167,40.744229],[140.391295,40.744054],[140.390557,40.743404],[140.389995,40.743171],[140.38952,40.742837],[140.389307,40.742612],[140.38922,40.742296],[140.388982,40.742187],[140.388545,40.742121],[140.387895,40.741671],[140.387033,40.741379],[140.38677,40.741396],[140.38612,40.741554],[140.385995,40.741621],[140.385845,40.741979],[140.385883,40.742046],[140.386033,40.742179],[140.386733,40.742471],[140.387245,40.742879],[140.38712,40.743687],[140.387208,40.743704],[140.38742,40.743862],[140.387083,40.743995],[140.386583,40.744087],[140.386408,40.74447],[140.386195,40.744579],[140.386045,40.744912],[140.385933,40.745054],[140.38537,40.745187],[140.385195,40.745429],[140.38507,40.745679],[140.385108,40.745695],[140.384958,40.745762],[140.384333,40.745762],[140.383508,40.745804],[140.383383,40.74587],[140.383033,40.745937],[140.38297,40.746162],[140.383083,40.74657],[140.38332,40.747037],[140.383295,40.747245],[140.383145,40.747512],[140.383083,40.747528],[140.38137,40.747553],[140.381045,40.74737],[140.38057,40.747195],[140.380158,40.747078],[140.379808,40.746895],[140.379358,40.746537],[140.37892,40.746112],[140.378646,40.745712],[140.378321,40.745553],[140.377883,40.745079],[140.377558,40.744854],[140.377058,40.74492],[140.376996,40.744895],[140.376783,40.745662],[140.376721,40.745728],[140.376633,40.745745],[140.374808,40.74577],[140.373208,40.745828],[140.373083,40.746103],[140.372821,40.746303],[140.372371,40.746462],[140.372221,40.746612],[140.372371,40.746995],[140.372583,40.747087],[140.372758,40.747062],[140.372996,40.747195],[140.373108,40.74742],[140.373083,40.747628],[140.371633,40.748003],[140.371512,40.74801],[140.370783,40.748278],[140.370221,40.74832],[140.367796,40.748203],[140.366871,40.74832],[140.366309,40.748428],[140.365684,40.748495],[140.365396,40.748586],[140.364984,40.74892],[140.364596,40.749436],[140.364034,40.749661],[140.363796,40.749703],[140.363022,40.749478],[140.362672,40.749078],[140.362134,40.748786],[140.361922,40.748628],[140.361059,40.748378],[140.360147,40.748303],[140.359909,40.748419],[140.359222,40.748578],[140.358547,40.748819],[140.357947,40.748911],[140.35671,40.748769],[140.35576,40.749153],[140.355047,40.749694],[140.354597,40.750502],[140.354135,40.752011],[140.35401,40.752569],[140.354122,40.752944],[140.354272,40.75326],[140.354535,40.753552],[140.354722,40.753819],[140.354897,40.754385],[140.355109,40.754902],[140.356209,40.755419],[140.356747,40.755619],[140.356097,40.755794],[140.355022,40.755935],[140.353222,40.756368],[140.351997,40.756818],[140.35111,40.757068],[140.350047,40.757543],[140.349872,40.757677],[140.347798,40.758376],[140.346673,40.758668],[140.34561,40.75881],[140.344598,40.758985],[140.34386,40.759168],[140.342935,40.759285],[140.342373,40.75931],[140.341836,40.75926],[140.340773,40.759043],[140.340448,40.758993],[140.340211,40.759068],[140.339798,40.759359],[140.339223,40.759401],[140.338811,40.759493],[140.338611,40.759784],[140.338336,40.760034],[140.337961,40.760034],[140.337573,40.759701],[140.337186,40.759651],[140.336499,40.759634],[140.336024,40.759543],[140.335111,40.759793],[140.334811,40.759951],[140.334549,40.760243],[140.334424,40.760493],[140.334424,40.760734],[140.334224,40.760959],[140.333724,40.761076],[140.333099,40.761367],[140.332649,40.761009],[140.332349,40.760609],[140.332086,40.760492],[140.331811,40.760492],[140.331699,40.760426],[140.331761,40.760317],[140.331849,40.760292],[140.331761,40.760067],[140.331786,40.759976],[140.331636,40.759976],[140.331287,40.760067],[140.330862,40.760001],[140.330512,40.759734],[140.330624,40.759509],[140.330862,40.759376],[140.330924,40.759243],[140.330862,40.759126],[140.330774,40.758743],[140.330912,40.758451],[140.330674,40.757893],[140.330649,40.757618],[140.330287,40.757551],[140.329962,40.757443],[140.329574,40.757059],[140.329424,40.756976],[140.328774,40.756768],[140.328537,40.756634],[140.328087,40.756526],[140.327175,40.756459],[140.326662,40.756393],[140.326312,40.756193],[140.326037,40.755876],[140.325325,40.755501],[140.325175,40.755426],[140.324162,40.754776],[140.323837,40.754534],[140.3228,40.753976],[140.322138,40.753526],[140.321813,40.753276],[140.3214,40.752876],[140.321125,40.752668],[140.320775,40.752334],[140.320513,40.751768],[140.320513,40.751618],[140.320188,40.751093],[140.320038,40.750985],[140.31965,40.75056],[140.319263,40.750601],[140.318588,40.750351],[140.318051,40.750101],[140.317726,40.749743],[140.317251,40.749268],[140.317163,40.748843],[140.316776,40.748351],[140.316451,40.748193],[140.316326,40.748101],[140.316238,40.747401],[140.316001,40.747018],[140.315976,40.74691],[140.316126,40.74641],[140.316451,40.745876],[140.316688,40.745601],[140.316976,40.745177],[140.316688,40.74466],[140.316713,40.744593],[140.317076,40.744368],[140.316926,40.74401],[140.315976,40.74376],[140.315888,40.74376],[140.315351,40.744002],[140.314901,40.743777],[140.314701,40.74376],[140.314289,40.744052],[140.314164,40.744185],[140.314251,40.744543],[140.314164,40.744901],[140.313689,40.744743],[140.312801,40.743735],[140.312026,40.743576],[140.311351,40.743685],[140.311076,40.744085],[140.310901,40.744268],[140.309927,40.744468],[140.309389,40.744218],[140.309102,40.743993],[140.308302,40.743926],[140.307764,40.743185],[140.307789,40.742843],[140.307489,40.74271],[140.307027,40.742735],[140.306927,40.742618],[140.307114,40.742393],[140.307227,40.742418],[140.307139,40.742101],[140.307377,40.741901],[140.307314,40.741635],[140.307252,40.741543],[140.307489,40.74136],[140.307464,40.741226],[140.307352,40.740935],[140.307552,40.740668],[140.307402,40.740143],[140.306752,40.739693],[140.30664,40.739693],[140.306215,40.739518],[140.306165,40.739152],[140.30589,40.738702],[140.30569,40.738568],[140.305415,40.738543],[140.304977,40.738343],[140.305177,40.738052],[140.304915,40.737377],[140.30474,40.737127],[140.304615,40.73706],[140.304327,40.736968],[140.303553,40.736343],[140.30334,40.736202],[140.30284,40.735552],[140.30269,40.734902],[140.302728,40.734652],[140.30234,40.734468],[140.30219,40.734002],[140.301915,40.733752],[140.301715,40.73346],[140.301328,40.733302],[140.300203,40.73316],[140.297953,40.733068],[140.296641,40.732885],[140.296053,40.732777],[140.295691,40.732102],[140.295279,40.731668],[140.294629,40.731268],[140.293804,40.730952],[140.293029,40.730702],[140.292291,40.730518],[140.291666,40.730093],[140.291541,40.72996],[140.290654,40.729435],[140.290217,40.72901],[140.290004,40.728693],[140.289804,40.728585],[140.289417,40.728202],[140.289179,40.727818],[140.288317,40.72721],[140.288142,40.727002],[140.287904,40.72631],[140.287867,40.725744],[140.287955,40.72541],[140.287955,40.725069],[140.28758,40.724311],[140.28758,40.724011],[140.28773,40.723294],[140.28773,40.722977],[140.28763,40.722619],[140.287492,40.722327],[140.287042,40.722061],[140.286917,40.721944],[140.286717,40.720844],[140.286592,40.720594],[140.286417,40.720344],[140.286867,40.719311],[140.28698,40.719203],[140.287105,40.718928],[140.287105,40.718503],[140.287017,40.718278],[140.286805,40.718103],[140.28678,40.717986],[140.287018,40.717603],[140.287492,40.717153],[140.287667,40.717045],[140.28763,40.716412],[140.28778,40.715762],[140.288105,40.715362],[140.28823,40.715295],[140.288343,40.714928],[140.288293,40.714754],[140.288468,40.713854],[140.288468,40.71367],[140.288318,40.713087],[140.288255,40.712637],[140.288318,40.712121],[140.288255,40.711579],[140.288318,40.711196],[140.288018,40.710521],[140.28838,40.710187],[140.288493,40.709921],[140.28853,40.709671],[140.288493,40.709379],[140.288343,40.709154],[140.28808,40.708479],[140.288193,40.708188],[140.288468,40.707938],[140.288293,40.707196],[140.288493,40.706771],[140.288555,40.706479],[140.288493,40.705963],[140.28843,40.705755],[140.288768,40.704946],[140.288555,40.704321],[140.288768,40.703713],[140.28888,40.703555],[140.289293,40.70333],[140.289468,40.703288],[140.29018,40.703221],[140.290393,40.703105],[140.290693,40.702722],[140.290605,40.701872],[140.290693,40.701755],[140.290718,40.701422],[140.291105,40.70088],[140.291305,40.700347],[140.291305,40.699964],[140.291493,40.69958],[140.29163,40.699447],[140.291905,40.69893],[140.29223,40.698497],[140.292668,40.697755],[140.292705,40.697305],[140.292818,40.697106],[140.292768,40.697039],[140.292668,40.696589],[140.29273,40.696114],[140.292618,40.695397],[140.292705,40.694922],[140.29243,40.694547],[140.292493,40.694164],[140.29238,40.693889],[140.292205,40.693281],[140.29223,40.692989],[140.292793,40.693214],[140.294305,40.694006],[140.294805,40.694298],[140.295493,40.694839],[140.298505,40.696889],[140.299605,40.697547],[140.300554,40.698264],[140.301917,40.699214],[140.304079,40.700539],[140.305591,40.701689],[140.305654,40.701714],[140.306604,40.702614],[140.308228,40.70388],[140.308766,40.704014],[140.309566,40.70383],[140.310366,40.703497],[140.310578,40.703456],[140.310778,40.703497],[140.311341,40.703456],[140.311703,40.703256],[140.31259,40.702331],[140.312915,40.702106],[140.313178,40.701997],[140.313915,40.701772],[140.31439,40.701664],[140.318715,40.701356],[140.320502,40.701264],[140.321215,40.701314],[140.322339,40.701289],[140.324352,40.701314],[140.325802,40.701181],[140.327376,40.701098],[140.327764,40.701098],[140.329264,40.70094],[140.333688,40.700023],[140.333888,40.699956],[140.335313,40.69969],[140.336501,40.699607],[140.336826,40.699515],[140.336476,40.69904],[140.336413,40.698548],[140.336238,40.698182],[140.335313,40.697423],[140.334813,40.696898],[140.334363,40.696515],[140.334276,40.696499],[140.334014,40.696224],[140.333689,40.695615],[140.333414,40.694965],[140.333026,40.694357],[140.332939,40.69429],[140.332501,40.69359],[140.331964,40.692965],[140.331935,40.692883],[140.331591,40.692979],[140.331139,40.693074],[140.330427,40.69289],[140.329652,40.692574],[140.329302,40.692032],[140.328877,40.691874],[140.328402,40.691791],[140.327902,40.691424],[140.326515,40.690166],[140.32604,40.690166],[140.32509,40.689491],[140.32429,40.688832],[140.323553,40.688499],[140.32284,40.688274],[140.322128,40.687799],[140.32139,40.687058],[140.320765,40.686241],[140.319841,40.685233],[140.318516,40.683633],[140.317853,40.682891],[140.317116,40.682216],[140.316166,40.681558],[140.316079,40.681466],[140.315216,40.680908],[140.313417,40.680408],[140.310367,40.679641],[140.310004,40.679508],[140.309617,40.679433],[140.30793,40.679008],[140.305292,40.678308],[140.302893,40.677808],[140.302268,40.677399],[140.300255,40.676183],[140.298831,40.675441],[140.295818,40.673524],[140.292731,40.671674],[140.290244,40.670274],[140.289382,40.669716],[140.288732,40.669341],[140.290307,40.667042],[140.27827,40.662375],[140.279446,40.654718],[140.278846,40.654776],[140.277171,40.654601],[140.276221,40.654551],[140.275246,40.654584],[140.273971,40.654484],[140.273059,40.654359],[140.271584,40.654026],[140.270409,40.653634],[140.269621,40.653443],[140.269171,40.653376],[140.268946,40.653301],[140.268821,40.653326],[140.268834,40.652876],[140.268996,40.652043],[140.268946,40.65126],[140.268946,40.651143],[140.268484,40.651026],[140.267709,40.650885],[140.266897,40.650626],[140.266709,40.65076],[140.266584,40.651435],[140.266522,40.651593],[140.266197,40.65166],[140.265747,40.651651],[140.264034,40.651385],[140.262859,40.651401],[140.262622,40.651376],[140.261535,40.650893],[140.261072,40.650618],[140.260572,40.650226],[140.260072,40.650176],[140.259422,40.649835],[140.259097,40.649743],[140.258272,40.649751],[140.257573,40.649593],[140.257098,40.649318],[140.256398,40.649018],[140.256135,40.648835],[140.254273,40.648885],[140.252948,40.64871],[140.252261,40.648551],[140.251948,40.648501],[140.251886,40.64861],[140.251086,40.648493],[140.250698,40.648485],[140.250523,40.648443],[140.249848,40.648451],[140.249011,40.648518],[140.246936,40.648876],[140.246611,40.648876],[140.246535,40.648888],[140.246061,40.648859],[140.245124,40.64816],[140.243824,40.647301],[140.242674,40.646643],[140.241637,40.645993],[140.240962,40.645493],[140.240487,40.645201],[140.239987,40.645043],[140.237175,40.64481],[140.236587,40.644718],[140.2344,40.64456],[140.232913,40.645001],[140.232175,40.645043],[140.231313,40.64491],[140.230638,40.644726],[140.228426,40.643485],[140.227326,40.643368],[140.226501,40.643235],[140.225826,40.643001],[140.225176,40.642826],[140.224339,40.642751],[140.223226,40.642776],[140.222539,40.642635],[140.222101,40.64246],[140.221589,40.642343],[140.221476,40.642251],[140.221539,40.64176],[140.221951,40.641377],[140.222251,40.640793],[140.222102,40.640568],[140.221664,40.640435],[140.221064,40.640635],[140.220539,40.640902],[140.220002,40.640993],[140.219914,40.640851],[140.219777,40.639193],[140.219689,40.638718],[140.219389,40.638243],[140.21839,40.637835],[140.217677,40.637793],[140.216965,40.637793],[140.216765,40.637543],[140.216702,40.637044],[140.217365,40.635277],[140.217102,40.634552],[140.216003,40.634352],[140.214915,40.634277],[140.21444,40.634319],[140.21414,40.63416],[140.214053,40.633785],[140.214115,40.632611],[140.214415,40.631377],[140.214665,40.630953],[140.214928,40.630819],[140.215365,40.630753],[140.21599,40.630978],[140.21644,40.631069],[140.216815,40.630803],[140.216878,40.630303],[140.216615,40.629986],[140.215878,40.629561],[140.215528,40.629219],[140.215553,40.628953],[140.216003,40.628661],[140.216828,40.62837],[140.217278,40.628078],[140.21754,40.627428],[140.217728,40.627136],[140.218165,40.62687],[140.218528,40.626711],[140.218578,40.626711],[140.218553,40.626695],[140.218615,40.626178],[140.21859,40.625928],[140.21864,40.625837],[140.218828,40.62577],[140.21939,40.625703],[140.219328,40.62492],[140.21924,40.624537],[140.218915,40.624353],[140.218853,40.624378],[140.218478,40.624245],[140.21829,40.624237],[140.217878,40.624037],[140.217615,40.623653],[140.21744,40.623204],[140.217591,40.622887],[140.217328,40.622687],[140.216141,40.622462],[140.216028,40.622479],[140.216053,40.622395],[140.216566,40.621945],[140.216591,40.621895],[140.216378,40.621829],[140.215966,40.622012],[140.215641,40.622095],[140.215528,40.621895],[140.215591,40.621854],[140.215528,40.621787],[140.214878,40.62187],[140.214041,40.621937],[140.213866,40.621979],[140.213603,40.622112],[140.213603,40.622162],[140.213341,40.622112],[140.213216,40.622029],[140.212866,40.621912],[140.212541,40.621954],[140.212066,40.621304],[140.211916,40.621187],[140.211566,40.620804],[140.211216,40.620562],[140.210154,40.620329],[140.209704,40.620379],[140.209616,40.620354],[140.209179,40.620012],[140.208617,40.619679],[140.208204,40.61947],[140.207967,40.619045],[140.207854,40.618479],[140.207554,40.618054],[140.207029,40.617562],[140.206667,40.617154],[140.206467,40.616654],[140.206442,40.615937],[140.206467,40.615687],[140.20638,40.615087],[140.206055,40.614654],[140.20538,40.613488],[140.20498,40.612696],[140.204742,40.612004],[140.204893,40.611105],[140.204955,40.611013],[140.20498,40.610588],[140.20478,40.60928],[140.204605,40.609013],[140.20328,40.608355],[140.203193,40.608263],[140.202505,40.607972],[140.201768,40.607813],[140.201118,40.607813],[140.200381,40.607763],[140.199581,40.607355],[140.199193,40.607247],[140.198493,40.607155],[140.197843,40.606996],[140.197481,40.606813],[140.196831,40.606272],[140.196606,40.606138],[140.196506,40.606138],[140.195506,40.606405],[140.194969,40.606513],[140.193794,40.606646],[140.193519,40.606646],[140.192757,40.606463],[140.190919,40.606096],[140.189294,40.605621],[140.189807,40.604946],[140.190219,40.604571],[140.190332,40.604505],[140.190807,40.604346],[140.191644,40.603655],[140.192182,40.603247],[140.192857,40.601989],[140.193069,40.601247],[140.193019,40.600714],[140.192894,40.600122],[140.192632,40.599605],[140.191932,40.599022],[140.19167,40.598597],[140.191582,40.597714],[140.191345,40.596547],[140.191182,40.594998],[140.19112,40.594839],[140.190732,40.594656],[140.190707,40.594273],[140.190832,40.593423],[140.190657,40.593081],[140.190332,40.592881],[140.189882,40.592856],[140.18947,40.593173],[140.189232,40.593598],[140.188733,40.593823],[140.188408,40.593756],[140.187983,40.593614],[140.187633,40.593598],[140.186958,40.593839],[140.186533,40.594131],[140.185445,40.594264],[140.185033,40.594239],[140.18447,40.593923],[140.184195,40.594256],[140.184083,40.594622],[140.18372,40.594914],[140.18357,40.595472],[140.18342,40.595722],[140.182708,40.595872],[140.182333,40.595806],[140.182271,40.595647],[140.181883,40.595064],[140.181571,40.594722],[140.181121,40.594497],[140.180796,40.594389],[140.180208,40.594364],[140.179733,40.594539],[140.179521,40.594539],[140.178871,40.594739],[140.178633,40.594714],[140.177871,40.594331],[140.177133,40.594131],[140.176596,40.593722],[140.176071,40.593497],[140.175596,40.593564],[140.175121,40.593697],[140.174471,40.59408],[140.174109,40.594055],[140.173884,40.593989],[140.173734,40.593739],[140.173521,40.593514],[140.173284,40.59333],[140.173196,40.593014],[140.173346,40.592797],[140.173384,40.592572],[140.172934,40.592047],[140.172609,40.591872],[140.172284,40.591822],[140.172146,40.591889],[140.171871,40.591889],[140.171672,40.591797],[140.171322,40.591147],[140.171197,40.591056],[140.169159,40.590022],[140.168634,40.589706],[140.168334,40.589431],[140.167984,40.588889],[140.167685,40.588531],[140.167372,40.588306],[140.166035,40.587764],[140.165597,40.587648],[140.16486,40.587398],[140.162048,40.587914],[140.161273,40.587772],[140.158973,40.587564],[140.157523,40.587514],[140.157135,40.587472],[140.156936,40.587381],[140.156311,40.586956],[140.155186,40.586047],[140.155161,40.586014],[140.154936,40.585964],[140.154786,40.585881],[140.154698,40.585672],[140.154898,40.585339],[140.155436,40.584706],[140.155973,40.583956],[140.156798,40.582598],[140.157148,40.582081],[140.157211,40.581898],[140.156286,40.580798],[140.155549,40.579415],[140.155399,40.578632],[140.155099,40.57779],[140.155249,40.576507],[140.155361,40.576032],[140.155449,40.574807],[140.155449,40.57364],[140.155186,40.572707],[140.155036,40.571849],[140.155236,40.571332],[140.155861,40.571041],[140.156036,40.570882],[140.156449,40.570199],[140.156861,40.569416],[140.157361,40.568958],[140.158286,40.568533],[140.159236,40.5679],[140.161036,40.567175],[140.161236,40.566875],[140.161749,40.56595],[140.162061,40.564892],[140.161949,40.5636],[140.161586,40.562267],[140.161586,40.5613],[140.161563,40.561082],[140.15797,40.560795],[140.152241,40.56062],[140.148178,40.560971],[140.145897,40.560961],[140.141509,40.559986],[140.136992,40.55833],[140.129535,40.556882],[140.120878,40.553998],[140.118176,40.55223],[140.114878,40.548986],[140.112507,40.546772],[140.108952,40.544764],[140.104108,40.54116],[140.100707,40.536989],[140.097034,40.531916],[140.09286,40.527179],[140.089407,40.524295],[140.086862,40.523287],[140.086471,40.522561],[140.086408,40.522511],[140.086058,40.521877],[140.086233,40.521361],[140.086208,40.520752],[140.086071,40.519553],[140.086083,40.518353],[140.086208,40.517245],[140.086521,40.516386],[140.086846,40.515711],[140.086821,40.515353],[140.086471,40.514878],[140.086271,40.514195],[140.085946,40.513495],[140.085521,40.512095],[140.085471,40.511029],[140.085384,40.510329],[140.084884,40.50987],[140.083996,40.509687],[140.083709,40.509529],[140.083384,40.508462],[140.083572,40.507337],[140.084047,40.506771],[140.084172,40.506138],[140.083672,40.505754],[140.082997,40.505071],[140.082409,40.504596],[140.081947,40.504413],[140.081709,40.504096],[140.081247,40.503255],[140.080984,40.502688],[140.080838,40.502457],[140.08031,40.501813],[140.079685,40.501346],[140.079085,40.501021],[140.078185,40.500788],[140.077347,40.499896],[140.076722,40.49903],[140.07606,40.498247],[140.075335,40.497472],[140.075035,40.496064],[140.07471,40.494922],[140.074285,40.493889],[140.07341,40.492656],[140.072985,40.492131],[140.073186,40.491322],[140.073311,40.490522],[140.073061,40.489698],[140.072961,40.488973],[140.073623,40.489014],[140.073773,40.488956],[140.074086,40.488514],[140.074148,40.487798],[140.074323,40.486698],[140.074898,40.486631],[140.075198,40.486673],[140.075773,40.48659],[140.075598,40.485548],[140.075448,40.48499],[140.075248,40.484473],[140.075561,40.484015],[140.075761,40.483215],[140.076361,40.482032],[140.076011,40.481424],[140.075123,40.480832],[140.074761,40.480657],[140.073998,40.480007],[140.073686,40.479349],[140.074448,40.478841],[140.074686,40.478782],[140.074748,40.478291],[140.074511,40.477791],[140.073811,40.477424],[140.072086,40.476332],[140.071411,40.475691],[140.071161,40.475058],[140.070699,40.474458],[140.070287,40.473574],[140.068962,40.471808],[140.068487,40.470875],[140.068199,40.469816],[140.068237,40.46905],[140.068224,40.468825],[140.068199,40.4688],[140.067662,40.4685],[140.067562,40.468408],[140.06675,40.468358],[140.06635,40.468367],[140.065362,40.468325],[140.064275,40.468092],[140.062837,40.46755],[140.060775,40.467775],[140.059613,40.467317],[140.058563,40.467083],[140.0566,40.467375],[140.055363,40.467375],[140.054326,40.4676],[140.053701,40.467616],[140.052726,40.466775],[140.052426,40.466166],[140.052938,40.465458],[140.053851,40.464883],[140.053913,40.464258],[140.053638,40.464],[140.052938,40.463458],[140.052026,40.463183],[140.051064,40.4627],[140.050164,40.462117],[140.049426,40.461384],[140.048876,40.460359],[140.048614,40.460159],[140.048026,40.460492],[140.047139,40.460742],[140.045727,40.460808],[140.044427,40.460592],[140.043239,40.460508],[140.042202,40.460633],[140.041102,40.461108],[140.040602,40.461083],[140.038465,40.460858],[140.03779,40.461291],[140.036515,40.461533],[140.036127,40.461316],[140.03604,40.460758],[140.035802,40.459825],[140.035453,40.458908],[140.034503,40.458383],[140.03444,40.45805],[140.034115,40.457867],[140.033353,40.458025],[140.03229,40.458083],[140.031303,40.457642],[140.030441,40.456884],[140.030403,40.45625],[140.030153,40.455309],[140.029691,40.455175],[140.029478,40.455175],[140.028628,40.45475],[140.028154,40.453984],[140.028141,40.453901],[140.028041,40.453817],[140.027254,40.453551],[140.026379,40.453601],[140.025416,40.453392],[140.024916,40.453126],[140.022879,40.451426],[140.022604,40.451126],[140.022067,40.450192],[140.02083,40.449093],[140.020655,40.448893],[140.02068,40.448584],[140.020205,40.447818],[140.020017,40.446976],[140.020155,40.446626],[140.021005,40.445701],[140.021718,40.444968],[140.022068,40.444385],[140.02208,40.443685],[140.022618,40.44296],[140.022843,40.442593],[140.023468,40.441802],[140.02423,40.440985],[140.024893,40.440102],[140.02583,40.439344],[140.02598,40.438902],[140.02558,40.437811],[140.025505,40.437044],[140.025205,40.436511],[140.024118,40.436003],[140.022818,40.435511],[140.022543,40.435019],[140.022569,40.433578],[140.022444,40.433136],[140.022456,40.43262],[140.022281,40.432411],[140.022144,40.431828],[140.022244,40.430395],[140.021944,40.429728],[140.021207,40.42932],[140.020132,40.429037],[140.019169,40.428645],[140.018832,40.428428],[140.018245,40.427612],[140.017582,40.427254],[140.017432,40.427079],[140.01737,40.42652],[140.01762,40.425812],[140.018182,40.42542],[140.018457,40.424771],[140.018857,40.424046],[140.019282,40.423087],[140.01877,40.422213],[140.01877,40.421971],[140.019183,40.421313],[140.019558,40.420813],[140.01947,40.419955],[140.01942,40.419888],[140.018758,40.420063],[140.018145,40.420471],[140.01742,40.421063],[140.01652,40.421263],[140.01542,40.421804],[140.01472,40.422037],[140.014233,40.422396],[140.014283,40.422762],[140.014195,40.423362],[140.013758,40.423962],[140.01282,40.424654],[140.012083,40.424604],[140.011845,40.424887],[140.012058,40.42547],[140.01202,40.425779],[140.01147,40.425954],[140.009158,40.425595],[140.008108,40.426478],[140.007171,40.426903],[140.006421,40.42742],[140.005796,40.428486],[140.005083,40.429303],[140.003858,40.431011],[140.003221,40.431786],[140.002508,40.432236],[140.001708,40.432619],[140.001021,40.432794],[140.000921,40.432786],[140.000321,40.432544],[139.999733,40.432486],[139.998696,40.432736],[139.997696,40.432744],[139.997484,40.432786],[139.996934,40.433386],[139.996884,40.43361],[139.996539,40.434296],[139.996396,40.434335],[139.995634,40.434694],[139.995071,40.435035],[139.994809,40.434944],[139.994684,40.434694],[139.994309,40.434269],[139.993896,40.43366],[139.993809,40.433052],[139.993834,40.432719],[139.993722,40.432561],[139.991359,40.431977],[139.99051,40.431277],[139.989685,40.430786],[139.989297,40.430627],[139.988447,40.429969],[139.986823,40.428827],[139.985585,40.428219],[139.984536,40.428061],[139.983648,40.428194],[139.982911,40.427811],[139.982261,40.427694],[139.981586,40.427519],[139.980524,40.427536],[139.978761,40.428094],[139.978399,40.428119],[139.977461,40.427827],[139.976749,40.427777],[139.976137,40.427377],[139.975199,40.427286],[139.973962,40.426769],[139.972812,40.426677],[139.9719,40.426902],[139.971012,40.427277],[139.970212,40.427394],[139.969387,40.427927],[139.968712,40.42876],[139.966912,40.429252],[139.964238,40.430285],[139.964112,40.43136],[139.963375,40.432726],[139.962725,40.433284],[139.96105,40.434209],[139.959575,40.434676],[139.959225,40.434634],[139.957013,40.434134],[139.955776,40.432742],[139.954651,40.432109],[139.951564,40.431051],[139.950476,40.431009],[139.949676,40.431184],[139.949326,40.431142],[139.948151,40.431159],[139.947389,40.430892],[139.946827,40.430459],[139.945702,40.429926],[139.944177,40.429742],[139.943377,40.429717],[139.942314,40.429984],[139.942077,40.429984],[139.941527,40.429601],[139.94114,40.429401],[139.940702,40.429217],[139.939427,40.429042],[139.938615,40.428751],[139.93714,40.428634],[139.93619,40.428159],[139.936225,40.428458],[139.93649,40.428834],[139.936571,40.428937],[139.936815,40.429084],[139.937176,40.429252],[139.937602,40.429484],[139.937735,40.429589],[139.937865,40.429709],[139.938165,40.429934],[139.938365,40.429984],[139.938552,40.430184],[139.938927,40.430117],[139.93929,40.429851],[139.939315,40.429892],[139.939315,40.430367],[139.939902,40.430384],[139.93999,40.430634],[139.939465,40.430726],[139.93964,40.430884],[139.93984,40.43095],[139.939839,40.431017],[139.939402,40.431059],[139.939277,40.431017],[139.939689,40.431509],[139.939602,40.431534],[139.939102,40.431309],[139.938791,40.431773],[139.93869,40.431959],[139.938927,40.432767],[139.939252,40.432809],[139.939277,40.4329],[139.939386,40.433008],[139.939527,40.433155],[139.939577,40.433325],[139.939554,40.433434],[139.939577,40.43355],[139.939839,40.433867],[139.940039,40.4347],[139.940039,40.435167],[139.939864,40.435325],[139.939389,40.435483],[139.939452,40.4358],[139.940014,40.4362],[139.940064,40.4369],[139.939977,40.437233],[139.939914,40.437283],[139.939914,40.4378],[139.940126,40.438199],[139.940276,40.438041],[139.940326,40.438091],[139.940501,40.438558],[139.939976,40.439008],[139.939912,40.439041],[139.939801,40.439099],[139.939764,40.439141],[139.939801,40.439683],[139.939714,40.439974],[139.939939,40.440016],[139.939826,40.440716],[139.939801,40.440691],[139.939676,40.440899],[139.939676,40.441232],[139.939739,40.441416],[139.939701,40.441499],[139.939739,40.441907],[139.939651,40.442132],[139.939639,40.442582],[139.939764,40.442649],[139.939614,40.44289],[139.939376,40.443165],[139.939376,40.443232],[139.939826,40.443365],[139.939826,40.44339],[139.939701,40.443407],[139.939501,40.443907],[139.939313,40.444665],[139.939313,40.445182],[139.939182,40.445395],[139.938938,40.445657],[139.938551,40.44599],[139.938576,40.446032],[139.938622,40.446011],[139.938813,40.446123],[139.938876,40.446865],[139.939051,40.44689],[139.939076,40.446932],[139.938876,40.447115],[139.938638,40.447207],[139.938776,40.447406],[139.939313,40.447498],[139.939838,40.447432],[139.939838,40.447565],[139.939971,40.447923],[139.940313,40.448306],[139.940751,40.448531],[139.94113,40.448805],[139.941575,40.449023],[139.941963,40.449115],[139.942025,40.449181],[139.942163,40.449765],[139.94214,40.450076],[139.9421,40.450265],[139.942138,40.450798],[139.941963,40.451114],[139.941725,40.451364],[139.9414,40.451564],[139.941275,40.451564],[139.941138,40.451514],[139.940925,40.451831],[139.940688,40.452098],[139.940867,40.452267],[139.941013,40.452373],[139.941338,40.452348],[139.941513,40.452506],[139.941725,40.452597],[139.942188,40.453222],[139.94225,40.453564],[139.942175,40.453839],[139.9421,40.454122],[139.942037,40.454614],[139.942067,40.454945],[139.942212,40.455289],[139.942512,40.455805],[139.94245,40.456189],[139.942337,40.456439],[139.9421,40.456389],[139.941975,40.456597],[139.942125,40.456839],[139.942125,40.457222],[139.942029,40.45757],[139.942062,40.45783],[139.942412,40.457938],[139.942562,40.458055],[139.943212,40.459038],[139.943387,40.459872],[139.943324,40.460096],[139.943449,40.460588],[139.943562,40.460771],[139.943624,40.460796],[139.943824,40.462255],[139.944087,40.462679],[139.944174,40.462729],[139.944349,40.463038],[139.944736,40.463513],[139.944974,40.464054],[139.944761,40.465462],[139.944436,40.466162],[139.943936,40.466496],[139.943674,40.466812],[139.943611,40.467037],[139.943753,40.467468],[139.943811,40.467729],[139.943761,40.468004],[139.944111,40.468404],[139.944436,40.46847],[139.944674,40.468629],[139.945286,40.468945],[139.94548,40.469091],[139.945911,40.469754],[139.946023,40.470253],[139.945898,40.470878],[139.946048,40.471528],[139.946073,40.472336],[139.945961,40.472986],[139.945748,40.473036],[139.945748,40.473195],[139.945811,40.473339],[139.945827,40.473477],[139.945835,40.473596],[139.945835,40.473728],[139.945865,40.473908],[139.945923,40.47402],[139.946098,40.474536],[139.946598,40.474919],[139.94666,40.475119],[139.94666,40.475686],[139.946723,40.476111],[139.94686,40.476694],[139.947072,40.478311],[139.947185,40.478827],[139.94716,40.479835],[139.94701,40.480152],[139.946772,40.480444],[139.946597,40.480985],[139.94656,40.48161],[139.946647,40.48231],[139.946535,40.482802],[139.945997,40.483093],[139.94591,40.483452],[139.946184,40.483587],[139.94636,40.483743],[139.946622,40.484101],[139.946997,40.484468],[139.946997,40.484893],[139.946884,40.485451],[139.946172,40.486301],[139.946022,40.486576],[139.946109,40.487026],[139.946347,40.487384],[139.946872,40.487834],[139.947472,40.488259],[139.948109,40.488576],[139.948521,40.488976],[139.948521,40.489276],[139.948609,40.489676],[139.948646,40.490217],[139.947934,40.491426],[139.947871,40.491476],[139.948134,40.491784],[139.948671,40.492192],[139.949046,40.492667],[139.949284,40.493092],[139.949633,40.494525],[139.949871,40.4963],[139.949871,40.497133],[139.949783,40.497917],[139.949546,40.498658],[139.949546,40.499083],[139.94937,40.499625],[139.94927,40.500183],[139.949395,40.5012],[139.949308,40.50185],[139.949095,40.502408],[139.94882,40.502683],[139.94837,40.503091],[139.94812,40.503449],[139.948095,40.503541],[139.94827,40.504083],[139.948508,40.504691],[139.948895,40.506066],[139.948932,40.507124],[139.948857,40.507549],[139.948882,40.508207],[139.948732,40.50929],[139.948545,40.510007],[139.948407,40.510149],[139.948195,40.510549],[139.947632,40.511049],[139.947207,40.51134],[139.94707,40.51139],[139.94667,40.511682],[139.946695,40.512065],[139.947407,40.512848],[139.947507,40.513232],[139.947007,40.514498],[139.946844,40.514657],[139.946495,40.514815],[139.946257,40.514815],[139.945982,40.514906],[139.94572,40.515223],[139.945745,40.515273],[139.946045,40.515265],[139.946282,40.515223],[139.946444,40.515065],[139.94672,40.515035],[139.947069,40.515107],[139.947419,40.515356],[139.947582,40.515648],[139.947857,40.516865],[139.947919,40.517423],[139.947757,40.518706],[139.947744,40.519389],[139.947632,40.519656],[139.947582,40.520289],[139.947569,40.521664],[139.947494,40.522497],[139.947519,40.523514],[139.947319,40.524997],[139.947131,40.52563],[139.946819,40.527297],[139.946656,40.527972],[139.946294,40.529238],[139.945581,40.531988],[139.945293,40.53253],[139.945206,40.533096],[139.945368,40.533521],[139.945493,40.534329],[139.945306,40.535054],[139.945143,40.535479],[139.944995,40.53608],[139.944931,40.536629],[139.944993,40.537087],[139.944918,40.537921],[139.944156,40.54042],[139.943943,40.541054],[139.943193,40.542387],[139.943031,40.542612],[139.942868,40.54322],[139.942956,40.543962],[139.942943,40.544953],[139.942705,40.546011],[139.942143,40.547211],[139.94198,40.547478],[139.941693,40.548136],[139.94143,40.548928],[139.941293,40.549711],[139.941318,40.549711],[139.94103,40.550569],[139.940705,40.551094],[139.94058,40.551253],[139.940043,40.551611],[139.939993,40.551677],[139.94018,40.552561],[139.94018,40.552761],[139.939868,40.553302],[139.939193,40.553711],[139.938918,40.554202],[139.938842,40.554415],[139.938743,40.55461],[139.938555,40.555044],[139.938255,40.555402],[139.937043,40.55626],[139.93643,40.55656],[139.935805,40.55676],[139.93508,40.556877],[139.93438,40.556635],[139.933406,40.55621],[139.933031,40.55596],[139.932593,40.555552],[139.932381,40.555219],[139.932106,40.55526],[139.931893,40.555443],[139.930906,40.556077],[139.930581,40.556193],[139.930093,40.55651],[139.929443,40.556868],[139.929393,40.556943],[139.929368,40.557102],[139.929439,40.55727],[139.929531,40.557393],[139.930131,40.557302],[139.930527,40.557363],[139.930906,40.557435],[139.931531,40.557477],[139.931981,40.557452],[139.932093,40.557768],[139.932018,40.55806],[139.931043,40.558443],[139.930618,40.558651],[139.930106,40.559076],[139.930081,40.559368],[139.930518,40.559576],[139.930818,40.559751],[139.930981,40.560201],[139.931281,40.560318],[139.931443,40.560226],[139.93168,40.560493],[139.93168,40.560651],[139.931605,40.560901],[139.931555,40.560943],[139.931518,40.561143],[139.93123,40.561151],[139.931205,40.561193],[139.931493,40.561301],[139.932005,40.561368],[139.93288,40.561859],[139.933068,40.562018],[139.933318,40.562493],[139.93348,40.563143],[139.93353,40.563776],[139.933518,40.564768],[139.933405,40.565534],[139.932855,40.566842],[139.931868,40.56885],[139.93133,40.569759],[139.930155,40.571967],[139.929255,40.5735],[139.92703,40.576891],[139.925643,40.578741],[139.923955,40.580749],[139.923318,40.581449],[139.92278,40.581924],[139.922105,40.582807],[139.921568,40.583307],[139.920793,40.584182],[139.920368,40.584615],[139.919668,40.585115],[139.918943,40.585474],[139.918405,40.58579],[139.91813,40.585907],[139.917093,40.586115],[139.916431,40.586348],[139.916243,40.586457],[139.915856,40.586665],[139.914306,40.58689],[139.913568,40.586915],[139.913193,40.586873],[139.912981,40.586107],[139.912843,40.58609],[139.912193,40.586157],[139.912006,40.586132],[139.911868,40.586007],[139.911856,40.585923],[139.911606,40.585923],[139.911568,40.586007],[139.911543,40.58614],[139.911468,40.586273],[139.911331,40.586315],[139.911006,40.58634],[139.910906,40.586315],[139.910843,40.586007],[139.910881,40.58539],[139.911168,40.585382],[139.911168,40.585115],[139.911031,40.585115],[139.910864,40.585159],[139.910581,40.585273],[139.910494,40.585273],[139.910394,40.585365],[139.910469,40.585432],[139.910581,40.585432],[139.910556,40.586007],[139.910444,40.586098],[139.910044,40.586232],[139.909281,40.586323],[139.908469,40.586148],[139.908094,40.58619],[139.907269,40.586423],[139.907105,40.586369],[139.906994,40.58624],[139.906856,40.586198],[139.906456,40.586198],[139.906319,40.586156],[139.906244,40.586173],[139.905881,40.58604],[139.905319,40.585698],[139.905294,40.58549],[139.905081,40.585423],[139.904832,40.585515],[139.904382,40.585406],[139.902594,40.584307],[139.901944,40.583973],[139.899995,40.58319],[139.899695,40.58299],[139.899345,40.582673],[139.89897,40.58249],[139.89837,40.582407],[139.89807,40.582207],[139.897695,40.58214],[139.897532,40.58214],[139.89737,40.582073],[139.897232,40.582073],[139.896345,40.581915],[139.89607,40.582048],[139.89597,40.582073],[139.89497,40.582573],[139.893783,40.583006],[139.893545,40.583123],[139.89282,40.583323],[139.891445,40.583398],[139.890658,40.58349],[139.888908,40.58349],[139.888746,40.583515],[139.888158,40.583673],[139.888133,40.583606],[139.887933,40.58359],[139.887458,40.583723],[139.887346,40.583814],[139.887108,40.583906],[139.886621,40.583973],[139.886033,40.584131],[139.885783,40.584248],[139.885683,40.584198],[139.885246,40.584289],[139.885171,40.584473],[139.884458,40.584406],[139.884058,40.584298],[139.883658,40.584006],[139.883271,40.583848],[139.882896,40.583981],[139.882221,40.584123],[139.880709,40.583881],[139.880709,40.583764],[139.880334,40.583656],[139.880171,40.583764],[139.879521,40.583164],[139.879808,40.582891],[139.879471,40.582731],[139.879146,40.582806],[139.878247,40.582648],[139.877609,40.582448],[139.877147,40.582198],[139.876922,40.581889],[139.876522,40.581681],[139.875822,40.581623],[139.875222,40.581664],[139.873022,40.582239],[139.872397,40.582506],[139.871533,40.582758],[139.871035,40.582922],[139.869735,40.583672],[139.868547,40.584464],[139.868085,40.584872],[139.867772,40.585455],[139.867572,40.585722],[139.867485,40.585947],[139.867422,40.586005],[139.867247,40.586355],[139.86716,40.586714],[139.866835,40.587138],[139.866535,40.587405],[139.866447,40.587509],[139.866273,40.587747],[139.866123,40.588147],[139.866048,40.588263],[139.865798,40.588913],[139.865665,40.589174],[139.86556,40.58943],[139.865433,40.589757],[139.865195,40.590162],[139.865022,40.590555],[139.864797,40.591546],[139.864778,40.591695],[139.86476,40.591905],[139.864785,40.592313],[139.865372,40.593513],[139.865172,40.593913],[139.864535,40.594654],[139.864435,40.594696],[139.86416,40.594679],[139.86401,40.594588],[139.863849,40.594594],[139.86366,40.594604],[139.863428,40.594624],[139.86321,40.594646],[139.86271,40.594729],[139.86242,40.594828],[139.862285,40.594862],[139.86181,40.594996],[139.86171,40.595179],[139.861523,40.595246],[139.861448,40.595512],[139.861348,40.595671],[139.861323,40.595829],[139.861285,40.595977],[139.861223,40.596146],[139.861273,40.596237],[139.861548,40.596329],[139.861947,40.596354],[139.862154,40.596371],[139.862422,40.596396],[139.862609,40.596391],[139.862872,40.596312],[139.863007,40.596283],[139.863097,40.596271],[139.863372,40.596179],[139.863702,40.596066],[139.863922,40.595962],[139.864022,40.595937],[139.86441,40.595762],[139.86466,40.595854],[139.864872,40.595987],[139.865197,40.596304],[139.865297,40.596554],[139.865322,40.596987],[139.865197,40.597229],[139.86486,40.597454],[139.864735,40.597587],[139.864535,40.597746],[139.864135,40.59797],[139.86416,40.598037],[139.86396,40.598195],[139.86396,40.598354],[139.86381,40.598487],[139.86381,40.598554],[139.863622,40.59857],[139.863647,40.599045],[139.863622,40.599112],[139.863797,40.599229],[139.864022,40.599295],[139.864022,40.599429],[139.864097,40.599479],[139.864122,40.599454],[139.864172,40.599704],[139.863897,40.599745],[139.863622,40.599629],[139.863222,40.599587],[139.862922,40.59967],[139.862985,40.59997],[139.86281,40.600079],[139.862835,40.60017],[139.862935,40.600237],[139.86291,40.60062],[139.86286,40.600728],[139.862435,40.600953],[139.862322,40.601245],[139.862122,40.601403],[139.862122,40.60147],[139.862247,40.601587],[139.862247,40.601787],[139.861972,40.601987],[139.86106,40.602545],[139.860835,40.602612],[139.860585,40.602545],[139.860535,40.602562],[139.860535,40.602612],[139.86036,40.602745],[139.860325,40.60281],[139.86026,40.602853],[139.85986,40.602761],[139.859635,40.602853],[139.859985,40.603103],[139.860109,40.603183],[139.860185,40.603261],[139.860415,40.603386],[139.86066,40.603445],[139.86071,40.603495],[139.86106,40.603561],[139.861085,40.603536],[139.86136,40.603561],[139.86171,40.603745],[139.861972,40.604111],[139.861897,40.60442],[139.861747,40.604628],[139.861522,40.60467],[139.861222,40.604803],[139.860797,40.604778],[139.860797,40.604845],[139.860985,40.605095],[139.86126,40.605211],[139.861735,40.605486],[139.861735,40.605686],[139.861635,40.605795],[139.861385,40.605861],[139.861337,40.605958],[139.861293,40.606097],[139.861243,40.606285],[139.861147,40.606536],[139.861097,40.606694],[139.861052,40.606817],[139.861097,40.606986],[139.861122,40.607144],[139.861072,40.607261],[139.860897,40.607303],[139.860747,40.607486],[139.860697,40.607594],[139.86041,40.607819],[139.86046,40.607844],[139.860685,40.607844],[139.860717,40.607857],[139.860735,40.607869],[139.86066,40.608111],[139.860685,40.608253],[139.86086,40.608453],[139.861035,40.608569],[139.861135,40.608703],[139.861135,40.608836],[139.86106,40.609019],[139.861085,40.609111],[139.86121,40.609111],[139.86131,40.608977],[139.86136,40.608569],[139.861331,40.60837],[139.861515,40.608154],[139.861747,40.608011],[139.862061,40.608237],[139.862509,40.608536],[139.862834,40.608761],[139.862934,40.609011],[139.862984,40.609369],[139.862734,40.609569],[139.862697,40.609777],[139.862497,40.609819],[139.862247,40.609952],[139.862247,40.610061],[139.862522,40.610152],[139.862522,40.610294],[139.862447,40.610427],[139.862297,40.610494],[139.862206,40.610602],[139.862147,40.610669],[139.861722,40.610711],[139.861672,40.610761],[139.86173,40.61094],[139.861784,40.611052],[139.861734,40.611077],[139.861459,40.611227],[139.861159,40.611319],[139.860709,40.611294],[139.860659,40.611252],[139.860435,40.611202],[139.859985,40.611535],[139.859772,40.611894],[139.859797,40.612169],[139.859872,40.612394],[139.860022,40.612485],[139.860092,40.612511],[139.860172,40.61251],[139.860772,40.612377],[139.860972,40.612444],[139.861047,40.612494],[139.861122,40.612744],[139.861197,40.612852],[139.861122,40.613077],[139.860997,40.61326],[139.860872,40.61326],[139.860747,40.613344],[139.860472,40.613369],[139.860334,40.613452],[139.860084,40.614019],[139.860184,40.614244],[139.860459,40.614244],[139.860809,40.614427],[139.860959,40.614585],[139.861009,40.614727],[139.860947,40.615493],[139.860747,40.615643],[139.860747,40.61576],[139.860897,40.61596],[139.861397,40.61601],[139.861572,40.616127],[139.861797,40.616243],[139.862072,40.61631],[139.862297,40.616468],[139.862547,40.61636],[139.862972,40.616043],[139.863272,40.615893],[139.863497,40.615935],[139.863597,40.616068],[139.863597,40.616143],[139.863372,40.616318],[139.863447,40.616452],[139.863622,40.616568],[139.864096,40.616643],[139.864496,40.616443],[139.864921,40.616627],[139.865221,40.616785],[139.866409,40.617852],[139.866959,40.618218],[139.867184,40.61831],[139.867684,40.618652],[139.867909,40.618918],[139.868258,40.619243],[139.869133,40.619877],[139.869483,40.619968],[139.870458,40.620135],[139.870758,40.620318],[139.871531,40.62057],[139.871796,40.620693],[139.872108,40.620842],[139.872396,40.620935],[139.872721,40.620985],[139.873095,40.621293],[139.873258,40.621768],[139.873258,40.621876],[139.873583,40.622285],[139.873958,40.622535],[139.874183,40.62271],[139.874645,40.622893],[139.874833,40.623026],[139.874995,40.623293],[139.875042,40.62336],[139.875133,40.623426],[139.875345,40.623451],[139.875483,40.62336],[139.875533,40.62336],[139.875808,40.623493],[139.875995,40.62376],[139.876183,40.623918],[139.876395,40.624035],[139.876695,40.624301],[139.876783,40.62466],[139.87702,40.624793],[139.877208,40.62466],[139.877272,40.624706],[139.87737,40.624776],[139.87762,40.624926],[139.87772,40.624951],[139.878107,40.625151],[139.878457,40.625401],[139.87872,40.625535],[139.879132,40.625735],[139.880295,40.626093],[139.880557,40.626268],[139.880807,40.626676],[139.880857,40.626701],[139.88097,40.626651],[139.88127,40.626701],[139.881432,40.62681],[139.881507,40.626835],[139.881807,40.626743],[139.882107,40.626851],[139.882644,40.627276],[139.883269,40.627635],[139.883857,40.62806],[139.884057,40.628335],[139.884057,40.628743],[139.884132,40.628851],[139.884382,40.628959],[139.884594,40.629009],[139.884844,40.629026],[139.885032,40.629143],[139.885357,40.629159],[139.885669,40.629093],[139.885994,40.629134],[139.886244,40.629251],[139.886194,40.629809],[139.886457,40.629901],[139.886519,40.629609],[139.886644,40.629426],[139.886782,40.629451],[139.886944,40.629559],[139.886994,40.629701],[139.887132,40.629834],[139.887244,40.629784],[139.887432,40.629768],[139.887382,40.630059],[139.887594,40.630168],[139.887732,40.630076],[139.888156,40.630234],[139.888518,40.630703],[139.888706,40.630884],[139.88887,40.630822],[139.889056,40.630618],[139.889219,40.630634],[139.889319,40.630543],[139.889294,40.630409],[139.889569,40.630368],[139.889994,40.630451],[139.890181,40.630901],[139.890232,40.630997],[139.890294,40.631084],[139.890619,40.631284],[139.890731,40.631284],[139.891056,40.631193],[139.891269,40.631259],[139.891594,40.631509],[139.891594,40.631618],[139.891294,40.631826],[139.891244,40.632051],[139.891081,40.632159],[139.890981,40.632543],[139.891031,40.632684],[139.891331,40.633018],[139.891424,40.63312],[139.891544,40.633218],[139.891981,40.633126],[139.892219,40.633034],[139.891944,40.632676],[139.891844,40.632476],[139.891869,40.632434],[139.892269,40.632226],[139.892356,40.632226],[139.892644,40.632318],[139.893331,40.632693],[139.893656,40.632968],[139.893756,40.633234],[139.893656,40.633418],[139.893444,40.633601],[139.893144,40.633759],[139.892792,40.63382],[139.892494,40.633868],[139.892169,40.633984],[139.892119,40.634051],[139.891881,40.634501],[139.891994,40.634751],[139.892044,40.635042],[139.892181,40.635359],[139.892206,40.635542],[139.892369,40.635692],[139.892756,40.635984],[139.893131,40.636367],[139.893293,40.636434],[139.893644,40.636753],[139.893831,40.637001],[139.893918,40.637309],[139.894243,40.637559],[139.894431,40.637626],[139.894568,40.637626],[139.894756,40.637559],[139.894893,40.637667],[139.894968,40.637809],[139.895006,40.637984],[139.895131,40.638075],[139.895237,40.638178],[139.895381,40.638234],[139.895593,40.638184],[139.895756,40.6383],[139.895781,40.638434],[139.895981,40.6387],[139.896108,40.638835],[139.896243,40.639059],[139.896331,40.63915],[139.896493,40.639217],[139.896843,40.639192],[139.897056,40.639267],[139.897218,40.639284],[139.897388,40.639319],[139.897593,40.639375],[139.897655,40.639484],[139.897468,40.639709],[139.897405,40.640025],[139.897518,40.640342],[139.89768,40.640609],[139.897772,40.640761],[139.897818,40.640925],[139.897905,40.641292],[139.89823,40.641692],[139.898768,40.642567],[139.898905,40.6427],[139.898993,40.642883],[139.89923,40.643042],[139.899318,40.643067],[139.899505,40.643267],[139.899586,40.643374],[139.899693,40.643492],[139.900018,40.643717],[139.900505,40.64425],[139.900967,40.644475],[139.901242,40.644792],[139.901542,40.64495],[139.901647,40.645068],[139.901705,40.645175],[139.901705,40.64535],[139.901892,40.6456],[139.90208,40.645733],[139.902217,40.645783],[139.902755,40.645866],[139.903105,40.646025],[139.90348,40.645891],[139.903642,40.645908],[139.903967,40.646225],[139.90433,40.646425],[139.904567,40.646491],[139.904842,40.646516],[139.905342,40.646291],[139.905617,40.646108],[139.90578,40.646041],[139.905717,40.645525],[139.90578,40.645367],[139.905767,40.645117],[139.906017,40.645158],[139.906092,40.645317],[139.906042,40.645475],[139.90613,40.6455],[139.906367,40.645408],[139.906555,40.64525],[139.906505,40.645092],[139.906317,40.644975],[139.90623,40.644775],[139.906333,40.644726],[139.906515,40.644658],[139.906649,40.644634],[139.906742,40.644883],[139.907142,40.644867],[139.907392,40.64475],[139.907442,40.644658],[139.907742,40.644458],[139.908004,40.644342],[139.908217,40.644208],[139.908322,40.64415],[139.908514,40.64407],[139.90877,40.644006],[139.908892,40.643959],[139.909192,40.643842],[139.909274,40.64373],[139.909354,40.643659],[139.909474,40.643579],[139.909592,40.6435],[139.909829,40.643417],[139.909942,40.643325],[139.910017,40.6433],[139.910454,40.642867],[139.910879,40.642709],[139.911092,40.642509],[139.911317,40.642459],[139.911529,40.642192],[139.911904,40.642076],[139.912279,40.642117],[139.912717,40.642209],[139.913279,40.642434],[139.913417,40.642884],[139.913579,40.642975],[139.913667,40.642975],[139.913854,40.642859],[139.913954,40.642592],[139.914517,40.642609],[139.914716,40.6427],[139.914654,40.64295],[139.914604,40.643309],[139.914554,40.6436],[139.914579,40.643667],[139.914766,40.643692],[139.914879,40.643484],[139.915016,40.643509],[139.915091,40.643642],[139.915204,40.643642],[139.915304,40.64315],[139.915441,40.643059],[139.915654,40.642992],[139.915866,40.643059],[139.915929,40.643125],[139.915954,40.643259],[139.916083,40.643433],[139.916229,40.643525],[139.916229,40.643775],[139.916116,40.643867],[139.916229,40.644117],[139.916366,40.644267],[139.916479,40.644342],[139.916608,40.644434],[139.916716,40.64445],[139.916904,40.644267],[139.917041,40.644359],[139.917204,40.644767],[139.917204,40.644942],[139.917341,40.645034],[139.917391,40.644942],[139.917416,40.644742],[139.917341,40.644517],[139.917304,40.644242],[139.917441,40.644267],[139.917579,40.644517],[139.917579,40.644625],[139.917691,40.64485],[139.917804,40.6449],[139.917904,40.64491],[139.917991,40.644917],[139.918254,40.645034],[139.918529,40.645075],[139.918579,40.644959],[139.918529,40.644809],[139.918437,40.644718],[139.918391,40.644625],[139.918366,40.644442],[139.918579,40.644334],[139.918791,40.644059],[139.918929,40.643742],[139.918954,40.643767],[139.919216,40.643792],[139.920266,40.643692],[139.920466,40.643717],[139.920591,40.6439],[139.921403,40.644142],[139.921753,40.644184],[139.921953,40.644342],[139.921953,40.644567],[139.922028,40.644617],[139.922241,40.644659],[139.922516,40.644434],[139.922541,40.644342],[139.922703,40.644292],[139.923328,40.644275],[139.923566,40.644184],[139.923753,40.644042],[139.924316,40.644225],[139.924703,40.644492],[139.924728,40.644384],[139.924641,40.644309],[139.924591,40.643976],[139.923591,40.643642],[139.923428,40.643642],[139.923478,40.643351],[139.923803,40.642626],[139.923903,40.642492],[139.924328,40.642151],[139.924278,40.641992],[139.924328,40.641926],[139.924416,40.641901],[139.924791,40.642059],[139.925491,40.642126],[139.925603,40.642326],[139.925766,40.642392],[139.926066,40.642392],[139.92749,40.642342],[139.92784,40.642367],[139.92824,40.642476],[139.928278,40.642542],[139.929165,40.643151],[139.92949,40.643442],[139.92974,40.643734],[139.929953,40.644592],[139.929928,40.644884],[139.929878,40.644992],[139.92974,40.645059],[139.929715,40.645309],[139.929615,40.645492],[139.929315,40.645625],[139.929128,40.645559],[139.92869,40.645609],[139.928478,40.645559],[139.92834,40.645475],[139.928428,40.645317],[139.92794,40.644975],[139.927753,40.645092],[139.927315,40.645275],[139.927028,40.645525],[139.926678,40.646042],[139.926253,40.647075],[139.92639,40.647325],[139.927278,40.6482],[139.92744,40.648425],[139.927365,40.6489],[139.927425,40.64906],[139.927503,40.649192],[139.927827,40.649733],[139.928015,40.649908],[139.928377,40.650541],[139.92859,40.650741],[139.92884,40.650766],[139.929002,40.651083],[139.929115,40.65155],[139.92939,40.652658],[139.92939,40.652816],[139.929115,40.652974],[139.928852,40.653066],[139.92864,40.653241],[139.928482,40.653389],[139.92829,40.653449],[139.92794,40.653424],[139.927802,40.653566],[139.927665,40.653583],[139.92734,40.653858],[139.927377,40.653899],[139.927419,40.653981],[139.927427,40.654057],[139.92729,40.654307],[139.927452,40.654491],[139.927777,40.654374],[139.928365,40.654008],[139.92869,40.653741],[139.928905,40.653677],[139.929065,40.653691],[139.929152,40.653716],[139.929577,40.653558],[139.92974,40.653358],[139.929952,40.653124],[139.93009,40.653058],[139.930302,40.653124],[139.93069,40.653124],[139.931439,40.653099],[139.932139,40.653166],[139.934739,40.654308],[139.935439,40.654258],[139.935814,40.654349],[139.936189,40.654616],[139.936876,40.655224],[139.937089,40.655566],[139.937139,40.655766],[139.937064,40.656016],[139.936739,40.656399],[139.936714,40.656574],[139.936776,40.657341],[139.936589,40.657524],[139.936264,40.657565],[139.936205,40.657716],[139.936326,40.658832],[139.936539,40.659007],[139.936864,40.659165],[139.937164,40.659415],[139.937364,40.659732],[139.937464,40.659999],[139.937464,40.660157],[139.937414,40.66029],[139.937089,40.660515],[139.936964,40.66054],[139.936526,40.660432],[139.936379,40.660535],[139.936264,40.660615],[139.936131,40.660714],[139.936014,40.66079],[139.935776,40.660932],[139.935776,40.66104],[139.935851,40.66109],[139.935939,40.661223],[139.936101,40.661223],[139.936339,40.66129],[139.936639,40.661215],[139.936876,40.661332],[139.937014,40.661582],[139.936639,40.661965],[139.936701,40.662098],[139.936651,40.662207],[139.936726,40.662415],[139.936589,40.662523],[139.936376,40.662548],[139.936264,40.662598],[139.936114,40.662615],[139.936051,40.662731],[139.936276,40.663206],[139.936464,40.66334],[139.936351,40.663498],[139.936139,40.663381],[139.936089,40.663406],[139.936139,40.663565],[139.935951,40.663498],[139.935876,40.663498],[139.935489,40.663206],[139.935439,40.663231],[139.935576,40.663406],[139.936114,40.66444],[139.936276,40.664398],[139.936339,40.664215],[139.936414,40.664173],[139.936414,40.664215],[139.936526,40.664281],[139.936551,40.66424],[139.936689,40.664256],[139.937013,40.66424],[139.937138,40.664306],[139.937363,40.664215],[139.937513,40.664006],[139.937713,40.664098],[139.937688,40.664281],[139.937788,40.664415],[139.937951,40.664348],[139.938276,40.66439],[139.938413,40.664523],[139.938413,40.664681],[139.938363,40.664773],[139.938363,40.664906],[139.938713,40.665065],[139.938688,40.665264],[139.938653,40.665447],[139.938576,40.665606],[139.938338,40.665631],[139.938226,40.665606],[139.938176,40.665764],[139.938526,40.666239],[139.938501,40.666464],[139.938563,40.666598],[139.938826,40.666639],[139.938826,40.666689],[139.939051,40.667114],[139.939151,40.667139],[139.939288,40.667298],[139.939288,40.667456],[139.939213,40.667656],[139.939163,40.667697],[139.939076,40.667922],[139.938888,40.668131],[139.938651,40.668239],[139.938358,40.668355],[139.938063,40.668406],[139.937651,40.668581],[139.937434,40.668581],[139.937326,40.668672],[139.937176,40.668722],[139.937113,40.668989],[139.936963,40.669239],[139.937226,40.669331],[139.937063,40.669389],[139.936863,40.669389],[139.936788,40.669405],[139.936676,40.669364],[139.936426,40.669364],[139.936126,40.669547],[139.935988,40.669705],[139.935876,40.669997],[139.935988,40.670105],[139.936263,40.670264],[139.936613,40.670289],[139.936726,40.670405],[139.936726,40.670605],[139.936788,40.670747],[139.936613,40.671014],[139.936613,40.671172],[139.936726,40.671305],[139.936676,40.671397],[139.936501,40.671514],[139.936563,40.671714],[139.936813,40.671805],[139.937088,40.671714],[139.937251,40.67138],[139.937851,40.671422],[139.938051,40.671489],[139.938488,40.671447],[139.93865,40.67133],[139.938788,40.671155],[139.938825,40.671039],[139.939038,40.670789],[139.9392,40.67043],[139.939488,40.670247],[139.939925,40.669864],[139.940063,40.669689],[139.940363,40.669456],[139.94045,40.669331],[139.940625,40.669072],[139.940925,40.669006],[139.941,40.668889],[139.94095,40.668847],[139.941,40.668797],[139.941325,40.668164],[139.941375,40.667831],[139.9418,40.667714],[139.942613,40.667714],[139.943013,40.667798],[139.94345,40.667823],[139.943825,40.668048],[139.943963,40.668298],[139.944263,40.668339],[139.94445,40.668064],[139.944663,40.668089],[139.945363,40.668356],[139.94605,40.668831],[139.9468,40.668848],[139.947425,40.669031],[139.947775,40.669206],[139.948462,40.669567],[139.949537,40.669989],[139.950112,40.670131],[139.950575,40.670306],[139.951024,40.670556],[139.951924,40.671489],[139.952474,40.672189],[139.952562,40.672481],[139.952812,40.672931],[139.953637,40.673256],[139.954012,40.673456],[139.954399,40.673614],[139.954736,40.673822],[139.954986,40.674022],[139.955174,40.674272],[139.955336,40.674564],[139.955749,40.675022],[139.956636,40.675739],[139.957261,40.676539],[139.957561,40.676764],[139.957924,40.677255],[139.958223,40.67798],[139.958448,40.67873],[139.95856,40.678893],[139.958798,40.67893],[139.959073,40.67893],[139.959798,40.679322],[139.961498,40.680472],[139.962598,40.681422],[139.963098,40.681763],[139.96351,40.68213],[139.963698,40.682238],[139.964085,40.682647],[139.964935,40.683805],[139.965323,40.684547],[139.965597,40.68498],[139.965847,40.685563],[139.96601,40.68613],[139.96606,40.686696],[139.966035,40.687038],[139.965897,40.687671],[139.96601,40.687938],[139.966197,40.688688],[139.966635,40.688888],[139.966747,40.689071],[139.96691,40.689796],[139.966797,40.690063],[139.96666,40.690679],[139.966697,40.691038],[139.96711,40.691404],[139.967684,40.692013],[139.967984,40.692421],[139.968347,40.693054],[139.968559,40.693596],[139.968834,40.694862],[139.968834,40.695971],[139.968997,40.696645],[139.968922,40.697054],[139.968359,40.69762],[139.968034,40.697729],[139.967922,40.697845],[139.967922,40.698162],[139.967759,40.698295],[139.967647,40.698295],[139.967347,40.698004],[139.967184,40.698004],[139.967122,40.698045],[139.966797,40.69802],[139.966772,40.698112],[139.966709,40.698362],[139.966772,40.698428],[139.966934,40.698412],[139.967009,40.69852],[139.966934,40.698703],[139.966959,40.698812],[139.966934,40.69897],[139.967072,40.699112],[139.967596,40.699312],[139.967734,40.699445],[139.967784,40.699678],[139.968034,40.69972],[139.968034,40.699678],[139.968334,40.699653],[139.968859,40.699678],[139.968971,40.699653],[139.969021,40.699612],[139.969184,40.699628],[139.969321,40.699903],[139.969459,40.69997],[139.969771,40.699903],[139.970159,40.699679],[139.970534,40.699953],[139.970921,40.700445],[139.971221,40.700587],[139.972296,40.70072],[139.972746,40.700878],[139.972908,40.701103],[139.972883,40.701287],[139.973071,40.70172],[139.973346,40.702053],[139.973571,40.70217],[139.973871,40.70217],[139.974421,40.702237],[139.974583,40.702303],[139.974583,40.702328],[139.974533,40.702328],[139.974371,40.702445],[139.974283,40.702578],[139.974371,40.702778],[139.974558,40.702845],[139.974721,40.70287],[139.974808,40.702987],[139.975028,40.702977],[139.975196,40.702853],[139.975404,40.702804],[139.975546,40.702803],[139.975758,40.702789],[139.976021,40.702578],[139.976371,40.702287],[139.976733,40.70217],[139.977095,40.70217],[139.977783,40.702354],[139.978083,40.702512],[139.978245,40.702562],[139.978583,40.702762],[139.979295,40.703262],[139.97957,40.703554],[139.979658,40.703554],[139.979708,40.703604],[139.979658,40.703645],[139.98012,40.704029],[139.981607,40.705503],[139.981832,40.70607],[139.98202,40.706362],[139.982482,40.707153],[139.982795,40.707945],[139.983037,40.708621],[139.983419,40.709145],[139.983869,40.709503],[139.984169,40.70987],[139.984444,40.710095],[139.984694,40.710136],[139.984832,40.710228],[139.984857,40.71032],[139.986369,40.712519],[139.986969,40.713486],[139.987331,40.714503],[139.987694,40.715952],[139.987694,40.716244],[139.987519,40.716586],[139.987331,40.716769],[139.986994,40.717177],[139.986919,40.717469],[139.986606,40.718169],[139.986081,40.71896],[139.985806,40.719227],[139.985669,40.719477],[139.985256,40.719835],[139.985094,40.71991],[139.984794,40.720152],[139.984656,40.72031],[139.984406,40.720768],[139.984392,40.720952],[139.984431,40.721085],[139.984619,40.721168],[139.985044,40.72106],[139.985206,40.720968],[139.985281,40.72081],[139.985426,40.72069],[139.985456,40.720702],[139.985456,40.720835],[139.985369,40.720927],[139.985344,40.721035],[139.985481,40.721193],[139.985644,40.721285],[139.985831,40.721443],[139.986081,40.72156],[139.986281,40.721743],[139.986468,40.72181],[139.986531,40.721918],[139.986631,40.721985],[139.986968,40.72201],[139.987131,40.721918],[139.987156,40.72151],[139.986993,40.721335],[139.986768,40.721177],[139.986144,40.72081],[139.986119,40.720743],[139.986169,40.720677],[139.986306,40.720652],[139.986493,40.720719],[139.986718,40.72086],[139.987268,40.721044],[139.987793,40.721335],[139.988093,40.721427],[139.988268,40.72156],[139.988568,40.721943],[139.988818,40.722168],[139.989531,40.722893],[139.989643,40.723143],[139.98983,40.723802],[139.99033,40.724793],[139.990543,40.725318],[139.991068,40.725951],[139.991268,40.726243],[139.99173,40.72731],[139.992143,40.728659],[139.992305,40.728893],[139.99283,40.729343],[139.99308,40.729634],[139.993305,40.729976],[139.99338,40.730634],[139.99333,40.731176],[139.99313,40.731851],[139.993217,40.731984],[139.993542,40.732167],[139.993705,40.732217],[139.993905,40.732376],[139.994155,40.732642],[139.994267,40.733142],[139.99423,40.733209],[139.99393,40.733459],[139.993705,40.733551],[139.993655,40.733684],[139.993742,40.734001],[139.993842,40.734226],[139.994042,40.734476],[139.994042,40.734567],[139.993929,40.734725],[139.993979,40.734859],[139.994042,40.734909],[139.994429,40.734925],[139.994729,40.734909],[139.995117,40.734926],[139.996513,40.735368],[139.997804,40.735601],[139.998404,40.735917],[139.998629,40.736126],[139.999904,40.737459],[140.000129,40.738],[140.000166,40.7382],[140.000429,40.738792],[140.000754,40.739267],[140.000591,40.739917],[139.999579,40.741292],[139.998504,40.741783],[139.997854,40.742141],[139.997404,40.742483],[139.997491,40.742775],[139.998204,40.743225],[139.998704,40.743458],[139.999328,40.743866],[139.999441,40.744116],[139.999353,40.744658],[139.999728,40.745266],[140.000116,40.745358],[140.000503,40.745091],[140.000566,40.744858],[140.001453,40.744525],[140.001877,40.744447],[140.002432,40.744242],[140.002791,40.743966],[140.004341,40.743475],[140.00499,40.743408],[140.005765,40.74375],[140.006828,40.744658],[140.007003,40.744775],[140.00884,40.745433],[140.010702,40.74605],[140.01164,40.7466],[140.01259,40.746692],[140.013014,40.746758],[140.013577,40.746967],[140.014077,40.747325],[140.014689,40.747717],[140.015439,40.747967],[140.015764,40.748033],[140.016589,40.748108],[140.016739,40.748175],[140.018926,40.749941],[140.019601,40.750325],[140.020614,40.750533],[140.021326,40.7504],[140.022476,40.749975],[140.023426,40.749917],[140.024851,40.750008],[140.025975,40.750325],[140.0266,40.750733],[140.027013,40.751233],[140.0271,40.7518],[140.027363,40.752458],[140.027638,40.752991],[140.028025,40.753741],[140.028375,40.754283],[140.028937,40.754641],[140.0293,40.754775],[140.0301,40.755183],[140.030687,40.75555],[140.031225,40.756116],[140.031937,40.757533],[140.032112,40.758124],[140.032149,40.758391],[140.031912,40.758366],[140.031637,40.758666],[140.031637,40.759182],[140.031724,40.759407],[140.031962,40.759407],[140.032562,40.759049],[140.033424,40.759882],[140.033962,40.760474],[140.034524,40.760766],[140.035236,40.760966],[140.036161,40.761332],[140.036661,40.761674],[140.037549,40.762849],[140.038061,40.762957],[140.039186,40.763141],[140.040136,40.763232],[140.040198,40.763482],[140.040311,40.763549],[140.040348,40.763482],[140.040548,40.763482],[140.043823,40.763824],[140.04456,40.764008],[140.044585,40.764141],[140.044948,40.764299],[140.044973,40.764258],[140.04506,40.764258],[140.045573,40.764757],[140.04596,40.765024],[140.047235,40.765232],[140.047362,40.765265],[140.047514,40.765267],[140.047797,40.765141],[140.048185,40.765049],[140.048335,40.765208],[140.048447,40.765574],[140.048722,40.765891],[140.04926,40.766049],[140.049372,40.766224],[140.049697,40.766207],[140.049872,40.766366],[140.050172,40.766299],[140.050235,40.766249],[140.05041,40.766341],[140.050772,40.766724],[140.051034,40.766932],[140.051272,40.767249],[140.051072,40.767741],[140.050972,40.767857],[140.050947,40.768022],[140.050972,40.768032],[140.051247,40.767966],[140.051288,40.767987],[140.051272,40.768216],[140.051397,40.768282],[140.051722,40.768191],[140.051751,40.768206],[140.051684,40.768466],[140.051959,40.768582],[140.051897,40.768732],[140.052134,40.768782],[140.052222,40.768824],[140.052409,40.769007],[140.052584,40.768824],[140.052697,40.768849],[140.052909,40.769166],[140.053472,40.769074],[140.05379,40.768966],[140.054159,40.768766],[140.054896,40.768382],[140.055196,40.768424],[140.055784,40.768857],[140.056271,40.768966],[140.057246,40.768883],[140.057546,40.768766],[140.057721,40.768499],[140.058321,40.768366],[140.059708,40.768141],[140.060096,40.768208],[140.060546,40.768166],[140.061283,40.767916],[140.062033,40.767733],[140.062558,40.767466],[140.062813,40.767382],[140.063246,40.767241],[140.063546,40.767041],[140.063696,40.766725],[140.064083,40.766658],[140.064471,40.767133],[140.064883,40.767016],[140.065445,40.766816],[140.066183,40.766142],[140.066308,40.765933],[140.067552,40.765495],[140.067908,40.765508],[140.068105,40.765479],[140.068295,40.7654],[140.068558,40.765283],[140.068913,40.765045],[140.069458,40.764542],[140.06972,40.764317],[140.070558,40.763417],[140.071208,40.762809],[140.071945,40.762201],[140.073845,40.760867],[140.074745,40.760284],[140.075545,40.759859],[140.076407,40.759584],[140.076707,40.759543],[140.077357,40.759384],[140.07792,40.759184],[140.079232,40.758826],[140.080445,40.758535],[140.081219,40.758493],[140.082194,40.758535],[140.084194,40.758518],[140.084332,40.75861],[140.084694,40.75861],[140.085019,40.758426],[140.085319,40.757935],[140.086232,40.757302],[140.087219,40.756877],[140.088231,40.756602],[140.088669,40.756668],[140.088969,40.75676],[140.089094,40.756743],[140.089056,40.756377],[140.089806,40.756335],[140.090544,40.756385],[140.090569,40.75586],[140.090544,40.755477],[140.090431,40.755452],[140.090369,40.755477],[140.090244,40.756177],[140.089569,40.756152],[140.089381,40.75611],[140.089269,40.755885],[140.088969,40.755819],[140.088881,40.755677],[140.088994,40.755202],[140.089094,40.755094],[140.089144,40.755094],[140.089269,40.754819],[140.089231,40.754352],[140.089094,40.75421],[140.088644,40.752661],[140.088507,40.752394],[140.089219,40.752286],[140.090082,40.752219],[140.090132,40.752202],[140.089907,40.751569],[140.089932,40.750977],[140.090532,40.750486],[140.092044,40.749494],[140.092619,40.749294],[140.092757,40.749211],[140.093269,40.748669],[140.093631,40.748378],[140.094794,40.747545],[140.095894,40.746828],[140.096806,40.746495],[140.097844,40.746203],[140.100106,40.745462],[140.100756,40.745245],[140.100856,40.745312],[140.101144,40.745178],[140.101144,40.745112],[140.101568,40.744953],[140.101831,40.744953],[140.102043,40.744862],[140.102093,40.74477],[140.102806,40.744478],[140.104981,40.743904],[140.106318,40.743687],[140.106856,40.743462],[140.107568,40.743279],[140.108068,40.743212],[140.108805,40.742995],[140.109602,40.742676],[140.110687,40.742171],[140.111818,40.741646],[140.11238,40.741512],[140.113355,40.741471],[140.115142,40.741146],[140.115967,40.741104],[140.116617,40.741304],[140.11733,40.741329],[140.118155,40.741471],[140.118954,40.741838],[140.121004,40.742179],[140.121129,40.742179],[140.121541,40.742074],[140.123441,40.742796],[140.124966,40.743546],[140.125728,40.743896],[140.126741,40.744146],[140.127541,40.744404],[140.128241,40.744746],[140.130015,40.745238],[140.130878,40.745538],[140.131228,40.745696],[140.133377,40.746413],[140.134265,40.746821],[140.135002,40.747121],[140.135686,40.747375],[140.136302,40.747588],[140.137364,40.748021],[140.138833,40.748836],[140.140476,40.749671],[140.141426,40.750038],[140.142276,40.750513],[140.143202,40.751087],[140.143873,40.751534],[140.144388,40.751954],[140.144688,40.752246],[140.144843,40.75235],[140.145151,40.752563],[140.1454,40.752663],[140.147288,40.754154],[140.148,40.754521],[140.149062,40.754746],[140.149925,40.755162],[140.1511,40.756046],[140.15175,40.756662],[140.152201,40.756972],[140.152599,40.757346],[140.153249,40.757937],[140.154037,40.758596],[140.155187,40.759437],[140.155487,40.759546],[140.156224,40.759646],[140.156699,40.759779],[140.157086,40.759987],[140.157474,40.760121],[140.157586,40.760212],[140.157949,40.760304],[140.158624,40.760671],[140.160299,40.761971],[140.160773,40.762471],[140.161386,40.762904],[140.162273,40.763404],[140.164361,40.765245],[140.165048,40.765812],[140.165835,40.766879],[140.166598,40.767237],[140.167135,40.767654],[140.167398,40.768079],[140.167485,40.768553],[140.167898,40.769012],[140.168535,40.769603],[140.171672,40.771178],[140.172147,40.771353],[140.173147,40.771903],[140.175222,40.772887],[140.176309,40.773303],[140.177384,40.773595],[140.178597,40.773895],[140.181672,40.774595],[140.183184,40.775078],[140.184659,40.775878],[140.185309,40.776487],[140.185959,40.777012],[140.186546,40.777603],[140.187046,40.77837],[140.187471,40.779412],[140.188158,40.780253],[140.188921,40.78107],[140.189446,40.78157],[140.190246,40.782136],[140.191608,40.782728],[140.192646,40.783011],[140.193646,40.78322],[140.194383,40.783561],[140.195295,40.784261],[140.195395,40.784286],[140.195958,40.784245],[140.196783,40.783936],[140.197708,40.783537],[140.198658,40.783287],[140.199558,40.783295],[140.200358,40.783503],[140.201033,40.783937],[140.201795,40.784478],[140.202482,40.785028],[140.203245,40.785503],[140.20402,40.785737],[140.204757,40.785762],[140.205357,40.785537],[140.205745,40.785087],[140.20607,40.784503],[140.205245,40.784228],[140.207107,40.781012],[140.207795,40.780679],[140.208032,40.780854],[140.20877,40.781587],[140.209182,40.782037],[140.20927,40.782087],[140.21037,40.781504],[140.211057,40.781104],[140.210557,40.780171],[140.210982,40.779971],[140.213157,40.779196],[140.214019,40.778879],[140.215469,40.778954],[140.217044,40.778988],[140.217907,40.778971],[140.219144,40.779204],[140.219769,40.779071],[140.220173,40.779016],[140.22082,40.77914],[140.221169,40.779263],[140.221794,40.779288],[140.222119,40.779354],[140.224894,40.780496],[140.226931,40.781479],[140.228031,40.781938],[140.228144,40.781963],[140.228968,40.782421],[140.229956,40.782896],[140.230743,40.783421],[140.231718,40.783971],[140.232781,40.784538],[140.233618,40.784954],[140.234531,40.785471],[140.23618,40.786812],[140.237505,40.787729],[140.23778,40.787837],[140.238193,40.788204],[140.23863,40.788746],[140.239455,40.789454],[140.239893,40.789929],[140.23993,40.790045],[140.240393,40.790454],[140.241105,40.790979],[140.24178,40.791654],[140.243105,40.793204],[140.243667,40.793654],[140.24423,40.79422],[140.24488,40.79477],[140.245667,40.795853],[140.246467,40.796537],[140.246487,40.796477],[140.246705,40.796612],[140.246755,40.796728],[140.24703,40.796978],[140.247567,40.797578],[140.248167,40.798586],[140.248367,40.798861],[140.248667,40.798995],[140.248967,40.799261],[140.249629,40.800161],[140.249867,40.800495],[140.250067,40.800836],[140.250367,40.801195],[140.250754,40.801486],[140.251592,40.802469],[140.251824,40.802808],[140.252104,40.803144],[140.253142,40.804394],[140.253354,40.804736],[140.253416,40.805053],[140.253504,40.805136],[140.253891,40.805386],[140.254466,40.805911],[140.254754,40.806661],[140.256004,40.808036],[140.256191,40.808461],[140.256454,40.808861],[140.256666,40.809269],[140.256841,40.809427],[140.257116,40.809827],[140.258079,40.81171],[140.258166,40.811827],[140.258341,40.81216],[140.258903,40.812702],[140.259653,40.813685],[140.259978,40.814268],[140.260191,40.814877],[140.260253,40.81521],[140.260441,40.815568],[140.260916,40.816018],[140.261328,40.816627],[140.261716,40.817118],[140.262016,40.817685],[140.262828,40.818826],[140.26309,40.819276],[140.26384,40.820351],[140.264315,40.821651],[140.264415,40.821809],[140.265065,40.822509],[140.265753,40.823692],[140.26599,40.824259],[140.266203,40.824859],[140.266678,40.825467],[140.267253,40.826392],[140.26764,40.827425],[140.26809,40.828159],[140.268215,40.82825],[140.268502,40.828634],[140.268865,40.829017],[140.26904,40.829375],[140.269252,40.830292],[140.269527,40.830767],[140.269827,40.831708],[140.27019,40.832292],[140.270515,40.833258],[140.270727,40.833683],[140.271352,40.8344],[140.27139,40.834675],[140.271502,40.8351],[140.271777,40.835616],[140.271883,40.835779],[140.272015,40.835908],[140.272227,40.835991],[140.272577,40.836508],[140.272802,40.836916],[140.272989,40.837408],[140.273127,40.837908],[140.273789,40.839441],[140.274064,40.839799],[140.274502,40.841216],[140.274839,40.841982],[140.276314,40.844799],[140.276814,40.845815],[140.277064,40.84649],[140.277276,40.847282],[140.277451,40.847682],[140.278326,40.84944],[140.279564,40.852281],[140.279926,40.852756],[140.280063,40.853023],[140.280276,40.853631],[140.280551,40.854081],[140.280888,40.855164],[140.281188,40.855789],[140.281601,40.856514],[140.281713,40.857122],[140.281926,40.85773],[140.282313,40.858205],[140.282613,40.858763],[140.283138,40.860138],[140.283388,40.861022],[140.283713,40.861805],[140.284438,40.863455],[140.284788,40.864738],[140.285225,40.865479],[140.285888,40.866812],[140.2868,40.86962],[140.2873,40.870479],[140.287375,40.871045],[140.287762,40.872753],[140.288037,40.87332],[140.288787,40.875145],[140.289137,40.876469],[140.289524,40.877286],[140.289937,40.878636],[140.290024,40.879219],[140.290462,40.880052],[140.290649,40.880661],[140.290624,40.880711],[140.292136,40.884219],[140.292499,40.885777],[140.292636,40.886043],[140.292911,40.886427],[140.293274,40.888185],[140.293436,40.888368],[140.293511,40.888793],[140.293711,40.889243],[140.293849,40.88981],[140.293786,40.889985],[140.294011,40.890618],[140.294423,40.891501],[140.294648,40.892334],[140.294898,40.893076],[140.295523,40.894359],[140.295798,40.895617],[140.296073,40.896367],[140.296348,40.897875],[140.296548,40.898367],[140.29676,40.89875],[140.296985,40.899425],[140.297185,40.900217],[140.297423,40.9017],[140.29801,40.903283],[140.29826,40.904341],[140.298535,40.9049],[140.298947,40.906316],[140.299572,40.908908],[140.299847,40.909474],[140.30016,40.910241],[140.300685,40.912624],[140.300822,40.913466],[140.301059,40.914157],[140.301372,40.914815],[140.301647,40.915757],[140.301859,40.91684],[140.302247,40.918757],[140.302497,40.91959],[140.302709,40.920215],[140.302959,40.921473],[140.303259,40.92254],[140.303371,40.923181],[140.303884,40.925248],[140.304346,40.927448],[140.304708,40.928806],[140.305121,40.929922],[140.305221,40.930506],[140.305571,40.93193],[140.306046,40.933522],[140.306058,40.93428],[140.306245,40.935097],[140.306958,40.937422],[140.306983,40.938097],[140.307133,40.93888],[140.30737,40.939713],[140.30757,40.940221],[140.308007,40.941763],[140.308057,40.942163],[140.308457,40.943921],[140.308532,40.944904],[140.308857,40.946137],[140.308982,40.946896],[140.309582,40.948737],[140.309669,40.949262],[140.309919,40.950137],[140.310057,40.951078],[140.310157,40.95252],[140.310219,40.95272],[140.310269,40.953311],[140.310594,40.954786],[140.310669,40.955511],[140.310906,40.956203],[140.311044,40.956778],[140.311244,40.957986],[140.311206,40.958561],[140.311431,40.960019],[140.311769,40.961302],[140.312368,40.963277],[140.312468,40.964035],[140.312681,40.964727],[140.312843,40.965519],[140.312943,40.966435],[140.313331,40.968385],[140.313393,40.969335],[140.31363,40.97011],[140.31398,40.972543],[140.314593,40.975301],[140.314842,40.977626],[140.315205,40.979526],[140.315267,40.980775],[140.315692,40.983092],[140.315917,40.983992],[140.315942,40.984575],[140.316079,40.985217],[140.316192,40.985467],[140.316392,40.986333],[140.316567,40.987933],[140.316679,40.98865],[140.316767,40.990175],[140.316892,40.990883],[140.316929,40.9915],[140.316991,40.991724],[140.317141,40.993641],[140.317254,40.994558],[140.317441,40.995233],[140.317766,40.996616],[140.317854,40.997224],[140.317991,40.997732],[140.318106,40.998327],[140.318178,40.998841],[140.318285,40.999371],[140.318391,40.999824],[140.318441,41.000149],[140.318391,41.000807],[140.318466,41.001524],[140.318603,41.00219],[140.318616,41.00264],[140.318591,41.003057],[140.318666,41.003532],[140.318866,41.004182],[140.319116,41.005782],[140.319253,41.008081],[140.319278,41.008873],[140.319503,41.010581],[140.31964,41.011306],[140.31971,41.011794],[140.319853,41.012406],[140.320003,41.013648],[140.320102,41.014256],[140.320102,41.014639],[140.320327,41.015647],[140.320302,41.016281],[140.32044,41.016981],[140.32049,41.017047],[140.320715,41.019255],[140.321015,41.020922],[140.32099,41.021555],[140.321327,41.02493],[140.321602,41.026396],[140.321664,41.027888],[140.321764,41.028354],[140.321714,41.030496],[140.321723,41.030831],[140.326865,41.033098],[140.331956,41.035099],[140.335544,41.037351],[140.339634,41.038685],[140.343139,41.039102],[140.347646,41.038685],[140.353571,41.037851],[140.356909,41.037517],[140.359413,41.038184],[140.363168,41.040686],[140.369427,41.042854],[140.375353,41.044021],[140.381946,41.043354],[140.384632,41.042768],[140.384496,41.042663],[140.384196,41.042013],[140.384259,41.041763],[140.384521,41.041513],[140.384909,41.041263],[140.385371,41.04103],[140.385759,41.04078],[140.386059,41.040372],[140.386259,41.039963],[140.386471,41.039805],[140.390608,41.03998],[140.392721,41.040122],[140.394183,41.04013],[140.39597,41.04003],[140.39847,41.040014],[140.400782,41.039889],[140.401857,41.039814],[140.402632,41.039672],[140.403107,41.039489],[140.403157,41.039031],[140.40392,41.038239],[140.404457,41.037622],[140.405257,41.037306],[140.406082,41.036189],[140.40672,41.034806],[140.407007,41.034531],[140.40707,41.034423],[140.407182,41.033881],[140.40762,41.032431],[140.407932,41.032065],[140.408382,41.031881],[140.409982,41.031665],[140.410257,41.031531],[140.411082,41.03089],[140.411519,41.030348],[140.412194,41.029623],[140.413732,41.028099],[140.414407,41.027482],[140.414644,41.027657],[140.414832,41.027907],[140.414982,41.027907],[140.415332,41.027207],[140.415407,41.026615],[140.415369,41.025982],[140.415244,41.025266],[140.414944,41.024657],[140.414582,41.024091],[140.414007,41.023399],[140.41384,41.022957],[140.413632,41.022407],[140.413394,41.021999],[140.413419,41.021508],[140.413707,41.020666],[140.413707,41.020533],[140.413407,41.020283],[140.41132,41.019691],[140.411082,41.019533],[140.411132,41.019149],[140.411732,41.017],[140.411782,41.01655],[140.411582,41.0165],[140.411407,41.016525],[140.410632,41.016758],[140.409083,41.017083],[140.408433,41.017291],[140.408083,41.017633],[140.40682,41.019541],[140.405558,41.021307],[140.404745,41.022624],[140.401796,41.023049],[140.400108,41.02324],[140.399658,41.023249],[140.398883,41.020449],[140.398571,41.019666],[140.398059,41.018899],[140.397546,41.018357],[140.396921,41.018232],[140.395859,41.018232],[140.394846,41.018291],[140.392884,41.018482],[140.392259,41.018824],[140.392109,41.019032],[140.392021,41.02154],[140.392059,41.022349],[140.391971,41.023048],[140.388459,41.022373],[140.387047,41.022048],[140.385522,41.021332],[140.384535,41.020824],[140.382985,41.02009],[140.382897,41.020024],[140.382747,41.019974],[140.381823,41.019865],[140.379323,41.019457],[140.378685,41.019415],[140.377648,41.019224],[140.376486,41.018707],[140.376186,41.018532],[140.374561,41.017799],[140.372498,41.016974],[140.371464,41.016546],[140.371211,41.016424],[140.370661,41.016065],[140.370249,41.015657],[140.369586,41.014874],[140.369036,41.014282],[140.368461,41.013749],[140.367274,41.012482],[140.366949,41.012082],[140.367574,41.011874],[140.368537,41.011624],[140.370549,41.010999],[140.371465,41.010905],[140.372436,41.010741],[140.373086,41.010491],[140.373361,41.010308],[140.374061,41.009641],[140.374386,41.009466],[140.376998,41.007725],[140.378261,41.006841],[140.378561,41.006566],[140.379236,41.005683],[140.379936,41.004617],[140.380673,41.003634],[140.381498,41.002659],[140.381523,41.002642],[140.381561,41.002617],[140.381861,41.002192],[140.382061,41.001559],[140.382123,40.999726],[140.382011,40.998467],[140.381973,40.997418],[140.382111,40.996634],[140.382486,40.995868],[140.383098,40.995134],[140.384098,40.994201],[140.384373,40.994001],[140.385161,40.99321],[140.386986,40.991268],[140.387723,40.990402],[140.390361,40.987685],[140.390898,40.986911],[140.391598,40.985569],[140.391835,40.984777],[140.392111,40.983211],[140.392386,40.980586],[140.392386,40.980003],[140.392298,40.979053],[140.391986,40.978136],[140.391848,40.977803],[140.391273,40.976887],[140.390636,40.976028],[140.390024,40.975345],[140.387886,40.973412],[140.386499,40.971895],[140.384749,40.96977],[140.384062,40.968879],[140.383037,40.967779],[140.380825,40.964862],[140.379987,40.963571],[140.379188,40.961488],[140.378763,40.960679],[140.37815,40.959913],[140.377588,40.959096],[140.377438,40.958821],[140.377013,40.958288],[140.376563,40.957338],[140.376538,40.956638],[140.376875,40.95603],[140.376913,40.955838],[140.377163,40.955072],[140.377175,40.954355],[140.376988,40.953688],[140.376638,40.952963],[140.376026,40.95208],[140.375851,40.951672],[140.375801,40.951147],[140.376051,40.950714],[140.376851,40.950155],[140.378138,40.949614],[140.378901,40.949022],[140.379688,40.948314],[140.380213,40.947622],[140.38045,40.947139],[140.380525,40.946731],[140.380351,40.946031],[140.379376,40.944448],[140.379301,40.943639],[140.379438,40.942964],[140.380051,40.941906],[140.380488,40.941348],[140.381388,40.940698],[140.381701,40.940531],[140.382688,40.940165],[140.383838,40.939657],[140.384375,40.939215],[140.384788,40.938723],[140.38505,40.93849],[140.385325,40.938332],[140.385675,40.938182],[140.385713,40.938273],[140.386263,40.938582],[140.387838,40.93989],[140.3886,40.940323],[140.389487,40.940557],[140.389787,40.940548],[140.390487,40.940407],[140.3912,40.940198],[140.391525,40.940148],[140.392037,40.940348],[140.394162,40.94184],[140.394274,40.941907],[140.394674,40.941965],[140.394812,40.941932],[140.396462,40.941782],[140.399749,40.941549],[140.399824,40.941532],[140.400349,40.941257],[140.401686,40.939949],[140.404336,40.938099],[140.405399,40.937274],[140.405874,40.936866],[140.406011,40.936824],[140.406449,40.937008],[140.407474,40.937533],[140.408723,40.937899],[140.409636,40.938108],[140.411148,40.938366],[140.412098,40.938449],[140.412598,40.938333],[140.413361,40.937999],[140.414148,40.937541],[140.414698,40.937],[140.414785,40.936541],[140.414785,40.936141],[140.41471,40.935841],[140.414636,40.935691],[140.414561,40.9355],[140.414473,40.935391],[140.414423,40.935316],[140.414336,40.935316],[140.414161,40.9354],[140.414048,40.935508],[140.413773,40.935716],[140.412948,40.936358],[140.412648,40.936575],[140.412223,40.93685],[140.411736,40.937083],[140.411186,40.937116],[140.410748,40.937108],[140.410623,40.937108],[140.410386,40.937091],[140.410198,40.937024],[140.409936,40.936974],[140.409661,40.936891],[140.409511,40.936824],[140.409273,40.936741],[140.409023,40.936649],[140.408861,40.936558],[140.408761,40.936516],[140.408748,40.936441],[140.40884,40.936363],[140.408911,40.936274],[140.409017,40.936207],[140.409098,40.936166],[140.409286,40.936133],[140.409498,40.936124],[140.409823,40.936158],[140.410073,40.936158],[140.410348,40.936166],[140.410611,40.936175],[140.410836,40.936158],[140.411036,40.936158],[140.411198,40.93615],[140.411273,40.936141],[140.411398,40.936075],[140.411486,40.936033],[140.411586,40.935983],[140.411736,40.935875],[140.411811,40.935816],[140.411923,40.935708],[140.412023,40.935616],[140.412111,40.935525],[140.412248,40.935466],[140.412361,40.935333],[140.412448,40.93525],[140.412561,40.93515],[140.412698,40.935],[140.412873,40.934875],[140.412973,40.934775],[140.413111,40.934608],[140.413223,40.934517],[140.413298,40.934433],[140.413398,40.934358],[140.413523,40.934242],[140.413573,40.93415],[140.413636,40.934092],[140.413536,40.934008],[140.413411,40.933908],[140.413336,40.93385],[140.414198,40.932892],[140.414411,40.932642],[140.414511,40.93215],[140.414923,40.93135],[140.416073,40.929859],[140.416798,40.929151],[140.417148,40.928668],[140.417273,40.928359],[140.417111,40.927718],[140.416911,40.927118],[140.416911,40.926576],[140.417236,40.925776],[140.417661,40.925135],[140.417898,40.924843],[140.418461,40.92396],[140.418723,40.923377],[140.418911,40.922643],[140.418961,40.922152],[140.419023,40.921919],[140.418817,40.921545],[140.418548,40.920885],[140.418323,40.920469],[140.417986,40.92016],[140.417448,40.919777],[140.417123,40.91946],[140.417048,40.919319],[140.417048,40.91926],[140.417073,40.919169],[140.417048,40.918586],[140.417098,40.917911],[140.417099,40.917186],[140.416999,40.916328],[140.416549,40.914486],[140.416661,40.912836],[140.416849,40.912161],[140.417086,40.91162],[140.417511,40.91107],[140.417911,40.910687],[140.418124,40.910578],[140.418674,40.910395],[140.419386,40.910345],[140.420648,40.910454],[140.421448,40.910587],[140.423236,40.910737],[140.424036,40.910712],[140.425973,40.91072],[140.427323,40.910654],[140.427973,40.91047],[140.42846,40.910221],[140.42901,40.909562],[140.429073,40.909129],[140.428885,40.908729],[140.428385,40.908096],[140.42826,40.907737],[140.428348,40.907171],[140.42831,40.906879],[140.428198,40.906746],[140.42766,40.906321],[140.426648,40.905263],[140.426423,40.904746],[140.426423,40.904204],[140.426536,40.903913],[140.426573,40.903688],[140.426173,40.90333],[140.426161,40.90303],[140.426498,40.902488],[140.426961,40.901905],[140.427511,40.901088],[140.427773,40.900572],[140.427961,40.900097],[140.427861,40.899397],[140.427273,40.899397],[140.424873,40.899547],[140.423249,40.899505],[140.422761,40.899372],[140.421649,40.898855],[140.421124,40.89848],[140.420649,40.897963],[140.420399,40.897513],[140.420274,40.897055],[140.420424,40.89663],[140.420524,40.896605],[140.421599,40.896622],[140.422649,40.896555],[140.424399,40.896339],[140.424949,40.896164],[140.425186,40.895664],[140.425211,40.894847],[140.425299,40.894081],[140.425324,40.893431],[140.425111,40.893114],[140.424461,40.893006],[140.424186,40.893031],[140.422349,40.893556],[140.421574,40.893647],[140.420924,40.893514],[140.420187,40.893247],[140.419787,40.89293],[140.419412,40.892506],[140.419099,40.891764],[140.419187,40.891222],[140.419674,40.890839],[140.421087,40.890289],[140.421424,40.889906],[140.421549,40.889656],[140.421999,40.888306],[140.421899,40.887781],[140.421374,40.887331],[140.420887,40.887023],[140.419374,40.88649],[140.4182,40.885931],[140.41755,40.885498],[140.416462,40.884623],[140.416312,40.884381],[140.415812,40.883773],[140.4152,40.883348],[140.4143,40.882898],[140.413963,40.88279],[140.412825,40.882523],[140.409588,40.882106],[140.408351,40.882023],[140.406751,40.881848],[140.405251,40.881631],[140.404326,40.881448],[140.403639,40.88114],[140.403426,40.880915],[140.403451,40.880215],[140.403914,40.879473],[140.405164,40.878265],[140.405739,40.877457],[140.406439,40.876232],[140.406776,40.875374],[140.407101,40.87434],[140.407276,40.873416],[140.407301,40.872507],[140.407176,40.871966],[140.406751,40.871499],[140.406251,40.871232],[140.403789,40.870516],[140.402802,40.870049],[140.401927,40.869399],[140.400852,40.868391],[140.399952,40.867374],[140.399602,40.866608],[140.399602,40.866449],[140.399727,40.866116],[140.39984,40.865391],[140.400327,40.863633],[140.400465,40.862142],[140.400402,40.861375],[140.40024,40.8607],[140.399427,40.858942],[140.39924,40.858292],[140.399177,40.857567],[140.399265,40.856692],[140.399502,40.855784],[140.399915,40.852876],[140.400203,40.851434],[140.40024,40.850751],[140.40044,40.849376],[140.400715,40.84886],[140.40114,40.848426],[140.40139,40.848268],[140.40234,40.84786],[140.40329,40.84756],[140.404327,40.847335],[140.40529,40.847168],[140.406477,40.846893],[140.40704,40.846643],[140.40749,40.846327],[140.407827,40.845893],[140.408165,40.845269],[140.408652,40.844135],[140.408915,40.843394],[140.409452,40.841294],[140.40979,40.839553],[140.410052,40.838719],[140.41024,40.837861],[140.41074,40.835995],[140.410965,40.835636],[140.41114,40.835161],[140.411277,40.834895],[140.411477,40.834195],[140.411615,40.833862],[140.412152,40.833387]]],"type":"Polygon"},"properties":{"name":"西津軽","yomi":"にしつがる","kuni_id":"K31","pref":"青森県","kuni_url":"/kg/resource/K31.html","id_url":"G31006.html","kuni":"陸奥","id":"G31006"}}],"type":"FeatureCollection"}