{"type":"FeatureCollection","features":[{"type":"Feature","geometry":{"coordinates":[[[140.150729,39.049224],[140.150725,39.049186],[140.151813,39.048461],[140.1524,39.048319],[140.153175,39.048444],[140.1538,39.048502],[140.15435,39.048586],[140.155125,39.048761],[140.157125,39.049061],[140.157475,39.049219],[140.157912,39.049986],[140.159087,39.051719],[140.159749,39.05281],[140.160249,39.053368],[140.162237,39.054268],[140.162924,39.054285],[140.163762,39.054043],[140.164536,39.05386],[140.165086,39.053327],[140.165824,39.052719],[140.166386,39.052477],[140.166661,39.052444],[140.168311,39.051794],[140.169899,39.051527],[140.170573,39.051335],[140.170948,39.051202],[140.171148,39.05121],[140.171136,39.05146],[140.171423,39.052269],[140.172111,39.052877],[140.172736,39.053527],[140.173123,39.054235],[140.173548,39.055452],[140.17396,39.056285],[140.174435,39.056993],[140.174948,39.057385],[140.175223,39.057485],[140.176448,39.057627],[140.17831,39.05811],[140.179835,39.058252],[140.180697,39.058068],[140.181447,39.058218],[140.182472,39.058568],[140.183822,39.058802],[140.185022,39.058843],[140.186009,39.058777],[140.187471,39.058568],[140.187784,39.05856],[140.188159,39.059035],[140.188646,39.060568],[140.188721,39.061085],[140.188696,39.061301],[140.188746,39.061576],[140.189459,39.061551],[140.191209,39.061426],[140.191909,39.061185],[140.193546,39.060476],[140.194171,39.060451],[140.195296,39.060893],[140.196071,39.061135],[140.197483,39.061201],[140.197845,39.061268],[140.198258,39.061193],[140.19902,39.060743],[140.199895,39.060335],[140.200783,39.059993],[140.201295,39.059593],[140.201583,39.059019],[140.201658,39.05851],[140.201908,39.05796],[140.201883,39.057402],[140.201758,39.056611],[140.202108,39.056019],[140.203357,39.055252],[140.203482,39.055144],[140.203645,39.054494],[140.204032,39.054178],[140.204457,39.053928],[140.204682,39.053511],[140.20447,39.05287],[140.204095,39.052028],[140.204282,39.05127],[140.204157,39.050653],[140.203745,39.04992],[140.203145,39.04862],[140.202795,39.04832],[140.20172,39.04707],[140.202895,39.045704],[140.202983,39.045429],[140.202833,39.044954],[140.20272,39.044787],[140.202658,39.044562],[140.202583,39.043721],[140.202408,39.042904],[140.202433,39.042071],[140.20257,39.041746],[140.20347,39.040321],[140.203658,39.039621],[140.203408,39.038888],[140.202783,39.037963],[140.202258,39.037321],[140.201621,39.036838],[140.200933,39.036163],[140.200733,39.035605],[140.201683,39.035022],[140.202583,39.034797],[140.20387,39.03473],[140.205308,39.03478],[140.208033,39.034389],[140.208582,39.034347],[140.209895,39.033764],[140.210945,39.033164],[140.211857,39.032906],[140.21222,39.032889],[140.213082,39.032631],[140.21402,39.032531],[140.216619,39.033106],[140.217557,39.033189],[140.218244,39.032964],[140.219107,39.032422],[140.219531,39.032031],[140.221044,39.031789],[140.221731,39.031448],[140.222156,39.030906],[140.222219,39.030614],[140.222581,39.029781],[140.223169,39.02919],[140.223831,39.028631],[140.224506,39.028473],[140.225394,39.028381],[140.226106,39.028057],[140.226593,39.027415],[140.226956,39.027223],[140.228056,39.027182],[140.229243,39.027315],[140.230381,39.027348],[140.231531,39.02714],[140.232793,39.02704],[140.23433,39.027548],[140.234618,39.02759],[140.235643,39.027565],[140.236493,39.02764],[140.237343,39.027948],[140.238143,39.028357],[140.238755,39.028815],[140.239467,39.029457],[140.240392,39.029915],[140.24098,39.029998],[140.241342,39.030015],[140.242255,39.030523],[140.24298,39.030682],[140.244017,39.030732],[140.244767,39.03089],[140.245354,39.030965],[140.245704,39.030907],[140.246317,39.030357],[140.246504,39.03014],[140.246603,39.029903],[140.247229,39.029332],[140.247929,39.028924],[140.248429,39.028582],[140.248854,39.02824],[140.249379,39.027965],[140.250267,39.02779],[140.250542,39.027774],[140.251517,39.027949],[140.252766,39.028307],[140.253079,39.02874],[140.253791,39.029957],[140.254441,39.030923],[140.256329,39.03244],[140.257141,39.033182],[140.258353,39.033665],[140.259166,39.033765],[140.259678,39.034082],[140.260578,39.035256],[140.261628,39.03489],[140.262466,39.03454],[140.263378,39.033657],[140.264541,39.032832],[140.265415,39.03209],[140.266315,39.031424],[140.266465,39.031399],[140.26734,39.031382],[140.269153,39.032282],[140.270215,39.032649],[140.271178,39.032532],[140.273577,39.031041],[140.27424,39.030782],[140.274852,39.030891],[140.275865,39.030999],[140.277052,39.030624],[140.27819,39.030141],[140.280839,39.029458],[140.281152,39.029141],[140.282527,39.028591],[140.283827,39.028183],[140.284777,39.028108],[140.286852,39.028041],[140.287877,39.027308],[140.288764,39.0266],[140.289151,39.026183],[140.290339,39.025791],[140.291264,39.024592],[140.292026,39.024042],[140.292439,39.023383],[140.292776,39.022692],[140.292876,39.022309],[140.292976,39.021417],[140.293964,39.019892],[140.294064,39.019342],[140.293914,39.018976],[140.293801,39.018851],[140.293726,39.018559],[140.294014,39.018309],[140.295151,39.018192],[140.296314,39.018401],[140.297189,39.018476],[140.297789,39.018251],[140.298464,39.017859],[140.299101,39.017701],[140.299751,39.017826],[140.300301,39.018076],[140.301726,39.017484],[140.302026,39.017284],[140.302638,39.016626],[140.303338,39.015559],[140.304063,39.01506],[140.306901,39.014468],[140.308288,39.014293],[140.309638,39.013926],[140.3107,39.013568],[140.3112,39.014076],[140.311888,39.014943],[140.312163,39.015785],[140.312812,39.017026],[140.3143,39.018801],[140.315362,39.020284],[140.316,39.020951],[140.316612,39.021817],[140.317212,39.022359],[140.317474,39.0232],[140.317949,39.024375],[140.318399,39.024984],[140.318687,39.025192],[140.318724,39.025342],[140.318649,39.02645],[140.318362,39.027142],[140.317437,39.028042],[140.317599,39.028575],[140.318212,39.02915],[140.318399,39.029466],[140.318449,39.030266],[140.318599,39.031075],[140.318786,39.03135],[140.319336,39.031308],[140.320136,39.03105],[140.320499,39.031],[140.320661,39.031516],[140.321349,39.032183],[140.321886,39.032475],[140.324261,39.033341],[140.325611,39.03345],[140.326523,39.033808],[140.327236,39.034224],[140.327861,39.034674],[140.328161,39.034791],[140.329135,39.034883],[140.329198,39.034274],[140.329435,39.034025],[140.33016,39.033566],[140.330973,39.032708],[140.331198,39.031842],[140.331398,39.031242],[140.331898,39.030842],[140.332673,39.030633],[140.333698,39.030617],[140.33451,39.030467],[140.33546,39.030342],[140.336522,39.0301],[140.33756,39.029767],[140.338122,39.029225],[140.338835,39.028909],[140.33971,39.028834],[140.340572,39.028392],[140.341522,39.027651],[140.342397,39.026918],[140.343084,39.026509],[140.343884,39.026243],[140.343997,39.026134],[140.344522,39.025976],[140.345647,39.025834],[140.346709,39.025435],[140.347184,39.02531],[140.348309,39.024943],[140.349359,39.024851],[140.350621,39.024676],[140.352334,39.024376],[140.354371,39.02391],[140.354758,39.024002],[140.357596,39.025302],[140.358046,39.025385],[140.359208,39.02551],[140.361645,39.02611],[140.361845,39.026127],[140.36227,39.026052],[140.362358,39.025818],[140.362295,39.025643],[140.36152,39.024427],[140.361358,39.023735],[140.361508,39.023127],[140.361345,39.022585],[140.360983,39.021994],[140.361095,39.021269],[140.361058,39.020635],[140.360795,39.019919],[140.36127,39.019102],[140.362645,39.018161],[140.362795,39.016711],[140.362658,39.014969],[140.362545,39.014344],[140.362558,39.013845],[140.362958,39.013478],[140.363708,39.013053],[140.36407,39.012586],[140.363833,39.011878],[140.363958,39.01102],[140.363945,39.009762],[140.363983,39.009587],[140.364795,39.009053],[140.365433,39.008262],[140.36582,39.006954],[140.366283,39.00652],[140.366708,39.006045],[140.366795,39.005845],[140.367158,39.00547],[140.368608,39.005154],[140.369745,39.004637],[140.370407,39.004371],[140.370695,39.004112],[140.371145,39.003187],[140.371584,39.002672],[140.37257,39.001479],[140.372782,39.001088],[140.372932,39.000663],[140.373082,39.000038],[140.37337,38.999555],[140.373845,38.999005],[140.374695,38.998346],[140.374195,38.997563],[140.374182,38.99728],[140.374357,38.996863],[140.37442,38.99598],[140.374545,38.995647],[140.375057,38.995288],[140.376007,38.994547],[140.376232,38.994472],[140.37692,38.99473],[140.377882,38.995238],[140.378619,38.995447],[140.379919,38.995063],[140.380844,38.994589],[140.382057,38.994247],[140.383494,38.993964],[140.384806,38.993989],[140.385656,38.99408],[140.386569,38.994455],[140.387031,38.994322],[140.389881,38.992189],[140.391156,38.991956],[140.392981,38.991823],[140.393918,38.991464],[140.394731,38.991264],[140.398643,38.991606],[140.399943,38.991789],[140.400955,38.992014],[140.40163,38.992314],[140.402317,38.992348],[140.404417,38.991798],[140.405467,38.991756],[140.406092,38.991898],[140.407392,38.992715],[140.408267,38.992898],[140.408629,38.993031],[140.410079,38.993915],[140.410442,38.994064],[140.410604,38.994098],[140.411104,38.99324],[140.412767,38.990698],[140.413229,38.990098],[140.413891,38.99014],[140.416916,38.991407],[140.418116,38.991707],[140.419016,38.991857],[140.419691,38.991932],[140.420266,38.99214],[140.420691,38.99239],[140.421203,38.992307],[140.422191,38.992415],[140.423966,38.99244],[140.42484,38.992374],[140.426853,38.992049],[140.429228,38.99179],[140.431315,38.991907],[140.43169,38.991965],[140.431915,38.99204],[140.43194,38.99199],[140.431965,38.991166],[140.43219,38.989807],[140.43249,38.989432],[140.433552,38.989049],[140.434515,38.988641],[140.435052,38.987841],[140.435765,38.987041],[140.436277,38.986533],[140.436527,38.9858],[140.43699,38.984166],[140.437627,38.982433],[140.437902,38.981992],[140.438889,38.981592],[140.439839,38.981367],[140.440777,38.981617],[140.442089,38.981559],[140.442939,38.981184],[140.443677,38.980984],[140.444751,38.980817],[140.445514,38.980492],[140.446089,38.979909],[140.446501,38.979392],[140.446389,38.979076],[140.446026,38.978401],[140.446001,38.978059],[140.446201,38.976784],[140.446251,38.976593],[140.446301,38.975643],[140.446264,38.974301],[140.446214,38.973818],[140.446239,38.973526],[140.446364,38.97321],[140.447339,38.973076],[140.448714,38.972993],[140.449076,38.972943],[140.450114,38.972693],[140.450838,38.972368],[140.451151,38.971968],[140.451113,38.971385],[140.450813,38.970435],[140.450563,38.969377],[140.450463,38.968769],[140.449714,38.967977],[140.450413,38.966669],[140.450713,38.965736],[140.450838,38.965077],[140.450663,38.964528],[140.450051,38.963894],[140.449814,38.963419],[140.449851,38.963286],[140.450601,38.962711],[140.451488,38.962095],[140.452051,38.961295],[140.452101,38.960945],[140.452426,38.960028],[140.452613,38.959762],[140.453113,38.959237],[140.453663,38.958803],[140.453576,38.958162],[140.452976,38.956687],[140.452976,38.956354],[140.453363,38.955079],[140.453188,38.954387],[140.453326,38.953671],[140.453676,38.952671],[140.453638,38.952104],[140.453301,38.951563],[140.452413,38.950346],[140.452176,38.949755],[140.451876,38.948846],[140.451251,38.947521],[140.450851,38.946896],[140.450151,38.94618],[140.449539,38.94563],[140.449501,38.945597],[140.449663,38.94553],[140.450188,38.945222],[140.451088,38.94458],[140.451526,38.943989],[140.451513,38.943464],[140.451401,38.942797],[140.451264,38.940814],[140.451551,38.939131],[140.451539,38.938164],[140.451601,38.937781],[140.452064,38.937589],[140.454576,38.936781],[140.455588,38.936356],[140.457126,38.935115],[140.457826,38.934656],[140.458338,38.934223],[140.458476,38.933698],[140.458276,38.932873],[140.458251,38.932032],[140.458288,38.93134],[140.458388,38.931065],[140.458676,38.930624],[140.458926,38.930115],[140.459013,38.92939],[140.459263,38.928674],[140.459713,38.927782],[140.460276,38.927241],[140.461801,38.925949],[140.462126,38.925491],[140.462326,38.924924],[140.462413,38.924349],[140.462351,38.923783],[140.462413,38.922841],[140.462613,38.922316],[140.462526,38.922091],[140.462251,38.921741],[140.462051,38.921225],[140.461951,38.920833],[140.461889,38.92005],[140.462114,38.91955],[140.462651,38.919333],[140.462913,38.919317],[140.463213,38.919233],[140.463526,38.919008],[140.463826,38.918858],[140.464051,38.918675],[140.464326,38.917942],[140.464563,38.917583],[140.464713,38.91745],[140.465563,38.917167],[140.466113,38.916909],[140.466376,38.916725],[140.467188,38.916334],[140.469425,38.915642],[140.470963,38.915284],[140.472063,38.915076],[140.472263,38.915076],[140.47255,38.915126],[140.472638,38.915167],[140.473288,38.915876],[140.473663,38.916084],[140.47435,38.915934],[140.47505,38.915834],[140.476025,38.915759],[140.477325,38.915567],[140.478287,38.915384],[140.479075,38.914942],[140.479225,38.914834],[140.4794,38.914784],[140.4798,38.914951],[140.481012,38.916159],[140.481837,38.916709],[140.482037,38.916734],[140.482437,38.916609],[140.482474,38.916517],[140.482887,38.915917],[140.483162,38.915151],[140.483299,38.914234],[140.483574,38.913451],[140.484412,38.912243],[140.484649,38.912001],[140.485662,38.911426],[140.486774,38.910943],[140.487649,38.910418],[140.487937,38.910193],[140.488624,38.909351],[140.488737,38.909151],[140.489474,38.908418],[140.489774,38.908177],[140.490624,38.907668],[140.491374,38.907477],[140.492161,38.906877],[140.492349,38.906335],[140.492149,38.905052],[140.492186,38.904335],[140.492274,38.904152],[140.492261,38.903361],[140.492211,38.903094],[140.492199,38.902327],[140.492436,38.902311],[140.492924,38.902161],[140.493511,38.901852],[140.494011,38.901361],[140.494099,38.901094],[140.494236,38.900394],[140.494349,38.899003],[140.494499,38.898869],[140.495286,38.898469],[140.496249,38.89792],[140.496424,38.89777],[140.496511,38.897745],[140.496585,38.897515],[140.496924,38.897386],[140.497274,38.897203],[140.497649,38.896936],[140.499374,38.89537],[140.499836,38.895037],[140.500299,38.894812],[140.501049,38.894745],[140.501536,38.894837],[140.502136,38.894862],[140.503061,38.894712],[140.503898,38.89467],[140.504736,38.894787],[140.505223,38.89497],[140.505823,38.895445],[140.506648,38.896195],[140.507461,38.896812],[140.508973,38.897786],[140.509635,38.898103],[140.510298,38.898178],[140.510923,38.898403],[140.51121,38.898786],[140.511585,38.899103],[140.513597,38.899478],[140.514572,38.899711],[140.515147,38.899986],[140.515672,38.900278],[140.516297,38.900236],[140.519022,38.899778],[140.52006,38.899628],[140.522072,38.899636],[140.522822,38.899528],[140.523634,38.89967],[140.524297,38.899695],[140.524809,38.899562],[140.525359,38.899228],[140.525572,38.89882],[140.525659,38.898328],[140.525672,38.897787],[140.525847,38.897537],[140.526272,38.897495],[140.526934,38.897795],[140.527684,38.898229],[140.528459,38.898795],[140.529309,38.899178],[140.530346,38.899295],[140.530871,38.899395],[140.532109,38.899779],[140.534208,38.900562],[140.534858,38.900745],[140.535071,38.900745],[140.536533,38.900595],[140.537721,38.900445],[140.538033,38.900354],[140.538508,38.899904],[140.538996,38.899146],[140.539846,38.897979],[140.540433,38.897054],[140.540958,38.896363],[140.542058,38.895221],[140.542533,38.894654],[140.543258,38.894188],[140.54392,38.893655],[140.54442,38.893088],[140.545283,38.892646],[140.546045,38.89218],[140.54712,38.891372],[140.547408,38.891038],[140.547645,38.890655],[140.547583,38.88993],[140.54742,38.889638],[140.54707,38.889205],[140.546958,38.889163],[140.54682,38.88898],[140.546595,38.888464],[140.546258,38.88738],[140.545771,38.886364],[140.545583,38.885689],[140.545733,38.884647],[140.545733,38.884181],[140.545971,38.883414],[140.547171,38.882114],[140.547608,38.881573],[140.547496,38.881031],[140.546983,38.880356],[140.546608,38.87979],[140.546096,38.879223],[140.545471,38.878706],[140.544671,38.878315],[140.543834,38.877723],[140.543559,38.877006],[140.543046,38.876323],[140.542496,38.876073],[140.542146,38.876165],[140.541709,38.876315],[140.541421,38.876381],[140.541171,38.876181],[140.540996,38.875548],[140.540434,38.874482],[140.540447,38.87379],[140.540359,38.87304],[140.540084,38.872432],[140.538797,38.871415],[140.538772,38.870965],[140.538947,38.87024],[140.538922,38.869565],[140.538584,38.868824],[140.538584,38.868732],[140.538909,38.868416],[140.539547,38.868082],[140.539709,38.867924],[140.539834,38.867299],[140.539872,38.866482],[140.539797,38.865674],[140.539572,38.865224],[140.539422,38.864683],[140.539372,38.863799],[140.539672,38.863349],[140.539847,38.862658],[140.54011,38.86205],[140.540547,38.8616],[140.540872,38.861466],[140.541735,38.861358],[140.543197,38.861391],[140.543722,38.861441],[140.544847,38.861441],[140.546947,38.861341],[140.547897,38.8611],[140.549259,38.8605],[140.550097,38.860167],[140.551259,38.859792],[140.552734,38.8593],[140.553396,38.858925],[140.553809,38.858342],[140.554247,38.857417],[140.554859,38.856742],[140.555746,38.856209],[140.556684,38.855584],[140.556709,38.855451],[140.556634,38.854818],[140.557247,38.853243],[140.557184,38.850943],[140.557309,38.850185],[140.557622,38.849418],[140.558097,38.848719],[140.558622,38.848135],[140.558884,38.847669],[140.559084,38.847394],[140.559197,38.847352],[140.559659,38.847377],[140.560297,38.847519],[140.561209,38.847819],[140.562359,38.848427],[140.563046,38.848544],[140.564121,38.848394],[140.564609,38.848285],[140.565821,38.848085],[140.566709,38.847844],[140.567559,38.847486],[140.567934,38.847402],[140.568771,38.847136],[140.569321,38.846752],[140.569696,38.845769],[140.569846,38.845611],[140.570509,38.845228],[140.571059,38.844786],[140.571671,38.843978],[140.572196,38.843461],[140.572771,38.84317],[140.573296,38.842811],[140.573759,38.842428],[140.574421,38.842161],[140.575121,38.842036],[140.575583,38.841762],[140.576183,38.841228],[140.576708,38.84107],[140.577221,38.841303],[140.577596,38.841503],[140.578433,38.841778],[140.578721,38.841737],[140.579533,38.841537],[140.581721,38.840579],[140.582508,38.840137],[140.583058,38.839712],[140.58402,38.838637],[140.584395,38.838004],[140.584595,38.837487],[140.58477,38.837246],[140.585795,38.836621],[140.586133,38.836487],[140.586633,38.836371],[140.587808,38.836354],[140.587983,38.836288],[140.588008,38.836229],[140.58812,38.836213],[140.58822,38.836163],[140.58892,38.836154],[140.589445,38.836221],[140.590258,38.836154],[140.590645,38.836054],[140.59077,38.835463],[140.59097,38.835004],[140.59092,38.834763],[140.590595,38.834504],[140.590495,38.834388],[140.590458,38.834105],[140.590533,38.83393],[140.590995,38.83338],[140.59167,38.832705],[140.592345,38.832046],[140.592508,38.831796],[140.592433,38.831288],[140.592595,38.830872],[140.592683,38.830788],[140.59287,38.830188],[140.592858,38.829705],[140.59272,38.828988],[140.59277,38.828147],[140.593008,38.827789],[140.593183,38.827664],[140.593795,38.827522],[140.594558,38.827414],[140.59557,38.827172],[140.596583,38.826705],[140.597595,38.826347],[140.59807,38.826156],[140.598495,38.825789],[140.59877,38.825339],[140.598558,38.824014],[140.59847,38.823614],[140.598395,38.822789],[140.598458,38.822389],[140.59842,38.821598],[140.598483,38.821423],[140.59947,38.81989],[140.59972,38.819123],[140.599408,38.81759],[140.598933,38.817015],[140.598158,38.816523],[140.597833,38.816365],[140.597208,38.81594],[140.597083,38.815673],[140.596758,38.815398],[140.596521,38.81459],[140.596208,38.813815],[140.595446,38.812757],[140.595234,38.811599],[140.594946,38.811024],[140.594959,38.810907],[140.595259,38.810649],[140.595721,38.810341],[140.597158,38.809824],[140.597346,38.809732],[140.597733,38.808908],[140.597708,38.808599],[140.597396,38.808041],[140.597021,38.807483],[140.596696,38.806833],[140.596534,38.8062],[140.596571,38.80545],[140.596634,38.80515],[140.596634,38.804475],[140.596296,38.803667],[140.595721,38.802558],[140.595734,38.8023],[140.596034,38.802183],[140.596509,38.801858],[140.596971,38.801609],[140.597321,38.801175],[140.597659,38.801034],[140.598096,38.800584],[140.598621,38.800192],[140.598921,38.799767],[140.599058,38.799201],[140.598908,38.797201],[140.599071,38.796568],[140.599621,38.795918],[140.599946,38.795368],[140.600158,38.79486],[140.600096,38.794426],[140.599733,38.793785],[140.599258,38.793193],[140.599008,38.792618],[140.599096,38.792027],[140.599496,38.791385],[140.600096,38.790918],[140.600371,38.790827],[140.600883,38.790585],[140.602646,38.78946],[140.603133,38.789044],[140.603283,38.788461],[140.603221,38.787727],[140.602983,38.786386],[140.603021,38.785536],[140.603208,38.784844],[140.603596,38.783928],[140.603983,38.783495],[140.605058,38.783053],[140.605396,38.78297],[140.606771,38.782478],[140.60837,38.782961],[140.609033,38.783028],[140.609245,38.783003],[140.61052,38.782487],[140.611083,38.78217],[140.612395,38.781978],[140.612945,38.781695],[140.613245,38.781353],[140.61337,38.78092],[140.613695,38.780329],[140.613783,38.779837],[140.613658,38.778879],[140.61372,38.778704],[140.61482,38.777954],[140.615157,38.777637],[140.615745,38.777429],[140.61662,38.777296],[140.617795,38.776788],[140.618832,38.776429],[140.61952,38.776088],[140.620295,38.775829],[140.62122,38.775621],[140.621519,38.775588],[140.62158,38.775541],[140.621982,38.775554],[140.622832,38.775513],[140.623644,38.77543],[140.624032,38.775355],[140.624457,38.775155],[140.624994,38.77478],[140.625457,38.774613],[140.626144,38.774413],[140.626794,38.77418],[140.627431,38.774038],[140.627694,38.774013],[140.628344,38.774063],[140.628919,38.774247],[140.629594,38.77473],[140.630581,38.775571],[140.631244,38.775813],[140.631994,38.77588],[140.632818,38.775905],[140.633156,38.77598],[140.633931,38.776338],[140.634481,38.776746],[140.635093,38.777105],[140.635706,38.777396],[140.635981,38.777455],[140.636731,38.77748],[140.637281,38.77743],[140.637793,38.777196],[140.638043,38.777046],[140.64018,38.776288],[140.640943,38.77608],[140.641655,38.775822],[140.642155,38.775497],[140.642305,38.775338],[140.64253,38.774864],[140.64278,38.77418],[140.642968,38.773489],[140.643168,38.772531],[140.643505,38.771947],[140.64388,38.771731],[140.644793,38.771522],[140.645268,38.771289],[140.64553,38.770914],[140.645805,38.770364],[140.646168,38.769981],[140.64648,38.769589],[140.64653,38.769414],[140.646493,38.768981],[140.64608,38.768489],[140.645655,38.768115],[140.645218,38.767665],[140.64493,38.767106],[140.644768,38.766556],[140.644568,38.766173],[140.643893,38.765357],[140.64353,38.764973],[140.64293,38.764807],[140.642343,38.764732],[140.641418,38.764523],[140.640768,38.764248],[140.639781,38.763748],[140.638393,38.762915],[140.637831,38.762665],[140.636618,38.76229],[140.636043,38.761974],[140.635194,38.761165],[140.634881,38.760782],[140.634581,38.760099],[140.634456,38.759649],[140.634406,38.759166],[140.634506,38.757741],[140.634481,38.757582],[140.634231,38.757191],[140.633506,38.755416],[140.633244,38.754891],[140.632806,38.754341],[140.632169,38.753949],[140.631944,38.753749],[140.631794,38.753333],[140.631807,38.753116],[140.631835,38.753023],[140.631794,38.752891],[140.631744,38.752783],[140.631382,38.752441],[140.631294,38.752266],[140.631432,38.751808],[140.631882,38.751067],[140.631932,38.750883],[140.631957,38.74965],[140.631844,38.748975],[140.631682,38.748317],[140.631382,38.747534],[140.630744,38.746675],[140.629732,38.746717],[140.629207,38.746609],[140.629044,38.746517],[140.628744,38.746109],[140.628744,38.745525],[140.628657,38.744201],[140.628607,38.744042],[140.627857,38.743659],[140.627257,38.743384],[140.626845,38.743159],[140.626182,38.743092],[140.625557,38.743092],[140.625382,38.743026],[140.625082,38.742826],[140.624557,38.742801],[140.624345,38.742692],[140.624045,38.742467],[140.62357,38.741926],[140.623132,38.741884],[140.622882,38.741792],[140.622832,38.741742],[140.622807,38.741434],[140.622632,38.741226],[140.62247,38.741159],[140.622257,38.740892],[140.622082,38.740826],[140.62167,38.740301],[140.621581,38.740212],[140.621532,38.740267],[140.621395,38.740192],[140.620483,38.739267],[140.620145,38.738826],[140.62012,38.738543],[140.620458,38.738234],[140.620533,38.737959],[140.62077,38.737784],[140.620933,38.737751],[140.621208,38.737593],[140.621581,38.737254],[140.621807,38.736809],[140.62187,38.736226],[140.621732,38.735551],[140.62162,38.735368],[140.621533,38.735243],[140.62142,38.735201],[140.621308,38.735085],[140.621195,38.734843],[140.62112,38.734501],[140.621133,38.73416],[140.621308,38.733876],[140.621502,38.733792],[140.621582,38.733737],[140.621733,38.733518],[140.621733,38.73341],[140.621582,38.733112],[140.621408,38.732977],[140.620845,38.732077],[140.62062,38.731585],[140.620045,38.730752],[140.618833,38.729919],[140.61742,38.728769],[140.616908,38.72816],[140.616358,38.727585],[140.616083,38.727352],[140.614771,38.726569],[140.613621,38.726094],[140.612546,38.725735],[140.612096,38.72546],[140.610771,38.723777],[140.609983,38.723319],[140.608321,38.722969],[140.607384,38.721844],[140.607196,38.721669],[140.607034,38.721211],[140.607184,38.720402],[140.607459,38.719536],[140.607459,38.718886],[140.606884,38.718269],[140.606796,38.718094],[140.606896,38.717519],[140.607471,38.716436],[140.607621,38.715711],[140.607471,38.715211],[140.607434,38.714628],[140.607584,38.71332],[140.607597,38.712353],[140.607884,38.711553],[140.608859,38.710095],[140.609009,38.709812],[140.609109,38.70897],[140.608922,38.707729],[140.608559,38.707312],[140.608334,38.707096],[140.607784,38.706687],[140.607522,38.706204],[140.607272,38.705496],[140.606572,38.704637],[140.60646,38.704021],[140.606897,38.703404],[140.608134,38.703029],[140.608822,38.702746],[140.610472,38.702196],[140.611622,38.701863],[140.612947,38.701771],[140.613159,38.701805],[140.613372,38.701871],[140.614184,38.701838],[140.614672,38.70158],[140.615434,38.701038],[140.616209,38.700596],[140.617509,38.700213],[140.618109,38.700088],[140.619334,38.699905],[140.620296,38.699905],[140.621096,38.700055],[140.621583,38.700183],[140.621921,38.70028],[140.622221,38.700322],[140.622534,38.700255],[140.622909,38.700097],[140.623546,38.699888],[140.62363,38.699877],[140.623684,38.699805],[140.623546,38.699439],[140.622996,38.698314],[140.622659,38.69798],[140.622334,38.697822],[140.621871,38.697705],[140.621509,38.697705],[140.621146,38.697297],[140.620784,38.69678],[140.620746,38.696447],[140.620871,38.696214],[140.621021,38.696097],[140.621583,38.695333],[140.621734,38.694981],[140.622746,38.693831],[140.622834,38.693647],[140.623384,38.693089],[140.623684,38.692456],[140.623734,38.692164],[140.624034,38.691481],[140.624034,38.690948],[140.623846,38.690631],[140.623321,38.690289],[140.623071,38.689931],[140.623434,38.689523],[140.623759,38.689273],[140.623796,38.68919],[140.624034,38.688806],[140.624209,38.688331],[140.624421,38.687856],[140.624509,38.68734],[140.624372,38.68684],[140.624147,38.686523],[140.623797,38.686123],[140.623384,38.685807],[140.622747,38.68549],[140.622084,38.685223],[140.621622,38.685065],[140.621534,38.685048],[140.621409,38.68499],[140.621234,38.68409],[140.621209,38.682915],[140.621397,38.682157],[140.621584,38.681952],[140.621647,38.681907],[140.621784,38.681724],[140.621922,38.68164],[140.622009,38.681457],[140.621984,38.681299],[140.621897,38.681207],[140.621734,38.681115],[140.621584,38.681044],[140.621509,38.68114],[140.620885,38.680882],[140.62036,38.680732],[140.620085,38.680557],[140.620372,38.679907],[140.620372,38.679799],[140.620097,38.679157],[140.619685,38.678266],[140.619622,38.677724],[140.619797,38.677407],[140.62021,38.677107],[140.62066,38.676532],[140.620735,38.676274],[140.62006,38.675449],[140.61961,38.674583],[140.619472,38.674049],[140.619135,38.673433],[140.618635,38.672708],[140.617348,38.671524],[140.616573,38.670975],[140.615898,38.670708],[140.615323,38.670633],[140.615085,38.670408],[140.614673,38.6698],[140.614523,38.669616],[140.614435,38.669583],[140.614335,38.669575],[140.614136,38.668858],[140.614136,38.668558],[140.614073,38.668266],[140.613686,38.667483],[140.613586,38.666941],[140.613636,38.666425],[140.613686,38.666083],[140.613623,38.665633],[140.613423,38.6653],[140.613048,38.664983],[140.612636,38.664742],[140.612048,38.664292],[140.611973,38.663958],[140.612173,38.66285],[140.612174,38.662692],[140.612286,38.662442],[140.612386,38.66235],[140.613123,38.662009],[140.613523,38.661867],[140.612899,38.661534],[140.611674,38.66105],[140.610899,38.6609],[140.610186,38.660817],[140.609586,38.66055],[140.609186,38.660125],[140.609049,38.659925],[140.608624,38.658667],[140.608274,38.658084],[140.606887,38.656651],[140.606637,38.656334],[140.606499,38.655976],[140.605999,38.655551],[140.605999,38.655459],[140.606149,38.655142],[140.606299,38.654942],[140.606224,38.654626],[140.605849,38.654151],[140.605749,38.653684],[140.605862,38.653301],[140.605799,38.652959],[140.605449,38.652534],[140.605324,38.652309],[140.604525,38.651393],[140.604337,38.650984],[140.6046,38.649859],[140.6049,38.649385],[140.605262,38.64911],[140.605725,38.648851],[140.605687,38.648768],[140.6049,38.647985],[140.60455,38.647535],[140.604237,38.646818],[140.60395,38.646343],[140.603475,38.645743],[140.603188,38.645293],[140.602888,38.64446],[140.602788,38.64396],[140.602663,38.643718],[140.602338,38.643402],[140.602125,38.643018],[140.601876,38.64176],[140.601963,38.640969],[140.601888,38.64061],[140.601263,38.640052],[140.600976,38.639785],[140.600513,38.639585],[140.599176,38.639577],[140.598313,38.639494],[140.597151,38.639235],[140.596939,38.639144],[140.596439,38.638835],[140.595964,38.638294],[140.595639,38.637844],[140.595414,38.637194],[140.595351,38.637152],[140.594352,38.636911],[140.593889,38.636644],[140.593239,38.636511],[140.592452,38.636252],[140.591889,38.635852],[140.591452,38.635361],[140.59054,38.634602],[140.590152,38.634036],[140.590002,38.633927],[140.588852,38.633911],[140.588202,38.633986],[140.58764,38.634086],[140.587002,38.634336],[140.585702,38.634752],[140.584377,38.635127],[140.583665,38.635427],[140.583078,38.635519],[140.58144,38.635652],[140.579953,38.635727],[140.579215,38.63596],[140.578328,38.636602],[140.578178,38.636919],[140.578278,38.637593],[140.578165,38.637977],[140.577915,38.63816],[140.576753,38.63876],[140.576228,38.639102],[140.575791,38.639218],[140.575241,38.63911],[140.574578,38.638802],[140.574366,38.638643],[140.573578,38.637885],[140.573191,38.637643],[140.572766,38.637668],[140.572016,38.637835],[140.571379,38.638243],[140.570766,38.638493],[140.569666,38.638143],[140.569304,38.638377],[140.569091,38.639051],[140.569016,38.63966],[140.568891,38.639976],[140.568354,38.640551],[140.567991,38.641743],[140.567791,38.642218],[140.567454,38.642609],[140.567179,38.643218],[140.566854,38.643609],[140.566054,38.644334],[140.565841,38.644809],[140.565729,38.645467],[140.565029,38.646034],[140.564566,38.646359],[140.563441,38.647534],[140.562991,38.647967],[140.562804,38.648059],[140.561904,38.648159],[140.560542,38.648109],[140.559292,38.647825],[140.55778,38.647883],[140.557192,38.647867],[140.556405,38.647783],[140.55563,38.647608],[140.555005,38.647342],[140.554605,38.647117],[140.55393,38.647508],[140.55318,38.647675],[140.551443,38.647575],[140.551105,38.647667],[140.550555,38.648125],[140.550105,38.648625],[140.548955,38.649041],[140.548156,38.649275],[140.547631,38.649483],[140.546956,38.649691],[140.546493,38.649783],[140.546306,38.649991],[140.545818,38.650374],[140.545481,38.650541],[140.545268,38.650724],[140.545306,38.650833],[140.545556,38.651124],[140.545781,38.651524],[140.545818,38.652049],[140.545581,38.653016],[140.545656,38.653466],[140.54578,38.653899],[140.545818,38.654366],[140.545705,38.654666],[140.545393,38.654866],[140.544906,38.655007],[140.544168,38.655599],[140.543743,38.655782],[140.543281,38.655924],[140.543031,38.656082],[140.543068,38.656449],[140.543318,38.656624],[140.544068,38.656865],[140.544255,38.656974],[140.544605,38.657265],[140.545043,38.65774],[140.546243,38.658874],[140.54668,38.659165],[140.547317,38.659907],[140.547755,38.660332],[140.54838,38.660773],[140.549042,38.661132],[140.549067,38.661332],[140.54883,38.661648],[140.548592,38.662082],[140.548517,38.66319],[140.548367,38.663506],[140.547317,38.664215],[140.547117,38.665006],[140.54688,38.665415],[140.546667,38.665889],[140.546642,38.666406],[140.546555,38.666606],[140.54598,38.667248],[140.545767,38.667631],[140.545492,38.667856],[140.545217,38.668181],[140.545005,38.668789],[140.545017,38.669081],[140.545242,38.669439],[140.54558,38.669581],[140.545555,38.669714],[140.545967,38.670222],[140.54708,38.671131],[140.547142,38.671222],[140.546905,38.671572],[140.54663,38.67208],[140.546405,38.672614],[140.546105,38.672839],[140.546067,38.673139],[140.546242,38.67358],[140.546417,38.674255],[140.546292,38.674822],[140.54548,38.675555],[140.544992,38.676405],[140.544805,38.67688],[140.544867,38.67738],[140.544692,38.67793],[140.54423,38.678588],[140.54383,38.679371],[140.543455,38.679905],[140.542867,38.680529],[140.54233,38.681263],[140.541705,38.681929],[140.540655,38.682921],[140.540455,38.683712],[140.53978,38.685054],[140.539317,38.685562],[140.538592,38.685595],[140.537368,38.685554],[140.53668,38.685679],[140.536043,38.686195],[140.535168,38.686687],[140.534343,38.686887],[140.53363,38.687228],[140.532955,38.687495],[140.532405,38.68797],[140.532018,38.688045],[140.531305,38.68802],[140.530293,38.68817],[140.530156,38.688237],[140.529918,38.688445],[140.528743,38.689736],[140.528606,38.689936],[140.528331,38.690528],[140.527193,38.691253],[140.526406,38.691919],[140.526068,38.692244],[140.525593,38.692986],[140.525456,38.693669],[140.525118,38.694086],[140.524843,38.694177],[140.524018,38.694144],[140.523181,38.694019],[140.521931,38.694052],[140.520631,38.694136],[140.520506,38.693944],[140.520431,38.693369],[140.520706,38.692752],[140.521019,38.692311],[140.520756,38.691927],[140.520219,38.691544],[140.519281,38.691061],[140.518244,38.690802],[140.517269,38.690519],[140.516807,38.690602],[140.516557,38.690594],[140.515132,38.690052],[140.514544,38.690227],[140.514082,38.690652],[140.513932,38.691144],[140.51362,38.691102],[140.512895,38.690752],[140.51222,38.690602],[140.511932,38.690652],[140.51152,38.690636],[140.51132,38.69136],[140.510945,38.691735],[140.510657,38.692144],[140.510132,38.69246],[140.509657,38.692794],[140.508857,38.693044],[140.508482,38.693194],[140.508095,38.693618],[140.507607,38.694268],[140.506995,38.694977],[140.506445,38.695743],[140.505882,38.696085],[140.505508,38.696493],[140.505358,38.696951],[140.505245,38.697176],[140.504658,38.697518],[140.502858,38.698176],[140.50257,38.698218],[140.501695,38.698276],[140.499658,38.698234],[140.498758,38.698059],[140.497496,38.697693],[140.496958,38.697634],[140.496593,38.697689],[140.496558,38.697676],[140.496208,38.697718],[140.495533,38.697709],[140.495134,38.697618],[140.494659,38.697301],[140.494384,38.697001],[140.494259,38.696643],[140.494296,38.696101],[140.494546,38.695426],[140.494484,38.694635],[140.494484,38.694501],[140.494334,38.694093],[140.494184,38.69391],[140.492697,38.693068],[140.492297,38.692818],[140.491372,38.69191],[140.491022,38.69166],[140.490722,38.691726],[140.489722,38.692118],[140.488134,38.692768],[140.48766,38.69301],[140.486497,38.693476],[140.485647,38.693759],[140.485122,38.694051],[140.484235,38.694676],[140.48401,38.694901],[140.483472,38.695617],[140.483272,38.695709],[140.483147,38.695709],[140.482947,38.695526],[140.482672,38.695142],[140.482347,38.695067],[140.482222,38.695342],[140.482147,38.695584],[140.481947,38.695767],[140.481747,38.695717],[140.481023,38.695151],[140.480773,38.695034],[140.480648,38.695009],[140.480223,38.695051],[140.479023,38.695317],[140.47846,38.695292],[140.477898,38.695059],[140.477498,38.694967],[140.477373,38.694984],[140.476285,38.695292],[140.475786,38.695359],[140.475536,38.695317],[140.475111,38.695109],[140.474861,38.694951],[140.474536,38.694834],[140.474386,38.694851],[140.474086,38.695367],[140.473623,38.69575],[140.472573,38.696484],[140.472211,38.696759],[140.471461,38.6972],[140.471311,38.6974],[140.471273,38.697942],[140.471661,38.699233],[140.471773,38.700991],[140.471848,38.701425],[140.471873,38.70185],[140.47196,38.702683],[140.471885,38.703199],[140.471785,38.703424],[140.471473,38.703558],[140.470748,38.703716],[140.470223,38.703774],[140.469398,38.703816],[140.468223,38.703766],[140.467198,38.703574],[140.466573,38.703433],[140.466173,38.703341],[140.464499,38.702541],[140.464249,38.702608],[140.464274,38.702674],[140.464199,38.702833],[140.464061,38.703557],[140.463911,38.704049],[140.463961,38.704299],[140.464124,38.704391],[140.464349,38.704432],[140.464473,38.704641],[140.464423,38.705116],[140.463961,38.706549],[140.463986,38.70689],[140.464473,38.707482],[140.464873,38.707999],[140.464973,38.708207],[140.464948,38.70839],[140.464736,38.708723],[140.464486,38.70904],[140.464286,38.709398],[140.463848,38.711173],[140.463586,38.711515],[140.463286,38.711715],[140.462511,38.711906],[140.462186,38.711973],[140.461861,38.712131],[140.461573,38.712373],[140.461348,38.712756],[140.461223,38.713348],[140.461161,38.713973],[140.461148,38.715372],[140.461173,38.715647],[140.461273,38.715847],[140.461498,38.716189],[140.461411,38.716456],[140.460861,38.717247],[140.460598,38.717872],[140.460523,38.718255],[140.460086,38.719605],[140.459948,38.720255],[140.459998,38.720955],[140.459823,38.721322],[140.459661,38.721455],[140.458586,38.721647],[140.458461,38.721688],[140.457961,38.72178],[140.457486,38.721638],[140.457086,38.721297],[140.456161,38.720905],[140.454761,38.72063],[140.454486,38.720538],[140.454261,38.720355],[140.453861,38.72013],[140.453162,38.71978],[140.452787,38.719597],[140.451749,38.718847],[140.451474,38.718572],[140.451174,38.71808],[140.450924,38.717897],[140.450499,38.717755],[140.450149,38.717705],[140.449824,38.717614],[140.449449,38.717414],[140.449012,38.716847],[140.448137,38.71618],[140.447512,38.715797],[140.4466,38.714956],[140.44605,38.714389],[140.445925,38.714297],[140.4456,38.714222],[140.445225,38.714314],[140.4449,38.714447],[140.444213,38.714806],[140.443788,38.714914],[140.443538,38.715047],[140.442838,38.715472],[140.442638,38.715447],[140.442463,38.715305],[140.441938,38.714964],[140.441138,38.714397],[140.440563,38.714122],[140.439938,38.713914],[140.439788,38.713914],[140.439363,38.713772],[140.438688,38.713547],[140.438288,38.713231],[140.437801,38.712506],[140.437476,38.712256],[140.437176,38.711931],[140.436913,38.710964],[140.436763,38.710714],[140.436438,38.710256],[140.436076,38.709623],[140.434926,38.708965],[140.434151,38.708598],[140.433476,38.708365],[140.432776,38.708431],[140.431826,38.708381],[140.431801,38.708331],[140.431451,38.708198],[140.431151,38.707898],[140.430826,38.707623],[140.430626,38.707373],[140.429814,38.706607],[140.429464,38.70644],[140.428964,38.706373],[140.428764,38.706232],[140.428689,38.705898],[140.428739,38.705582],[140.428739,38.705265],[140.428152,38.704807],[140.427652,38.704557],[140.427327,38.704532],[140.427052,38.704573],[140.426502,38.704482],[140.425777,38.704432],[140.42499,38.704315],[140.424952,38.70409],[140.425002,38.70334],[140.424965,38.70289],[140.424715,38.702165],[140.424677,38.701266],[140.424727,38.701266],[140.424752,38.701157],[140.424652,38.700949],[140.423902,38.700182],[140.423527,38.699999],[140.423052,38.699857],[140.422202,38.699741],[140.422027,38.699649],[140.421328,38.699416],[140.421028,38.699366],[140.420753,38.699391],[140.420053,38.699474],[140.419353,38.699741],[140.419078,38.699941],[140.418465,38.700499],[140.41794,38.700815],[140.417765,38.701015],[140.417553,38.701374],[140.417178,38.701915],[140.416665,38.702357],[140.416565,38.702698],[140.41654,38.703082],[140.416678,38.703665],[140.416703,38.70419],[140.416678,38.704348],[140.416178,38.704115],[140.415853,38.704157],[140.415203,38.704515],[140.414865,38.704623],[140.414465,38.704715],[140.41394,38.704773],[140.41384,38.704823],[140.41349,38.704823],[140.41299,38.704773],[140.411815,38.70449],[140.411365,38.704356],[140.41114,38.70419],[140.410416,38.703873],[140.409941,38.703781],[140.409016,38.703681],[140.408191,38.703498],[140.407916,38.703515],[140.407316,38.70369],[140.405741,38.703498],[140.404453,38.703473],[140.404003,38.70349],[140.402754,38.703048],[140.402429,38.703006],[140.402079,38.703023],[140.401354,38.703173],[140.400804,38.703148],[140.400229,38.703098],[140.399079,38.702848],[140.398229,38.702723],[140.396804,38.702331],[140.396479,38.702173],[140.395929,38.70174],[140.395029,38.701573],[140.394029,38.70094],[140.393704,38.700823],[140.392542,38.700473],[140.392042,38.699948],[140.391642,38.699298],[140.391229,38.698798],[140.391079,38.698182],[140.390854,38.697865],[140.390779,38.697548],[140.390792,38.697165],[140.390917,38.696857],[140.390892,38.696424],[140.390755,38.696107],[140.390505,38.695899],[140.390055,38.69579],[140.389605,38.695757],[140.38928,38.695782],[140.388667,38.695982],[140.388092,38.696024],[140.387392,38.696199],[140.387017,38.696107],[140.386817,38.695832],[140.386742,38.695674],[140.386255,38.694724],[140.38608,38.694607],[140.38598,38.694607],[140.385505,38.694674],[140.385405,38.694649],[140.385155,38.694665],[140.384855,38.694599],[140.38443,38.694415],[140.38378,38.694182],[140.38328,38.69409],[140.38323,38.694115],[140.38303,38.694065],[140.382955,38.69409],[140.38278,38.69384],[140.382705,38.693365],[140.382455,38.692982],[140.382343,38.69284],[140.382068,38.692682],[140.381243,38.692449],[140.380968,38.69229],[140.380243,38.691474],[140.380055,38.690816],[140.38003,38.690816],[140.37988,38.690549],[140.379581,38.690207],[140.379206,38.689982],[140.379056,38.689957],[140.378756,38.689707],[140.378493,38.689316],[140.377618,38.688841],[140.377518,38.688724],[140.377168,38.687999],[140.376806,38.687458],[140.376606,38.686891],[140.376556,38.686891],[140.376331,38.686799],[140.375781,38.686524],[140.375656,38.686366],[140.375206,38.686116],[140.374993,38.685908],[140.374693,38.685566],[140.373969,38.684549],[140.373719,38.684566],[140.373294,38.684633],[140.372794,38.684791],[140.372369,38.684849],[140.371603,38.684661],[140.371331,38.684549],[140.371269,38.684533],[140.371181,38.684558],[140.371056,38.684574],[140.370869,38.684649],[140.370244,38.684924],[140.370019,38.684949],[140.369881,38.684941],[140.369656,38.684891],[140.369444,38.684866],[140.369331,38.684849],[140.369231,38.684866],[140.369119,38.684891],[140.368931,38.684941],[140.368756,38.685008],[140.368494,38.685024],[140.368157,38.684974],[140.368007,38.684966],[140.367844,38.684974],[140.367669,38.684999],[140.367594,38.685007],[140.367469,38.685066],[140.367257,38.685124],[140.367069,38.685199],[140.366907,38.685282],[140.366669,38.685357],[140.366444,38.685416],[140.366257,38.685424],[140.366019,38.685499],[140.365819,38.685482],[140.365082,38.685407],[140.364807,38.685399],[140.364369,38.685732],[140.364232,38.685882],[140.364057,38.686007],[140.364007,38.686057],[140.363744,38.68609],[140.363707,38.686065],[140.363657,38.68609],[140.363519,38.68614],[140.363419,38.68624],[140.363382,38.686399],[140.363307,38.68649],[140.363232,38.686615],[140.363107,38.686674],[140.362994,38.686765],[140.362819,38.686874],[140.362744,38.686915],[140.362632,38.686974],[140.362369,38.68699],[140.362107,38.686965],[140.361619,38.686949],[140.361332,38.686974],[140.361182,38.686974],[140.36112,38.686932],[140.360882,38.686824],[140.360595,38.686749],[140.36042,38.686715],[140.360295,38.686732],[140.359945,38.686815],[140.359495,38.686773],[140.359295,38.686698],[140.359195,38.686657],[140.359045,38.68664],[140.35892,38.686657],[140.35882,38.686698],[140.358757,38.686765],[140.35867,38.686857],[140.358607,38.687215],[140.358232,38.68734],[140.358182,38.687432],[140.358132,38.687573],[140.35802,38.687648],[140.357595,38.687857],[140.357332,38.687948],[140.357145,38.688073],[140.357032,38.68819],[140.356932,38.688323],[140.356795,38.688498],[140.356732,38.688598],[140.356632,38.68854],[140.35627,38.688207],[140.355945,38.688115],[140.355757,38.688007],[140.355608,38.687982],[140.354958,38.687932],[140.354808,38.687882],[140.354545,38.687882],[140.354345,38.687907],[140.354295,38.687907],[140.353808,38.687981],[140.353708,38.688015],[140.353545,38.688031],[140.353383,38.688123],[140.353283,38.688215],[140.352908,38.688773],[140.352858,38.688815],[140.352483,38.68894],[140.352095,38.689081],[140.351958,38.689131],[140.351758,38.689065],[140.351595,38.688948],[140.351558,38.68889],[140.351483,38.688681],[140.351458,38.688631],[140.351445,38.688381],[140.351433,38.688223],[140.351333,38.688148],[140.35112,38.688015],[140.350845,38.687915],[140.35072,38.687965],[140.350595,38.688015],[140.350333,38.688123],[140.350183,38.68814],[140.349808,38.688131],[140.349708,38.688123],[140.349546,38.688148],[140.349333,38.688065],[140.349258,38.687981],[140.349196,38.687906],[140.349171,38.687773],[140.349146,38.68769],[140.349071,38.687556],[140.348808,38.687148],[140.348746,38.687006],[140.348696,38.686965],[140.348646,38.686898],[140.348571,38.686831],[140.348458,38.686715],[140.348371,38.686606],[140.348321,38.686431],[140.348321,38.686207],[140.348208,38.686032],[140.348158,38.68599],[140.348121,38.68594],[140.348033,38.68594],[140.347921,38.68594],[140.347783,38.68594],[140.347708,38.68594],[140.347446,38.685932],[140.347333,38.685865],[140.347021,38.68569],[140.346833,38.68559],[140.346746,38.685532],[140.346696,38.685515],[140.346671,38.685482],[140.346558,38.685315],[140.346371,38.684865],[140.346296,38.684798],[140.346121,38.684665],[140.345958,38.684573],[140.345746,38.68449],[140.345596,38.68439],[140.345496,38.684282],[140.345321,38.684207],[140.345171,38.684165],[140.345009,38.68414],[140.344746,38.68409],[140.344509,38.68404],[140.344309,38.683965],[140.344134,38.683865],[140.344059,38.683773],[140.343809,38.683373],[140.343721,38.683248],[140.343634,38.683182],[140.343496,38.68319],[140.343334,38.683257],[140.343084,38.683398],[140.342859,38.68354],[140.342659,38.683598],[140.342134,38.68369],[140.341996,38.68369],[140.341446,38.683673],[140.341096,38.683557],[140.340809,38.68334],[140.340796,38.68334],[140.340671,38.683207],[140.340509,38.683115],[140.340209,38.682965],[140.339997,38.682907],[140.339909,38.682798],[140.339684,38.68259],[140.339572,38.682382],[140.339484,38.68229],[140.339259,38.682107],[140.338909,38.682065],[140.338259,38.682173],[140.338172,38.68219],[140.337972,38.682198],[140.337784,38.68219],[140.337547,38.682123],[140.337372,38.682048],[140.337259,38.68199],[140.337097,38.681915],[140.336909,38.681773],[140.336422,38.681398],[140.336347,38.681315],[140.336034,38.68104],[140.335697,38.680782],[140.33546,38.680648],[140.335272,38.680607],[140.334947,38.680523],[140.334747,38.680465],[140.334522,38.680407],[140.334297,38.680298],[140.333822,38.680207],[140.333535,38.680223],[140.333297,38.680265],[140.333185,38.680265],[140.332822,38.680298],[140.332572,38.680315],[140.332222,38.680282],[140.331885,38.680173],[140.331747,38.680098],[140.331647,38.680057],[140.331335,38.679848],[140.33121,38.679798],[140.331022,38.679665],[140.330747,38.679432],[140.33046,38.679373],[140.330398,38.679398],[140.330223,38.679515],[140.329923,38.679815],[140.32971,38.679965],[140.32936,38.680082],[140.32916,38.680082],[140.329023,38.68009],[140.328935,38.680115],[140.328823,38.68014],[140.328235,38.68004],[140.32791,38.680057],[140.327648,38.680057],[140.327435,38.680007],[140.327373,38.679915],[140.327335,38.679848],[140.327235,38.679657],[140.32711,38.679607],[140.327048,38.67959],[140.326798,38.679623],[140.326735,38.679623],[140.326535,38.679648],[140.326473,38.679615],[140.326398,38.679582],[140.326285,38.679432],[140.326235,38.679273],[140.326098,38.679057],[140.325973,38.678823],[140.32586,38.678723],[140.32551,38.678673],[140.325236,38.678673],[140.325086,38.678732],[140.324936,38.67884],[140.324611,38.679007],[140.324473,38.679132],[140.324286,38.679256],[140.324136,38.679373],[140.323961,38.679465],[140.323761,38.679506],[140.323673,38.679515],[140.323586,38.679506],[140.323436,38.679498],[140.323298,38.679506],[140.323123,38.679506],[140.322948,38.679523],[140.322848,38.679556],[140.322823,38.679573],[140.322736,38.679615],[140.322636,38.679723],[140.322536,38.679765],[140.322448,38.679815],[140.322448,38.679923],[140.322311,38.680231],[140.322223,38.680348],[140.322148,38.680406],[140.321923,38.680506],[140.321811,38.680615],[140.321723,38.680731],[140.321711,38.680906],[140.321686,38.68104],[140.321623,38.681148],[140.321411,38.681323],[140.321186,38.681414],[140.320948,38.681473],[140.320711,38.681514],[140.320436,38.681556],[140.320211,38.681564],[140.320161,38.681514],[140.320086,38.681414],[140.319948,38.681389],[140.319861,38.681389],[140.319786,38.681456],[140.319511,38.681714],[140.319223,38.682156],[140.319148,38.682181],[140.319136,38.682214],[140.319086,38.682248],[140.318836,38.682406],[140.318673,38.682431],[140.318511,38.682331],[140.318311,38.682314],[140.318199,38.682306],[140.318049,38.682298],[140.317961,38.682248],[140.317774,38.682181],[140.317624,38.682123],[140.317411,38.682081],[140.317199,38.682014],[140.317074,38.681981],[140.316899,38.681939],[140.316824,38.681881],[140.316749,38.681806],[140.316649,38.681689],[140.316536,38.681589],[140.316686,38.681398],[140.316711,38.681256],[140.316736,38.681123],[140.316749,38.680948],[140.316761,38.680681],[140.316799,38.680481],[140.316874,38.680314],[140.316399,38.680373],[140.316186,38.680356],[140.316099,38.680331],[140.315961,38.680298],[140.315886,38.680256],[140.315761,38.680189],[140.315674,38.680056],[140.315299,38.680114],[140.314911,38.680148],[140.314499,38.680131],[140.314311,38.680106],[140.314161,38.680039],[140.314111,38.679981],[140.314099,38.679914],[140.314024,38.679781],[140.313949,38.679689],[140.313711,38.679506],[140.313699,38.679489],[140.313487,38.679348],[140.313299,38.679248],[140.312924,38.679098],[140.312812,38.679064],[140.312862,38.678889],[140.312837,38.678731],[140.312849,38.678664],[140.312862,38.678473],[140.312849,38.67834],[140.312724,38.678148],[140.312699,38.677898],[140.312824,38.677673],[140.312912,38.67759],[140.313612,38.676731],[140.313824,38.676565],[140.314049,38.676315],[140.314149,38.676106],[140.314312,38.675923],[140.314437,38.675798],[140.314499,38.675632],[140.314637,38.67529],[140.314687,38.674915],[140.314912,38.674115],[140.314962,38.673957],[140.315024,38.673732],[140.315087,38.673457],[140.315224,38.673182],[140.315324,38.672774],[140.315449,38.672074],[140.315449,38.671965],[140.315449,38.671815],[140.315474,38.671615],[140.315462,38.671382],[140.315512,38.671224],[140.315762,38.670524],[140.315837,38.670357],[140.315937,38.670041],[140.316187,38.669782],[140.316662,38.669916],[140.316774,38.669574],[140.316987,38.668783],[140.317324,38.668866],[140.317487,38.668824],[140.317724,38.668699],[140.317737,38.668508],[140.317837,38.668333],[140.318262,38.667724],[140.318462,38.667341],[140.318524,38.667174],[140.318549,38.667024],[140.318524,38.666841],[140.318449,38.666516],[140.318449,38.666275],[140.318474,38.666066],[140.318549,38.665941],[140.318674,38.665775],[140.319187,38.665216],[140.319387,38.664983],[140.319549,38.664783],[140.319699,38.664583],[140.319862,38.664275],[140.320037,38.663875],[140.319949,38.66375],[140.319824,38.663358],[140.319712,38.662942],[140.319624,38.662717],[140.319649,38.662525],[140.319612,38.662233],[140.319574,38.6618],[140.319562,38.66155],[140.319537,38.6613],[140.319574,38.660925],[140.319624,38.660484],[140.319662,38.660109],[140.319699,38.659825],[140.319762,38.659392],[140.319899,38.658626],[140.319912,38.658434],[140.319849,38.658217],[140.319662,38.657792],[140.319612,38.657567],[140.319524,38.657367],[140.319524,38.657142],[140.319499,38.656976],[140.319512,38.656834],[140.319474,38.656651],[140.319237,38.656143],[140.319187,38.656001],[140.319099,38.655868],[140.319012,38.655693],[140.318899,38.655359],[140.318849,38.655026],[140.318812,38.654959],[140.318799,38.654884],[140.318724,38.654768],[140.318699,38.654684],[140.318712,38.654468],[140.318762,38.654326],[140.318749,38.654151],[140.318712,38.654051],[140.318712,38.653893],[140.31875,38.653768],[140.318737,38.65366],[140.318737,38.653535],[140.318662,38.653276],[140.318525,38.652968],[140.318425,38.65261],[140.318387,38.652451],[140.31835,38.652326],[140.31835,38.652235],[140.318387,38.652176],[140.3184,38.652118],[140.31845,38.651976],[140.318475,38.65191],[140.318475,38.651835],[140.318475,38.65176],[140.31845,38.651693],[140.3184,38.651601],[140.318387,38.651551],[140.318337,38.651476],[140.318275,38.651426],[140.318237,38.651393],[140.318187,38.651343],[140.3181,38.65131],[140.318037,38.651268],[140.317987,38.651226],[140.317937,38.651176],[140.317862,38.651101],[140.317775,38.651043],[140.317725,38.650993],[140.317662,38.65091],[140.317612,38.65086],[140.317575,38.650802],[140.31755,38.650752],[140.31755,38.65066],[140.317525,38.65056],[140.317512,38.65051],[140.317487,38.650368],[140.317512,38.650268],[140.317487,38.65021],[140.317437,38.650135],[140.317362,38.650043],[140.317237,38.649977],[140.317137,38.64991],[140.316937,38.649818],[140.316787,38.649743],[140.31675,38.64971],[140.316712,38.649702],[140.31665,38.649635],[140.316587,38.649518],[140.316562,38.649418],[140.316525,38.649343],[140.3165,38.649285],[140.316412,38.649185],[140.316362,38.649143],[140.316262,38.649085],[140.316212,38.649035],[140.3161,38.648968],[140.315975,38.648885],[140.3159,38.648835],[140.31585,38.648785],[140.315837,38.648752],[140.315837,38.648685],[140.315825,38.64861],[140.315837,38.648568],[140.315837,38.648527],[140.31585,38.648477],[140.31585,38.648402],[140.31585,38.648343],[140.315825,38.648243],[140.315813,38.64811],[140.3158,38.648018],[140.315788,38.647968],[140.315775,38.647877],[140.315663,38.647652],[140.31555,38.647568],[140.315425,38.647469],[140.315325,38.64736],[140.315275,38.647277],[140.315238,38.647219],[140.315063,38.646877],[140.314938,38.646835],[140.314875,38.64671],[140.314825,38.646627],[140.314788,38.646602],[140.3147,38.646527],[140.31465,38.646494],[140.314575,38.646435],[140.314513,38.646385],[140.314475,38.646344],[140.314388,38.646302],[140.314313,38.64626],[140.3142,38.64621],[140.3141,38.64616],[140.314025,38.646094],[140.313975,38.64606],[140.313963,38.646027],[140.3139,38.645952],[140.313788,38.64581],[140.313738,38.645694],[140.313638,38.645519],[140.313575,38.645477],[140.31335,38.645219],[140.313238,38.645202],[140.3131,38.645194],[140.312988,38.645185],[140.312838,38.645169],[140.312738,38.645135],[140.312588,38.645052],[140.312525,38.644919],[140.312525,38.644894],[140.312525,38.644852],[140.312513,38.644769],[140.312488,38.644677],[140.3124,38.644569],[140.312275,38.644477],[140.312188,38.644444],[140.312088,38.64441],[140.312013,38.644402],[140.311813,38.64436],[140.311601,38.644335],[140.311463,38.644344],[140.311376,38.644335],[140.311326,38.644302],[140.311276,38.644285],[140.311213,38.644252],[140.311151,38.644202],[140.311101,38.644169],[140.311051,38.644135],[140.310976,38.644094],[140.310901,38.644077],[140.310751,38.644077],[140.310701,38.644077],[140.310588,38.64406],[140.310513,38.644035],[140.310413,38.644019],[140.310338,38.643994],[140.310213,38.643944],[140.310151,38.643919],[140.310063,38.643844],[140.310001,38.643819],[140.309913,38.643744],[140.309851,38.643711],[140.309776,38.643661],[140.309638,38.643644],[140.309538,38.643644],[140.309451,38.643644],[140.309388,38.643619],[140.309288,38.643602],[140.309213,38.643552],[140.309126,38.643486],[140.309063,38.643411],[140.309013,38.643327],[140.308976,38.643261],[140.308951,38.643194],[140.308926,38.643136],[140.308901,38.643069],[140.308838,38.642969],[140.308776,38.642902],[140.308676,38.642861],[140.308488,38.642786],[140.308301,38.642777],[140.308101,38.642752],[140.307963,38.642761],[140.307851,38.642752],[140.307701,38.642786],[140.307576,38.642827],[140.307413,38.642894],[140.307263,38.642944],[140.307163,38.643002],[140.307089,38.643011],[140.306989,38.643102],[140.306901,38.643152],[140.306801,38.643211],[140.306714,38.643227],[140.306651,38.64326],[140.306576,38.643244],[140.306476,38.643227],[140.306376,38.643194],[140.306301,38.643161],[140.306239,38.643152],[140.306139,38.643144],[140.306014,38.64316],[140.305739,38.643219],[140.305601,38.64326],[140.305489,38.643269],[140.305389,38.643294],[140.305264,38.643344],[140.305201,38.64336],[140.305101,38.64341],[140.304964,38.643419],[140.304826,38.643394],[140.304751,38.64336],[140.304651,38.643319],[140.304551,38.643269],[140.304151,38.643119],[140.303964,38.643035],[140.303826,38.642977],[140.303701,38.64291],[140.303539,38.642819],[140.303426,38.642785],[140.303289,38.642719],[140.303226,38.642686],[140.303014,38.642577],[140.302914,38.642502],[140.302914,38.642452],[140.302814,38.642286],[140.302751,38.642219],[140.302601,38.642136],[140.302227,38.641961],[140.301714,38.641736],[140.300977,38.641486],[140.300027,38.641294],[140.299714,38.641161],[140.299589,38.640944],[140.299477,38.640702],[140.299389,38.640511],[140.299402,38.640227],[140.299589,38.639861],[140.299764,38.639511],[140.299939,38.639261],[140.300027,38.639111],[140.300114,38.638969],[140.300152,38.638861],[140.300164,38.638786],[140.300177,38.638694],[140.300164,38.638586],[140.300127,38.638519],[140.300102,38.638428],[140.300127,38.638303],[140.300127,38.638211],[140.300027,38.638128],[140.299965,38.638044],[140.299877,38.637894],[140.299827,38.637719],[140.299865,38.637394],[140.299915,38.63712],[140.299927,38.636986],[140.299915,38.636861],[140.299902,38.636595],[140.29994,38.636403],[140.300027,38.636253],[140.300102,38.63612],[140.300165,38.636028],[140.30024,38.635911],[140.300352,38.635761],[140.30059,38.635645],[140.300727,38.63557],[140.300965,38.63527],[140.301102,38.635111],[140.30119,38.634945],[140.30114,38.634828],[140.300902,38.634562],[140.300815,38.634453],[140.30074,38.634328],[140.300652,38.634003],[140.300652,38.633837],[140.300602,38.633678],[140.30044,38.633412],[140.300365,38.633278],[140.300327,38.633153],[140.30029,38.633012],[140.300377,38.632878],[140.300502,38.632737],[140.300627,38.632637],[140.300765,38.632553],[140.300915,38.632437],[140.301165,38.632295],[140.301265,38.63217],[140.301252,38.632095],[140.30099,38.631987],[140.30079,38.631937],[140.300252,38.631662],[140.30019,38.631595],[140.300127,38.63152],[140.300102,38.631295],[140.300153,38.630929],[140.300128,38.630745],[140.300153,38.63057],[140.30019,38.630495],[140.30024,38.630387],[140.300315,38.630237],[140.30034,38.630137],[140.30034,38.63002],[140.30034,38.629846],[140.300253,38.629487],[140.300165,38.629279],[140.30014,38.629021],[140.300178,38.628829],[140.30024,38.628479],[140.300278,38.628271],[140.30034,38.627996],[140.300378,38.627846],[140.300403,38.627696],[140.30044,38.627479],[140.300528,38.627238],[140.30064,38.626913],[140.30069,38.626696],[140.30074,38.626463],[140.30074,38.626388],[140.300728,38.626321],[140.300678,38.626188],[140.300403,38.625854],[140.300353,38.625763],[140.300328,38.625704],[140.300265,38.625513],[140.300328,38.625279],[140.300403,38.625071],[140.300428,38.624946],[140.300428,38.624879],[140.300428,38.624771],[140.30039,38.624671],[140.30039,38.624579],[140.300503,38.624254],[140.300603,38.624046],[140.300678,38.623838],[140.300678,38.623696],[140.300678,38.623605],[140.300715,38.623388],[140.30074,38.623155],[140.30079,38.622955],[140.300965,38.622671],[140.301128,38.622105],[140.301203,38.621888],[140.30124,38.621688],[140.301253,38.621513],[140.301265,38.621371],[140.301265,38.62113],[140.30119,38.620772],[140.301141,38.620638],[140.301103,38.620472],[140.301078,38.620372],[140.301103,38.62023],[140.301153,38.62008],[140.301503,38.619538],[140.301541,38.619455],[140.301578,38.619405],[140.301728,38.61913],[140.301853,38.618922],[140.302016,38.61873],[140.302028,38.618713],[140.302128,38.618572],[140.302528,38.618322],[140.302603,38.618255],[140.302616,38.618239],[140.302641,38.618222],[140.302691,38.618164],[140.302728,38.618097],[140.302716,38.617972],[140.302678,38.617805],[140.302591,38.617664],[140.302491,38.617505],[140.302403,38.61738],[140.302178,38.616789],[140.302166,38.61663],[140.302166,38.616489],[140.302191,38.616389],[140.302203,38.616347],[140.302328,38.616105],[140.302391,38.61593],[140.302428,38.615839],[140.302466,38.615714],[140.302478,38.615556],[140.302516,38.615406],[140.302566,38.615289],[140.302578,38.615181],[140.302528,38.615022],[140.302466,38.614947],[140.302328,38.614864],[140.302178,38.614772],[140.301941,38.614531],[140.301791,38.614272],[140.301703,38.614147],[140.301553,38.614014],[140.301453,38.613906],[140.301316,38.613814],[140.301166,38.613664],[140.301041,38.613539],[140.300928,38.613439],[140.300866,38.613381],[140.300778,38.613314],[140.300716,38.613281],[140.300603,38.613231],[140.300353,38.613181],[140.300141,38.613106],[140.299479,38.612814],[140.299141,38.612656],[140.298754,38.612431],[140.298616,38.612314],[140.298416,38.612197],[140.298229,38.612114],[140.298079,38.612064],[140.297904,38.611972],[140.297766,38.611789],[140.297754,38.611731],[140.297729,38.611656],[140.297729,38.611589],[140.297629,38.611481],[140.297554,38.611439],[140.297454,38.611364],[140.297241,38.611281],[140.296866,38.611198],[140.296616,38.611131],[140.296479,38.611056],[140.296229,38.610798],[140.296066,38.610673],[140.295879,38.610598],[140.295391,38.610531],[140.294991,38.610414],[140.294779,38.610331],[140.294566,38.610239],[140.294416,38.610039],[140.294379,38.609948],[140.294354,38.609806],[140.294316,38.609706],[140.294254,38.609648],[140.294116,38.609589],[140.293691,38.609523],[140.293317,38.609389],[140.292992,38.609156],[140.292817,38.609039],[140.292692,38.608956],[140.292504,38.608881],[140.291917,38.608681],[140.291792,38.608648],[140.291517,38.608514],[140.291367,38.608431],[140.291204,38.608348],[140.291067,38.608256],[140.290904,38.608198],[140.290492,38.608289],[140.290304,38.608289],[140.290167,38.608256],[140.290004,38.608114],[140.289929,38.608031],[140.289729,38.607631],[140.289292,38.607031],[140.289192,38.606898],[140.289129,38.606798],[140.289029,38.606698],[140.288929,38.606598],[140.288779,38.606498],[140.288617,38.606398],[140.288354,38.606264],[140.287792,38.606081],[140.287367,38.605956],[140.287092,38.605864],[140.286667,38.605764],[140.286517,38.605731],[140.286067,38.605681],[140.285767,38.605673],[140.285567,38.605723],[140.285142,38.605881],[140.284755,38.606014],[140.284517,38.606006],[140.284055,38.605822],[140.283817,38.605681],[140.283442,38.605547],[140.28313,38.605372],[140.28283,38.605172],[140.282692,38.605072],[140.28248,38.604973],[140.282317,38.604923],[140.282192,38.604914],[140.281942,38.605023],[140.281792,38.605064],[140.28128,38.605139],[140.280918,38.605148],[140.280668,38.605123],[140.280468,38.605098],[140.28063,38.604756],[140.28068,38.604639],[140.280705,38.604531],[140.28073,38.604481],[140.280755,38.604348],[140.28073,38.604231],[140.280593,38.604131],[140.280443,38.604064],[140.28038,38.603889],[140.280305,38.603714],[140.280143,38.603614],[140.27983,38.603564],[140.279443,38.603614],[140.27923,38.603614],[140.278968,38.603639],[140.278743,38.603648],[140.27853,38.603631],[140.277843,38.603573],[140.277555,38.603531],[140.27738,38.603473],[140.277193,38.603423],[140.277005,38.603364],[140.276468,38.603431],[140.276231,38.603439],[140.276081,38.603414],[140.275893,38.603348],[140.275818,38.603215],[140.275806,38.603056],[140.275756,38.602848],[140.275693,38.602656],[140.275643,38.60249],[140.275531,38.602323],[140.275418,38.602015],[140.275256,38.60149],[140.275243,38.601198],[140.275231,38.600948],[140.275131,38.600715],[140.275031,38.600557],[140.274956,38.600432],[140.274831,38.600065],[140.274793,38.599757],[140.274768,38.599624],[140.274731,38.599465],[140.274668,38.599299],[140.274606,38.59914],[140.274593,38.599107],[140.274531,38.599007],[140.274469,38.59889],[140.274319,38.598757],[140.274081,38.598624],[140.273756,38.598449],[140.273531,38.598257],[140.273331,38.598041],[140.273294,38.597907],[140.273269,38.597757],[140.273231,38.597591],[140.273331,38.597332],[140.273369,38.597224],[140.273369,38.597049],[140.273206,38.596591],[140.273169,38.596491],[140.273119,38.596324],[140.273106,38.596274],[140.273044,38.596166],[140.272981,38.596099],[140.272831,38.596008],[140.272594,38.595924],[140.272069,38.595849],[140.271657,38.595733],[140.271582,38.595699],[140.270844,38.595333],[140.270594,38.595133],[140.270257,38.594783],[140.270157,38.594658],[140.270057,38.594566],[140.269932,38.594399],[140.269894,38.594258],[140.269894,38.594075],[140.269957,38.593891],[140.270007,38.593716],[140.270032,38.593658],[140.270082,38.593616],[140.270507,38.593466],[140.270807,38.59335],[140.271169,38.593225],[140.271169,38.593075],[140.270969,38.592883],[140.270769,38.592717],[140.270369,38.592],[140.270244,38.591908],[140.270132,38.5918],[140.26992,38.591708],[140.269382,38.591575],[140.269232,38.591508],[140.268657,38.591392],[140.26857,38.59135],[140.26862,38.591233],[140.269057,38.590592],[140.269057,38.590459],[140.26902,38.590342],[140.268907,38.590225],[140.268845,38.590134],[140.268745,38.590084],[140.268645,38.590034],[140.268257,38.590009],[140.267732,38.589925],[140.267607,38.5899],[140.267345,38.589825],[140.267195,38.58975],[140.267107,38.589675],[140.26702,38.589542],[140.26702,38.589334],[140.26702,38.589217],[140.26692,38.588442],[140.26687,38.588267],[140.26682,38.587892],[140.266795,38.587734],[140.266733,38.587534],[140.266708,38.587409],[140.266658,38.587259],[140.266558,38.587059],[140.266508,38.586926],[140.266458,38.586817],[140.26637,38.586684],[140.26617,38.586417],[140.265883,38.586251],[140.26552,38.585934],[140.265308,38.585543],[140.265358,38.585159],[140.265545,38.584809],[140.264483,38.584476],[140.263321,38.584034],[140.262421,38.583509],[140.261921,38.582876],[140.261246,38.582484],[140.259921,38.582393],[140.259321,38.581876],[140.258796,38.581184],[140.258484,38.581059],[140.257871,38.580634],[140.257771,38.580084],[140.257546,38.57981],[140.256634,38.579651],[140.256321,38.579351],[140.256046,38.577618],[140.255746,38.576418],[140.255421,38.575593],[140.254909,38.575168],[140.254859,38.575002],[140.254384,38.574485],[140.252809,38.574152],[140.251159,38.573852],[140.250284,38.57381],[140.248822,38.573785],[140.248097,38.57356],[140.247472,38.573218],[140.247022,38.572735],[140.246785,38.572218],[140.246635,38.57151],[140.24662,38.571056],[140.24666,38.57096],[140.24662,38.570565],[140.246385,38.570277],[140.246247,38.56996],[140.246222,38.569935],[140.245947,38.569152],[140.245773,38.568902],[140.245498,38.568835],[140.24471,38.56881],[140.244235,38.568652],[140.243885,38.56836],[140.24371,38.568293],[140.242698,38.568452],[140.24176,38.568527],[140.24121,38.568502],[140.240935,38.56846],[140.240798,38.568093],[140.24036,38.567485],[140.239973,38.566877],[140.239723,38.565977],[140.237911,38.564085],[140.237636,38.563702],[140.237323,38.563027],[140.237136,38.562219],[140.237186,38.561319],[140.237523,38.561119],[140.238286,38.560844],[140.238336,38.560077],[140.238311,38.559294],[140.238223,38.558769],[140.237849,38.558253],[140.237186,38.557711],[140.236411,38.557178],[140.236161,38.556953],[140.235774,38.556278],[140.235611,38.555369],[140.235661,38.554653],[140.235636,38.553053],[140.235524,38.552328],[140.235436,38.551362],[140.235274,38.551112],[140.234836,38.550912],[140.234174,38.550778],[140.232362,38.550487],[140.231374,38.550262],[140.230412,38.550153],[140.229724,38.550328],[140.229124,38.550378],[140.226862,38.549278],[140.226425,38.54912],[140.224887,38.548195],[140.224225,38.547703],[140.2232,38.546662],[140.222738,38.546262],[140.222163,38.545878],[140.220975,38.545787],[140.220213,38.545878],[140.21935,38.545928],[140.218338,38.545903],[140.217626,38.54577],[140.217151,38.54532],[140.216688,38.54462],[140.216113,38.54347],[140.215776,38.543154],[140.215476,38.542729],[140.215313,38.542054],[140.215038,38.54167],[140.214814,38.54122],[140.213689,38.541045],[140.213464,38.54097],[140.213164,38.540596],[140.212914,38.540162],[140.212751,38.539012],[140.212589,38.538454],[140.212476,38.537888],[140.212114,38.537463],[140.211789,38.536738],[140.211726,38.536354],[140.211514,38.535996],[140.211289,38.534846],[140.211177,38.534713],[140.210789,38.53413],[140.210714,38.533721],[140.210552,38.53363],[140.209477,38.533521],[140.208589,38.53348],[140.208015,38.53303],[140.207352,38.533005],[140.206252,38.532846],[140.20499,38.53283],[140.203952,38.532896],[140.202465,38.53278],[140.19964,38.532471],[140.196941,38.532405],[140.195591,38.532471],[140.191753,38.532588],[140.190929,38.532929],[140.190016,38.533113],[140.189554,38.533088],[140.188429,38.532821],[140.186004,38.531938],[140.185317,38.531988],[140.184104,38.531804],[140.183229,38.531963],[140.182404,38.532279],[140.182042,38.532329],[140.18043,38.532396],[140.180205,38.532463],[140.179792,38.533429],[140.179855,38.533954],[140.179742,38.534421],[140.17938,38.535029],[140.178892,38.535554],[140.178667,38.535662],[140.178367,38.535529],[140.178042,38.535196],[140.17688,38.534587],[140.175942,38.534246],[140.175068,38.533979],[140.174793,38.533929],[140.173993,38.533704],[140.17273,38.533504],[140.172455,38.533437],[140.171718,38.532813],[140.171005,38.532429],[140.169956,38.532271],[140.169181,38.531888],[140.168606,38.531238],[140.167618,38.530513],[140.167093,38.530196],[140.166981,38.530313],[140.166706,38.530763],[140.166131,38.531304],[140.165418,38.531571],[140.165169,38.531621],[140.164706,38.531346],[140.164069,38.531171],[140.163281,38.531371],[140.162694,38.531354],[140.162281,38.530904],[140.162144,38.530404],[140.161931,38.529846],[140.161906,38.529121],[140.161631,38.528696],[140.161381,38.527813],[140.160969,38.527205],[140.160494,38.526713],[140.160082,38.526371],[140.159644,38.52613],[140.159232,38.525655],[140.158707,38.525363],[140.158569,38.524997],[140.158469,38.523738],[140.158107,38.522589],[140.157944,38.522455],[140.157394,38.522455],[140.15662,38.522572],[140.155882,38.52273],[140.155657,38.522589],[140.154345,38.520522],[140.15382,38.519914],[140.15192,38.518581],[140.151045,38.517889],[140.150108,38.515881],[140.150158,38.515498],[140.15082,38.514506],[140.151208,38.514073],[140.150883,38.513964],[140.148433,38.513489],[140.147558,38.513264],[140.147245,38.513131],[140.146421,38.512614],[140.145908,38.512031],[140.144858,38.511715],[140.144446,38.511198],[140.144008,38.51104],[140.143733,38.51084],[140.143433,38.510231],[140.143046,38.509665],[140.142471,38.50919],[140.141783,38.50879],[140.140409,38.508673],[140.138984,38.507957],[140.138234,38.507957],[140.137546,38.508206],[140.137059,38.508231],[140.136396,38.508073],[140.135734,38.507823],[140.135046,38.507506],[140.134034,38.507123],[140.133047,38.50699],[140.132222,38.50674],[140.131234,38.506565],[140.130522,38.506365],[140.129534,38.505823],[140.128672,38.505548],[140.127797,38.505415],[140.127272,38.50519],[140.126559,38.504832],[140.125622,38.504515],[140.12511,38.504198],[140.124722,38.50389],[140.124447,38.503507],[140.124147,38.502923],[140.12426,38.502882],[140.124172,38.502657],[140.123772,38.502082],[140.12321,38.50144],[140.123085,38.501107],[140.12311,38.500865],[140.123547,38.499707],[140.123647,38.49954],[140.12401,38.498399],[140.124222,38.497924],[140.124547,38.497699],[140.124772,38.497607],[140.12606,38.497299],[140.126422,38.497141],[140.12656,38.497008],[140.12661,38.496883],[140.126522,38.496783],[140.125522,38.496408],[140.124922,38.496133],[140.124272,38.495874],[140.123185,38.495308],[140.122798,38.495074],[140.122523,38.494791],[140.122448,38.494566],[140.122448,38.494358],[140.122623,38.493799],[140.12251,38.493658],[140.12231,38.49365],[140.12176,38.493716],[140.12166,38.493708],[140.121632,38.493726],[140.121348,38.493699],[140.120873,38.493549],[140.120148,38.493458],[140.11846,38.493316],[140.117973,38.493341],[140.116573,38.493549],[140.115873,38.493599],[140.115323,38.493591],[140.114923,38.493633],[140.114048,38.494224],[140.113461,38.494449],[140.113161,38.494641],[140.112911,38.495074],[140.112586,38.495424],[140.112211,38.495632],[140.112073,38.495682],[140.111723,38.495924],[140.110573,38.49694],[140.110236,38.497132],[140.109948,38.497357],[140.109311,38.498182],[140.108886,38.498482],[140.108248,38.498765],[140.107886,38.499082],[140.107586,38.499423],[140.106748,38.500082],[140.106111,38.500756],[140.105761,38.501056],[140.105461,38.501206],[140.105336,38.501206],[140.104448,38.50099],[140.104123,38.501056],[140.103861,38.501315],[140.103773,38.50164],[140.103773,38.501965],[140.103561,38.50224],[140.103211,38.502456],[140.102998,38.502714],[140.102961,38.502923],[140.102986,38.503048],[140.102961,38.503364],[140.102823,38.503606],[140.102249,38.503973],[140.101511,38.504514],[140.100774,38.504647],[140.100361,38.505614],[140.099449,38.506114],[140.098874,38.506472],[140.098211,38.506747],[140.098024,38.506855],[140.097749,38.507372],[140.097286,38.507822],[140.096924,38.508255],[140.096849,38.508455],[140.096236,38.508772],[140.095524,38.509047],[140.095311,38.50918],[140.094674,38.50943],[140.094149,38.509988],[140.093437,38.51033],[140.092699,38.510555],[140.091624,38.511188],[140.090799,38.511413],[140.090224,38.511796],[140.089812,38.51213],[140.089712,38.51218],[140.088412,38.512363],[140.087287,38.512563],[140.086487,38.512563],[140.086275,38.512538],[140.08495,38.512204],[140.084237,38.511913],[140.084162,38.511779],[140.083475,38.511571],[140.083087,38.511529],[140.08105,38.511488],[140.080338,38.511371],[140.079875,38.51113],[140.079625,38.511063],[140.07905,38.510696],[140.078775,38.510471],[140.078,38.510005],[140.077638,38.50948],[140.0772,38.508605],[140.077063,38.508405],[140.076188,38.507546],[140.0755,38.507005],[140.074863,38.506713],[140.074888,38.506197],[140.074751,38.505405],[140.074501,38.505072],[140.072451,38.504597],[140.071288,38.504305],[140.070138,38.504172],[140.068026,38.50438],[140.067139,38.504538],[140.066676,38.504555],[140.066564,38.504538],[140.065389,38.503746],[140.065276,38.503638],[140.065076,38.50323],[140.065026,38.502921],[140.064939,38.50278],[140.064501,38.501663],[140.064076,38.50108],[140.063489,38.500672],[140.063189,38.500205],[140.062914,38.500022],[140.062439,38.499838],[140.061739,38.499738],[140.061264,38.49958],[140.060152,38.498913],[140.059864,38.498905],[140.057989,38.499171],[140.057489,38.499396],[140.05694,38.49983],[140.056602,38.499513],[140.056477,38.499205],[140.056402,38.49878],[140.056352,38.49783],[140.05614,38.497555],[140.055777,38.497438],[140.055015,38.497271],[140.054502,38.497221],[140.052665,38.497213],[140.052177,38.497005],[140.051865,38.496796],[140.05139,38.496596],[140.051052,38.496371],[140.05069,38.496163],[140.050465,38.496146],[140.050265,38.496221],[140.049628,38.49683],[140.04859,38.497354],[140.047015,38.498196],[140.046178,38.498579],[140.045878,38.498621],[140.044878,38.498654],[140.042691,38.499054],[140.042291,38.499062],[140.041978,38.499037],[140.041766,38.499121],[140.041703,38.499329],[140.041766,38.50002],[140.041703,38.500495],[140.041566,38.500845],[140.041341,38.501054],[140.041266,38.501087],[140.040941,38.501095],[140.040466,38.501045],[140.039853,38.500945],[140.039566,38.50092],[140.039341,38.50097],[140.039178,38.501087],[140.039116,38.501162],[140.039041,38.501887],[140.038841,38.502137],[140.038578,38.50237],[140.038466,38.502653],[140.038528,38.502837],[140.038491,38.50292],[140.038466,38.502928],[140.038853,38.503745],[140.038766,38.504062],[140.038053,38.504512],[140.037366,38.504911],[140.036728,38.505211],[140.035941,38.505436],[140.035304,38.505503],[140.034979,38.505611],[140.034954,38.505686],[140.035741,38.506653],[140.036266,38.507395],[140.036841,38.507886],[140.037041,38.508203],[140.036953,38.508428],[140.036566,38.508953],[140.036541,38.509511],[140.037041,38.510169],[140.037316,38.510703],[140.037316,38.510861],[140.037016,38.511361],[140.036578,38.511811],[140.035941,38.512327],[140.035753,38.512619],[140.035478,38.513344],[140.035616,38.513861],[140.035691,38.513994],[140.035828,38.514786],[140.035753,38.515685],[140.035553,38.516885],[140.035966,38.517444],[140.036303,38.517577],[140.037153,38.517644],[140.038053,38.517644],[140.038553,38.517802],[140.038991,38.518052],[140.038966,38.518594],[140.038778,38.51931],[140.038066,38.520418],[140.036991,38.521385],[140.036941,38.522043],[140.036803,38.52281],[140.036878,38.522943],[140.037128,38.523751],[140.036878,38.52441],[140.036278,38.524926],[140.036191,38.525109],[140.036141,38.525809],[140.036028,38.526526],[140.036141,38.527859],[140.036053,38.529076],[140.035791,38.529634],[140.035791,38.530517],[140.035953,38.531167],[140.035953,38.531684],[140.035841,38.532292],[140.035816,38.532767],[140.036828,38.532542],[140.037028,38.53245],[140.037628,38.53205],[140.038316,38.531509],[140.039141,38.530784],[140.039828,38.529859],[140.040453,38.529451],[140.041716,38.529001],[140.042403,38.528368],[140.042653,38.528101],[140.043253,38.527651],[140.044028,38.52751],[140.045565,38.527851],[140.046665,38.527918],[140.047653,38.527776],[140.04859,38.527935],[140.049303,38.527868],[140.049877,38.527868],[140.05049,38.528093],[140.051177,38.528001],[140.052965,38.528385],[140.053815,38.528268],[140.05444,38.528318],[140.054989,38.528626],[140.055152,38.528835],[140.055152,38.52931],[140.054639,38.53061],[140.054689,38.530793],[140.055164,38.531309],[140.056152,38.531968],[140.056752,38.532193],[140.057164,38.532726],[140.057852,38.533159],[140.058052,38.533201],[140.059039,38.533626],[140.059639,38.534193],[140.059914,38.534393],[140.060689,38.534709],[140.061764,38.535001],[140.062176,38.535159],[140.063001,38.535767],[140.063826,38.536101],[140.066763,38.536284],[140.067663,38.536526],[140.068,38.536976],[140.068413,38.537926],[140.068938,38.538692],[140.07025,38.539476],[140.071275,38.539501],[140.07245,38.539884],[140.073112,38.540042],[140.073475,38.540175],[140.07355,38.540175],[140.073275,38.540892],[140.073337,38.54105],[140.074137,38.542559],[140.074687,38.542917],[140.074987,38.542942],[140.075787,38.543075],[140.075862,38.543008],[140.076574,38.543508],[140.076849,38.54375],[140.077487,38.54445],[140.078262,38.545642],[140.078512,38.546458],[140.078074,38.5483],[140.077762,38.548958],[140.077549,38.549249],[140.076974,38.550624],[140.076949,38.550808],[140.077087,38.551274],[140.077911,38.552041],[140.078761,38.552399],[140.079636,38.552674],[140.079861,38.552832],[140.080361,38.553366],[140.081236,38.554066],[140.082424,38.554874],[140.082911,38.555349],[140.083298,38.555865],[140.084036,38.556224],[140.084286,38.556315],[140.085523,38.556632],[140.085998,38.556724],[140.087036,38.556857],[140.088061,38.557124],[140.088886,38.557124],[140.089211,38.557015],[140.089923,38.556849],[140.09026,38.556832],[140.090973,38.556874],[140.09116,38.556849],[140.091823,38.556849],[140.092673,38.556941],[140.09391,38.557207],[140.09476,38.557116],[140.095723,38.556916],[140.096385,38.556849],[140.096573,38.556866],[140.097235,38.557249],[140.09776,38.558041],[140.097922,38.558832],[140.09821,38.559707],[140.098672,38.560649],[140.09911,38.561665],[140.09911,38.561957],[140.098947,38.562857],[140.09846,38.563807],[140.09826,38.564665],[140.09821,38.565382],[140.097822,38.566131],[140.09766,38.566781],[140.097747,38.567115],[140.098247,38.567998],[140.098797,38.568781],[140.099122,38.569506],[140.099872,38.569906],[140.10061,38.569956],[140.10111,38.569706],[140.10141,38.569615],[140.102697,38.56959],[140.103522,38.570173],[140.104709,38.570831],[140.105072,38.571506],[140.105697,38.571865],[140.106659,38.572223],[140.107597,38.572806],[140.107622,38.573081],[140.107659,38.574364],[140.107797,38.575289],[140.107959,38.575914],[140.108122,38.576206],[140.109446,38.577739],[140.110109,38.578214],[140.111071,38.578481],[140.111921,38.578439],[140.112946,38.578281],[140.113684,38.578048],[140.114759,38.577506],[140.115358,38.57749],[140.116546,38.577848],[140.117233,38.577956],[140.117371,38.578023],[140.117421,38.578473],[140.117371,38.579356],[140.116708,38.580281],[140.116521,38.580456],[140.116108,38.580956],[140.115671,38.581023],[140.115446,38.580997],[140.114758,38.581022],[140.114321,38.581389],[140.113909,38.581856],[140.113409,38.582306],[140.112896,38.582581],[140.112446,38.583097],[140.112371,38.583614],[140.112346,38.584139],[140.112396,38.584922],[140.112484,38.585439],[140.112671,38.585914],[140.112521,38.586247],[140.112284,38.586513],[140.111796,38.586805],[140.111534,38.587072],[140.111371,38.587463],[140.111421,38.587913],[140.111734,38.588463],[140.111846,38.588896],[140.111646,38.589188],[140.111109,38.589405],[140.110446,38.589755],[140.110034,38.590155],[140.109896,38.590671],[140.109584,38.591146],[140.109559,38.591988],[140.109459,38.592704],[140.109059,38.593321],[140.108496,38.593787],[140.108046,38.594404],[140.107796,38.595054],[140.107821,38.596345],[140.107484,38.597887],[140.107546,38.598487],[140.107109,38.598895],[140.106396,38.59937],[140.105684,38.59962],[140.105271,38.600186],[140.105009,38.601461],[140.105434,38.602045],[140.105996,38.602178],[140.106496,38.602386],[140.106971,38.602636],[140.107259,38.603178],[140.107471,38.603811],[140.107396,38.604186],[140.107321,38.604261],[140.106784,38.604369],[140.106534,38.604636],[140.106546,38.605336],[140.106796,38.605819],[140.106759,38.606319],[140.106471,38.607502],[140.106509,38.607694],[140.106808,38.607702],[140.107608,38.607819],[140.108296,38.608127],[140.109033,38.608761],[140.109058,38.609161],[140.108558,38.61031],[140.108221,38.610735],[140.108396,38.611235],[140.109033,38.611619],[140.109533,38.61211],[140.110233,38.61256],[140.110458,38.612502],[140.111296,38.612444],[140.111546,38.612768],[140.111421,38.613377],[140.111795,38.61521],[140.111758,38.615343],[140.111533,38.615643],[140.111183,38.615901],[140.111133,38.61591],[140.109821,38.616335],[140.109283,38.616668],[140.109046,38.617243],[140.108958,38.617884],[140.108733,38.619126],[140.108258,38.619409],[140.107683,38.619542],[140.107108,38.619501],[140.106483,38.619667],[140.106246,38.619959],[140.105808,38.620326],[140.104383,38.620825],[140.103433,38.621267],[140.102883,38.621434],[140.102446,38.621359],[140.101846,38.621217],[140.100996,38.621234],[140.099934,38.621592],[140.099646,38.621633],[140.099021,38.6218],[140.098259,38.621725],[140.097409,38.621792],[140.096571,38.621967],[140.095296,38.622708],[140.094884,38.623141],[140.094759,38.623425],[140.094946,38.624],[140.094871,38.624616],[140.094634,38.625291],[140.094309,38.625599],[140.093484,38.625924],[140.093234,38.626416],[140.092434,38.627166],[140.091784,38.627941],[140.091521,38.628141],[140.090746,38.628207],[140.090447,38.628049],[140.089934,38.627965],[140.089834,38.628007],[140.089559,38.628265],[140.089259,38.628649],[140.088772,38.628715],[140.087859,38.628432],[140.087597,38.628382],[140.086884,38.628449],[140.086134,38.628649],[140.085672,38.628824],[140.085559,38.628923],[140.085322,38.62944],[140.084997,38.629982],[140.084072,38.629923],[140.082997,38.629482],[140.08231,38.629598],[140.08161,38.629623],[140.081072,38.62984],[140.080647,38.630781],[140.080047,38.631681],[140.080035,38.632073],[140.08036,38.633089],[140.080422,38.633739],[140.080385,38.633864],[140.080122,38.634006],[140.078435,38.634381],[140.077072,38.634414],[140.07596,38.634239],[140.075222,38.633981],[140.07466,38.633964],[140.074348,38.633989],[140.073298,38.633906],[140.072323,38.633772],[140.071923,38.633856],[140.071635,38.634314],[140.07076,38.635997],[140.070273,38.636397],[140.070085,38.636489],[140.069648,38.636922],[140.069635,38.637297],[140.069685,38.637713],[140.06956,38.638438],[140.06921,38.639663],[140.069335,38.640113],[140.06936,38.640546],[140.069123,38.641021],[140.068935,38.641055],[140.068398,38.641071],[140.067535,38.640913],[140.066561,38.640571],[140.065586,38.640371],[140.064798,38.640296],[140.064323,38.640096],[140.063623,38.640796],[140.063261,38.641471],[140.062898,38.642729],[140.062473,38.643888],[140.062386,38.644679],[140.062423,38.645554],[140.062648,38.647145],[140.062836,38.647795],[140.062811,38.647887],[140.061623,38.648904],[140.061098,38.649695],[140.060798,38.650395],[140.060686,38.651137],[140.060461,38.65182],[140.059886,38.652311],[140.059411,38.653153],[140.059361,38.653778],[140.058298,38.654869],[140.057561,38.655528],[140.056511,38.656744],[140.055149,38.657527],[140.055024,38.657727],[140.054961,38.658302],[140.055111,38.658794],[140.054774,38.659144],[140.054186,38.659386],[140.053411,38.659444],[140.052599,38.659577],[140.051749,38.659619],[140.050837,38.659469],[140.050524,38.659177],[140.050162,38.658702],[140.049562,38.658427],[140.049312,38.658135],[140.049087,38.657644],[140.048787,38.657294],[140.048162,38.657252],[140.047299,38.65751],[140.046262,38.657944],[140.045662,38.658402],[140.0451,38.658694],[140.044853,38.659075],[140.044512,38.659602],[140.044337,38.659644],[140.043787,38.659627],[140.043287,38.659935],[140.0429,38.660293],[140.042912,38.660585],[140.043275,38.661718],[140.043487,38.662102],[140.042975,38.66291],[140.042987,38.663085],[140.042612,38.663893],[140.042575,38.664401],[140.043287,38.66566],[140.043162,38.666201],[140.042837,38.666793],[140.042687,38.667326],[140.042512,38.667734],[140.042037,38.668226],[140.041874,38.668659],[140.041824,38.669193],[140.041612,38.669376],[140.041474,38.669551],[140.041277,38.669718],[140.04035,38.670042],[140.040237,38.670109],[140.03995,38.670376],[140.039762,38.670792],[140.039912,38.671551],[140.039575,38.671984],[140.039325,38.672259],[140.038625,38.672851],[140.037675,38.673475],[140.037012,38.674167],[140.036512,38.674575],[140.035637,38.674442],[140.034075,38.674134],[140.033575,38.674125],[140.033338,38.674975],[140.0328,38.676133],[140.032975,38.676483],[140.033313,38.6769],[140.033175,38.677508],[140.032513,38.67815],[140.032238,38.678791],[140.031975,38.679241],[140.0325,38.679233],[140.032688,38.679266],[140.03335,38.67955],[140.0351,38.680441],[140.035962,38.680525],[140.037387,38.680458],[140.038487,38.68065],[140.039649,38.681066],[140.040987,38.68215],[140.041249,38.682541],[140.042187,38.683099],[140.042599,38.683483],[140.042287,38.683741],[140.041574,38.684108],[140.041587,38.684516],[140.041737,38.684858],[140.041737,38.684982],[140.041524,38.685449],[140.041637,38.685991],[140.041562,38.686457],[140.041599,38.686882],[140.041649,38.687032],[140.041724,38.687699],[140.041937,38.688307],[140.041974,38.688849],[140.041687,38.68949],[140.041124,38.691098],[140.040724,38.691557],[140.040774,38.691598],[140.041886,38.692148],[140.041986,38.69224],[140.041686,38.693631],[140.041936,38.695589],[140.042174,38.696073],[140.042711,38.696573],[140.042699,38.696798],[140.042286,38.697089],[140.041661,38.697456],[140.040574,38.698239],[140.040012,38.698781],[140.039049,38.699739],[140.038912,38.700139],[140.039062,38.70033],[140.039349,38.700539],[140.040012,38.701347],[140.040236,38.701447],[140.041499,38.701805],[140.042336,38.702205],[140.043786,38.703155],[140.044573,38.704038],[140.044948,38.704638],[140.045261,38.704697],[140.045686,38.704688],[140.046148,38.704763],[140.047061,38.705397],[140.047735,38.706197],[140.048448,38.70663],[140.049023,38.707088],[140.04966,38.707505],[140.049848,38.707588],[140.04971,38.707746],[140.04961,38.707946],[140.049598,38.70818],[140.049923,38.709121],[140.050223,38.709796],[140.050472,38.710971],[140.050997,38.711838],[140.051372,38.712579],[140.05191,38.713454],[140.052497,38.714254],[140.05276,38.715004],[140.052647,38.715787],[140.052435,38.716795],[140.052185,38.718337],[140.052197,38.718945],[140.052597,38.719403],[140.054009,38.720612],[140.054922,38.72132],[140.055272,38.721553],[140.055946,38.722103],[140.056146,38.722478],[140.056096,38.723236],[140.055721,38.72452],[140.055759,38.725061],[140.056221,38.726203],[140.056059,38.726169],[140.055784,38.726161],[140.055371,38.726244],[140.055134,38.726319],[140.053959,38.726411],[140.053534,38.727169],[140.052709,38.727077],[140.051384,38.727111],[140.050597,38.727427],[140.05036,38.727894],[140.050285,38.72871],[140.05001,38.729602],[140.04986,38.729835],[140.049272,38.730177],[140.048435,38.730443],[140.047072,38.730527],[140.046397,38.730652],[140.046697,38.732376],[140.04651,38.733268],[140.046347,38.733659],[140.04596,38.734351],[140.045747,38.735117],[140.04516,38.735751],[140.044648,38.736476],[140.04401,38.737117],[140.043598,38.737584],[140.043348,38.738558],[140.043473,38.739242],[140.04351,38.739842],[140.042923,38.740467],[140.043073,38.740716],[140.043773,38.741241],[140.043973,38.741525],[140.043673,38.742525],[140.043685,38.743008],[140.043823,38.743133],[140.044122,38.743266],[140.044785,38.743433],[140.04496,38.743566],[140.04496,38.743599],[140.044235,38.743699],[140.04366,38.743899],[140.043473,38.744191],[140.04311,38.745082],[140.042635,38.745557],[140.041835,38.745857],[140.041098,38.746216],[140.040235,38.746382],[140.04011,38.746457],[140.03981,38.746799],[140.03971,38.747074],[140.04011,38.747749],[140.040173,38.747924],[140.039973,38.748057],[140.039248,38.748357],[140.038773,38.748482],[140.03811,38.748365],[140.037423,38.748474],[140.03686,38.748774],[140.035985,38.749107],[140.035648,38.749199],[140.034686,38.748982],[140.034411,38.748957],[140.034111,38.749099],[140.033998,38.749257],[140.034098,38.749448],[140.034698,38.750265],[140.034935,38.750523],[140.035123,38.750848],[140.035373,38.751723],[140.035535,38.751898],[140.036073,38.752048],[140.036835,38.752157],[140.037273,38.752331],[140.037748,38.752665],[140.038547,38.75289],[140.038546,38.752992],[140.038635,38.753981],[140.03856,38.75409],[140.037935,38.754265],[140.03761,38.754398],[140.037235,38.754623],[140.036948,38.755006],[140.036673,38.755681],[140.036235,38.757364],[140.036022,38.758339],[140.035447,38.760339],[140.03511,38.761214],[140.034685,38.76203],[140.034535,38.762405],[140.033722,38.763347],[140.03306,38.764022],[140.031785,38.765838],[140.030672,38.767188],[140.02991,38.768238],[140.029585,38.769071],[140.028772,38.770221],[140.02881,38.770871],[140.02901,38.771621],[140.029272,38.772412],[140.029635,38.77417],[140.029972,38.774854],[140.030647,38.775262],[140.030922,38.775487],[140.031472,38.776145],[140.032034,38.776987],[140.032184,38.777104],[140.032459,38.776787],[140.033097,38.775779],[140.033609,38.774829],[140.034072,38.774246],[140.034172,38.774137],[140.034622,38.774162],[140.035647,38.774437],[140.036497,38.774921],[140.038034,38.776079],[140.038434,38.776179],[140.038584,38.776379],[140.038634,38.776579],[140.038971,38.777012],[140.039546,38.777604],[140.039946,38.77817],[140.040234,38.778987],[140.040659,38.779645],[140.041646,38.780778],[140.042571,38.781486],[140.043296,38.78167],[140.043946,38.781695],[140.044146,38.781628],[140.045871,38.781803],[140.046821,38.782053],[140.047495,38.782603],[140.048133,38.783303],[140.048858,38.783895],[140.050433,38.784561],[140.050858,38.785061],[140.051445,38.785944],[140.052045,38.786628],[140.053332,38.787494],[140.054107,38.787953],[140.054532,38.788361],[140.05537,38.789086],[140.055795,38.789269],[140.05612,38.789252],[140.056445,38.789277],[140.057432,38.789236],[140.058432,38.789111],[140.059157,38.789319],[140.059757,38.789436],[140.060432,38.789028],[140.061069,38.788586],[140.061744,38.788503],[140.062944,38.788619],[140.063744,38.788694],[140.064206,38.788311],[140.064406,38.788336],[140.064944,38.788678],[140.065094,38.788661],[140.065844,38.788869],[140.066744,38.789411],[140.067243,38.789461],[140.067318,38.789619],[140.067018,38.790319],[140.067031,38.790903],[140.067831,38.791319],[140.068556,38.791253],[140.069231,38.791369],[140.069356,38.791961],[140.069393,38.792611],[140.069693,38.792977],[140.070593,38.792936],[140.071743,38.793061],[140.072943,38.793628],[140.073743,38.793594],[140.07443,38.793419],[140.07453,38.793328],[140.07478,38.793303],[140.074968,38.794119],[140.074855,38.795177],[140.07443,38.796119],[140.073305,38.797577],[140.073405,38.79781],[140.074555,38.797885],[140.07548,38.798185],[140.076405,38.798569],[140.077767,38.798511],[140.079117,38.798611],[140.082667,38.799202],[140.083566,38.799594],[140.084616,38.800186],[140.085291,38.800619],[140.085429,38.801119],[140.085454,38.801835],[140.085166,38.802269],[140.082191,38.80416],[140.080779,38.805102],[140.079779,38.806043],[140.078992,38.807093],[140.078379,38.808534],[140.078017,38.809659],[140.077454,38.810259],[140.076904,38.810667],[140.076767,38.811342],[140.077104,38.813167],[140.076892,38.813775],[140.076892,38.814142],[140.077242,38.8143],[140.078691,38.8144],[140.079716,38.814742],[140.080166,38.815359],[140.080816,38.816017],[140.081604,38.816409],[140.082253,38.817084],[140.084403,38.817984],[140.085278,38.818034],[140.086878,38.81845],[140.088003,38.818859],[140.089228,38.819142],[140.090365,38.818717],[140.091365,38.818392],[140.091715,38.818209],[140.092665,38.818109],[140.093977,38.818051],[140.094502,38.817959],[140.095877,38.817651],[140.096889,38.817592],[140.097239,38.817667],[140.097989,38.818051],[140.099139,38.818084],[140.100414,38.818251],[140.100914,38.818276],[140.102413,38.818192],[140.104976,38.817968],[140.10585,38.818043],[140.107,38.818343],[140.107125,38.818318],[140.108463,38.818009],[140.109737,38.817818],[140.11165,38.817385],[140.112275,38.817451],[140.113037,38.818318],[140.114662,38.819476],[140.115387,38.820068],[140.116124,38.820568],[140.117024,38.820843],[140.117199,38.820868],[140.117374,38.820918],[140.117474,38.821026],[140.117799,38.821959],[140.117799,38.822134],[140.117749,38.822226],[140.117361,38.822609],[140.117186,38.823076],[140.117424,38.824459],[140.117349,38.824951],[140.116986,38.825784],[140.116911,38.826009],[140.117074,38.82705],[140.117186,38.828534],[140.117548,38.8294],[140.117648,38.830342],[140.117586,38.830817],[140.117461,38.831175],[140.117136,38.8314],[140.117036,38.831425],[140.115123,38.832108],[140.114998,38.832241],[140.114836,38.833666],[140.114511,38.834091],[140.113874,38.834716],[140.113136,38.835233],[140.112486,38.835449],[140.111561,38.835533],[140.110961,38.835666],[140.110624,38.835891],[140.109324,38.835991],[140.108699,38.836099],[140.108449,38.836216],[140.108287,38.836357],[140.108037,38.836466],[140.107374,38.836624],[140.105699,38.836941],[140.104987,38.837099],[140.104387,38.83719],[140.103362,38.837257],[140.103037,38.837215],[140.10285,38.837149],[140.102375,38.837082],[140.10185,38.837265],[140.101387,38.837307],[140.101062,38.837532],[140.100725,38.837649],[140.100488,38.837824],[140.10015,38.837915],[140.099988,38.838007],[140.0998,38.838323],[140.09955,38.838523],[140.098638,38.838707],[140.097375,38.838798],[140.096863,38.838865],[140.096176,38.83909],[140.095676,38.839432],[140.095238,38.83979],[140.095213,38.839765],[140.094363,38.839856],[140.093926,38.840106],[140.093451,38.840556],[140.093263,38.84069],[140.092076,38.841098],[140.091526,38.841323],[140.090489,38.842073],[140.089776,38.842298],[140.089226,38.842381],[140.088676,38.842364],[140.088314,38.842248],[140.087989,38.842206],[140.087764,38.842364],[140.087714,38.843131],[140.087964,38.844281],[140.088151,38.844772],[140.088626,38.845205],[140.089089,38.845789],[140.089401,38.846305],[140.089589,38.84678],[140.089539,38.847247],[140.089613,38.847997],[140.089813,38.848464],[140.089863,38.848938],[140.089813,38.849147],[140.089451,38.849705],[140.088938,38.85038],[140.088663,38.850947],[140.088626,38.851172],[140.088488,38.851488],[140.088463,38.851738],[140.088576,38.851871],[140.089101,38.852163],[140.089676,38.852638],[140.090225,38.853355],[140.090388,38.853896],[140.090363,38.855005],[140.090425,38.855588],[140.090338,38.856038],[140.090088,38.856288],[140.089713,38.856579],[140.089575,38.856804],[140.0893,38.857504],[140.088825,38.857838],[140.08875,38.858246],[140.088888,38.858854],[140.089163,38.859504],[140.089275,38.859662],[140.090313,38.860454],[140.090812,38.861062],[140.091287,38.861779],[140.091337,38.86212],[140.09145,38.862279],[140.091975,38.862454],[140.092212,38.862504],[140.093537,38.862587],[140.093587,38.862637],[140.093487,38.862795],[140.092987,38.86297],[140.092625,38.863179],[140.092437,38.86347],[140.092487,38.86367],[140.092687,38.863695],[140.093537,38.86367],[140.094387,38.863604],[140.095299,38.863645],[140.095712,38.863987],[140.096099,38.864545],[140.096399,38.864837],[140.097086,38.864995],[140.097661,38.86522],[140.097986,38.865537],[140.098374,38.865812],[140.098649,38.865895],[140.099811,38.866104],[140.100361,38.866345],[140.100661,38.866687],[140.100686,38.86682],[140.100823,38.86702],[140.101211,38.867153],[140.102086,38.867203],[140.102911,38.867087],[140.103735,38.86682],[140.104535,38.866637],[140.105248,38.866637],[140.106435,38.867037],[140.10726,38.86747],[140.107585,38.867603],[140.109185,38.868095],[140.110172,38.868703],[140.110834,38.868837],[140.111322,38.868995],[140.112722,38.869062],[140.113409,38.86902],[140.114209,38.86917],[140.114671,38.869379],[140.115034,38.869695],[140.115421,38.870145],[140.115721,38.870679],[140.115996,38.871045],[140.116359,38.871287],[140.116984,38.871628],[140.117596,38.872103],[140.118308,38.872462],[140.118558,38.872503],[140.119496,38.872478],[140.119983,38.872595],[140.120558,38.872887],[140.120733,38.873087],[140.120783,38.873403],[140.120708,38.873562],[140.120646,38.873812],[140.120233,38.874328],[140.120071,38.874437],[140.119658,38.874645],[140.119246,38.874978],[140.118858,38.875362],[140.117021,38.876403],[140.116396,38.876603],[140.115896,38.876878],[140.114746,38.877236],[140.114496,38.877395],[140.114521,38.877553],[140.114834,38.878028],[140.115108,38.878361],[140.115596,38.878811],[140.115958,38.879261],[140.116283,38.880094],[140.116596,38.880619],[140.117058,38.881153],[140.117446,38.881453],[140.118046,38.882011],[140.118358,38.882369],[140.118383,38.882778],[140.11832,38.882911],[140.118045,38.883294],[140.117583,38.883652],[140.117308,38.883969],[140.117258,38.884444],[140.117396,38.884827],[140.117783,38.885369],[140.117833,38.885527],[140.117808,38.886044],[140.11767,38.886877],[140.116958,38.887302],[140.116296,38.887577],[140.115783,38.887735],[140.115583,38.887869],[140.115583,38.887919],[140.115921,38.888277],[140.116358,38.888502],[140.116958,38.888994],[140.117433,38.889735],[140.11787,38.890027],[140.118008,38.890077],[140.118558,38.890435],[140.119108,38.891002],[140.119295,38.891427],[140.11927,38.891535],[140.119083,38.89181],[140.118758,38.892152],[140.11867,38.892302],[140.118583,38.892868],[140.118783,38.893818],[140.118595,38.894202],[140.118258,38.89456],[140.118208,38.894827],[140.118532,38.895327],[140.119282,38.896993],[140.119582,38.897485],[140.12022,38.898001],[140.12052,38.89816],[140.121045,38.898318],[140.121545,38.898426],[140.12162,38.89853],[140.12182,38.898643],[140.122632,38.89881],[140.122757,38.898851],[140.123132,38.899085],[140.124082,38.90001],[140.124219,38.900085],[140.124632,38.900176],[140.124757,38.900251],[140.125157,38.900651],[140.127219,38.903001],[140.128156,38.903934],[140.128431,38.904126],[140.129219,38.904476],[140.130256,38.904793],[140.130968,38.905093],[140.131168,38.905209],[140.132093,38.905418],[140.132756,38.905693],[140.133443,38.906059],[140.134893,38.907259],[140.135693,38.908068],[140.136493,38.909101],[140.137855,38.910134],[140.138543,38.910801],[140.138893,38.911301],[140.13898,38.911867],[140.13923,38.912567],[140.139405,38.913534],[140.139405,38.913692],[140.13983,38.914384],[140.140017,38.914825],[140.14013,38.915325],[140.140155,38.915825],[140.13998,38.916358],[140.139692,38.916783],[140.139355,38.91705],[140.13888,38.917333],[140.138505,38.917333],[140.137805,38.917233],[140.137305,38.917075],[140.136593,38.916725],[140.136268,38.916508],[140.135718,38.916258],[140.135443,38.916183],[140.13473,38.91615],[140.133905,38.916142],[140.132718,38.916233],[140.131218,38.916275],[140.130756,38.916117],[140.130506,38.916167],[140.130256,38.9164],[140.129693,38.917108],[140.129243,38.917391],[140.129106,38.9174],[140.128706,38.917616],[140.128131,38.918033],[140.127881,38.918291],[140.127769,38.918833],[140.127506,38.919541],[140.127494,38.9197],[140.127381,38.919866],[140.126856,38.920008],[140.126444,38.920199],[140.126256,38.920258],[140.125319,38.920349],[140.124919,38.920474],[140.124219,38.921124],[140.124056,38.921199],[140.124081,38.921241],[140.123981,38.921458],[140.123931,38.921824],[140.123594,38.922432],[140.123106,38.922891],[140.122844,38.923416],[140.122594,38.924124],[140.122294,38.924407],[140.122082,38.924857],[140.122044,38.925465],[140.122044,38.926932],[140.121731,38.927707],[140.121806,38.927898],[140.121894,38.927982],[140.122081,38.928348],[140.122094,38.928448],[140.121956,38.929373],[140.121919,38.929915],[140.122031,38.930423],[140.122406,38.931173],[140.122519,38.931331],[140.122719,38.931873],[140.122769,38.932256],[140.122569,38.932814],[140.121919,38.934223],[140.121744,38.934689],[140.121706,38.934981],[140.121644,38.935072],[140.121618,38.9352],[140.121431,38.935347],[140.121194,38.935739],[140.121156,38.936122],[140.121019,38.936331],[140.120744,38.936547],[140.120606,38.936839],[140.120619,38.937239],[140.120744,38.937597],[140.121081,38.93823],[140.121194,38.938814],[140.121406,38.939697],[140.121394,38.939847],[140.121156,38.940438],[140.121143,38.940797],[140.121231,38.941122],[140.121443,38.94153],[140.121618,38.941666],[140.121681,38.941705],[140.121868,38.941888],[140.122656,38.942547],[140.123331,38.942972],[140.124031,38.943263],[140.124843,38.943388],[140.12518,38.943413],[140.12578,38.943538],[140.126143,38.94393],[140.126468,38.944521],[140.126568,38.944988],[140.126468,38.945355],[140.12653,38.945446],[140.12703,38.945638],[140.128017,38.945688],[140.128742,38.945946],[140.12933,38.94598],[140.130067,38.945571],[140.130855,38.94528],[140.131805,38.945255],[140.132704,38.945297],[140.133154,38.945197],[140.133429,38.944772],[140.133904,38.944247],[140.134617,38.943947],[140.135042,38.943947],[140.135467,38.944188],[140.135917,38.944272],[140.136967,38.943722],[140.137692,38.943805],[140.138291,38.944097],[140.139841,38.945222],[140.140191,38.945413],[140.140954,38.945697],[140.141316,38.94613],[140.141554,38.946597],[140.142016,38.947063],[140.142478,38.947688],[140.142528,38.947888],[140.142591,38.948872],[140.142728,38.948947],[140.142828,38.94913],[140.142916,38.949721],[140.143128,38.949755],[140.143266,38.949738],[140.143678,38.949555],[140.143916,38.949563],[140.143941,38.949821],[140.143903,38.950096],[140.143928,38.950755],[140.143891,38.951038],[140.143453,38.951255],[140.143128,38.951296],[140.142616,38.95118],[140.142403,38.95118],[140.141903,38.951246],[140.141616,38.951405],[140.141416,38.951655],[140.140966,38.952688],[140.140753,38.953321],[140.140753,38.953554],[140.141116,38.954129],[140.140666,38.956004],[140.140491,38.956496],[140.140353,38.956704],[140.140228,38.957129],[140.139891,38.957762],[140.139766,38.95822],[140.140216,38.958637],[140.140128,38.958887],[140.139591,38.959112],[140.139191,38.959454],[140.138766,38.959429],[140.138528,38.959487],[140.138203,38.95977],[140.137679,38.960537],[140.137604,38.960837],[140.137703,38.961095],[140.138353,38.961262],[140.139191,38.96152],[140.139853,38.961962],[140.140503,38.962637],[140.140966,38.96332],[140.141291,38.963912],[140.141553,38.964195],[140.142215,38.964553],[140.142665,38.964912],[140.142703,38.965361],[140.142965,38.965736],[140.14369,38.966195],[140.144965,38.966928],[140.14504,38.967611],[140.144878,38.967903],[140.144253,38.968586],[140.144303,38.968811],[140.14474,38.969153],[140.145253,38.969419],[140.14609,38.969661],[140.147127,38.969828],[140.14704,38.970086],[140.146577,38.970836],[140.14619,38.971778],[140.14594,38.972344],[140.145677,38.972386],[140.145103,38.972277],[140.144953,38.972361],[140.14464,38.973286],[140.14459,38.973361],[140.14399,38.973452],[140.143878,38.973494],[140.143828,38.973769],[140.143778,38.974352],[140.14389,38.975302],[140.14409,38.97631],[140.143778,38.97681],[140.14324,38.978027],[140.143015,38.978018],[140.142303,38.97781],[140.141478,38.977685],[140.14134,38.977802],[140.141265,38.978052],[140.141115,38.979135],[140.140915,38.97926],[140.140153,38.97926],[140.139415,38.979293],[140.139103,38.979476],[140.138653,38.979818],[140.138141,38.98036],[140.137691,38.980959],[140.137528,38.981668],[140.136953,38.981951],[140.136728,38.981926],[140.136028,38.981768],[140.134928,38.981909],[140.133629,38.982101],[140.133291,38.982276],[140.132954,38.982851],[140.132629,38.983242],[140.132154,38.983642],[140.131441,38.983359],[140.130766,38.983326],[140.130279,38.982984],[140.129891,38.982651],[140.129241,38.982317],[140.128442,38.981734],[140.127679,38.981117],[140.126242,38.981209],[140.125654,38.981184],[140.124567,38.980809],[140.124092,38.9808],[140.123705,38.980925],[140.123117,38.981217],[140.122717,38.981334],[140.122342,38.981267],[140.121616,38.981054],[140.12153,38.981142],[140.120892,38.981225],[140.120592,38.981175],[140.120242,38.981184],[140.119792,38.981309],[140.118618,38.981558],[140.11783,38.981933],[140.117405,38.982008],[140.117243,38.981967],[140.116593,38.981908],[140.115805,38.981917],[140.115543,38.982167],[140.115255,38.982992],[140.11493,38.983592],[140.11478,38.983725],[140.114493,38.984116],[140.114143,38.984758],[140.11403,38.984825],[140.11348,38.98485],[140.112993,38.984916],[140.112193,38.984983],[140.111781,38.98505],[140.111418,38.985158],[140.111281,38.985366],[140.111168,38.985758],[140.111168,38.985916],[140.111518,38.987066],[140.111556,38.987908],[140.111493,38.988074],[140.110931,38.988666],[140.110581,38.989532],[140.110168,38.990049],[140.110081,38.990474],[140.110131,38.990916],[140.109856,38.991524],[140.109856,38.991999],[140.109943,38.992132],[140.110093,38.99284],[140.110268,38.993299],[140.111218,38.994349],[140.112668,38.996249],[140.112955,38.996465],[140.113155,38.99654],[140.11328,38.996557],[140.113668,38.996474],[140.114355,38.996065],[140.11463,38.995649],[140.114767,38.995165],[140.114817,38.99459],[140.114805,38.994065],[140.11488,38.993899],[140.115042,38.993824],[140.115917,38.993657],[140.11768,38.993549],[140.118142,38.993591],[140.118142,38.993691],[140.117817,38.994132],[140.11728,38.994616],[140.11713,38.995024],[140.11723,38.995582],[140.117442,38.996365],[140.117517,38.99694],[140.117592,38.997357],[140.11773,38.997515],[140.118417,38.997815],[140.118867,38.998099],[140.118955,38.998382],[140.118892,38.998849],[140.118117,38.999915],[140.117855,39.000565],[140.118067,39.001115],[140.118442,39.001298],[140.118742,39.001748],[140.119004,39.002032],[140.119479,39.002015],[140.119592,39.001965],[140.119929,39.001998],[140.120129,39.002023],[140.120442,39.002057],[140.120617,39.002073],[140.120779,39.002198],[140.120917,39.002373],[140.121017,39.002615],[140.121054,39.002732],[140.121054,39.002865],[140.120867,39.00344],[140.120817,39.003806],[140.120504,39.00439],[140.120454,39.004723],[140.120392,39.006348],[140.120242,39.006773],[140.119954,39.007131],[140.119879,39.007198],[140.119579,39.007764],[140.119604,39.008014],[140.119667,39.008281],[140.119892,39.008506],[140.120417,39.008923],[140.120842,39.009331],[140.121614,39.009734],[140.121679,39.009806],[140.121804,39.009989],[140.121929,39.010356],[140.121842,39.010806],[140.121717,39.011172],[140.121614,39.011359],[140.121554,39.011431],[140.121442,39.011722],[140.121054,39.013297],[140.120879,39.013722],[140.120679,39.013972],[140.120454,39.014105],[140.119367,39.01423],[140.118317,39.01443],[140.117892,39.01463],[140.117817,39.014805],[140.117729,39.015938],[140.117754,39.016297],[140.118017,39.016797],[140.118717,39.017747],[140.118654,39.018646],[140.118529,39.018921],[140.117967,39.019321],[140.117192,39.019721],[140.116992,39.019963],[140.116817,39.020255],[140.116429,39.02048],[140.115854,39.02068],[140.115179,39.021146],[140.114979,39.021354],[140.115017,39.022229],[140.114992,39.022588],[140.114879,39.022863],[140.114604,39.023196],[140.114479,39.023513],[140.114317,39.024279],[140.114342,39.024437],[140.114517,39.024729],[140.114917,39.024937],[140.115417,39.025121],[140.116492,39.025621],[140.116667,39.025604],[140.116992,39.025379],[140.117629,39.024846],[140.117804,39.024729],[140.118179,39.024621],[140.118654,39.024604],[140.118754,39.024646],[140.119054,39.024896],[140.119229,39.025171],[140.119316,39.025504],[140.119341,39.026229],[140.119616,39.026504],[140.119866,39.026704],[140.119941,39.026796],[140.119929,39.027004],[140.119804,39.027179],[140.119504,39.027429],[140.119479,39.027562],[140.119704,39.027612],[140.120354,39.027521],[140.120529,39.027546],[140.120729,39.027612],[140.120929,39.027729],[140.121079,39.028004],[140.121079,39.028229],[140.121191,39.028721],[140.121614,39.029082],[140.122241,39.029929],[140.122603,39.030504],[140.122766,39.030854],[140.122966,39.030962],[140.123366,39.030937],[140.124203,39.030754],[140.124741,39.030595],[140.125578,39.03072],[140.126666,39.03132],[140.127715,39.03202],[140.128753,39.032512],[140.129465,39.032737],[140.12994,39.03292],[140.130403,39.03337],[140.13119,39.033779],[140.131415,39.034054],[140.13174,39.034845],[140.13244,39.035937],[140.133102,39.036737],[140.133577,39.037153],[140.133727,39.037803],[140.13419,39.039095],[140.134215,39.039895],[140.13429,39.040736],[140.134815,39.042003],[140.134902,39.042636],[140.135115,39.043144],[140.136414,39.043478],[140.136952,39.043878],[140.137464,39.044486],[140.137927,39.044769],[140.138127,39.044769],[140.138852,39.044886],[140.139539,39.045453],[140.139977,39.046036],[140.140239,39.046069],[140.140989,39.046044],[140.141701,39.046336],[140.142701,39.046652],[140.144089,39.046944],[140.145188,39.047119],[140.146126,39.047544],[140.146888,39.047761],[140.147613,39.048186],[140.148326,39.048519],[140.148613,39.048577],[140.150025,39.048961],[140.150729,39.049224]]],"type":"Polygon"},"properties":{"kuni_url":"/kg/resource/K32.html","id_url":"G32006.html","kuni":"羽前","id":"G32006","name":"最上","yomi":"もがみ","kuni_id":"K32","pref":"山形県"}}]}