{"type":"FeatureCollection","features":[{"type":"Feature","geometry":{"type":"Polygon","coordinates":[[[140.812655,39.879161],[140.812604,39.879158],[140.812185,39.879141],[140.810797,39.879166],[140.81011,39.879216],[140.80866,39.879257],[140.807298,39.879382],[140.80606,39.879732],[140.804398,39.880266],[140.801311,39.881224],[140.800336,39.881549],[140.799648,39.881815],[140.799123,39.881615],[140.798261,39.881207],[140.797749,39.881074],[140.797299,39.88039],[140.796949,39.879474],[140.796599,39.878224],[140.796636,39.878015],[140.796211,39.877624],[140.795437,39.877232],[140.794874,39.876891],[140.793474,39.875691],[140.793149,39.875332],[140.792224,39.874632],[140.79095,39.874299],[140.789912,39.874391],[140.788787,39.874316],[140.787987,39.874124],[140.786263,39.872991],[140.786288,39.872149],[140.786063,39.871849],[140.7847,39.871641],[140.784551,39.871399],[140.784113,39.869358],[140.783451,39.868683],[140.782488,39.868083],[140.782151,39.867691],[140.782301,39.86705],[140.782651,39.866325],[140.782676,39.865308],[140.782564,39.864192],[140.782814,39.863092],[140.783289,39.862384],[140.783214,39.861617],[140.783039,39.860717],[140.783451,39.860367],[140.784089,39.860401],[140.784764,39.860384],[140.786326,39.859651],[140.787101,39.859492],[140.787626,39.859242],[140.787751,39.858793],[140.787351,39.858443],[140.785201,39.857176],[140.784314,39.856751],[140.783776,39.856234],[140.784014,39.855851],[140.784601,39.855351],[140.785476,39.85496],[140.786126,39.854468],[140.786914,39.853618],[140.788251,39.852593],[140.788614,39.852252],[140.788639,39.851068],[140.788876,39.850518],[140.789114,39.849827],[140.789126,39.849127],[140.789076,39.848902],[140.788301,39.847544],[140.787689,39.846327],[140.787427,39.845444],[140.786889,39.844011],[140.786477,39.843453],[140.786027,39.842944],[140.785202,39.842386],[140.784952,39.842119],[140.785052,39.841803],[140.785877,39.840711],[140.786165,39.840128],[140.786315,39.839336],[140.786315,39.839078],[140.78619,39.838536],[140.785965,39.838011],[140.785902,39.83742],[140.786102,39.836453],[140.785927,39.83612],[140.786102,39.835778],[140.786065,39.835037],[140.785703,39.834278],[140.785365,39.834045],[140.785003,39.83367],[140.78459,39.833112],[140.784553,39.832987],[140.784228,39.832453],[140.78359,39.832037],[140.783266,39.831779],[140.783091,39.83147],[140.783066,39.831112],[140.783103,39.830245],[140.783166,39.828737],[140.783391,39.828345],[140.783978,39.827904],[140.785166,39.827387],[140.786778,39.826879],[140.788203,39.826537],[140.788303,39.826471],[140.788315,39.826421],[140.787465,39.825696],[140.787065,39.825154],[140.786803,39.824546],[140.786578,39.823429],[140.786716,39.823388],[140.78804,39.823271],[140.788903,39.823121],[140.789815,39.822721],[140.790403,39.82238],[140.791678,39.82178],[140.792653,39.821555],[140.793365,39.821521],[140.79399,39.821338],[140.79484,39.82103],[140.795415,39.820672],[140.795952,39.820197],[140.79649,39.819797],[140.79709,39.819597],[140.797615,39.81948],[140.798077,39.819197],[140.798477,39.818855],[140.798665,39.818439],[140.79879,39.817964],[140.798827,39.817455],[140.79909,39.816964],[140.799302,39.816822],[140.79994,39.816681],[140.801027,39.816614],[140.801802,39.816339],[140.803327,39.815381],[140.804026,39.815106],[140.804526,39.815189],[140.804676,39.815248],[140.805289,39.815831],[140.805864,39.816039],[140.806914,39.816223],[140.807826,39.816431],[140.808426,39.816631],[140.808551,39.816723],[140.809301,39.817573],[140.810063,39.817956],[140.810875,39.818248],[140.811588,39.818281],[140.811763,39.818264],[140.813038,39.817864],[140.813725,39.817298],[140.814513,39.816723],[140.81505,39.81639],[140.815487,39.816023],[140.816112,39.815973],[140.817825,39.81654],[140.819062,39.816473],[140.820999,39.815565],[140.821912,39.81509],[140.822649,39.814607],[140.823199,39.813899],[140.823387,39.813415],[140.823949,39.811615],[140.824312,39.810724],[140.824637,39.810074],[140.825462,39.809641],[140.827111,39.809616],[140.828074,39.809824],[140.828461,39.810024],[140.828799,39.809841],[140.829099,39.809374],[140.829961,39.808724],[140.831511,39.807508],[140.832336,39.806974],[140.834086,39.806858],[140.835648,39.806191],[140.837585,39.805266],[140.838523,39.804983],[140.83946,39.805475],[140.840223,39.805508],[140.84101,39.805283],[140.841672,39.804916],[140.842447,39.803442],[140.842835,39.802792],[140.843197,39.802408],[140.843497,39.801758],[140.843722,39.801109],[140.84426,39.800617],[140.845222,39.800325],[140.845747,39.799975],[140.846272,39.799367],[140.846535,39.799],[140.847072,39.798426],[140.847347,39.797984],[140.847447,39.797534],[140.847197,39.797067],[140.84721,39.796401],[140.847485,39.795659],[140.847423,39.795218],[140.847248,39.794934],[140.847185,39.794509],[140.847473,39.794001],[140.847873,39.793701],[140.848235,39.793018],[140.848235,39.792959],[140.847785,39.792751],[140.847535,39.792676],[140.846948,39.792626],[140.84656,39.792668],[140.846335,39.792634],[140.846098,39.792359],[140.845823,39.791943],[140.845335,39.791676],[140.843748,39.791343],[140.843111,39.790935],[140.839924,39.788518],[140.839436,39.788077],[140.839074,39.787585],[140.838386,39.786335],[140.837886,39.785819],[140.837536,39.785302],[140.837286,39.784827],[140.836924,39.784485],[140.836787,39.784219],[140.836812,39.783902],[140.836737,39.78366],[140.836262,39.783119],[140.835749,39.782811],[140.835049,39.782236],[140.834674,39.781677],[140.834587,39.781102],[140.834524,39.780977],[140.834087,39.780586],[140.832937,39.780136],[140.831412,39.779269],[140.830575,39.778828],[140.829812,39.778269],[140.827913,39.77637],[140.82735,39.775911],[140.827113,39.775786],[140.826338,39.775211],[140.825701,39.774486],[140.825513,39.774378],[140.824851,39.774511],[140.824226,39.774586],[140.823113,39.774661],[140.822426,39.77462],[140.822001,39.77437],[140.821776,39.774086],[140.821001,39.77327],[140.819714,39.77217],[140.819326,39.771595],[140.819026,39.770795],[140.818864,39.770212],[140.818539,39.76952],[140.817839,39.767545],[140.817389,39.766787],[140.816277,39.765587],[140.816202,39.765437],[140.816452,39.764937],[140.816652,39.764371],[140.816589,39.763729],[140.816114,39.762946],[140.815477,39.762271],[140.814564,39.761863],[140.813927,39.761629],[140.813077,39.761204],[140.811652,39.759979],[140.811165,39.759638],[140.81049,39.759488],[140.809103,39.759463],[140.80839,39.759363],[140.808053,39.759063],[140.806553,39.757871],[140.806115,39.757354],[140.805278,39.756579],[140.805115,39.756363],[140.805153,39.756171],[140.805478,39.755813],[140.806015,39.754613],[140.806728,39.753563],[140.80679,39.753355],[140.806853,39.752763],[140.806615,39.750822],[140.80614,39.749497],[140.80599,39.74873],[140.80599,39.748147],[140.80604,39.747572],[140.80579,39.746931],[140.804315,39.745397],[140.803665,39.744822],[140.802965,39.744472],[140.80189,39.744022],[140.800553,39.743189],[140.799778,39.742656],[140.799228,39.742222],[140.798928,39.742064],[140.798753,39.742022],[140.798378,39.742014],[140.797803,39.741639],[140.797428,39.741422],[140.797203,39.741222],[140.796278,39.741039],[140.795066,39.740647],[140.793541,39.740064],[140.787229,39.738189],[140.786129,39.737997],[140.785029,39.738055],[140.783517,39.738314],[140.782554,39.738347],[140.780592,39.738039],[140.780155,39.737214],[140.779905,39.73703],[140.778655,39.736347],[140.777192,39.735797],[140.776717,39.735564],[140.776505,39.735506],[140.77503,39.734831],[140.774768,39.734681],[140.774618,39.734456],[140.774643,39.734106],[140.774768,39.733689],[140.774768,39.732956],[140.77513,39.732731],[140.776355,39.732847],[140.777655,39.732889],[140.77843,39.732814],[140.77903,39.732606],[140.779667,39.732148],[140.780517,39.731673],[140.78133,39.731481],[140.782092,39.731248],[140.782792,39.730073],[140.783642,39.729323],[140.784267,39.728948],[140.783567,39.728107],[140.783479,39.727848],[140.783304,39.726865],[140.783329,39.725998],[140.783392,39.72579],[140.783717,39.72534],[140.784579,39.725199],[140.785567,39.725157],[140.785892,39.72509],[140.786054,39.724899],[140.786167,39.724482],[140.786492,39.724157],[140.786867,39.723891],[140.787117,39.723566],[140.788341,39.723332],[140.788654,39.723107],[140.788754,39.722849],[140.788629,39.722466],[140.788242,39.722108],[140.788092,39.721799],[140.787992,39.721308],[140.787992,39.721091],[140.788317,39.719774],[140.789079,39.71935],[140.789691,39.718758],[140.789554,39.7182],[140.789529,39.717716],[140.789779,39.717358],[140.790079,39.716233],[140.790254,39.716017],[140.790854,39.71575],[140.791704,39.715733],[140.791941,39.71565],[140.792154,39.715317],[140.792254,39.714242],[140.792741,39.713667],[140.793491,39.713284],[140.793591,39.712684],[140.793616,39.712067],[140.793704,39.711684],[140.794066,39.710792],[140.794241,39.709968],[140.794429,39.709709],[140.794741,39.709534],[140.795691,39.709976],[140.796003,39.710151],[140.797203,39.710493],[140.798341,39.710709],[140.799228,39.710826],[140.799953,39.710793],[140.800253,39.710726],[140.800928,39.710476],[140.801565,39.710509],[140.802053,39.710643],[140.802315,39.710651],[140.803028,39.710593],[140.80419,39.710735],[140.805352,39.710751],[140.805602,39.710718],[140.80639,39.710493],[140.807252,39.709977],[140.807652,39.709652],[140.807765,39.709468],[140.80814,39.709035],[140.808777,39.708702],[140.809802,39.708327],[140.810189,39.707969],[140.810352,39.706944],[140.810377,39.70611],[140.810339,39.705552],[140.809939,39.704835],[140.80959,39.704319],[140.809277,39.703711],[140.80919,39.703136],[140.80919,39.702719],[140.809002,39.702127],[140.80899,39.701852],[140.809302,39.701736],[140.80954,39.701694],[140.809927,39.701444],[140.81009,39.699644],[140.810102,39.698995],[140.809977,39.698553],[140.810002,39.698161],[140.810152,39.698061],[140.810615,39.697853],[140.810765,39.697753],[140.81119,39.697045],[140.811314,39.696487],[140.811265,39.695778],[140.811427,39.69547],[140.811989,39.694945],[140.812852,39.693845],[140.813114,39.693646],[140.814652,39.692987],[140.815539,39.692413],[140.815739,39.691763],[140.815852,39.691038],[140.816302,39.690754],[140.817126,39.690463],[140.817439,39.690238],[140.818864,39.689688],[140.820076,39.689247],[140.820664,39.688705],[140.821214,39.68813],[140.821589,39.688055],[140.822126,39.688164],[140.822451,39.68808],[140.822563,39.687772],[140.821988,39.686772],[140.821489,39.686047],[140.820901,39.685397],[140.819714,39.684622],[140.819639,39.684489],[140.819239,39.684031],[140.819076,39.683481],[140.819214,39.682797],[140.819214,39.681931],[140.818552,39.680181],[140.818539,39.679881],[140.818602,39.679798],[140.819627,39.679256],[140.819702,39.678923],[140.819727,39.678573],[140.820277,39.677873],[140.820502,39.677323],[140.819652,39.676107],[140.819577,39.67554],[140.819739,39.674898],[140.820127,39.67464],[140.820377,39.674565],[140.821177,39.674007],[140.821552,39.673632],[140.821889,39.673349],[140.821977,39.67289],[140.821939,39.672732],[140.821589,39.672274],[140.821539,39.671874],[140.821714,39.671457],[140.821702,39.670491],[140.821727,39.670366],[140.822414,39.669699],[140.822439,39.669474],[140.822402,39.669466],[140.822552,39.668808],[140.822464,39.668441],[140.822302,39.668091],[140.822252,39.667666],[140.822602,39.666808],[140.822714,39.666325],[140.822702,39.666166],[140.822777,39.665908],[140.822864,39.665775],[140.822964,39.665458],[140.822664,39.665133],[140.822189,39.664716],[140.821952,39.664216],[140.821814,39.663641],[140.821789,39.663183],[140.821902,39.662642],[140.82144,39.661658],[140.821402,39.660733],[140.82149,39.660083],[140.821515,39.659575],[140.821302,39.659125],[140.820827,39.65855],[140.82079,39.658367],[140.820777,39.6577],[140.820865,39.656876],[140.820877,39.656267],[140.820827,39.655392],[140.820802,39.654442],[140.820515,39.653826],[140.820177,39.653259],[140.82014,39.652626],[140.821577,39.65111],[140.822127,39.650343],[140.822165,39.64991],[140.821802,39.649568],[140.82159,39.649418],[140.819778,39.648552],[140.81934,39.648143],[140.818878,39.647318],[140.818703,39.647168],[140.818165,39.646885],[140.816478,39.64641],[140.815316,39.646135],[140.815353,39.645902],[140.815616,39.645143],[140.815553,39.644344],[140.815141,39.643585],[140.813629,39.641819],[140.813379,39.641219],[140.813404,39.640586],[140.813016,39.639786],[140.812491,39.639144],[140.812304,39.638477],[140.812066,39.637869],[140.811754,39.637328],[140.811679,39.637019],[140.811392,39.636269],[140.810367,39.634753],[140.809792,39.634078],[140.808942,39.63342],[140.807517,39.632603],[140.806992,39.632186],[140.80688,39.631461],[140.806955,39.631286],[140.80723,39.630012],[140.807505,39.629503],[140.80813,39.628562],[140.808455,39.627887],[140.80853,39.627628],[140.808592,39.627053],[140.808293,39.62657],[140.808143,39.626037],[140.80833,39.62457],[140.808255,39.624095],[140.808155,39.624079],[140.807518,39.623587],[140.80683,39.623596],[140.80648,39.623487],[140.806018,39.623054],[140.805643,39.622487],[140.805018,39.621879],[140.804656,39.621129],[140.804143,39.620471],[140.803931,39.620304],[140.803456,39.619829],[140.802768,39.619046],[140.802593,39.618638],[140.803618,39.617154],[140.803956,39.616388],[140.804106,39.615446],[140.804381,39.614271],[140.804956,39.612863],[140.804906,39.612288],[140.804856,39.612113],[140.804619,39.611705],[140.804444,39.611605],[140.803856,39.611355],[140.803494,39.611247],[140.803406,39.611147],[140.803569,39.610672],[140.803531,39.610255],[140.803444,39.610188],[140.801806,39.608555],[140.801144,39.607822],[140.801019,39.607605],[140.800531,39.607005],[140.800094,39.606555],[140.799706,39.606247],[140.798807,39.60593],[140.798032,39.605605],[140.797732,39.605264],[140.797557,39.60473],[140.797232,39.60418],[140.796632,39.603605],[140.796094,39.60323],[140.795707,39.603072],[140.795458,39.603014],[140.795305,39.602965],[140.795007,39.60293],[140.794432,39.602789],[140.793982,39.602805],[140.792595,39.603222],[140.791882,39.60333],[140.790932,39.603372],[140.78982,39.603314],[140.789057,39.603197],[140.787745,39.603047],[140.787045,39.603105],[140.785983,39.60363],[140.784845,39.60383],[140.783158,39.60393],[140.782883,39.603988],[140.782383,39.60403],[140.781946,39.604072],[140.782033,39.602988],[140.781996,39.602472],[140.781858,39.601997],[140.781583,39.60168],[140.779934,39.600414],[140.779509,39.599997],[140.779209,39.599505],[140.779046,39.599014],[140.778821,39.59868],[140.778896,39.598047],[140.778871,39.596856],[140.778921,39.596664],[140.778884,39.596222],[140.778821,39.596106],[140.778759,39.595722],[140.779146,39.595197],[140.779259,39.594739],[140.779234,39.594373],[140.779309,39.593948],[140.779446,39.593656],[140.780109,39.592814],[140.780509,39.592123],[140.780659,39.591673],[140.780696,39.591281],[140.780809,39.590765],[140.780771,39.59029],[140.780609,39.59004],[140.780434,39.590006],[140.779721,39.590081],[140.779121,39.59009],[140.778646,39.590056],[140.778072,39.590123],[140.777359,39.590281],[140.776147,39.59069],[140.775447,39.590814],[140.774822,39.590848],[140.774222,39.590823],[140.773735,39.590756],[140.773235,39.590606],[140.772747,39.590323],[140.771972,39.590123],[140.771423,39.589681],[140.77041,39.588473],[140.77001,39.588381],[140.767523,39.588323],[140.766898,39.588348],[140.766273,39.588315],[140.764236,39.587665],[140.763836,39.587356],[140.763386,39.58664],[140.763149,39.586148],[140.763087,39.586106],[140.762949,39.58564],[140.762462,39.584906],[140.762374,39.584532],[140.762662,39.583765],[140.762537,39.583348],[140.762262,39.582532],[140.762124,39.582357],[140.76125,39.581565],[140.760962,39.581274],[140.760437,39.580524],[140.759413,39.57889],[140.7585,39.577865],[140.758263,39.577482],[140.757963,39.577041],[140.756901,39.576266],[140.756626,39.575824],[140.756401,39.575291],[140.756363,39.574741],[140.755526,39.572516],[140.755226,39.572116],[140.754889,39.571858],[140.754714,39.571799],[140.754601,39.571591],[140.754614,39.571341],[140.754526,39.570841],[140.754314,39.570458],[140.754002,39.570333],[140.753914,39.570391],[140.751702,39.570349],[140.751439,39.570308],[140.751039,39.570191],[140.750652,39.569999],[140.750052,39.569824],[140.74864,39.569349],[140.748515,39.569258],[140.748027,39.569058],[140.747277,39.568933],[140.74689,39.568799],[140.746577,39.568524],[140.746541,39.568428],[140.745915,39.568258],[140.745428,39.567991],[140.74499,39.567616],[140.744903,39.567433],[140.744565,39.567166],[140.74394,39.5669],[140.74259,39.566433],[140.741603,39.566008],[140.741178,39.5657],[140.740803,39.565516],[140.740316,39.565433],[140.740128,39.565366],[140.739391,39.565325],[140.738416,39.565166],[140.737953,39.564966],[140.737853,39.56495],[140.736853,39.565],[140.736666,39.564975],[140.735191,39.565074],[140.733966,39.565191],[140.731316,39.565749],[140.730667,39.565841],[140.730429,39.565774],[140.730329,39.565758],[140.730092,39.565574],[140.729617,39.564966],[140.729467,39.564566],[140.729429,39.564183],[140.729229,39.563191],[140.728792,39.561933],[140.728317,39.561166],[140.727855,39.560025],[140.72723,39.558808],[140.727255,39.5584],[140.727392,39.557708],[140.72738,39.556625],[140.727617,39.555767],[140.727955,39.555317],[140.728255,39.555017],[140.729405,39.554317],[140.729492,39.554042],[140.729492,39.553709],[140.729405,39.553392],[140.72928,39.553192],[140.729267,39.553125],[140.732342,39.551142],[140.733105,39.550692],[140.734967,39.549867],[140.735842,39.549526],[140.736854,39.548959],[140.737392,39.548509],[140.737792,39.548076],[140.738304,39.547759],[140.738979,39.547434],[140.739579,39.546893],[140.739941,39.546351],[140.740179,39.545851],[140.740329,39.545385],[140.740241,39.54491],[140.739954,39.544526],[140.739341,39.54401],[140.739304,39.543518],[140.739442,39.54286],[140.739804,39.542118],[140.739854,39.54146],[140.739704,39.54081],[140.739779,39.540268],[140.740504,39.538669],[140.740679,39.538102],[140.740742,39.537694],[140.740979,39.537177],[140.741279,39.536661],[140.741304,39.536161],[140.741104,39.535486],[140.740979,39.535286],[140.740729,39.534611],[140.740604,39.534386],[140.739467,39.533669],[140.739029,39.533294],[140.738592,39.531694],[140.738617,39.531178],[140.738754,39.530386],[140.738492,39.52897],[140.737842,39.525795],[140.73793,39.525253],[140.73783,39.524354],[140.738005,39.523229],[140.737905,39.522754],[140.737442,39.522062],[140.73713,39.521746],[140.736667,39.521571],[140.73578,39.521529],[140.735018,39.521595],[140.734155,39.521562],[140.733393,39.521679],[140.732868,39.521904],[140.732355,39.522245],[140.731506,39.522562],[140.730418,39.521529],[140.730081,39.521329],[140.729281,39.52102],[140.728081,39.520304],[140.727319,39.520087],[140.726306,39.520004],[140.725706,39.519196],[140.724907,39.518862],[140.724694,39.518571],[140.724657,39.518254],[140.724682,39.517462],[140.724494,39.517037],[140.724157,39.516613],[140.724057,39.516429],[140.723932,39.516004],[140.723869,39.515488],[140.723644,39.514971],[140.723394,39.514613],[140.723119,39.514321],[140.722594,39.514163],[140.72122,39.514054],[140.721182,39.513946],[140.722095,39.513221],[140.722519,39.512746],[140.723332,39.512063],[140.724244,39.511363],[140.724332,39.510997],[140.724057,39.510305],[140.723682,39.509563],[140.723457,39.509022],[140.723457,39.508597],[140.723569,39.508439],[140.723719,39.507755],[140.723682,39.507289],[140.723707,39.506839],[140.723669,39.506339],[140.723519,39.505981],[140.723482,39.505414],[140.723682,39.504856],[140.723919,39.504422],[140.723619,39.504223],[140.723157,39.504089],[140.722969,39.504073],[140.72242,39.504114],[140.721907,39.504281],[140.72062,39.504781],[140.720257,39.504897],[140.71992,39.504872],[140.71977,39.504764],[140.719208,39.504114],[140.71822,39.502823],[140.717995,39.502731],[140.717445,39.501848],[140.717158,39.501556],[140.715346,39.500398],[140.714096,39.499648],[140.713758,39.499323],[140.713633,39.499256],[140.713583,39.498831],[140.713633,39.498265],[140.713696,39.49804],[140.713696,39.497565],[140.713796,39.496773],[140.713771,39.495706],[140.713559,39.49519],[140.713334,39.494848],[140.713159,39.49444],[140.713246,39.49419],[140.714271,39.493365],[140.714821,39.492982],[140.715321,39.492482],[140.715646,39.491898],[140.715971,39.491448],[140.716346,39.490549],[140.716758,39.489099],[140.717083,39.488807],[140.717721,39.488449],[140.718071,39.48809],[140.718421,39.487599],[140.718683,39.487074],[140.71892,39.485791],[140.718846,39.485341],[140.718846,39.484907],[140.719283,39.484732],[140.719808,39.484641],[140.720333,39.484416],[140.721145,39.483699],[140.721558,39.483424],[140.722145,39.483274],[140.72272,39.482958],[140.723133,39.482083],[140.724007,39.481158],[140.72427,39.480933],[140.724307,39.480616],[140.723982,39.480316],[140.723233,39.479908],[140.72262,39.479433],[140.72207,39.479066],[140.721333,39.478699],[140.720958,39.478658],[140.720296,39.478791],[140.719708,39.478941],[140.718771,39.478916],[140.717758,39.478758],[140.716383,39.478566],[140.716246,39.478524],[140.715746,39.478208],[140.715171,39.477633],[140.714821,39.47745],[140.714296,39.477316],[140.713659,39.477316],[140.712896,39.477016],[140.712521,39.476633],[140.712234,39.476],[140.711646,39.475725],[140.710809,39.475558],[140.709434,39.475466],[140.708684,39.475233],[140.707897,39.474775],[140.707135,39.474391],[140.70691,39.4743],[140.706272,39.473842],[140.706035,39.473367],[140.705922,39.472758],[140.705772,39.472417],[140.70566,39.472283],[140.705172,39.471942],[140.704535,39.471575],[140.70401,39.471142],[140.703597,39.470758],[140.703422,39.470642],[140.702873,39.470508],[140.702198,39.470483],[140.701735,39.470233],[140.701098,39.469709],[140.69976,39.468817],[140.69906,39.468459],[140.698136,39.467884],[140.697611,39.467225],[140.697173,39.4668],[140.696486,39.466384],[140.695723,39.466159],[140.692961,39.465826],[140.692111,39.465626],[140.691561,39.465367],[140.690836,39.465117],[140.690137,39.464984],[140.689474,39.464909],[140.689437,39.464776],[140.689499,39.464342],[140.689387,39.463917],[140.689124,39.463417],[140.688637,39.462942],[140.688262,39.462459],[140.687762,39.461309],[140.687562,39.460768],[140.687274,39.460176],[140.686862,39.459951],[140.685437,39.459509],[140.685125,39.459151],[140.6849,39.458626],[140.68455,39.458151],[140.683587,39.45731],[140.683362,39.457176],[140.682862,39.457126],[140.6826,39.457418],[140.682312,39.457485],[140.681963,39.457351],[140.681875,39.457051],[140.681875,39.456718],[140.681725,39.456351],[140.681475,39.455876],[140.68115,39.455426],[140.681038,39.455151],[140.680888,39.454585],[140.680863,39.454043],[140.680988,39.45346],[140.68095,39.453185],[140.680613,39.45291],[140.679875,39.452552],[140.679213,39.45216],[140.678775,39.451685],[140.678488,39.451185],[140.678175,39.450302],[140.678088,39.449944],[140.678088,39.44926],[140.677826,39.448944],[140.676988,39.44851],[140.676726,39.448219],[140.676588,39.447785],[140.676613,39.447244],[140.676763,39.446794],[140.677263,39.446052],[140.677438,39.445486],[140.677438,39.445169],[140.678026,39.445086],[140.6789,39.444836],[140.679163,39.444594],[140.67945,39.444411],[140.679563,39.444119],[140.679888,39.443869],[140.680125,39.443619],[140.680063,39.443303],[140.6801,39.442986],[140.680413,39.442786],[140.680913,39.442703],[140.681288,39.442495],[140.682075,39.441936],[140.682425,39.441603],[140.683137,39.440695],[140.684012,39.439254],[140.68425,39.438787],[140.684475,39.438512],[140.684475,39.43847],[140.684862,39.438195],[140.685237,39.437795],[140.685475,39.437362],[140.685675,39.436687],[140.685737,39.436212],[140.685737,39.435804],[140.6858,39.435421],[140.686062,39.434946],[140.6863,39.434404],[140.686362,39.433913],[140.686337,39.433055],[140.686137,39.432488],[140.685637,39.431488],[140.685612,39.43108],[140.68565,39.430838],[140.685587,39.430338],[140.684725,39.42918],[140.684613,39.42798],[140.684613,39.427872],[140.683938,39.427072],[140.68395,39.426489],[140.684063,39.425922],[140.684413,39.425589],[140.684763,39.425181],[140.684913,39.424797],[140.684825,39.424297],[140.684738,39.424139],[140.683638,39.422756],[140.68335,39.422239],[140.683175,39.421806],[140.682825,39.421448],[140.682138,39.421098],[140.68185,39.420831],[140.6817,39.420331],[140.681438,39.419831],[140.681351,39.419498],[140.681288,39.419423],[140.681138,39.418615],[140.680851,39.418073],[140.680276,39.41744],[140.679551,39.417015],[140.679426,39.41699],[140.679201,39.41719],[140.679051,39.417707],[140.678851,39.417915],[140.678613,39.418073],[140.677626,39.418523],[140.677051,39.418906],[140.676839,39.418973],[140.676639,39.418948],[140.676551,39.418906],[140.676289,39.418656],[140.676064,39.418365],[140.675689,39.417707],[140.675339,39.417232],[140.675051,39.417007],[140.674639,39.416965],[140.672814,39.416915],[140.672289,39.416873],[140.671877,39.416873],[140.671702,39.41694],[140.670664,39.41764],[140.670427,39.41764],[140.66979,39.41739],[140.66924,39.416956],[140.66904,39.416665],[140.668515,39.416481],[140.666453,39.416415],[140.666128,39.416306],[140.665553,39.415965],[140.66419,39.415465],[140.662853,39.415106],[140.661578,39.414881],[140.661166,39.414273],[140.661028,39.414181],[140.660616,39.414065],[140.660041,39.414023],[140.659541,39.414131],[140.658991,39.414856],[140.658816,39.414898],[140.658641,39.415015],[140.658579,39.415015],[140.658316,39.415281],[140.658204,39.41389],[140.657941,39.41319],[140.657691,39.412623],[140.657541,39.41244],[140.657429,39.41224],[140.657454,39.412132],[140.658066,39.411673],[140.658266,39.411298],[140.658391,39.409399],[140.658441,39.409382],[140.658566,39.40924],[140.658741,39.409174],[140.659991,39.408932],[140.660716,39.408707],[140.661553,39.408457],[140.662278,39.408349],[140.662541,39.408391],[140.662778,39.408349],[140.662916,39.408099],[140.662866,39.407716],[140.662628,39.407399],[140.662278,39.406632],[140.662141,39.406274],[140.662053,39.406158],[140.661878,39.405574],[140.661991,39.405324],[140.662253,39.405149],[140.662603,39.404808],[140.663016,39.404466],[140.663503,39.403975],[140.663628,39.403725],[140.663417,39.403526],[140.663365,39.403475],[140.662578,39.40285],[140.662291,39.402691],[140.662028,39.402483],[140.661741,39.402083],[140.661716,39.401991],[140.661416,39.401766],[140.660666,39.401516],[140.659154,39.400816],[140.658779,39.400616],[140.658404,39.4003],[140.657704,39.39955],[140.657791,39.399325],[140.658029,39.399008],[140.658179,39.3987],[140.658116,39.398242],[140.657766,39.397883],[140.657104,39.397458],[140.657016,39.397233],[140.656954,39.396867],[140.656991,39.396758],[140.656929,39.396417],[140.656617,39.3957],[140.656554,39.39545],[140.656379,39.395317],[140.656092,39.395175],[140.655892,39.394867],[140.655917,39.394592],[140.655854,39.394275],[140.655742,39.3941],[140.655454,39.394025],[140.654617,39.3941],[140.654404,39.394009],[140.654067,39.393442],[140.653479,39.392109],[140.653367,39.391726],[140.653055,39.391034],[140.65308,39.390876],[140.653317,39.390734],[140.653429,39.390717],[140.653804,39.390559],[140.655254,39.389634],[140.655317,39.389568],[140.656129,39.389143],[140.655467,39.388984],[140.655229,39.388826],[140.655054,39.388443],[140.654829,39.388101],[140.654742,39.388034],[140.654529,39.38776],[140.654417,39.387676],[140.653905,39.386885],[140.65373,39.38621],[140.653467,39.385985],[140.653055,39.385776],[140.652505,39.385535],[140.652392,39.385551],[140.651842,39.385801],[140.651555,39.385826],[140.650967,39.385735],[140.650417,39.385685],[140.649892,39.385576],[140.649318,39.385368],[140.648818,39.38526],[140.648505,39.385118],[140.648418,39.385052],[140.648305,39.384785],[140.648305,39.384693],[140.648218,39.38451],[140.647868,39.384218],[140.647693,39.384018],[140.647368,39.383885],[140.64728,39.383793],[140.646968,39.383635],[140.646505,39.383568],[140.645868,39.383568],[140.645343,39.383652],[140.644993,39.383743],[140.644531,39.383768],[140.644156,39.383702],[140.643943,39.383177],[140.643743,39.382169],[140.643606,39.381919],[140.643256,39.381627],[140.642506,39.381219],[140.641719,39.380902],[140.641256,39.38081],[140.640356,39.380519],[140.639869,39.380427],[140.639606,39.380427],[140.639281,39.380519],[140.639306,39.380452],[140.638706,39.380294],[140.637369,39.38031],[140.636819,39.380177],[140.636557,39.380019],[140.636494,39.379835],[140.636119,39.379344],[140.636069,39.378961],[140.636294,39.378302],[140.636207,39.378102],[140.635632,39.377969],[140.634969,39.377852],[140.634557,39.377852],[140.634207,39.377902],[140.633332,39.378261],[140.632495,39.37846],[140.632032,39.37846],[140.631307,39.377761],[140.631045,39.377602],[140.63082,39.377336],[140.630758,39.377111],[140.630958,39.376769],[140.631307,39.376452],[140.631507,39.376319],[140.63247,39.375911],[140.632532,39.375844],[140.63247,39.375686],[140.632032,39.375261],[140.631458,39.374153],[140.630908,39.373861],[140.630383,39.373703],[140.63027,39.373594],[140.630358,39.373361],[140.630308,39.372736],[140.630245,39.372644],[140.630008,39.372461],[140.629345,39.372103],[140.628558,39.371944],[140.628046,39.371744],[140.627746,39.371536],[140.627496,39.371403],[140.627146,39.371044],[140.626596,39.371019],[140.626008,39.370903],[140.625696,39.370794],[140.625171,39.370678],[140.625021,39.370703],[140.624246,39.370611],[140.623784,39.370561],[140.623171,39.370386],[140.622884,39.370453],[140.622621,39.370478],[140.622271,39.370361],[140.621946,39.370178],[140.621562,39.370015],[140.621334,39.369928],[140.621197,39.369728],[140.621022,39.369636],[140.620784,39.369661],[140.620584,39.369769],[140.620434,39.369953],[140.620259,39.370086],[140.619922,39.370469],[140.620259,39.370628],[140.620522,39.370786],[140.620672,39.370836],[140.621159,39.371144],[140.621334,39.371194],[140.621562,39.37139],[140.622146,39.371803],[140.622559,39.372119],[140.622821,39.372386],[140.622909,39.372527],[140.622784,39.372636],[140.622234,39.372594],[140.622034,39.372686],[140.621561,39.373198],[140.621334,39.373361],[140.620697,39.373694],[140.620009,39.373986],[140.619772,39.373961],[140.619447,39.373985],[140.618559,39.37421],[140.617834,39.374319],[140.617597,39.37441],[140.617184,39.374885],[140.616759,39.375919],[140.616347,39.377743],[140.616347,39.377927],[140.616584,39.378152],[140.616609,39.37831],[140.616434,39.378468],[140.616347,39.378602],[140.616634,39.379168],[140.616459,39.379485],[140.616034,39.37991],[140.615734,39.380043],[140.614522,39.38036],[140.613685,39.380601],[140.61296,39.380759],[140.612635,39.380901],[140.612085,39.381326],[140.611672,39.381684],[140.61121,39.382001],[140.611123,39.382093],[140.611123,39.382293],[140.611585,39.382992],[140.611622,39.383242],[140.611422,39.383467],[140.61121,39.383534],[140.610773,39.383759],[140.610348,39.384159],[140.609448,39.384317],[140.608685,39.384384],[140.608173,39.384342],[140.607848,39.3842],[140.607361,39.383842],[140.607011,39.383459],[140.606686,39.383209],[140.606336,39.383051],[140.605873,39.382784],[140.605298,39.382376],[140.605098,39.382176],[140.604861,39.381609],[140.604511,39.380884],[140.604136,39.380643],[140.603236,39.380409],[140.602249,39.379918],[140.601899,39.379801],[140.601499,39.379734],[140.600974,39.379734],[140.599937,39.379843],[140.599724,39.379734],[140.599587,39.379593],[140.599262,39.379393],[140.598912,39.379234],[140.598099,39.379101],[140.597699,39.379076],[140.596737,39.379118],[140.595837,39.379093],[140.594762,39.378918],[140.59425,39.378893],[140.59265,39.378892],[140.591025,39.379026],[140.590475,39.379001],[140.590126,39.379109],[140.589488,39.379176],[140.588588,39.379226],[140.588126,39.379201],[140.587601,39.379134],[140.586564,39.378909],[140.586126,39.378834],[140.585464,39.378792],[140.585076,39.378884],[140.584126,39.379242],[140.583364,39.379326],[140.583027,39.3794],[140.582439,39.3796],[140.581489,39.379459],[140.580989,39.379442],[140.580639,39.379509],[140.578815,39.380092],[140.578552,39.3802],[140.578065,39.380359],[140.577627,39.380334],[140.577165,39.380267],[140.57684,39.380175],[140.576552,39.380159],[140.575853,39.380242],[140.57559,39.380225],[140.575565,39.380333],[140.57559,39.381125],[140.575478,39.381125],[140.574115,39.381233],[140.573965,39.381208],[140.573853,39.381117],[140.573678,39.380875],[140.573303,39.380575],[140.57284,39.380508],[140.572428,39.380508],[140.572228,39.38035],[140.572053,39.379767],[140.571916,39.378959],[140.571878,39.377825],[140.571803,39.377667],[140.571241,39.377692],[140.571078,39.37765],[140.570691,39.376884],[140.570003,39.377109],[140.569303,39.377125],[140.568204,39.376992],[140.567391,39.376942],[140.565854,39.377075],[140.564979,39.377275],[140.563904,39.377342],[140.562917,39.3773],[140.560979,39.377208],[140.560317,39.377142],[140.559642,39.377],[140.55918,39.376825],[140.557155,39.37655],[140.555755,39.376325],[140.554593,39.376092],[140.553905,39.375825],[140.553493,39.375617],[140.55298,39.375458],[140.552455,39.375283],[140.552193,39.375075],[140.551781,39.3749],[140.551181,39.374717],[140.549143,39.374192],[140.549006,39.374017],[140.548419,39.373609],[140.548219,39.373609],[140.547669,39.373042],[140.547781,39.37295],[140.548656,39.372575],[140.548768,39.372484],[140.548831,39.372325],[140.549006,39.372234],[140.550131,39.372009],[140.550431,39.3721],[140.550631,39.372217],[140.551156,39.371925],[140.551418,39.371717],[140.551531,39.371542],[140.551506,39.371267],[140.551293,39.370342],[140.551093,39.369417],[140.551131,39.369084],[140.551481,39.368409],[140.551568,39.368001],[140.551018,39.367434],[140.550893,39.367168],[140.550806,39.366826],[140.550718,39.365635],[140.550606,39.36516],[140.550606,39.364601],[140.550556,39.364235],[140.550343,39.364035],[140.549794,39.363718],[140.549919,39.363068],[140.550119,39.362543],[140.550406,39.360969],[140.550381,39.360744],[140.549894,39.359977],[140.549394,39.359094],[140.549144,39.358761],[140.548756,39.358602],[140.548381,39.358486],[140.548156,39.358327],[140.548419,39.357836],[140.548469,39.357452],[140.548244,39.357161],[140.548044,39.356569],[140.547894,39.356411],[140.547544,39.356461],[140.547282,39.356619],[140.547144,39.356778],[140.546969,39.356794],[140.545919,39.356769],[140.545719,39.356636],[140.544907,39.356952],[140.544182,39.357061],[140.543945,39.357202],[140.543807,39.357469],[140.543895,39.357652],[140.543857,39.357919],[140.543807,39.358036],[140.543432,39.358486],[140.543657,39.359094],[140.543745,39.35941],[140.543682,39.359719],[140.542995,39.360485],[140.542582,39.36071],[140.542432,39.360918],[140.542207,39.361452],[140.54197,39.361635],[140.541882,39.361977],[140.541707,39.362285],[140.541332,39.362377],[140.540382,39.362535],[140.54012,39.362826],[140.539882,39.362918],[140.539733,39.363026],[140.539395,39.363568],[140.53927,39.363635],[140.538958,39.363593],[140.538633,39.363726],[140.538495,39.36386],[140.53797,39.363793],[140.537383,39.363768],[140.536658,39.363676],[140.535708,39.36361],[140.534308,39.36341],[140.532633,39.363243],[140.530721,39.362993],[140.530371,39.362885],[140.530221,39.362768],[140.530221,39.362368],[140.530434,39.361643],[140.531159,39.360335],[140.532646,39.358152],[140.532959,39.357027],[140.533284,39.356377],[140.533808,39.355969],[140.534358,39.355719],[140.535171,39.355677],[140.535746,39.355502],[140.537196,39.354778],[140.537395,39.354736],[140.53772,39.354761],[140.538208,39.355028],[140.538445,39.355078],[140.538758,39.355011],[140.539083,39.354853],[140.539458,39.354711],[140.539958,39.354469],[140.53987,39.354128],[140.539895,39.353569],[140.540045,39.353519],[140.54042,39.353478],[140.54022,39.353203],[140.540183,39.353095],[140.540308,39.352895],[140.540558,39.352595],[140.54082,39.352486],[140.54057,39.351945],[140.540395,39.351428],[140.540158,39.351336],[140.539633,39.351378],[140.538945,39.351578],[140.538395,39.351895],[140.53767,39.352211],[140.536946,39.352411],[140.534733,39.352836],[140.533808,39.352953],[140.533109,39.352969],[140.532621,39.352953],[140.531717,39.352879],[140.531696,39.352861],[140.531196,39.352861],[140.530796,39.352903],[140.530446,39.353011],[140.529834,39.353419],[140.529171,39.354136],[140.528647,39.354836],[140.527509,39.356252],[140.526634,39.357085],[140.525684,39.357744],[140.525272,39.357918],[140.524584,39.358052],[140.523772,39.357943],[140.523272,39.35796],[140.522835,39.357943],[140.522147,39.358052],[140.521735,39.358185],[140.52101,39.35846],[140.520747,39.35861],[140.520222,39.359218],[140.51956,39.359743],[140.51866,39.360235],[140.518485,39.36026],[140.518048,39.360393],[140.517698,39.360393],[140.517673,39.36041],[140.51666,39.360435],[140.51611,39.360501],[140.515523,39.360609],[140.514923,39.360859],[140.513935,39.361426],[140.512711,39.362276],[140.511986,39.362909],[140.511748,39.363267],[140.511348,39.363692],[140.510498,39.364392],[140.510248,39.364709],[140.509836,39.365359],[140.509373,39.365767],[140.508936,39.366242],[140.508523,39.366958],[140.508411,39.367342],[140.508323,39.3675],[140.508211,39.368308],[140.507861,39.36935],[140.507623,39.369733],[140.507473,39.369883],[140.506698,39.370491],[140.505561,39.371149],[140.504599,39.371549],[140.503586,39.371933],[140.503011,39.372091],[140.502311,39.372341],[140.501299,39.372924],[140.500711,39.373324],[140.500224,39.373757],[140.499924,39.374066],[140.499549,39.374566],[140.499374,39.374882],[140.499261,39.376499],[140.498874,39.377673],[140.498786,39.377807],[140.498561,39.378032],[140.498261,39.37819],[140.497661,39.378348],[140.497337,39.378348],[140.496576,39.378437],[140.496137,39.378457],[140.495199,39.378615],[140.494574,39.378682],[140.493849,39.378682],[140.493024,39.378732],[140.492125,39.37884],[140.49185,39.378931],[140.49105,39.37929],[140.4903,39.379923],[140.48975,39.380531],[140.489612,39.38074],[140.48925,39.381506],[140.489087,39.382023],[140.489112,39.382431],[140.489387,39.383339],[140.488975,39.383423],[140.488887,39.383564],[140.488612,39.384306],[140.488637,39.384464],[140.48845,39.384806],[140.4882,39.384822],[140.487425,39.384822],[140.486163,39.384572],[140.486213,39.384506],[140.486438,39.383856],[140.48655,39.383356],[140.486413,39.382948],[140.4863,39.382273],[140.486363,39.382114],[140.486275,39.381706],[140.486225,39.381639],[140.485913,39.381431],[140.4857,39.380981],[140.48515,39.380548],[140.485088,39.380456],[140.484538,39.380348],[140.483851,39.379281],[140.483438,39.378623],[140.482888,39.378465],[140.482526,39.378198],[140.482113,39.37804],[140.481488,39.378015],[140.481263,39.37779],[140.481013,39.37589],[140.481013,39.37539],[140.479476,39.375232],[140.478926,39.375115],[140.478701,39.375023],[140.478264,39.374615],[140.478239,39.374532],[140.478039,39.37514],[140.477276,39.375298],[140.474952,39.375673],[140.474402,39.375856],[140.473827,39.376265],[140.473577,39.376398],[140.472889,39.376373],[140.472277,39.376281],[140.472252,39.376265],[140.472364,39.375898],[140.472802,39.37529],[140.473302,39.37439],[140.473252,39.373915],[140.473439,39.373773],[140.473964,39.373573],[140.474164,39.373415],[140.473989,39.373257],[140.473914,39.373123],[140.473827,39.372715],[140.473527,39.372282],[140.473064,39.371874],[140.472864,39.371382],[140.472839,39.370882],[140.472752,39.370699],[140.472377,39.37029],[140.472177,39.369865],[140.472565,39.36914],[140.472565,39.369074],[140.471465,39.369049],[140.471415,39.369024],[140.471352,39.368532],[140.471165,39.368257],[140.471002,39.367107],[140.470552,39.366674],[140.470277,39.366516],[140.469678,39.366016],[140.46904,39.365608],[140.468103,39.365499],[140.466865,39.365516],[140.465765,39.365632],[140.463453,39.365582],[140.463091,39.365624],[140.462041,39.365624],[140.461078,39.365716],[140.46101,39.365711],[140.460916,39.365716],[140.461053,39.366824],[140.461241,39.367857],[140.461953,39.370507],[140.462178,39.371907],[140.462315,39.373898],[140.462478,39.375456],[140.462415,39.379256],[140.462115,39.380272],[140.462053,39.38213],[140.461715,39.383664],[140.461553,39.385222],[140.46169,39.387622],[140.461852,39.389113],[140.462102,39.390513],[140.462927,39.392954],[140.463365,39.394063],[140.463964,39.396171],[140.465064,39.398837],[140.465664,39.400012],[140.466214,39.400895],[140.466664,39.40182],[140.466664,39.401895],[140.466239,39.402045],[140.464177,39.402453],[140.463352,39.402545],[140.462914,39.401912],[140.462602,39.401595],[140.462389,39.40157],[140.462277,39.401662],[140.462327,39.402045],[140.462277,39.402862],[140.462439,39.403312],[140.462414,39.403578],[140.462214,39.403628],[140.461664,39.403878],[140.461139,39.404037],[140.460952,39.404195],[140.461139,39.404686],[140.462402,39.40727],[140.462714,39.408153],[140.462764,39.408511],[140.462489,39.408694],[140.461302,39.409053],[140.460752,39.409186],[140.460502,39.409211],[140.459677,39.409119],[140.457777,39.408644],[140.456952,39.408253],[140.456365,39.407669],[140.455815,39.407603],[140.455053,39.407594],[140.453778,39.407186],[140.452678,39.40692],[140.451491,39.406511],[140.449978,39.406053],[140.449453,39.405961],[140.449229,39.406186],[140.449154,39.406186],[140.448841,39.406528],[140.448841,39.406753],[140.448791,39.407161],[140.448454,39.407886],[140.448179,39.408219],[140.447904,39.408694],[140.447466,39.408919],[140.446854,39.409128],[140.446166,39.409303],[140.444979,39.409669],[140.444517,39.409594],[140.443717,39.409353],[140.442779,39.408944],[140.442054,39.409011],[140.441205,39.408961],[140.440355,39.408961],[140.43988,39.408803],[140.439717,39.408353],[140.43928,39.407986],[140.437543,39.407011],[140.436993,39.407419],[140.43663,39.407761],[140.436305,39.408003],[140.43613,39.407961],[140.43523,39.407436],[140.43448,39.407236],[140.433706,39.407144],[140.432668,39.406736],[140.431731,39.406869],[140.430818,39.406894],[140.430243,39.406753],[140.429769,39.406078],[140.429769,39.405444],[140.429556,39.404786],[140.429444,39.404244],[140.428869,39.403745],[140.428806,39.403295],[140.428644,39.402911],[140.427769,39.402911],[140.427131,39.403086],[140.426656,39.403111],[140.426469,39.402436],[140.426056,39.40207],[140.425169,39.40207],[140.424457,39.402028],[140.424269,39.401528],[140.424094,39.401345],[140.423832,39.40062],[140.423694,39.400078],[140.423244,39.399986],[140.422532,39.399895],[140.421895,39.399786],[140.421595,39.399895],[140.420932,39.399986],[140.42027,39.39992],[140.41977,39.400053],[140.419357,39.400503],[140.418895,39.400478],[140.418595,39.400303],[140.41787,39.399328],[140.416358,39.39892],[140.415808,39.398961],[140.415533,39.399053],[140.414208,39.399686],[140.413658,39.399845],[140.413321,39.399795],[140.413221,39.399186],[140.413158,39.39837],[140.412008,39.397895],[140.411396,39.397603],[140.410958,39.397603],[140.410821,39.397645],[140.410521,39.397987],[140.410158,39.398503],[140.409746,39.398753],[140.409646,39.398494],[140.409471,39.397937],[140.409221,39.397687],[140.408209,39.397553],[140.407821,39.397462],[140.407409,39.397028],[140.407046,39.396762],[140.405422,39.396912],[140.404672,39.397187],[140.404484,39.397212],[140.403797,39.396895],[140.403497,39.39682],[140.402834,39.396845],[140.402634,39.396778],[140.401922,39.396345],[140.401172,39.39632],[140.400897,39.396703],[140.400622,39.397003],[140.400185,39.397086],[140.399772,39.397111],[140.399547,39.39682],[140.398748,39.396637],[140.397898,39.396795],[140.39616,39.396953],[140.395448,39.397036],[140.394723,39.397311],[140.394536,39.397353],[140.394086,39.397695],[140.393673,39.397945],[140.392936,39.397895],[140.392024,39.397986],[140.391586,39.398211],[140.390836,39.398461],[140.389674,39.39862],[140.388936,39.398545],[140.388049,39.398386],[140.387312,39.398361],[140.386487,39.398545],[140.386262,39.398636],[140.385787,39.398994],[140.385325,39.399244],[140.385075,39.398336],[140.384687,39.397928],[140.384587,39.397411],[140.3837,39.39587],[140.383462,39.395312],[140.38305,39.394903],[140.382875,39.394812],[140.382887,39.39447],[140.383462,39.393545],[140.3839,39.393095],[140.384737,39.392462],[140.385337,39.392304],[140.385999,39.392054],[140.386912,39.391087],[140.387162,39.390295],[140.388212,39.389204],[140.388099,39.388754],[140.388112,39.388237],[140.388574,39.387896],[140.388937,39.387487],[140.389124,39.386837],[140.389299,39.386679],[140.389549,39.386296],[140.388687,39.385413],[140.388612,39.385188],[140.388412,39.384888],[140.388387,39.384554],[140.388137,39.384279],[140.387449,39.384279],[140.386237,39.384663],[140.384475,39.384979],[140.384012,39.384996],[140.383762,39.385179],[140.383287,39.385696],[140.383013,39.385921],[140.382325,39.385538],[140.38145,39.385313],[140.379813,39.385446],[140.3794,39.385671],[140.378826,39.386096],[140.378326,39.386121],[140.377526,39.385846],[140.377001,39.385896],[140.376588,39.385713],[140.375513,39.386004],[140.374776,39.386046],[140.374251,39.385804],[140.373614,39.385779],[140.372839,39.385862],[140.371876,39.385596],[140.371601,39.385596],[140.371586,39.38561],[140.371351,39.385629],[140.370039,39.385496],[140.369664,39.385496],[140.369339,39.385613],[140.367814,39.386521],[140.367489,39.386762],[140.366889,39.387471],[140.366577,39.387946],[140.366377,39.388329],[140.366027,39.389162],[140.365802,39.389546],[140.365514,39.389862],[140.365077,39.390229],[140.364877,39.390545],[140.364877,39.390812],[140.364977,39.391404],[140.365002,39.39242],[140.365189,39.392937],[140.365152,39.393204],[140.365252,39.393412],[140.365252,39.39382],[140.365077,39.394153],[140.365114,39.394745],[140.364789,39.39517],[140.364364,39.395695],[140.364039,39.395987],[140.364014,39.396053],[140.363789,39.396145],[140.363139,39.39597],[140.361314,39.395095],[140.360552,39.394845],[140.35939,39.394804],[140.358927,39.394829],[140.358552,39.395079],[140.358202,39.395462],[140.357977,39.39562],[140.357715,39.395687],[140.357452,39.39567],[140.35714,39.395737],[140.35679,39.395712],[140.355915,39.395112],[140.355802,39.395062],[140.354777,39.39382],[140.354015,39.393462],[140.353377,39.393262],[140.352965,39.393037],[140.352765,39.392971],[140.352065,39.392504],[140.351478,39.392212],[140.35049,39.392146],[140.34959,39.391804],[140.34904,39.391696],[140.348428,39.391496],[140.347878,39.391088],[140.347553,39.390913],[140.346953,39.390821],[140.346653,39.390688],[140.346303,39.390438],[140.345928,39.390079],[140.345466,39.389446],[140.344928,39.388504],[140.344866,39.388138],[140.344953,39.387171],[140.344778,39.386538],[140.344391,39.386288],[140.344191,39.386113],[140.343728,39.38553],[140.343491,39.384988],[140.343491,39.384805],[140.343629,39.384605],[140.343741,39.38413],[140.343654,39.383471],[140.343354,39.382821],[140.343329,39.382071],[140.343379,39.382005],[140.343441,39.38128],[140.342966,39.380513],[140.342879,39.380497],[140.342616,39.38013],[140.342266,39.379755],[140.341829,39.379505],[140.341567,39.37928],[140.341542,39.379163],[140.341329,39.378897],[140.340629,39.378405],[140.340254,39.378022],[140.340017,39.37788],[140.339529,39.377838],[140.339417,39.377863],[140.339179,39.377838],[140.338279,39.377622],[140.337929,39.377597],[140.337729,39.377505],[140.337029,39.376963],[140.336529,39.376738],[140.335892,39.376563],[140.33523,39.376472],[140.334617,39.376272],[140.334242,39.37598],[140.33398,39.375872],[140.333455,39.37578],[140.332955,39.375738],[140.332092,39.375605],[140.331567,39.375563],[140.330905,39.375697],[140.330905,39.375722],[140.330842,39.375722],[140.33038,39.37588],[140.330117,39.375905],[140.329655,39.375855],[140.329017,39.375655],[140.328342,39.375505],[140.327742,39.375547],[140.327417,39.37573],[140.327105,39.37598],[140.326904,39.376272],[140.326579,39.376455],[140.326579,39.376497],[140.326442,39.37668],[140.326442,39.377022],[140.326704,39.377288],[140.326642,39.37763],[140.326242,39.377655],[140.325979,39.377697],[140.325692,39.377813],[140.325342,39.377772],[140.325017,39.37768],[140.324617,39.377797],[140.324354,39.377997],[140.324129,39.378272],[140.324092,39.378355],[140.324129,39.378605],[140.324417,39.378946],[140.324417,39.379196],[140.324342,39.379488],[140.324367,39.38003],[140.324317,39.380438],[140.324104,39.380571],[140.323504,39.380821],[140.323067,39.381271],[140.323042,39.381455],[140.323129,39.381905],[140.323079,39.382155],[140.323017,39.382221],[140.322117,39.382246],[140.321042,39.382546],[140.320617,39.382588],[140.320292,39.382613],[140.320092,39.382679],[140.319717,39.382954],[140.319542,39.383138],[140.319454,39.383404],[140.319692,39.383813],[140.319604,39.383904],[140.318879,39.384354],[140.318654,39.384629],[140.318529,39.384988],[140.318504,39.385421],[140.318567,39.386004],[140.318517,39.386054],[140.317667,39.386187],[140.317242,39.386437],[140.317242,39.386729],[140.317529,39.387071],[140.317354,39.387337],[140.317392,39.387637],[140.317654,39.387837],[140.317854,39.388062],[140.317979,39.388287],[140.317892,39.388421],[140.317542,39.388604],[140.317042,39.388654],[140.316704,39.388946],[140.316467,39.389329],[140.316304,39.389829],[140.315979,39.390237],[140.315667,39.390462],[140.315204,39.390462],[140.314654,39.390529],[140.313929,39.390554],[140.313054,39.390445],[140.312704,39.39047],[140.312267,39.390987],[140.311979,39.39137],[140.311404,39.391395],[140.310854,39.391262],[140.310242,39.390953],[140.310129,39.390953],[140.310004,39.391153],[140.309629,39.39147],[140.309342,39.391561],[140.30908,39.39152],[140.308767,39.391403],[140.308204,39.39107],[140.307829,39.390712],[140.307392,39.390578],[140.307279,39.390712],[140.307167,39.390778],[140.306904,39.391161],[140.306817,39.391411],[140.306592,39.39157],[140.305954,39.391553],[140.305192,39.391728],[140.304904,39.391645],[140.304754,39.39137],[140.304667,39.39097],[140.304492,39.390812],[140.303442,39.39052],[140.302804,39.390162],[140.302579,39.390112],[140.302342,39.390203],[140.301729,39.390587],[140.301479,39.390795],[140.301279,39.39107],[140.301017,39.39127],[140.300604,39.391386],[140.300467,39.391453],[140.299854,39.391953],[140.299592,39.39222],[140.299429,39.392561],[140.299367,39.392986],[140.299229,39.393153],[140.298242,39.393578],[140.297804,39.393561],[140.297367,39.393403],[140.296967,39.393203],[140.296704,39.393228],[140.296292,39.393386],[140.296092,39.393545],[140.295829,39.393586],[140.295679,39.39352],[140.295341,39.393428],[140.295016,39.393611],[140.294616,39.393703],[140.293541,39.393753],[140.293366,39.393845],[140.293304,39.393845],[140.292729,39.394136],[140.292379,39.394478],[140.292154,39.39482],[140.291629,39.395003],[140.291191,39.395045],[140.290816,39.395136],[140.290466,39.395186],[140.290116,39.394711],[140.290029,39.394645],[140.289653,39.39462],[140.289366,39.394461],[140.288978,39.394036],[140.288778,39.393995],[140.288341,39.394128],[140.288003,39.39442],[140.287478,39.395145],[140.287041,39.39542],[140.286616,39.395511],[140.286178,39.395645],[140.286091,39.395736],[140.285678,39.396011],[140.285303,39.396528],[140.285166,39.396869],[140.285316,39.397678],[140.285291,39.397728],[140.285429,39.397861],[140.285691,39.398019],[140.286104,39.398061],[140.286479,39.398194],[140.286854,39.398377],[140.287204,39.398602],[140.287467,39.399011],[140.287729,39.399236],[140.287904,39.399477],[140.288292,39.399702],[140.288754,39.399769],[140.289154,39.399769],[140.290317,39.399652],[140.291304,39.399444],[140.291567,39.399361],[140.292492,39.399419],[140.292692,39.399485],[140.292867,39.399627],[140.292879,39.400169],[140.293017,39.400394],[140.29323,39.400594],[140.293455,39.400727],[140.293692,39.400702],[140.294505,39.400794],[140.294792,39.400769],[140.295542,39.400385],[140.29633,39.40031],[140.29668,39.40036],[140.296967,39.400494],[140.297142,39.400694],[140.29758,39.40096],[140.297692,39.400985],[140.298105,39.401143],[140.29828,39.401527],[140.298317,39.401752],[140.298405,39.401935],[140.298605,39.402135],[140.298692,39.402318],[140.298755,39.40261],[140.298755,39.402902],[140.298905,39.403535],[140.299193,39.403601],[140.299743,39.403443],[140.30018,39.403601],[140.300443,39.403551],[140.301043,39.403301],[140.301543,39.403326],[140.301805,39.403476],[140.302355,39.40391],[140.302593,39.404268],[140.302943,39.404535],[140.303118,39.404835],[140.30303,39.405101],[140.302855,39.40531],[140.302767,39.40551],[140.302892,39.405693],[140.303155,39.405893],[140.30333,39.406118],[140.30423,39.406726],[140.304605,39.406835],[140.30478,39.406951],[140.304667,39.407151],[140.304467,39.407376],[140.304042,39.408485],[140.304092,39.409001],[140.303754,39.409635],[140.303492,39.409934],[140.303179,39.410068],[140.303117,39.410318],[140.303579,39.410676],[140.304142,39.411243],[140.304192,39.411326],[140.304691,39.411776],[140.305366,39.412118],[140.305391,39.41221],[140.305341,39.412751],[140.305191,39.413001],[140.305104,39.413068],[140.305079,39.413268],[140.305166,39.413701],[140.305203,39.414218],[140.305403,39.414784],[140.306016,39.415276],[140.306278,39.41541],[140.30654,39.415501],[140.30669,39.415751],[140.306578,39.416335],[140.30629,39.416676],[140.305965,39.416809],[140.305003,39.417109],[140.304778,39.417268],[140.304516,39.417359],[140.303878,39.417451],[140.303653,39.417584],[140.303154,39.418059],[140.302466,39.41845],[140.302116,39.41885],[140.301917,39.419034],[140.301367,39.419192],[140.300555,39.419308],[140.30023,39.419492],[140.300005,39.419875],[140.299317,39.420575],[140.298805,39.420866],[140.29863,39.42085],[140.296931,39.420758],[140.296881,39.420783],[140.296631,39.420558],[140.296306,39.420666],[140.295718,39.420983],[140.295531,39.420941],[140.295318,39.420691],[140.294594,39.420149],[140.294019,39.419908],[140.293769,39.419908],[140.293419,39.420066],[140.292131,39.420874],[140.291744,39.420899],[140.291581,39.420607],[140.291269,39.420449],[140.291081,39.420449],[140.290719,39.420624],[140.290319,39.420741],[140.289494,39.420782],[140.289181,39.420991],[140.288994,39.421307],[140.288769,39.421391],[140.287919,39.421824],[140.287681,39.421732],[140.286881,39.42189],[140.286519,39.422099],[140.286269,39.422365],[140.286106,39.422632],[140.285894,39.422865],[140.285694,39.423315],[140.285644,39.42374],[140.285556,39.423807],[140.285181,39.42399],[140.284769,39.424057],[140.284594,39.42399],[140.284544,39.423807],[140.284356,39.423582],[140.284106,39.423407],[140.283881,39.423315],[140.283444,39.423223],[140.282844,39.423248],[140.281994,39.423182],[140.281606,39.423407],[140.281194,39.424057],[140.281106,39.424107],[140.280756,39.424148],[140.280319,39.424107],[140.280044,39.424123],[140.279406,39.424398],[140.278919,39.424332],[140.278531,39.424215],[140.277919,39.424557],[140.277706,39.424806],[140.277731,39.424965],[140.277681,39.42514],[140.277019,39.42564],[140.276881,39.425906],[140.276794,39.426156],[140.276769,39.426448],[140.276794,39.426764],[140.276931,39.426898],[140.277019,39.427081],[140.276994,39.427198],[140.276494,39.427556],[140.276169,39.427964],[140.275569,39.428414],[140.275531,39.428548],[140.275294,39.428906],[140.274569,39.429539],[140.274131,39.429656],[140.273807,39.429631],[140.273532,39.429722],[140.273232,39.429881],[140.272819,39.429906],[140.272482,39.429989],[140.272269,39.430289],[140.271969,39.430847],[140.271932,39.431097],[140.271719,39.431439],[140.271282,39.431772],[140.270707,39.432272],[140.270532,39.432763],[140.270594,39.43283],[140.270644,39.433038],[140.270319,39.433555],[140.270257,39.433872],[140.270069,39.434255],[140.269632,39.434522],[140.269607,39.434888],[140.269682,39.43513],[140.269607,39.435446],[140.269682,39.435696],[140.270044,39.435738],[140.270594,39.435963],[140.270894,39.43603],[140.271219,39.436213],[140.271394,39.436463],[140.271444,39.436821],[140.271444,39.437338],[140.271531,39.43763],[140.271719,39.437838],[140.271631,39.438105],[140.271469,39.438238],[140.271194,39.438379],[140.271006,39.438513],[140.270544,39.439096],[140.269819,39.439796],[140.269356,39.439954],[140.268944,39.440137],[140.268944,39.440179],[140.268419,39.440837],[140.268481,39.441062],[140.268756,39.441262],[140.269131,39.441371],[140.269744,39.441912],[140.270406,39.442279],[140.270756,39.442812],[140.270868,39.443062],[140.270781,39.443354],[140.271006,39.443671],[140.271443,39.444145],[140.271231,39.444462],[140.271093,39.444529],[140.270843,39.444729],[140.270431,39.44622],[140.270131,39.446404],[140.269606,39.446537],[140.269556,39.446645],[140.269656,39.447187],[140.269655,39.447595],[140.269518,39.448087],[140.269518,39.448453],[140.269355,39.448678],[140.269143,39.448812],[140.268968,39.449153],[140.269005,39.449645],[140.269443,39.449828],[140.269655,39.450028],[140.26993,39.450436],[140.270068,39.450503],[140.271205,39.450387],[140.271717,39.450387],[140.272492,39.450545],[140.272792,39.450545],[140.273017,39.450412],[140.273117,39.450253],[140.273117,39.449803],[140.273205,39.449595],[140.273342,39.449528],[140.273617,39.449528],[140.27403,39.449687],[140.274392,39.449912],[140.274467,39.450003],[140.274492,39.450337],[140.274692,39.45072],[140.275217,39.450945],[140.275592,39.451353],[140.275867,39.451461],[140.276255,39.451286],[140.276942,39.451103],[140.277467,39.450811],[140.277817,39.45072],[140.27813,39.450761],[140.278567,39.450945],[140.278867,39.451011],[140.279029,39.451211],[140.279254,39.451803],[140.279329,39.452161],[140.279304,39.452503],[140.279392,39.452886],[140.279579,39.453419],[140.279579,39.453736],[140.279667,39.453894],[140.280054,39.454078],[140.280192,39.454094],[140.280879,39.454528],[140.281179,39.454794],[140.281804,39.455536],[140.281804,39.455586],[140.281129,39.455969],[140.280742,39.456461],[140.280354,39.456844],[140.279504,39.457186],[140.279367,39.457436],[140.279304,39.457702],[140.279479,39.458044],[140.279504,39.458377],[140.279691,39.458719],[140.279891,39.45881],[140.280266,39.458877],[140.280541,39.458985],[140.280929,39.458985],[140.281041,39.458944],[140.281229,39.458944],[140.281404,39.459194],[140.281591,39.459327],[140.282116,39.459327],[140.282366,39.45941],[140.282641,39.459369],[140.282916,39.45926],[140.283379,39.458919],[140.283604,39.458869],[140.283704,39.458894],[140.283629,39.459235],[140.283629,39.459685],[140.283679,39.460018],[140.283541,39.46036],[140.283566,39.460702],[140.283679,39.461035],[140.283679,39.46131],[140.283354,39.461918],[140.283079,39.462185],[140.282691,39.462385],[140.282529,39.462751],[140.282441,39.463243],[140.282341,39.463693],[140.282479,39.464126],[140.282441,39.464351],[140.282503,39.464734],[140.282253,39.465226],[140.282166,39.465543],[140.282116,39.465609],[140.281891,39.465726],[140.281453,39.465884],[140.281204,39.466043],[140.281066,39.466309],[140.281016,39.466517],[140.281041,39.466742],[140.281266,39.467259],[140.281491,39.467592],[140.281428,39.467709],[140.281128,39.467934],[140.281016,39.468201],[140.281016,39.468834],[140.280878,39.469125],[140.280528,39.469467],[140.280391,39.469534],[140.280191,39.469575],[140.280028,39.469575],[140.279316,39.469717],[140.278841,39.469984],[140.278704,39.470034],[140.278304,39.470283],[140.278029,39.470667],[140.277941,39.470975],[140.277579,39.471183],[140.276954,39.471675],[140.276704,39.471991],[140.276704,39.472108],[140.276979,39.472941],[140.276954,39.473166],[140.276591,39.473841],[140.276753,39.474491],[140.276491,39.474858],[140.276104,39.474874],[140.275604,39.474833],[140.275191,39.475149],[140.275166,39.475283],[140.274529,39.476591],[140.274529,39.476866],[140.274429,39.477091],[140.274229,39.477091],[140.273541,39.477899],[140.273191,39.47819],[140.272879,39.478332],[140.272329,39.478282],[140.271979,39.478199],[140.271891,39.478149],[140.271654,39.478265],[140.271179,39.478624],[140.271129,39.478849],[140.271179,39.479232],[140.271154,39.479498],[140.271179,39.479882],[140.271404,39.480448],[140.271154,39.480632],[140.271129,39.480698],[140.270716,39.481057],[140.270579,39.481123],[140.270141,39.481623],[140.270054,39.481756],[140.269779,39.482006],[140.269091,39.482098],[140.268541,39.482298],[140.267991,39.482415],[140.267441,39.482415],[140.266729,39.482348],[140.266341,39.482373],[140.266179,39.482548],[140.266041,39.482823],[140.265854,39.483431],[140.265579,39.483789],[140.265441,39.484039],[140.265466,39.484264],[140.265854,39.484981],[140.265954,39.485389],[140.266179,39.485681],[140.266591,39.486022],[140.267253,39.486264],[140.267828,39.486472],[140.268191,39.486764],[140.268541,39.487231],[140.268928,39.487547],[140.269803,39.487822],[140.27019,39.488047],[140.270803,39.488606],[140.271353,39.488789],[140.272965,39.488564],[140.273515,39.488539],[140.274127,39.488606],[140.274927,39.489122],[140.275552,39.489389],[140.275752,39.489547],[140.275665,39.489997],[140.275415,39.49043],[140.27539,39.490539],[140.275415,39.49083],[140.275202,39.491197],[140.275165,39.491197],[140.275165,39.491514],[140.275389,39.491822],[140.275389,39.491897],[140.274477,39.49228],[140.274127,39.492347],[140.273652,39.492372],[140.273002,39.492613],[140.272527,39.492997],[140.272452,39.493472],[140.272315,39.493747],[140.271952,39.493947],[140.27154,39.49413],[140.27124,39.49438],[140.270577,39.494555],[140.27039,39.494671],[140.27039,39.494896],[140.270715,39.495321],[140.27064,39.495796],[140.270527,39.496063],[140.27039,39.496221],[140.269615,39.496471],[140.269202,39.496563],[140.269065,39.496904],[140.269265,39.497304],[140.269502,39.498213],[140.269265,39.498321],[140.268815,39.498613],[140.268627,39.498904],[140.268544,39.499156],[140.268577,39.499362],[140.268627,39.499629],[140.268652,39.500129],[140.268852,39.500554],[140.269539,39.501337],[140.269702,39.50172],[140.269752,39.50267],[140.269864,39.502804],[140.269902,39.502812],[140.270039,39.502945],[140.270127,39.503154],[140.270414,39.503579],[140.270439,39.503804],[140.270414,39.504003],[140.270301,39.504145],[140.269802,39.504362],[140.269189,39.504795],[140.268902,39.505062],[140.268714,39.505845],[140.268514,39.50612],[140.268277,39.506253],[140.267877,39.506253],[140.267352,39.506136],[140.267027,39.506111],[140.266852,39.506203],[140.266802,39.506203],[140.265864,39.506945],[140.265777,39.507053],[140.265514,39.507186],[140.265339,39.507345],[140.265127,39.507636],[140.265039,39.507911],[140.264977,39.508336],[140.265102,39.508811],[140.264577,39.508878],[140.264164,39.508961],[140.263727,39.509211],[140.263489,39.509544],[140.263402,39.509844],[140.263314,39.510652],[140.263164,39.511261],[140.263039,39.511952],[140.262902,39.511977],[140.262402,39.511952],[140.26194,39.511977],[140.260227,39.511902],[140.259152,39.511902],[140.256765,39.512094],[140.255953,39.512135],[140.254928,39.512268],[140.254053,39.512443],[140.253178,39.51271],[140.252428,39.513118],[140.251866,39.513585],[140.251403,39.514101],[140.250641,39.515609],[140.250341,39.516309],[140.249016,39.518917],[140.248728,39.519684],[140.248191,39.521775],[140.247916,39.5231],[140.247466,39.526908],[140.247078,39.528907],[140.247041,39.529449],[140.246991,39.529649],[140.246828,39.53154],[140.246853,39.532532],[140.246815,39.533165],[140.24684,39.534407],[140.246778,39.534898],[140.24684,39.535348],[140.24679,39.538256],[140.246703,39.538614],[140.24659,39.538718],[140.246265,39.539431],[140.246115,39.539931],[140.245665,39.540989],[140.245165,39.541514],[140.244353,39.542056],[140.243778,39.542239],[140.243541,39.542264],[140.242641,39.542597],[140.241516,39.543888],[140.241078,39.54403],[140.240228,39.544005],[140.237954,39.54408],[140.233704,39.543905],[140.230992,39.543821],[140.229555,39.543638],[140.228155,39.543555],[140.228105,39.543621],[140.228042,39.544213],[140.22788,39.54493],[140.22763,39.546488],[140.227455,39.547238],[140.227317,39.548162],[140.227542,39.548254],[140.22843,39.548479],[140.229504,39.548879],[140.230554,39.549512],[140.231204,39.549896],[140.231642,39.550162],[140.232579,39.550862],[140.232954,39.551021],[140.233604,39.551154],[140.234154,39.551337],[140.234616,39.551362],[140.234766,39.551404],[140.235091,39.551604],[140.235266,39.551896],[140.235304,39.552146],[140.235091,39.552579],[140.234754,39.553029],[140.234579,39.553162],[140.233816,39.553487],[140.233241,39.55387],[140.233241,39.55407],[140.234266,39.554728],[140.234854,39.555195],[140.234966,39.555653],[140.234766,39.556012],[140.234454,39.556145],[140.232904,39.556445],[140.232791,39.557436],[140.233104,39.559153],[140.232804,39.55972],[140.232841,39.560061],[140.232954,39.560128],[140.233741,39.560219],[140.234216,39.560419],[140.234916,39.560436],[140.235703,39.560644],[140.236378,39.561094],[140.237491,39.561494],[140.238341,39.562261],[140.239178,39.562578],[140.239503,39.562778],[140.239828,39.563778],[140.23989,39.563844],[140.240715,39.564244],[140.240678,39.564361],[140.23999,39.564969],[140.239965,39.565602],[140.240015,39.565786],[140.239765,39.566211],[140.239678,39.566552],[140.239702,39.566574],[140.240028,39.566869],[140.240528,39.567161],[140.241115,39.567344],[140.241552,39.567411],[140.24184,39.567769],[140.241815,39.567902],[140.24124,39.568944],[140.241352,39.56931],[140.24104,39.570102],[140.241077,39.570619],[140.241452,39.570844],[140.24189,39.571335],[140.242365,39.571702],[140.242652,39.572152],[140.24269,39.572352],[140.243065,39.572693],[140.24339,39.573052],[140.243927,39.573527],[140.244152,39.57366],[140.244539,39.573777],[140.245027,39.57366],[140.245639,39.573343],[140.245752,39.573252],[140.246452,39.573052],[140.246589,39.573089],[140.246839,39.57316],[140.247314,39.573185],[140.247627,39.573318],[140.248214,39.57341],[140.248677,39.573527],[140.248877,39.57366],[140.249164,39.574002],[140.249164,39.574518],[140.249277,39.574943],[140.249714,39.57531],[140.250851,39.575668],[140.251926,39.575652],[140.252426,39.575543],[140.253439,39.57516],[140.253651,39.575118],[140.253914,39.57516],[140.254139,39.575385],[140.254401,39.576218],[140.254689,39.576693],[140.255088,39.577102],[140.255676,39.577551],[140.255901,39.577826],[140.255988,39.578093],[140.256013,39.57846],[140.255901,39.57906],[140.255863,39.57951],[140.255688,39.579918],[140.255276,39.580409],[140.255251,39.581084],[140.255276,39.581268],[140.254951,39.581943],[140.254951,39.582193],[140.255351,39.582668],[140.255326,39.582776],[140.254713,39.583268],[140.254713,39.583542],[140.254826,39.583876],[140.255201,39.584509],[140.255776,39.585342],[140.255663,39.585501],[140.255101,39.585884],[140.254713,39.586134],[140.254651,39.586167],[140.254476,39.58655],[140.254388,39.586892],[140.254451,39.587392],[140.254688,39.587842],[140.254651,39.587975],[140.254713,39.588567],[140.255176,39.588725],[140.255563,39.588925],[140.255651,39.588925],[140.255938,39.589125],[140.256113,39.589875],[140.256201,39.5901],[140.256113,39.590442],[140.256151,39.590708],[140.256263,39.591167],[140.256613,39.591483],[140.257113,39.591725],[140.257313,39.591933],[140.257313,39.592517],[140.257488,39.593108],[140.257875,39.5934],[140.25805,39.593491],[140.259388,39.593508],[140.260088,39.593733],[140.260788,39.593916],[140.261613,39.594075],[140.262425,39.594433],[140.262725,39.595183],[140.262725,39.5955],[140.262837,39.59575],[140.26365,39.596041],[140.264175,39.59645],[140.264387,39.597008],[140.264675,39.597508],[140.265237,39.597666],[140.265937,39.597958],[140.26605,39.598208],[140.266087,39.599158],[140.26565,39.599608],[140.2655,39.599991],[140.26565,39.600266],[140.266087,39.600649],[140.266787,39.601033],[140.267599,39.601374],[140.268037,39.601666],[140.268074,39.601732],[140.268037,39.602074],[140.267699,39.602566],[140.267374,39.603316],[140.267049,39.603516],[140.266912,39.603749],[140.266874,39.604265],[140.266762,39.604849],[140.266499,39.605532],[140.266537,39.606115],[140.266499,39.606732],[140.266337,39.607115],[140.266387,39.607682],[140.266512,39.608107],[140.266624,39.60829],[140.266862,39.608965],[140.267449,39.609823],[140.267999,39.610323],[140.268674,39.61039],[140.270224,39.610298],[140.270486,39.610432],[140.270974,39.611131],[140.271449,39.612015],[140.271561,39.612173],[140.272148,39.612515],[140.272611,39.61274],[140.273523,39.613481],[140.273873,39.61364],[140.274773,39.61439],[140.275161,39.614564],[140.275311,39.614681],[140.275535,39.615106],[140.275973,39.615381],[140.276623,39.615606],[140.27671,39.615714],[140.276823,39.616214],[140.276885,39.616889],[140.277185,39.618522],[140.277473,39.618814],[140.27756,39.619197],[140.277448,39.619739],[140.277473,39.620122],[140.277685,39.620622],[140.277335,39.621547],[140.27736,39.621955],[140.277185,39.622297],[140.27666,39.622614],[140.276222,39.623022],[140.276172,39.62313],[140.276047,39.623922],[140.275972,39.624355],[140.27646,39.624463],[140.27731,39.624513],[140.278185,39.624422],[140.279172,39.62408],[140.27941,39.623963],[140.28011,39.623447],[140.280547,39.623172],[140.280897,39.623105],[140.281247,39.623197],[140.281572,39.623447],[140.281859,39.623938],[140.282009,39.624097],[140.282597,39.624255],[140.282859,39.624372],[140.283209,39.624713],[140.283384,39.624822],[140.284109,39.625113],[140.284109,39.625205],[140.283934,39.625413],[140.282884,39.62618],[140.282772,39.62643],[140.282797,39.627013],[140.282947,39.627555],[140.283209,39.628055],[140.283272,39.628554],[140.283209,39.628979],[140.283884,39.629346],[140.283971,39.630363],[140.284421,39.630946],[140.284734,39.630996],[140.284971,39.631262],[140.284996,39.631671],[140.284946,39.632012],[140.285009,39.632396],[140.285059,39.633321],[140.285296,39.633979],[140.285296,39.634362],[140.285096,39.634629],[140.285159,39.635245],[140.285421,39.635803],[140.285396,39.636237],[140.285571,39.637187],[140.285371,39.637687],[140.284783,39.638136],[140.284546,39.638495],[140.284846,39.639086],[140.284896,39.639403],[140.284846,39.63967],[140.284583,39.640328],[140.284296,39.640528],[140.284208,39.640553],[140.283821,39.640486],[140.281959,39.640353],[140.281546,39.640511],[140.281171,39.640778],[140.280496,39.641053],[140.280234,39.641119],[140.279946,39.641461],[140.279884,39.641661],[140.279834,39.641711],[140.279159,39.641686],[140.278484,39.641553],[140.278021,39.641419],[140.277959,39.641169],[140.278159,39.640628],[140.278046,39.639995],[140.277834,39.639695],[140.277571,39.639136],[140.277246,39.638636],[140.276609,39.638478],[140.276322,39.638636],[140.276109,39.638836],[140.275622,39.639086],[140.275272,39.639086],[140.274947,39.638753],[140.274622,39.638295],[140.274334,39.638186],[140.274009,39.638228],[140.273422,39.638411],[140.272809,39.638436],[140.272284,39.638345],[140.271709,39.638303],[140.271297,39.638303],[140.271234,39.63862],[140.271209,39.638686],[140.271297,39.639178],[140.271447,39.639653],[140.271359,39.640061],[140.271097,39.640469],[140.270484,39.641169],[140.269234,39.641961],[140.268909,39.642461],[140.268684,39.642961],[140.268384,39.643294],[140.267597,39.643502],[140.267134,39.64386],[140.266984,39.644335],[140.267047,39.644452],[140.267309,39.644544],[140.268572,39.644785],[140.269009,39.645035],[140.269184,39.645394],[140.269472,39.645627],[140.269884,39.645802],[140.270022,39.645944],[140.269947,39.646618],[140.269422,39.64766],[140.269272,39.64786],[140.268784,39.649101],[140.268484,39.649576],[140.268197,39.649801],[140.267409,39.65026],[140.266684,39.650526],[140.266209,39.650843],[140.265772,39.651251],[140.265372,39.651501],[140.265309,39.651726],[140.265634,39.652176],[140.265897,39.652426],[140.265984,39.652318],[140.266447,39.652001],[140.266709,39.651776],[140.267059,39.651593],[140.267884,39.651543],[140.268759,39.651609],[140.269396,39.651568],[140.269721,39.651501],[140.270034,39.651726],[140.270884,39.652784],[140.270884,39.653243],[140.270796,39.653467],[140.270921,39.653534],[140.272496,39.653826],[140.273021,39.653826],[140.273484,39.653984],[140.273984,39.654051],[140.276083,39.654117],[140.276783,39.654184],[140.277308,39.654026],[140.277983,39.653601],[140.278446,39.653526],[140.279158,39.653551],[140.279796,39.653509],[140.280233,39.653259],[140.280696,39.653168],[140.281083,39.653443],[140.281633,39.653909],[140.282133,39.653959],[140.282333,39.653893],[140.282858,39.653826],[140.283295,39.654068],[140.283795,39.654209],[140.284233,39.654118],[140.284758,39.654184],[140.28532,39.654134],[140.285958,39.654026],[140.28692,39.654276],[140.28747,39.654451],[140.28812,39.654501],[140.28862,39.654768],[140.28917,39.654859],[140.289807,39.654743],[140.290195,39.654926],[140.290457,39.655284],[140.29072,39.655268],[140.291157,39.654993],[140.291307,39.655043],[140.29177,39.655284],[140.29227,39.655401],[140.292532,39.655309],[140.292732,39.654859],[140.292795,39.654451],[140.293282,39.654109],[140.293895,39.653343],[140.293982,39.653026],[140.293782,39.652368],[140.294307,39.651576],[140.294532,39.651101],[140.29477,39.650427],[140.294857,39.649952],[140.29482,39.649227],[140.294907,39.649135],[140.29537,39.648818],[140.296595,39.648502],[140.29727,39.648435],[140.297795,39.648277],[140.298582,39.64796],[140.299057,39.647844],[140.299607,39.647844],[140.300107,39.647735],[140.300457,39.647352],[140.300944,39.647235],[140.301419,39.647485],[140.301707,39.647869],[140.302144,39.648569],[140.302319,39.648635],[140.302532,39.64866],[140.302907,39.648527],[140.303844,39.648452],[140.304806,39.648119],[140.305969,39.64796],[140.307544,39.647977],[140.308944,39.647594],[140.309156,39.647752],[140.309444,39.648269],[140.309594,39.648769],[140.309918,39.649294],[140.310231,39.649494],[140.310468,39.650077],[140.310593,39.651118],[140.310418,39.65241],[140.310218,39.652752],[140.310018,39.652993],[140.309893,39.654085],[140.309956,39.65456],[140.310218,39.655418],[140.310193,39.655618],[140.309931,39.655934],[140.309881,39.656209],[140.309643,39.656543],[140.309093,39.657109],[140.308793,39.657568],[140.308506,39.658126],[140.308393,39.658284],[140.308043,39.658559],[140.307868,39.658742],[140.307756,39.659217],[140.307843,39.659534],[140.308331,39.659959],[140.308656,39.660184],[140.308781,39.660342],[140.308718,39.660775],[140.308368,39.661359],[140.307843,39.662017],[140.307618,39.663083],[140.307468,39.663533],[140.307418,39.663942],[140.307593,39.6643],[140.307855,39.66455],[140.308143,39.664592],[140.308405,39.664708],[140.30858,39.664958],[140.308905,39.665991],[140.308493,39.666291],[140.307568,39.666741],[140.307243,39.667016],[140.306843,39.667191],[140.306668,39.66735],[140.306518,39.667783],[140.30678,39.668258],[140.30728,39.668641],[140.30743,39.668866],[140.307655,39.669383],[140.307818,39.669941],[140.308018,39.670124],[140.30813,39.670149],[140.30913,39.669974],[140.309655,39.670091],[140.310005,39.670316],[140.310842,39.671208],[140.310867,39.671274],[140.31088,39.672399],[140.311142,39.672791],[140.311717,39.673199],[140.311842,39.673241],[140.31213,39.673291],[140.312455,39.673157],[140.312805,39.672891],[140.313767,39.672874],[140.314242,39.672766],[140.314442,39.672657],[140.314505,39.672699],[140.314554,39.672949],[140.314792,39.673557],[140.314992,39.673674],[140.315804,39.673591],[140.316367,39.673707],[140.316679,39.674049],[140.316742,39.674232],[140.316992,39.674682],[140.317279,39.674799],[140.318367,39.674607],[140.318867,39.674582],[140.319242,39.674657],[140.319417,39.674907],[140.319379,39.675874],[140.319641,39.676215],[140.320091,39.676965],[140.320616,39.67679],[140.321216,39.67639],[140.321454,39.676099],[140.321591,39.676074],[140.322141,39.676257],[140.322404,39.676599],[140.322466,39.676782],[140.323154,39.677532],[140.323266,39.678207],[140.323491,39.678682],[140.324078,39.679165],[140.324878,39.679957],[140.325141,39.680573],[140.325291,39.680615],[140.325428,39.680598],[140.325641,39.680348],[140.325816,39.679857],[140.326141,39.679565],[140.326528,39.67934],[140.326616,39.67934],[140.326903,39.679798],[140.327128,39.680065],[140.327453,39.680073],[140.327716,39.67994],[140.328091,39.680048],[140.328616,39.680323],[140.329665,39.680382],[140.329703,39.680423],[140.329915,39.67959],[140.330203,39.679549],[140.330815,39.679715],[140.331315,39.679557],[140.331665,39.679315],[140.33179,39.679265],[140.332365,39.679299],[140.332978,39.679524],[140.333565,39.679849],[140.33399,39.680257],[140.334465,39.680374],[140.334703,39.680107],[140.33549,39.679432],[140.335753,39.679299],[140.335903,39.678965],[140.336465,39.678832],[140.337315,39.677957],[140.337852,39.677216],[140.338002,39.676791],[140.338152,39.676499],[140.338565,39.676432],[140.339177,39.676441],[140.339477,39.676191],[140.339977,39.675683],[140.34039,39.675524],[140.340827,39.675283],[140.34129,39.675099],[140.34179,39.675149],[140.342165,39.675383],[140.342952,39.676066],[140.343415,39.676791],[140.343352,39.677108],[140.34314,39.677599],[140.343102,39.678141],[140.343152,39.678566],[140.342677,39.679449],[140.34274,39.679874],[140.342902,39.680374],[140.342702,39.680707],[140.342189,39.681315],[140.342302,39.68224],[140.342389,39.682423],[140.342202,39.683257],[140.342164,39.683732],[140.342289,39.683932],[140.342864,39.684407],[140.343127,39.684432],[140.343289,39.68534],[140.343314,39.685831],[140.343489,39.686081],[140.343814,39.685998],[140.344452,39.685956],[140.345214,39.686123],[140.345702,39.686415],[140.345852,39.686556],[140.346051,39.686873],[140.346051,39.68744],[140.346076,39.68739],[140.346076,39.68744],[140.346539,39.687865],[140.346601,39.687981],[140.347001,39.688231],[140.347139,39.688598],[140.346989,39.689514],[140.347014,39.689656],[140.347539,39.690514],[140.347676,39.690964],[140.347676,39.691281],[140.347876,39.691398],[140.348076,39.691356],[140.348689,39.691314],[140.349226,39.691314],[140.349401,39.691339],[140.350563,39.691439],[140.350801,39.691514],[140.351001,39.691848],[140.351263,39.692056],[140.351576,39.692056],[140.351763,39.691723],[140.352288,39.691023],[140.352676,39.690848],[140.353163,39.690898],[140.353576,39.691198],[140.354413,39.691989],[140.354851,39.692173],[140.355051,39.692198],[140.355901,39.692406],[140.356638,39.692298],[140.357163,39.692256],[140.357213,39.692373],[140.3573,39.692823],[140.357525,39.693573],[140.357938,39.693864],[140.358513,39.694098],[140.358663,39.694189],[140.358825,39.694506],[140.359,39.694597],[140.35965,39.694539],[140.36035,39.694564],[140.360588,39.694631],[140.361025,39.694931],[140.36145,39.695406],[140.361925,39.695497],[140.363737,39.695248],[140.364375,39.695023],[140.364937,39.694689],[140.366087,39.694223],[140.366262,39.694223],[140.36675,39.694139],[140.367112,39.694006],[140.367525,39.693698],[140.3684,39.693681],[140.3696,39.693715],[140.370349,39.693848],[140.370674,39.693765],[140.371112,39.693523],[140.371571,39.693194],[140.371724,39.693165],[140.371937,39.693031],[140.372349,39.692998],[140.372662,39.693056],[140.373124,39.693198],[140.373487,39.693356],[140.373949,39.693648],[140.374324,39.694023],[140.374849,39.694465],[140.375236,39.694665],[140.375661,39.694823],[140.376574,39.695081],[140.378811,39.695831],[140.380336,39.696181],[140.381236,39.696331],[140.382298,39.696281],[140.382836,39.696298],[140.383136,39.696456],[140.38356,39.697273],[140.384135,39.697648],[140.384685,39.698165],[140.38501,39.698523],[140.38546,39.699198],[140.385748,39.699281],[140.38646,39.69919],[140.387497,39.699223],[140.388185,39.699681],[140.38936,39.700639],[140.390222,39.700681],[140.39056,39.700564],[140.390935,39.700323],[140.391285,39.700165],[140.391959,39.70004],[140.392509,39.69999],[140.392747,39.700056],[140.393022,39.700306],[140.393072,39.700415],[140.393459,39.70099],[140.393809,39.701123],[140.394559,39.701148],[140.394897,39.70124],[140.395184,39.701514],[140.395347,39.701848],[140.395309,39.703239],[140.395346,39.704231],[140.395621,39.705331],[140.395509,39.706039],[140.395734,39.706097],[140.396146,39.706039],[140.396659,39.705897],[140.397284,39.705622],[140.397809,39.705447],[140.398171,39.705489],[140.398484,39.705614],[140.398658,39.705747],[140.398933,39.706264],[140.399208,39.706397],[140.399521,39.706364],[140.399896,39.706206],[140.400271,39.706197],[140.400496,39.706122],[140.400871,39.705864],[140.401608,39.705431],[140.402021,39.705289],[140.402646,39.705298],[140.402996,39.705456],[140.40347,39.705748],[140.40382,39.705898],[140.404808,39.705939],[140.405333,39.706073],[140.407095,39.706964],[140.407907,39.707547],[140.408307,39.708056],[140.408945,39.709497],[140.409182,39.709964],[140.409507,39.710347],[140.409632,39.710447],[140.410232,39.710797],[140.411282,39.711564],[140.411557,39.711714],[140.412219,39.711872],[140.412769,39.712164],[140.412869,39.712247],[140.414031,39.713938],[140.414356,39.714613],[140.414644,39.714797],[140.415056,39.714722],[140.415369,39.71453],[140.416394,39.714397],[140.416494,39.714422],[140.416569,39.714347],[140.416919,39.714138],[140.416981,39.714138],[140.417244,39.71438],[140.417544,39.71448],[140.418156,39.714463],[140.418593,39.714872],[140.418881,39.715072],[140.419506,39.715097],[140.420293,39.715063],[140.420706,39.715013],[140.420943,39.714788],[140.421581,39.71443],[140.421918,39.714397],[140.422393,39.71443],[140.42283,39.714147],[140.422893,39.71403],[140.423168,39.713805],[140.423693,39.713655],[140.425193,39.713514],[140.425993,39.713072],[140.426693,39.712656],[140.42703,39.712372],[140.42728,39.711789],[140.427493,39.711506],[140.428118,39.711397],[140.428243,39.711406],[140.429268,39.710956],[140.429992,39.710773],[140.43043,39.710723],[140.430692,39.710573],[140.431705,39.709681],[140.431592,39.708931],[140.432142,39.708473],[140.43228,39.708398],[140.432455,39.708123],[140.43243,39.707573],[140.432505,39.707498],[140.433442,39.707273],[140.433967,39.707098],[140.43433,39.707015],[140.434855,39.706973],[140.43573,39.706565],[140.436867,39.706265],[140.437292,39.706298],[140.437917,39.706407],[140.438079,39.706407],[140.438704,39.706148],[140.438929,39.706082],[140.439592,39.70579],[140.440229,39.705632],[140.440992,39.705649],[140.442041,39.705715],[140.442254,39.705599],[140.442816,39.70539],[140.443729,39.705299],[140.444254,39.705015],[140.444591,39.704724],[140.444879,39.704682],[140.445466,39.70479],[140.446679,39.705199],[140.447291,39.705282],[140.448191,39.705907],[140.448653,39.706007],[140.449266,39.70624],[140.45029,39.707149],[140.45069,39.707432],[140.450828,39.70749],[140.451328,39.707807],[140.452053,39.708065],[140.452603,39.708107],[140.453515,39.708074],[140.454327,39.70814],[140.454802,39.708224],[140.455077,39.708415],[140.455352,39.70884],[140.455727,39.709074],[140.456377,39.709174],[140.456865,39.709174],[140.457202,39.709299],[140.458227,39.710074],[140.458789,39.710415],[140.460614,39.711132],[140.461227,39.711315],[140.461614,39.711249],[140.462189,39.71109],[140.462926,39.711007],[140.463314,39.711099],[140.463639,39.711415],[140.464089,39.711649],[140.464776,39.711824],[140.465276,39.712024],[140.465451,39.712132],[140.465826,39.712498],[140.466264,39.71274],[140.466514,39.712932],[140.468088,39.713515],[140.468826,39.713807],[140.469488,39.714115],[140.470076,39.714273],[140.470613,39.71454],[140.471075,39.714898],[140.471663,39.715082],[140.47255,39.714982],[140.4731,39.715173],[140.473625,39.715515],[140.474425,39.716332],[140.47475,39.716882],[140.474975,39.716923],[140.475263,39.716823],[140.4764,39.715982],[140.476725,39.715673],[140.476775,39.715665],[140.477225,39.715815],[140.477625,39.716023],[140.477975,39.716173],[140.479212,39.716598],[140.47985,39.716857],[140.480362,39.717023],[140.480775,39.717073],[140.481125,39.717048],[140.481912,39.717232],[140.482612,39.717415],[140.483187,39.717607],[140.483812,39.717915],[140.484912,39.71854],[140.485724,39.718923],[140.486187,39.71924],[140.486462,39.71969],[140.486524,39.720148],[140.486586,39.720265],[140.486974,39.720623],[140.487449,39.720965],[140.487886,39.721173],[140.488899,39.721431],[140.489649,39.72169],[140.490099,39.72189],[140.491236,39.722623],[140.491611,39.723031],[140.491786,39.723323],[140.491786,39.723448],[140.492223,39.723573],[140.493323,39.723623],[140.495311,39.723606],[140.495786,39.723623],[140.496536,39.723773],[140.49656,39.723835],[140.496735,39.724023],[140.497585,39.724514],[140.49786,39.724539],[140.498548,39.724448],[140.499185,39.724581],[140.50006,39.725056],[140.500423,39.725214],[140.500698,39.725464],[140.501047,39.725706],[140.501185,39.725756],[140.50176,39.725847],[140.50201,39.725847],[140.502397,39.726114],[140.502972,39.726222],[140.503135,39.726381],[140.503385,39.726747],[140.503722,39.727106],[140.50416,39.727439],[140.504235,39.727781],[140.50451,39.728255],[140.505059,39.728705],[140.505647,39.729039],[140.506272,39.729172],[140.507022,39.729464],[140.507047,39.73028],[140.507259,39.730614],[140.507922,39.731138],[140.508084,39.731497],[140.508171,39.731897],[140.508334,39.732147],[140.508696,39.732422],[140.509109,39.733455],[140.508971,39.734088],[140.509021,39.734646],[140.509109,39.734963],[140.509384,39.735346],[140.509871,39.735913],[140.510284,39.736246],[140.510046,39.73643],[140.509771,39.736746],[140.509384,39.737105],[140.508971,39.737446],[140.508721,39.737763],[140.508771,39.738596],[140.508721,39.739296],[140.508771,39.740529],[140.508858,39.740687],[140.509158,39.740937],[140.509596,39.741546],[140.510046,39.741746],[140.510121,39.741812],[140.510346,39.742154],[140.510508,39.742554],[140.510846,39.743729],[140.51117,39.744204],[140.51172,39.744679],[140.51227,39.745054],[140.513008,39.745487],[140.513645,39.745804],[140.51417,39.746254],[140.51472,39.746879],[140.51527,39.74742],[140.515482,39.747712],[140.51552,39.74812],[140.515432,39.748462],[140.51507,39.749678],[140.515207,39.74997],[140.51497,39.749987],[140.51452,39.750128],[140.514057,39.750328],[140.51332,39.750803],[140.512957,39.751145],[140.512682,39.751686],[140.512595,39.752086],[140.51257,39.75247],[140.512695,39.752786],[140.512607,39.753328],[140.51247,39.753545],[140.512145,39.753836],[140.511745,39.754078],[140.511257,39.754319],[140.510595,39.754503],[140.510245,39.754719],[140.51002,39.755053],[140.509307,39.756561],[140.508982,39.757527],[140.50872,39.757877],[140.50802,39.759519],[140.507282,39.761685],[140.507232,39.762285],[140.507457,39.762993],[140.50757,39.763585],[140.50757,39.764218],[140.507432,39.764785],[140.50682,39.766293],[140.50672,39.766943],[140.50652,39.767518],[140.506295,39.767943],[140.506357,39.768476],[140.506332,39.768943],[140.505882,39.769251],[140.505045,39.769676],[140.504457,39.770201],[140.504107,39.770801],[140.503995,39.771368],[140.503807,39.771651],[140.503307,39.771809],[140.502532,39.771951],[140.50217,39.772051],[140.50177,39.772084],[140.501307,39.772259],[140.500245,39.772834],[140.499507,39.773159],[140.498045,39.773684],[140.497408,39.774192],[140.497258,39.774351],[140.497008,39.774775],[140.496845,39.7753],[140.49677,39.776275],[140.496633,39.776467],[140.496557,39.776529],[140.496495,39.776434],[140.495733,39.7765],[140.495395,39.776592],[140.49487,39.776867],[140.494333,39.777342],[140.49397,39.77745],[140.493308,39.777567],[140.492958,39.777742],[140.49232,39.778625],[140.489995,39.780875],[140.490095,39.781283],[140.49037,39.7816],[140.490483,39.781891],[140.490295,39.7823],[140.487795,39.785066],[140.487545,39.785408],[140.487333,39.786041],[140.487383,39.786491],[140.487383,39.786899],[140.487008,39.787549],[140.48692,39.788041],[140.486783,39.788291],[140.48667,39.788316],[140.486158,39.788657],[140.485795,39.789332],[140.485608,39.78944],[140.485033,39.789557],[140.484558,39.789732],[140.48442,39.790274],[140.48442,39.790457],[140.484145,39.790974],[140.484183,39.791448],[140.484295,39.79219],[140.484258,39.792707],[140.484158,39.793248],[140.483908,39.793815],[140.483633,39.79429],[140.483145,39.79469],[140.482895,39.794831],[140.481683,39.795148],[140.480558,39.795623],[140.480308,39.795956],[140.480258,39.796381],[140.480308,39.796615],[140.48067,39.796681],[140.481295,39.796881],[140.481708,39.797131],[140.481908,39.797439],[140.482208,39.797806],[140.482458,39.798006],[140.482483,39.798748],[140.483058,39.799089],[140.483283,39.799398],[140.483508,39.800214],[140.483695,39.800548],[140.48427,39.800889],[140.484882,39.801673],[140.48502,39.801739],[140.486032,39.802056],[140.48617,39.802123],[140.486832,39.803047],[140.486857,39.803297],[140.486345,39.803906],[140.48637,39.804172],[140.48662,39.804447],[140.487082,39.804622],[140.488182,39.805164],[140.488732,39.805322],[140.489894,39.805297],[140.490582,39.805139],[140.491457,39.804506],[140.491594,39.804439],[140.491894,39.804481],[140.492082,39.804556],[140.493244,39.804689],[140.493794,39.804706],[140.494256,39.804839],[140.494944,39.805406],[140.495281,39.805631],[140.495631,39.805764],[140.495944,39.805964],[140.496555,39.806134],[140.496619,39.806142],[140.498406,39.805972],[140.498681,39.806014],[140.499519,39.806414],[140.500418,39.806897],[140.500981,39.807072],[140.501106,39.807081],[140.501331,39.807047],[140.502668,39.806672],[140.503181,39.806656],[140.503706,39.806756],[140.504818,39.807447],[140.505156,39.807831],[140.505393,39.807989],[140.505768,39.807997],[140.506343,39.808081],[140.506855,39.808297],[140.507343,39.808739],[140.508368,39.809897],[140.508793,39.809956],[140.509355,39.809947],[140.511692,39.810072],[140.51283,39.810214],[140.513417,39.810547],[140.51388,39.811047],[140.514267,39.811597],[140.514167,39.81248],[140.514167,39.812814],[140.514867,39.813055],[140.515105,39.813172],[140.51568,39.813764],[140.515879,39.815047],[140.516004,39.815464],[140.516492,39.816014],[140.516979,39.816488],[140.517042,39.81688],[140.517042,39.81768],[140.517167,39.81808],[140.517104,39.819072],[140.517129,39.819255],[140.517042,39.819605],[140.516604,39.819821],[140.515629,39.819996],[140.515467,39.82008],[140.515254,39.82043],[140.515054,39.821113],[140.514742,39.822446],[140.514729,39.823038],[140.514979,39.823671],[140.515192,39.824029],[140.515254,39.824654],[140.515179,39.825429],[140.515167,39.826163],[140.514904,39.826621],[140.513679,39.827512],[140.513642,39.827679],[140.514042,39.828371],[140.514067,39.828687],[140.513717,39.829479],[140.513742,39.83037],[140.513617,39.830604],[140.513279,39.830912],[140.512279,39.831579],[140.511754,39.83212],[140.511467,39.83272],[140.511467,39.83307],[140.511392,39.83342],[140.511167,39.833787],[140.510267,39.834262],[140.510067,39.834512],[140.510092,39.834703],[140.510279,39.834986],[140.510967,39.83572],[140.511092,39.835961],[140.511117,39.836095],[140.511229,39.836228],[140.511316,39.836645],[140.511404,39.836828],[140.511516,39.837461],[140.511479,39.837911],[140.510466,39.838469],[140.510329,39.838644],[140.510104,39.839153],[140.509766,39.839544],[140.509604,39.840128],[140.509941,39.841094],[140.511041,39.842377],[140.512116,39.844111],[140.512491,39.844577],[140.512991,39.845052],[140.513803,39.846161],[140.515065,39.846994],[140.515915,39.847202],[140.516853,39.847602],[140.517703,39.847436],[140.518453,39.847177],[140.519165,39.847211],[140.519503,39.847319],[140.520278,39.847477],[140.520728,39.847344],[140.521802,39.847302],[140.522465,39.847536],[140.523702,39.847778],[140.524215,39.848086],[140.525202,39.848819],[140.525877,39.849377],[140.527089,39.849919],[140.527802,39.850486],[140.527914,39.851136],[140.527964,39.851886],[140.528564,39.852369],[140.528964,39.852577],[140.529727,39.853052],[140.529839,39.853236],[140.529839,39.853311],[140.529027,39.853669],[140.528664,39.854052],[140.528402,39.854669],[140.528389,39.855185],[140.528477,39.855977],[140.528577,39.856144],[140.529139,39.85646],[140.530076,39.856569],[140.530526,39.856652],[140.531951,39.856794],[140.532076,39.856885],[140.531589,39.858102],[140.531289,39.858793],[140.531426,39.859227],[140.531839,39.859402],[140.532826,39.859235],[140.533376,39.859427],[140.534139,39.860143],[140.534751,39.860377],[140.535213,39.860635],[140.535776,39.860593],[140.535938,39.860627],[140.536238,39.860843],[140.536626,39.86096],[140.536813,39.861185],[140.536851,39.861352],[140.536326,39.862318],[140.536688,39.862685],[140.537451,39.863118],[140.537626,39.86351],[140.537613,39.863601],[140.536438,39.865834],[140.535726,39.866101],[140.535126,39.866418],[140.534963,39.866834],[140.534813,39.867418],[140.534451,39.867659],[140.533301,39.867926],[140.532801,39.868426],[140.532801,39.868892],[140.533038,39.869284],[140.533701,39.869976],[140.534338,39.87095],[140.534813,39.871275],[140.535513,39.871417],[140.5358,39.872075],[140.535975,39.872867],[140.535988,39.873767],[140.5355,39.874333],[140.535438,39.874625],[140.53575,39.874892],[140.536513,39.875383],[140.53685,39.875767],[140.5373,39.87635],[140.537463,39.8765],[140.537725,39.877475],[140.537563,39.878266],[140.53765,39.878883],[140.53765,39.879641],[140.537925,39.880941],[140.5381,39.881216],[140.538725,39.881874],[140.539837,39.883116],[140.540162,39.883416],[140.5421,39.883099],[140.542962,39.883066],[140.543712,39.883366],[140.543974,39.883041],[140.543974,39.882949],[140.544162,39.882408],[140.544724,39.882191],[140.545074,39.882116],[140.545537,39.8817],[140.545587,39.8816],[140.546399,39.881133],[140.546662,39.88115],[140.547474,39.881],[140.547837,39.881208],[140.548224,39.881808],[140.548924,39.882191],[140.549237,39.882216],[140.549962,39.882133],[140.550537,39.8822],[140.551062,39.882608],[140.551687,39.883166],[140.552299,39.883525],[140.553049,39.883783],[140.553486,39.8841],[140.554224,39.884233],[140.554849,39.88395],[140.555461,39.883866],[140.556136,39.884025],[140.556986,39.884058],[140.557474,39.884241],[140.557874,39.884708],[140.558111,39.885191],[140.558124,39.885633],[140.558386,39.885924],[140.558924,39.886258],[140.559198,39.886466],[140.559673,39.886933],[140.560298,39.887341],[140.560611,39.887691],[140.560923,39.888541],[140.561261,39.888949],[140.561511,39.889016],[140.562223,39.889308],[140.562585,39.889408],[140.563773,39.889649],[140.565035,39.890091],[140.565835,39.890233],[140.566873,39.890741],[140.568085,39.891524],[140.568435,39.892349],[140.569647,39.893824],[140.570122,39.894049],[140.570385,39.894091],[140.571035,39.894274],[140.571972,39.894432],[140.573034,39.894432],[140.574547,39.894357],[140.575409,39.894591],[140.576197,39.894857],[140.576509,39.894924],[140.577384,39.894832],[140.578146,39.894833],[140.578784,39.895016],[140.579184,39.894708],[140.580196,39.894533],[140.581196,39.894641],[140.582558,39.894658],[140.582733,39.894516],[140.582796,39.894266],[140.583496,39.8933],[140.583746,39.892716],[140.583846,39.892291],[140.584283,39.891675],[140.584783,39.891317],[140.585408,39.890967],[140.585658,39.8905],[140.586221,39.890183],[140.586771,39.889775],[140.587333,39.88955],[140.587908,39.8895],[140.588671,39.889175],[140.588771,39.889067],[140.589321,39.889009],[140.590071,39.889017],[140.590583,39.888909],[140.591071,39.887151],[140.591246,39.886826],[140.591358,39.886767],[140.592221,39.886642],[140.59262,39.886517],[140.593108,39.886001],[140.593633,39.885226],[140.59412,39.884701],[140.59437,39.884618],[140.595308,39.884509],[140.595958,39.884601],[140.596408,39.884984],[140.59712,39.885359],[140.599495,39.886192],[140.600945,39.886301],[140.602119,39.886284],[140.602919,39.886201],[140.603344,39.886259],[140.604032,39.886409],[140.604732,39.886326],[140.606269,39.885809],[140.606894,39.885543],[140.607044,39.885534],[140.607644,39.885743],[140.608106,39.885384],[140.608894,39.884868],[140.609531,39.884551],[140.610106,39.884326],[140.610619,39.883985],[140.611181,39.883476],[140.611419,39.882885],[140.611578,39.882641],[140.611693,39.882401],[140.611784,39.8822],[140.611869,39.882127],[140.612006,39.882177],[140.612594,39.882235],[140.613368,39.882385],[140.613018,39.883535],[140.613206,39.884135],[140.613481,39.884301],[140.615056,39.884751],[140.615718,39.884876],[140.616043,39.884818],[140.616268,39.884643],[140.616455,39.884576],[140.616855,39.88466],[140.61743,39.885051],[140.61788,39.885426],[140.618655,39.885685],[140.61783,39.886018],[140.61758,39.886234],[140.617705,39.886434],[140.617793,39.886501],[140.61828,39.886676],[140.618705,39.886884],[140.619143,39.887626],[140.619205,39.888134],[140.619092,39.888393],[140.619167,39.888651],[140.61948,39.888926],[140.620005,39.889276],[140.621105,39.889667],[140.62154,39.889863],[140.621642,39.889942],[140.622317,39.890226],[140.622929,39.890584],[140.623217,39.890626],[140.623492,39.890592],[140.623804,39.890509],[140.624142,39.890517],[140.624679,39.890384],[140.625242,39.890059],[140.625467,39.890018],[140.626029,39.890234],[140.626317,39.890526],[140.626854,39.891551],[140.627091,39.891867],[140.627629,39.892342],[140.628066,39.892626],[140.628304,39.892892],[140.628316,39.893059],[140.628016,39.893251],[140.627204,39.893442],[140.627116,39.893767],[140.627241,39.894309],[140.627416,39.894592],[140.627829,39.894725],[140.628954,39.894934],[140.629616,39.895117],[140.630166,39.895384],[140.630203,39.895442],[140.630203,39.895634],[140.629678,39.896025],[140.629666,39.896075],[140.630066,39.896284],[140.630653,39.896667],[140.630678,39.89675],[140.630516,39.896884],[140.630203,39.896975],[140.629803,39.897209],[140.629528,39.897525],[140.629528,39.897642],[140.629591,39.897675],[140.630466,39.897958],[140.632215,39.898692],[140.632803,39.89885],[140.633178,39.8991],[140.633665,39.899625],[140.633928,39.900133],[140.633678,39.900458],[140.633603,39.900767],[140.633678,39.900892],[140.633778,39.90125],[140.633765,39.901733],[140.633428,39.902025],[140.633615,39.902983],[140.633578,39.903208],[140.633353,39.903558],[140.632965,39.903691],[140.632553,39.903675],[140.632328,39.903708],[140.632215,39.903758],[140.632203,39.904],[140.632565,39.904233],[140.63274,39.9043],[140.633028,39.904608],[140.633315,39.904833],[140.633953,39.904966],[140.63459,39.905024],[140.635765,39.905491],[140.635877,39.905566],[140.63599,39.905758],[140.63584,39.905849],[140.635415,39.905949],[140.63494,39.906141],[140.634902,39.906224],[140.63504,39.906358],[140.635465,39.906433],[140.635977,39.906699],[140.636015,39.906908],[140.635902,39.907074],[140.635377,39.907224],[140.634652,39.907383],[140.634527,39.907441],[140.634752,39.907574],[140.63519,39.907699],[140.635652,39.907966],[140.635715,39.908082],[140.63574,39.908499],[140.63529,39.909007],[140.634202,39.909216],[140.633552,39.909116],[140.63334,39.909182],[140.63329,39.909224],[140.633265,39.909566],[140.633402,39.910007],[140.633752,39.910199],[140.634302,39.910299],[140.63479,39.910607],[140.634852,39.910916],[140.63459,39.911474],[140.63444,39.911957],[140.634252,39.912382],[140.63429,39.912557],[140.634952,39.912657],[140.635414,39.912799],[140.635477,39.91289],[140.635439,39.913074],[140.635227,39.913249],[140.634977,39.913582],[140.634802,39.91404],[140.634489,39.914174],[140.634027,39.91449],[140.633202,39.915157],[140.633277,39.915298],[140.633927,39.91564],[140.634189,39.915998],[140.634764,39.916382],[140.635114,39.916748],[140.635614,39.917373],[140.635827,39.91799],[140.635764,39.91854],[140.635564,39.918831],[140.634864,39.919048],[140.634514,39.91909],[140.633502,39.918998],[140.632989,39.918973],[140.632839,39.919198],[140.632789,39.91944],[140.632864,39.919498],[140.633089,39.92044],[140.632889,39.920581],[140.632152,39.920581],[140.631577,39.920665],[140.631352,39.921006],[140.631327,39.921165],[140.631527,39.921481],[140.631664,39.921973],[140.631552,39.922181],[140.631439,39.922831],[140.631527,39.923148],[140.630802,39.923348],[140.629814,39.923373],[140.629077,39.923239],[140.628989,39.923581],[140.629077,39.924364],[140.629602,39.925606],[140.629852,39.925856],[140.630014,39.926172],[140.629739,39.926956],[140.629714,39.927231],[140.629852,39.927522],[140.630339,39.927589],[140.631901,39.927947],[140.632839,39.928014],[140.633714,39.928131],[140.634051,39.928647],[140.634263,39.929497],[140.634076,39.930222],[140.633938,39.931014],[140.634263,39.931955],[140.634988,39.932947],[140.635676,39.933513],[140.636463,39.93383],[140.637238,39.933755],[140.637813,39.933897],[140.638688,39.932588],[140.639738,39.931972],[140.6399,39.931955],[140.640725,39.932155],[140.642187,39.932897],[140.642325,39.932922],[140.6427,39.932697],[140.64355,39.932405],[140.646162,39.93303],[140.646937,39.933322],[140.647837,39.934063],[140.648862,39.93463],[140.649299,39.935372],[140.649986,39.93578],[140.650949,39.93593],[140.651311,39.936455],[140.651361,39.936747],[140.652186,39.937238],[140.653198,39.937305],[140.653698,39.937372],[140.654323,39.937871],[140.656335,39.938455],[140.656498,39.939038],[140.657098,39.939488],[140.65806,39.939846],[140.658423,39.940455],[140.65911,39.940771],[140.659548,39.941379],[140.658998,39.942846],[140.659335,39.943454],[140.659498,39.944129],[140.659448,39.944329],[140.660373,39.945212],[140.660673,39.945612],[140.660735,39.945996],[140.661198,39.946604],[140.661285,39.947279],[140.661722,39.94787],[140.662085,39.948495],[140.662935,39.94872],[140.663697,39.949104],[140.66406,39.949737],[140.664035,39.950437],[140.664422,39.951087],[140.664472,39.951878],[140.664635,39.95237],[140.664997,39.95262],[140.665735,39.952753],[140.66626,39.953028],[140.666835,39.953412],[140.667585,39.953628],[140.667722,39.95372],[140.667797,39.953995],[140.667497,39.954803],[140.667497,39.955228],[140.667997,39.955411],[140.66981,39.955478],[140.671597,39.955411],[140.672559,39.955336],[140.673047,39.955361],[140.673184,39.955428],[140.673409,39.955861],[140.673434,39.956378],[140.673797,39.956628],[140.674259,39.957595],[140.674372,39.957686],[140.674922,39.95777],[140.675697,39.957661],[140.676347,39.958286],[140.676484,39.958353],[140.677147,39.958445],[140.677897,39.958445],[140.677947,39.95842],[140.678134,39.958445],[140.678034,39.958495],[140.677422,39.959103],[140.676847,39.959369],[140.676209,39.959419],[140.675472,39.959528],[140.674597,39.959869],[140.673709,39.960136],[140.673135,39.960478],[140.67306,39.960611],[140.67336,39.960927],[140.674322,39.961494],[140.674347,39.961919],[140.67306,39.962802],[140.672947,39.963294],[140.674597,39.964194],[140.674547,39.964377],[140.67421,39.964935],[140.67451,39.965319],[140.676135,39.96541],[140.676272,39.965227],[140.677759,39.96491],[140.678834,39.965269],[140.679547,39.965202],[140.680484,39.965319],[140.681747,39.965785],[140.682872,39.965877],[140.683747,39.965561],[140.684134,39.965494],[140.684709,39.965536],[140.685347,39.966036],[140.685809,39.966685],[140.686034,39.966844],[140.686971,39.967044],[140.688284,39.967152],[140.689058,39.967085],[140.690021,39.967219],[140.690821,39.967244],[140.691395,39.967427],[140.69162,39.967652],[140.692608,39.969044],[140.693408,39.969877],[140.693982,39.970235],[140.695469,39.971343],[140.695719,39.971727],[140.695794,39.972352],[140.695682,39.97301],[140.695169,39.97321],[140.694032,39.973485],[140.693982,39.973527],[140.693845,39.97391],[140.693982,39.97436],[140.693907,39.974743],[140.694069,39.97506],[140.694119,39.97551],[140.695169,39.97621],[140.696244,39.976768],[140.696356,39.976859],[140.696656,39.977693],[140.696594,39.978576],[140.696356,39.979609],[140.696819,39.980692],[140.697206,39.981434],[140.697893,39.982359],[140.698555,39.9831],[140.700043,39.984384],[140.70133,39.984992],[140.70238,39.985167],[140.703254,39.985658],[140.704829,39.985817],[140.705904,39.985817],[140.706229,39.98595],[140.707379,39.986692],[140.709753,39.987342],[140.710441,39.987658],[140.711128,39.988291],[140.71244,39.988808],[140.713653,39.989208],[140.714452,39.989641],[140.714615,39.9898],[140.715302,39.991466],[140.715477,39.992158],[140.71559,39.992858],[140.715552,39.993041],[140.715277,39.993782],[140.714515,39.994549],[140.713777,39.995657],[140.714052,39.996582],[140.714514,39.997115],[140.715402,39.997249],[140.717601,39.997749],[140.719139,39.997765],[140.720351,39.997474],[140.720976,39.997024],[140.721851,39.996549],[140.723014,39.996524],[140.724388,39.997516],[140.724988,39.997982],[140.725601,39.997741],[140.727088,39.997424],[140.728538,39.998207],[140.729838,39.999132],[140.730713,39.999557],[140.731238,39.99974],[140.73165,39.999824],[140.73195,39.999715],[140.732725,39.999599],[140.733112,39.999507],[140.733712,39.998991],[140.73445,39.998449],[140.734862,39.997658],[140.735112,39.997458],[140.736487,39.996891],[140.73685,39.996824],[140.738137,39.997158],[140.738525,39.997116],[140.738737,39.996958],[140.739262,39.996466],[140.739512,39.996125],[140.739587,39.995516],[140.740087,39.994591],[140.740412,39.99425],[140.741475,39.99338],[140.741172,39.992409],[140.740253,39.990787],[140.736808,39.987419],[140.732445,39.983959],[140.727804,39.982022],[140.722333,39.980845],[140.716931,39.97953],[140.713122,39.977662],[140.705841,39.973053],[140.700162,39.967794],[140.696214,39.96212],[140.693293,39.958137],[140.68796,39.952739],[140.684497,39.947411],[140.683527,39.945196],[140.68332,39.943051],[140.684151,39.940353],[140.686159,39.939038],[140.688652,39.938],[140.692323,39.936823],[140.693777,39.936366],[140.697586,39.933598],[140.702088,39.928546],[140.706589,39.922318],[140.708875,39.919066],[140.712545,39.916644],[140.716908,39.915814],[140.720579,39.914914],[140.725012,39.912976],[140.729444,39.911662],[140.734985,39.911869],[140.738475,39.913085],[140.741314,39.913016],[140.744846,39.911701],[140.749348,39.911839],[140.753503,39.912047],[140.756135,39.911563],[140.760789,39.909616],[140.764485,39.907738],[140.768958,39.905535],[140.773469,39.903122],[140.778095,39.900362],[140.782014,39.89696],[140.78696,39.893108],[140.792035,39.890348],[140.796147,39.888679],[140.801351,39.886497],[140.805591,39.884956],[140.808867,39.883159],[140.810817,39.881749],[140.812334,39.880076],[140.812681,39.879476],[140.812655,39.879161]]]},"properties":{"yomi":"せんぼく","name":"仙北","pref":"秋田県","kuni_id":"K33","id_url":"G33005.html","kuni_url":"/kg/resource/K33.html","id":"G33005","kuni":"羽後"}}]}