{"type":"FeatureCollection","features":[{"properties":{"pref":"秋田県","kuni_id":"K33","yomi":"きたあきた","name":"北秋田","kuni":"羽後","id":"G33008","id_url":"G33008.html","kuni_url":"/kg/resource/K33.html"},"geometry":{"type":"Polygon","coordinates":[[[140.335115,40.439353],[140.335365,40.43942],[140.336027,40.439945],[140.336965,40.440528],[140.337677,40.440845],[140.337927,40.440912],[140.33899,40.440978],[140.339215,40.44127],[140.339352,40.442236],[140.340314,40.442711],[140.340677,40.443095],[140.340589,40.443478],[140.339852,40.444195],[140.339852,40.444286],[140.340014,40.444553],[140.340477,40.444936],[140.340752,40.445386],[140.340677,40.445794],[140.340702,40.446111],[140.341527,40.446603],[140.341689,40.447011],[140.341689,40.447236],[140.341502,40.447911],[140.341389,40.448477],[140.341364,40.449127],[140.341114,40.449644],[140.341227,40.450211],[140.341664,40.450527],[140.342189,40.450752],[140.342851,40.451519],[140.343514,40.451944],[140.343876,40.45221],[140.343926,40.452502],[140.343651,40.453135],[140.342751,40.454493],[140.342826,40.454918],[140.343514,40.455927],[140.343789,40.456202],[140.343826,40.456627],[140.343464,40.457218],[140.343576,40.457643],[140.343526,40.458068],[140.343326,40.458951],[140.342863,40.460434],[140.342888,40.460726],[140.343363,40.461718],[140.343388,40.461743],[140.343851,40.461743],[140.344326,40.461784],[140.344713,40.461851],[140.345313,40.461784],[140.345938,40.461651],[140.346963,40.461559],[140.347351,40.462126],[140.347675,40.462368],[140.347925,40.462643],[140.3482,40.464193],[140.348363,40.464784],[140.348038,40.465659],[140.348038,40.466109],[140.348125,40.466626],[140.347925,40.467525],[140.34845,40.467934],[140.349088,40.468317],[140.349663,40.46845],[140.352162,40.468717],[140.3525,40.468942],[140.353187,40.469734],[140.353325,40.47],[140.353575,40.471059],[140.353762,40.471575],[140.353787,40.471958],[140.353924,40.472433],[140.355524,40.473758],[140.356137,40.4741],[140.356962,40.474708],[140.357424,40.474733],[140.358086,40.474867],[140.358361,40.474975],[140.359024,40.475383],[140.359874,40.475966],[140.359961,40.47635],[140.359899,40.476958],[140.359986,40.477366],[140.360286,40.477675],[140.360749,40.478016],[140.361386,40.478375],[140.362161,40.478483],[140.362686,40.478483],[140.364023,40.478416],[140.364661,40.478533],[140.364936,40.478483],[140.365186,40.478283],[140.365598,40.478033],[140.366036,40.4779],[140.366286,40.477608],[140.366861,40.477241],[140.367298,40.477083],[140.367436,40.477067],[140.36796,40.477133],[140.368423,40.477242],[140.368998,40.477267],[140.369473,40.477042],[140.369548,40.476925],[140.37016,40.476475],[140.370298,40.4765],[140.37071,40.476475],[140.37101,40.4765],[140.371448,40.476475],[140.371533,40.476429],[140.37226,40.4763],[140.374647,40.476408],[140.37586,40.476384],[140.37726,40.476475],[140.377835,40.476609],[140.37831,40.477625],[140.378472,40.477892],[140.379272,40.478408],[140.380209,40.478708],[140.380897,40.479042],[140.381084,40.479242],[140.381634,40.480283],[140.381884,40.481275],[140.382209,40.482108],[140.383334,40.483908],[140.383471,40.484358],[140.383559,40.484899],[140.383834,40.485258],[140.385458,40.486066],[140.386146,40.486499],[140.386496,40.486807],[140.386721,40.487057],[140.387271,40.487107],[140.388071,40.487099],[140.388458,40.486833],[140.388558,40.486674],[140.389008,40.486358],[140.389446,40.485949],[140.389746,40.485591],[140.390321,40.485408],[140.391095,40.485274],[140.391483,40.484958],[140.39172,40.48485],[140.392245,40.484733],[140.392658,40.484933],[140.39332,40.485183],[140.39392,40.485158],[140.394033,40.484641],[140.394033,40.4832],[140.39412,40.482725],[140.394633,40.482408],[140.395458,40.482067],[140.395658,40.481933],[140.395708,40.481442],[140.395933,40.48085],[140.396733,40.479992],[140.397008,40.479592],[140.396595,40.478642],[140.39662,40.478284],[140.396995,40.478101],[140.398133,40.477809],[140.399258,40.477676],[140.400745,40.477584],[140.40137,40.477509],[140.40157,40.477426],[140.401707,40.477126],[140.40187,40.476501],[140.401945,40.475618],[140.402057,40.475209],[140.40252,40.474901],[140.403682,40.475076],[140.40407,40.475235],[140.40552,40.474943],[140.406457,40.47456],[140.406957,40.474576],[140.408519,40.474935],[140.409732,40.475543],[140.410719,40.476285],[140.411544,40.476576],[140.412231,40.476643],[140.413244,40.477251],[140.414619,40.477976],[140.416194,40.478984],[140.416793,40.479551],[140.417543,40.479951],[140.419468,40.480451],[140.420568,40.480809],[140.420918,40.481009],[140.421305,40.481434],[140.421393,40.481459],[140.422218,40.481484],[140.423643,40.481634],[140.425018,40.482018],[140.425517,40.482218],[140.426642,40.482584],[140.427267,40.482651],[140.42848,40.481968],[140.428817,40.481809],[140.429667,40.481634],[140.431117,40.481676],[140.431317,40.481584],[140.431867,40.481068],[140.432304,40.480526],[140.432467,40.480476],[140.433892,40.480543],[140.434754,40.480385],[140.435604,40.480026],[140.436204,40.479618],[140.436917,40.478785],[140.437004,40.478743],[140.437217,40.47831],[140.436667,40.477477],[140.435842,40.475744],[140.435379,40.474977],[140.435242,40.474644],[140.435155,40.473694],[140.434792,40.473336],[140.43383,40.472636],[140.433592,40.472386],[140.43318,40.471786],[140.433455,40.471352],[140.433317,40.470878],[140.433255,40.470069],[140.433393,40.469369],[140.433393,40.46867],[140.433343,40.468153],[140.433505,40.467678],[140.436142,40.466262],[140.436767,40.465762],[140.436967,40.465495],[140.437242,40.464387],[140.43738,40.463462],[140.437342,40.462879],[140.43718,40.461912],[140.436955,40.461096],[140.436717,40.459721],[140.436717,40.459588],[140.43718,40.459296],[140.43753,40.459096],[140.437755,40.458754],[140.437805,40.457988],[140.437755,40.457288],[140.437505,40.45648],[140.437418,40.455846],[140.437455,40.45558],[140.43778,40.454971],[140.43833,40.454405],[140.43893,40.453613],[140.439367,40.452897],[140.440255,40.452422],[140.439843,40.451022],[140.43973,40.450572],[140.43973,40.450214],[140.439943,40.450097],[140.440355,40.449989],[140.441755,40.449872],[140.44278,40.450122],[140.444042,40.450747],[140.444205,40.450889],[140.445092,40.45208],[140.445854,40.452439],[140.446704,40.452572],[140.447842,40.45293],[140.448167,40.453472],[140.448579,40.453989],[140.450229,40.454014],[140.450916,40.453764],[140.451654,40.453539],[140.452341,40.453447],[140.452616,40.453489],[140.452866,40.453789],[140.453528,40.454347],[140.453803,40.454389],[140.455153,40.454755],[140.456803,40.455064],[140.45784,40.455447],[140.458415,40.455764],[140.459028,40.456255],[140.459465,40.456397],[140.460178,40.456189],[140.46119,40.456005],[140.46164,40.456005],[140.462902,40.455914],[140.463252,40.455964],[140.464165,40.456364],[140.464277,40.456389],[140.464527,40.456272],[140.465452,40.455422],[140.46579,40.454964],[140.46584,40.454064],[140.466002,40.454064],[140.466915,40.453931],[140.468502,40.453614],[140.469739,40.453456],[140.470152,40.453456],[140.470977,40.453523],[140.471827,40.453698],[140.472677,40.453473],[140.474801,40.453539],[140.474939,40.453473],[140.476476,40.452973],[140.477326,40.452998],[140.477739,40.452956],[140.478339,40.452481],[140.478751,40.452348],[140.479114,40.452273],[140.480126,40.452007],[140.480901,40.451665],[140.481063,40.451465],[140.481063,40.450807],[140.481414,40.449957],[140.481801,40.449324],[140.483526,40.447632],[140.484051,40.446932],[140.484213,40.446482],[140.483801,40.444074],[140.483714,40.443416],[140.483326,40.442791],[140.482751,40.44245],[140.482289,40.442275],[140.481626,40.442091],[140.481189,40.441891],[140.481189,40.441841],[140.481601,40.441708],[140.483026,40.441483],[140.484151,40.441166],[140.484914,40.440892],[140.485964,40.440442],[140.488264,40.4392],[140.489151,40.438775],[140.490738,40.438167],[140.491563,40.437917],[140.492276,40.438025],[140.492801,40.437984],[140.493763,40.437576],[140.494451,40.437217],[140.495001,40.436967],[140.496101,40.436626],[140.496524,40.436563],[140.496613,40.436501],[140.497138,40.436526],[140.4978,40.436476],[140.4981,40.436276],[140.49815,40.436184],[140.498425,40.435959],[140.499038,40.435643],[140.49945,40.435376],[140.499775,40.435059],[140.501013,40.434493],[140.501313,40.434293],[140.50145,40.434018],[140.5017,40.432918],[140.501838,40.432601],[140.502,40.432418],[140.5022,40.431968],[140.50225,40.431702],[140.503675,40.43091],[140.504288,40.430635],[140.505213,40.43016],[140.507575,40.42926],[140.507962,40.428877],[140.508375,40.428561],[140.508762,40.428519],[140.50975,40.428536],[140.5103,40.428627],[140.510625,40.428736],[140.510962,40.428969],[140.51145,40.429119],[140.511974,40.429236],[140.512437,40.429236],[140.512574,40.429186],[140.513599,40.428644],[140.513737,40.428627],[140.514174,40.428694],[140.514662,40.428869],[140.515049,40.428961],[140.515549,40.429461],[140.516237,40.429686],[140.517249,40.430202],[140.517799,40.430402],[140.518486,40.430602],[140.519174,40.430652],[140.519911,40.430577],[140.520849,40.430419],[140.521536,40.430377],[140.522248,40.430444],[140.522886,40.430669],[140.523761,40.430869],[140.524698,40.430761],[140.526623,40.430894],[140.527548,40.431227],[140.52791,40.431252],[140.52851,40.431002],[140.529535,40.430461],[140.529673,40.430344],[140.52981,40.430052],[140.52986,40.428636],[140.529885,40.428503],[140.530023,40.428344],[140.530298,40.428136],[140.530635,40.427753],[140.530548,40.427328],[140.530523,40.427286],[140.53066,40.426945],[140.530623,40.426378],[140.529911,40.424512],[140.529311,40.423387],[140.529336,40.422662],[140.529586,40.421379],[140.529886,40.420279],[140.529011,40.420054],[140.527061,40.419712],[140.526286,40.419604],[140.525736,40.419554],[140.525136,40.419554],[140.524499,40.419645],[140.524362,40.41967],[140.524312,40.419512],[140.524362,40.419379],[140.524224,40.419229],[140.524287,40.418512],[140.524224,40.418104],[140.524062,40.417337],[140.523974,40.416796],[140.524012,40.416463],[140.524199,40.416054],[140.524562,40.415446],[140.524612,40.415129],[140.524887,40.414163],[140.524974,40.413755],[140.524999,40.41333],[140.524937,40.41308],[140.524312,40.411596],[140.524112,40.411346],[140.52365,40.410872],[140.523562,40.410713],[140.523562,40.410463],[140.5237,40.410222],[140.52395,40.41013],[140.524562,40.410263],[140.525962,40.410372],[140.526587,40.410488],[140.527224,40.410647],[140.528824,40.410863],[140.530062,40.411297],[140.530611,40.411363],[140.531074,40.411297],[140.531811,40.411272],[140.532174,40.411205],[140.532561,40.411022],[140.534211,40.410072],[140.534761,40.409805],[140.535336,40.409622],[140.535724,40.409555],[140.535886,40.409347],[140.535999,40.408922],[140.536136,40.40858],[140.536986,40.40813],[140.537123,40.407839],[140.537424,40.406714],[140.537449,40.405814],[140.537586,40.405339],[140.537974,40.404772],[140.538324,40.404548],[140.538936,40.404256],[140.539323,40.404006],[140.540036,40.403123],[140.540361,40.402814],[140.540723,40.402698],[140.541211,40.402723],[140.542148,40.402989],[140.542861,40.403239],[140.544186,40.402715],[140.54471,40.40269],[140.545335,40.402915],[140.547373,40.403956],[140.547673,40.403931],[140.547985,40.403548],[140.54806,40.403365],[140.548385,40.40289],[140.54856,40.402756],[140.549272,40.402415],[140.549822,40.402281],[140.550097,40.402056],[140.550397,40.401132],[140.550585,40.400907],[140.55136,40.400798],[140.552097,40.400723],[140.552597,40.400523],[140.55306,40.400273],[140.553309,40.400232],[140.554047,40.400157],[140.554434,40.400048],[140.555372,40.399465],[140.556034,40.399257],[140.556584,40.39899],[140.556859,40.398899],[140.557234,40.398515],[140.557959,40.397699],[140.558421,40.397249],[140.558696,40.397091],[140.558946,40.397049],[140.559271,40.397116],[140.560734,40.397632],[140.560896,40.397657],[140.560946,40.397632],[140.561534,40.397607],[140.562133,40.397649],[140.562683,40.397966],[140.563596,40.398257],[140.564658,40.398216],[140.564971,40.398149],[140.565321,40.398007],[140.565758,40.398099],[140.566095,40.398349],[140.56662,40.398507],[140.567058,40.398682],[140.56752,40.399041],[140.568458,40.400016],[140.569282,40.400732],[140.568482,40.401049],[140.568045,40.401274],[140.56772,40.401549],[140.567383,40.401932],[140.567058,40.402449],[140.566758,40.402832],[140.566295,40.403149],[140.56577,40.403324],[140.565683,40.403532],[140.565745,40.404048],[140.56607,40.404832],[140.566095,40.40499],[140.566045,40.40549],[140.56582,40.40659],[140.56492,40.40774],[140.56442,40.40824],[140.56407,40.408398],[140.563658,40.408515],[140.56332,40.408823],[140.562633,40.409798],[140.562283,40.410048],[140.561371,40.410114],[140.560821,40.410248],[140.560196,40.410698],[140.559233,40.411447],[140.558983,40.411939],[140.558621,40.413314],[140.558071,40.41388],[140.557558,40.414147],[140.556846,40.414397],[140.556571,40.41458],[140.556234,40.414914],[140.556121,40.41523],[140.556183,40.415597],[140.556433,40.416497],[140.556258,40.41688],[140.555521,40.41758],[140.555246,40.417963],[140.555109,40.418346],[140.555058,40.418663],[140.554946,40.418971],[140.554834,40.419021],[140.554334,40.41938],[140.553671,40.41963],[140.553321,40.419896],[140.553284,40.420396],[140.553534,40.420796],[140.553871,40.421021],[140.554558,40.421388],[140.554746,40.421588],[140.554858,40.421854],[140.554833,40.422129],[140.555021,40.422604],[140.556233,40.423704],[140.55697,40.424629],[140.557383,40.425212],[140.557633,40.425662],[140.557858,40.425796],[140.558458,40.425754],[140.559608,40.425846],[140.560432,40.425979],[140.561182,40.426246],[140.56197,40.427054],[140.562907,40.426179],[140.563407,40.425929],[140.564145,40.425796],[140.565269,40.425771],[140.566282,40.425996],[140.566919,40.426104],[140.567582,40.426171],[140.568344,40.426196],[140.569781,40.426129],[140.570819,40.426129],[140.571619,40.426237],[140.573318,40.426129],[140.573931,40.426146],[140.574143,40.426237],[140.574668,40.427046],[140.575193,40.428246],[140.575355,40.428712],[140.57568,40.429054],[140.576843,40.429412],[140.57728,40.429279],[140.577368,40.429162],[140.577805,40.428987],[140.578293,40.428937],[140.578843,40.428962],[140.579318,40.429162],[140.579692,40.429387],[140.58028,40.429545],[140.58083,40.429612],[140.58173,40.429812],[140.582605,40.429945],[140.583542,40.429745],[140.584042,40.42947],[140.585054,40.429137],[140.585767,40.429087],[140.586817,40.42927],[140.588104,40.42992],[140.588404,40.430104],[140.588954,40.430662],[140.589404,40.431904],[140.589791,40.433887],[140.589841,40.434428],[140.589566,40.436003],[140.589629,40.436186],[140.591053,40.435886],[140.591878,40.435686],[140.593528,40.435395],[140.594316,40.435187],[140.595778,40.43462],[140.596328,40.434237],[140.59674,40.433903],[140.597253,40.433703],[140.598928,40.433137],[140.599678,40.432729],[140.600603,40.43192],[140.601103,40.431604],[140.601902,40.431237],[140.602415,40.431129],[140.602915,40.430837],[140.603127,40.430537],[140.60344,40.430271],[140.603627,40.429846],[140.60379,40.428221],[140.60379,40.427746],[140.603902,40.427454],[140.604752,40.427096],[140.605465,40.426488],[140.605715,40.426171],[140.606202,40.425855],[140.607002,40.425721],[140.607602,40.425671],[140.608152,40.42558],[140.608477,40.425355],[140.608702,40.425038],[140.609064,40.42493],[140.609527,40.424905],[140.609827,40.424788],[140.610214,40.424405],[140.610764,40.424047],[140.611364,40.423822],[140.612764,40.423797],[140.613789,40.423913],[140.614302,40.424072],[140.614801,40.424138],[140.615189,40.424022],[140.615701,40.423772],[140.616776,40.42368],[140.617351,40.423455],[140.617764,40.423347],[140.618951,40.42348],[140.619464,40.423497],[140.620514,40.423813],[140.620926,40.423972],[140.621526,40.424088],[140.622026,40.424038],[140.622413,40.424047],[140.622826,40.424163],[140.623376,40.424438],[140.623701,40.42458],[140.623876,40.424588],[140.624126,40.424488],[140.624488,40.424247],[140.624738,40.424138],[140.625051,40.42408],[140.625426,40.424088],[140.625676,40.423997],[140.625926,40.423739],[140.626038,40.423397],[140.626063,40.422939],[140.625988,40.422572],[140.625888,40.422314],[140.625351,40.421572],[140.625513,40.421414],[140.626401,40.421114],[140.626526,40.421039],[140.628951,40.419831],[140.629888,40.419556],[140.630363,40.419381],[140.6306,40.419206],[140.631538,40.418281],[140.631888,40.418056],[140.632463,40.417856],[140.632825,40.417764],[140.63305,40.417423],[140.632938,40.416731],[140.633125,40.416389],[140.6334,40.416048],[140.6336,40.41574],[140.633675,40.415465],[140.6337,40.415123],[140.633676,40.414565],[140.633813,40.41154],[140.633901,40.410848],[140.634251,40.410307],[140.634976,40.409832],[140.635688,40.409624],[140.636263,40.409515],[140.636313,40.409332],[140.636013,40.40884],[140.635851,40.408474],[140.635513,40.407191],[140.635326,40.406741],[140.635001,40.406332],[140.634551,40.406132],[140.633976,40.405999],[140.633564,40.405774],[140.633214,40.405349],[140.632689,40.404516],[140.632489,40.404132],[140.632464,40.403857],[140.633076,40.403316],[140.633514,40.402824],[140.633864,40.402508],[140.634176,40.402324],[140.634276,40.402324],[140.635139,40.402891],[140.635739,40.403224],[140.636564,40.403516],[140.637526,40.403699],[140.638438,40.403941],[140.639401,40.404374],[140.640051,40.404641],[140.641075,40.405158],[140.641463,40.404958],[140.64225,40.404366],[140.642838,40.404099],[140.643525,40.403716],[140.644813,40.40315],[140.6449,40.403125],[140.64575,40.403191],[140.646787,40.403391],[140.6477,40.403641],[140.648712,40.40405],[140.648887,40.404025],[140.649025,40.403933],[140.649512,40.403775],[140.6502,40.40375],[140.650912,40.403866],[140.651187,40.403866],[140.651737,40.403616],[140.652449,40.403483],[140.653224,40.40355],[140.654099,40.403858],[140.654487,40.404133],[140.654737,40.404583],[140.654849,40.404716],[140.655399,40.404783],[140.656199,40.404508],[140.657186,40.4046],[140.658911,40.404958],[140.659824,40.40525],[140.660261,40.405117],[140.660874,40.404642],[140.661199,40.404458],[140.661311,40.404483],[140.661611,40.404617],[140.662111,40.404983],[140.662486,40.405317],[140.662873,40.4059],[140.663036,40.406083],[140.663598,40.406558],[140.663811,40.406691],[140.664198,40.407025],[140.664386,40.407475],[140.66486,40.408291],[140.665298,40.408808],[140.665735,40.409233],[140.665898,40.40935],[140.666173,40.409666],[140.665985,40.410949],[140.665935,40.411533],[140.666073,40.411599],[140.666485,40.411558],[140.667423,40.411558],[140.668597,40.411641],[140.66986,40.411666],[140.670335,40.411774],[140.670547,40.411866],[140.67116,40.411824],[140.671985,40.411591],[140.672972,40.411416],[140.673247,40.41155],[140.673822,40.41195],[140.674484,40.412091],[140.675359,40.412108],[140.675422,40.4122],[140.675634,40.412425],[140.675747,40.412899],[140.675859,40.412916],[140.676109,40.412849],[140.676709,40.412533],[140.677097,40.41215],[140.677284,40.411766],[140.677234,40.411225],[140.676959,40.410533],[140.676597,40.408867],[140.67646,40.408033],[140.675997,40.407283],[140.67591,40.40695],[140.676072,40.406409],[140.676022,40.405775],[140.675585,40.404784],[140.675747,40.404134],[140.676047,40.403659],[140.67621,40.403251],[140.676047,40.402826],[140.675935,40.402376],[140.67596,40.401634],[140.67591,40.401292],[140.675523,40.400776],[140.67536,40.400326],[140.675385,40.399826],[140.67536,40.399443],[140.675385,40.399284],[140.67571,40.398926],[140.67596,40.39816],[140.675823,40.397126],[140.676398,40.39636],[140.67631,40.39541],[140.676348,40.39501],[140.676235,40.394377],[140.67626,40.393927],[140.676535,40.393427],[140.677198,40.392885],[140.677335,40.39246],[140.67741,40.391877],[140.67766,40.39151],[140.677848,40.391085],[140.677548,40.390835],[140.677223,40.389935],[140.677136,40.389419],[140.677161,40.389011],[140.677461,40.388311],[140.677636,40.387836],[140.677573,40.387611],[140.677361,40.387302],[140.677186,40.386894],[140.677273,40.386469],[140.677548,40.386103],[140.677873,40.386036],[140.678261,40.385694],[140.678486,40.385269],[140.678786,40.384978],[140.679661,40.384253],[140.680098,40.384078],[140.680623,40.383961],[140.681173,40.384003],[140.681536,40.383803],[140.681748,40.383353],[140.682048,40.383011],[140.682523,40.382628],[140.682686,40.382245],[140.682848,40.381437],[140.682848,40.380937],[140.682573,40.38002],[140.682686,40.378712],[140.682648,40.378262],[140.682786,40.377629],[140.682849,40.377129],[140.682811,40.376662],[140.682599,40.376162],[140.682399,40.375912],[140.682299,40.37567],[140.682599,40.375062],[140.682624,40.374612],[140.682599,40.374046],[140.682674,40.373687],[140.683086,40.372937],[140.683174,40.372854],[140.683636,40.372604],[140.684661,40.372379],[140.685311,40.372238],[140.686661,40.371654],[140.686849,40.371588],[140.687436,40.371471],[140.688398,40.371563],[140.689486,40.371563],[140.689898,40.371271],[140.690373,40.371113],[140.690973,40.370996],[140.692161,40.370363],[140.692398,40.370271],[140.692623,40.370255],[140.692736,40.370205],[140.693011,40.36933],[140.693448,40.368763],[140.693886,40.368472],[140.694848,40.36813],[140.695348,40.367905],[140.695586,40.367588],[140.695723,40.367188],[140.695973,40.366955],[140.696386,40.366305],[140.696611,40.36588],[140.696873,40.365605],[140.697286,40.364972],[140.697048,40.364364],[140.697623,40.363597],[140.697898,40.363014],[140.698136,40.362747],[140.699373,40.362131],[140.699848,40.362064],[140.700448,40.361731],[140.700973,40.361572],[140.701386,40.361206],[140.701736,40.360781],[140.701936,40.360623],[140.702698,40.360439],[140.702811,40.360373],[140.702886,40.359814],[140.702923,40.358998],[140.703086,40.358681],[140.703386,40.358573],[140.703748,40.358281],[140.703961,40.357915],[140.704211,40.357356],[140.704461,40.35699],[140.705823,40.355598],[140.706161,40.35519],[140.706348,40.354807],[140.706398,40.354423],[140.706348,40.354157],[140.706236,40.353998],[140.706123,40.353973],[140.705686,40.353998],[140.705298,40.354065],[140.704236,40.35449],[140.703961,40.354515],[140.703873,40.354107],[140.703823,40.35339],[140.703236,40.352823],[140.703098,40.352507],[140.703136,40.351949],[140.702886,40.351499],[140.702311,40.350982],[140.701924,40.350707],[140.701724,40.350465],[140.702524,40.349807],[140.703074,40.349607],[140.703849,40.349491],[140.704361,40.349224],[140.704774,40.348924],[140.705249,40.348816],[140.705848,40.348882],[140.706561,40.348991],[140.707611,40.349199],[140.708323,40.349374],[140.708948,40.349466],[140.709361,40.349216],[140.710111,40.348608],[140.710161,40.348199],[140.710111,40.347416],[140.710186,40.346716],[140.710436,40.346241],[140.710961,40.345858],[140.711336,40.345633],[140.711448,40.34525],[140.711336,40.344008],[140.711723,40.342858],[140.711611,40.341667],[140.711548,40.341175],[140.711686,40.340792],[140.712048,40.340359],[140.712511,40.340109],[140.713198,40.340025],[140.713473,40.340025],[140.714273,40.340109],[140.714848,40.340109],[140.715373,40.340042],[140.715511,40.339775],[140.715673,40.339167],[140.715886,40.338667],[140.715973,40.337859],[140.716136,40.337609],[140.716686,40.337342],[140.717236,40.337184],[140.717673,40.337184],[140.717786,40.337159],[140.718036,40.337001],[140.718111,40.336843],[140.718036,40.336459],[140.717586,40.336101],[140.717448,40.336059],[140.717348,40.335859],[140.717098,40.335559],[140.716748,40.335334],[140.716473,40.334876],[140.716348,40.334743],[140.715973,40.334584],[140.715674,40.334376],[140.715011,40.333943],[140.714911,40.333834],[140.714761,40.333535],[140.714786,40.333201],[140.714836,40.333068],[140.715111,40.332776],[140.715324,40.332501],[140.715524,40.332393],[140.715899,40.332301],[140.716874,40.331768],[140.717161,40.331685],[140.718336,40.331577],[140.718686,40.331577],[140.718936,40.331535],[140.720336,40.331527],[140.720786,40.331568],[140.721011,40.331527],[140.721073,40.331418],[140.721298,40.331218],[140.721723,40.331035],[140.721948,40.330993],[140.722248,40.33086],[140.722373,40.330702],[140.722411,40.33041],[140.722311,40.330119],[140.722161,40.32996],[140.721761,40.329752],[140.721436,40.32966],[140.720436,40.329519],[140.720311,40.329402],[140.720311,40.329227],[140.720236,40.329085],[140.720211,40.328544],[140.720299,40.328027],[140.720474,40.32751],[140.720549,40.327377],[140.720661,40.326944],[140.720611,40.326702],[140.720286,40.326427],[140.720061,40.326286],[140.720036,40.326152],[140.720174,40.325544],[140.720124,40.325119],[140.719974,40.324819],[140.719699,40.324527],[140.719349,40.324236],[140.718899,40.324294],[140.718774,40.324344],[140.717774,40.323794],[140.717574,40.323728],[140.717224,40.323653],[140.716474,40.323944],[140.716249,40.323919],[140.715949,40.323802],[140.715724,40.323619],[140.715474,40.323502],[140.715024,40.323502],[140.714899,40.323461],[140.714799,40.323344],[140.714724,40.323002],[140.714624,40.322828],[140.714399,40.322644],[140.714074,40.322553],[140.713899,40.322478],[140.713712,40.322303],[140.713312,40.321711],[140.713187,40.321644],[140.712562,40.321528],[140.712337,40.321453],[140.711887,40.321253],[140.711437,40.320886],[140.711237,40.320586],[140.711137,40.320294],[140.71115,40.319961],[140.711575,40.319353],[140.711862,40.318628],[140.711787,40.318178],[140.711837,40.317936],[140.711962,40.31782],[140.712225,40.317711],[140.7124,40.317528],[140.712925,40.316653],[140.713062,40.316545],[140.713312,40.316387],[140.713437,40.316295],[140.713612,40.315987],[140.713662,40.315937],[140.7134,40.315237],[140.7132,40.315037],[140.71295,40.314553],[140.712625,40.314103],[140.7121,40.313604],[140.712025,40.313579],[140.712212,40.313495],[140.712387,40.313404],[140.712437,40.313287],[140.713212,40.312779],[140.713287,40.312662],[140.713875,40.312154],[140.71395,40.312037],[140.7139,40.311879],[140.713725,40.311562],[140.713675,40.311204],[140.713762,40.310887],[140.714062,40.310396],[140.713962,40.310212],[140.71375,40.309712],[140.713675,40.309554],[140.71365,40.309287],[140.71355,40.308987],[140.713525,40.308812],[140.713575,40.308654],[140.71355,40.308537],[140.7136,40.308446],[140.713612,40.308363],[140.714337,40.308071],[140.714512,40.308029],[140.714637,40.307963],[140.715212,40.307763],[140.7161,40.307454],[140.7173,40.306871],[140.717662,40.306563],[140.717737,40.306446],[140.718137,40.306246],[140.718262,40.30623],[140.718687,40.306255],[140.718812,40.306205],[140.719037,40.306005],[140.719162,40.305963],[140.719312,40.306096],[140.719387,40.306413],[140.719487,40.30653],[140.719612,40.306571],[140.719687,40.30658],[140.719787,40.30653],[140.720012,40.30608],[140.720224,40.305838],[140.720249,40.305746],[140.720124,40.305588],[140.720099,40.305471],[140.720124,40.30538],[140.720499,40.305096],[140.720649,40.304955],[140.720737,40.304663],[140.720637,40.304505],[140.720062,40.30423],[140.719437,40.303913],[140.718837,40.303705],[140.718637,40.303613],[140.718562,40.303413],[140.718587,40.303347],[140.718812,40.303205],[140.718837,40.30323],[140.718962,40.303163],[140.718962,40.303122],[140.719062,40.303072],[140.719275,40.302805],[140.719375,40.302488],[140.71945,40.302105],[140.719562,40.30148],[140.719662,40.301205],[140.720312,40.300539],[140.720525,40.300247],[140.720625,40.299955],[140.72095,40.299439],[140.721187,40.298897],[140.721487,40.298514],[140.721712,40.298356],[140.721887,40.298114],[140.721925,40.297072],[140.721975,40.296672],[140.722187,40.296198],[140.722437,40.295856],[140.722762,40.295731],[140.723087,40.295681],[140.723437,40.295731],[140.723812,40.295714],[140.724649,40.295423],[140.724899,40.295198],[140.724899,40.294881],[140.724924,40.294864],[140.724812,40.293715],[140.724762,40.293556],[140.724737,40.293398],[140.724587,40.293031],[140.724399,40.292556],[140.724275,40.29229],[140.724475,40.291857],[140.724737,40.291432],[140.725287,40.290398],[140.725524,40.289657],[140.72555,40.289182],[140.725462,40.28889],[140.725337,40.28884],[140.724925,40.288932],[140.724875,40.288999],[140.72465,40.289024],[140.724325,40.288907],[140.7239,40.288632],[140.723587,40.28849],[140.723362,40.288424],[140.723037,40.288265],[140.722812,40.288107],[140.722362,40.287382],[140.722212,40.286907],[140.721975,40.286407],[140.72185,40.286024],[140.7215,40.285341],[140.721538,40.285007],[140.721488,40.284891],[140.721238,40.284624],[140.720988,40.284416],[140.720913,40.284324],[140.720838,40.283899],[140.72095,40.283199],[140.720875,40.282883],[140.720625,40.282316],[140.720213,40.281883],[140.719763,40.280933],[140.719588,40.280641],[140.71915,40.28005],[140.718925,40.279575],[140.71895,40.279575],[140.71895,40.279458],[140.719325,40.279175],[140.719588,40.279041],[140.719913,40.278925],[140.720263,40.27875],[140.720963,40.278441],[140.721238,40.278325],[140.721438,40.278192],[140.7216,40.278017],[140.72165,40.277808],[140.7217,40.277517],[140.721825,40.277317],[140.722125,40.277117],[140.722538,40.276942],[140.722638,40.276825],[140.722388,40.276467],[140.722363,40.276309],[140.722388,40.276059],[140.722363,40.2759],[140.722438,40.275609],[140.7224,40.275267],[140.722475,40.275042],[140.722675,40.274884],[140.722975,40.274775],[140.723325,40.274417],[140.723438,40.274259],[140.723788,40.274084],[140.723913,40.274059],[140.724088,40.273884],[140.724163,40.273659],[140.724163,40.273251],[140.724225,40.273092],[140.72445,40.272984],[140.72475,40.272876],[140.72475,40.272851],[140.725,40.272759],[140.7252,40.272609],[140.725563,40.272043],[140.725613,40.271843],[140.725813,40.271434],[140.725788,40.271418],[140.725588,40.270826],[140.72555,40.270401],[140.725425,40.270101],[140.7251,40.26976],[140.724675,40.26956],[140.7246,40.269468],[140.72465,40.26931],[140.724888,40.268501],[140.725063,40.267776],[140.7252,40.267552],[140.725325,40.267443],[140.72535,40.26726],[140.72465,40.26701],[140.72385,40.266577],[140.7232,40.266077],[140.722863,40.265777],[140.722513,40.265343],[140.722463,40.265168],[140.722401,40.263969],[140.722301,40.263652],[140.722238,40.26241],[140.721988,40.261894],[140.721788,40.261711],[140.721713,40.261527],[140.721613,40.261436],[140.721676,40.261194],[140.721851,40.261011],[140.721951,40.260786],[140.721876,40.260361],[140.721901,40.260227],[140.721876,40.260136],[140.722088,40.259478],[140.722213,40.259211],[140.722263,40.259169],[140.722288,40.259053],[140.723001,40.258519],[140.723676,40.257803],[140.723751,40.25767],[140.723938,40.257486],[140.724063,40.257328],[140.724138,40.257036],[140.724363,40.256811],[140.724538,40.256703],[140.725226,40.256436],[140.726051,40.256353],[140.726301,40.256286],[140.726351,40.256245],[140.726451,40.25622],[140.726626,40.256112],[140.726751,40.255837],[140.726788,40.255203],[140.72679,40.255163],[140.726813,40.255137],[140.726738,40.254978],[140.726563,40.254728],[140.726288,40.253962],[140.725801,40.253462],[140.725301,40.253079],[140.724651,40.252912],[140.723601,40.252737],[140.723513,40.252687],[140.723101,40.252595],[140.722839,40.252579],[140.722626,40.252604],[140.721864,40.252537],[140.721189,40.252337],[140.721101,40.252254],[140.721064,40.252112],[140.721176,40.251887],[140.721301,40.251779],[140.721501,40.251662],[140.721589,40.251662],[140.722176,40.251412],[140.722351,40.251229],[140.722489,40.250854],[140.722864,40.250554],[140.724013,40.249896],[140.724213,40.249562],[140.724588,40.249154],[140.725001,40.248929],[140.725751,40.248521],[140.725951,40.248229],[140.725863,40.247846],[140.725563,40.247421],[140.725651,40.246654],[140.725438,40.246205],[140.725426,40.245738],[140.72549,40.245491],[140.725488,40.245446],[140.725538,40.245238],[140.725563,40.24493],[140.725501,40.244613],[140.725201,40.24423],[140.725026,40.244096],[140.724726,40.243697],[140.724489,40.243005],[140.724601,40.242705],[140.724776,40.242505],[140.724914,40.242413],[140.725414,40.24183],[140.725764,40.241314],[140.725751,40.241064],[140.725376,40.24073],[140.725039,40.240464],[140.724926,40.240105],[140.724889,40.239855],[140.724676,40.23963],[140.724526,40.239405],[140.724501,40.239272],[140.724526,40.239205],[140.724914,40.238981],[140.725051,40.238931],[140.725339,40.238572],[140.725376,40.238347],[140.725314,40.237897],[140.725264,40.237181],[140.725351,40.236839],[140.725326,40.236797],[140.725439,40.236239],[140.725464,40.236031],[140.725276,40.235564],[140.725164,40.235339],[140.724864,40.234981],[140.724714,40.234756],[140.724676,40.234581],[140.724739,40.234398],[140.725139,40.233881],[140.725176,40.233765],[140.724964,40.233231],[140.724827,40.232106],[140.724764,40.231906],[140.724739,40.231548],[140.724664,40.230898],[140.724689,40.23069],[140.724752,40.230582],[140.725039,40.230398],[140.725214,40.230332],[140.725664,40.230282],[140.727214,40.230232],[140.727889,40.230207],[140.728014,40.230115],[140.727826,40.229574],[140.727764,40.229265],[140.727189,40.22819],[140.727039,40.227874],[140.726477,40.22729],[140.726414,40.227182],[140.725202,40.226291],[140.724339,40.225799],[140.723689,40.225532],[140.72284,40.225249],[140.721777,40.225007],[140.720627,40.224882],[140.720452,40.224899],[140.718727,40.224849],[140.717403,40.224849],[140.71684,40.224899],[140.716115,40.224974],[140.71459,40.225249],[140.71444,40.225299],[140.713528,40.225415],[140.712765,40.22549],[140.712203,40.225515],[140.711791,40.22549],[140.711503,40.225515],[140.711066,40.225474],[140.710941,40.225499],[140.710566,40.225432],[140.710378,40.225299],[140.710328,40.225182],[140.710328,40.225099],[140.710528,40.224849],[140.710553,40.224782],[140.710228,40.22429],[140.710253,40.224015],[140.710453,40.223749],[140.710416,40.22334],[140.710241,40.222716],[140.710316,40.222316],[140.710166,40.222041],[140.710253,40.221732],[140.710228,40.221507],[140.710391,40.221207],[140.710603,40.220849],[140.710653,40.220691],[140.710853,40.220599],[140.710916,40.220624],[140.711328,40.220599],[140.711503,40.220508],[140.711653,40.220191],[140.711853,40.220099],[140.712053,40.220058],[140.712291,40.220058],[140.712728,40.219966],[140.713291,40.219799],[140.713428,40.219733],[140.714291,40.219574],[140.714428,40.219574],[140.714403,40.219166],[140.714153,40.21845],[140.714091,40.218066],[140.713903,40.217375],[140.713878,40.217058],[140.714166,40.216675],[140.714541,40.216425],[140.714691,40.216267],[140.714941,40.215775],[140.715028,40.2155],[140.715091,40.215192],[140.715228,40.214892],[140.715378,40.214758],[140.715866,40.214558],[140.716141,40.214508],[140.716803,40.214258],[140.717453,40.213942],[140.717653,40.213867],[140.717978,40.213692],[140.718028,40.213467],[140.718028,40.213192],[140.717941,40.212725],[140.718016,40.212367],[140.718078,40.212225],[140.718278,40.212067],[140.718866,40.211909],[140.719216,40.211842],[140.719453,40.211842],[140.719541,40.211726],[140.719603,40.211701],[140.719716,40.211567],[140.719891,40.211142],[140.719941,40.210759],[140.720028,40.210509],[140.720016,40.210192],[140.719866,40.209792],[140.719866,40.209543],[140.720103,40.209368],[140.721416,40.208709],[140.722203,40.208384],[140.722903,40.207934],[140.72299,40.207576],[140.722865,40.207235],[140.722603,40.20686],[140.722266,40.206526],[140.722203,40.206318],[140.722291,40.206026],[140.722378,40.205893],[140.723491,40.205418],[140.723778,40.205252],[140.72399,40.205185],[140.724128,40.205027],[140.724415,40.204468],[140.724503,40.20406],[140.724565,40.20406],[140.724615,40.203927],[140.724828,40.203743],[140.724878,40.203743],[140.725203,40.203585],[140.725465,40.203335],[140.725515,40.203202],[140.725665,40.203044],[140.726065,40.202277],[140.726128,40.20221],[140.72629,40.201694],[140.726228,40.201244],[140.726428,40.200677],[140.726715,40.200319],[140.726865,40.199936],[140.72694,40.199486],[140.727178,40.199086],[140.72749,40.198811],[140.727615,40.198477],[140.727515,40.198186],[140.727691,40.197369],[140.728191,40.195953],[140.728541,40.195478],[140.728566,40.19537],[140.728828,40.194986],[140.729091,40.194378],[140.729141,40.194128],[140.729116,40.193995],[140.729166,40.193795],[140.729041,40.19312],[140.728891,40.192562],[140.729116,40.191862],[140.729141,40.191453],[140.729228,40.191078],[140.729278,40.19027],[140.729278,40.190153],[140.729216,40.190087],[140.728066,40.189978],[140.727603,40.189895],[140.727003,40.189695],[140.726741,40.189678],[140.726266,40.189478],[140.726004,40.189345],[140.725804,40.189295],[140.725566,40.18932],[140.725416,40.189437],[140.724979,40.189728],[140.724604,40.189778],[140.724341,40.189778],[140.724016,40.189828],[140.723454,40.189962],[140.722879,40.190212],[140.722379,40.190512],[140.722004,40.190845],[140.721966,40.190895],[140.721504,40.191211],[140.721304,40.191278],[140.720892,40.191261],[140.720417,40.191328],[140.720242,40.191395],[140.719842,40.191645],[140.719542,40.191695],[140.718779,40.191703],[140.718454,40.19177],[140.717929,40.192086],[140.717054,40.19247],[140.716742,40.192653],[140.716654,40.192769],[140.716679,40.193219],[140.716517,40.193511],[140.715929,40.194144],[140.715729,40.194303],[140.715579,40.194369],[140.714842,40.194486],[140.714142,40.194486],[140.713267,40.194386],[140.712405,40.194053],[140.711642,40.193653],[140.711167,40.193478],[140.710692,40.193344],[140.710642,40.193361],[140.710142,40.193303],[140.709843,40.193303],[140.708818,40.193419],[140.70823,40.193536],[140.707905,40.193627],[140.707618,40.193677],[140.707318,40.193769],[140.706793,40.193994],[140.706268,40.193977],[140.705943,40.193952],[140.70518,40.194002],[140.704918,40.194069],[140.704743,40.194227],[140.704305,40.194436],[140.70393,40.194461],[140.703543,40.194419],[140.703281,40.194444],[140.703218,40.194486],[140.703018,40.194535],[140.703018,40.194552],[140.702843,40.194602],[140.702343,40.194469],[140.702156,40.19436],[140.701606,40.194202],[140.701456,40.194227],[140.701131,40.194144],[140.700956,40.193669],[140.700968,40.193044],[140.700843,40.191786],[140.700831,40.191069],[140.700769,40.190411],[140.700881,40.190144],[140.700906,40.189944],[140.700869,40.189628],[140.700906,40.189603],[140.700806,40.189294],[140.700431,40.188869],[140.700194,40.188686],[140.699981,40.188469],[140.699894,40.188244],[140.699919,40.187861],[140.699881,40.187411],[140.699906,40.186853],[140.699806,40.186495],[140.699831,40.18602],[140.700006,40.185745],[140.700069,40.18552],[140.699881,40.185303],[140.699681,40.18512],[140.699257,40.184653],[140.699144,40.184362],[140.699282,40.184178],[140.699407,40.184087],[140.699432,40.183503],[140.699357,40.182628],[140.699257,40.18207],[140.699257,40.181445],[140.699344,40.181354],[140.699394,40.18117],[140.699544,40.181012],[140.699482,40.180679],[140.699394,40.180362],[140.699357,40.180045],[140.699232,40.179196],[140.698932,40.178529],[140.698932,40.178279],[140.699132,40.177712],[140.699582,40.176904],[140.699669,40.176229],[140.699894,40.175713],[140.700357,40.175104],[140.701057,40.174513],[140.701282,40.174221],[140.701282,40.17413],[140.701432,40.173746],[140.701432,40.17348],[140.701569,40.172938],[140.701707,40.17258],[140.702082,40.171947],[140.702932,40.171088],[140.703332,40.170438],[140.703419,40.170188],[140.703494,40.169789],[140.703669,40.169489],[140.703794,40.169297],[140.703844,40.169097],[140.703869,40.168597],[140.70382,40.167947],[140.704057,40.167522],[140.70417,40.166981],[140.704082,40.165831],[140.704007,40.165289],[140.703532,40.164456],[140.703482,40.164431],[140.70332,40.163956],[140.703232,40.163081],[140.703757,40.161973],[140.704032,40.160873],[140.705682,40.160506],[140.706257,40.160506],[140.706807,40.160573],[140.706882,40.160556],[140.707357,40.160865],[140.70782,40.161298],[140.708482,40.16154],[140.709144,40.161498],[140.709644,40.16134],[140.709969,40.161065],[140.710819,40.160098],[140.711594,40.15969],[140.711782,40.15949],[140.711732,40.159307],[140.711482,40.158857],[140.711482,40.158407],[140.711694,40.157757],[140.712169,40.15719],[140.712407,40.15674],[140.712494,40.156174],[140.712794,40.155724],[140.712932,40.155366],[140.712907,40.155074],[140.713069,40.154957],[140.715207,40.154691],[140.715732,40.155049],[140.716394,40.155141],[140.716644,40.155116],[140.717631,40.154907],[140.718269,40.154957],[140.718506,40.155041],[140.718919,40.155132],[140.719719,40.154591],[140.720081,40.154483],[140.720406,40.155066],[140.720819,40.155624],[140.721318,40.155924],[140.721918,40.156057],[140.722606,40.156299],[140.722806,40.156416],[140.723293,40.156591],[140.723468,40.156457],[140.723743,40.156099],[140.723906,40.156049],[140.724118,40.156049],[140.724781,40.156233],[140.724981,40.156166],[140.724893,40.155491],[140.725031,40.154883],[140.725356,40.154633],[140.725606,40.154274],[140.725606,40.154224],[140.726043,40.1538],[140.726731,40.153591],[140.727281,40.153166],[140.727693,40.1531],[140.728518,40.153458],[140.72888,40.15355],[140.729118,40.153233],[140.72978,40.153116],[140.731155,40.153316],[140.73193,40.153341],[140.732393,40.153141],[140.733005,40.153],[140.73388,40.153],[140.734655,40.153183],[140.735367,40.153425],[140.73603,40.153608],[140.736405,40.153675],[140.737017,40.1537],[140.737754,40.153608],[140.738254,40.153425],[140.738579,40.153158],[140.738967,40.15295],[140.739517,40.152842],[140.740392,40.152433],[140.741004,40.15225],[140.741604,40.152208],[140.742104,40.152117],[140.742479,40.151959],[140.743004,40.15155],[140.743467,40.151392],[140.744191,40.15135],[140.743829,40.150875],[140.743579,40.15065],[140.743304,40.150267],[140.743167,40.149776],[140.743254,40.149342],[140.743392,40.149026],[140.743304,40.148759],[140.743304,40.148334],[140.743604,40.147609],[140.743604,40.147159],[140.743079,40.146326],[140.742967,40.145809],[140.742804,40.145584],[140.742229,40.145309],[140.741642,40.145084],[140.74118,40.144859],[140.741092,40.144793],[140.74088,40.144484],[140.740605,40.143401],[140.740292,40.143018],[140.73988,40.14266],[140.739642,40.142501],[140.73903,40.141801],[140.738755,40.141235],[140.739217,40.140768],[140.73938,40.14036],[140.739417,40.140068],[140.739192,40.139777],[140.739055,40.139685],[140.738043,40.138893],[140.736905,40.13791],[140.736855,40.137685],[140.736993,40.13721],[140.737093,40.13651],[140.737043,40.13631],[140.73688,40.135161],[140.736605,40.134036],[140.736406,40.133019],[140.736293,40.132794],[140.736106,40.132636],[140.735693,40.132452],[140.735006,40.132211],[140.733493,40.131786],[140.733218,40.131761],[140.732281,40.131603],[140.730469,40.130903],[140.730219,40.130861],[140.729094,40.130836],[140.728619,40.130594],[140.728132,40.130094],[140.727719,40.129761],[140.727419,40.129694],[140.726782,40.129669],[140.725544,40.129828],[140.724694,40.129853],[140.723095,40.129561],[140.722882,40.129469],[140.72252,40.129044],[140.722432,40.128819],[140.72197,40.128303],[140.721532,40.127761],[140.72147,40.127336],[140.72172,40.126861],[140.722045,40.125503],[140.722457,40.124511],[140.722482,40.124312],[140.722408,40.123862],[140.722045,40.122695],[140.722095,40.122328],[140.72292,40.121404],[140.723058,40.121337],[140.723308,40.120845],[140.72342,40.12037],[140.72377,40.119562],[140.723933,40.119379],[140.72397,40.119104],[140.723933,40.119062],[140.723445,40.118879],[140.723145,40.118654],[140.722645,40.118137],[140.72187,40.117754],[140.721108,40.117579],[140.720721,40.117421],[140.720608,40.117196],[140.720746,40.116879],[140.720771,40.116454],[140.720558,40.115779],[140.720271,40.115187],[140.719996,40.114721],[140.719921,40.114088],[140.720221,40.113746],[140.720271,40.113654],[140.720108,40.113521],[140.719758,40.113454],[140.719258,40.113321],[140.718484,40.112646],[140.718021,40.112354],[140.717309,40.112063],[140.716809,40.111704],[140.716484,40.111296],[140.716172,40.109813],[140.716234,40.109446],[140.716472,40.108955],[140.716722,40.108321],[140.717222,40.107513],[140.717047,40.106813],[140.716834,40.10623],[140.716634,40.105863],[140.716122,40.105438],[140.715947,40.105055],[140.715509,40.104289],[140.715459,40.103905],[140.715509,40.103505],[140.715897,40.102872],[140.716059,40.102372],[140.716334,40.101222],[140.715972,40.100031],[140.71581,40.099172],[140.715672,40.097239],[140.715522,40.096631],[140.715472,40.096181],[140.715497,40.095864],[140.715722,40.095481],[140.71586,40.095365],[140.716547,40.095056],[140.716847,40.094715],[140.716922,40.094373],[140.71696,40.09399],[140.716847,40.093431],[140.716735,40.093115],[140.716647,40.09269],[140.716672,40.092257],[140.716872,40.091765],[140.71681,40.091515],[140.71656,40.091065],[140.71601,40.089982],[140.715323,40.08899],[140.715185,40.08809],[140.714748,40.08699],[140.71466,40.08629],[140.714748,40.08609],[140.71471,40.086074],[140.714848,40.085916],[140.715123,40.085532],[140.715148,40.085266],[140.715123,40.084882],[140.715148,40.084541],[140.715448,40.083957],[140.71581,40.082941],[140.716085,40.082383],[140.716873,40.081549],[140.717098,40.081233],[140.717348,40.080783],[140.717423,40.080466],[140.717373,40.080191],[140.716898,40.079675],[140.716873,40.079408],[140.716898,40.078366],[140.716985,40.07835],[140.716898,40.078166],[140.71676,40.078075],[140.715935,40.07785],[140.714923,40.077675],[140.714511,40.077316],[140.714561,40.076933],[140.714511,40.076142],[140.714311,40.075867],[140.713548,40.07565],[140.713186,40.075308],[140.712661,40.074925],[140.712173,40.074608],[140.711761,40.074225],[140.711473,40.07355],[140.711511,40.07335],[140.711398,40.072742],[140.711099,40.071792],[140.710924,40.071459],[140.710874,40.0711],[140.711561,40.070309],[140.711474,40.070217],[140.711199,40.069517],[140.711174,40.069292],[140.711249,40.068459],[140.711174,40.068076],[140.710424,40.067784],[140.710149,40.067226],[140.709961,40.066659],[140.709574,40.066142],[140.708612,40.065426],[140.708199,40.064992],[140.707487,40.064409],[140.706824,40.063934],[140.706462,40.063401],[140.706349,40.062901],[140.706274,40.062109],[140.706099,40.061643],[140.706075,40.060943],[140.7061,40.060201],[140.706025,40.059701],[140.705637,40.059343],[140.705087,40.05851],[140.704925,40.058376],[140.704587,40.058193],[140.704175,40.057876],[140.703825,40.057451],[140.703512,40.057226],[140.70255,40.056735],[140.702138,40.056435],[140.7017,40.055943],[140.7012,40.05556],[140.700763,40.055401],[140.700438,40.05516],[140.700375,40.054951],[140.699825,40.054185],[140.6995,40.053826],[140.699001,40.05351],[140.698538,40.053152],[140.698376,40.052902],[140.698338,40.052502],[140.698401,40.05191],[140.698651,40.051218],[140.698838,40.050993],[140.699026,40.050677],[140.699001,40.05031],[140.698863,40.050002],[140.698701,40.049793],[140.697788,40.049052],[140.697213,40.048444],[140.697126,40.048402],[140.696988,40.048269],[140.696888,40.047994],[140.696938,40.047794],[140.697263,40.047319],[140.697926,40.046552],[140.698088,40.04621],[140.698063,40.045402],[140.697926,40.044277],[140.697951,40.043694],[140.697926,40.043261],[140.697976,40.042852],[140.698226,40.042111],[140.698251,40.041503],[140.698464,40.040894],[140.698776,40.040578],[140.699126,40.040328],[140.699376,40.039944],[140.699238,40.039611],[140.698964,40.039319],[140.698964,40.038961],[140.699214,40.038711],[140.699376,40.03817],[140.699289,40.037245],[140.699351,40.036928],[140.699426,40.03677],[140.699814,40.036386],[140.700201,40.036095],[140.700576,40.035578],[140.700801,40.035037],[140.700913,40.034603],[140.700876,40.033887],[140.700414,40.033162],[140.700276,40.033012],[140.700139,40.032737],[140.700251,40.032262],[140.700576,40.03172],[140.701151,40.031254],[140.702113,40.030504],[140.702638,40.030237],[140.702826,40.030104],[140.703101,40.02972],[140.703326,40.029537],[140.703488,40.029471],[140.704476,40.028862],[140.704938,40.028654],[140.706476,40.028179],[140.7067,40.028046],[140.706863,40.027621],[140.706888,40.026538],[140.706838,40.026113],[140.706776,40.025954],[140.706701,40.025321],[140.707876,40.024979],[140.708563,40.024488],[140.709113,40.023946],[140.710075,40.023155],[140.7106,40.022971],[140.711063,40.02288],[140.71175,40.022588],[140.71225,40.022563],[140.712688,40.022588],[140.713125,40.022496],[140.713313,40.022321],[140.713288,40.022255],[140.713288,40.021346],[140.7134,40.020896],[140.714113,40.020038],[140.714275,40.019455],[140.715013,40.01858],[140.715488,40.018213],[140.715863,40.018055],[140.7165,40.017922],[140.71795,40.017472],[140.718538,40.01758],[140.719625,40.017672],[140.719763,40.01763],[140.720175,40.01733],[140.720787,40.01713],[140.7212,40.016814],[140.721412,40.016364],[140.721475,40.016164],[140.7218,40.01578],[140.7227,40.015172],[140.72315,40.014722],[140.723275,40.014289],[140.723337,40.013322],[140.723687,40.012489],[140.723912,40.012264],[140.724437,40.012014],[140.725112,40.011881],[140.725775,40.011722],[140.727175,40.011248],[140.727837,40.011156],[140.72965,40.010706],[140.730312,40.010589],[140.73075,40.010564],[140.731412,40.010473],[140.73155,40.010364],[140.731875,40.009939],[140.732637,40.009415],[140.7325,40.008965],[140.731987,40.008065],[140.732012,40.007798],[140.731975,40.007748],[140.732087,40.007348],[140.731837,40.006756],[140.731762,40.006673],[140.7316,40.006356],[140.731512,40.005948],[140.731537,40.005498],[140.731512,40.00444],[140.731237,40.003857],[140.7312,40.002998],[140.731263,40.002765],[140.7313,40.002757],[140.731625,40.001965],[140.731875,40.001765],[140.732337,40.00129],[140.732475,40.000882],[140.732263,40.00039],[140.731813,39.999915],[140.73165,39.999824],[140.731238,39.99974],[140.730713,39.999557],[140.729838,39.999132],[140.728538,39.998207],[140.727088,39.997424],[140.725601,39.997741],[140.724988,39.997982],[140.724388,39.997516],[140.723014,39.996524],[140.721851,39.996549],[140.720976,39.997024],[140.720351,39.997474],[140.719139,39.997765],[140.717601,39.997749],[140.715402,39.997249],[140.714514,39.997115],[140.714052,39.996582],[140.713777,39.995657],[140.714515,39.994549],[140.715277,39.993782],[140.715552,39.993041],[140.71559,39.992858],[140.715477,39.992158],[140.715302,39.991466],[140.714615,39.9898],[140.714452,39.989641],[140.713653,39.989208],[140.71244,39.988808],[140.711128,39.988291],[140.710441,39.987658],[140.709753,39.987342],[140.707379,39.986692],[140.706229,39.98595],[140.705904,39.985817],[140.704829,39.985817],[140.703254,39.985658],[140.70238,39.985167],[140.70133,39.984992],[140.700043,39.984384],[140.698555,39.9831],[140.697893,39.982359],[140.697206,39.981434],[140.696819,39.980692],[140.696356,39.979609],[140.696594,39.978576],[140.696656,39.977693],[140.696356,39.976859],[140.696244,39.976768],[140.695169,39.97621],[140.694119,39.97551],[140.694069,39.97506],[140.693907,39.974743],[140.693982,39.97436],[140.693845,39.97391],[140.693982,39.973527],[140.694032,39.973485],[140.695169,39.97321],[140.695682,39.97301],[140.695794,39.972352],[140.695719,39.971727],[140.695469,39.971343],[140.693982,39.970235],[140.693408,39.969877],[140.692608,39.969044],[140.69162,39.967652],[140.691395,39.967427],[140.690821,39.967244],[140.690021,39.967219],[140.689058,39.967085],[140.688284,39.967152],[140.686971,39.967044],[140.686034,39.966844],[140.685809,39.966685],[140.685347,39.966036],[140.684709,39.965536],[140.684134,39.965494],[140.683747,39.965561],[140.682872,39.965877],[140.681747,39.965785],[140.680484,39.965319],[140.679547,39.965202],[140.678834,39.965269],[140.677759,39.96491],[140.676272,39.965227],[140.676135,39.96541],[140.67451,39.965319],[140.67421,39.964935],[140.674547,39.964377],[140.674597,39.964194],[140.672947,39.963294],[140.67306,39.962802],[140.674347,39.961919],[140.674322,39.961494],[140.67336,39.960927],[140.67306,39.960611],[140.673135,39.960478],[140.673709,39.960136],[140.674597,39.959869],[140.675472,39.959528],[140.676209,39.959419],[140.676847,39.959369],[140.677422,39.959103],[140.678034,39.958495],[140.678134,39.958445],[140.677947,39.95842],[140.677897,39.958445],[140.677147,39.958445],[140.676484,39.958353],[140.676347,39.958286],[140.675697,39.957661],[140.674922,39.95777],[140.674372,39.957686],[140.674259,39.957595],[140.673797,39.956628],[140.673434,39.956378],[140.673409,39.955861],[140.673184,39.955428],[140.673047,39.955361],[140.672559,39.955336],[140.671597,39.955411],[140.66981,39.955478],[140.667997,39.955411],[140.667497,39.955228],[140.667497,39.954803],[140.667797,39.953995],[140.667722,39.95372],[140.667585,39.953628],[140.666835,39.953412],[140.66626,39.953028],[140.665735,39.952753],[140.664997,39.95262],[140.664635,39.95237],[140.664472,39.951878],[140.664422,39.951087],[140.664035,39.950437],[140.66406,39.949737],[140.663697,39.949104],[140.662935,39.94872],[140.662085,39.948495],[140.661722,39.94787],[140.661285,39.947279],[140.661198,39.946604],[140.660735,39.945996],[140.660673,39.945612],[140.660373,39.945212],[140.659448,39.944329],[140.659498,39.944129],[140.659335,39.943454],[140.658998,39.942846],[140.659548,39.941379],[140.65911,39.940771],[140.658423,39.940455],[140.65806,39.939846],[140.657098,39.939488],[140.656498,39.939038],[140.656335,39.938455],[140.654323,39.937871],[140.653698,39.937372],[140.653198,39.937305],[140.652186,39.937238],[140.651361,39.936747],[140.651311,39.936455],[140.650949,39.93593],[140.649986,39.93578],[140.649299,39.935372],[140.648862,39.93463],[140.647837,39.934063],[140.646937,39.933322],[140.646162,39.93303],[140.64355,39.932405],[140.6427,39.932697],[140.642325,39.932922],[140.642187,39.932897],[140.640725,39.932155],[140.6399,39.931955],[140.639738,39.931972],[140.638688,39.932588],[140.637813,39.933897],[140.637238,39.933755],[140.636463,39.93383],[140.635676,39.933513],[140.634988,39.932947],[140.634263,39.931955],[140.633938,39.931014],[140.634076,39.930222],[140.634263,39.929497],[140.634051,39.928647],[140.633714,39.928131],[140.632839,39.928014],[140.631901,39.927947],[140.630339,39.927589],[140.629852,39.927522],[140.629714,39.927231],[140.629739,39.926956],[140.630014,39.926172],[140.629852,39.925856],[140.629602,39.925606],[140.629077,39.924364],[140.628989,39.923581],[140.629077,39.923239],[140.629814,39.923373],[140.630802,39.923348],[140.631527,39.923148],[140.631439,39.922831],[140.631552,39.922181],[140.631664,39.921973],[140.631527,39.921481],[140.631327,39.921165],[140.631352,39.921006],[140.631577,39.920665],[140.632152,39.920581],[140.632889,39.920581],[140.633089,39.92044],[140.632864,39.919498],[140.632789,39.91944],[140.632839,39.919198],[140.632989,39.918973],[140.633502,39.918998],[140.634514,39.91909],[140.634864,39.919048],[140.635564,39.918831],[140.635764,39.91854],[140.635827,39.91799],[140.635614,39.917373],[140.635114,39.916748],[140.634764,39.916382],[140.634189,39.915998],[140.633927,39.91564],[140.633277,39.915298],[140.633202,39.915157],[140.634027,39.91449],[140.634489,39.914174],[140.634802,39.91404],[140.634977,39.913582],[140.635227,39.913249],[140.635439,39.913074],[140.635477,39.91289],[140.635414,39.912799],[140.634952,39.912657],[140.63429,39.912557],[140.634252,39.912382],[140.63444,39.911957],[140.63459,39.911474],[140.634852,39.910916],[140.63479,39.910607],[140.634302,39.910299],[140.633752,39.910199],[140.633402,39.910007],[140.633265,39.909566],[140.63329,39.909224],[140.63334,39.909182],[140.633552,39.909116],[140.634202,39.909216],[140.63529,39.909007],[140.63574,39.908499],[140.635715,39.908082],[140.635652,39.907966],[140.63519,39.907699],[140.634752,39.907574],[140.634527,39.907441],[140.634652,39.907383],[140.635377,39.907224],[140.635902,39.907074],[140.636015,39.906908],[140.635977,39.906699],[140.635465,39.906433],[140.63504,39.906358],[140.634902,39.906224],[140.63494,39.906141],[140.635415,39.905949],[140.63584,39.905849],[140.63599,39.905758],[140.635877,39.905566],[140.635765,39.905491],[140.63459,39.905024],[140.633953,39.904966],[140.633315,39.904833],[140.633028,39.904608],[140.63274,39.9043],[140.632565,39.904233],[140.632203,39.904],[140.632215,39.903758],[140.632328,39.903708],[140.632553,39.903675],[140.632965,39.903691],[140.633353,39.903558],[140.633578,39.903208],[140.633615,39.902983],[140.633428,39.902025],[140.633765,39.901733],[140.633778,39.90125],[140.633678,39.900892],[140.633603,39.900767],[140.633678,39.900458],[140.633928,39.900133],[140.633665,39.899625],[140.633178,39.8991],[140.632803,39.89885],[140.632215,39.898692],[140.630466,39.897958],[140.629591,39.897675],[140.629528,39.897642],[140.629528,39.897525],[140.629803,39.897209],[140.630203,39.896975],[140.630516,39.896884],[140.630678,39.89675],[140.630653,39.896667],[140.630066,39.896284],[140.629666,39.896075],[140.629678,39.896025],[140.630203,39.895634],[140.630203,39.895442],[140.630166,39.895384],[140.629616,39.895117],[140.628954,39.894934],[140.627829,39.894725],[140.627416,39.894592],[140.627241,39.894309],[140.627116,39.893767],[140.627204,39.893442],[140.628016,39.893251],[140.628316,39.893059],[140.628304,39.892892],[140.628066,39.892626],[140.627629,39.892342],[140.627091,39.891867],[140.626854,39.891551],[140.626317,39.890526],[140.626029,39.890234],[140.625467,39.890018],[140.625242,39.890059],[140.624679,39.890384],[140.624142,39.890517],[140.623804,39.890509],[140.623492,39.890592],[140.623217,39.890626],[140.622929,39.890584],[140.622317,39.890226],[140.621642,39.889942],[140.62154,39.889863],[140.621105,39.889667],[140.620005,39.889276],[140.61948,39.888926],[140.619167,39.888651],[140.619092,39.888393],[140.619205,39.888134],[140.619143,39.887626],[140.618705,39.886884],[140.61828,39.886676],[140.617793,39.886501],[140.617705,39.886434],[140.61758,39.886234],[140.61783,39.886018],[140.618655,39.885685],[140.61788,39.885426],[140.61743,39.885051],[140.616855,39.88466],[140.616455,39.884576],[140.616268,39.884643],[140.616043,39.884818],[140.615718,39.884876],[140.615056,39.884751],[140.613481,39.884301],[140.613206,39.884135],[140.613018,39.883535],[140.613368,39.882385],[140.612594,39.882235],[140.612006,39.882177],[140.611869,39.882127],[140.611784,39.8822],[140.611693,39.882401],[140.611578,39.882641],[140.611419,39.882885],[140.611181,39.883476],[140.610619,39.883985],[140.610106,39.884326],[140.609531,39.884551],[140.608894,39.884868],[140.608106,39.885384],[140.607644,39.885743],[140.607044,39.885534],[140.606894,39.885543],[140.606269,39.885809],[140.604732,39.886326],[140.604032,39.886409],[140.603344,39.886259],[140.602919,39.886201],[140.602119,39.886284],[140.600945,39.886301],[140.599495,39.886192],[140.59712,39.885359],[140.596408,39.884984],[140.595958,39.884601],[140.595308,39.884509],[140.59437,39.884618],[140.59412,39.884701],[140.593633,39.885226],[140.593108,39.886001],[140.59262,39.886517],[140.592221,39.886642],[140.591358,39.886767],[140.591246,39.886826],[140.591071,39.887151],[140.590583,39.888909],[140.590071,39.889017],[140.589321,39.889009],[140.588771,39.889067],[140.588671,39.889175],[140.587908,39.8895],[140.587333,39.88955],[140.586771,39.889775],[140.586221,39.890183],[140.585658,39.8905],[140.585408,39.890967],[140.584783,39.891317],[140.584283,39.891675],[140.583846,39.892291],[140.583746,39.892716],[140.583496,39.8933],[140.582796,39.894266],[140.582733,39.894516],[140.582558,39.894658],[140.581196,39.894641],[140.580196,39.894533],[140.579184,39.894708],[140.578784,39.895016],[140.578146,39.894833],[140.577384,39.894832],[140.576509,39.894924],[140.576197,39.894857],[140.575409,39.894591],[140.574547,39.894357],[140.573034,39.894432],[140.571972,39.894432],[140.571035,39.894274],[140.570385,39.894091],[140.570122,39.894049],[140.569647,39.893824],[140.568435,39.892349],[140.568085,39.891524],[140.566873,39.890741],[140.565835,39.890233],[140.565035,39.890091],[140.563773,39.889649],[140.562585,39.889408],[140.562223,39.889308],[140.561511,39.889016],[140.561261,39.888949],[140.560923,39.888541],[140.560611,39.887691],[140.560298,39.887341],[140.559673,39.886933],[140.559198,39.886466],[140.558924,39.886258],[140.558386,39.885924],[140.558124,39.885633],[140.558111,39.885191],[140.557874,39.884708],[140.557474,39.884241],[140.556986,39.884058],[140.556136,39.884025],[140.555461,39.883866],[140.554849,39.88395],[140.554224,39.884233],[140.553486,39.8841],[140.553049,39.883783],[140.552299,39.883525],[140.551687,39.883166],[140.551062,39.882608],[140.550537,39.8822],[140.549962,39.882133],[140.549237,39.882216],[140.548924,39.882191],[140.548224,39.881808],[140.547837,39.881208],[140.547474,39.881],[140.546662,39.88115],[140.546399,39.881133],[140.545587,39.8816],[140.545537,39.8817],[140.545074,39.882116],[140.544724,39.882191],[140.544162,39.882408],[140.543974,39.882949],[140.543974,39.883041],[140.543712,39.883366],[140.542962,39.883066],[140.5421,39.883099],[140.540162,39.883416],[140.539837,39.883116],[140.538725,39.881874],[140.5381,39.881216],[140.537925,39.880941],[140.53765,39.879641],[140.53765,39.878883],[140.537563,39.878266],[140.537725,39.877475],[140.537463,39.8765],[140.5373,39.87635],[140.53685,39.875767],[140.536513,39.875383],[140.53575,39.874892],[140.535438,39.874625],[140.5355,39.874333],[140.535988,39.873767],[140.535975,39.872867],[140.5358,39.872075],[140.535513,39.871417],[140.534813,39.871275],[140.534338,39.87095],[140.533701,39.869976],[140.533038,39.869284],[140.532801,39.868892],[140.532801,39.868426],[140.533301,39.867926],[140.534451,39.867659],[140.534813,39.867418],[140.534963,39.866834],[140.535126,39.866418],[140.535726,39.866101],[140.536438,39.865834],[140.537613,39.863601],[140.537626,39.86351],[140.537451,39.863118],[140.536688,39.862685],[140.536326,39.862318],[140.536851,39.861352],[140.536813,39.861185],[140.536626,39.86096],[140.536238,39.860843],[140.535938,39.860627],[140.535776,39.860593],[140.535213,39.860635],[140.534751,39.860377],[140.534139,39.860143],[140.533376,39.859427],[140.532826,39.859235],[140.531839,39.859402],[140.531426,39.859227],[140.531289,39.858793],[140.531589,39.858102],[140.532076,39.856885],[140.531951,39.856794],[140.530526,39.856652],[140.530076,39.856569],[140.529139,39.85646],[140.528577,39.856144],[140.528477,39.855977],[140.528389,39.855185],[140.528402,39.854669],[140.528664,39.854052],[140.529027,39.853669],[140.529839,39.853311],[140.529839,39.853236],[140.529727,39.853052],[140.528964,39.852577],[140.528564,39.852369],[140.527964,39.851886],[140.527914,39.851136],[140.527802,39.850486],[140.527089,39.849919],[140.525877,39.849377],[140.525202,39.848819],[140.524215,39.848086],[140.523702,39.847778],[140.522465,39.847536],[140.521802,39.847302],[140.520728,39.847344],[140.520278,39.847477],[140.519503,39.847319],[140.519165,39.847211],[140.518453,39.847177],[140.517703,39.847436],[140.516853,39.847602],[140.515915,39.847202],[140.515065,39.846994],[140.513803,39.846161],[140.512991,39.845052],[140.512491,39.844577],[140.512116,39.844111],[140.511041,39.842377],[140.509941,39.841094],[140.509604,39.840128],[140.509766,39.839544],[140.510104,39.839153],[140.510329,39.838644],[140.510466,39.838469],[140.511479,39.837911],[140.511516,39.837461],[140.511404,39.836828],[140.511316,39.836645],[140.511229,39.836228],[140.511117,39.836095],[140.511092,39.835961],[140.510967,39.83572],[140.510279,39.834986],[140.510092,39.834703],[140.510067,39.834512],[140.510267,39.834262],[140.511167,39.833787],[140.511392,39.83342],[140.511467,39.83307],[140.511467,39.83272],[140.511754,39.83212],[140.512279,39.831579],[140.513279,39.830912],[140.513617,39.830604],[140.513742,39.83037],[140.513717,39.829479],[140.514067,39.828687],[140.514042,39.828371],[140.513642,39.827679],[140.513679,39.827512],[140.514904,39.826621],[140.515167,39.826163],[140.515179,39.825429],[140.515254,39.824654],[140.515192,39.824029],[140.514979,39.823671],[140.514729,39.823038],[140.514742,39.822446],[140.515054,39.821113],[140.515254,39.82043],[140.515467,39.82008],[140.515629,39.819996],[140.516604,39.819821],[140.517042,39.819605],[140.517129,39.819255],[140.517104,39.819072],[140.517167,39.81808],[140.517042,39.81768],[140.517042,39.81688],[140.516979,39.816488],[140.516492,39.816014],[140.516004,39.815464],[140.515879,39.815047],[140.51568,39.813764],[140.515105,39.813172],[140.514867,39.813055],[140.514167,39.812814],[140.514167,39.81248],[140.514267,39.811597],[140.51388,39.811047],[140.513417,39.810547],[140.51283,39.810214],[140.511692,39.810072],[140.509355,39.809947],[140.508793,39.809956],[140.508368,39.809897],[140.507343,39.808739],[140.506855,39.808297],[140.506343,39.808081],[140.505768,39.807997],[140.505393,39.807989],[140.505156,39.807831],[140.504818,39.807447],[140.503706,39.806756],[140.503181,39.806656],[140.502668,39.806672],[140.501331,39.807047],[140.501106,39.807081],[140.500981,39.807072],[140.500418,39.806897],[140.499519,39.806414],[140.498681,39.806014],[140.498406,39.805972],[140.496619,39.806142],[140.496555,39.806134],[140.495944,39.805964],[140.495631,39.805764],[140.495281,39.805631],[140.494944,39.805406],[140.494256,39.804839],[140.493794,39.804706],[140.493244,39.804689],[140.492082,39.804556],[140.491894,39.804481],[140.491594,39.804439],[140.491457,39.804506],[140.490582,39.805139],[140.489894,39.805297],[140.488732,39.805322],[140.488182,39.805164],[140.487082,39.804622],[140.48662,39.804447],[140.48637,39.804172],[140.486345,39.803906],[140.486857,39.803297],[140.486832,39.803047],[140.48617,39.802123],[140.486032,39.802056],[140.48502,39.801739],[140.484882,39.801673],[140.48427,39.800889],[140.483695,39.800548],[140.483508,39.800214],[140.483283,39.799398],[140.483058,39.799089],[140.482483,39.798748],[140.482458,39.798006],[140.482208,39.797806],[140.481908,39.797439],[140.481708,39.797131],[140.481295,39.796881],[140.48067,39.796681],[140.480308,39.796615],[140.480008,39.796406],[140.479571,39.796181],[140.478958,39.796115],[140.477946,39.795823],[140.476708,39.795956],[140.476458,39.795964],[140.475883,39.795806],[140.475308,39.795689],[140.474871,39.795873],[140.474621,39.796123],[140.474534,39.796414],[140.474683,39.796973],[140.474733,39.797514],[140.474596,39.798306],[140.474246,39.798756],[140.473771,39.799097],[140.473221,39.799231],[140.472671,39.800247],[140.472296,39.800739],[140.472021,39.800872],[140.471634,39.801014],[140.471571,39.80108],[140.471721,39.801597],[140.471909,39.802047],[140.471859,39.80243],[140.471746,39.802655],[140.471546,39.80293],[140.471421,39.803447],[140.471221,39.803847],[140.471084,39.804438],[140.471109,39.804888],[140.470946,39.805313],[140.470509,39.80588],[140.470371,39.805972],[140.469766,39.806488],[140.469221,39.80698],[140.468421,39.807746],[140.468234,39.807838],[140.467571,39.80793],[140.467684,39.808538],[140.467571,39.809463],[140.467596,39.809646],[140.467459,39.810096],[140.467021,39.810588],[140.466746,39.810746],[140.465246,39.812421],[140.463784,39.813204],[140.463509,39.813429],[140.462796,39.813887],[140.462196,39.814354],[140.461397,39.814737],[140.460922,39.815012],[140.460522,39.816412],[140.459972,39.817645],[140.459447,39.818712],[140.459097,39.819628],[140.458922,39.820645],[140.459009,39.821028],[140.459696,39.822178],[140.459946,39.822853],[140.459834,39.823236],[140.458909,39.823844],[140.458322,39.824003],[140.457859,39.823936],[140.456672,39.823461],[140.456072,39.823511],[140.455247,39.823778],[140.454009,39.824011],[140.452197,39.824502],[140.451122,39.824036],[140.450272,39.824011],[140.449385,39.823811],[140.44851,39.823019],[140.448398,39.822953],[140.447573,39.822911],[140.446473,39.822777],[140.445923,39.822461],[140.445123,39.822211],[140.443973,39.822169],[140.443536,39.822236],[140.441223,39.821969],[140.440173,39.821969],[140.439161,39.821769],[140.438199,39.821519],[140.437011,39.821344],[140.435661,39.821077],[140.434699,39.820719],[140.434349,39.820536],[140.433774,39.820061],[140.432912,39.819702],[140.432062,39.819569],[140.431575,39.819686],[140.431262,39.820019],[140.43135,39.820536],[140.431437,39.820719],[140.431874,39.821394],[140.431899,39.821777],[140.431787,39.821885],[140.431274,39.822277],[140.431024,39.822969],[140.430824,39.823785],[140.430412,39.824277],[140.430274,39.824393],[140.429875,39.824593],[140.429187,39.824527],[140.4285,39.824893],[140.427675,39.82521],[140.4264,39.825027],[140.4258,39.825118],[140.425613,39.825118],[140.424613,39.824985],[140.423788,39.825235],[140.422688,39.825501],[140.4217,39.825843],[140.420963,39.826135],[140.420488,39.826451],[140.419801,39.826676],[140.418838,39.826901],[140.418538,39.827018],[140.418263,39.827268],[140.417776,39.827784],[140.417113,39.828009],[140.416788,39.828459],[140.416726,39.828617],[140.416101,39.828459],[140.415414,39.828392],[140.414476,39.828392],[140.414201,39.828442],[140.413176,39.828217],[140.412251,39.828242],[140.411289,39.828176],[140.411014,39.828059],[140.410289,39.827951],[140.409552,39.82815],[140.408839,39.82845],[140.408477,39.82845],[140.407577,39.828609],[140.406277,39.8287],[140.40589,39.8287],[140.40444,39.828884],[140.403915,39.829242],[140.403315,39.829875],[140.402377,39.830817],[140.402215,39.831317],[140.401627,39.832108],[140.401602,39.832283],[140.401627,39.832825],[140.401715,39.833166],[140.401715,39.833658],[140.40164,39.833841],[140.401277,39.834316],[140.400865,39.834674],[140.400727,39.834741],[140.40034,39.834608],[140.399678,39.834449],[140.398915,39.834499],[140.39834,39.834366],[140.398228,39.834291],[140.395278,39.833533],[140.394703,39.833349],[140.394316,39.833266],[140.394103,39.833308],[140.393603,39.833758],[140.393141,39.834099],[140.392453,39.834391],[140.392066,39.834483],[140.391266,39.834774],[140.390553,39.834957],[140.389778,39.834866],[140.389566,39.834799],[140.388878,39.834707],[140.388378,39.834691],[140.387853,39.834757],[140.386403,39.834891],[140.386178,39.834941],[140.385766,39.834941],[140.385441,39.834874],[140.384804,39.834582],[140.384166,39.834557],[140.383654,39.834691],[140.382879,39.834807],[140.382241,39.834807],[140.381729,39.834741],[140.381116,39.834491],[140.380354,39.834107],[140.379829,39.833957],[140.379554,39.833907],[140.379054,39.833932],[140.378367,39.834157],[140.377929,39.834582],[140.377492,39.83474],[140.376942,39.83499],[140.375454,39.835649],[140.374992,39.835765],[140.373942,39.83594],[140.372479,39.83599],[140.372067,39.835807],[140.372067,39.835765],[140.371854,39.835449],[140.371558,39.835232],[140.371529,39.835065],[140.371417,39.83489],[140.371005,39.834415],[140.37088,39.83419],[140.370692,39.833632],[140.370692,39.833432],[140.370367,39.83314],[140.369955,39.832874],[140.369305,39.832557],[140.368105,39.832166],[140.367492,39.831991],[140.367042,39.831807],[140.36658,39.831566],[140.366168,39.831141],[140.366018,39.830899],[140.364355,39.829107],[140.363993,39.828433],[140.363555,39.828033],[140.362756,39.827633],[140.362256,39.827458],[140.360243,39.827466],[140.359393,39.827383],[140.358693,39.827183],[140.357981,39.827033],[140.356431,39.826591],[140.355844,39.826308],[140.355369,39.825633],[140.354269,39.824874],[140.353856,39.824541],[140.353206,39.823799],[140.352494,39.822541],[140.352244,39.822025],[140.351719,39.821383],[140.349744,39.820225],[140.349057,39.81975],[140.348245,39.819333],[140.347795,39.819],[140.347645,39.818792],[140.347407,39.818325],[140.34722,39.817783],[140.346932,39.817408],[140.346695,39.817025],[140.34662,39.816483],[140.346732,39.816008],[140.34702,39.815625],[140.347795,39.814942],[140.347945,39.814542],[140.347945,39.814384],[140.348057,39.814109],[140.34852,39.813634],[140.348595,39.813184],[140.34847,39.812617],[140.348782,39.811992],[140.34907,39.811692],[140.349132,39.811442],[140.348595,39.810642],[140.348345,39.810059],[140.34797,39.809717],[140.347258,39.809318],[140.345695,39.808584],[140.34517,39.808276],[140.344308,39.807559],[140.343808,39.807251],[140.343396,39.806868],[140.343071,39.806468],[140.342783,39.806284],[140.342221,39.806109],[140.341696,39.805868],[140.341221,39.805509],[140.340808,39.805043],[140.340683,39.804635],[140.340446,39.80441],[140.339596,39.804218],[140.339034,39.804043],[140.338459,39.80391],[140.337459,39.803918],[140.336696,39.803984],[140.336059,39.803926],[140.335384,39.803526],[140.334884,39.803326],[140.334409,39.803009],[140.333347,39.802143],[140.332934,39.801876],[140.332284,39.80161],[140.331284,39.801118],[140.329385,39.800393],[140.328735,39.800218],[140.327797,39.80011],[140.327047,39.800226],[140.32681,39.80021],[140.326047,39.80001],[140.325435,39.799718],[140.323223,39.798201],[140.32251,39.797826],[140.321773,39.797227],[140.321335,39.796643],[140.32121,39.796552],[140.320385,39.796243],[140.319773,39.79611],[140.317873,39.795968],[140.316886,39.795977],[140.316361,39.796043],[140.315861,39.796252],[140.315223,39.796593],[140.314148,39.796851],[140.313823,39.796851],[140.312924,39.796926],[140.312749,39.796993],[140.312336,39.797085],[140.311849,39.797135],[140.311524,39.797135],[140.311049,39.797068],[140.310786,39.796985],[140.310789,39.797095],[140.310786,39.797185],[140.310924,39.798218],[140.311136,39.798693],[140.311873,39.799859],[140.311936,39.800034],[140.312298,39.800418],[140.312623,39.800684],[140.312736,39.801026],[140.312836,39.801476],[140.313073,39.802059],[140.313161,39.802392],[140.313136,39.802709],[140.313411,39.803292],[140.313798,39.803626],[140.314136,39.804709],[140.314136,39.804884],[140.314498,39.806034],[140.31456,39.806459],[140.314573,39.806934],[140.314723,39.807467],[140.31466,39.807584],[140.313973,39.808242],[140.31366,39.808667],[140.313348,39.809283],[140.31331,39.809483],[140.313035,39.810675],[140.31316,39.810991],[140.313423,39.81135],[140.313735,39.812141],[140.313698,39.812208],[140.313798,39.812816],[140.313685,39.813175],[140.313485,39.813424],[140.31276,39.813766],[140.31221,39.814083],[140.311835,39.814558],[140.31166,39.814941],[140.311373,39.815374],[140.31051,39.815916],[140.308711,39.816966],[140.308623,39.816991],[140.308536,39.817374],[140.308573,39.81809],[140.308873,39.81854],[140.31006,39.81964],[140.310323,39.819974],[140.31041,39.820307],[140.30996,39.82139],[140.309535,39.822007],[140.308923,39.822665],[140.308585,39.82309],[140.30856,39.823381],[140.308648,39.823698],[140.308885,39.82424],[140.30936,39.824931],[140.30946,39.825156],[140.30926,39.825673],[140.308885,39.826148],[140.308473,39.826514],[140.307873,39.826814],[140.307523,39.827106],[140.307498,39.827356],[140.307585,39.827739],[140.307448,39.828323],[140.306935,39.829206],[140.30676,39.829631],[140.306685,39.829747],[140.306385,39.829947],[140.305698,39.830247],[140.304235,39.830664],[140.30316,39.831056],[140.302285,39.831197],[140.301298,39.831431],[140.30071,39.831747],[140.299898,39.832339],[140.299323,39.832564],[140.298648,39.832705],[140.298536,39.832797],[140.298011,39.832939],[140.297423,39.832964],[140.296961,39.832922],[140.296523,39.832814],[140.296761,39.832989],[140.297111,39.833164],[140.297673,39.833589],[140.297698,39.833722],[140.297936,39.833972],[140.298523,39.83433],[140.298885,39.83493],[140.29916,39.835672],[140.29921,39.835738],[140.299335,39.83603],[140.299498,39.836105],[140.299773,39.836538],[140.299985,39.83673],[140.30096,39.837297],[140.301385,39.837497],[140.30181,39.837913],[140.301935,39.838213],[140.302023,39.838538],[140.302273,39.839021],[140.30261,39.839946],[140.302785,39.84023],[140.30286,39.840421],[140.303872,39.841938],[140.30396,39.842238],[140.304147,39.842638],[140.304247,39.842738],[140.30466,39.842946],[140.304797,39.843063],[140.304697,39.843338],[140.304422,39.843621],[140.30431,39.843846],[140.304385,39.844113],[140.304635,39.844321],[140.305135,39.844513],[140.305484,39.844746],[140.305584,39.845013],[140.305672,39.845562],[140.306372,39.846804],[140.306572,39.847262],[140.306347,39.848046],[140.306259,39.848479],[140.305984,39.848837],[140.305522,39.849854],[140.305059,39.851237],[140.304772,39.851737],[140.304759,39.852112],[140.304784,39.852262],[140.304959,39.852603],[140.305197,39.852903],[140.305672,39.853403],[140.305759,39.853653],[140.305534,39.854178],[140.304997,39.854903],[140.304734,39.855186],[140.304584,39.855436],[140.304634,39.855761],[140.305034,39.85672],[140.305121,39.85717],[140.305146,39.85772],[140.305034,39.858428],[140.304884,39.858919],[140.304871,39.859303],[140.304909,39.859636],[140.305096,39.860319],[140.305046,39.860503],[140.303209,39.861752],[140.302746,39.862019],[140.302334,39.862211],[140.301884,39.862319],[140.301209,39.862527],[140.300697,39.862777],[140.300234,39.863086],[140.299709,39.863569],[140.299359,39.863802],[140.299034,39.864152],[140.298497,39.864969],[140.298434,39.86551],[140.298259,39.865927],[140.298284,39.866285],[140.298547,39.866602],[140.298747,39.866952],[140.298809,39.867135],[140.299097,39.867418],[140.299309,39.867718],[140.299559,39.868668],[140.299846,39.86931],[140.299746,39.869793],[140.299884,39.870118],[140.300171,39.870668],[140.300334,39.871776],[140.300271,39.872235],[140.300271,39.87271],[140.300484,39.87291],[140.301059,39.873301],[140.301134,39.873801],[140.301159,39.874368],[140.301234,39.874759],[140.301171,39.875101],[140.301271,39.875568],[140.301434,39.875976],[140.301658,39.876251],[140.302196,39.876518],[140.302371,39.876968],[140.302371,39.877284],[140.302221,39.877559],[140.302171,39.877934],[140.302708,39.878759],[140.303071,39.879209],[140.303771,39.879517],[140.303871,39.879542],[140.303846,39.879609],[140.302883,39.880259],[140.302508,39.880642],[140.302333,39.880934],[140.301996,39.8812],[140.301971,39.881267],[140.301596,39.8816],[140.301183,39.881792],[140.300283,39.882017],[140.299833,39.882059],[140.299471,39.882034],[140.299221,39.882159],[140.298896,39.882642],[140.298659,39.883175],[140.298434,39.883558],[140.298271,39.883975],[140.298021,39.884408],[140.297971,39.884775],[140.297984,39.8854],[140.297921,39.885725],[140.297671,39.885941],[140.297409,39.88605],[140.297334,39.886241],[140.297421,39.886566],[140.297396,39.887266],[140.297346,39.88745],[140.296984,39.887883],[140.296784,39.888291],[140.296796,39.888774],[140.296921,39.889449],[140.297508,39.889758],[140.297558,39.890124],[140.297471,39.890883],[140.297183,39.891599],[140.297246,39.891982],[140.297158,39.892282],[140.297021,39.892507],[140.297121,39.892932],[140.297496,39.893907],[140.297408,39.894432],[140.297008,39.894732],[140.296796,39.895565],[140.296546,39.895765],[140.296896,39.896157],[140.297146,39.89654],[140.297358,39.897124],[140.297358,39.897899],[140.297321,39.89789],[140.297346,39.897999],[140.297583,39.898365],[140.29787,39.89904],[140.298133,39.89914],[140.29852,39.899398],[140.298645,39.899723],[140.298833,39.899973],[140.299583,39.900507],[140.30007,39.901115],[140.299808,39.901382],[140.298233,39.902573],[140.298008,39.902648],[140.29707,39.902665],[140.296733,39.902923],[140.296308,39.90344],[140.29602,39.903856],[140.29577,39.904314],[140.295758,39.904814],[140.296083,39.905914],[140.295508,39.906814],[140.295208,39.907164],[140.295045,39.907239],[140.294783,39.907589],[140.294595,39.908681],[140.294395,39.909197],[140.29367,39.910189],[140.292858,39.911897],[140.292908,39.912214],[140.293145,39.912563],[140.293533,39.912947],[140.293758,39.913263],[140.293845,39.913647],[140.293808,39.914138],[140.29397,39.914405],[140.294158,39.91458],[140.294395,39.915047],[140.294583,39.915238],[140.29452,39.915538],[140.294695,39.915888],[140.294883,39.916046],[140.295182,39.91738],[140.295132,39.917721],[140.295295,39.918071],[140.295607,39.91838],[140.295695,39.91858],[140.295545,39.919054],[140.295532,39.919321],[140.295645,39.919429],[140.29567,39.919504],[140.295745,39.919696],[140.29572,39.919779],[140.294495,39.920946],[140.294107,39.921238],[140.29382,39.921496],[140.293545,39.922237],[140.29322,39.922704],[140.292957,39.922854],[140.292895,39.922946],[140.292945,39.923204],[140.293245,39.923596],[140.293282,39.923887],[140.293132,39.924212],[140.29277,39.924679],[140.292782,39.924754],[140.292707,39.925095],[140.292582,39.925395],[140.292532,39.925745],[140.29257,39.926254],[140.292682,39.92677],[140.292857,39.927162],[140.292757,39.927312],[140.291845,39.927895],[140.29142,39.927962],[140.29117,39.927937],[140.290857,39.92772],[140.290595,39.927437],[140.29032,39.92727],[140.289533,39.927128],[140.28882,39.927062],[140.28847,39.92697],[140.28827,39.926703],[140.28792,39.926387],[140.286808,39.926237],[140.286483,39.926153],[140.286283,39.926178],[140.28607,39.926312],[140.285658,39.926737],[140.28572,39.926953],[140.285945,39.927345],[140.285895,39.928103],[140.28602,39.928361],[140.286033,39.928728],[140.28587,39.928936],[140.285195,39.929086],[140.28447,39.929145],[140.283708,39.929328],[140.283233,39.929511],[140.283083,39.929495],[140.282633,39.929211],[140.281746,39.928853],[140.281496,39.928853],[140.281071,39.928936],[140.280796,39.928861],[140.280158,39.928578],[140.279083,39.928436],[140.278646,39.928178],[140.278571,39.928061],[140.278158,39.927953],[140.277621,39.927961],[140.277384,39.927911],[140.277009,39.927911],[140.276571,39.927953],[140.276334,39.927911],[140.275734,39.927895],[140.275446,39.927961],[140.275121,39.928178],[140.274796,39.92847],[140.274609,39.928786],[140.275021,39.929953],[140.274809,39.930853],[140.274434,39.931619],[140.274234,39.931961],[140.273334,39.932461],[140.272559,39.933052],[140.271671,39.934152],[140.271471,39.934311],[140.270984,39.934319],[140.270821,39.934285],[140.270359,39.93426],[140.269946,39.934352],[140.269609,39.934569],[140.269171,39.934969],[140.268459,39.935902],[140.267809,39.936419],[140.267346,39.936643],[140.266646,39.936785],[140.266396,39.936943],[140.265871,39.937635],[140.265771,39.937952],[140.266046,39.938702],[140.266259,39.938993],[140.266546,39.939735],[140.266809,39.940118],[140.266759,39.940751],[140.266821,39.941193],[140.266921,39.941535],[140.266859,39.941751],[140.265709,39.943001],[140.265309,39.943493],[140.264946,39.943859],[140.263696,39.944792],[140.263184,39.945109],[140.263084,39.945267],[140.262496,39.946592],[140.262309,39.947209],[140.261909,39.948042],[140.261709,39.948584],[140.261634,39.9491],[140.261396,39.949575],[140.260984,39.949983],[140.260734,39.950125],[140.259921,39.950442],[140.259084,39.9512],[140.258021,39.952316],[140.257471,39.952758],[140.257359,39.952816],[140.256884,39.952875],[140.256296,39.953025],[140.255521,39.953583],[140.254946,39.953791],[140.254422,39.953916],[140.253372,39.954041],[140.252984,39.954208],[140.252422,39.954541],[140.251572,39.954766],[140.251434,39.954924],[140.250897,39.956566],[140.250647,39.956999],[140.250297,39.957507],[140.249972,39.95784],[140.249772,39.95819],[140.249834,39.958374],[140.249759,39.958432],[140.249234,39.958515],[140.248259,39.958724],[140.248134,39.958782],[140.247859,39.958999],[140.247559,39.959898],[140.247547,39.960348],[140.247709,39.960648],[140.248234,39.961365],[140.248409,39.961623],[140.248772,39.961807],[140.248909,39.962073],[140.248609,39.962615],[140.248572,39.96284],[140.249147,39.963456],[140.249121,39.964373],[140.249146,39.964956],[140.249259,39.965264],[140.249796,39.965973],[140.250096,39.966156],[140.250234,39.966189],[140.250659,39.966389],[140.250871,39.966548],[140.251096,39.967073],[140.251221,39.967506],[140.251459,39.967948],[140.251696,39.968223],[140.252021,39.968431],[140.252233,39.968647],[140.252371,39.969122],[140.252533,39.969931],[140.252533,39.970847],[140.252396,39.971872],[140.252408,39.972222],[140.252546,39.972705],[140.252821,39.97303],[140.252858,39.973272],[140.252846,39.973422],[140.252633,39.973705],[140.252258,39.973813],[140.251946,39.974097],[140.251758,39.974922],[140.251746,39.97528],[140.251808,39.975605],[140.251571,39.975922],[140.251458,39.976188],[140.251408,39.976513],[140.251446,39.976846],[140.251358,39.977313],[140.251395,39.977696],[140.25122,39.978821],[140.250783,39.979529],[140.25087,39.979929],[140.250795,39.980063],[140.250408,39.980521],[140.25022,39.981054],[140.250195,39.981388],[140.250245,39.981737],[140.250495,39.982162],[140.25077,39.982471],[140.25087,39.982662],[140.250808,39.982829],[140.250433,39.983304],[140.250345,39.983621],[140.250195,39.983762],[140.249733,39.983996],[140.24867,39.984312],[140.247645,39.984487],[140.247008,39.984495],[140.246795,39.984537],[140.24657,39.984812],[140.246569,39.984883],[140.246508,39.984929],[140.246045,39.98502],[140.245795,39.98502],[140.245458,39.985137],[140.245095,39.985187],[140.244796,39.985162],[140.244021,39.985262],[140.243658,39.985354],[140.243296,39.985537],[140.242721,39.985987],[140.241996,39.987095],[140.241846,39.987278],[140.241596,39.987478],[140.241233,39.987753],[140.240808,39.987887],[140.240346,39.987912],[140.240071,39.987987],[140.239158,39.988528],[140.238796,39.98862],[140.238183,39.988486],[140.238033,39.988486],[140.237846,39.988628],[140.237596,39.98867],[140.237296,39.988653],[140.237108,39.988678],[140.236808,39.988811],[140.236621,39.988995],[140.236508,39.989286],[140.236483,39.989578],[140.236571,39.990078],[140.236421,39.990236],[140.236296,39.990236],[140.235571,39.990394],[140.235208,39.990553],[140.235171,39.990644],[140.235296,39.991119],[140.235208,39.991161],[140.234571,39.991211],[140.234446,39.991278],[140.234321,39.991486],[140.234321,39.991686],[140.234508,39.991978],[140.234733,39.992136],[140.235746,39.992486],[140.235783,39.992736],[140.235633,39.992961],[140.235196,39.993236],[140.234896,39.993527],[140.234658,39.993686],[140.234233,39.993894],[140.234083,39.994186],[140.234171,39.994436],[140.234296,39.994611],[140.234458,39.994727],[140.234458,39.994886],[140.234158,39.995311],[140.234121,39.995561],[140.234158,39.99576],[140.234283,39.995969],[140.234496,39.996102],[140.234496,39.996277],[140.234258,39.99651],[140.234421,39.996977],[140.234358,39.997319],[140.234608,39.99801],[140.234983,39.998527],[140.235758,39.999243],[140.23582,39.999452],[140.235983,39.99976],[140.236408,40.000035],[140.23657,40.000235],[140.23667,40.000752],[140.236608,40.000935],[140.236583,40.00111],[140.236645,40.001335],[140.236708,40.001852],[140.23662,40.00271],[140.23677,40.003793],[140.236532,40.00451],[140.23672,40.005184],[140.23642,40.005684],[140.236332,40.006626],[140.235982,40.006993],[140.23557,40.007326],[140.23532,40.007576],[140.235379,40.007817],[140.235545,40.008276],[140.23577,40.008926],[140.23687,40.009442],[140.237357,40.010101],[140.237332,40.010501],[140.236782,40.011067],[140.236232,40.011517],[140.23607,40.011792],[140.236569,40.011925],[140.238182,40.01215],[140.238269,40.012217],[140.238432,40.012917],[140.238819,40.013542],[140.239369,40.0139],[140.240657,40.014284],[140.241132,40.014375],[140.241981,40.0146],[140.242556,40.015009],[140.243656,40.016358],[140.243969,40.0169],[140.243856,40.01735],[140.243419,40.017892],[140.243356,40.018858],[140.243144,40.019716],[140.242894,40.020483],[140.242206,40.020658],[140.241694,40.020908],[140.241556,40.021474],[140.241556,40.021741],[140.241494,40.021766],[140.241494,40.021808],[140.241581,40.021858],[140.241768,40.022599],[140.242218,40.023183],[140.242381,40.023341],[140.242431,40.023816],[140.242543,40.024174],[140.243506,40.024824],[140.243806,40.025324],[140.244531,40.025974],[140.244743,40.026607],[140.244881,40.027282],[140.245218,40.027707],[140.245243,40.028449],[140.244868,40.029465],[140.244368,40.030007],[140.24288,40.030957],[140.242643,40.030998],[140.242068,40.030998],[140.241518,40.031407],[140.240906,40.031632],[140.240193,40.031657],[140.240006,40.031973],[140.240443,40.03269],[140.240418,40.033115],[140.240443,40.033365],[140.24088,40.03409],[140.241018,40.034715],[140.24088,40.035231],[140.240968,40.036364],[140.241468,40.036498],[140.241718,40.037581],[140.241718,40.038256],[140.241393,40.038864],[140.241468,40.039448],[140.241693,40.039922],[140.241668,40.040056],[140.241443,40.040481],[140.241392,40.040981],[140.241055,40.041431],[140.240867,40.041972],[140.240317,40.042489],[140.23993,40.042764],[140.238893,40.04323],[140.237743,40.043597],[140.237168,40.044047],[140.23678,40.044614],[140.236143,40.045197],[140.236205,40.045872],[140.236617,40.046997],[140.23673,40.047447],[140.236842,40.047655],[140.23813,40.048596],[140.238767,40.048663],[140.23928,40.048771],[140.23973,40.049088],[140.240667,40.050038],[140.241042,40.050505],[140.242154,40.051546],[140.242479,40.052171],[140.242292,40.052829],[140.241879,40.053371],[140.241267,40.053688],[140.240642,40.054363],[140.239492,40.055171],[140.239492,40.055687],[140.239817,40.056387],[140.240092,40.056679],[140.241142,40.057021],[140.241492,40.057287],[140.241829,40.057671],[140.241917,40.057896],[140.241554,40.058096],[140.241142,40.058395],[140.240379,40.060262],[140.240516,40.060687],[140.241041,40.061295],[140.242279,40.062378],[140.242491,40.06242],[140.243454,40.062245],[140.244116,40.062937],[140.244454,40.063028],[140.244866,40.063078],[140.245141,40.06337],[140.245554,40.063478],[140.246204,40.063345],[140.246453,40.063253],[140.246565,40.063091],[140.246766,40.063095],[140.247316,40.063229],[140.247641,40.063212],[140.248203,40.062987],[140.248428,40.063029],[140.248641,40.063212],[140.248791,40.063437],[140.248903,40.063454],[140.249316,40.063412],[140.249378,40.06337],[140.250016,40.06337],[140.250366,40.063479],[140.250516,40.06377],[140.250078,40.064128],[140.250016,40.064378],[140.250078,40.064512],[140.249991,40.064853],[140.249641,40.065145],[140.249091,40.065528],[140.249266,40.065662],[140.249666,40.065778],[140.249816,40.065862],[140.250078,40.066178],[140.250178,40.06652],[140.250141,40.066695],[140.249878,40.067037],[140.250053,40.067436],[140.250291,40.067778],[140.25029,40.067978],[140.250028,40.068428],[140.250003,40.068745],[140.25029,40.068811],[140.251265,40.068945],[140.251528,40.068945],[140.252053,40.068811],[140.25214,40.068811],[140.252353,40.068995],[140.252615,40.069395],[140.253028,40.06967],[140.253753,40.069978],[140.253928,40.070295],[140.254053,40.070611],[140.254115,40.07097],[140.254203,40.071195],[140.253665,40.07122],[140.252878,40.071328],[140.252615,40.071553],[140.25244,40.071778],[140.252178,40.071986],[140.251178,40.072186],[140.25104,40.072436],[140.251065,40.072861],[140.251003,40.073669],[140.251153,40.074211],[140.25139,40.074436],[140.251865,40.074777],[140.251953,40.074952],[140.251865,40.075452],[140.251928,40.075836],[140.25254,40.076844],[140.252477,40.077202],[140.252277,40.077944],[140.25204,40.078444],[140.251727,40.078777],[140.251727,40.079027],[140.252015,40.079435],[140.253102,40.080193],[140.254252,40.080485],[140.254627,40.080643],[140.254715,40.08071],[140.25489,40.081235],[140.254865,40.081527],[140.254602,40.081885],[140.25399,40.082401],[140.253665,40.082743],[140.253702,40.082985],[140.253815,40.083301],[140.254015,40.08346],[140.25414,40.083501],[140.254252,40.08366],[140.254252,40.083868],[140.254402,40.08411],[140.254464,40.084135],[140.255252,40.084384],[140.255464,40.084493],[140.255552,40.084626],[140.255639,40.084993],[140.255602,40.085418],[140.255464,40.085734],[140.255052,40.085909],[140.254827,40.086076],[140.254789,40.086126],[140.254614,40.086218],[140.254214,40.086309],[140.252777,40.086334],[140.251977,40.086476],[140.251077,40.086592],[140.250577,40.086751],[140.250015,40.086842],[140.24979,40.087317],[140.249377,40.087609],[140.249202,40.087926],[140.24939,40.088401],[140.249065,40.088625],[140.24869,40.088784],[140.248565,40.088809],[140.247915,40.088609],[140.247602,40.088609],[140.247277,40.088675],[140.246802,40.088884],[140.246665,40.089134],[140.246665,40.089492],[140.24679,40.0899],[140.247052,40.090167],[140.247527,40.0905],[140.247415,40.090975],[140.24774,40.09185],[140.247902,40.0927],[140.248077,40.092792],[140.248927,40.092742],[140.249452,40.092675],[140.24954,40.0927],[140.249489,40.0931],[140.249489,40.093508],[140.249614,40.093842],[140.249677,40.094341],[140.250027,40.094475],[140.250877,40.094175],[140.251377,40.094241],[140.251527,40.0944],[140.251639,40.094733],[140.252202,40.095091],[140.252239,40.095291],[140.252214,40.095741],[140.252277,40.096216],[140.252427,40.096508],[140.252539,40.096616],[140.253226,40.097025],[140.253164,40.097158],[140.252664,40.097541],[140.252352,40.097899],[140.252027,40.098199],[140.251564,40.098491],[140.250564,40.098899],[140.250214,40.099241],[140.249789,40.100207],[140.249639,40.100366],[140.249002,40.100891],[140.248889,40.101066],[140.248714,40.101607],[140.248689,40.102082],[140.248464,40.102624],[140.247702,40.103282],[140.247352,40.103482],[140.246964,40.103557],[140.246939,40.103624],[140.247239,40.104182],[140.247339,40.105782],[140.247289,40.10589],[140.246939,40.106232],[140.246827,40.106415],[140.246502,40.106523],[140.246064,40.106815],[140.245102,40.107815],[140.244502,40.10939],[140.244189,40.109814],[140.243402,40.110406],[140.243039,40.110806],[140.242877,40.111189],[140.242852,40.111731],[140.243177,40.112723],[140.243564,40.113331],[140.243877,40.113689],[140.244177,40.113872],[140.245164,40.114206],[140.245276,40.114272],[140.245439,40.114456],[140.245526,40.114747],[140.245464,40.115197],[140.245551,40.115422],[140.245664,40.115581],[140.245664,40.115764],[140.245739,40.115964],[140.246264,40.116414],[140.246539,40.116547],[140.247026,40.116647],[140.247801,40.11723],[140.247926,40.117639],[140.247951,40.11813],[140.247926,40.118764],[140.247664,40.118964],[140.247264,40.119147],[140.246701,40.119664],[140.246951,40.120097],[140.247451,40.12043],[140.247776,40.120722],[140.247863,40.121172],[140.247901,40.121663],[140.247813,40.122538],[140.247563,40.122922],[140.247301,40.123422],[140.247038,40.124121],[140.247076,40.124596],[140.247351,40.12538],[140.247263,40.125713],[140.247176,40.125763],[140.247001,40.126055],[140.246913,40.126396],[140.247238,40.126705],[140.247713,40.127021],[140.247863,40.127246],[140.2479,40.127629],[140.24855,40.128954],[140.2487,40.129088],[140.249113,40.129313],[140.249675,40.129396],[140.249875,40.129488],[140.250025,40.129754],[140.250188,40.131038],[140.250163,40.131579],[140.249163,40.131696],[140.249175,40.132096],[140.24905,40.132504],[140.248738,40.132821],[140.2483,40.134062],[140.248075,40.134421],[140.247788,40.134646],[140.24775,40.134854],[140.248187,40.136604],[140.248162,40.136962],[140.24805,40.137529],[140.248075,40.13802],[140.248437,40.138362],[140.248825,40.13887],[140.249275,40.139953],[140.24945,40.14092],[140.249675,40.142536],[140.250562,40.142736],[140.252324,40.142978],[140.252712,40.143087],[140.252862,40.143445],[140.253012,40.144028],[140.253424,40.14497],[140.253724,40.14547],[140.254253,40.146211],[140.254262,40.146278],[140.254299,40.147036],[140.254362,40.147578],[140.254724,40.148703],[140.254761,40.149511],[140.254974,40.150544],[140.255011,40.151136],[140.255074,40.151377],[140.255899,40.151736],[140.256549,40.152161],[140.256761,40.152611],[140.256649,40.153261],[140.256774,40.153736],[140.257011,40.154136],[140.257049,40.154544],[140.257024,40.154994],[140.257061,40.156002],[140.257149,40.156477],[140.257123,40.156927],[140.257161,40.157019],[140.257398,40.15731],[140.257423,40.157444],[140.257373,40.157785],[140.257423,40.158094],[140.258173,40.158585],[140.258111,40.158727],[140.257198,40.159002],[140.256648,40.159227],[140.256211,40.159518],[140.255923,40.159902],[140.255424,40.159977],[140.255186,40.160068],[140.254686,40.16036],[140.254311,40.161151],[140.254199,40.161535],[140.254261,40.162385],[140.254149,40.16266],[140.253836,40.162993],[140.253574,40.163493],[140.253424,40.163968],[140.253399,40.164418],[140.254036,40.165559],[140.254186,40.165743],[140.254298,40.166076],[140.254073,40.166301],[140.253773,40.166509],[140.253573,40.166826],[140.253461,40.167209],[140.253348,40.167434],[140.252823,40.168667],[140.253061,40.169234],[140.253073,40.1694],[140.253311,40.169642],[140.253486,40.169984],[140.253511,40.170834],[140.253573,40.170992],[140.253836,40.1714],[140.254036,40.171775],[140.254073,40.172067],[140.253986,40.17265],[140.253836,40.172992],[140.253948,40.17355],[140.253961,40.174425],[140.253661,40.175258],[140.253686,40.17605],[140.253661,40.176808],[140.253986,40.178699],[140.254248,40.179307],[140.254461,40.179532],[140.254873,40.179891],[140.254898,40.180182],[140.25481,40.180341],[140.254336,40.180924],[140.254223,40.181374],[140.254335,40.181957],[140.254985,40.182965],[140.25596,40.183099],[140.25681,40.183282],[140.257485,40.18364],[140.259335,40.18409],[140.260072,40.18449],[140.260872,40.184782],[140.262747,40.184965],[140.262835,40.18494],[140.263072,40.184607],[140.263635,40.184249],[140.26416,40.183682],[140.265159,40.183482],[140.265959,40.183615],[140.266959,40.184357],[140.267659,40.184807],[140.268896,40.18609],[140.269134,40.186182],[140.269721,40.186248],[140.270521,40.187057],[140.271109,40.186898],[140.271109,40.187348],[140.271159,40.187457],[140.271784,40.187573],[140.271659,40.18789],[140.271021,40.188673],[140.270934,40.188698],[140.270896,40.188765],[140.270934,40.189073],[140.271571,40.190406],[140.271896,40.191798],[140.272221,40.192381],[140.272433,40.192989],[140.272546,40.193506],[140.272433,40.194064],[140.272433,40.194489],[140.272758,40.195281],[140.273221,40.195997],[140.273721,40.196539],[140.274495,40.196897],[140.274808,40.196922],[140.275258,40.196314],[140.275808,40.195956],[140.276583,40.195797],[140.279495,40.195506],[140.280195,40.195481],[140.28137,40.195348],[140.28252,40.195281],[140.283757,40.195298],[140.285082,40.195439],[140.285894,40.195639],[140.286782,40.195998],[140.287519,40.196423],[140.289019,40.197864],[140.290081,40.198422],[140.290731,40.198489],[140.291231,40.198181],[140.291631,40.197972],[140.292219,40.197889],[140.294168,40.198156],[140.294868,40.198064],[140.295343,40.198156],[140.295993,40.198564],[140.296318,40.198989],[140.296581,40.199414],[140.297081,40.199614],[140.297993,40.200156],[140.298455,40.200606],[140.298555,40.200714],[140.298643,40.200781],[140.29923,40.201056],[140.29943,40.201389],[140.299843,40.203189],[140.299843,40.203822],[140.299405,40.205213],[140.299143,40.20528],[140.29788,40.204938],[140.297205,40.20483],[140.296018,40.204763],[140.295668,40.20478],[140.294843,40.20503],[140.293968,40.205372],[140.293231,40.205771],[140.291668,40.206488],[140.290943,40.207096],[140.289356,40.208621],[140.287906,40.209837],[140.286469,40.210396],[140.286144,40.210487],[140.285356,40.210646],[140.284469,40.210762],[140.283294,40.210804],[140.280769,40.210687],[140.279994,40.210537],[140.279169,40.210445],[140.278794,40.210604],[140.278669,40.210754],[140.278119,40.210979],[140.277445,40.210979],[140.275857,40.21062],[140.27447,40.210579],[140.27432,40.210604],[140.273795,40.210779],[140.273582,40.210895],[140.273232,40.211229],[140.273032,40.21152],[140.27312,40.21177],[140.273445,40.212087],[140.27432,40.212895],[140.275382,40.213478],[140.277494,40.214087],[140.277907,40.214462],[140.278382,40.214778],[140.278732,40.214937],[140.278819,40.21527],[140.279182,40.215636],[140.279419,40.216011],[140.279769,40.216828],[140.280206,40.217203],[140.280181,40.217386],[140.279644,40.218303],[140.279619,40.218486],[140.279794,40.219361],[140.280656,40.219544],[140.280794,40.219611],[140.281006,40.220286],[140.281331,40.220777],[140.281531,40.220936],[140.281794,40.221269],[140.281981,40.222236],[140.281918,40.222936],[140.282206,40.223477],[140.282806,40.22426],[140.282856,40.224594],[140.282568,40.224844],[140.282181,40.225094],[140.282068,40.225202],[140.281893,40.225494],[140.281656,40.22626],[140.281268,40.226685],[140.280806,40.226977],[140.280131,40.227518],[140.280218,40.228326],[140.280006,40.228593],[140.279093,40.229401],[140.278456,40.229768],[140.277918,40.230193],[140.277156,40.230526],[140.276656,40.231109],[140.276181,40.231318],[140.275956,40.232284],[140.275781,40.232642],[140.274806,40.233742],[140.274306,40.234775],[140.273506,40.236075],[140.273631,40.236709],[140.273981,40.236975],[140.274693,40.237358],[140.275393,40.238008],[140.275631,40.2385],[140.276455,40.239942],[140.276605,40.240391],[140.276605,40.24055],[140.276305,40.240866],[140.275755,40.241175],[140.27578,40.2414],[140.276043,40.241808],[140.27648,40.242483],[140.276668,40.242566],[140.27698,40.242658],[140.277305,40.243066],[140.277393,40.243466],[140.277455,40.243583],[140.277868,40.243899],[140.278043,40.243966],[140.278668,40.244391],[140.279405,40.245066],[140.279867,40.245266],[140.280367,40.245674],[140.280517,40.245833],[140.281192,40.246391],[140.282055,40.247016],[140.282342,40.247533],[140.282517,40.248232],[140.282605,40.248774],[140.282792,40.249107],[140.282992,40.249291],[140.283554,40.249582],[140.283967,40.249849],[140.284167,40.250124],[140.284579,40.250932],[140.284992,40.251382],[140.285879,40.25214],[140.286329,40.252724],[140.286354,40.252774],[140.286854,40.253174],[140.287541,40.253607],[140.287954,40.253715],[140.288391,40.253607],[140.289091,40.253107],[140.289366,40.252815],[140.289504,40.252724],[140.289966,40.252324],[140.290441,40.252099],[140.291029,40.252032],[140.291816,40.252191],[140.292316,40.252057],[140.293029,40.251899],[140.293528,40.251991],[140.294028,40.252124],[140.294503,40.252216],[140.295028,40.252257],[140.295228,40.252299],[140.295953,40.252724],[140.296453,40.252974],[140.296803,40.252957],[140.297341,40.252866],[140.297603,40.252974],[140.297753,40.252974],[140.298253,40.252891],[140.298753,40.252866],[140.299165,40.252907],[140.29954,40.252866],[140.299928,40.252891],[140.30004,40.252932],[140.300303,40.252932],[140.30049,40.252824],[140.300515,40.252724],[140.300528,40.252682],[140.301065,40.252374],[140.301365,40.252724],[140.302078,40.253291],[140.302603,40.253582],[140.302953,40.253607],[140.303315,40.253424],[140.303728,40.253066],[140.304165,40.252891],[140.304602,40.252891],[140.30484,40.252841],[140.304927,40.252724],[140.304915,40.252666],[140.305502,40.252307],[140.30589,40.252149],[140.30609,40.252149],[140.306802,40.252307],[140.30759,40.252441],[140.307815,40.252724],[140.30814,40.253207],[140.308552,40.253674],[140.309114,40.254532],[140.309727,40.255116],[140.309964,40.255407],[140.309877,40.255724],[140.310002,40.255949],[140.310352,40.256265],[140.310414,40.256557],[140.310327,40.257165],[140.310202,40.257257],[140.309702,40.257257],[140.309614,40.257482],[140.309677,40.25784],[140.309652,40.258157],[140.310152,40.259057],[140.310301,40.259548],[140.310501,40.259982],[140.310851,40.260448],[140.310914,40.260657],[140.310889,40.261215],[140.310951,40.261332],[140.311039,40.261915],[140.310689,40.262231],[140.310689,40.262431],[140.311014,40.263665],[140.310976,40.264431],[140.311251,40.26464],[140.311751,40.264773],[140.312101,40.26479],[140.312776,40.265515],[140.312901,40.265698],[140.313901,40.266414],[140.314138,40.266864],[140.314163,40.267248],[140.314551,40.267581],[140.314551,40.268173],[140.314613,40.268623],[140.315175,40.268914],[140.316138,40.269522],[140.316613,40.269722],[140.317025,40.270081],[140.317525,40.270106],[140.318088,40.269989],[140.318462,40.270064],[140.318787,40.270239],[140.31915,40.270581],[140.31935,40.270647],[140.319062,40.271164],[140.320537,40.272289],[140.32095,40.272514],[140.321625,40.272356],[140.322299,40.272314],[140.322974,40.272331],[140.323124,40.272472],[140.323387,40.273189],[140.323474,40.273706],[140.323799,40.274672],[140.323799,40.27483],[140.323537,40.27528],[140.323449,40.275664],[140.323537,40.276139],[140.323487,40.276697],[140.323424,40.276855],[140.323074,40.277105],[140.322512,40.277372],[140.322337,40.277647],[140.322374,40.277963],[140.322549,40.278272],[140.322899,40.278705],[140.323112,40.279197],[140.323161,40.279872],[140.323399,40.28028],[140.323486,40.280546],[140.324524,40.280147],[140.324786,40.28008],[140.325611,40.280013],[140.325961,40.280013],[140.326174,40.280347],[140.326261,40.281088],[140.326024,40.28208],[140.325499,40.282846],[140.325261,40.283388],[140.325261,40.283629],[140.325624,40.283921],[140.326298,40.284238],[140.326323,40.284288],[140.326273,40.285004],[140.326211,40.286538],[140.326336,40.287096],[140.326623,40.287821],[140.327036,40.288312],[140.327098,40.288879],[140.327361,40.289571],[140.327161,40.289862],[140.327048,40.290429],[140.327048,40.290812],[140.326986,40.29092],[140.32701,40.291354],[140.326985,40.29232],[140.326873,40.292429],[140.326286,40.292878],[140.325986,40.293328],[140.325698,40.293987],[140.325611,40.294095],[140.325048,40.294637],[140.324873,40.295062],[140.324811,40.29567],[140.324723,40.295853],[140.324023,40.296845],[140.323873,40.297295],[140.324085,40.298144],[140.323998,40.298486],[140.323735,40.298819],[140.323323,40.299586],[140.32311,40.300128],[140.32306,40.300511],[140.323148,40.300669],[140.323123,40.301136],[140.322798,40.301811],[140.32276,40.301969],[140.323123,40.302827],[140.32351,40.303144],[140.323748,40.303794],[140.32421,40.304402],[140.324185,40.304894],[140.324335,40.305194],[140.325135,40.306002],[140.325185,40.306227],[140.325185,40.306718],[140.325872,40.307377],[140.325872,40.307418],[140.32546,40.307843],[140.325372,40.308927],[140.325572,40.309377],[140.325672,40.309735],[140.325697,40.31016],[140.325459,40.310818],[140.325584,40.311135],[140.325434,40.311401],[140.325347,40.311851],[140.326909,40.312193],[140.327522,40.312051],[140.328172,40.31221],[140.328759,40.312485],[140.328996,40.312801],[140.329059,40.313334],[140.329359,40.313859],[140.329859,40.314468],[140.330096,40.314668],[140.330471,40.314643],[140.331034,40.314734],[140.332484,40.314534],[140.332946,40.314509],[140.333183,40.314668],[140.333421,40.315093],[140.333396,40.315751],[140.333308,40.316109],[140.333046,40.316426],[140.333008,40.316759],[140.332833,40.317259],[140.332458,40.317792],[140.332396,40.318651],[140.332283,40.318834],[140.332108,40.319234],[140.332196,40.319684],[140.332283,40.319817],[140.332783,40.320159],[140.332908,40.3202],[140.333671,40.320275],[140.333821,40.320409],[140.333821,40.320567],[140.333696,40.320925],[140.333496,40.321284],[140.333283,40.321775],[140.332933,40.322317],[140.332796,40.3227],[140.332821,40.322767],[140.333208,40.322925],[140.333883,40.323267],[140.334058,40.323284],[140.334583,40.323492],[140.334795,40.32385],[140.334883,40.323942],[140.33527,40.324167],[140.33597,40.324683],[140.336208,40.324975],[140.336358,40.325608],[140.336683,40.326217],[140.336658,40.326392],[140.336245,40.326908],[140.336357,40.327658],[140.336332,40.328258],[140.336507,40.328783],[140.336457,40.329008],[140.336545,40.329433],[140.336482,40.3295],[140.336107,40.32975],[140.335745,40.330133],[140.33572,40.330599],[140.335457,40.331416],[140.335545,40.331949],[140.335932,40.332224],[140.336045,40.332358],[140.336232,40.332766],[140.336582,40.333299],[140.336695,40.333707],[140.336695,40.333841],[140.337295,40.334207],[140.33762,40.334816],[140.337757,40.334899],[140.338082,40.335266],[140.338319,40.335799],[140.338482,40.336049],[140.339119,40.336407],[140.339482,40.336699],[140.340132,40.337049],[140.340832,40.337324],[140.341632,40.337724],[140.342032,40.337949],[140.342169,40.338224],[140.342556,40.33934],[140.342994,40.339999],[140.344244,40.34159],[140.345606,40.342957],[140.346231,40.34349],[140.346681,40.343807],[140.346768,40.34459],[140.347018,40.34519],[140.348106,40.346381],[140.348818,40.34734],[140.349956,40.348298],[140.350418,40.348906],[140.35078,40.349489],[140.350818,40.349898],[140.350805,40.350614],[140.350805,40.351173],[140.350768,40.351598],[140.350655,40.352064],[140.351093,40.352706],[140.351518,40.353189],[140.352518,40.354222],[140.353055,40.354914],[140.353078,40.354999],[140.35308,40.355089],[140.35298,40.355522],[140.35248,40.356147],[140.352193,40.356622],[140.352217,40.35698],[140.352842,40.357905],[140.353667,40.359297],[140.353567,40.359838],[140.35323,40.360163],[140.353042,40.360605],[140.35343,40.361297],[140.35428,40.362313],[140.354705,40.362738],[140.355767,40.36423],[140.355879,40.36498],[140.355879,40.365863],[140.356129,40.366221],[140.356392,40.366529],[140.356354,40.366729],[140.355179,40.367721],[140.354942,40.367987],[140.354479,40.368654],[140.354117,40.369421],[140.353842,40.369879],[140.35233,40.370695],[140.350517,40.37187],[140.350092,40.372354],[140.350155,40.372887],[140.350292,40.373437],[140.349829,40.37372],[140.349167,40.373953],[140.34783,40.37427],[140.347255,40.37492],[140.346955,40.375528],[140.346792,40.37572],[140.34608,40.375853],[140.345405,40.375645],[140.344405,40.375111],[140.343717,40.37507],[140.343392,40.375111],[140.34273,40.375361],[140.342055,40.375695],[140.341092,40.376253],[140.340405,40.376736],[140.339867,40.377394],[140.339342,40.377878],[140.33838,40.378427],[140.338143,40.379077],[140.338017,40.379677],[140.33778,40.380152],[140.337605,40.382569],[140.337742,40.383302],[140.33733,40.383602],[140.33718,40.383668],[140.336767,40.383985],[140.336255,40.384227],[140.33578,40.384618],[140.33513,40.385227],[140.334655,40.385568],[140.334005,40.387118],[140.33353,40.387718],[140.33348,40.387885],[140.333743,40.388668],[140.334017,40.388968],[140.33443,40.389259],[140.334555,40.389493],[140.33463,40.390009],[140.33448,40.391426],[140.334817,40.392951],[140.334292,40.393817],[140.334217,40.394259],[140.33393,40.394875],[140.33353,40.39555],[140.333167,40.396275],[140.333105,40.396858],[140.333205,40.397483],[140.333167,40.397992],[140.333205,40.398516],[140.333929,40.399733],[140.334229,40.400325],[140.334079,40.400625],[140.333554,40.400983],[140.333179,40.401433],[140.333117,40.401599],[140.333317,40.402199],[140.333342,40.402616],[140.333242,40.402766],[140.333192,40.403249],[140.333429,40.403491],[140.333992,40.403857],[140.336229,40.405582],[140.336379,40.405841],[140.336291,40.406341],[140.336254,40.40694],[140.336641,40.40739],[140.336829,40.407549],[140.336916,40.407915],[140.336729,40.408457],[140.336666,40.409215],[140.336704,40.409707],[140.336491,40.410032],[140.336491,40.410173],[140.336641,40.410732],[140.336479,40.411923],[140.336054,40.412381],[140.335466,40.413156],[140.335329,40.41379],[140.335616,40.414714],[140.335579,40.415256],[140.335341,40.415564],[140.334766,40.415739],[140.334291,40.416089],[140.334054,40.416681],[140.333991,40.417114],[140.333429,40.418189],[140.333216,40.418697],[140.332741,40.419355],[140.332679,40.419505],[140.332704,40.419597],[140.333091,40.419939],[140.333391,40.420272],[140.333528,40.420614],[140.333666,40.420789],[140.334103,40.421039],[140.334541,40.42138],[140.334953,40.421555],[140.335366,40.421872],[140.335728,40.422097],[140.336053,40.422214],[140.336166,40.422322],[140.335566,40.422822],[140.335566,40.42318],[140.335753,40.423472],[140.336416,40.42433],[140.336391,40.42473],[140.336253,40.425138],[140.336041,40.425388],[140.335516,40.425496],[140.334741,40.425571],[140.334141,40.425863],[140.333428,40.42683],[140.333341,40.42728],[140.333378,40.427488],[140.333616,40.428021],[140.334141,40.428696],[140.334691,40.429329],[140.334716,40.429688],[140.334553,40.430188],[140.334453,40.430996],[140.335053,40.432262],[140.335515,40.432871],[140.33574,40.433429],[140.33549,40.434037],[140.335465,40.43447],[140.335603,40.435637],[140.335528,40.43577],[140.335165,40.436045],[140.334978,40.436362],[140.33484,40.437128],[140.334865,40.437353],[140.335003,40.437778],[140.335278,40.438295],[140.335303,40.438862],[140.33525,40.439153],[140.335115,40.439353]]]},"type":"Feature"}]}