{"type":"FeatureCollection","features":[{"geometry":{"coordinates":[[[136.889181,37.168884],[136.889181,37.168843],[136.889556,37.168726],[136.889618,37.168684],[136.889593,37.168409],[136.889556,37.168393],[136.889206,37.168343],[136.889143,37.168318],[136.889118,37.167509],[136.889143,37.166943],[136.889256,37.166635],[136.889456,37.16636],[136.889756,37.166068],[136.889806,37.165843],[136.889556,37.16566],[136.889143,37.165551],[136.888681,37.165193],[136.888406,37.16521],[136.888318,37.165418],[136.888106,37.165485],[136.887631,37.165351],[136.887331,37.165168],[136.887031,37.164918],[136.886944,37.16481],[136.886619,37.164585],[136.886294,37.164493],[136.885881,37.16456],[136.885569,37.164718],[136.885331,37.164743],[136.884944,37.164626],[136.885194,37.164318],[136.885131,37.164176],[136.884856,37.164135],[136.884369,37.164201],[136.884256,37.164268],[136.883869,37.164093],[136.883569,37.163418],[136.883432,37.16301],[136.883544,37.162493],[136.883407,37.162193],[136.883019,37.161952],[136.882794,37.16141],[136.882744,37.161002],[136.882857,37.160618],[136.882932,37.15976],[136.882932,37.159152],[136.882882,37.15866],[136.882744,37.158235],[136.882544,37.157894],[136.882357,37.157644],[136.88217,37.157469],[136.881507,37.157194],[136.881345,37.157086],[136.881307,37.156952],[136.88112,37.156836],[136.880845,37.156794],[136.880707,37.156202],[136.880682,37.155802],[136.88087,37.154919],[136.88082,37.154561],[136.880645,37.154269],[136.880482,37.154203],[136.879907,37.153861],[136.879608,37.153636],[136.879445,37.153319],[136.879383,37.152778],[136.879495,37.152469],[136.879608,37.152286],[136.879608,37.152011],[136.879383,37.151545],[136.87892,37.150978],[136.878758,37.15087],[136.878533,37.15087],[136.878233,37.150645],[136.878145,37.150461],[136.87817,37.150103],[136.878283,37.149736],[136.878533,37.149403],[136.87972,37.148203],[136.87922,37.147912],[136.878895,37.147803],[136.878171,37.147645],[136.877726,37.14757],[136.877458,37.14742],[136.877346,37.147128],[136.877246,37.147037],[136.876858,37.146945],[136.876746,37.146837],[136.876658,37.146387],[136.876058,37.146229],[136.875733,37.14627],[136.874976,37.146435],[136.874796,37.146453],[136.874683,37.146403],[136.874108,37.14652],[136.873996,37.14652],[136.873721,37.146362],[136.873421,37.146095],[136.873171,37.145753],[136.873284,37.145662],[136.873259,37.145487],[136.873146,37.145487],[136.873009,37.14537],[136.872896,37.14537],[136.872846,37.145079],[136.872921,37.14497],[136.872995,37.144923],[136.873034,37.144895],[136.873034,37.144445],[136.873584,37.144045],[136.87382,37.144015],[136.874021,37.144087],[136.874296,37.144179],[136.874546,37.144195],[136.875259,37.14447],[136.875646,37.144445],[136.875946,37.14442],[136.876033,37.144312],[136.875921,37.143904],[136.875834,37.143229],[136.875734,37.142937],[136.875759,37.142621],[136.875757,37.142424],[136.875459,37.141896],[136.875421,37.141337],[136.875371,37.141129],[136.874984,37.140771],[136.874828,37.140826],[136.874321,37.141179],[136.874159,37.141221],[136.874434,37.141046],[136.874821,37.140729],[136.875146,37.140388],[136.875696,37.139963],[136.875871,37.139688],[136.876221,37.139396],[136.876496,37.139354],[136.876996,37.139038],[136.877271,37.138921],[136.877546,37.138721],[136.877871,37.138271],[136.877596,37.138113],[136.878034,37.137705],[136.878484,37.13748],[136.878996,37.136963],[136.879359,37.136238],[136.879609,37.135513],[136.879609,37.135363],[136.880896,37.135447],[136.880758,37.136238],[136.880921,37.136821],[136.880896,37.137163],[136.880783,37.13748],[136.880846,37.137905],[136.880983,37.138171],[136.881033,37.13858],[136.880921,37.138896],[136.880758,37.139188],[136.880871,37.139688],[136.881283,37.140071],[136.881608,37.140088],[136.882108,37.140046],[136.882658,37.140088],[136.883045,37.140179],[136.883533,37.140154],[136.884058,37.140063],[136.884495,37.140063],[136.885545,37.139813],[136.886008,37.139613],[136.88612,37.139655],[136.88612,37.139838],[136.886142,37.140033],[136.88612,37.14018],[136.886095,37.140288],[136.885733,37.140671],[136.885458,37.140879],[136.884908,37.141554],[136.884608,37.141846],[136.884108,37.142254],[136.883733,37.142796],[136.88392,37.142879],[136.884358,37.142863],[136.884858,37.142996],[136.885183,37.143196],[136.885408,37.143537],[136.885482,37.143896],[136.885682,37.144162],[136.88607,37.144304],[136.886482,37.144279],[136.886832,37.144096],[136.887907,37.143396],[136.888182,37.143288],[136.888457,37.143446],[136.888645,37.143713],[136.888982,37.143821],[136.889507,37.143804],[136.889882,37.143821],[136.890432,37.144071],[136.890769,37.144188],[136.891094,37.143913],[136.891569,37.143346],[136.891669,37.142879],[136.891644,37.142579],[136.891482,37.142379],[136.891432,37.142154],[136.891782,37.141971],[136.892032,37.141638],[136.892169,37.141163],[136.892332,37.14078],[136.892307,37.14053],[136.891945,37.140146],[136.89197,37.14008],[136.892195,37.140038],[136.89272,37.140013],[136.892857,37.139855],[136.892882,37.139721],[136.892995,37.139513],[136.89302,37.139313],[136.892932,37.139113],[136.89307,37.138905],[136.89332,37.138905],[136.893707,37.138997],[136.893982,37.139022],[136.894369,37.138455],[136.894307,37.138205],[136.894482,37.138097],[136.894719,37.138097],[136.894857,37.13823],[136.895132,37.138272],[136.895544,37.138272],[136.896132,37.13818],[136.896207,37.138113],[136.896369,37.137755],[136.896069,37.13728],[136.896182,37.137014],[136.896344,37.136989],[136.896619,37.137105],[136.896807,37.137105],[136.897082,37.136989],[136.897357,37.136989],[136.897694,37.137397],[136.898157,37.137439],[136.899044,37.137464],[136.899419,37.137414],[136.899831,37.137305],[136.900219,37.137147],[136.900519,37.136847],[136.900631,37.136605],[136.900606,37.136264],[136.900519,37.136239],[136.900494,37.136105],[136.900631,37.136064],[136.900357,37.135247],[136.900219,37.135181],[136.900032,37.135022],[136.899669,37.134506],[136.899487,37.13431],[136.899069,37.133831],[136.898957,37.133656],[136.898907,37.133381],[136.899232,37.132864],[136.899232,37.132547],[136.898932,37.131356],[136.898707,37.131173],[136.898319,37.130948],[136.897932,37.130839],[136.897832,37.130839],[136.897582,37.130923],[136.89712,37.131014],[136.897032,37.130948],[136.896807,37.130631],[136.897195,37.130139],[136.897382,37.129756],[136.897332,37.129398],[136.897195,37.129123],[136.896807,37.128789],[136.896095,37.128539],[136.895932,37.128406],[136.895907,37.128339],[136.895932,37.128089],[136.896557,37.12759],[136.896507,37.127365],[136.896395,37.127298],[136.89632,37.12719],[136.89582,37.125923],[136.896008,37.12514],[136.895983,37.124823],[136.895908,37.124598],[136.895383,37.124165],[136.89497,37.124031],[136.894908,37.123848],[136.89522,37.12354],[136.895045,37.123198],[136.894908,37.123132],[136.894808,37.122998],[136.894883,37.122657],[136.894995,37.122432],[136.894995,37.122073],[136.894945,37.121757],[136.894745,37.121348],[136.894583,37.121148],[136.894558,37.121057],[136.894195,37.120723],[136.89417,37.120648],[136.894495,37.120473],[136.89472,37.120199],[136.894583,37.119682],[136.894396,37.119415],[136.894054,37.119284],[136.893871,37.119124],[136.893733,37.119007],[136.893579,37.11883],[136.893371,37.118624],[136.893158,37.118515],[136.892958,37.118465],[136.892846,37.118199],[136.892958,37.117249],[136.892933,37.116957],[136.892608,37.115991],[136.892521,37.114074],[136.892546,37.113849],[136.892496,37.112833],[136.892521,37.112224],[136.892871,37.111124],[136.892871,37.110783],[136.892434,37.110533],[136.891396,37.110491],[136.891284,37.110516],[136.890871,37.110491],[136.890546,37.110516],[136.889959,37.110399],[136.889859,37.110449],[136.889446,37.111058],[136.889172,37.111149],[136.888259,37.111083],[136.888034,37.111191],[136.887772,37.111599],[136.887634,37.111932],[136.887572,37.112182],[136.887434,37.112341],[136.887159,37.112341],[136.887109,37.112316],[136.886834,37.112549],[136.886059,37.112866],[136.885622,37.112974],[136.885434,37.112999],[136.884772,37.113449],[136.884309,37.113965],[136.884084,37.114082],[136.883922,37.114099],[136.883668,37.114232],[136.883534,37.114332],[136.883169,37.11473],[136.883034,37.115007],[136.883009,37.115257],[136.882959,37.11534],[136.882872,37.115324],[136.882822,37.11494],[136.882547,37.114799],[136.882297,37.114599],[136.882047,37.114307],[136.88191,37.113882],[136.881885,37.113607],[136.882022,37.113224],[136.881835,37.112574],[136.881797,37.112232],[136.881747,37.112074],[136.881472,37.111832],[136.881197,37.111691],[136.881035,37.111557],[136.88101,37.111332],[136.881147,37.111149],[136.881385,37.110682],[136.881335,37.110341],[136.880672,37.109866],[136.880147,37.109782],[136.879685,37.109891],[136.879222,37.110299],[136.878781,37.110818],[136.878448,37.111016],[136.878098,37.111065],[136.87776,37.111157],[136.87751,37.111607],[136.877235,37.111832],[136.87691,37.112015],[136.876585,37.112082],[136.876498,37.112215],[136.876473,37.112415],[136.875973,37.112624],[136.875873,37.112624],[136.875648,37.112532],[136.875423,37.112599],[136.874985,37.11289],[136.875098,37.113257],[136.87521,37.11339],[136.873585,37.11404],[136.873085,37.112848],[136.872548,37.112515],[136.872348,37.112532],[136.872136,37.112648],[136.872009,37.11271],[136.871698,37.112898],[136.871848,37.113165],[136.871273,37.113365],[136.870948,37.11299],[136.870564,37.112912],[136.870236,37.112873],[136.868586,37.112707],[136.868023,37.112073],[136.867499,37.11129],[136.867574,37.111257],[136.867474,37.111132],[136.866761,37.110665],[136.866349,37.110532],[136.866324,37.110573],[136.865249,37.110323],[136.864749,37.110007],[136.864349,37.10979],[136.864324,37.10969],[136.864424,37.109199],[136.864336,37.108999],[136.863562,37.108065],[136.863237,37.107749],[136.862974,37.107424],[136.862724,37.106974],[136.862512,37.106799],[136.862424,37.10679],[136.862249,37.106832],[136.861962,37.107049],[136.861937,37.106999],[136.861962,37.106865],[136.861487,37.106674],[136.8592,37.106032],[136.860174,37.104699],[136.860805,37.104816],[136.861037,37.104807],[136.861512,37.104141],[136.861624,37.104041],[136.862487,37.104066],[136.862587,37.104191],[136.862779,37.10425],[136.862974,37.104224],[136.863297,37.104215],[136.863549,37.104182],[136.863706,37.104207],[136.863874,37.104199],[136.864211,37.104174],[136.864999,37.103816],[136.865262,37.103783],[136.865487,37.103616],[136.865612,37.103466],[136.865712,37.103258],[136.865599,37.103216],[136.865399,37.103374],[136.865237,37.103399],[136.865049,37.103333],[136.865099,37.103124],[136.865737,37.102624],[136.865974,37.102374],[136.866174,37.102249],[136.866374,37.102249],[136.866474,37.102141],[136.866574,37.101933],[136.866637,37.101649],[136.866762,37.101541],[136.866899,37.101533],[136.867037,37.101475],[136.867287,37.101025],[136.867449,37.100558],[136.867499,37.099916],[136.867224,37.099608],[136.866712,37.099233],[136.866424,37.098916],[136.865549,37.098733],[136.865549,37.09855],[136.865724,37.0985],[136.865762,37.098317],[136.865674,37.098117],[136.865524,37.098025],[136.865487,37.097725],[136.865524,37.097692],[136.865674,37.097733],[136.865762,37.097583],[136.865712,37.097308],[136.865712,37.09695],[136.865912,37.096608],[136.866137,37.096033],[136.866137,37.095933],[136.866287,37.095758],[136.866487,37.095767],[136.866612,37.095808],[136.866937,37.0957],[136.867012,37.095642],[136.867787,37.093184],[136.866887,37.0929],[136.867387,37.092076],[136.867674,37.092101],[136.868237,37.091201],[136.868024,37.090984],[136.868899,37.089701],[136.870137,37.089209],[136.870287,37.089176],[136.8707,37.089078],[136.871084,37.089035],[136.871425,37.089068],[136.871681,37.089149],[136.871847,37.089078],[136.871874,37.088476],[136.871912,37.087568],[136.871774,37.086701],[136.871662,37.08656],[136.871487,37.086251],[136.871349,37.08616],[136.871212,37.086201],[136.870845,37.086409],[136.870299,37.08651],[136.869437,37.086493],[136.868725,37.08641],[136.868362,37.086301],[136.866287,37.085293],[136.865912,37.085668],[136.865212,37.085326],[136.865087,37.085376],[136.864912,37.08526],[136.864937,37.085168],[136.864638,37.084785],[136.864763,37.084651],[136.864738,37.084468],[136.864438,37.084285],[136.863738,37.08406],[136.8629,37.083576],[136.86265,37.083526],[136.862538,37.083643],[136.862488,37.083643],[136.861875,37.083301],[136.8622,37.082876],[136.860775,37.081777],[136.861288,37.081043],[136.860538,37.080627],[136.859563,37.080777],[136.859226,37.079602],[136.858876,37.079602],[136.858701,37.078835],[136.858652,37.078711],[136.858651,37.07856],[136.858726,37.078427],[136.858851,37.078319],[136.859013,37.077844],[136.858838,37.077752],[136.858763,37.07766],[136.858788,37.077369],[136.859251,37.076285],[136.859426,37.076085],[136.859651,37.075886],[136.859826,37.075752],[136.859863,37.075594],[136.859613,37.075077],[136.859488,37.074961],[136.859388,37.074577],[136.858613,37.074302],[136.858389,37.074119],[136.858676,37.073827],[136.858626,37.073486],[136.858776,37.073336],[136.858701,37.073061],[136.858801,37.072877],[136.858676,37.072744],[136.858739,37.072494],[136.858914,37.072453],[136.858939,37.072361],[136.858939,37.072136],[136.859039,37.071936],[136.859039,37.071753],[136.859014,37.071736],[136.859114,37.071553],[136.861054,37.071021],[136.862826,37.070928],[136.864176,37.072536],[136.864512,37.072849],[136.86527,37.073476],[136.866138,37.074086],[136.866638,37.074311],[136.867638,37.073778],[136.867575,37.073619],[136.86855,37.072994],[136.8685,37.072861],[136.868525,37.072744],[136.869263,37.072461],[136.870513,37.071811],[136.870738,37.071953],[136.872012,37.071498],[136.873812,37.070612],[136.873675,37.07027],[136.8737,37.070228],[136.874775,37.069953],[136.874937,37.070095],[136.8753,37.070178],[136.8759,37.07007],[136.877412,37.069887],[136.8781,37.06977],[136.8792,37.069529],[136.879775,37.069479],[136.881037,37.069295],[136.881062,37.06912],[136.881037,37.068937],[136.881424,37.068579],[136.881837,37.068329],[136.884149,37.068121],[136.884337,37.068187],[136.884474,37.068304],[136.885437,37.068254],[136.885737,37.068462],[136.886149,37.068662],[136.886511,37.068704],[136.886924,37.068571],[136.887586,37.068412],[136.887911,37.068387],[136.888761,37.068796],[136.889099,37.069112],[136.889349,37.069446],[136.889561,37.070029],[136.889649,37.070104],[136.889649,37.070487],[136.889536,37.070729],[136.889699,37.071945],[136.889624,37.072312],[136.889374,37.07267],[136.889236,37.073254],[136.889349,37.073462],[136.889546,37.073493],[136.889922,37.073619],[136.890161,37.073812],[136.890411,37.073837],[136.890586,37.073854],[136.890948,37.07377],[136.891186,37.073629],[136.891424,37.073364],[136.891786,37.073095],[136.892811,37.07262],[136.894761,37.071829],[136.895948,37.071537],[136.896773,37.071471],[136.897535,37.071512],[136.898473,37.071846],[136.89911,37.072146],[136.900623,37.073046],[136.901685,37.073762],[136.902097,37.074096],[136.90241,37.074437],[136.902622,37.074796],[136.902822,37.075229],[136.902922,37.075654],[136.90301,37.076379],[136.903122,37.07662],[136.903371,37.076832],[136.90361,37.077029],[136.903722,37.07712],[136.90433,37.077329],[136.90503,37.07721],[136.905478,37.077084],[136.905784,37.077029],[136.905947,37.07707],[136.905847,37.077412],[136.905712,37.078029],[136.905547,37.078603],[136.905547,37.078787],[136.905822,37.07887],[136.905922,37.079078],[136.905959,37.079303],[136.905822,37.08002],[136.905622,37.080203],[136.905409,37.080745],[136.905209,37.080995],[136.904934,37.081645],[136.904684,37.081711],[136.904247,37.081736],[136.903972,37.081895],[136.903809,37.082145],[136.903697,37.082528],[136.903647,37.083211],[136.903604,37.083506],[136.903634,37.083753],[136.903784,37.083986],[136.903997,37.084328],[136.904122,37.084569],[136.904409,37.085011],[136.904759,37.085469],[136.905059,37.085844],[136.905209,37.086094],[136.905334,37.086328],[136.906196,37.086686],[136.906246,37.086728],[136.905834,37.086886],[136.905996,37.087377],[136.906109,37.087519],[136.906821,37.087602],[136.906934,37.087852],[136.906684,37.088127],[136.906496,37.088669],[136.906471,37.088894],[136.906584,37.089002],[136.907484,37.089502],[136.908171,37.089569],[136.909084,37.089744],[136.909571,37.089902],[136.911171,37.090602],[136.911421,37.090644],[136.913121,37.090352],[136.913296,37.09026],[136.913371,37.090127],[136.913406,37.090012],[136.913446,37.089694],[136.913558,37.089652],[136.913883,37.089628],[136.913971,37.089719],[136.913696,37.090144],[136.913671,37.090394],[136.913696,37.090552],[136.913808,37.090644],[136.913921,37.090669],[136.914372,37.090716],[136.91477,37.090711],[136.915024,37.090579],[136.915145,37.090394],[136.915233,37.090302],[136.915595,37.090644],[136.915533,37.090736],[136.91592,37.091161],[136.916108,37.091269],[136.916358,37.091111],[136.91677,37.090936],[136.91672,37.090777],[136.91677,37.090711],[136.917845,37.090119],[136.918058,37.089986],[136.917974,37.089822],[136.917895,37.089669],[136.917958,37.089628],[136.918308,37.089561],[136.918833,37.089353],[136.919845,37.089061],[136.920595,37.088811],[136.922545,37.08827],[136.923195,37.088111],[136.92477,37.087928],[136.924839,37.087934],[136.924907,37.087953],[136.925007,37.08807],[136.92537,37.088045],[136.92537,37.087928],[136.925732,37.087795],[136.925782,37.087753],[136.92567,37.087611],[136.92587,37.087387],[136.925645,37.087003],[136.92647,37.086537],[136.926545,37.086462],[136.92647,37.086328],[136.926495,37.086287],[136.926445,37.086178],[136.926882,37.085862],[136.927157,37.085837],[136.927794,37.085862],[136.927957,37.08572],[136.928007,37.085545],[136.928119,37.085428],[136.928182,37.085478],[136.928207,37.085678],[136.928944,37.086012],[136.929282,37.08622],[136.929357,37.086328],[136.929957,37.086712],[136.930894,37.087187],[136.931194,37.087387],[136.931494,37.087478],[136.931631,37.087478],[136.932019,37.087337],[136.932344,37.087162],[136.932756,37.087045],[136.933194,37.087045],[136.933531,37.087095],[136.933881,37.087178],[136.934294,37.087178],[136.934631,37.08707],[136.935319,37.086637],[136.935556,37.086412],[136.935619,37.086345],[136.935769,37.086162],[136.936094,37.086079],[136.936506,37.086054],[136.937356,37.085962],[136.937768,37.085845],[136.938156,37.085512],[136.938906,37.084904],[136.939043,37.084829],[136.939731,37.084312],[136.939893,37.084312],[136.940106,37.084246],[136.940356,37.084062],[136.940752,37.083692],[136.940931,37.083504],[136.941506,37.083321],[136.941781,37.083346],[136.942093,37.083612],[136.942581,37.083862],[136.942718,37.083971],[136.942993,37.084104],[136.94333,37.084087],[136.94368,37.083879],[136.943818,37.083613],[136.943793,37.083296],[136.943518,37.083071],[136.943345,37.082997],[136.943056,37.082938],[136.942918,37.082871],[136.943009,37.082739],[136.942993,37.082554],[136.942443,37.082488],[136.942331,37.082329],[136.942331,37.081988],[136.942093,37.081946],[136.941981,37.082129],[136.941893,37.082196],[136.941456,37.082171],[136.941131,37.081838],[136.941043,37.081613],[136.940881,37.080754],[136.940793,37.080621],[136.940493,37.080504],[136.940218,37.080279],[136.939856,37.080146],[136.939369,37.080029],[136.938681,37.079854],[136.938294,37.079604],[136.938031,37.079494],[136.937819,37.079471],[136.937681,37.079588],[136.937331,37.079538],[136.937106,37.079471],[136.936944,37.079296],[136.936531,37.079046],[136.935982,37.078929],[136.935511,37.078428],[136.935507,37.077713],[136.936032,37.076046],[136.936094,37.075622],[136.936057,37.075397],[136.936036,37.075069],[136.936082,37.074605],[136.936169,37.07413],[136.936444,37.071764],[136.936769,37.07118],[136.937894,37.069831],[136.938232,37.069556],[136.938644,37.069131],[136.938807,37.068814],[136.939382,37.068298],[136.940157,37.067839],[136.940821,37.067764],[136.941569,37.067736],[136.942131,37.067773],[136.942706,37.067849],[136.943256,37.067864],[136.943806,37.067839],[136.944244,37.067931],[136.944744,37.068156],[136.945206,37.068314],[136.945894,37.068223],[136.946506,37.067998],[136.946668,37.067681],[136.947056,37.067565],[136.947656,37.067473],[136.948256,37.067631],[136.948756,37.06754],[136.949306,37.067515],[136.949693,37.067565],[136.949906,37.067656],[136.949993,37.067723],[136.950293,37.067723],[136.950406,37.067656],[136.951093,37.067498],[136.95153,37.067448],[136.95203,37.067448],[136.952468,37.06754],[136.95283,37.067765],[136.953043,37.067965],[136.95338,37.068123],[136.95373,37.068215],[136.954068,37.068098],[136.954393,37.068123],[136.954893,37.068798],[136.95513,37.068798],[136.95538,37.068681],[136.955405,37.068506],[136.955374,37.068395],[136.955389,37.068251],[136.955718,37.067873],[136.956155,37.06774],[136.95643,37.067757],[136.95668,37.06794],[136.95698,37.067965],[136.957467,37.067823],[136.958517,37.067623],[136.959592,37.067798],[136.960055,37.067798],[136.960942,37.06764],[136.961792,37.06744],[136.962479,37.067349],[136.962754,37.067215],[136.962892,37.066849],[136.962992,37.065949],[136.962717,37.065207],[136.96148,37.063657],[136.961205,37.063224],[136.960405,37.062216],[136.96013,37.061766],[136.960242,37.061716],[136.959605,37.060774],[136.95933,37.060841],[136.958868,37.060049],[136.958943,37.059599],[136.95843,37.058749],[136.956505,37.059583],[136.955731,37.057108],[136.956168,37.056633],[136.956605,37.056408],[136.957105,37.056225],[136.95848,37.055791],[136.95878,37.055616],[136.95858,37.055392],[136.958855,37.055208],[136.958918,37.055142],[136.959055,37.055233],[136.959218,37.055275],[136.960368,37.054642],[136.96108,37.054167],[136.961468,37.053967],[136.961468,37.053925],[136.961393,37.053833],[136.961218,37.0539],[136.960593,37.053267],[136.96023,37.0528],[136.960293,37.052575],[136.959768,37.051892],[136.959793,37.05185],[136.960343,37.0514],[136.960593,37.051309],[136.960918,37.051267],[136.961043,37.051279],[136.961143,37.051309],[136.96158,37.05165],[136.962205,37.0523],[136.962817,37.053067],[136.962901,37.053185],[136.966692,37.051192],[136.966167,37.050359],[136.967592,37.049817],[136.967567,37.049659],[136.96798,37.049526],[136.96828,37.049343],[136.968642,37.049184],[136.968967,37.049434],[136.969267,37.049184],[136.96858,37.048509],[136.968642,37.048459],[136.969492,37.048034],[136.971104,37.047451],[136.972317,37.047043],[136.972592,37.04706],[136.975091,37.047693],[136.975479,37.047826],[136.975891,37.048026],[136.976466,37.048393],[136.975404,37.049451],[136.976579,37.050326],[136.975016,37.052734],[136.976204,37.053184],[136.977741,37.050884],[136.978503,37.051109],[136.978816,37.052443],[136.980216,37.052351],[136.979916,37.050393],[136.980178,37.050118],[136.983515,37.050001],[136.98354,37.049735],[136.980716,37.048193],[136.980841,37.04801],[136.983166,37.04931],[136.984053,37.048377],[136.983078,37.047843],[136.983153,37.047718],[136.988077,37.05041],[136.988127,37.050385],[136.991727,37.052451],[136.993602,37.05146],[136.993902,37.051685],[136.994789,37.052493],[136.994889,37.052701],[136.994927,37.052993],[136.994839,37.053085],[136.994752,37.053285],[136.992839,37.055834],[136.994127,37.056509],[136.993802,37.056843],[136.992452,37.056234],[136.991352,37.057817],[136.993552,37.058951],[136.994826,37.059626],[136.994989,37.059309],[136.995501,37.059659],[136.995676,37.059384],[136.996414,37.059751],[136.997,37.058962],[136.999964,37.055251],[137.000326,37.055243],[137.000517,37.05531],[137.000763,37.055443],[137.003813,37.056976],[137.004313,37.057176],[137.004638,37.057043],[137.004888,37.057001],[137.005175,37.057201],[137.0054,37.057176],[137.00585,37.057785],[137.00605,37.058151],[137.00605,37.058368],[137.0062,37.058809],[137.006628,37.059641],[137.006713,37.059876],[137.006925,37.060509],[137.00715,37.060476],[137.007275,37.060801],[137.00715,37.060826],[137.00715,37.060943],[137.007338,37.061559],[137.00705,37.061609],[137.006963,37.061934],[137.006962,37.062073],[137.006975,37.062176],[137.007212,37.062834],[137.004088,37.063675],[137.005587,37.067742],[137.0049,37.067933],[137.005525,37.069566],[137.008837,37.072108],[137.010987,37.071458],[137.011587,37.0735],[137.011812,37.0735],[137.011824,37.073941],[137.011662,37.073974],[137.011712,37.074449],[137.011887,37.074474],[137.011912,37.074666],[137.011637,37.074699],[137.011612,37.075583],[137.011762,37.075616],[137.01173,37.076227],[137.011711,37.076641],[137.011714,37.076929],[137.011665,37.077255],[137.011586,37.077816],[137.011261,37.079415],[137.010986,37.080049],[137.010581,37.080702],[137.010249,37.081207],[137.009586,37.081374],[137.009586,37.081399],[137.009936,37.081549],[137.010961,37.082198],[137.011199,37.082273],[137.011281,37.082427],[137.011324,37.082673],[137.011399,37.083732],[137.011724,37.084357],[137.011886,37.084715],[137.011899,37.085007],[137.011886,37.086331],[137.011767,37.086644],[137.011574,37.087023],[137.011674,37.087156],[137.012398,37.087498],[137.012773,37.087656],[137.013023,37.087681],[137.013273,37.08764],[137.013373,37.08764],[137.013573,37.087873],[137.013498,37.088073],[137.013498,37.088298],[137.013586,37.088723],[137.013511,37.088998],[137.013286,37.089223],[137.013111,37.089489],[137.012973,37.089781],[137.013048,37.090031],[137.013248,37.090306],[137.013698,37.090239],[137.013823,37.090306],[137.013748,37.090464],[137.013848,37.090714],[137.013923,37.091006],[137.013836,37.091297],[137.013961,37.091481],[137.014186,37.091731],[137.014711,37.092681],[137.015023,37.092889],[137.015198,37.093139],[137.015248,37.093631],[137.015148,37.093997],[137.015398,37.094156],[137.01586,37.094364],[137.016273,37.094431],[137.016448,37.094364],[137.016823,37.094297],[137.017135,37.094731],[137.01711,37.094997],[137.017435,37.095114],[137.017885,37.095164],[137.019335,37.096147],[137.01951,37.096172],[137.019685,37.096122],[137.01981,37.096355],[137.01976,37.096439],[137.020172,37.096764],[137.020197,37.096922],[137.020172,37.097055],[137.020297,37.09753],[137.020397,37.097597],[137.02051,37.098139],[137.020485,37.098339],[137.020635,37.09848],[137.02081,37.09873],[137.02086,37.099022],[137.020835,37.099405],[137.020897,37.099588],[137.021047,37.099655],[137.021097,37.10013],[137.021172,37.100488],[137.021297,37.10083],[137.021485,37.101013],[137.02226,37.101088],[137.022409,37.101288],[137.022834,37.101222],[137.022897,37.101113],[137.023397,37.101072],[137.023497,37.101272],[137.025609,37.102055],[137.025184,37.10293],[137.025034,37.102905],[137.024972,37.103088],[137.025372,37.103246],[137.025459,37.103047],[137.025359,37.10298],[137.025809,37.102147],[137.026909,37.10258],[137.026909,37.10288],[137.027484,37.103013],[137.027509,37.102972],[137.027659,37.102997],[137.028109,37.103313],[137.028459,37.103338],[137.028609,37.103563],[137.028871,37.104246],[137.028821,37.104446],[137.029584,37.105988],[137.029809,37.106438],[137.030009,37.10678],[137.030096,37.106896],[137.030471,37.10703],[137.030958,37.107013],[137.031333,37.106971],[137.031583,37.106855],[137.031683,37.10643],[137.031908,37.106271],[137.032433,37.106096],[137.032921,37.105671],[137.033383,37.104863],[137.033508,37.10453],[137.034346,37.103405],[137.034771,37.103388],[137.034896,37.103563],[137.035496,37.103838],[137.035696,37.103847],[137.036071,37.104005],[137.037258,37.104647],[137.037483,37.104847],[137.037733,37.10573],[137.037808,37.105847],[137.038333,37.105872],[137.039108,37.106172],[137.039395,37.10633],[137.039645,37.10658],[137.040045,37.106763],[137.040445,37.10688],[137.040645,37.10683],[137.04197,37.107363],[137.042195,37.107588],[137.042295,37.107771],[137.04242,37.107813],[137.04252,37.107796],[137.04262,37.107613],[137.042645,37.10723],[137.042757,37.106913],[137.042932,37.106713],[137.043132,37.106697],[137.043257,37.106538],[137.043982,37.106522],[137.044807,37.106613],[137.045507,37.106755],[137.047407,37.107313],[137.047882,37.107405],[137.048432,37.107388],[137.049369,37.106988],[137.050044,37.106972],[137.050269,37.107038],[137.050544,37.107288],[137.050644,37.10733],[137.050819,37.107247],[137.051169,37.107247],[137.051269,37.107088],[137.051094,37.106972],[137.051119,37.106889],[137.051169,37.106797],[137.051219,37.106684],[137.051307,37.106522],[137.051444,37.106389],[137.051657,37.106189],[137.052007,37.10608],[137.052656,37.106039],[137.052881,37.10618],[137.053156,37.106289],[137.053231,37.106339],[137.053656,37.106389],[137.053756,37.106405],[137.054156,37.106639],[137.054619,37.107114],[137.054856,37.107114],[137.055181,37.107122],[137.055406,37.107255],[137.055931,37.107397],[137.056206,37.107439],[137.056294,37.107514],[137.056444,37.107914],[137.056494,37.107989],[137.056793,37.108147],[137.057018,37.108172],[137.057218,37.108039],[137.057593,37.107905],[137.058131,37.107797],[137.058281,37.107522],[137.058356,37.10723],[137.058331,37.106964],[137.058043,37.106147],[137.057444,37.105581],[137.057056,37.104647],[137.056881,37.104064],[137.056531,37.103747],[137.056131,37.103447],[137.055794,37.103289],[137.055456,37.103264],[137.054706,37.103622],[137.054431,37.103706],[137.054406,37.103839],[137.054356,37.103864],[137.054106,37.103772],[137.053858,37.103848],[137.053607,37.103947],[137.053369,37.104172],[137.053019,37.104347],[137.052494,37.104389],[137.052069,37.104322],[137.051369,37.103822],[137.050557,37.102889],[137.050627,37.10272],[137.050732,37.102597],[137.050707,37.102556],[137.050132,37.102589],[137.049932,37.102431],[137.049907,37.102114],[137.049769,37.101731],[137.04937,37.100989],[137.04937,37.100781],[137.049432,37.099948],[137.049557,37.099498],[137.049707,37.099364],[137.049982,37.099298],[137.05017,37.099231],[137.049995,37.099048],[137.04967,37.098939],[137.049495,37.098706],[137.049632,37.097648],[137.049857,37.096906],[137.049995,37.096323],[137.050195,37.096231],[137.05077,37.09619],[137.051195,37.096081],[137.05137,37.095831],[137.051595,37.095723],[137.051757,37.095548],[137.051907,37.095298],[137.052207,37.095115],[137.052557,37.095073],[137.052732,37.09499],[137.052757,37.094898],[137.052732,37.094582],[137.052345,37.09424],[137.052195,37.094082],[137.052482,37.092032],[137.052707,37.091832],[137.052795,37.091515],[137.05267,37.09129],[137.05217,37.091032],[137.05192,37.090699],[137.051645,37.09049],[137.051382,37.089857],[137.051207,37.089182],[137.050745,37.088157],[137.050632,37.087099],[137.050633,37.086358],[137.050708,37.086183],[137.050932,37.086191],[137.051232,37.086241],[137.051432,37.086199],[137.05132,37.085608],[137.051357,37.085283],[137.051495,37.085099],[137.051545,37.084824],[137.051308,37.084183],[137.050533,37.083041],[137.050295,37.082591],[137.050258,37.082225],[137.05037,37.08185],[137.050933,37.080833],[137.051208,37.080175],[137.051345,37.079667],[137.051858,37.078617],[137.052608,37.077392],[137.052983,37.07685],[137.05327,37.076492],[137.053595,37.076275],[137.05392,37.076242],[137.054208,37.076309],[137.054308,37.076284],[137.054408,37.076026],[137.054308,37.075769],[137.05437,37.074917],[137.054258,37.074476],[137.054095,37.074001],[137.053895,37.073684],[137.053658,37.073509],[137.053333,37.073442],[137.053058,37.073242],[137.052883,37.072901],[137.05292,37.072601],[137.053308,37.072193],[137.053558,37.071851],[137.053745,37.071418],[137.053758,37.070951],[137.053645,37.070509],[137.053583,37.070059],[137.053683,37.069493],[137.053845,37.069393],[137.053695,37.068918],[137.05362,37.068793],[137.05332,37.068885],[137.05312,37.068801],[137.05287,37.068526],[137.05267,37.068385],[137.052496,37.068262],[137.052233,37.067935],[137.052071,37.067551],[137.051996,37.067126],[137.051996,37.066718],[137.052121,37.065943],[137.052433,37.065652],[137.052508,37.06531],[137.052508,37.064902],[137.052433,37.064518],[137.052308,37.064168],[137.052458,37.063569],[137.052071,37.062769],[137.051846,37.06246],[137.051258,37.061927],[137.051021,37.06161],[137.050658,37.061235],[137.050321,37.061244],[137.050081,37.061121],[137.049958,37.060827],[137.049771,37.060452],[137.049521,37.060152],[137.049209,37.060069],[137.049046,37.059835],[137.048934,37.059411],[137.048884,37.058927],[137.048934,37.058486],[137.049109,37.058236],[137.049371,37.058277],[137.049446,37.058269],[137.049721,37.057927],[137.049846,37.057827],[137.049959,37.057811],[137.050134,37.058411],[137.050359,37.058394],[137.050246,37.057452],[137.050134,37.057244],[137.05013,37.057012],[137.050115,37.056556],[137.050034,37.056019],[137.049984,37.054919],[137.049884,37.054178],[137.049984,37.05407],[137.050021,37.053745],[137.049946,37.053686],[137.049984,37.053436],[137.049821,37.053295],[137.049709,37.053286],[137.049409,37.052836],[137.049334,37.05227],[137.049096,37.051853],[137.049109,37.051445],[137.049084,37.050778],[137.049009,37.05062],[137.048509,37.05017],[137.048384,37.049803],[137.048422,37.049437],[137.048734,37.049095],[137.048822,37.048745],[137.048784,37.04852],[137.048734,37.048495],[137.048622,37.048745],[137.048397,37.048895],[137.048247,37.04887],[137.047947,37.048762],[137.047772,37.04857],[137.047459,37.04782],[137.047522,37.047637],[137.047709,37.047529],[137.048109,37.047554],[137.048272,37.047529],[137.048272,37.047212],[137.048197,37.047087],[137.047959,37.047079],[137.047797,37.046929],[137.047684,37.046654],[137.047234,37.044746],[137.046967,37.04385],[137.046901,37.043403],[137.046873,37.042983],[137.046784,37.042371],[137.046809,37.042087],[137.046922,37.041829],[137.047209,37.041738],[137.047387,37.041639],[137.047412,37.041425],[137.047344,37.041314],[137.047334,37.041238],[137.047522,37.040721],[137.047484,37.040479],[137.047359,37.040221],[137.047197,37.040021],[137.047097,37.039354],[137.046997,37.039196],[137.04692,37.039019],[137.046735,37.038855],[137.046272,37.038813],[137.046122,37.038713],[137.04591,37.038205],[137.045897,37.037821],[137.045835,37.037329],[137.045935,37.036096],[137.04611,37.035588],[137.046347,37.035255],[137.046922,37.034847],[137.04711,37.034405],[137.04741,37.033905],[137.047597,37.033405],[137.04766,37.032464],[137.047672,37.03138],[137.04761,37.030964],[137.047435,37.030747],[137.047347,37.030747],[137.047135,37.030697],[137.04686,37.030197],[137.046797,37.030006],[137.046922,37.029597],[137.047297,37.029097],[137.04776,37.028314],[137.048347,37.027623],[137.048847,37.027098],[137.049197,37.026648],[137.049997,37.025781],[137.05071,37.024606],[137.050835,37.024165],[137.05116,37.02244],[137.05111,37.021307],[137.051322,37.020265],[137.051297,37.019732],[137.051123,37.018874],[137.051035,37.018665],[137.050748,37.01829],[137.05056,37.018124],[137.050173,37.017932],[137.049623,37.016965],[137.049648,37.016657],[137.049548,37.016307],[137.04911,37.015307],[137.048498,37.014632],[137.047586,37.013916],[137.047298,37.013657],[137.047236,37.013566],[137.046823,37.013224],[137.046698,37.012849],[137.046611,37.012274],[137.047086,37.012149],[137.047498,37.011783],[137.047736,37.011516],[137.047723,37.011466],[137.047548,37.011333],[137.046998,37.011816],[137.046773,37.011891],[137.046561,37.011824],[137.046248,37.010974],[137.046386,37.009916],[137.046486,37.009524],[137.047136,37.009366],[137.047023,37.008758],[137.046698,37.008625],[137.046661,37.00835],[137.047148,37.005067],[137.047348,37.004233],[137.047236,37.003325],[137.047311,37.003009],[137.047536,37.002609],[137.048024,37.00205],[137.048299,37.001559],[137.048473,37.001375],[137.048786,37.00095],[137.048873,37.000884],[137.04905,37.000857],[137.049636,37.000501],[137.049911,37.000142],[137.049973,36.999809],[137.049923,36.999451],[137.049786,36.999267],[137.049673,36.999201],[137.049748,36.998992],[137.049948,36.998701],[137.050348,36.998234],[137.050711,36.997693],[137.051373,36.996909],[137.051986,36.996209],[137.052303,36.99596],[137.052473,36.996034],[137.052611,36.996168],[137.052886,36.996243],[137.052998,36.996243],[137.053269,36.995982],[137.053423,36.995676],[137.053711,36.995301],[137.053848,36.994985],[137.05389,36.994357],[137.053905,36.994048],[137.053861,36.993676],[137.053698,36.993293],[137.053386,36.99271],[137.053223,36.992302],[137.053198,36.992093],[137.052998,36.99171],[137.052923,36.991193],[137.052811,36.99081],[137.052386,36.990335],[137.052024,36.990243],[137.051274,36.989677],[137.051186,36.989477],[137.051111,36.989068],[137.050861,36.988644],[137.050324,36.98801],[137.049486,36.987235],[137.049124,36.987194],[137.048811,36.986944],[137.048674,36.986577],[137.048712,36.986044],[137.048974,36.984777],[137.049199,36.984412],[137.049589,36.983817],[137.050056,36.983043],[137.050386,36.982578],[137.050495,36.982235],[137.050561,36.981886],[137.050674,36.981611],[137.050874,36.981528],[137.050986,36.980736],[137.051249,36.979994],[137.050674,36.977895],[137.050362,36.977936],[137.050187,36.977895],[137.050024,36.977895],[137.049937,36.977803],[137.049949,36.97717],[137.050037,36.97677],[137.050887,36.975237],[137.051699,36.974029],[137.052137,36.973312],[137.053574,36.971421],[137.054311,36.970612],[137.054849,36.970121],[137.055386,36.969746],[137.055774,36.969387],[137.056661,36.967904],[137.056661,36.967813],[137.056461,36.967363],[137.056099,36.966796],[137.055936,36.966321],[137.055612,36.964605],[137.055524,36.964496],[137.054349,36.963455],[137.053237,36.962663],[137.053149,36.962638],[137.053037,36.962505],[137.053003,36.962436],[137.052737,36.962363],[137.052562,36.962455],[137.052224,36.962363],[137.051974,36.962205],[137.051587,36.960763],[137.051512,36.960288],[137.0516,36.959905],[137.051825,36.959414],[137.051825,36.959364],[137.051501,36.959321],[137.051106,36.959375],[137.050587,36.959605],[137.049037,36.960597],[137.047687,36.961288],[137.046462,36.962088],[137.046012,36.962446],[137.0457,36.962963],[137.045587,36.96348],[137.0455,36.963663],[137.045,36.963888],[137.044575,36.963971],[137.043675,36.964329],[137.043025,36.964663],[137.042575,36.965154],[137.0412,36.965421],[137.040175,36.965888],[137.039425,36.966204],[137.0386,36.966579],[137.037813,36.967054],[137.037476,36.967071],[137.037026,36.966804],[137.036326,36.966212],[137.035851,36.966054],[137.035201,36.966004],[137.033163,36.965296],[137.032914,36.965137],[137.032376,36.964954],[137.032039,36.964979],[137.031364,36.964879],[137.030326,36.964429],[137.028876,36.963587],[137.028139,36.963113],[137.027414,36.962479],[137.027052,36.962429],[137.026377,36.962521],[137.026127,36.962521],[137.025652,36.962788],[137.025252,36.963054],[137.023652,36.963404],[137.022664,36.963587],[137.021227,36.963804],[137.020615,36.963729],[137.020027,36.963571],[137.019802,36.963454],[137.019215,36.963029],[137.01874,36.962821],[137.018427,36.962796],[137.017553,36.962796],[137.016653,36.962862],[137.016153,36.962837],[137.015453,36.962671],[137.015078,36.962762],[137.014665,36.96292],[137.014215,36.962845],[137.013628,36.962554],[137.01334,36.962487],[137.012503,36.962437],[137.011766,36.96252],[137.011153,36.962837],[137.010728,36.962787],[137.009778,36.96202],[137.009441,36.961587],[137.008991,36.961337],[137.007541,36.961329],[137.006829,36.961145],[137.006129,36.961145],[137.005179,36.961095],[137.004591,36.961187],[137.004141,36.961454],[137.003791,36.962062],[137.003766,36.962237],[137.003429,36.962595],[137.002717,36.962729],[137.002104,36.962953],[137.000892,36.963062],[137.000192,36.963278],[136.999567,36.96357],[136.999117,36.963953],[136.998579,36.964628],[136.997879,36.965411],[136.997504,36.966011],[136.997167,36.966303],[136.997005,36.966364],[136.99693,36.966561],[136.996292,36.967011],[136.995592,36.967128],[136.995142,36.967128],[136.993955,36.966969],[136.993292,36.966953],[136.992055,36.966978],[136.99163,36.967044],[136.991155,36.967186],[136.990593,36.967253],[136.989968,36.967236],[136.98918,36.967053],[136.988755,36.966986],[136.988255,36.967011],[136.987418,36.967286],[136.987243,36.967286],[136.986856,36.967203],[136.986293,36.966886],[136.986006,36.966561],[136.985856,36.966186],[136.985906,36.965194],[136.985818,36.964719],[136.985618,36.964403],[136.985193,36.964095],[136.984181,36.96357],[136.984093,36.96327],[136.984081,36.962461],[136.984056,36.96237],[136.984094,36.96037],[136.984056,36.95872],[136.983969,36.958162],[136.983881,36.957029],[136.983756,36.956287],[136.983381,36.954887],[136.982831,36.953829],[136.982031,36.952396],[136.981207,36.951396],[136.980332,36.950513],[136.979007,36.94933],[136.977445,36.94768],[136.976195,36.94653],[136.975295,36.945747],[136.974332,36.944897],[136.97387,36.94453],[136.973058,36.944105],[136.972733,36.944405],[136.972233,36.94528],[136.97197,36.945713],[136.971908,36.945938],[136.971908,36.946105],[136.97202,36.946488],[136.971845,36.94668],[136.97102,36.94728],[136.970245,36.947604],[136.96977,36.947696],[136.96962,36.947754],[136.96912,36.947754],[136.96862,36.947996],[136.968183,36.948071],[136.967783,36.948188],[136.967333,36.948579],[136.967221,36.948554],[136.966771,36.948804],[136.966521,36.949104],[136.966183,36.949162],[136.965083,36.948721],[136.964458,36.948546],[136.963846,36.948521],[136.963333,36.948787],[136.963008,36.949137],[136.962784,36.94952],[136.962334,36.949945],[136.961784,36.95027],[136.961421,36.950603],[136.961046,36.951195],[136.960684,36.951487],[136.960146,36.951645],[136.959159,36.951762],[136.958559,36.95192],[136.957971,36.952245],[136.957384,36.952603],[136.956234,36.953586],[136.956059,36.953761],[136.955009,36.954378],[136.954809,36.954536],[136.954197,36.955394],[136.953897,36.955844],[136.953584,36.956053],[136.951347,36.955694],[136.94991,36.955677],[136.948835,36.955569],[136.947447,36.955261],[136.94641,36.954786],[136.94576,36.954544],[136.944823,36.954094],[136.944198,36.953636],[136.943498,36.953269],[136.942735,36.953111],[136.941698,36.952977],[136.94116,36.952869],[136.940548,36.952602],[136.939998,36.951994],[136.939523,36.951811],[136.938423,36.951636],[136.937811,36.951478],[136.937298,36.951169],[136.936711,36.950744],[136.936386,36.950386],[136.935998,36.950019],[136.935599,36.949911],[136.935211,36.950003],[136.934849,36.950253],[136.934424,36.950386],[136.934286,36.950386],[136.933749,36.950269],[136.933299,36.950261],[136.931661,36.950444],[136.930962,36.950552],[136.930912,36.950544],[136.930887,36.950386],[136.931074,36.950119],[136.931149,36.949861],[136.931149,36.949569],[136.931074,36.949269],[136.930724,36.948869],[136.929662,36.948603],[136.929237,36.948378],[136.928724,36.947903],[136.928324,36.947711],[136.927762,36.947728],[136.927262,36.947686],[136.927062,36.947369],[136.927037,36.947211],[136.927087,36.946886],[136.927337,36.946378],[136.927412,36.945286],[136.92735,36.944595],[136.927237,36.944003],[136.927175,36.943895],[136.926425,36.94362],[136.926212,36.943587],[136.924825,36.942162],[136.924325,36.941695],[136.9233,36.940887],[136.9229,36.939754],[136.922788,36.939554],[136.9228,36.939029],[136.92305,36.938562],[136.923025,36.938112],[136.922888,36.937796],[136.922513,36.937612],[136.921901,36.937546],[136.921676,36.937554],[136.920438,36.937804],[136.919851,36.937804],[136.919451,36.937554],[136.919163,36.936629],[136.918839,36.934871],[136.918301,36.934496],[136.918051,36.933996],[136.917876,36.933505],[136.917476,36.93343],[136.916664,36.933571],[136.916439,36.933413],[136.916414,36.932605],[136.916289,36.931946],[136.916151,36.931496],[136.916001,36.931296],[136.915389,36.93078],[136.914927,36.930555],[136.914427,36.930347],[136.914002,36.930263],[136.913802,36.930263],[136.913177,36.93013],[136.913014,36.930063],[136.912389,36.92993],[136.911802,36.929888],[136.911102,36.92978],[136.91059,36.929463],[136.910115,36.92933],[136.909615,36.92933],[136.909015,36.929297],[136.908515,36.929113],[136.906928,36.928105],[136.906503,36.927688],[136.906128,36.927139],[136.906103,36.926822],[136.90594,36.926589],[136.905565,36.926505],[136.90509,36.926664],[136.90494,36.926755],[136.904678,36.926872],[136.903878,36.926489],[136.903253,36.926314],[136.902416,36.926389],[136.901828,36.926389],[136.901178,36.926222],[136.900304,36.925464],[136.899841,36.925014],[136.899029,36.924655],[136.898491,36.924547],[136.897541,36.92448],[136.895579,36.924739],[136.895604,36.92438],[136.895679,36.924064],[136.895567,36.923572],[136.895367,36.92303],[136.894854,36.922014],[136.894504,36.921722],[136.893804,36.921314],[136.893355,36.920931],[136.893155,36.920531],[136.893067,36.920164],[136.892992,36.919681],[136.892992,36.919439],[136.892792,36.918989],[136.892617,36.918723],[136.892192,36.918381],[136.891767,36.918164],[136.891067,36.917964],[136.890368,36.917898],[136.889655,36.917681],[136.88873,36.917256],[136.888243,36.917081],[136.887605,36.916973],[136.88748,36.91684],[136.887405,36.91664],[136.887393,36.916498],[136.887668,36.915756],[136.887718,36.915281],[136.88758,36.914965],[136.886843,36.914298],[136.886643,36.914182],[136.885943,36.91394],[136.885543,36.913923],[136.884906,36.914173],[136.884456,36.914156],[136.883711,36.914321],[136.883269,36.914256],[136.882931,36.914031],[136.882194,36.913831],[136.881469,36.913723],[136.881069,36.91359],[136.880737,36.913578],[136.880481,36.913548],[136.880081,36.91344],[136.879744,36.913398],[136.879269,36.913131],[136.879069,36.913106],[136.878569,36.91314],[136.877419,36.91384],[136.877082,36.914073],[136.876757,36.91459],[136.876569,36.915181],[136.876482,36.915673],[136.876494,36.916014],[136.876632,36.916506],[136.876807,36.917481],[136.876869,36.918089],[136.876794,36.918922],[136.877057,36.919622],[136.877294,36.920122],[136.877305,36.920571],[136.877182,36.920939],[136.876832,36.921722],[136.876494,36.922272],[136.876307,36.922455],[136.875794,36.923063],[136.875269,36.923538],[136.874744,36.92458],[136.874082,36.926588],[136.873844,36.927246],[136.873557,36.927813],[136.873257,36.928154],[136.872944,36.928338],[136.872019,36.928367],[136.871857,36.928413],[136.871732,36.928554],[136.871632,36.928646],[136.871445,36.928746],[136.87112,36.928987],[136.87067,36.929346],[136.870532,36.929479],[136.870432,36.929604],[136.870332,36.929729],[136.870157,36.929971],[136.869982,36.930162],[136.86982,36.930279],[136.86952,36.930504],[136.86937,36.930762],[136.869304,36.93099],[136.869245,36.931179],[136.869095,36.931504],[136.868782,36.931712],[136.868345,36.931895],[136.86792,36.931979],[136.867695,36.932045],[136.867295,36.932137],[136.86707,36.932204],[136.866907,36.93232],[136.866845,36.932387],[136.866807,36.93247],[136.866795,36.932778],[136.866895,36.933478],[136.86692,36.933737],[136.867004,36.933913],[136.867032,36.934245],[136.866927,36.934515],[136.866632,36.934828],[136.865907,36.935728],[136.865832,36.935845],[136.86545,36.936184],[136.864932,36.936345],[136.864945,36.936686],[136.864232,36.936753],[136.86412,36.936328],[136.86217,36.936544],[136.862058,36.936561],[136.861733,36.936536],[136.861558,36.936569],[136.86012,36.936711],[136.859758,36.936761],[136.858926,36.936912],[136.857269,36.937172],[136.856878,36.937548],[136.856579,36.93777],[136.856183,36.937928],[136.856083,36.937969],[136.855928,36.938023],[136.855821,36.938061],[136.855758,36.938078],[136.855408,36.938244],[136.855183,36.938277],[136.854871,36.938277],[136.854696,36.938186],[136.853408,36.938169],[136.853183,36.938244],[136.852721,36.938552],[136.852708,36.938602],[136.852758,36.938694],[136.852821,36.938786],[136.852896,36.938861],[136.852983,36.938944],[136.853133,36.938969],[136.853621,36.938961],[136.853621,36.939202],[136.853508,36.939211],[136.853358,36.939127],[136.853221,36.939119],[136.853296,36.939302],[136.852946,36.939336],[136.852933,36.939577],[136.854508,36.939486],[136.854746,36.939569],[136.855046,36.940885],[136.853533,36.941194],[136.853546,36.940985],[136.853421,36.940969],[136.853183,36.940969],[136.853146,36.940594],[136.854008,36.940402],[136.853958,36.940152],[136.852908,36.94016],[136.852921,36.940352],[136.852558,36.940344],[136.852371,36.941319],[136.852346,36.941794],[136.852358,36.942169],[136.852383,36.942318],[136.852433,36.942552],[136.852521,36.942685],[136.852796,36.942718],[136.852909,36.942844],[136.853108,36.942885],[136.853287,36.942895],[136.853396,36.943002],[136.853471,36.943127],[136.853558,36.94316],[136.853921,36.94311],[136.854671,36.942927],[136.855008,36.94286],[136.854971,36.943052],[136.854946,36.94321],[136.854833,36.943839],[136.854708,36.944443],[136.854683,36.944493],[136.854933,36.944527],[136.854883,36.94476],[136.85487,36.944843],[136.854845,36.944918],[136.854845,36.945001],[136.854833,36.945076],[136.854808,36.945218],[136.85477,36.945368],[136.854733,36.945593],[136.85467,36.945918],[136.854706,36.946298],[136.855213,36.946831],[136.855058,36.947784],[136.854895,36.947976],[136.854683,36.947859],[136.854558,36.947793],[136.854308,36.947643],[136.854033,36.947501],[136.853633,36.947276],[136.853408,36.947143],[136.853296,36.947076],[136.852783,36.946784],[136.852696,36.946743],[136.852621,36.946726],[136.852583,36.946726],[136.852533,36.946709],[136.851846,36.94631],[136.851471,36.946118],[136.851071,36.945893],[136.850783,36.945693],[136.850496,36.945535],[136.849971,36.945285],[136.849808,36.945193],[136.849708,36.945143],[136.849284,36.944901],[136.848946,36.944668],[136.848396,36.945301],[136.847771,36.944651],[136.847696,36.944585],[136.847134,36.944026],[136.846759,36.944276],[136.845784,36.943418],[136.845632,36.943525],[136.845489,36.943643],[136.845409,36.943702],[136.844934,36.94326],[136.844847,36.94321],[136.844672,36.943085],[136.844559,36.943002],[136.843734,36.94256],[136.843159,36.94321],[136.842997,36.943243],[136.842234,36.942827],[136.842534,36.942493],[136.842534,36.942477],[136.842259,36.942285],[136.841722,36.94201],[136.841609,36.941902],[136.841697,36.94176],[136.841872,36.941577],[136.840997,36.941127],[136.840772,36.94146],[136.840797,36.941652],[136.84076,36.941793],[136.84071,36.941818],[136.840522,36.942093],[136.840422,36.942227],[136.840335,36.942302],[136.84011,36.942252],[136.83996,36.942185],[136.839572,36.94201],[136.839425,36.942009],[136.839272,36.942052],[136.839097,36.942168],[136.838822,36.942552],[136.838735,36.942627],[136.83866,36.942718],[136.838285,36.942643],[136.83811,36.942635],[136.837897,36.94261],[136.837685,36.942585],[136.836985,36.942443],[136.836797,36.942402],[136.836485,36.942335],[136.836435,36.942318],[136.835698,36.94216],[136.835498,36.942135],[136.835298,36.942077],[136.835123,36.94206],[136.834848,36.942027],[136.834673,36.941993],[136.834148,36.941735],[136.833573,36.94121],[136.83336,36.940977],[136.833248,36.940843],[136.832948,36.940427],[136.832773,36.940677],[136.832448,36.94046],[136.832336,36.940593],[136.832098,36.940477],[136.832361,36.94011],[136.832473,36.939977],[136.832548,36.93991],[136.832623,36.939835],[136.832561,36.939727],[136.832336,36.939469],[136.832273,36.939394],[136.832211,36.939369],[136.832023,36.93921],[136.831823,36.939094],[136.831598,36.93896],[136.831186,36.938652],[136.831048,36.938544],[136.830673,36.938327],[136.830536,36.938227],[136.830448,36.938127],[136.830323,36.937919],[136.830161,36.937835],[136.830061,36.937769],[136.829911,36.937677],[136.829823,36.93761],[136.828998,36.936927],[136.828836,36.93681],[136.828361,36.936436],[136.828199,36.936369],[136.827761,36.936144],[136.826599,36.935194],[136.826161,36.934877],[136.826149,36.934586],[136.826549,36.934186],[136.826486,36.934011],[136.826374,36.933886],[136.825824,36.933478],[136.825811,36.933036],[136.825087,36.932703],[136.824912,36.932761],[136.822799,36.935952],[136.822924,36.936102],[136.823112,36.936194],[136.823412,36.936319],[136.826124,36.937452],[136.825874,36.937694],[136.825836,36.937777],[136.825811,36.937802],[136.826049,36.938027],[136.825961,36.938144],[136.825949,36.938269],[136.825949,36.938335],[136.826111,36.938435],[136.826436,36.938577],[136.826474,36.938593],[136.826474,36.938743],[136.826324,36.939277],[136.826886,36.939485],[136.827011,36.939377],[136.827134,36.939209],[136.827499,36.939102],[136.827749,36.939185],[136.828236,36.93946],[136.828323,36.939518],[136.828611,36.93966],[136.828998,36.939868],[136.827461,36.942268],[136.828948,36.942851],[136.829061,36.942926],[136.828786,36.943368],[136.828648,36.943535],[136.828598,36.943643],[136.828511,36.943893],[136.828498,36.944043],[136.828461,36.944184],[136.828336,36.944451],[136.828223,36.944626],[136.828036,36.944984],[136.827561,36.945876],[136.827511,36.945959],[136.827073,36.946267],[136.826886,36.946351],[136.826598,36.946601],[136.826523,36.946701],[136.826498,36.946742],[136.826386,36.946867],[136.826348,36.946942],[136.826073,36.947551],[136.825848,36.948026],[136.825823,36.948184],[136.825711,36.948492],[136.825423,36.949184],[136.825586,36.949425],[136.825698,36.9495],[136.825811,36.949509],[136.825873,36.949517],[136.825923,36.9495],[136.826086,36.949475],[136.826373,36.949425],[136.826623,36.949392],[136.826848,36.949384],[136.827036,36.949434],[136.827111,36.949467],[136.827411,36.949675],[136.827523,36.949809],[136.827611,36.949917],[136.827736,36.950034],[136.827873,36.950067],[136.828148,36.950159],[136.828248,36.9502],[136.82846,36.950187],[136.828611,36.950175],[136.828798,36.950075],[136.828898,36.950017],[136.828975,36.949981],[136.829061,36.94995],[136.82917,36.949923],[136.829336,36.9499],[136.829448,36.949909],[136.829585,36.949934],[136.829885,36.949967],[136.830048,36.949992],[136.830185,36.950025],[136.830348,36.950067],[136.830523,36.950167],[136.830648,36.950342],[136.830885,36.950659],[136.83096,36.950784],[136.831085,36.950934],[136.831185,36.95105],[136.831335,36.9511],[136.831723,36.950975],[136.83186,36.950925],[136.831948,36.9509],[136.832148,36.950859],[136.832473,36.950834],[136.832873,36.950892],[136.833048,36.950984],[136.833385,36.951209],[136.833435,36.951259],[136.833597,36.951342],[136.83376,36.951433],[136.834235,36.951867],[136.834622,36.952117],[136.83481,36.95225],[136.835097,36.952408],[136.835535,36.952558],[136.835647,36.952625],[136.83581,36.952758],[136.835935,36.952908],[136.836097,36.953158],[136.836147,36.953417],[136.836185,36.953508],[136.836235,36.953642],[136.836385,36.95375],[136.836622,36.9538],[136.836872,36.953833],[136.837047,36.95385],[136.837197,36.953916],[136.837384,36.954216],[136.837609,36.954333],[136.837709,36.954391],[136.837772,36.954475],[136.837797,36.954583],[136.837834,36.954775],[136.837897,36.954891],[136.837997,36.955016],[136.838084,36.9551],[136.838234,36.955166],[136.838422,36.95525],[136.838497,36.955258],[136.838772,36.955208],[136.838897,36.955158],[136.839459,36.954875],[136.839684,36.954775],[136.839859,36.9547],[136.839971,36.954662],[136.840259,36.954654],[136.840627,36.954667],[136.840994,36.954755],[136.841384,36.954925],[136.841509,36.955033],[136.841621,36.955141],[136.841709,36.955216],[136.841909,36.955291],[136.842059,36.9554],[136.842146,36.955525],[136.842134,36.9558],[136.842146,36.955858],[136.842146,36.95605],[136.842121,36.956341],[136.842121,36.956374],[136.842146,36.956666],[136.842171,36.956749],[136.842296,36.956858],[136.842471,36.957016],[136.842671,36.957216],[136.842771,36.957333],[136.842809,36.957516],[136.842709,36.957658],[136.842646,36.957766],[136.842521,36.957949],[136.842471,36.958116],[136.842503,36.958294],[136.842521,36.958474],[136.842496,36.958666],[136.842521,36.958766],[136.842571,36.958857],[136.842634,36.958941],[136.842909,36.959124],[136.843271,36.959307],[136.843433,36.959357],[136.843833,36.959491],[136.844158,36.959557],[136.844983,36.959641],[136.845096,36.959657],[136.845283,36.959641],[136.845421,36.959641],[136.845746,36.959727],[136.845946,36.959782],[136.846008,36.959891],[136.846096,36.959991],[136.846133,36.960091],[136.846033,36.960324],[136.845846,36.960616],[136.845721,36.960915],[136.845646,36.961099],[136.845608,36.96124],[136.845608,36.961274],[136.845633,36.961349],[136.845783,36.961482],[136.846158,36.961757],[136.846433,36.961849],[136.846795,36.961957],[136.84747,36.962157],[136.847533,36.962215],[136.847645,36.962407],[136.847745,36.962532],[136.84787,36.962582],[136.848133,36.96264],[136.84827,36.962599],[136.848533,36.962565],[136.848783,36.962599],[136.84897,36.96259],[136.849233,36.962582],[136.849445,36.96264],[136.84957,36.962724],[136.849645,36.962782],[136.850133,36.963332],[136.850283,36.963432],[136.85037,36.963465],[136.85052,36.963515],[136.850645,36.963524],[136.850783,36.963532],[136.85092,36.963615],[136.850983,36.963765],[136.850883,36.96419],[136.85092,36.964365],[136.850945,36.964565],[136.851182,36.964807],[136.851345,36.964932],[136.85149,36.9651],[136.851632,36.965198],[136.85182,36.96534],[136.852057,36.965582],[136.852232,36.965715],[136.85242,36.965832],[136.852632,36.96604],[136.852709,36.966177],[136.85267,36.966315],[136.85252,36.966432],[136.852057,36.96649],[136.851882,36.966465],[136.851495,36.966457],[136.851457,36.966457],[136.851207,36.966465],[136.850995,36.966498],[136.850832,36.966532],[136.85062,36.966598],[136.850295,36.96664],[136.850082,36.966706],[136.849957,36.966773],[136.849757,36.96689],[136.849679,36.967033],[136.84967,36.96714],[136.849695,36.967281],[136.849707,36.967481],[136.849707,36.967831],[136.849707,36.967948],[136.84967,36.96804],[136.84952,36.968223],[136.849395,36.968415],[136.848857,36.969065],[136.84877,36.969273],[136.848682,36.969556],[136.84862,36.969706],[136.848495,36.969881],[136.848358,36.969956],[136.848108,36.970048],[136.84772,36.970148],[136.847522,36.970196],[136.847295,36.970356],[136.847233,36.970431],[136.847183,36.970664],[136.84727,36.971006],[136.847308,36.971106],[136.847657,36.971539],[136.847795,36.971689],[136.847857,36.971789],[136.847895,36.971964],[136.847907,36.972089],[136.847845,36.972264],[136.847695,36.972597],[136.847595,36.972714],[136.847207,36.972922],[136.847057,36.973039],[136.846895,36.973339],[136.846695,36.973706],[136.84657,36.973997],[136.846557,36.974281],[136.846545,36.974314],[136.84647,36.974356],[136.846307,36.974314],[136.846158,36.974231],[136.845883,36.974181],[136.845695,36.974131],[136.845495,36.974139],[136.845108,36.974231],[136.845058,36.974239],[136.845008,36.974231],[136.844883,36.974197],[136.844808,36.974156],[136.84462,36.973997],[136.844408,36.973931],[136.844208,36.973914],[136.844008,36.973931],[136.84357,36.974006],[136.843433,36.974039],[136.84307,36.974156],[136.842995,36.974164],[136.842895,36.974214],[136.842495,36.974439],[136.842383,36.974597],[136.842383,36.974772],[136.842458,36.974955],[136.842658,36.975255],[136.842733,36.97538],[136.842758,36.975439],[136.842808,36.97563],[136.842846,36.976144],[136.842895,36.976555],[136.843108,36.976855],[136.843183,36.97698],[136.843308,36.977114],[136.843895,36.977463],[136.844045,36.977538],[136.844183,36.977697],[136.844295,36.977863],[136.844345,36.978022],[136.844307,36.978138],[136.844188,36.978283],[136.84402,36.978438],[136.843895,36.978613],[136.843758,36.978755],[136.84367,36.978905],[136.84367,36.979097],[136.843658,36.97928],[136.843582,36.979813],[136.843541,36.980051],[136.84347,36.980405],[136.843295,36.980888],[136.843207,36.980971],[136.843182,36.98108],[136.842807,36.981555],[136.84267,36.981796],[136.84267,36.981946],[136.84272,36.982113],[136.843007,36.982163],[136.84337,36.98228],[136.843432,36.982313],[136.843495,36.982371],[136.843557,36.982463],[136.843657,36.98258],[136.843782,36.982921],[136.843745,36.983238],[136.84367,36.983471],[136.84362,36.983788],[136.843557,36.984071],[136.843545,36.984121],[136.84352,36.984471],[136.843532,36.984629],[136.843545,36.984788],[136.843545,36.985038],[136.843395,36.985221],[136.84332,36.985279],[136.843257,36.985304],[136.84297,36.985429],[136.842732,36.985513],[136.842607,36.985604],[136.84262,36.985721],[136.842832,36.985938],[136.842945,36.986046],[136.843032,36.986204],[136.843132,36.986346],[136.843207,36.986571],[136.84312,36.986804],[136.843045,36.986929],[136.842982,36.987012],[136.842845,36.987204],[136.842607,36.987496],[136.842545,36.987537],[136.842257,36.987804],[136.842182,36.987904],[136.84222,36.988187],[136.842245,36.988362],[136.84227,36.988612],[136.842332,36.988779],[136.84247,36.988979],[136.84257,36.989112],[136.842657,36.98927],[136.84267,36.989437],[136.842682,36.989562],[136.842645,36.989787],[136.842595,36.990104],[136.842557,36.990312],[136.842395,36.990762],[136.842345,36.990854],[136.842282,36.991062],[136.842307,36.991229],[136.842357,36.991495],[136.842432,36.991704],[136.842473,36.991892],[136.842482,36.992028],[136.842369,36.992328],[136.842248,36.992565],[136.84209,36.992757],[136.841932,36.992953],[136.841631,36.993188],[136.841665,36.993379],[136.841819,36.993562],[136.842232,36.993845],[136.842432,36.99402],[136.842594,36.994137],[136.842719,36.994245],[136.842869,36.994362],[136.843057,36.994453],[136.843244,36.994603],[136.843394,36.994745],[136.843544,36.994987],[136.843632,36.995145],[136.843719,36.995286],[136.843857,36.995661],[136.843932,36.995803],[136.844069,36.99612],[136.844169,36.996261],[136.844231,36.996361],[136.844569,36.996686],[136.845006,36.99697],[136.845181,36.997161],[136.845356,36.997536],[136.845556,36.997845],[136.845706,36.998103],[136.845899,36.998394],[136.846043,36.998556],[136.846235,36.998707],[136.846356,36.99887],[136.846444,36.99907],[136.846556,36.999253],[136.846893,36.999603],[136.846993,36.999795],[136.846981,37.00007],[136.846981,37.00012],[136.846993,37.000211],[136.846993,37.000369],[136.847043,37.000519],[136.847131,37.000836],[136.847224,37.001116],[136.847312,37.001381],[136.847368,37.001619],[136.847456,37.001878],[136.847856,37.002503],[136.848156,37.002836],[136.848331,37.003003],[136.848685,37.003329],[136.849218,37.003828],[136.849318,37.004119],[136.849368,37.004436],[136.849418,37.004619],[136.849768,37.005002],[136.84993,37.005319],[136.84993,37.005702],[136.849905,37.005861],[136.84968,37.006152],[136.849555,37.006352],[136.849568,37.006736],[136.849993,37.007169],[136.850268,37.007485],[136.850493,37.00796],[136.850555,37.008394],[136.85053,37.008752],[136.850168,37.00956],[136.849643,37.010035],[136.849543,37.010277],[136.849714,37.010738],[136.84978,37.011027],[136.849805,37.011385],[136.849993,37.012335],[136.850193,37.012768],[136.850249,37.01312],[136.850217,37.013485],[136.850205,37.013735],[136.850355,37.014076],[136.850405,37.01446],[136.850405,37.014818],[136.850667,37.015251],[136.850742,37.015584],[136.850667,37.015726],[136.850367,37.015901],[136.850067,37.016009],[136.849892,37.016234],[136.84998,37.016959],[136.850155,37.017251],[136.85018,37.017501],[136.850105,37.017634],[136.850192,37.018001],[136.850321,37.018031],[136.850542,37.018092],[136.850892,37.018384],[136.851017,37.018676],[136.850792,37.018992],[136.850717,37.019284],[136.850767,37.019401],[136.85123,37.019767],[136.85123,37.020125],[136.851005,37.020484],[136.85088,37.020592],[136.85073,37.020817],[136.850667,37.02125],[136.850517,37.021517],[136.850192,37.021675],[136.849842,37.021942],[136.84973,37.02205],[136.849605,37.022342],[136.84963,37.022817],[136.84978,37.0232],[136.849929,37.023342],[136.850817,37.024067],[136.851142,37.024433],[136.851192,37.024567],[136.850992,37.024883],[136.850804,37.02535],[136.851054,37.025691],[136.851154,37.025741],[136.851579,37.025833],[136.851828,37.026103],[136.851904,37.026375],[136.852054,37.026691],[136.852317,37.027058],[136.852467,37.02735],[136.852467,37.027641],[136.852367,37.028024],[136.85248,37.028316],[136.852654,37.028458],[136.852879,37.028549],[136.853154,37.028524],[136.853414,37.028715],[136.853681,37.028931],[136.853754,37.029341],[136.854029,37.029658],[136.854329,37.029824],[136.854291,37.030291],[136.853716,37.030607],[136.853466,37.030991],[136.853441,37.031099],[136.853566,37.031391],[136.853891,37.031466],[136.854204,37.031624],[136.854279,37.031849],[136.853929,37.032416],[136.853954,37.032641],[136.854354,37.032907],[136.854591,37.033299],[136.854791,37.033682],[136.855216,37.034132],[136.855441,37.03459],[136.855553,37.035065],[136.856028,37.035382],[136.856503,37.03554],[136.856778,37.035924],[136.856803,37.036065],[136.856491,37.03694],[136.856641,37.037232],[136.857141,37.03744],[136.85744,37.037807],[136.858103,37.038798],[136.858578,37.03914],[136.859728,37.039715],[136.860015,37.040231],[136.86004,37.040573],[136.859915,37.041206],[136.859686,37.041685],[136.859578,37.041898],[136.860002,37.042423],[136.860302,37.042489],[136.860602,37.042514],[136.861052,37.042589],[136.861552,37.042773],[136.861902,37.042839],[136.862152,37.043048],[136.862152,37.043314],[136.861502,37.043381],[136.86089,37.043556],[136.86044,37.043798],[136.86004,37.044072],[136.859252,37.044939],[136.858852,37.045506],[136.85859,37.046047],[136.858365,37.04663],[136.858052,37.047097],[136.857102,37.047839],[136.85684,37.048222],[136.85659,37.048489],[136.85619,37.048622],[136.85589,37.04893],[136.855702,37.049363],[136.855327,37.049563],[136.855078,37.049555],[136.854903,37.049855],[136.854965,37.050397],[136.854715,37.050705],[136.85429,37.050997],[136.853715,37.051238],[136.853178,37.051396],[136.852378,37.051321],[136.851853,37.051388],[136.851303,37.051671],[136.85084,37.052188],[136.85049,37.05273],[136.84989,37.053088],[136.849703,37.053063],[136.84889,37.052605],[136.847791,37.051788],[136.847436,37.051776],[136.846778,37.052654],[136.846303,37.053038],[136.845853,37.053279],[136.845591,37.053754],[136.845441,37.054338],[136.844903,37.054813],[136.844178,37.055079],[136.843953,37.055437],[136.844066,37.056454],[136.843891,37.056921],[136.843803,37.057329],[136.843578,37.057529],[136.843128,37.057462],[136.842928,37.057387],[136.842753,37.057662],[136.842728,37.057995],[136.842891,37.058379],[136.843066,37.059012],[136.843091,37.059195],[136.843291,37.059487],[136.843503,37.060212],[136.843378,37.060728],[136.843165,37.061203],[136.84304,37.061628],[136.842815,37.061987],[136.842466,37.06217],[136.842041,37.062053],[136.841516,37.061662],[136.840916,37.06137],[136.840466,37.06152],[136.840178,37.061812],[136.839903,37.061903],[136.839378,37.061653],[136.838878,37.061603],[136.837978,37.061412],[136.837916,37.061078],[136.838017,37.060765],[136.837957,37.060388],[136.837866,37.060062],[136.837629,37.059587],[136.837579,37.059295],[136.837254,37.05927],[136.836879,37.05942],[136.835966,37.05937],[136.835641,37.059528],[136.835316,37.059503],[136.834891,37.059362],[136.834416,37.059295],[136.834066,37.059428],[136.833841,37.05967],[136.833666,37.059962],[136.833454,37.060187],[136.833354,37.060503],[136.833054,37.060678],[136.832854,37.060836],[136.832529,37.060995],[136.832292,37.061261],[136.832192,37.061645],[136.832217,37.062095],[136.832379,37.062528],[136.833004,37.063228],[136.833129,37.063636],[136.833341,37.064111],[136.833366,37.064453],[136.833741,37.064519],[136.834116,37.064411],[136.834554,37.063936],[136.835254,37.064419],[136.835766,37.065053],[136.835766,37.065319],[136.836066,37.065503],[136.836416,37.065619],[136.836506,37.066013],[136.836128,37.066319],[136.835803,37.066861],[136.835528,37.067152],[136.835228,37.067327],[136.835066,37.067552],[136.834791,37.067752],[136.834741,37.068019],[136.834916,37.068361],[136.834866,37.068636],[136.834978,37.068811],[136.835328,37.069019],[136.835728,37.069111],[136.836178,37.069119],[136.836503,37.069186],[136.836803,37.069319],[136.837028,37.069661],[136.837453,37.070094],[136.837753,37.070844],[136.837741,37.07111],[136.837391,37.07131],[136.836866,37.071469],[136.835741,37.071435],[136.835278,37.071569],[136.834578,37.071969],[136.834028,37.072193],[136.833453,37.072277],[136.832841,37.07241],[136.832191,37.072693],[136.831341,37.073235],[136.830754,37.07366],[136.830279,37.073968],[136.829541,37.074343],[136.828941,37.074476],[136.828291,37.074451],[136.828016,37.07456],[136.828204,37.075443],[136.828054,37.07571],[136.826679,37.076084],[136.826491,37.076059],[136.825604,37.075601],[136.825304,37.075668],[136.824941,37.076118],[136.823829,37.077176],[136.823354,37.077526],[136.822317,37.078017],[136.821842,37.078192],[136.821167,37.078192],[136.820767,37.078434],[136.820404,37.078701],[136.820004,37.078701],[136.819429,37.078542],[136.818954,37.078584],[136.818779,37.078626],[136.818579,37.078984],[136.818292,37.079325],[136.817742,37.079725],[136.817154,37.080734],[136.816405,37.0812],[136.81628,37.081225],[136.81583,37.081175],[136.815555,37.081017],[136.81518,37.080742],[136.81488,37.0807],[136.814455,37.080692],[136.814355,37.080667],[136.814055,37.080442],[136.813605,37.079534],[136.813555,37.079492],[136.813255,37.079625],[136.81293,37.079917],[136.812405,37.080092],[136.812155,37.080092],[136.81168,37.07995],[136.81098,37.079317],[136.810605,37.079225],[136.810405,37.079517],[136.810218,37.079967],[136.809843,37.080483],[136.809543,37.080725],[136.809105,37.081017],[136.80898,37.081517],[136.809055,37.0816],[136.809405,37.08165],[136.80973,37.081742],[136.809955,37.081858],[136.810118,37.081992],[136.81018,37.082175],[136.810043,37.082558],[136.809968,37.082983],[136.810168,37.083641],[136.810367,37.083891],[136.810455,37.084116],[136.81023,37.084883],[136.810005,37.085125],[136.809318,37.085391],[136.809018,37.085549],[136.808518,37.085908],[136.80818,37.086241],[136.80818,37.086699],[136.808243,37.087049],[136.808143,37.087708],[136.808118,37.088033],[136.807843,37.088249],[136.807405,37.088466],[136.80698,37.088532],[136.806355,37.088524],[136.805993,37.088816],[136.805668,37.089199],[136.804855,37.089974],[136.80463,37.090274],[136.804568,37.090674],[136.804743,37.091299],[136.804543,37.09159],[136.80423,37.091907],[136.80368,37.092157],[136.80318,37.092349],[136.802743,37.092549],[136.801543,37.092932],[136.800968,37.093023],[136.800544,37.093022],[136.799643,37.09324],[136.798631,37.093223],[136.798168,37.093348],[136.797181,37.094156],[136.795531,37.095165],[136.794981,37.095573],[136.794118,37.096256],[136.793881,37.096389],[136.793244,37.096614],[136.792669,37.096748],[136.792156,37.096948],[136.791269,37.097481],[136.790356,37.097806],[136.789456,37.098022],[136.789356,37.098122],[136.789081,37.098747],[136.788444,37.099881],[136.788206,37.100147],[136.787956,37.10073],[136.787331,37.101414],[136.787094,37.101814],[136.786906,37.102305],[136.786206,37.103422],[136.786081,37.103822],[136.786094,37.103988],[136.786231,37.104405],[136.786406,37.10478],[136.786381,37.105063],[136.786231,37.105413],[136.786369,37.10608],[136.786394,37.107121],[136.786769,37.10763],[136.786631,37.107988],[136.786444,37.108146],[136.785794,37.108588],[136.785369,37.108796],[136.784931,37.108921],[136.784494,37.109096],[136.784019,37.109338],[136.783544,37.109338],[136.783169,37.109379],[136.782044,37.109971],[136.781856,37.110854],[136.781781,37.111021],[136.781394,37.111396],[136.780894,37.111496],[136.780544,37.111787],[136.780431,37.111929],[136.780144,37.112462],[136.779832,37.112937],[136.779669,37.113387],[136.779656,37.114029],[136.779494,37.114478],[136.779156,37.114862],[136.778457,37.115212],[136.777557,37.115503],[136.777344,37.115703],[136.777332,37.116578],[136.777282,37.11677],[136.776807,37.117336],[136.776619,37.117711],[136.776482,37.11837],[136.776344,37.119278],[136.776369,37.119744],[136.776694,37.119861],[136.777506,37.119928],[136.777806,37.120178],[136.778206,37.121153],[136.778456,37.121486],[136.778781,37.121644],[136.779019,37.121928],[136.778994,37.122252],[136.778869,37.122519],[136.778981,37.123211],[136.778844,37.123611],[136.778619,37.124002],[136.778706,37.124261],[136.778919,37.124511],[136.779343,37.125252],[136.780493,37.125894],[136.781006,37.126019],[136.781593,37.125977],[136.782681,37.125827],[136.783143,37.125894],[136.783306,37.125961],[136.783468,37.12626],[136.783418,37.126702],[136.78388,37.126927],[136.784293,37.127019],[136.784668,37.12726],[136.784768,37.12736],[136.784755,37.127435],[136.784855,37.12781],[136.784593,37.12831],[136.784568,37.128702],[136.784793,37.128877],[136.78533,37.129044],[136.78553,37.129252],[136.785618,37.129735],[136.785855,37.130052],[136.78583,37.130377],[136.785555,37.130602],[136.785193,37.130793],[136.78498,37.131127],[136.784793,37.131527],[136.784643,37.132026],[136.78453,37.13266],[136.784705,37.132818],[136.785293,37.13311],[136.785718,37.133476],[136.785955,37.133976],[136.785905,37.134468],[136.785605,37.134835],[136.785118,37.135168],[136.784843,37.135518],[136.784405,37.135834],[136.78328,37.136276],[136.783118,37.136384],[136.78278,37.136709],[136.78223,37.137451],[136.782093,37.137776],[136.782193,37.138192],[136.782055,37.138584],[136.78178,37.138809],[136.781693,37.139234],[136.781893,37.139576],[136.781918,37.13995],[136.78173,37.140375],[136.78158,37.140917],[136.781493,37.141484],[136.78148,37.142767],[136.781343,37.143833],[136.781368,37.144417],[136.781442,37.1446],[136.781767,37.144808],[136.782455,37.1448],[136.78263,37.145025],[136.78263,37.145467],[136.782817,37.146175],[136.782705,37.1465],[136.782505,37.146758],[136.782542,37.146941],[136.78288,37.1471],[136.783217,37.147408],[136.783892,37.148358],[136.784267,37.14875],[136.784505,37.149141],[136.785879,37.150266],[136.785829,37.150558],[136.785517,37.150924],[136.785279,37.151316],[136.785229,37.151733],[136.785254,37.152616],[136.785367,37.152941],[136.785729,37.153316],[136.785767,37.153682],[136.785904,37.153974],[136.786129,37.154282],[136.786129,37.154416],[136.785842,37.155116],[136.785442,37.155449],[136.785179,37.155616],[136.784917,37.156091],[136.784954,37.156299],[136.785379,37.156549],[136.786467,37.156824],[136.786892,37.15714],[136.787192,37.15759],[136.787441,37.15809],[136.787591,37.158157],[136.788066,37.158249],[136.788554,37.158274],[136.789016,37.158357],[136.789529,37.158615],[136.789804,37.158982],[136.790104,37.160065],[136.790366,37.160349],[136.790816,37.160499],[136.791304,37.160615],[136.791578,37.160857],[136.791753,37.16124],[136.792041,37.16144],[136.792253,37.161723],[136.792353,37.162023],[136.792616,37.162182],[136.792966,37.162282],[136.793353,37.162682],[136.793366,37.16314],[136.793503,37.163515],[136.793791,37.163948],[136.794166,37.164323],[136.794715,37.164765],[136.795465,37.165265],[136.796315,37.16634],[136.796853,37.167381],[136.796965,37.167706],[136.796803,37.168356],[136.796915,37.168648],[136.797153,37.168848],[136.797328,37.169056],[136.797378,37.169256],[136.797278,37.169648],[136.797277,37.170356],[136.79739,37.170606],[136.798052,37.170948],[136.798365,37.171356],[136.79859,37.171856],[136.798777,37.172639],[136.799002,37.173056],[136.799277,37.173389],[136.800114,37.173739],[136.800189,37.173814],[136.800227,37.173939],[136.800014,37.174347],[136.800002,37.174739],[136.800377,37.175481],[136.800339,37.175664],[136.800139,37.175856],[136.800114,37.176114],[136.800377,37.17723],[136.800014,37.17888],[136.800277,37.17918],[136.800477,37.179247],[136.800889,37.179313],[136.801052,37.17963],[136.801126,37.180172],[136.801126,37.180697],[136.801214,37.181213],[136.801126,37.182788],[136.801351,37.183221],[136.801939,37.183971],[136.802414,37.184313],[136.802814,37.184746],[136.803014,37.185263],[136.803438,37.185696],[136.803701,37.186146],[136.803663,37.186371],[136.803526,37.186821],[136.803513,37.186996],[136.803626,37.187363],[136.803951,37.188388],[136.804238,37.188871],[136.804113,37.189079],[136.804013,37.189187],[136.803651,37.189304],[136.803388,37.189629],[136.803376,37.190171],[136.803151,37.190321],[136.803088,37.190537],[136.803288,37.191021],[136.803788,37.191062],[136.804038,37.191004],[136.804626,37.190737],[136.8062,37.190696],[136.80775,37.190612],[136.80795,37.190671],[136.808075,37.191187],[136.807975,37.191387],[136.807888,37.191887],[136.808213,37.192337],[136.808588,37.192746],[136.808887,37.193487],[136.809075,37.193812],[136.8092,37.193895],[136.8098,37.19397],[136.8108,37.193979],[136.811525,37.19387],[136.811962,37.193637],[136.812662,37.193412],[136.813812,37.193454],[136.814537,37.193704],[136.814762,37.193862],[136.815474,37.194879],[136.816149,37.195412],[136.816399,37.195754],[136.816724,37.195879],[136.817099,37.19587],[136.817612,37.195712],[136.818237,37.195645],[136.818836,37.195762],[136.819524,37.196112],[136.820924,37.196854],[136.821449,37.19707],[136.821749,37.19732],[136.821899,37.197612],[136.821899,37.197904],[136.821536,37.198379],[136.822111,37.198395],[136.822636,37.19847],[136.822711,37.19852],[136.822911,37.199037],[136.822986,37.199378],[136.823111,37.199695],[136.823348,37.199878],[136.824036,37.19982],[136.826336,37.199812],[136.826911,37.199745],[136.827948,37.199462],[136.82836,37.199504],[136.828623,37.199712],[136.828773,37.200312],[136.828935,37.200454],[136.828998,37.200479],[136.82936,37.200437],[136.82981,37.200437],[136.829985,37.200462],[136.830235,37.200737],[136.83046,37.200937],[136.830735,37.201012],[136.831135,37.201037],[136.831773,37.200562],[136.832123,37.200387],[136.83231,37.200362],[136.832722,37.20052],[136.833065,37.200731],[136.83331,37.200887],[136.833626,37.200884],[136.83381,37.200804],[136.834235,37.20077],[136.834535,37.200487],[136.834847,37.200179],[136.835172,37.199987],[136.835397,37.199937],[136.835572,37.200037],[136.835935,37.200104],[136.83626,37.200054],[136.83671,37.199562],[136.836997,37.199412],[136.837835,37.199279],[136.838219,37.199332],[136.838372,37.199371],[136.838497,37.199354],[136.83861,37.199204],[136.83861,37.198829],[136.838772,37.198579],[136.839047,37.198546],[136.839322,37.198654],[136.839997,37.199304],[136.840109,37.199346],[136.842022,37.199104],[136.842409,37.199029],[136.843047,37.198654],[136.843497,37.198296],[136.844084,37.198096],[136.844734,37.198104],[136.846184,37.198363],[136.846809,37.198454],[136.847346,37.198413],[136.847696,37.198321],[136.848096,37.198055],[136.848871,37.197288],[136.849534,37.196821],[136.850034,37.196513],[136.850409,37.196221],[136.850584,37.195997],[136.850634,37.195813],[136.849871,37.195088],[136.849621,37.194705],[136.849646,37.194347],[136.849859,37.193938],[136.849884,37.192897],[136.850134,37.192272],[136.850046,37.191855],[136.849771,37.191272],[136.849796,37.190797],[136.850084,37.190555],[136.850659,37.190306],[136.851209,37.190081],[136.851559,37.189747],[136.851771,37.189139],[136.851896,37.188214],[136.851859,37.187631],[136.851759,37.187156],[136.851459,37.186614],[136.850697,37.185698],[136.850522,37.185248],[136.850747,37.184206],[136.850909,37.183831],[136.851484,37.183498],[136.851809,37.183131],[136.852109,37.18284],[136.852797,37.182557],[136.853171,37.182557],[136.853546,37.182665],[136.853671,37.182665],[136.853996,37.182498],[136.854196,37.182223],[136.854621,37.182048],[136.855184,37.181873],[136.855334,37.181515],[136.855321,37.181223],[136.855071,37.181198],[136.854796,37.18114],[136.854309,37.181073],[136.853259,37.180998],[136.853134,37.180682],[136.853172,37.179965],[136.853272,37.179624],[136.853672,37.179082],[136.854134,37.178099],[136.854184,37.177332],[136.854247,37.17719],[136.854472,37.176682],[136.854747,37.176266],[136.854909,37.176066],[136.855059,37.175441],[136.855197,37.175149],[136.855909,37.174932],[136.856159,37.174991],[136.856771,37.175324],[136.857446,37.175891],[136.857759,37.175999],[136.858159,37.175974],[136.859384,37.176182],[136.860009,37.176191],[136.861108,37.175991],[136.862883,37.175799],[136.863346,37.175874],[136.863683,37.176116],[136.864158,37.176624],[136.864408,37.177032],[136.864483,37.177232],[136.864608,37.177491],[136.86502,37.177624],[136.865558,37.177582],[136.865983,37.177657],[136.866333,37.177816],[136.866745,37.178132],[136.867145,37.178399],[136.867445,37.178766],[136.867645,37.179174],[136.868345,37.179607],[136.86877,37.179657],[136.86897,37.179566],[136.869095,37.179299],[136.869032,37.178557],[136.86922,37.178407],[136.86952,37.178341],[136.869857,37.178491],[136.870645,37.179057],[136.870907,37.179199],[136.87142,37.179399],[136.871632,37.179382],[136.872006,37.179253],[136.87222,37.179116],[136.872745,37.178858],[136.872982,37.178708],[136.873357,37.178333],[136.873807,37.178166],[136.875132,37.177966],[136.875544,37.177841],[136.876032,37.177533],[136.876207,37.177274],[136.876882,37.17695],[136.877119,37.176666],[136.877544,37.176425],[136.877982,37.176316],[136.878382,37.176125],[136.879194,37.175275],[136.879506,37.174992],[136.879569,37.174842],[136.879681,37.173992],[136.879731,37.173883],[136.880069,37.173717],[136.880456,37.173692],[136.881044,37.173825],[136.881919,37.173892],[136.882366,37.17372],[136.882681,37.173209],[136.882656,37.172775],[136.882919,37.171975],[136.883206,37.171517],[136.883406,37.1711],[136.883494,37.170717],[136.883481,37.170551],[136.883581,37.170209],[136.883756,37.169934],[136.883994,37.169917],[136.884331,37.169951],[136.884681,37.169942],[136.885356,37.170026],[136.885756,37.170026],[136.885993,37.169992],[136.886381,37.169651],[136.886643,37.169226],[136.886806,37.169109],[136.887031,37.169093],[136.887606,37.169251],[136.887854,37.169208],[136.887993,37.169109],[136.888243,37.169018],[136.889043,37.168951],[136.889181,37.168884]]],"type":"Polygon"},"properties":{"yomi":"かしま","name":"鹿島","pref":"石川県","kuni_id":"K37","id_url":"G37002.html","kuni_url":"/kg/resource/K37.html","kuni":"能登","id":"G37002"},"type":"Feature"},{"properties":{"yomi":"かしま","name":"鹿島","pref":"石川県","kuni_id":"K37","id_url":"G37002.html","kuni_url":"/kg/resource/K37.html","kuni":"能登","id":"G37002"},"geometry":{"type":"Polygon","coordinates":[[[137.001241,37.134939],[137.004822,37.135234],[137.006997,37.136034],[137.008046,37.137192],[137.007824,37.139192],[137.007821,37.139383],[137.007859,37.140008],[137.007984,37.140441],[137.008209,37.140808],[137.008434,37.141166],[137.008421,37.141508],[137.008271,37.141891],[137.008246,37.142341],[137.008384,37.142766],[137.008608,37.142974],[137.008733,37.142949],[137.009296,37.142391],[137.009696,37.142258],[137.010171,37.142033],[137.010408,37.1417],[137.010508,37.141291],[137.010608,37.141133],[137.010883,37.141],[137.01111,37.140961],[137.011521,37.14087],[137.011921,37.14085],[137.012496,37.140877],[137.013521,37.140866],[137.013796,37.140908],[137.014271,37.141166],[137.014783,37.141775],[137.015058,37.142],[137.015183,37.142341],[137.015058,37.1425],[137.014783,37.142675],[137.01432,37.143283],[137.014045,37.143441],[137.01362,37.143616],[137.013383,37.143999],[137.013408,37.144024],[137.013695,37.143958],[137.014145,37.143691],[137.014445,37.143599],[137.01542,37.143716],[137.01582,37.143858],[137.01602,37.144174],[137.01642,37.144408],[137.016895,37.144433],[137.017445,37.144274],[137.017645,37.14405],[137.01772,37.143875],[137.01802,37.143808],[137.018195,37.143833],[137.018633,37.143808],[137.019008,37.143633],[137.019383,37.143366],[137.019783,37.143008],[137.020095,37.142625],[137.02037,37.142466],[137.021395,37.142366],[137.02197,37.142392],[137.022049,37.142678],[137.022145,37.142865],[137.022195,37.142958],[137.022195,37.143316],[137.022457,37.143658],[137.022645,37.143525],[137.022875,37.14366],[137.023132,37.143841],[137.023257,37.144041],[137.023357,37.144291],[137.02344,37.144413],[137.023532,37.1445],[137.023682,37.144683],[137.024082,37.145041],[137.024057,37.145291],[137.023719,37.145991],[137.023619,37.146324],[137.023607,37.146574],[137.023817,37.146952],[137.023957,37.147258],[137.024082,37.147499],[137.024332,37.147733],[137.024382,37.147933],[137.024194,37.148274],[137.023869,37.148316],[137.023619,37.148266],[137.023394,37.148307],[137.023044,37.149032],[137.022782,37.149182],[137.022632,37.149432],[137.022682,37.149707],[137.022882,37.149974],[137.023282,37.150382],[137.024044,37.150999],[137.024319,37.151274],[137.024694,37.151524],[137.024694,37.151882],[137.024692,37.152383],[137.024681,37.152807],[137.024656,37.153032],[137.024869,37.153507],[137.025069,37.153849],[137.025569,37.154532],[137.025554,37.154936],[137.025281,37.155273],[137.025331,37.155765],[137.025681,37.156223],[137.025744,37.156407],[137.025544,37.156782],[137.025681,37.157261],[137.025669,37.157598],[137.025664,37.157855],[137.025581,37.158248],[137.025531,37.158498],[137.025606,37.158948],[137.025781,37.158956],[137.025906,37.158946],[137.026181,37.158998],[137.026981,37.159231],[137.027256,37.159348],[137.027318,37.159481],[137.027368,37.159823],[137.027468,37.160115],[137.028018,37.160773],[137.027918,37.160956],[137.027906,37.161114],[137.028031,37.161273],[137.028531,37.161723],[137.028731,37.161839],[137.029356,37.161906],[137.029581,37.161998],[137.029905,37.162298],[137.02993,37.162414],[137.02988,37.162548],[137.03018,37.162731],[137.03023,37.162748],[137.030405,37.162639],[137.030905,37.163098],[137.031043,37.163389],[137.031093,37.163614],[137.031268,37.163731],[137.031643,37.163839],[137.032018,37.163664],[137.032293,37.163873],[137.032218,37.164523],[137.032043,37.164639],[137.032105,37.164956],[137.03238,37.165314],[137.03263,37.165472],[137.03303,37.166181],[137.033242,37.166539],[137.033867,37.166906],[137.034067,37.167064],[137.034192,37.167064],[137.034592,37.166839],[137.035005,37.166706],[137.03548,37.166847],[137.035442,37.167047],[137.035517,37.167297],[137.035617,37.167347],[137.035692,37.167797],[137.036117,37.167914],[137.036242,37.167889],[137.037092,37.168081],[137.037892,37.168064],[137.039229,37.167797],[137.039404,37.167797],[137.039904,37.168122],[137.040754,37.167947],[137.041055,37.166704],[137.041517,37.166464],[137.042004,37.165764],[137.042304,37.165156],[137.042767,37.164506],[137.043142,37.164106],[137.043454,37.163831],[137.043954,37.163631],[137.044429,37.16364],[137.044804,37.163598],[137.045129,37.163481],[137.045404,37.163423],[137.045429,37.163306],[137.045017,37.16274],[137.044867,37.162381],[137.044817,37.161857],[137.045404,37.161457],[137.045204,37.161165],[137.044979,37.161165],[137.044529,37.160732],[137.044521,37.160625],[137.044692,37.159757],[137.044842,37.159715],[137.044917,37.159623],[137.044992,37.159623],[137.045117,37.159557],[137.045092,37.159398],[137.045267,37.159132],[137.045654,37.159065],[137.046029,37.158707],[137.046279,37.158399],[137.047204,37.158424],[137.047779,37.15834],[137.047941,37.158249],[137.048616,37.158274],[137.048991,37.158257],[137.049091,37.158124],[137.049116,37.15774],[137.049066,37.157357],[137.048904,37.157124],[137.048629,37.157016],[137.048404,37.156874],[137.048254,37.156716],[137.048129,37.156357],[137.048154,37.156199],[137.048397,37.156128],[137.048629,37.156041],[137.048829,37.156041],[137.048979,37.155932],[137.049167,37.155524],[137.049292,37.155032],[137.049604,37.154449],[137.049154,37.154108],[137.049054,37.153991],[137.049567,37.153183],[137.049667,37.153141],[137.050017,37.153258],[137.050167,37.153283],[137.050367,37.153099],[137.050167,37.152916],[137.050692,37.152358],[137.051304,37.152316],[137.052379,37.15165],[137.052841,37.151091],[137.053166,37.151091],[137.053416,37.150908],[137.053516,37.150616],[137.053504,37.1503],[137.053679,37.150008],[137.054079,37.149542],[137.054241,37.149133],[137.054166,37.148617],[137.054116,37.148592],[137.053841,37.148592],[137.053217,37.148425],[137.053067,37.14865],[137.052979,37.148967],[137.052829,37.14915],[137.051179,37.149317],[137.050779,37.149317],[137.049704,37.148967],[137.049004,37.14865],[137.048754,37.148442],[137.048454,37.148483],[137.048379,37.148533],[137.04703,37.147708],[137.045942,37.146908],[137.044892,37.146158],[137.044343,37.145708],[137.044393,37.145275],[137.04358,37.144725],[137.04328,37.144475],[137.04343,37.144209],[137.04348,37.144234],[137.04393,37.144009],[137.043905,37.143784],[137.043968,37.143217],[137.043393,37.142925],[137.043143,37.142467],[137.04268,37.141834],[137.04233,37.141634],[137.04213,37.141309],[137.04188,37.141042],[137.041381,37.140701],[137.041181,37.140401],[137.040943,37.139542],[137.041018,37.139001],[137.040968,37.138959],[137.040606,37.138817],[137.040706,37.137876],[137.041281,37.137701],[137.041368,37.137609],[137.041293,37.137268],[137.041293,37.137018],[137.041193,37.136768],[137.041318,37.136551],[137.041506,37.136393],[137.041906,37.136301],[137.042206,37.135943],[137.042506,37.13581],[137.042631,37.135543],[137.042843,37.134576],[137.043406,37.134102],[137.043556,37.133702],[137.043606,37.133318],[137.044218,37.132777],[137.044543,37.132218],[137.044543,37.131852],[137.044206,37.131335],[137.044256,37.131135],[137.044481,37.130977],[137.045406,37.131002],[137.048168,37.130435],[137.048959,37.130314],[137.05023,37.129277],[137.049743,37.125736],[137.048006,37.126553],[137.047431,37.125761],[137.048106,37.124011],[137.048406,37.124078],[137.048681,37.123986],[137.049081,37.123945],[137.049581,37.123611],[137.049743,37.12357],[137.049968,37.12337],[137.049993,37.123186],[137.049943,37.123003],[137.049143,37.12232],[137.049023,37.122288],[137.048943,37.122278],[137.048818,37.12212],[137.048818,37.122028],[137.048881,37.122003],[137.048931,37.121895],[137.048756,37.121712],[137.048781,37.121487],[137.048681,37.121328],[137.048481,37.121278],[137.048181,37.121278],[137.047581,37.121162],[137.047156,37.120978],[137.046381,37.120362],[137.046106,37.120295],[137.045956,37.120228],[137.046006,37.120045],[137.045994,37.119862],[137.045694,37.119678],[137.045569,37.119637],[137.045294,37.119637],[137.045069,37.119678],[137.044906,37.11977],[137.044656,37.119837],[137.044281,37.119853],[137.043906,37.119712],[137.043144,37.119145],[137.042844,37.118828],[137.042894,37.118603],[137.042844,37.118395],[137.042319,37.117829],[137.041932,37.117579],[137.041007,37.117145],[137.040707,37.117162],[137.04037,37.117279],[137.04012,37.117454],[137.03987,37.117587],[137.03872,37.117828],[137.038345,37.117845],[137.03807,37.117687],[137.03787,37.117645],[137.037395,37.11782],[137.036607,37.117837],[137.036157,37.11772],[137.035482,37.117712],[137.034958,37.117712],[137.034508,37.117553],[137.034183,37.11737],[137.033945,37.117028],[137.033183,37.116995],[137.032858,37.11702],[137.032558,37.11722],[137.032233,37.117378],[137.031833,37.117287],[137.031683,37.117195],[137.031083,37.116553],[137.030858,37.116395],[137.030558,37.116303],[137.030158,37.116253],[137.029658,37.116253],[137.028958,37.116337],[137.028708,37.116312],[137.028433,37.116178],[137.028208,37.116178],[137.028083,37.11622],[137.027633,37.116262],[137.027208,37.116595],[137.026858,37.116478],[137.026434,37.116295],[137.025909,37.115928],[137.025509,37.115478],[137.024721,37.114887],[137.024471,37.114612],[137.024021,37.113845],[137.023746,37.11357],[137.023609,37.113295],[137.023434,37.11242],[137.023122,37.11147],[137.022947,37.111379],[137.022722,37.111329],[137.022297,37.111329],[137.021972,37.111212],[137.021597,37.111229],[137.021272,37.111387],[137.021109,37.111654],[137.021059,37.111904],[137.020884,37.112037],[137.020684,37.112287],[137.020584,37.112579],[137.020697,37.112804],[137.020697,37.113054],[137.020472,37.11337],[137.020447,37.113703],[137.020509,37.114045],[137.020434,37.114178],[137.020184,37.114178],[137.019684,37.114287],[137.019284,37.11437],[137.018884,37.114345],[137.018409,37.114253],[137.018384,37.114212],[137.018459,37.11412],[137.018434,37.113987],[137.018184,37.113895],[137.018184,37.11342],[137.018234,37.113395],[137.018247,37.113037],[137.017922,37.112987],[137.017772,37.112828],[137.017622,37.112737],[137.017535,37.112689],[137.017247,37.112528],[137.017097,37.112578],[137.016647,37.112462],[137.016447,37.112528],[137.016222,37.112478],[137.015997,37.112253],[137.015972,37.112187],[137.015797,37.112253],[137.015672,37.112228],[137.015597,37.112095],[137.015397,37.112178],[137.015297,37.11207],[137.015172,37.112045],[137.014997,37.112045],[137.014672,37.111945],[137.014297,37.111903],[137.014097,37.112395],[137.013935,37.112512],[137.01366,37.112528],[137.01331,37.112503],[137.012985,37.112345],[137.01271,37.112345],[137.01251,37.112478],[137.01221,37.112428],[137.011835,37.112762],[137.011147,37.113236],[137.011147,37.11332],[137.011747,37.114278],[137.01186,37.114678],[137.012035,37.11502],[137.01246,37.115386],[137.012435,37.115636],[137.01226,37.115786],[137.012322,37.116036],[137.012847,37.116653],[137.013097,37.116744],[137.013247,37.116878],[137.013022,37.117169],[137.012822,37.117353],[137.01256,37.117486],[137.011885,37.117703],[137.011485,37.117769],[137.01101,37.117561],[137.01031,37.117086],[137.010097,37.116628],[137.010022,37.116003],[137.009872,37.115769],[137.009647,37.115703],[137.009397,37.115903],[137.009222,37.115811],[137.008998,37.115719],[137.008298,37.115736],[137.007998,37.115261],[137.007648,37.115261],[137.007273,37.115528],[137.007285,37.116411],[137.006985,37.116769],[137.006885,37.117086],[137.007048,37.117469],[137.007198,37.117627],[137.007548,37.117919],[137.007498,37.118144],[137.007198,37.118327],[137.006585,37.118952],[137.00666,37.119294],[137.00676,37.119744],[137.007072,37.120444],[137.007072,37.120694],[137.007022,37.120735],[137.006572,37.12076],[137.006497,37.120735],[137.006397,37.12046],[137.006347,37.120419],[137.006048,37.12046],[137.005698,37.12046],[137.005348,37.120302],[137.005248,37.119985],[137.005135,37.119369],[137.00486,37.11926],[137.00456,37.119302],[137.004298,37.119527],[137.004223,37.119544],[137.003923,37.119569],[137.003832,37.119677],[137.004123,37.11986],[137.004148,37.120135],[137.004098,37.120494],[137.003285,37.120419],[137.003735,37.118977],[137.003835,37.118977],[137.004085,37.118752],[137.00406,37.118594],[137.005048,37.117744],[137.005273,37.117477],[137.005323,37.117319],[137.005248,37.117052],[137.00526,37.116644],[137.004723,37.115128],[137.004698,37.114769],[137.004973,37.114403],[137.00526,37.113711],[137.00546,37.113395],[137.005835,37.113195],[137.006198,37.113036],[137.006398,37.112886],[137.006548,37.112611],[137.006348,37.112428],[137.005623,37.11227],[137.005073,37.112086],[137.004623,37.112036],[137.004123,37.112186],[137.003623,37.112545],[137.002961,37.112944],[137.002448,37.113736],[137.002173,37.113978],[137.001723,37.114178],[137.001398,37.114536],[137.000836,37.115277],[137.000711,37.115711],[137.000723,37.116202],[137.000648,37.116611],[137.000373,37.116744],[136.999873,37.116811],[136.999798,37.116961],[136.999911,37.117052],[137.000336,37.117194],[137.000636,37.117336],[137.000911,37.117627],[137.001136,37.118035],[137.001086,37.118327],[137.000923,37.118619],[137.000898,37.119227],[137.000723,37.119319],[136.998873,37.119352],[136.998061,37.11946],[136.997736,37.119543],[136.997411,37.119568],[136.996997,37.119489],[136.996398,37.119418],[136.995848,37.11861],[136.995386,37.118385],[136.993949,37.117844],[136.993536,37.117302],[136.993399,37.117169],[136.992524,37.115702],[136.992324,37.115344],[136.991861,37.115119],[136.991861,37.115144],[136.991724,37.115144],[136.991586,37.115077],[136.991586,37.114985],[136.991399,37.114785],[136.990949,37.11456],[136.990487,37.114469],[136.989937,37.114219],[136.989499,37.113952],[136.988374,37.113344],[136.988062,37.113211],[136.987649,37.113186],[136.987437,37.113069],[136.987099,37.112644],[136.98675,37.112327],[136.986571,37.112139],[136.9863,37.111861],[136.98565,37.111519],[136.985175,37.111319],[136.985012,37.111161],[136.984575,37.110527],[136.984153,37.110096],[136.983637,37.109611],[136.983138,37.109086],[136.982538,37.108253],[136.982238,37.108011],[136.98165,37.107786],[136.981375,37.107561],[136.98105,37.107511],[136.980688,37.107311],[136.980247,37.106838],[136.980113,37.106611],[136.980063,37.106436],[136.979813,37.106211],[136.979563,37.105919],[136.979426,37.105686],[136.979451,37.105419],[136.979563,37.105395],[136.979625,37.105371],[136.979751,37.105236],[136.979788,37.105153],[136.979751,37.105103],[136.979813,37.105036],[136.979701,37.104903],[136.979613,37.104928],[136.978788,37.104545],[136.978438,37.104403],[136.978376,37.104253],[136.978351,37.10362],[136.978163,37.10357],[136.978138,37.103461],[136.978301,37.103461],[136.978188,37.101678],[136.977913,37.100445],[136.977576,37.099612],[136.977089,37.098779],[136.976839,37.098487],[136.976864,37.098345],[136.976801,37.098237],[136.976251,37.097629],[136.976014,37.097512],[136.975464,37.096979],[136.975376,37.096995],[136.975214,37.09722],[136.975076,37.097495],[136.974889,37.097762],[136.974576,37.097987],[136.974276,37.09837],[136.974114,37.098662],[136.973839,37.098937],[136.973626,37.099045],[136.973426,37.099028],[136.973239,37.09907],[136.972964,37.099278],[136.972689,37.099437],[136.972089,37.099295],[136.972052,37.099095],[136.971936,37.098959],[136.970652,37.097837],[136.970739,37.097612],[136.970539,37.097453],[136.969964,37.097545],[136.969689,37.097628],[136.969302,37.098103],[136.968614,37.098553],[136.968377,37.098787],[136.968265,37.099028],[136.968377,37.099911],[136.968489,37.100378],[136.968514,37.100811],[136.968189,37.101736],[136.967964,37.102211],[136.967714,37.102436],[136.967097,37.102855],[136.966952,37.103511],[136.967002,37.103628],[136.966864,37.103811],[136.966677,37.103828],[136.966514,37.104011],[136.966039,37.104328],[136.965414,37.104594],[136.965115,37.104594],[136.964265,37.104327],[136.963402,37.104169],[136.963127,37.103944],[136.962908,37.103963],[136.96269,37.103927],[136.962502,37.103836],[136.962415,37.103694],[136.962376,37.103642],[136.962202,37.103494],[136.961128,37.102569],[136.96069,37.102436],[136.960603,37.102594],[136.96044,37.102503],[136.960515,37.102328],[136.96024,37.102103],[136.959965,37.102103],[136.959862,37.102068],[136.959728,37.102011],[136.95934,37.101894],[136.958765,37.101811],[136.95824,37.101761],[136.958153,37.101786],[136.958078,37.101944],[136.95774,37.102036],[136.95769,37.102103],[136.957278,37.101969],[136.95714,37.101494],[136.956616,37.101111],[136.955878,37.100478],[136.955653,37.100253],[136.954828,37.099628],[136.954391,37.099194],[136.954053,37.098928],[136.952966,37.098519],[136.952882,37.098333],[136.952741,37.098161],[136.951891,37.097803],[136.951454,37.097578],[136.951116,37.097261],[136.950954,37.096878],[136.950841,37.095978],[136.950816,37.095345],[136.950729,37.094828],[136.950479,37.094561],[136.949654,37.093978],[136.949354,37.093595],[136.949192,37.093212],[136.948892,37.092803],[136.948417,37.092537],[136.948254,37.092262],[136.947867,37.091903],[136.947455,37.091587],[136.946967,37.09132],[136.94663,37.091253],[136.946417,37.09132],[136.946217,37.091345],[136.945942,37.091162],[136.945642,37.091045],[136.945455,37.091162],[136.945317,37.09157],[136.945542,37.092245],[136.945455,37.092537],[136.945042,37.092645],[136.944742,37.09267],[136.944655,37.092803],[136.944955,37.093103],[136.945342,37.09357],[136.945455,37.093636],[136.945867,37.093753],[136.946192,37.093886],[136.946442,37.094203],[136.946504,37.094561],[136.945892,37.095395],[136.945729,37.095736],[136.945679,37.09607],[136.945867,37.096753],[136.945904,37.097428],[136.945979,37.098353],[136.946317,37.098369],[136.946392,37.098803],[136.946328,37.099558],[136.946417,37.099336],[136.946479,37.099269],[136.946067,37.100536],[136.945767,37.100577],[136.945429,37.101411],[136.946017,37.101636],[136.945979,37.101727],[136.945567,37.102202],[136.945329,37.102427],[136.944717,37.103419],[136.944642,37.103444],[136.943892,37.103469],[136.943429,37.104027],[136.943292,37.104119],[136.942942,37.103935],[136.942629,37.103894],[136.942417,37.103985],[136.942329,37.104118],[136.942304,37.104343],[136.942392,37.104702],[136.942467,37.105627],[136.943629,37.105627],[136.943742,37.106418],[136.943447,37.106727],[136.943267,37.107202],[136.942917,37.10806],[136.942279,37.108218],[136.941729,37.109276],[136.942391,37.109776],[136.942091,37.110043],[136.941354,37.109726],[136.940629,37.111018],[136.940192,37.110884],[136.939842,37.111468],[136.939892,37.111801],[136.940304,37.112792],[136.940554,37.112884],[136.940666,37.113084],[136.940666,37.113226],[136.940466,37.113851],[136.940229,37.114351],[136.940066,37.114459],[136.939291,37.115459],[136.939016,37.11575],[136.938791,37.115909],[136.938491,37.115975],[136.938216,37.11595],[136.938054,37.115975],[136.937942,37.116134],[136.937729,37.116292],[136.937168,37.116544],[136.936904,37.116767],[136.936467,37.117234],[136.936316,37.117279],[136.936167,37.117309],[136.936079,37.117325],[136.935892,37.117309],[136.935417,37.117125],[136.935279,37.117309],[136.935254,37.1174],[136.935642,37.117825],[136.935392,37.118367],[136.935167,37.118725],[136.934904,37.119583],[136.934729,37.119833],[136.933767,37.120391],[136.933392,37.120641],[136.932779,37.1208],[136.932592,37.120983],[136.932429,37.1213],[136.932229,37.1215],[136.932267,37.121616],[136.931929,37.121908],[136.931717,37.122041],[136.931679,37.122241],[136.931404,37.12245],[136.931192,37.122558],[136.930392,37.122608],[136.930004,37.122833],[136.929629,37.122966],[136.929017,37.122924],[136.92858,37.123058],[136.928217,37.123216],[136.927017,37.123308],[136.926304,37.123231],[136.925167,37.123308],[136.924658,37.123371],[136.923998,37.123452],[136.92308,37.123516],[136.922368,37.123716],[136.921218,37.124216],[136.920718,37.124482],[136.920468,37.125224],[136.920193,37.125499],[136.91973,37.125657],[136.91943,37.125699],[136.91913,37.125924],[136.918905,37.126174],[136.918655,37.126582],[136.918718,37.12699],[136.918493,37.12809],[136.918468,37.12854],[136.918555,37.129265],[136.918218,37.129715],[136.91803,37.130098],[136.917943,37.130523],[136.91798,37.131065],[136.917893,37.131515],[136.917668,37.131923],[136.917581,37.13203],[136.917455,37.132081],[136.91713,37.132148],[136.916565,37.132277],[136.916193,37.132348],[136.915505,37.132506],[136.91523,37.133165],[136.915005,37.133456],[136.914843,37.133615],[136.914455,37.133615],[136.914405,37.133415],[136.912943,37.133598],[136.91273,37.133164],[136.910993,37.132473],[136.910368,37.132248],[136.909543,37.13204],[136.909131,37.132181],[136.908543,37.132739],[136.908106,37.133081],[136.907668,37.133189],[136.907118,37.133214],[136.906494,37.133373],[136.906219,37.133556],[136.906106,37.133598],[136.906019,37.133873],[136.906081,37.134164],[136.906131,37.134206],[136.906681,37.134431],[136.906681,37.134614],[136.906518,37.134747],[136.906381,37.134814],[136.906243,37.135089],[136.905743,37.135539],[136.905668,37.136372],[136.905693,37.136939],[136.905657,37.137133],[136.905741,37.137346],[136.905887,37.137457],[136.906078,37.137657],[136.906164,37.137908],[136.906243,37.138155],[136.906431,37.138422],[136.906018,37.138872],[136.905693,37.138939],[136.904893,37.139547],[136.904643,37.139847],[136.904407,37.14],[136.903993,37.140088],[136.903268,37.140005],[136.902756,37.140047],[136.902144,37.14043],[136.901894,37.14068],[136.901844,37.141038],[136.901956,37.141472],[136.902006,37.141538],[136.902393,37.141647],[136.902693,37.14183],[136.903556,37.142688],[136.903831,37.143063],[136.903831,37.143405],[136.903693,37.144488],[136.903831,37.144596],[136.904431,37.144663],[136.904731,37.144663],[136.904981,37.144421],[136.905281,37.143946],[136.905555,37.144013],[136.905618,37.144463],[136.906218,37.145005],[136.906268,37.145496],[136.90553,37.146738],[136.90448,37.146379],[136.904485,37.146228],[136.904502,37.14612],[136.904568,37.146088],[136.904568,37.14588],[136.90448,37.145838],[136.904481,37.145455],[136.904293,37.145346],[136.904181,37.145321],[136.903693,37.145346],[136.903331,37.145321],[136.903081,37.145346],[136.902868,37.145455],[136.902668,37.145729],[136.902206,37.146513],[136.901956,37.146813],[136.901656,37.147013],[136.901543,37.147288],[136.901493,37.147554],[136.901518,37.147779],[136.901743,37.148029],[136.902018,37.148254],[136.902231,37.148637],[136.902205,37.149737],[136.902155,37.150212],[136.901655,37.151295],[136.901493,37.15177],[136.901493,37.152154],[136.901543,37.15217],[136.901818,37.152154],[136.902318,37.152062],[136.902643,37.151904],[136.903014,37.151735],[136.903305,37.151679],[136.90358,37.151612],[136.903905,37.151587],[136.90418,37.151454],[136.904455,37.151429],[136.904768,37.151679],[136.90498,37.15237],[136.90523,37.15262],[136.905342,37.152962],[136.90553,37.153254],[136.906192,37.153862],[136.906517,37.154037],[136.906992,37.153904],[136.907067,37.153637],[136.90693,37.153387],[136.906217,37.152779],[136.90603,37.152504],[136.90583,37.152145],[136.905755,37.151737],[136.90583,37.151446],[136.906005,37.151512],[136.906105,37.151446],[136.906355,37.151154],[136.906442,37.150954],[136.906417,37.150821],[136.906717,37.150729],[136.906967,37.150796],[136.907205,37.150662],[136.907455,37.150454],[136.90755,37.150363],[136.907592,37.150271],[136.907817,37.149754],[136.907842,37.149513],[136.907817,37.149371],[136.908055,37.149146],[136.908117,37.149354],[136.90823,37.149488],[136.908367,37.149488],[136.90833,37.149846],[136.908167,37.150346],[136.908167,37.150729],[136.908255,37.151062],[136.908442,37.151404],[136.908892,37.151646],[136.910405,37.151696],[136.910592,37.151712],[136.910979,37.151846],[136.911117,37.152004],[136.911229,37.152612],[136.911329,37.152862],[136.911304,37.153087],[136.911117,37.153221],[136.911029,37.153221],[136.910779,37.153312],[136.910542,37.153537],[136.910342,37.153787],[136.910292,37.154104],[136.910317,37.154237],[136.910542,37.154687],[136.910617,37.154779],[136.910917,37.154912],[136.911229,37.154887],[136.911692,37.154754],[136.912129,37.154554],[136.912492,37.154462],[136.912792,37.154437],[136.912979,37.154554],[136.913179,37.154487],[136.913292,37.154345],[136.913504,37.15417],[136.913942,37.154054],[136.914192,37.153962],[136.914442,37.153937],[136.914717,37.153854],[136.914854,37.153646],[136.914829,37.153579],[136.915017,37.153354],[136.915379,37.153171],[136.915791,37.153171],[136.916141,37.153237],[136.916479,37.153129],[136.916504,37.152721],[136.916304,37.152246],[136.916304,37.151821],[136.916101,37.151384],[136.915704,37.150496],[136.916067,37.149954],[136.916854,37.149704],[136.916992,37.149546],[136.917242,37.149454],[136.917329,37.149296],[136.917467,37.14918],[136.917404,37.148913],[136.917167,37.148755],[136.917467,37.148396],[136.917817,37.148463],[136.917929,37.148463],[136.918429,37.148305],[136.918916,37.148105],[136.919279,37.147855],[136.919329,37.147763],[136.920316,37.147155],[136.920816,37.146772],[136.921229,37.146547],[136.921666,37.146405],[136.921966,37.146163],[136.922304,37.146005],[136.922466,37.145955],[136.922791,37.146022],[136.923204,37.14623],[136.923179,37.146405],[136.923291,37.146697],[136.923404,37.146813],[136.923516,37.14713],[136.923704,37.147147],[136.923929,37.146972],[136.923954,37.14663],[136.923816,37.146088],[136.923891,37.14573],[136.924416,37.14503],[136.924716,37.144714],[136.925129,37.144514],[136.925603,37.144422],[136.926391,37.144447],[136.926566,37.144289],[136.926591,37.143655],[136.926503,37.143455],[136.926204,37.143272],[136.926004,37.143022],[136.925654,37.142822],[136.925566,37.142822],[136.925454,37.142705],[136.924991,37.142555],[136.924691,37.14248],[136.923641,37.141806],[136.923016,37.141581],[136.923066,37.141206],[136.923066,37.140231],[136.922929,37.139781],[136.922742,37.139397],[136.922767,37.139039],[136.922879,37.138856],[136.922729,37.137956],[136.922704,37.137481],[136.922629,37.137123],[136.922404,37.136806],[136.922267,37.136714],[136.922217,37.136473],[136.922354,37.136264],[136.922567,37.13559],[136.922929,37.135206],[136.922754,37.134623],[136.922704,37.134106],[136.922842,37.133856],[136.922704,37.13329],[136.922517,37.133048],[136.922155,37.132731],[136.92213,37.132323],[136.922592,37.131423],[136.923305,37.130298],[136.92378,37.130315],[136.923911,37.13048],[136.924129,37.130723],[136.924404,37.130673],[136.924792,37.130182],[136.925259,37.130215],[136.925529,37.130249],[136.925617,37.13099],[136.925592,37.131198],[136.925317,37.131348],[136.925179,37.131915],[136.925367,37.132073],[136.925392,37.13214],[136.925267,37.132932],[136.925429,37.13349],[136.925592,37.133606],[136.926167,37.133873],[136.926529,37.133806],[136.927592,37.132323],[136.927629,37.131915],[136.927729,37.13169],[136.927929,37.131623],[136.928004,37.131623],[136.928138,37.131731],[136.928279,37.13189],[136.928779,37.13259],[136.928966,37.132907],[136.929104,37.132948],[136.929379,37.132948],[136.929791,37.132657],[136.930016,37.132682],[136.930479,37.132923],[136.930454,37.133057],[136.930379,37.133173],[136.930316,37.133515],[136.930429,37.133807],[136.930541,37.13394],[136.930841,37.133665],[136.931304,37.133623],[136.931616,37.133623],[136.931666,37.133648],[136.931829,37.13394],[136.931391,37.134523],[136.931075,37.135145],[136.930866,37.135898],[136.930766,37.136373],[136.930728,37.137523],[136.930903,37.137814],[136.931253,37.138081],[136.931607,37.138368],[136.931828,37.138489],[136.932141,37.138689],[136.932353,37.139073],[136.932416,37.140048],[136.932528,37.140289],[136.932853,37.140448],[136.93299,37.140581],[136.933153,37.140581],[136.933353,37.140473],[136.933378,37.140314],[136.933728,37.139881],[136.933953,37.139114],[136.934115,37.139031],[136.934165,37.138781],[136.93414,37.138731],[136.934441,37.137815],[136.934603,37.137065],[136.934666,37.136956],[136.934853,37.136973],[136.934966,37.137115],[136.935078,37.137606],[136.93524,37.137806],[136.935378,37.137923],[136.935765,37.13864],[136.936178,37.139206],[136.936503,37.139339],[136.937003,37.139406],[136.93794,37.139589],[136.938765,37.139831],[136.938952,37.140131],[136.939227,37.140423],[136.939427,37.140739],[136.93939,37.141098],[136.939315,37.141256],[136.939202,37.141706],[136.938952,37.142131],[136.938515,37.142647],[136.93824,37.143106],[136.938165,37.143556],[136.938265,37.144072],[136.938515,37.144564],[136.939015,37.145289],[136.939427,37.145714],[136.939752,37.145964],[136.940277,37.146139],[136.940964,37.146189],[136.941489,37.146297],[136.941902,37.14623],[136.942162,37.146202],[136.942412,37.14615],[136.942702,37.146072],[136.943334,37.14604],[136.943973,37.145775],[136.944677,37.144947],[136.944902,37.144564],[136.944614,37.142914],[136.944752,37.142873],[136.944752,37.142756],[136.944652,37.142556],[136.944402,37.141723],[136.944264,37.141114],[136.944264,37.140573],[136.944339,37.140506],[136.944727,37.140348],[136.945227,37.14019],[136.945964,37.140123],[136.946102,37.140031],[136.946289,37.139965],[136.946564,37.139915],[136.946902,37.139715],[136.947502,37.13924],[136.948164,37.138923],[136.948689,37.138815],[136.949152,37.13879],[136.949564,37.138898],[136.949726,37.13899],[136.949626,37.140256],[136.949676,37.141173],[136.950064,37.141606],[136.951139,37.141965],[136.952039,37.14219],[136.952201,37.142506],[136.952076,37.142956],[136.951663,37.143723],[136.951663,37.144123],[136.951763,37.144239],[136.952151,37.144489],[136.953038,37.144348],[136.953501,37.144398],[136.953688,37.144373],[136.954163,37.144239],[136.954738,37.143806],[136.955176,37.14329],[136.955726,37.143173],[136.956326,37.143198],[136.956801,37.143423],[136.95715,37.143556],[136.957463,37.143515],[136.957763,37.143423],[136.958139,37.143343],[136.959438,37.143281],[136.959938,37.14324],[136.960313,37.14304],[136.960625,37.142831],[136.960975,37.142673],[136.96145,37.142606],[136.96175,37.1427],[136.962213,37.142898],[136.962456,37.142986],[136.962874,37.143232],[136.963037,37.143348],[136.963337,37.143623],[136.963587,37.143915],[136.963237,37.144473],[136.963037,37.144815],[136.962762,37.145764],[136.962687,37.146214],[136.962737,37.146548],[136.963037,37.146864],[136.963512,37.146864],[136.963675,37.146814],[136.964387,37.146431],[136.965325,37.145806],[136.966537,37.145331],[136.967087,37.145148],[136.967712,37.145056],[136.968649,37.144856],[136.969912,37.144423],[136.971337,37.143881],[136.971924,37.143615],[136.972362,37.143232],[136.972774,37.142773],[136.973237,37.142348],[136.974424,37.14154],[136.975436,37.14059],[136.975546,37.14043],[136.975624,37.140315],[136.975874,37.140049],[136.976199,37.140024],[136.976946,37.140214],[136.977161,37.140365],[136.977189,37.140442],[136.977574,37.140674],[136.977636,37.140749],[136.977411,37.141015],[136.977335,37.141228],[136.977218,37.141499],[136.976859,37.142033],[136.975899,37.142932],[136.975874,37.142998],[136.975899,37.143248],[136.974886,37.143882],[136.973274,37.145006],[136.972961,37.145031],[136.972061,37.145548],[136.971786,37.145665],[136.971099,37.146023],[136.970224,37.146523],[136.969587,37.146764],[136.968324,37.147106],[136.967774,37.147331],[136.967137,37.147848],[136.966837,37.148231],[136.966624,37.148664],[136.966449,37.149156],[136.966512,37.149497],[136.966874,37.149831],[136.967012,37.149922],[136.967499,37.150122],[136.967699,37.150147],[136.968024,37.150397],[136.968249,37.150689],[136.968299,37.150872],[136.968211,37.150939],[136.968324,37.151272],[136.968411,37.151747],[136.968386,37.151997],[136.968186,37.152489],[136.967911,37.152805],[136.967649,37.153772],[136.967374,37.154155],[136.967174,37.154538],[136.967149,37.154905],[136.967236,37.155238],[136.967311,37.155397],[136.967724,37.155238],[136.968636,37.154747],[136.969261,37.154472],[136.970611,37.154064],[136.972148,37.153455],[136.973036,37.153005],[136.973636,37.152372],[136.974373,37.151314],[136.974786,37.150864],[136.975473,37.150273],[136.976598,37.149506],[136.976848,37.148898],[136.977748,37.147298],[136.978548,37.146898],[136.978798,37.146848],[136.979623,37.147165],[136.979811,37.147273],[136.980223,37.147681],[136.980448,37.147948],[136.980498,37.147973],[136.980723,37.148515],[136.980973,37.148939],[136.981248,37.149323],[136.981523,37.149598],[136.981985,37.149839],[136.982985,37.149906],[136.983473,37.150064],[136.984985,37.150923],[136.985397,37.151081],[136.98601,37.151098],[136.986385,37.150989],[136.986447,37.150923],[136.986677,37.150723],[136.986835,37.150464],[136.987022,37.15024],[136.987272,37.149815],[136.98796,37.14889],[136.988472,37.147715],[136.988697,37.146907],[136.988697,37.146365],[136.989023,37.14429],[136.989055,37.14406],[136.989048,37.143574],[136.98866,37.142465],[136.988798,37.142224],[136.989623,37.141549],[136.989785,37.141474],[136.99001,37.141249],[136.990111,37.141193],[136.990223,37.141141],[136.990329,37.141074],[136.99036,37.141007],[136.990447,37.140881],[136.990473,37.140799],[136.990723,37.140374],[136.992198,37.139624],[136.992398,37.139649],[136.992517,37.139666],[136.992698,37.139624],[136.993385,37.139308],[136.993797,37.139083],[136.994072,37.139041],[136.994485,37.139241],[136.994947,37.139424],[136.99536,37.139666],[136.995447,37.139666],[136.995522,37.139583],[136.995717,37.139529],[136.99671,37.139783],[136.996935,37.139783],[136.997772,37.139424],[136.998147,37.139316],[136.999709,37.1391],[136.999959,37.138983],[137.000084,37.138758],[137.000184,37.138175],[137.000509,37.138041],[137.000572,37.137975],[137.000522,37.136867],[137.000372,37.13685],[137.000335,37.136325],[137.00026,37.136258],[136.99996,37.13635],[137.00011,37.135717],[137.000147,37.135283],[137.000659,37.135036],[137.001241,37.134939]]]},"type":"Feature"}]}