{"type":"FeatureCollection","features":[{"properties":{"id_url":"G47004.html","kuni_url":"/kg/resource/K47.html","kuni":"石見","id":"G47004","yomi":"なか","name":"那賀","pref":"島根県","kuni_id":"K47"},"geometry":{"type":"Polygon","coordinates":[[[132.368323,35.00714],[132.367573,35.00669],[132.366623,35.00639],[132.365348,35.006415],[132.364424,35.006524],[132.363599,35.007132],[132.362686,35.00724],[132.362474,35.00724],[132.361536,35.007898],[132.360799,35.008032],[132.359636,35.008098],[132.358412,35.00789],[132.358162,35.007782],[132.357499,35.007123],[132.356649,35.006623],[132.355549,35.006174],[132.354399,35.005515],[132.354212,35.00524],[132.353712,35.004815],[132.353187,35.003999],[132.353137,35.003749],[132.35275,35.003182],[132.352175,35.002199],[132.351562,35.001349],[132.350737,35.000649],[132.349388,34.999816],[132.34895,35.000174],[132.347763,35.000557],[132.346938,35.000449],[132.346288,34.999841],[132.345675,34.999524],[132.34515,34.999124],[132.344188,34.998991],[132.343426,34.998941],[132.343201,34.999032],[132.342901,34.999082],[132.342051,34.998382],[132.341963,34.998157],[132.341501,34.998116],[132.340776,34.998274],[132.340426,34.997957],[132.340176,34.997283],[132.339463,34.996466],[132.339151,34.996383],[132.338276,34.996333],[132.337589,34.996266],[132.337401,34.996199],[132.337289,34.996108],[132.337014,34.995616],[132.336876,34.995049],[132.335251,34.992933],[132.334751,34.992175],[132.334527,34.991566],[132.334114,34.991116],[132.333602,34.990708],[132.333402,34.990641],[132.331502,34.989242],[132.330839,34.988908],[132.329252,34.988883],[132.32804,34.988933],[132.32499,34.989433],[132.323778,34.988125],[132.323178,34.987767],[132.322728,34.987292],[132.321965,34.986934],[132.321328,34.986825],[132.320778,34.986375],[132.320278,34.985784],[132.320115,34.9857],[132.319103,34.985609],[132.318253,34.985492],[132.317253,34.984976],[132.316841,34.984709],[132.316841,34.984551],[132.316628,34.984284],[132.315966,34.984076],[132.315603,34.983717],[132.315416,34.983742],[132.315366,34.983784],[132.314728,34.984034],[132.313516,34.983676],[132.312779,34.983517],[132.312416,34.983201],[132.311041,34.982867],[132.310541,34.982684],[132.310166,34.982076],[132.309966,34.981876],[132.309366,34.981518],[132.308404,34.980751],[132.308154,34.980501],[132.308179,34.980343],[132.308729,34.98001],[132.310129,34.97931],[132.310216,34.979243],[132.310216,34.979018],[132.309829,34.977935],[132.308592,34.976677],[132.308542,34.976535],[132.308779,34.975702],[132.308667,34.975477],[132.307217,34.973794],[132.306304,34.973294],[132.30518,34.973135],[132.304242,34.973344],[132.303942,34.973477],[132.303005,34.974293],[132.302767,34.974377],[132.302217,34.974227],[132.301167,34.974268],[132.30078,34.973935],[132.300367,34.97296],[132.299817,34.972494],[132.298305,34.972152],[132.29853,34.97076],[132.298305,34.969927],[132.29833,34.969269],[132.298693,34.968502],[132.298693,34.967802],[132.298443,34.966386],[132.298168,34.965686],[132.297505,34.965644],[132.296568,34.966053],[132.296455,34.966053],[132.295993,34.965578],[132.295218,34.965194],[132.294256,34.964903],[132.293568,34.964228],[132.293081,34.963395],[132.292693,34.963053],[132.292418,34.963036],[132.291318,34.963195],[132.290681,34.96317],[132.289994,34.962761],[132.289069,34.962453],[132.288131,34.962178],[132.287994,34.96207],[132.287694,34.961936],[132.287469,34.961936],[132.287031,34.961711],[132.286594,34.961195],[132.285881,34.961053],[132.285769,34.960628],[132.285794,34.960128],[132.285769,34.960087],[132.284582,34.95982],[132.283682,34.959687],[132.283507,34.959687],[132.282269,34.960453],[132.281257,34.960678],[132.280357,34.960611],[132.279857,34.960928],[132.279694,34.96097],[132.279419,34.960836],[132.278919,34.960428],[132.277432,34.959845],[132.277707,34.958903],[132.278157,34.958362],[132.278395,34.957703],[132.278232,34.957028],[132.278095,34.956803],[132.278145,34.956195],[132.278045,34.95577],[132.277707,34.955362],[132.277932,34.954795],[132.27842,34.954554],[132.279082,34.954279],[132.279769,34.954279],[132.280569,34.953845],[132.281332,34.953262],[132.282057,34.953329],[132.282157,34.953262],[132.282744,34.952454],[132.283019,34.952229],[132.284857,34.951521],[132.285707,34.951412],[132.286007,34.950979],[132.286119,34.950146],[132.285894,34.949629],[132.285482,34.949004],[132.285182,34.948463],[132.284994,34.947938],[132.284957,34.947379],[132.285069,34.946655],[132.285344,34.946205],[132.285407,34.945438],[132.285344,34.945188],[132.285069,34.94463],[132.285069,34.944021],[132.285394,34.94348],[132.285319,34.943055],[132.285182,34.942688],[132.285394,34.942147],[132.285669,34.94188],[132.286144,34.941563],[132.286194,34.94098],[132.286082,34.940797],[132.285207,34.94053],[132.284607,34.940164],[132.284219,34.939714],[132.283832,34.939672],[132.283419,34.940014],[132.283007,34.94073],[132.28202,34.941205],[132.281657,34.941005],[132.280757,34.940622],[132.28042,34.940013],[132.280645,34.939314],[132.280145,34.939022],[132.279845,34.939022],[132.278882,34.93943],[132.277957,34.939922],[132.27707,34.939905],[132.276358,34.939522],[132.276058,34.93943],[132.27512,34.939455],[132.274933,34.939255],[132.274958,34.938755],[132.274358,34.93808],[132.272983,34.937605],[132.271883,34.93693],[132.271221,34.936689],[132.270921,34.936864],[132.270283,34.937047],[132.269658,34.93763],[132.268858,34.938222],[132.268283,34.938289],[132.267921,34.938014],[132.267808,34.93743],[132.267733,34.937247],[132.267483,34.937114],[132.266846,34.93723],[132.266496,34.937547],[132.266221,34.93768],[132.265583,34.937364],[132.265259,34.937097],[132.264596,34.93698],[132.264434,34.93678],[132.263834,34.936197],[132.263471,34.93608],[132.262946,34.936464],[132.262421,34.936989],[132.261109,34.937822],[132.260946,34.937838],[132.260559,34.937755],[132.259984,34.937189],[132.259347,34.936897],[132.258659,34.936647],[132.258197,34.936339],[132.257972,34.936314],[132.257372,34.936564],[132.256084,34.936764],[132.255359,34.936972],[132.255334,34.936947],[132.255034,34.936922],[132.254622,34.936605],[132.253035,34.935955],[132.25281,34.935597],[132.251547,34.934806],[132.250997,34.934222],[132.250885,34.934064],[132.250722,34.933931],[132.249948,34.933047],[132.249873,34.932622],[132.249185,34.931606],[132.24916,34.931314],[132.248798,34.930773],[132.24871,34.930531],[132.249048,34.929764],[132.249673,34.929015],[132.249873,34.928473],[132.25026,34.928073],[132.250223,34.927215],[132.249923,34.92629],[132.249735,34.925482],[132.249898,34.925048],[132.249848,34.924732],[132.25026,34.924732],[132.250835,34.924623],[132.251248,34.924032],[132.251873,34.923673],[132.252072,34.923515],[132.252147,34.923157],[132.251523,34.922232],[132.25141,34.922007],[132.251348,34.920949],[132.251023,34.920515],[132.25081,34.91984],[132.25086,34.919574],[132.250948,34.919457],[132.251798,34.919457],[132.252597,34.919341],[132.25301,34.919182],[132.253397,34.918849],[132.25356,34.918782],[132.253747,34.918782],[132.254135,34.919007],[132.254435,34.919074],[132.25491,34.919074],[132.25551,34.918932],[132.256085,34.918841],[132.256722,34.918824],[132.257485,34.918891],[132.257959,34.918891],[132.258284,34.918841],[132.258509,34.918682],[132.258997,34.918099],[132.259172,34.917624],[132.259222,34.917199],[132.259334,34.916791],[132.259822,34.915891],[132.260134,34.915591],[132.260547,34.915416],[132.260847,34.915191],[132.261122,34.914891],[132.261372,34.914558],[132.261534,34.914241],[132.261472,34.913833],[132.261309,34.913658],[132.261172,34.913383],[132.261197,34.913066],[132.261784,34.912058],[132.262472,34.911466],[132.263047,34.911216],[132.263397,34.910925],[132.263759,34.910275],[132.263372,34.909842],[132.262984,34.909525],[132.262747,34.909258],[132.262659,34.9089],[132.262709,34.908608],[132.263284,34.908108],[132.263697,34.907908],[132.263784,34.907792],[132.263697,34.907408],[132.263509,34.907275],[132.263259,34.90725],[132.262934,34.9073],[132.261172,34.9084],[132.260809,34.908542],[132.260434,34.908542],[132.260097,34.908475],[132.259822,34.908292],[132.259684,34.908108],[132.259659,34.90775],[132.259847,34.907275],[132.260509,34.906509],[132.260734,34.906175],[132.260872,34.905809],[132.260897,34.90545],[132.260734,34.905184],[132.259659,34.90455],[132.258947,34.904059],[132.25856,34.903834],[132.258285,34.903559],[132.258097,34.903242],[132.25806,34.902859],[132.257847,34.902526],[132.25746,34.902167],[132.257372,34.901876],[132.257572,34.901642],[132.25796,34.901401],[132.258835,34.901034],[132.25906,34.900876],[132.259222,34.900559],[132.25936,34.900092],[132.259572,34.899751],[132.259935,34.899434],[132.260097,34.899168],[132.26016,34.898868],[132.25996,34.898534],[132.25911,34.897926],[132.259022,34.897834],[132.25916,34.897676],[132.259222,34.897409],[132.259247,34.896801],[132.259297,34.896526],[132.259472,34.896368],[132.259747,34.896326],[132.260022,34.896485],[132.260435,34.897001],[132.260647,34.897384],[132.261084,34.897476],[132.261534,34.897251],[132.262084,34.897043],[132.262409,34.897093],[132.262597,34.897243],[132.262684,34.897493],[132.262597,34.897851],[132.262409,34.898218],[132.262297,34.898668],[132.262409,34.899051],[132.262709,34.899343],[132.263784,34.900043],[132.264147,34.900109],[132.264747,34.900059],[132.265047,34.900126],[132.265247,34.900426],[132.265384,34.901659],[132.265409,34.902134],[132.265571,34.902559],[132.265759,34.903284],[132.265934,34.903484],[132.266284,34.903551],[132.266621,34.903509],[132.267059,34.903234],[132.267221,34.903034],[132.267584,34.902359],[132.267721,34.901817],[132.267821,34.901634],[132.268159,34.901542],[132.268734,34.901592],[132.269371,34.901701],[132.269921,34.901859],[132.270546,34.901967],[132.270659,34.901951],[132.270684,34.901726],[132.270596,34.901118],[132.270709,34.900909],[132.271758,34.900276],[132.272058,34.900168],[132.272521,34.900193],[132.273983,34.900393],[132.274233,34.900501],[132.274446,34.900776],[132.274558,34.901043],[132.274621,34.901359],[132.274396,34.902259],[132.274446,34.902917],[132.274558,34.903301],[132.274833,34.903501],[132.275058,34.903592],[132.275171,34.903676],[132.276045,34.904042],[132.276183,34.904176],[132.276345,34.905117],[132.276433,34.905275],[132.276483,34.9058],[132.276183,34.906492],[132.27607,34.907175],[132.276108,34.907509],[132.276208,34.9078],[132.276433,34.907984],[132.276795,34.908117],[132.277145,34.908142],[132.27762,34.907984],[132.27847,34.907442],[132.278683,34.907259],[132.278995,34.9071],[132.279433,34.906967],[132.280095,34.90665],[132.281107,34.906284],[132.28177,34.90615],[132.282182,34.906175],[132.282595,34.906242],[132.28312,34.906509],[132.283557,34.906784],[132.284382,34.907142],[132.284845,34.9073],[132.285257,34.907384],[132.285507,34.9075],[132.285732,34.907684],[132.286307,34.907567],[132.286469,34.907592],[132.286794,34.9077],[132.287107,34.907884],[132.287319,34.908084],[132.287844,34.908284],[132.288169,34.90835],[132.289269,34.908309],[132.289407,34.908259],[132.289857,34.907992],[132.290094,34.907792],[132.290269,34.907567],[132.290294,34.907409],[132.290069,34.907042],[132.289544,34.9065],[132.289269,34.906126],[132.289269,34.906076],[132.289744,34.905942],[132.290844,34.905734],[132.291719,34.905892],[132.292107,34.905784],[132.292269,34.905559],[132.292294,34.904767],[132.292494,34.904184],[132.292594,34.903959],[132.292956,34.903951],[132.293369,34.903909],[132.293781,34.903909],[132.295044,34.904109],[132.295519,34.904134],[132.295819,34.904017],[132.295981,34.903792],[132.296306,34.902776],[132.296194,34.902193],[132.296281,34.901584],[132.296231,34.901159],[132.296256,34.901043],[132.296581,34.900526],[132.296719,34.90041],[132.298919,34.899826],[132.299281,34.899668],[132.299493,34.899376],[132.299793,34.89861],[132.300343,34.89816],[132.300731,34.897685],[132.301031,34.897618],[132.301993,34.89761],[132.302568,34.89766],[132.303118,34.897752],[132.303918,34.897818],[132.304331,34.897727],[132.304881,34.897452],[132.305868,34.897385],[132.307243,34.896818],[132.30783,34.896593],[132.30813,34.896393],[132.308243,34.896277],[132.308343,34.895918],[132.308093,34.895443],[132.30763,34.89486],[132.307443,34.894544],[132.307193,34.894277],[132.306893,34.894069],[132.306343,34.893827],[132.30623,34.89371],[132.306255,34.893377],[132.306418,34.892919],[132.306693,34.892769],[132.306968,34.892469],[132.30713,34.891861],[132.307193,34.891477],[132.307268,34.891236],[132.30743,34.891052],[132.307768,34.890919],[132.308393,34.890869],[132.308593,34.890736],[132.30878,34.890377],[132.308755,34.890011],[132.308555,34.889561],[132.309168,34.889269],[132.309743,34.888661],[132.310318,34.888319],[132.310455,34.888144],[132.31013,34.886744],[132.310205,34.886653],[132.311055,34.886136],[132.311418,34.886003],[132.31178,34.885795],[132.31238,34.885345],[132.31273,34.885278],[132.313617,34.885211],[132.314217,34.885028],[132.315042,34.88487],[132.31598,34.884753],[132.316417,34.884511],[132.317155,34.883878],[132.318042,34.883245],[132.318705,34.882662],[132.31908,34.882212],[132.31938,34.881912],[132.320292,34.881445],[132.320567,34.881195],[132.320954,34.880745],[132.321229,34.880445],[132.321642,34.879904],[132.321854,34.879795],[132.322217,34.879729],[132.322517,34.879612],[132.322817,34.879545],[132.323254,34.87952],[132.323504,34.879479],[132.323529,34.879187],[132.323504,34.878779],[132.323592,34.878212],[132.323642,34.878079],[132.323867,34.878062],[132.324967,34.877746],[132.325292,34.877746],[132.325617,34.877812],[132.325979,34.877829],[132.326254,34.877812],[132.326579,34.877496],[132.326804,34.877154],[132.327379,34.876954],[132.327741,34.876746],[132.327929,34.876504],[132.328041,34.876029],[132.328179,34.875713],[132.328504,34.875238],[132.328729,34.875079],[132.329104,34.874696],[132.329404,34.874629],[132.329854,34.874604],[132.330229,34.874538],[132.330566,34.874404],[132.330779,34.87418],[132.330891,34.873905],[132.331279,34.873271],[132.331391,34.87298],[132.331691,34.872513],[132.331666,34.872305],[132.331391,34.871763],[132.331354,34.87138],[132.331691,34.870613],[132.332291,34.86983],[132.332679,34.869463],[132.333554,34.868813],[132.334491,34.868272],[132.335341,34.867864],[132.335479,34.867639],[132.335666,34.86683],[132.335891,34.865706],[132.335991,34.865206],[132.336166,34.864822],[132.336429,34.864556],[132.336566,34.864506],[132.336904,34.864464],[132.337204,34.864481],[132.337941,34.864439],[132.338216,34.864256],[132.338416,34.864006],[132.338579,34.863622],[132.338629,34.863264],[132.338491,34.862948],[132.338329,34.862814],[132.338241,34.862548],[132.338416,34.862048],[132.338929,34.861623],[132.339266,34.861464],[132.339729,34.861331],[132.340191,34.861123],[132.340879,34.860673],[132.341179,34.860673],[132.341541,34.860856],[132.341928,34.86099],[132.342391,34.861056],[132.343466,34.860781],[132.343928,34.86074],[132.344428,34.860781],[132.344891,34.860715],[132.345253,34.86049],[132.345528,34.860148],[132.345691,34.859815],[132.346541,34.858982],[132.347341,34.858073],[132.347578,34.85799],[132.347916,34.857923],[132.349016,34.85799],[132.349728,34.858348],[132.350141,34.858365],[132.350528,34.85814],[132.350691,34.858098],[132.351016,34.858098],[132.351291,34.858207],[132.351566,34.858457],[132.351953,34.858707],[132.352203,34.858907],[132.352478,34.85949],[132.352778,34.85974],[132.353078,34.859898],[132.353415,34.860148],[132.354315,34.860573],[132.355028,34.860615],[132.355578,34.860573],[132.35654,34.860681],[132.357015,34.86064],[132.357453,34.860498],[132.35759,34.860432],[132.357915,34.86039],[132.358715,34.860523],[132.35899,34.860323],[132.359215,34.860007],[132.359353,34.859915],[132.359728,34.860023],[132.36004,34.860165],[132.360415,34.860498],[132.360802,34.860723],[132.361002,34.860773],[132.36149,34.860815],[132.36204,34.860907],[132.362565,34.86104],[132.363227,34.861331],[132.36394,34.861823],[132.36424,34.862006],[132.364715,34.862073],[132.36499,34.862206],[132.36529,34.862231],[132.36554,34.862298],[132.36584,34.862298],[132.36619,34.86214],[132.366527,34.861848],[132.366715,34.861556],[132.366902,34.861373],[132.36704,34.861348],[132.367565,34.861415],[132.368365,34.861082],[132.368752,34.861015],[132.369715,34.860965],[132.370339,34.860782],[132.371214,34.860715],[132.371802,34.86074],[132.372127,34.860898],[132.372402,34.861123],[132.372486,34.861087],[132.372564,34.861098],[132.373114,34.861032],[132.373552,34.861032],[132.373727,34.860965],[132.373952,34.860707],[132.374052,34.860548],[132.374152,34.86009],[132.374402,34.860015],[132.374814,34.85999],[132.375214,34.859874],[132.375452,34.859715],[132.375752,34.859407],[132.376277,34.858649],[132.376452,34.858432],[132.376752,34.858299],[132.377339,34.858182],[132.377814,34.858141],[132.378251,34.858141],[132.378739,34.858216],[132.379089,34.858224],[132.379689,34.858166],[132.379989,34.858074],[132.380389,34.857824],[132.380714,34.857707],[132.380739,34.857716],[132.380839,34.857707],[132.380626,34.856791],[132.380489,34.856433],[132.380451,34.856108],[132.380551,34.855824],[132.381001,34.855383],[132.381064,34.854741],[132.380976,34.854416],[132.380814,34.854191],[132.380364,34.853791],[132.380039,34.853208],[132.379776,34.853083],[132.379239,34.852508],[132.379226,34.8524],[132.380076,34.851191],[132.380501,34.850325],[132.381051,34.849942],[132.381351,34.849783],[132.381889,34.849275],[132.382189,34.8492],[132.382764,34.849225],[132.383351,34.849158],[132.383701,34.849017],[132.383914,34.848842],[132.384039,34.848475],[132.384126,34.848017],[132.384151,34.847542],[132.384376,34.846475],[132.384539,34.845934],[132.384814,34.845476],[132.385651,34.844934],[132.387251,34.843976],[132.387689,34.843826],[132.387989,34.843684],[132.388189,34.843526],[132.388376,34.843301],[132.388414,34.842968],[132.388389,34.842443],[132.388414,34.842068],[132.389301,34.840885],[132.389464,34.840535],[132.389626,34.83986],[132.389789,34.839485],[132.389989,34.839268],[132.390214,34.839218],[132.391738,34.839193],[132.392038,34.839135],[132.392376,34.838868],[132.392488,34.838627],[132.392501,34.838402],[132.392626,34.837793],[132.392713,34.837385],[132.392938,34.836952],[132.393038,34.83666],[132.393026,34.836527],[132.393163,34.835652],[132.393026,34.83551],[132.392726,34.835469],[132.392426,34.835385],[132.392176,34.835227],[132.392114,34.834985],[132.392201,34.834144],[132.392201,34.833969],[132.392201,34.833785],[132.392151,34.83366],[132.391889,34.833585],[132.391651,34.83356],[132.391426,34.833402],[132.391339,34.832819],[132.391201,34.832585],[132.391014,34.832552],[132.390739,34.832502],[132.390289,34.832027],[132.390026,34.831611],[132.390101,34.831294],[132.389652,34.830586],[132.389502,34.830144],[132.389489,34.829527],[132.389714,34.829261],[132.390927,34.828394],[132.391014,34.828244],[132.390877,34.828061],[132.390877,34.827819],[132.390739,34.827661],[132.390377,34.826694],[132.389802,34.826128],[132.389577,34.825969],[132.389689,34.825778],[132.390639,34.825103],[132.390977,34.824895],[132.390989,34.824728],[132.390652,34.82442],[132.390577,34.823836],[132.390602,34.823336],[132.390827,34.822886],[132.390827,34.82232],[132.390602,34.821445],[132.390652,34.820837],[132.390627,34.820228],[132.390527,34.819395],[132.389477,34.818445],[132.388402,34.817978],[132.387502,34.81762],[132.386178,34.816037],[132.385628,34.81512],[132.384765,34.812754],[132.384003,34.812104],[132.383641,34.811362],[132.383553,34.811087],[132.383503,34.810612],[132.383641,34.810454],[132.384828,34.809671],[132.385353,34.809263],[132.38554,34.808721],[132.385015,34.808046],[132.384878,34.807563],[132.38529,34.806988],[132.385315,34.806354],[132.38444,34.805746],[132.383865,34.805113],[132.38339,34.80418],[132.38339,34.803496],[132.383178,34.802996],[132.383065,34.802521],[132.38394,34.801147],[132.384078,34.800605],[132.383753,34.799772],[132.383615,34.798938],[132.383828,34.795764],[132.383065,34.794839],[132.381878,34.796097],[132.379628,34.798047],[132.378578,34.798855],[132.377341,34.799463],[132.376328,34.800055],[132.375091,34.800663],[132.373803,34.801096],[132.373241,34.801163],[132.372528,34.801213],[132.372487,34.80116],[132.371541,34.801013],[132.371116,34.800988],[132.369666,34.800988],[132.368166,34.801021],[132.366754,34.800846],[132.365304,34.800596],[132.360979,34.800196],[132.360779,34.800121],[132.359742,34.79948],[132.358767,34.798755],[132.357092,34.79718],[132.356604,34.796863],[132.355967,34.796913],[132.352629,34.79803],[132.351992,34.798146],[132.350955,34.797246],[132.350092,34.796571],[132.349117,34.795905],[132.348717,34.795388],[132.348417,34.794788],[132.347842,34.794147],[132.347242,34.79363],[132.346592,34.793372],[132.34418,34.792763],[132.34273,34.792314],[132.342193,34.792114],[132.341068,34.791522],[132.339255,34.790997],[132.338031,34.790439],[132.336268,34.790155],[132.335193,34.790255],[132.334581,34.79008],[132.333906,34.790014],[132.332956,34.790389],[132.332118,34.790864],[132.331169,34.79103],[132.329281,34.791488],[132.328569,34.791755],[132.327981,34.792172],[132.325456,34.79238],[132.324669,34.792763],[132.323969,34.793271],[132.323219,34.793455],[132.322919,34.794113],[132.322606,34.795121],[132.321156,34.796071],[132.320681,34.796646],[132.319907,34.796988],[132.319382,34.797529],[132.319194,34.798446],[132.319269,34.799246],[132.319044,34.79997],[132.319044,34.80077],[132.318881,34.801245],[132.318469,34.80157],[132.317357,34.801412],[132.316419,34.801362],[132.315757,34.801395],[132.315457,34.800979],[132.315019,34.80022],[132.314344,34.798579],[132.313682,34.797829],[132.313445,34.797496],[132.312532,34.796646],[132.311345,34.796021],[132.309707,34.795487],[132.30837,34.794304],[132.308033,34.794221],[132.307233,34.794154],[132.306008,34.793446],[132.305633,34.792979],[132.30567,34.792046],[132.305833,34.790963],[132.306683,34.79013],[132.306646,34.78953],[132.305821,34.789022],[132.305171,34.788738],[132.304408,34.787963],[132.303808,34.787205],[132.303533,34.786722],[132.302421,34.786205],[132.302396,34.78563],[132.302334,34.78533],[132.301671,34.784664],[132.301234,34.784572],[132.300746,34.78463],[132.300484,34.78418],[132.300471,34.783589],[132.300646,34.782914],[132.300584,34.782564],[132.300359,34.782106],[132.300372,34.781897],[132.300109,34.780589],[132.299534,34.779597],[132.299047,34.778623],[132.298972,34.777856],[132.298709,34.777098],[132.298435,34.776748],[132.298097,34.776573],[132.297622,34.776773],[132.295385,34.778306],[132.294647,34.778572],[132.29386,34.778764],[132.29351,34.779156],[132.292935,34.779239],[132.292247,34.778689],[132.291735,34.778322],[132.29111,34.778439],[132.29061,34.778489],[132.290148,34.778264],[132.28971,34.778239],[132.289023,34.779006],[132.28826,34.779697],[132.287773,34.77993],[132.286648,34.779955],[132.28536,34.780239],[132.284523,34.78068],[132.282748,34.782405],[132.281973,34.783072],[132.281685,34.78323],[132.280373,34.783463],[132.280123,34.783663],[132.279685,34.784171],[132.279535,34.784738],[132.279548,34.785705],[132.279298,34.786505],[132.278973,34.786971],[132.278898,34.787146],[132.27911,34.787529],[132.279123,34.788121],[132.279273,34.788638],[132.278923,34.789171],[132.279285,34.789604],[132.27936,34.789979],[132.278848,34.790321],[132.27816,34.790671],[132.277998,34.790779],[132.276398,34.791146],[132.275385,34.791421],[132.274873,34.791504],[132.274635,34.791679],[132.274648,34.792929],[132.27486,34.793437],[132.27556,34.79377],[132.275723,34.793912],[132.27631,34.794237],[132.276523,34.794287],[132.276998,34.794529],[132.277348,34.795195],[132.278072,34.796412],[132.278297,34.796703],[132.278597,34.79742],[132.278322,34.79872],[132.278185,34.798962],[132.277322,34.799286],[132.276297,34.799536],[132.275423,34.79967],[132.274735,34.799895],[132.273823,34.799911],[132.273323,34.799845],[132.27221,34.799611],[132.271648,34.799228],[132.271198,34.798478],[132.27061,34.798145],[132.270398,34.798136],[132.269536,34.79837],[132.269073,34.799111],[132.268636,34.799536],[132.268436,34.800303],[132.268036,34.801278],[132.267548,34.802094],[132.266911,34.802761],[132.266098,34.802928],[132.265823,34.803361],[132.265648,34.803752],[132.265136,34.803661],[132.264536,34.803902],[132.263911,34.804252],[132.263073,34.804094],[132.262673,34.804511],[132.261723,34.804786],[132.260624,34.804952],[132.260299,34.805427],[132.259986,34.806435],[132.259824,34.806694],[132.259636,34.806785],[132.258886,34.806594],[132.258161,34.806744],[132.256624,34.807127],[132.255836,34.807443],[132.254736,34.806843],[132.253749,34.807085],[132.251799,34.807127],[132.251312,34.80711],[132.251149,34.80706],[132.249837,34.80696],[132.248574,34.80691],[132.247987,34.806677],[132.247537,34.806235],[132.247499,34.806258],[132.247475,34.806118],[132.246912,34.805735],[132.246537,34.805668],[132.246237,34.80571],[132.2454,34.806018],[132.244062,34.80666],[132.243837,34.806743],[132.242337,34.806377],[132.242137,34.806293],[132.241675,34.805943],[132.241025,34.805285],[132.240563,34.805002],[132.2401,34.80456],[132.239775,34.804018],[132.239163,34.803352],[132.2389,34.802735],[132.238813,34.802143],[132.238538,34.80191],[132.238288,34.801752],[132.238238,34.801652],[132.238425,34.801277],[132.238725,34.80091],[132.23895,34.80046],[132.239088,34.799852],[132.2393,34.799469],[132.239563,34.799319],[132.2399,34.799285],[132.2404,34.799477],[132.2405,34.799469],[132.241375,34.798886],[132.241975,34.798877],[132.242575,34.798986],[132.243138,34.799044],[132.243513,34.798986],[132.243563,34.798661],[132.24325,34.798336],[132.2431,34.798027],[132.2432,34.797152],[132.243225,34.796644],[132.24275,34.795911],[132.242575,34.795328],[132.242325,34.795053],[132.24205,34.794894],[132.241875,34.794669],[132.2419,34.794353],[132.242138,34.794028],[132.242388,34.793794],[132.242475,34.793378],[132.242513,34.792678],[132.242738,34.792211],[132.242663,34.791736],[132.242526,34.79142],[132.242576,34.790711],[132.242813,34.790036],[132.242888,34.789612],[132.242351,34.789487],[132.242113,34.78937],[132.241913,34.788795],[132.241213,34.78767],[132.241363,34.787312],[132.241551,34.787003],[132.241613,34.786737],[132.241626,34.786445],[132.242288,34.785479],[132.242526,34.785187],[132.242551,34.78492],[132.242501,34.784454],[132.242538,34.784304],[132.242801,34.783945],[132.242826,34.783645],[132.242726,34.783187],[132.242526,34.782762],[132.242189,34.782446],[132.241814,34.782196],[132.241376,34.781671],[132.240914,34.780971],[132.240676,34.780454],[132.240189,34.779862],[132.239826,34.779637],[132.238876,34.779646],[132.238614,34.779437],[132.238177,34.778912],[132.237602,34.778612],[132.237339,34.778379],[132.237002,34.777804],[132.236627,34.777504],[132.236252,34.777046],[132.235802,34.776813],[132.235202,34.776646],[132.233815,34.776763],[132.233515,34.776729],[132.232727,34.775979],[132.23299,34.775238],[132.233315,34.77478],[132.234077,34.774005],[132.234227,34.77388],[132.234352,34.773671],[132.234115,34.773555],[132.233315,34.773263],[132.232952,34.77318],[132.232552,34.773155],[132.232077,34.773263],[132.23154,34.773496],[132.23114,34.773538],[132.230465,34.773346],[132.229653,34.773271],[132.229103,34.773305],[132.229165,34.772463],[132.229103,34.771922],[132.228903,34.771305],[132.228678,34.770955],[132.228315,34.770747],[132.227016,34.770472],[132.225716,34.770163],[132.225328,34.770105],[132.225116,34.770013],[132.225041,34.76973],[132.225353,34.769063],[132.225541,34.768464],[132.225466,34.767855],[132.225353,34.767522],[132.225428,34.767264],[132.226641,34.765864],[132.226866,34.765664],[132.226903,34.765172],[132.226853,34.764989],[132.226653,34.764631],[132.226266,34.764289],[132.225329,34.763714],[132.224679,34.763164],[132.223829,34.762406],[132.223054,34.761798],[132.222716,34.761548],[132.222604,34.761289],[132.222429,34.760689],[132.222216,34.760439],[132.222129,34.760164],[132.222354,34.759856],[132.222929,34.759265],[132.224291,34.758023],[132.224566,34.757765],[132.224741,34.757432],[132.224441,34.757207],[132.223991,34.75664],[132.223654,34.755907],[132.223029,34.754957],[132.222779,34.754474],[132.222042,34.753615],[132.221842,34.753232],[132.221879,34.753199],[132.221904,34.753107],[132.221692,34.752841],[132.221604,34.752591],[132.221554,34.752257],[132.221767,34.751582],[132.221904,34.750882],[132.222154,34.750274],[132.222367,34.749708],[132.222342,34.749574],[132.222154,34.749299],[132.221929,34.749099],[132.221517,34.748991],[132.220642,34.748858],[132.220305,34.748766],[132.219955,34.748558],[132.219842,34.748449],[132.219367,34.748316],[132.219067,34.748199],[132.218517,34.747866],[132.215793,34.746175],[132.214893,34.74555],[132.214418,34.745366],[132.213893,34.745258],[132.21368,34.745233],[132.213181,34.7451],[132.212718,34.745033],[132.211993,34.745033],[132.211418,34.744966],[132.210106,34.744858],[132.209656,34.744858],[132.209518,34.745016],[132.209393,34.745375],[132.209331,34.745416],[132.209119,34.745483],[132.208731,34.745558],[132.208069,34.745624],[132.207494,34.745733],[132.207131,34.745849],[132.206781,34.746049],[132.206581,34.746341],[132.206094,34.746999],[132.205044,34.747924],[132.203644,34.748807],[132.202869,34.748741],[132.202432,34.748582],[132.202107,34.748332],[132.202019,34.748216],[132.201694,34.747924],[132.200982,34.747474],[132.200119,34.746958],[132.199819,34.746641],[132.199707,34.746399],[132.199632,34.745883],[132.199182,34.745699],[132.198145,34.745449],[132.197157,34.745141],[132.196795,34.744958],[132.196382,34.744799],[132.19597,34.744574],[132.19567,34.744441],[132.195607,34.744374],[132.195632,34.744174],[132.19597,34.743833],[132.196357,34.74255],[132.196482,34.741716],[132.196382,34.741441],[132.196295,34.7414],[132.195695,34.7412],[132.195607,34.741133],[132.195695,34.740883],[132.195795,34.740766],[132.19602,34.740433],[132.196482,34.738833],[132.196507,34.738558],[132.19637,34.738267],[132.196095,34.738042],[132.195495,34.737525],[132.195245,34.737392],[132.194833,34.737367],[132.194233,34.7375],[132.193483,34.737417],[132.192633,34.737433],[132.19217,34.737392],[132.191695,34.737192],[132.19142,34.736875],[132.191208,34.736425],[132.190795,34.735858],[132.190595,34.7357],[132.189658,34.735392],[132.189495,34.73525],[132.189445,34.734558],[132.189283,34.733767],[132.189083,34.733659],[132.188833,34.7337],[132.188621,34.733858],[132.188371,34.734108],[132.188071,34.734242],[132.187433,34.734308],[132.185896,34.734175],[132.185396,34.73395],[132.184958,34.733792],[132.184633,34.733842],[132.184271,34.733975],[132.184133,34.734067],[132.183783,34.7342],[132.183283,34.734333],[132.181821,34.734492],[132.181308,34.73465],[132.180646,34.735216],[132.180283,34.73565],[132.179908,34.735983],[132.179571,34.736208],[132.179271,34.7365],[132.178808,34.736749],[132.178559,34.736816],[132.178196,34.736816],[132.177709,34.736349],[132.177484,34.736058],[132.177321,34.735716],[132.177296,34.735583],[132.176984,34.734683],[132.176846,34.734183],[132.176684,34.73385],[132.176384,34.733508],[132.176109,34.733308],[132.175746,34.733108],[132.175284,34.733016],[132.175196,34.732966],[132.174984,34.732633],[132.174434,34.732025],[132.173909,34.731233],[132.173796,34.731217],[132.173521,34.731217],[132.173134,34.731308],[132.172784,34.731458],[132.172672,34.731458],[132.172472,34.73135],[132.172259,34.730858],[132.171897,34.730333],[132.171234,34.7298],[132.170959,34.72975],[132.170609,34.72975],[132.169509,34.729817],[132.168847,34.729709],[132.168384,34.729509],[132.167972,34.729234],[132.167522,34.7291],[132.167359,34.7291],[132.167084,34.729009],[132.166422,34.728517],[132.16571,34.728109],[132.165497,34.727884],[132.165435,34.727417],[132.16546,34.727101],[132.165435,34.727034],[132.165222,34.726809],[132.164997,34.726734],[132.16486,34.726626],[132.164522,34.726134],[132.164285,34.725884],[132.164035,34.725792],[132.16376,34.725767],[132.163397,34.725834],[132.162985,34.725859],[132.16291,34.725884],[132.162547,34.725859],[132.16236,34.725792],[132.16211,34.725476],[132.161235,34.725342],[132.16076,34.725301],[132.159998,34.725484],[132.15991,34.725459],[132.15986,34.724876],[132.159798,34.724668],[132.159635,34.724534],[132.159385,34.724443],[132.158785,34.724109],[132.158448,34.723834],[132.158123,34.723659],[132.157385,34.723159],[132.157273,34.723143],[132.156935,34.723026],[132.156148,34.723009],[132.155598,34.723076],[132.155348,34.722984],[132.154961,34.722509],[132.154598,34.721901],[132.154386,34.721359],[132.154323,34.72071],[132.154211,34.720193],[132.154111,34.720101],[132.153536,34.719985],[132.152736,34.720035],[132.152398,34.719968],[132.152211,34.71981],[132.151961,34.719518],[132.151686,34.718951],[132.151274,34.718051],[132.151274,34.717985],[132.151024,34.717893],[132.150749,34.71796],[132.150236,34.718168],[132.149824,34.718143],[132.149274,34.718035],[132.148661,34.717876],[132.148274,34.717851],[132.148111,34.717901],[132.147374,34.717918],[132.147286,34.717901],[132.147099,34.717201],[132.146661,34.717085],[132.146024,34.717018],[132.145586,34.717018],[132.144649,34.716951],[132.144261,34.71671],[132.143936,34.71646],[132.143412,34.71621],[132.143062,34.716118],[132.142887,34.71556],[132.142774,34.715268],[132.142774,34.715151],[132.142862,34.714926],[132.142912,34.714677],[132.142674,34.714385],[132.142012,34.713735],[132.141812,34.713327],[132.141762,34.71301],[132.141787,34.712943],[132.141987,34.712768],[132.142612,34.712452],[132.142912,34.712152],[132.143024,34.711885],[132.143112,34.711502],[132.142974,34.711252],[132.142262,34.711027],[132.141874,34.710485],[132.141537,34.710127],[132.141262,34.710035],[132.140799,34.71006],[132.140412,34.710035],[132.139949,34.709968],[132.139537,34.70986],[132.139312,34.709727],[132.13915,34.709519],[132.13885,34.70936],[132.138437,34.70941],[132.137525,34.709635],[132.137337,34.709568],[132.137112,34.709318],[132.136875,34.708235],[132.1367,34.707994],[132.136262,34.707494],[132.13605,34.707335],[132.135775,34.707202],[132.13555,34.707269],[132.135275,34.707477],[132.135087,34.707494],[132.134612,34.707452],[132.134087,34.707427],[132.133675,34.707452],[132.133187,34.707544],[132.132887,34.707502],[132.132337,34.707435],[132.132,34.707544],[132.131262,34.708018],[132.130987,34.70811],[132.13085,34.70811],[132.130712,34.708018],[132.130525,34.708018],[132.130025,34.707952],[132.129588,34.70811],[132.129388,34.708268],[132.129338,34.708518],[132.129525,34.709193],[132.1295,34.709868],[132.129587,34.710343],[132.130075,34.71151],[132.13005,34.711668],[132.129837,34.711785],[132.129662,34.711943],[132.1297,34.712235],[132.129837,34.712551],[132.129862,34.71271],[132.129225,34.712685],[132.12895,34.712593],[132.128375,34.712285],[132.128075,34.712235],[132.1278,34.71226],[132.127575,34.712368],[132.1272,34.713134],[132.127,34.713368],[132.126725,34.713409],[132.126563,34.713409],[132.1262,34.713526],[132.12535,34.713859],[132.124525,34.714309],[132.123288,34.714943],[132.123075,34.714943],[132.12245,34.714951],[132.1223,34.714992],[132.121825,34.715076],[132.1212,34.714984],[132.121025,34.714842],[132.120676,34.714101],[132.120463,34.713876],[132.119963,34.713576],[132.119488,34.712984],[132.118538,34.712034],[132.118276,34.711851],[132.117776,34.711709],[132.117626,34.711709],[132.117088,34.711618],[132.116638,34.711568],[132.115639,34.711543],[132.115364,34.711584],[132.115189,34.711693],[132.115139,34.711784],[132.114914,34.711918],[132.114689,34.711984],[132.114389,34.712118],[132.114026,34.712426],[132.113201,34.713351],[132.112664,34.713817],[132.112514,34.713909],[132.111964,34.714351],[132.111889,34.714509],[132.111876,34.714667],[132.111801,34.714942],[132.111376,34.715526],[132.110889,34.716284],[132.110489,34.716759],[132.110489,34.71685],[132.110664,34.716917],[132.111026,34.717192],[132.111051,34.717417],[132.111026,34.717617],[132.110701,34.718409],[132.110539,34.718609],[132.110364,34.718742],[132.110064,34.718759],[132.109564,34.718709],[132.109214,34.718642],[132.108389,34.718884],[132.107589,34.719017],[132.106989,34.7189],[132.106639,34.718717],[132.106214,34.718242],[132.105964,34.718142],[132.105714,34.718009],[132.105439,34.717734],[132.104989,34.717417],[132.104614,34.717192],[132.104015,34.716984],[132.103815,34.716759],[132.103477,34.7161],[132.103302,34.71585],[132.103027,34.715642],[132.102777,34.71555],[132.102177,34.715184],[132.101927,34.715075],[132.101527,34.714825],[132.101377,34.714867],[132.100902,34.715134],[132.100402,34.715217],[132.100077,34.715192],[132.099402,34.715217],[132.099127,34.715192],[132.098853,34.715009],[132.098603,34.714734],[132.098228,34.714484],[132.097828,34.714434],[132.096153,34.714492],[132.095928,34.714375],[132.095653,34.713875],[132.095403,34.713675],[132.095028,34.713517],[132.094753,34.713492],[132.094253,34.7136],[132.093803,34.713617],[132.093478,34.713434],[132.092828,34.712934],[132.092503,34.712617],[132.092328,34.7123],[132.092241,34.711917],[132.092016,34.711376],[132.091766,34.711009],[132.091178,34.710309],[132.090178,34.709734],[132.089828,34.709709],[132.089353,34.709592],[132.088953,34.709384],[132.088828,34.709317],[132.088603,34.708976],[132.088266,34.708301],[132.088066,34.708009],[132.087766,34.707759],[132.087291,34.707418],[132.086841,34.707209],[132.086091,34.706884],[132.085616,34.706368],[132.084879,34.705726],[132.084204,34.705318],[132.083804,34.705268],[132.083354,34.705268],[132.082279,34.705326],[132.081941,34.705485],[132.081416,34.705818],[132.081116,34.705951],[132.080867,34.706151],[132.080692,34.706351],[132.080329,34.706668],[132.080104,34.70696],[132.079879,34.707118],[132.079254,34.707293],[132.078529,34.707126],[132.078104,34.706968],[132.077154,34.706601],[132.076654,34.706485],[132.076154,34.706435],[132.075004,34.706426],[132.073767,34.70651],[132.072517,34.706701],[132.071017,34.706401],[132.070592,34.706443],[132.070142,34.706501],[132.069105,34.706793],[132.068205,34.707326],[132.06788,34.707393],[132.067567,34.707501],[132.066992,34.707884],[132.066492,34.707851],[132.066142,34.707918],[132.065942,34.708034],[132.06563,34.708318],[132.065355,34.708751],[132.065755,34.709159],[132.06633,34.709568],[132.066455,34.709751],[132.066417,34.709884],[132.066267,34.710042],[132.066067,34.710284],[132.065942,34.710534],[132.066042,34.711051],[132.065955,34.711234],[132.065205,34.712134],[132.06513,34.712134],[132.064555,34.711926],[132.06373,34.711667],[132.06338,34.711626],[132.06248,34.711367],[132.062255,34.711251],[132.06223,34.711209],[132.06218,34.710576],[132.06203,34.710326],[132.06178,34.710209],[132.061505,34.710009],[132.061293,34.709709],[132.060943,34.709601],[132.060818,34.709617],[132.06058,34.709726],[132.06013,34.710267],[132.05958,34.710376],[132.05933,34.710509],[132.058718,34.711476],[132.058468,34.711726],[132.05793,34.712075],[132.05758,34.7123],[132.057555,34.712325],[132.05793,34.712892],[132.058093,34.713434],[132.058192,34.714],[132.058092,34.714334],[132.05768,34.71445],[132.057355,34.714509],[132.057105,34.7144],[132.056868,34.714167],[132.056543,34.713984],[132.056193,34.714009],[132.055305,34.714384],[132.055055,34.714267],[132.05468,34.714],[132.054455,34.71395],[132.05413,34.713992],[132.053655,34.714259],[132.053455,34.714417],[132.053105,34.7145],[132.05283,34.714433],[132.05218,34.71405],[132.05203,34.714042],[132.051405,34.713725],[132.05108,34.713725],[132.05073,34.713834],[132.05058,34.713833],[132.050231,34.71365],[132.049956,34.713467],[132.049556,34.713442],[132.049231,34.7136],[132.048993,34.713842],[132.04848,34.715258],[132.048305,34.715575],[132.047718,34.7162],[132.047418,34.716408],[132.047018,34.716466],[132.046718,34.7166],[132.046443,34.716891],[132.045905,34.717683],[132.045581,34.717833],[132.045456,34.717858],[132.044506,34.7176],[132.044306,34.717625],[132.043956,34.717708],[132.043618,34.718066],[132.043318,34.718475],[132.043068,34.718541],[132.042693,34.718516],[132.042081,34.718625],[132.040981,34.718999],[132.039931,34.719349],[132.039418,34.719441],[132.038744,34.719391],[132.038194,34.719316],[132.037169,34.719241],[132.036919,34.719199],[132.036569,34.719016],[132.036469,34.718899],[132.036444,34.718699],[132.036481,34.7184],[132.036606,34.71795],[132.036556,34.717591],[132.036406,34.717275],[132.036169,34.717025],[132.035294,34.716608],[132.035169,34.71645],[132.035094,34.716091],[132.035294,34.7158],[132.035407,34.715416],[132.035382,34.715125],[132.035394,34.71415],[132.035469,34.713617],[132.035544,34.713525],[132.035844,34.713258],[132.035932,34.712983],[132.035982,34.712625],[132.036157,34.712333],[132.036357,34.712134],[132.036382,34.711909],[132.036194,34.711184],[132.036619,34.71105],[132.036919,34.71085],[132.037194,34.710809],[132.037644,34.710784],[132.037932,34.710717],[132.038457,34.710542],[132.039307,34.710142],[132.039644,34.709875],[132.039869,34.709609],[132.039994,34.709359],[132.039994,34.709242],[132.039819,34.709001],[132.039769,34.708992],[132.039719,34.708767],[132.039882,34.708459],[132.039932,34.707984],[132.039732,34.707576],[132.039907,34.707392],[132.039919,34.707192],[132.039794,34.706992],[132.039569,34.706876],[132.039319,34.706801],[132.038544,34.706776],[132.038345,34.706659],[132.038095,34.706343],[132.03782,34.706318],[132.036657,34.706626],[132.036432,34.706517],[132.035995,34.706059],[132.035395,34.705876],[132.03497,34.705801],[132.034395,34.705868],[132.033957,34.705976],[132.033682,34.706001],[132.032908,34.705726],[132.032433,34.705676],[132.032183,34.705717],[132.031783,34.706259],[132.031583,34.706276],[132.031333,34.706226],[132.030933,34.706092],[132.030208,34.706042],[132.029883,34.705992],[132.029608,34.705876],[132.029358,34.705676],[132.029058,34.705309],[132.028533,34.704968],[132.028508,34.704901],[132.02877,34.704318],[132.028745,34.704093],[132.02852,34.703976],[132.028195,34.703951],[132.027846,34.703968],[132.027571,34.704084],[132.027183,34.704351],[132.026958,34.704259],[132.026808,34.704143],[132.026421,34.703984],[132.026121,34.703376],[132.025971,34.703143],[132.025746,34.703051],[132.025371,34.703118],[132.025046,34.703209],[132.024696,34.703409],[132.024696,34.703476],[132.024471,34.702659],[132.024296,34.702326],[132.024383,34.702026],[132.024333,34.701734],[132.024233,34.701551],[132.024058,34.701551],[132.023383,34.701776],[132.023109,34.701701],[132.022809,34.701476],[132.022459,34.701343],[132.022109,34.701335],[132.021759,34.701401],[132.021434,34.701285],[132.020734,34.700851],[132.020509,34.700851],[132.020359,34.701035],[132.020071,34.701751],[132.019896,34.701976],[132.019721,34.701993],[132.019196,34.701768],[132.018921,34.701834],[132.018671,34.702076],[132.018359,34.702509],[132.017959,34.702818],[132.017609,34.702951],[132.017171,34.703268],[132.016621,34.703734],[132.016096,34.704068],[132.015634,34.704201],[132.015284,34.704334],[132.015059,34.704509],[132.015009,34.705117],[132.014746,34.705342],[132.014221,34.706217],[132.014171,34.706401],[132.014184,34.706559],[132.014434,34.706992],[132.014484,34.707551],[132.014446,34.707826],[132.014246,34.708276],[132.013996,34.708517],[132.013846,34.708834],[132.013659,34.709059],[132.013459,34.709217],[132.012859,34.709284],[132.012384,34.709709],[132.011222,34.7101],[132.010947,34.710284],[132.010797,34.710842],[132.010334,34.711317],[132.010259,34.71165],[132.009947,34.71215],[132.009872,34.7128],[132.009259,34.713725],[132.009184,34.713792],[132.008359,34.714008],[132.007897,34.714233],[132.007422,34.714317],[132.006172,34.7144],[132.005797,34.714508],[132.005134,34.714867],[132.004959,34.715092],[132.004734,34.715317],[132.004359,34.715583],[132.004097,34.715808],[132.003947,34.716325],[132.003872,34.716683],[132.003922,34.717025],[132.003859,34.717275],[132.003934,34.717516],[132.004059,34.717658],[132.004109,34.717908],[132.004084,34.718175],[132.004297,34.718625],[132.004347,34.718875],[132.004272,34.7191],[132.004147,34.719283],[132.003972,34.719325],[132.003697,34.719275],[132.003447,34.719166],[132.003072,34.718775],[132.002847,34.718733],[132.002147,34.718725],[132.001847,34.718658],[132.001622,34.718541],[132.001622,34.718475],[132.001722,34.718341],[132.001772,34.718158],[132.001672,34.717958],[132.001409,34.717641],[132.001434,34.7166],[132.001372,34.715942],[132.00106,34.714908],[132.000885,34.713975],[132.000597,34.713642],[132.000322,34.71355],[131.99966,34.713725],[131.999285,34.713742],[131.99861,34.71365],[131.998385,34.713492],[131.998222,34.712967],[131.997997,34.712675],[131.997797,34.712534],[131.997519,34.712521],[131.997497,34.712575],[131.99736,34.712667],[131.997185,34.71285],[131.997047,34.71325],[131.99686,34.713384],[131.996535,34.713475],[131.995873,34.713525],[131.995735,34.713633],[131.99571,34.713925],[131.995623,34.714133],[131.99511,34.714308],[131.99461,34.714717],[131.994285,34.7149],[131.993735,34.714942],[131.99326,34.7149],[131.99291,34.714967],[131.992523,34.715075],[131.991973,34.715167],[131.991698,34.715258],[131.99126,34.715617],[131.991048,34.715642],[131.990385,34.715642],[131.989785,34.715775],[131.989473,34.7158],[131.989286,34.715683],[131.989148,34.715533],[131.988786,34.715483],[131.988523,34.715533],[131.988786,34.714317],[131.988736,34.714067],[131.988598,34.713775],[131.988511,34.7131],[131.988548,34.712583],[131.988486,34.712517],[131.987998,34.712558],[131.986948,34.712542],[131.986561,34.712583],[131.985986,34.713075],[131.985661,34.713075],[131.985298,34.713008],[131.984861,34.71285],[131.983686,34.712317],[131.983249,34.712292],[131.982749,34.712408],[131.982536,34.712492],[131.981299,34.712583],[131.981211,34.712792],[131.981324,34.71295],[131.981599,34.713125],[131.981849,34.713375],[131.981899,34.713825],[131.981874,34.714141],[131.981961,34.714383],[131.982811,34.714833],[131.982861,34.7149],[131.982861,34.715508],[131.982749,34.715758],[131.982699,34.715783],[131.982449,34.715733],[131.982124,34.715575],[131.981849,34.715508],[131.981461,34.715491],[131.980249,34.715558],[131.979399,34.715491],[131.978911,34.715583],[131.978499,34.715716],[131.978162,34.715899],[131.978037,34.715941],[131.977487,34.715874],[131.976599,34.715991],[131.976324,34.715941],[131.975837,34.715316],[131.975499,34.715199],[131.975037,34.715133],[131.974787,34.715041],[131.974574,34.714774],[131.974299,34.714974],[131.974162,34.715266],[131.974074,34.716033],[131.973562,34.716324],[131.973249,34.716416],[131.972537,34.716283],[131.971987,34.716324],[131.971362,34.716574],[131.970237,34.717182],[131.969187,34.717657],[131.968725,34.717816],[131.968262,34.717882],[131.967325,34.717816],[131.966912,34.717841],[131.96655,34.717907],[131.966088,34.718065],[131.965788,34.718132],[131.965788,34.718174],[131.966562,34.718874],[131.966612,34.718982],[131.966725,34.719507],[131.966975,34.71984],[131.96705,34.720107],[131.966775,34.720357],[131.966387,34.720424],[131.9662,34.720424],[131.9656,34.72034],[131.9648,34.72029],[131.964063,34.719957],[131.96365,34.719907],[131.963313,34.719957],[131.963038,34.720048],[131.9628,34.720065],[131.96255,34.719982],[131.9623,34.719823],[131.962088,34.719548],[131.961913,34.719257],[131.961725,34.719015],[131.961538,34.718857],[131.961088,34.718224],[131.960901,34.71809],[131.960713,34.71804],[131.960438,34.71809],[131.959338,34.718407],[131.958926,34.71879],[131.958901,34.718882],[131.958738,34.719082],[131.958601,34.719373],[131.958463,34.719598],[131.958213,34.719798],[131.958013,34.72009],[131.957801,34.720182],[131.957663,34.720323],[131.957688,34.720523],[131.957888,34.720565],[131.958126,34.720682],[131.958563,34.721173],[131.958701,34.721423],[131.958626,34.721981],[131.95865,34.722573],[131.958925,34.722681],[131.959475,34.722656],[131.959563,34.722681],[131.959663,34.722773],[131.959725,34.722931],[131.9597,34.723265],[131.959525,34.723398],[131.959425,34.723648],[131.9594,34.724073],[131.959338,34.724165],[131.958875,34.724439],[131.958575,34.724973],[131.958325,34.725356],[131.958238,34.725656],[131.958275,34.725964],[131.958163,34.726123],[131.957013,34.727089],[131.956788,34.727114],[131.956538,34.727072],[131.956188,34.727206],[131.955913,34.727164],[131.955688,34.727022],[131.955501,34.726822],[131.954951,34.726439],[131.954701,34.726148],[131.954376,34.725973],[131.954101,34.726056],[131.953851,34.726014],[131.953413,34.725814],[131.953138,34.725764],[131.952501,34.725997],[131.952313,34.726014],[131.952201,34.725922],[131.951926,34.725473],[131.951738,34.725339],[131.951463,34.725339],[131.951026,34.725456],[131.950801,34.725339],[131.950776,34.725139],[131.950638,34.724939],[131.950476,34.724939],[131.950114,34.725006],[131.949676,34.724489],[131.949401,34.724264],[131.949076,34.724173],[131.948764,34.724198],[131.948576,34.724131],[131.948139,34.723723],[131.947976,34.723681],[131.947814,34.723723],[131.947676,34.723973],[131.947539,34.724964],[131.947451,34.725297],[131.947201,34.725639],[131.947176,34.725814],[131.947226,34.726089],[131.947201,34.726356],[131.947064,34.726581],[131.946826,34.726856],[131.946651,34.727214],[131.946689,34.72748],[131.946514,34.727955],[131.946689,34.728314],[131.946739,34.728589],[131.946514,34.729105],[131.946651,34.72978],[131.946551,34.73023],[131.946601,34.730455],[131.946763,34.730813],[131.946713,34.73113],[131.946526,34.731555],[131.946626,34.732163],[131.946526,34.732297],[131.945701,34.733063],[131.945563,34.733338],[131.945451,34.733763],[131.945313,34.733988],[131.945288,34.734613],[131.945338,34.734888],[131.945863,34.735655],[131.945913,34.735896],[131.945813,34.736105],[131.945401,34.73653],[131.945088,34.736713],[131.944738,34.736804],[131.944301,34.736804],[131.944076,34.736888],[131.943363,34.736871],[131.943063,34.736888],[131.942563,34.737163],[131.942426,34.737413],[131.942213,34.737654],[131.942076,34.737904],[131.942101,34.738196],[131.942213,34.738446],[131.942488,34.738763],[131.942513,34.739321],[131.942426,34.739596],[131.942326,34.739771],[131.942188,34.739821],[131.942026,34.739754],[131.941851,34.739571],[131.941576,34.739004],[131.941413,34.738763],[131.941226,34.738579],[131.940926,34.738488],[131.940651,34.738338],[131.940426,34.737904],[131.940264,34.737796],[131.940101,34.737746],[131.938251,34.737521],[131.937951,34.736921],[131.937626,34.736554],[131.937326,34.736104],[131.937189,34.735996],[131.936964,34.735879],[131.936639,34.735838],[131.936276,34.735954],[131.935789,34.736196],[131.935264,34.736263],[131.934664,34.736021],[131.934414,34.736046],[131.934277,34.736221],[131.934002,34.737012],[131.933539,34.737437],[131.933264,34.737596],[131.932714,34.737754],[131.932627,34.737821],[131.932602,34.738137],[131.932627,34.738246],[131.932552,34.738471],[131.932277,34.738771],[131.932214,34.738921],[131.932189,34.739329],[131.931889,34.739962],[131.931727,34.740054],[131.931527,34.740095],[131.931364,34.740187],[131.931364,34.740504],[131.931639,34.74102],[131.932101,34.741379],[131.932076,34.74167],[131.932139,34.74192],[131.932101,34.742454],[131.932276,34.742704],[131.932876,34.74302],[131.933014,34.743179],[131.933039,34.743404],[131.932926,34.743562],[131.932689,34.74367],[131.932026,34.743853],[131.931976,34.743962],[131.932051,34.744145],[131.932626,34.744503],[131.932651,34.744728],[131.932601,34.74502],[131.932464,34.745295],[131.932051,34.746012],[131.931976,34.746328],[131.932051,34.74707],[131.931839,34.74727],[131.931726,34.747428],[131.931639,34.747836],[131.931664,34.748178],[131.931614,34.748378],[131.931589,34.748803],[131.931451,34.748961],[131.931201,34.749078],[131.930626,34.74912],[131.929114,34.748736],[131.928839,34.748786],[131.928289,34.749145],[131.928151,34.749186],[131.927714,34.749261],[131.927414,34.749344],[131.927227,34.749528],[131.926814,34.749661],[131.926314,34.749728],[131.925489,34.749886],[131.924414,34.750478],[131.924339,34.750878],[131.924339,34.751194],[131.924177,34.751378],[131.923764,34.751552],[131.923264,34.751644],[131.922989,34.751602],[131.922714,34.751486],[131.922439,34.751419],[131.922227,34.751469],[131.922189,34.751852],[131.922002,34.752411],[131.921752,34.752727],[131.921514,34.752911],[131.921102,34.753194],[131.921152,34.753294],[131.920752,34.753519],[131.920477,34.753602],[131.917213,34.759109],[131.910044,34.763884],[131.904548,34.769375],[131.895966,34.773417],[131.896066,34.773683],[131.896266,34.77385],[131.896466,34.773917],[131.896666,34.774117],[131.896653,34.774342],[131.896478,34.77495],[131.896578,34.775042],[131.896853,34.775117],[131.897178,34.775142],[131.897353,34.775183],[131.897253,34.775475],[131.897228,34.7757],[131.897303,34.77575],[131.897528,34.775725],[131.897928,34.775642],[131.898653,34.775492],[131.899203,34.775608],[131.899678,34.77565],[131.899878,34.775583],[131.899853,34.7755],[131.899478,34.775358],[131.898903,34.775217],[131.898953,34.77515],[131.899153,34.775108],[131.899203,34.775042],[131.899265,34.774817],[131.899215,34.774658],[131.899065,34.774592],[131.899015,34.774475],[131.89924,34.774092],[131.89954,34.774142],[131.899965,34.774258],[131.900365,34.774283],[131.90089,34.774267],[131.90124,34.774308],[131.901715,34.774425],[131.902115,34.774725],[131.902315,34.774792],[131.90264,34.774817],[131.902915,34.774883],[131.903115,34.774867],[131.90344,34.774892],[131.90349,34.774983],[131.903215,34.775133],[131.90309,34.775275],[131.903165,34.775408],[131.903315,34.775567],[131.90369,34.775633],[131.904215,34.775667],[131.90469,34.775625],[131.90489,34.775575],[131.905565,34.775308],[131.905865,34.775133],[131.906102,34.774933],[131.906302,34.774817],[131.906427,34.774908],[131.906315,34.77525],[131.906465,34.775342],[131.90704,34.775367],[131.907427,34.775192],[131.907577,34.775283],[131.907702,34.775283],[131.907902,34.775217],[131.908052,34.7751],[131.908277,34.775017],[131.908352,34.775042],[131.908477,34.775083],[131.908577,34.775017],[131.908452,34.774658],[131.908302,34.774633],[131.908202,34.774408],[131.908315,34.773934],[131.90854,34.773775],[131.90889,34.773825],[131.90924,34.773984],[131.90959,34.774075],[131.909915,34.773992],[131.91019,34.773834],[131.91079,34.7737],[131.91104,34.773617],[131.911177,34.773617],[131.91109,34.773842],[131.912052,34.773484],[131.912652,34.773242],[131.913002,34.773359],[131.913277,34.773359],[131.913377,34.773409],[131.913502,34.773884],[131.913289,34.774534],[131.913364,34.774559],[131.913514,34.774467],[131.913639,34.7742],[131.913752,34.774084],[131.914452,34.774092],[131.914827,34.774359],[131.914714,34.774659],[131.914839,34.774675],[131.915064,34.774634],[131.915239,34.774859],[131.915164,34.7752],[131.915289,34.7757],[131.915627,34.776508],[131.915427,34.776942],[131.915577,34.777033],[131.915827,34.776942],[131.915977,34.776942],[131.916302,34.776942],[131.916189,34.777767],[131.916801,34.783375],[131.920026,34.786216],[131.921113,34.785241],[131.923476,34.786558],[131.922851,34.788482],[131.923201,34.788507],[131.925563,34.782367],[131.925788,34.782558],[131.925838,34.782808],[131.925988,34.782791],[131.925826,34.782408],[131.925576,34.782],[131.925576,34.781858],[131.925676,34.781617],[131.925651,34.781317],[131.925788,34.78105],[131.926363,34.780875],[131.927138,34.780767],[131.927563,34.780817],[131.928913,34.781142],[131.929413,34.781483],[131.929613,34.781733],[131.929788,34.781983],[131.929775,34.782183],[131.9299,34.782342],[131.929975,34.782342],[131.930175,34.782258],[131.930613,34.782142],[131.930913,34.782258],[131.9313,34.782492],[131.931725,34.78285],[131.93205,34.783217],[131.93215,34.783892],[131.932038,34.784166],[131.931688,34.784475],[131.931963,34.78455],[131.932263,34.784725],[131.932438,34.784975],[131.932588,34.785341],[131.932538,34.785408],[131.932225,34.785516],[131.932025,34.78565],[131.9318,34.785741],[131.931575,34.785741],[131.931725,34.786058],[131.931825,34.786058],[131.932025,34.78615],[131.932275,34.78635],[131.93245,34.786691],[131.932513,34.786966],[131.932413,34.787416],[131.932538,34.787574],[131.932563,34.788024],[131.932438,34.788133],[131.93245,34.788358],[131.9325,34.788433],[131.93265,34.788433],[131.9329,34.788391],[131.932925,34.788499],[131.932875,34.788633],[131.9329,34.788699],[131.933175,34.788683],[131.933425,34.788749],[131.933425,34.788816],[131.9337,34.788891],[131.933825,34.788983],[131.934075,34.789341],[131.934325,34.789274],[131.9345,34.789299],[131.9345,34.789349],[131.93465,34.789524],[131.93495,34.789666],[131.93535,34.790099],[131.935475,34.790116],[131.93555,34.790049],[131.935975,34.789899],[131.936225,34.789741],[131.93625,34.789633],[131.935825,34.789599],[131.935825,34.789516],[131.9359,34.789358],[131.936,34.789066],[131.936137,34.788908],[131.936462,34.788799],[131.936987,34.788758],[131.937262,34.788866],[131.937512,34.789049],[131.937537,34.789274],[131.9375,34.789549],[131.9376,34.789733],[131.937775,34.789799],[131.937975,34.789799],[131.9382,34.789691],[131.938387,34.789533],[131.938387,34.789399],[131.938137,34.789149],[131.938112,34.788991],[131.938162,34.788899],[131.938387,34.788833],[131.938612,34.788808],[131.939312,34.788883],[131.939837,34.789024],[131.941912,34.790099],[131.942962,34.790508],[131.943337,34.790716],[131.943724,34.791033],[131.944824,34.791716],[131.945274,34.791924],[131.945924,34.792249],[131.946324,34.792516],[131.946549,34.792816],[131.946736,34.793157],[131.946661,34.793132],[131.946536,34.793149],[131.946361,34.793241],[131.946436,34.793357],[131.946636,34.793491],[131.946861,34.794057],[131.947061,34.794266],[131.946986,34.794416],[131.947111,34.794491],[131.947261,34.794491],[131.947436,34.794557],[131.947549,34.794966],[131.947499,34.795599],[131.947374,34.795665],[131.946949,34.795657],[131.946574,34.795724],[131.946386,34.79579],[131.946361,34.795882],[131.946636,34.795949],[131.946811,34.796015],[131.946936,34.796107],[131.947136,34.796157],[131.947286,34.79634],[131.947436,34.796449],[131.947711,34.796365],[131.947836,34.79639],[131.947986,34.79659],[131.947961,34.796749],[131.947786,34.79684],[131.947361,34.796899],[131.947211,34.797082],[131.947261,34.797174],[131.947986,34.797407],[131.948186,34.797424],[131.948536,34.797407],[131.948711,34.797682],[131.948699,34.798649],[131.948799,34.798924],[131.948849,34.79899],[131.948849,34.799082],[131.948786,34.799165],[131.948811,34.799348],[131.949036,34.799465],[131.949136,34.799573],[131.948911,34.799782],[131.948736,34.799865],[131.948711,34.800182],[131.948536,34.800315],[131.947886,34.800107],[131.947711,34.800082],[131.947436,34.800132],[131.947199,34.800282],[131.947174,34.800348],[131.947249,34.80049],[131.947474,34.800648],[131.947649,34.800673],[131.947749,34.800607],[131.948024,34.800565],[131.948274,34.800723],[131.948474,34.801065],[131.948449,34.801132],[131.948324,34.801173],[131.948224,34.801173],[131.948149,34.80124],[131.948274,34.801598],[131.948399,34.801673],[131.948386,34.801898],[131.948536,34.801898],[131.948674,34.80174],[131.948949,34.801648],[131.949374,34.801407],[131.949474,34.801407],[131.950198,34.801748],[131.950148,34.802023],[131.950198,34.802157],[131.950323,34.802157],[131.950461,34.802315],[131.950561,34.80259],[131.950711,34.802698],[131.951361,34.802882],[131.951636,34.80289],[131.951636,34.802998],[131.951536,34.803315],[131.951311,34.803515],[131.951236,34.80374],[131.951261,34.80379],[131.951936,34.804065],[131.951973,34.804331],[131.951748,34.804531],[131.951223,34.804623],[131.951073,34.804715],[131.950998,34.805006],[131.950986,34.805231],[131.951136,34.805323],[131.951398,34.805165],[131.951423,34.805273],[131.951586,34.805506],[131.951923,34.805415],[131.952061,34.805531],[131.952111,34.805706],[131.952211,34.805731],[131.952436,34.805715],[131.952698,34.805623],[131.952798,34.80549],[131.952848,34.805356],[131.953498,34.805023],[131.953523,34.80504],[131.953723,34.805381],[131.953298,34.805648],[131.953236,34.805923],[131.953286,34.806031],[131.953461,34.806056],[131.953636,34.806465],[131.953711,34.806981],[131.953661,34.80714],[131.953561,34.807189],[131.953386,34.807231],[131.953223,34.807339],[131.952848,34.808173],[131.952898,34.808356],[131.953273,34.808264],[131.953473,34.808339],[131.953598,34.808514],[131.953635,34.808789],[131.953585,34.808989],[131.95326,34.809031],[131.952786,34.809439],[131.952511,34.809456],[131.952311,34.809548],[131.952061,34.809589],[131.951886,34.809473],[131.951711,34.809431],[131.951636,34.809523],[131.951398,34.809656],[131.951373,34.809764],[131.951348,34.810264],[131.951148,34.810597],[131.951111,34.810797],[131.951586,34.811122],[131.951736,34.811122],[131.951823,34.810831],[131.951798,34.810714],[131.951998,34.810739],[131.952298,34.811031],[131.952323,34.810947],[131.952398,34.810248],[131.952673,34.810223],[131.953773,34.810439],[131.953873,34.810531],[131.953873,34.810664],[131.953948,34.810931],[131.954073,34.811022],[131.954623,34.811122],[131.955198,34.811481],[131.955423,34.811822],[131.955735,34.812639],[131.95591,34.812822],[131.956185,34.813022],[131.95636,34.813297],[131.956373,34.813589],[131.956298,34.813906],[131.956098,34.814397],[131.955998,34.814755],[131.95581,34.815005],[131.955535,34.815164],[131.95511,34.815314],[131.955035,34.815455],[131.955035,34.815722],[131.95491,34.81588],[131.954723,34.815989],[131.954573,34.81628],[131.954673,34.816372],[131.954748,34.816397],[131.955223,34.816472],[131.955373,34.816405],[131.955523,34.816197],[131.95571,34.816047],[131.955935,34.816047],[131.955985,34.816064],[131.95621,34.816272],[131.956423,34.816639],[131.956973,34.81693],[131.957147,34.817089],[131.957272,34.817247],[131.957497,34.817322],[131.957622,34.81723],[131.957772,34.817272],[131.957922,34.817364],[131.958022,34.817297],[131.958072,34.817072],[131.95821,34.816847],[131.958435,34.816672],[131.95836,34.816539],[131.95846,34.816422],[131.958685,34.81638],[131.958935,34.81643],[131.95896,34.816472],[131.95891,34.81663],[131.95901,34.81688],[131.958935,34.817014],[131.958997,34.817147],[131.959947,34.81763],[131.960122,34.817655],[131.960385,34.817364],[131.960685,34.817205],[131.96091,34.816847],[131.96116,34.816822],[131.961385,34.816914],[131.96156,34.817147],[131.961385,34.817597],[131.961397,34.817772],[131.961472,34.817839],[131.961872,34.817939],[131.96231,34.817872],[131.962585,34.817764],[131.96281,34.81778],[131.96306,34.817989],[131.963185,34.818172],[131.963097,34.818305],[131.963172,34.81853],[131.963047,34.81853],[131.962897,34.818622],[131.962972,34.818639],[131.962997,34.818797],[131.962872,34.818847],[131.962697,34.818797],[131.962447,34.818614],[131.961872,34.818564],[131.961747,34.818655],[131.961747,34.81893],[131.961897,34.819022],[131.962222,34.818997],[131.962697,34.818889],[131.962797,34.819114],[131.962785,34.819522],[131.963009,34.819655],[131.963109,34.819614],[131.963322,34.81943],[131.963572,34.819572],[131.963534,34.820113],[131.963659,34.820363],[131.963934,34.820472],[131.964134,34.82043],[131.964459,34.820455],[131.964659,34.820214],[131.965059,34.820255],[131.965159,34.820214],[131.965509,34.820305],[131.965584,34.820372],[131.965609,34.820713],[131.965759,34.82078],[131.966084,34.820713],[131.966109,34.820763],[131.966334,34.82083],[131.966409,34.820722],[131.966422,34.820497],[131.966647,34.820539],[131.966697,34.820589],[131.966784,34.82083],[131.966884,34.820905],[131.966959,34.820764],[131.966972,34.820655],[131.967122,34.82068],[131.967272,34.820747],[131.967497,34.820797],[131.967622,34.82073],[131.967772,34.820364],[131.967997,34.820372],[131.968397,34.820147],[131.968647,34.82008],[131.969047,34.820264],[131.969047,34.820397],[131.968947,34.820464],[131.968872,34.820672],[131.968872,34.820755],[131.968972,34.82083],[131.968972,34.820964],[131.969097,34.821147],[131.969184,34.821572],[131.969009,34.821838],[131.969059,34.82193],[131.969234,34.82193],[131.969484,34.82198],[131.969584,34.822113],[131.969859,34.82223],[131.969784,34.822322],[131.969584,34.822413],[131.969659,34.822522],[131.969934,34.822705],[131.970159,34.82273],[131.970359,34.822622],[131.970759,34.822488],[131.970809,34.822597],[131.970734,34.82273],[131.970784,34.822913],[131.971259,34.823163],[131.971484,34.823188],[131.971559,34.823097],[131.971709,34.822788],[131.971884,34.82288],[131.972284,34.82313],[131.972534,34.823197],[131.972734,34.823105],[131.973034,34.822838],[131.973134,34.822572],[131.973171,34.822005],[131.973321,34.821689],[131.973571,34.821539],[131.973896,34.821422],[131.973971,34.821339],[131.974259,34.821155],[131.974684,34.821022],[131.975159,34.821005],[131.975784,34.821164],[131.976284,34.821347],[131.977233,34.821805],[131.977658,34.82208],[131.978571,34.82283],[131.978596,34.822947],[131.978621,34.823489],[131.978771,34.823605],[131.979046,34.823672],[131.979471,34.82363],[131.979496,34.823672],[131.980096,34.823972],[131.980471,34.824313],[131.980621,34.82438],[131.980796,34.824405],[131.980946,34.824497],[131.980921,34.824588],[131.980933,34.82468],[131.981033,34.824722],[131.981321,34.82468],[131.981496,34.824722],[131.981808,34.824905],[131.982108,34.825155],[131.982458,34.825363],[131.983208,34.825997],[131.983483,34.82618],[131.983658,34.826388],[131.983733,34.826547],[131.984008,34.82648],[131.984208,34.82648],[131.984358,34.826255],[131.984508,34.826238],[131.985933,34.826355],[131.986483,34.826563],[131.987333,34.826863],[131.987833,34.827072],[131.989258,34.827913],[131.990008,34.828438],[131.99042,34.828913],[131.990595,34.829205],[131.99062,34.829455],[131.99077,34.82973],[131.990695,34.829838],[131.990595,34.829888],[131.990545,34.830063],[131.990695,34.830113],[131.990895,34.830113],[131.99097,34.83018],[131.991058,34.830521],[131.991083,34.830838],[131.990883,34.83088],[131.990733,34.831013],[131.990758,34.831213],[131.990983,34.831513],[131.991483,34.831921],[131.99157,34.832121],[131.99157,34.832421],[131.991595,34.832463],[131.991395,34.83253],[131.991045,34.83273],[131.99082,34.832746],[131.99067,34.832813],[131.990645,34.832955],[131.990695,34.833063],[131.99087,34.833113],[131.991045,34.833088],[131.99107,34.833113],[131.991033,34.833338],[131.991133,34.833679],[131.991208,34.833788],[131.991433,34.833838],[131.991708,34.833971],[131.991907,34.834179],[131.992007,34.834521],[131.991957,34.834629],[131.99172,34.835013],[131.991745,34.835146],[131.99192,34.835288],[131.992145,34.835304],[131.99242,34.835288],[131.99267,34.835179],[131.992807,34.835088],[131.992807,34.834813],[131.993282,34.834438],[131.993407,34.834463],[131.993782,34.834663],[131.994032,34.834871],[131.994107,34.835054],[131.993782,34.835479],[131.99347,34.836013],[131.99352,34.836129],[131.993745,34.836446],[131.993695,34.836521],[131.993895,34.836546],[131.993982,34.836654],[131.99397,34.836796],[131.993807,34.837379],[131.993832,34.837487],[131.993782,34.837554],[131.993807,34.837629],[131.994132,34.837646],[131.994295,34.837721],[131.99432,34.837812],[131.99427,34.837946],[131.994157,34.837987],[131.993607,34.837871],[131.993532,34.837896],[131.993345,34.838054],[131.993332,34.838254],[131.993145,34.838571],[131.993282,34.838929],[131.99352,34.838846],[131.99382,34.838979],[131.99407,34.839029],[131.994232,34.839137],[131.994282,34.839412],[131.994257,34.839571],[131.99412,34.839637],[131.993632,34.839537],[131.993445,34.839562],[131.993195,34.839654],[131.99297,34.839787],[131.992832,34.839962],[131.992857,34.840104],[131.992995,34.84017],[131.993182,34.840329],[131.993357,34.840354],[131.993595,34.840487],[131.993707,34.84067],[131.993782,34.84092],[131.99392,34.841145],[131.994057,34.841504],[131.994432,34.841887],[131.994895,34.84212],[131.995307,34.842479],[131.99577,34.842554],[131.995907,34.84262],[131.99612,34.842645],[131.99632,34.84262],[131.996532,34.842645],[131.996645,34.842604],[131.99692,34.842329],[131.99717,34.842312],[131.997478,34.842283],[131.997632,34.842362],[131.997845,34.842412],[131.998107,34.842779],[131.997882,34.843054],[131.997957,34.843362],[131.998332,34.843512],[131.998595,34.843479],[131.998932,34.843354],[131.99937,34.84342],[131.999795,34.84347],[132.000107,34.843662],[132.000582,34.84392],[132.000944,34.844112],[132.001032,34.844137],[132.001057,34.844237],[132.000857,34.844404],[132.000857,34.844545],[132.000907,34.84477],[132.001294,34.84502],[132.001007,34.845212],[132.001069,34.845478],[132.001719,34.845562],[132.001894,34.845612],[132.002207,34.84542],[132.002682,34.845262],[132.003344,34.84527],[132.003494,34.845262],[132.005457,34.84607],[132.005494,34.846179],[132.005557,34.846329],[132.005769,34.846379],[132.006182,34.846529],[132.006519,34.846679],[132.006832,34.846837],[132.006994,34.846762],[132.007282,34.846953],[132.007544,34.847128],[132.007719,34.847187],[132.007794,34.847762],[132.007794,34.848303],[132.007769,34.848753],[132.008032,34.848928],[132.008119,34.849145],[132.008269,34.84952],[132.008469,34.849662],[132.008794,34.849753],[132.009006,34.849862],[132.009131,34.85012],[132.009419,34.850536],[132.009556,34.850703],[132.009719,34.851095],[132.009831,34.851436],[132.009881,34.851711],[132.010194,34.852278],[132.010644,34.852603],[132.011031,34.852736],[132.011144,34.852736],[132.011244,34.852911],[132.011306,34.853119],[132.011356,34.853369],[132.011431,34.853719],[132.011506,34.854028],[132.011631,34.854336],[132.011769,34.854619],[132.012031,34.854986],[132.012331,34.855427],[132.012769,34.856002],[132.012931,34.856277],[132.012844,34.856436],[132.012744,34.856602],[132.013081,34.856786],[132.013556,34.856827],[132.013831,34.856952],[132.014168,34.857344],[132.014818,34.85811],[132.015218,34.858535],[132.015343,34.858702],[132.015368,34.85916],[132.015293,34.859485],[132.015156,34.859802],[132.014968,34.860152],[132.014868,34.860244],[132.014231,34.860752],[132.013768,34.860393],[132.013231,34.860677],[132.012931,34.86061],[132.012493,34.86006],[132.012031,34.86041],[132.011919,34.86031],[132.011819,34.860227],[132.011656,34.860293],[132.011319,34.860402],[132.011094,34.86051],[132.010769,34.860668],[132.010594,34.860743],[132.010331,34.860952],[132.010169,34.861043],[132.009719,34.860968],[132.009594,34.861035],[132.009131,34.861302],[132.009031,34.861502],[132.009219,34.861602],[132.009019,34.861727],[132.008856,34.861985],[132.009019,34.862268],[132.009031,34.862576],[132.009131,34.862876],[132.009419,34.86306],[132.009344,34.863443],[132.009094,34.863576],[132.008944,34.86361],[132.008681,34.863501],[132.008156,34.86331],[132.007606,34.863143],[132.007244,34.863235],[132.006906,34.86336],[132.006894,34.863585],[132.007156,34.863851],[132.007319,34.86411],[132.006919,34.864235],[132.006969,34.864743],[132.007531,34.865068],[132.007881,34.865351],[132.007719,34.865618],[132.007219,34.865526],[132.006756,34.865593],[132.006544,34.865843],[132.006719,34.865976],[132.007144,34.866226],[132.006969,34.866459],[132.006694,34.866576],[132.006456,34.866743],[132.006481,34.867092],[132.006906,34.867292],[132.007294,34.867276],[132.007706,34.867201],[132.008018,34.867284],[132.008418,34.867492],[132.008356,34.867751],[132.007943,34.867726],[132.007756,34.867926],[132.007543,34.867992],[132.007693,34.868159],[132.007793,34.868301],[132.008043,34.868426],[132.008418,34.868592],[132.008568,34.868634],[132.008793,34.868684],[132.009068,34.868317],[132.009131,34.868184],[132.009231,34.868109],[132.009256,34.868042],[132.009493,34.867967],[132.009856,34.867859],[132.010131,34.867567],[132.010506,34.867717],[132.010406,34.867942],[132.010231,34.868001],[132.010306,34.868101],[132.010381,34.868259],[132.010456,34.868359],[132.010731,34.868642],[132.010881,34.868667],[132.011068,34.868867],[132.011031,34.869101],[132.011318,34.869101],[132.011556,34.868917],[132.011793,34.869017],[132.012006,34.869142],[132.012356,34.869217],[132.012981,34.869284],[132.013193,34.869426],[132.013043,34.869592],[132.012843,34.869751],[132.012956,34.869834],[132.013318,34.869975],[132.013081,34.870175],[132.013456,34.870275],[132.013506,34.870392],[132.013818,34.870375],[132.013993,34.8703],[132.014293,34.87035],[132.014355,34.870075],[132.014406,34.869642],[132.014643,34.869634],[132.01473,34.869876],[132.01453,34.870217],[132.014693,34.870584],[132.015168,34.870625],[132.015368,34.870742],[132.01568,34.870917],[132.01598,34.870842],[132.01613,34.870542],[132.016205,34.870309],[132.016468,34.870325],[132.016368,34.870459],[132.016393,34.870684],[132.016705,34.870642],[132.016955,34.870409],[132.016843,34.87015],[132.017068,34.870075],[132.017343,34.8702],[132.017068,34.870434],[132.017018,34.870775],[132.017318,34.870934],[132.017305,34.87115],[132.017493,34.871425],[132.017605,34.871667],[132.017955,34.872109],[132.018543,34.872234],[132.018743,34.872134],[132.019368,34.872642],[132.019768,34.872609],[132.019943,34.872434],[132.020105,34.872234],[132.020193,34.872275],[132.020305,34.872584],[132.02073,34.872634],[132.021242,34.872733],[132.021567,34.872659],[132.021817,34.872617],[132.02183,34.872267],[132.021567,34.87195],[132.021442,34.871575],[132.021155,34.871484],[132.020968,34.871309],[132.020993,34.87095],[132.020755,34.870625],[132.020405,34.870367],[132.02018,34.870184],[132.019905,34.870117],[132.019818,34.870126],[132.019805,34.869909],[132.019193,34.869859],[132.018868,34.869076],[132.017693,34.868892],[132.017143,34.867576],[132.018343,34.867259],[132.018518,34.867626],[132.01888,34.867526],[132.019868,34.869576],[132.019955,34.869642],[132.02033,34.869709],[132.020505,34.869626],[132.020418,34.869267],[132.020455,34.868867],[132.020668,34.868451],[132.021105,34.867917],[132.019143,34.86416],[132.019843,34.863876],[132.021755,34.867368],[132.022405,34.867184],[132.02283,34.868017],[132.02143,34.868459],[132.021305,34.868334],[132.021168,34.868234],[132.021055,34.868417],[132.02083,34.868767],[132.020968,34.869267],[132.02123,34.869351],[132.02138,34.869084],[132.02158,34.869109],[132.021593,34.869226],[132.02143,34.869492],[132.021355,34.869576],[132.021493,34.869992],[132.02158,34.870134],[132.022155,34.870034],[132.02228,34.870459],[132.021555,34.870584],[132.02153,34.870717],[132.021605,34.87105],[132.021742,34.871325],[132.022155,34.871225],[132.022442,34.871175],[132.022742,34.871134],[132.023105,34.871175],[132.023267,34.871209],[132.023442,34.871217],[132.023817,34.871259],[132.02428,34.87135],[132.02468,34.8714],[132.025105,34.871517],[132.025517,34.871709],[132.025655,34.871775],[132.02593,34.871892],[132.026205,34.872017],[132.026367,34.872242],[132.02638,34.872434],[132.026305,34.872675],[132.02663,34.872783],[132.02678,34.872858],[132.026642,34.873025],[132.02648,34.873025],[132.026405,34.8731],[132.026467,34.873258],[132.026567,34.873358],[132.026742,34.873467],[132.02668,34.873583],[132.026467,34.873658],[132.026242,34.873717],[132.02618,34.87385],[132.026342,34.873942],[132.026592,34.873833],[132.026655,34.873967],[132.026442,34.87405],[132.026367,34.874158],[132.026492,34.874258],[132.026705,34.8742],[132.026779,34.874325],[132.026892,34.8745],[132.026929,34.8746],[132.026692,34.874742],[132.026592,34.874942],[132.026879,34.875033],[132.026867,34.875233],[132.026729,34.87535],[132.026467,34.875341],[132.026454,34.87555],[132.026654,34.875816],[132.026917,34.875933],[132.027167,34.875983],[132.027317,34.87585],[132.027667,34.875525],[132.027979,34.875291],[132.028229,34.875141],[132.028792,34.875141],[132.029217,34.875158],[132.029579,34.875125],[132.030004,34.874975],[132.030329,34.874967],[132.030567,34.875083],[132.030754,34.875441],[132.030817,34.875741],[132.030754,34.875933],[132.030542,34.876225],[132.030479,34.876458],[132.030404,34.876858],[132.030179,34.877116],[132.029979,34.87715],[132.029804,34.877291],[132.029567,34.877333],[132.029392,34.877516],[132.029554,34.877808],[132.029642,34.877983],[132.029604,34.878133],[132.029492,34.878283],[132.029342,34.878291],[132.029179,34.878274],[132.028904,34.878249],[132.028554,34.878233],[132.028242,34.878249],[132.027979,34.878224],[132.027917,34.878291],[132.028054,34.878691],[132.028342,34.878899],[132.028779,34.879124],[132.029267,34.879424],[132.029617,34.879658],[132.029879,34.879808],[132.030267,34.879966],[132.030604,34.880033],[132.030929,34.879974],[132.031179,34.879766],[132.031391,34.879358],[132.031404,34.879183],[132.031529,34.879091],[132.031666,34.879216],[132.031791,34.878983],[132.031741,34.878774],[132.031816,34.878666],[132.032154,34.878541],[132.032479,34.878416],[132.032766,34.878383],[132.033116,34.878358],[132.033516,34.878316],[132.033654,34.878349],[132.033854,34.878541],[132.034079,34.878633],[132.033804,34.878841],[132.034054,34.879049],[132.034304,34.878908],[132.034516,34.878974],[132.034504,34.879141],[132.034604,34.879349],[132.034691,34.879541],[132.034816,34.879616],[132.034954,34.879791],[132.035316,34.879874],[132.035766,34.879924],[132.035741,34.880191],[132.035491,34.880199],[132.035204,34.880199],[132.034991,34.880507],[132.035154,34.880474],[132.035254,34.880599],[132.035066,34.880832],[132.035154,34.881141],[132.034929,34.881374],[132.035166,34.881741],[132.035666,34.882024],[132.036391,34.882374],[132.036579,34.882482],[132.036853,34.882491],[132.037003,34.882299],[132.036991,34.882007],[132.037128,34.882041],[132.037328,34.881832],[132.037103,34.881341],[132.036704,34.880966],[132.036716,34.880808],[132.036891,34.880774],[132.037278,34.880599],[132.038003,34.880574],[132.038678,34.880758],[132.038891,34.880883],[132.039253,34.880683],[132.039691,34.880733],[132.039828,34.880674],[132.039766,34.880466],[132.039791,34.880291],[132.040003,34.880349],[132.040166,34.880408],[132.040328,34.880041],[132.040441,34.879841],[132.040853,34.879875],[132.041116,34.879775],[132.041041,34.879525],[132.040716,34.879416],[132.040716,34.879325],[132.040903,34.879116],[132.041141,34.878941],[132.041378,34.87875],[132.041641,34.878583],[132.041766,34.878516],[132.042003,34.878541],[132.042078,34.8785],[132.042091,34.878391],[132.042066,34.878266],[132.041966,34.878216],[132.042091,34.877467],[132.042066,34.877342],[132.042228,34.877333],[132.042428,34.877325],[132.042728,34.877358],[132.043028,34.87735],[132.043253,34.877308],[132.043366,34.877392],[132.043253,34.877475],[132.042941,34.877475],[132.042716,34.877483],[132.042566,34.877567],[132.042616,34.877717],[132.042916,34.87775],[132.043003,34.877941],[132.043078,34.878066],[132.043278,34.878066],[132.043353,34.878116],[132.043253,34.87825],[132.043128,34.878266],[132.042916,34.8784],[132.042616,34.878466],[132.042441,34.8785],[132.042403,34.8786],[132.042503,34.878625],[132.042766,34.878633],[132.043128,34.87865],[132.043678,34.878666],[132.044103,34.878725],[132.044166,34.878658],[132.044253,34.878475],[132.044228,34.878242],[132.044253,34.878042],[132.044341,34.877892],[132.044478,34.877758],[132.044716,34.877783],[132.044766,34.877875],[132.044803,34.878033],[132.044803,34.878275],[132.044903,34.878517],[132.045091,34.878617],[132.045416,34.878575],[132.045841,34.878508],[132.046103,34.878508],[132.046391,34.878425],[132.046716,34.877833],[132.046016,34.8776],[132.046403,34.8768],[132.043103,34.8758],[132.042928,34.8762],[132.042178,34.876167],[132.042266,34.8743],[132.041066,34.874242],[132.040916,34.875092],[132.040841,34.875108],[132.040654,34.875108],[132.040504,34.875125],[132.040416,34.875167],[132.040329,34.875133],[132.040566,34.873884],[132.040591,34.873809],[132.040791,34.873584],[132.041066,34.87335],[132.041479,34.873175],[132.041904,34.87305],[132.042104,34.872934],[132.042478,34.872776],[132.043166,34.872809],[132.043241,34.872784],[132.043278,34.872667],[132.043303,34.872542],[132.043428,34.872526],[132.043566,34.872601],[132.043641,34.872926],[132.044266,34.872917],[132.044341,34.872217],[132.044378,34.872126],[132.044666,34.872109],[132.045241,34.872042],[132.045491,34.872026],[132.045728,34.871959],[132.046228,34.871776],[132.046691,34.871576],[132.047116,34.871451],[132.047578,34.871359],[132.048066,34.871284],[132.048341,34.871259],[132.048416,34.871259],[132.048453,34.871193],[132.048566,34.871018],[132.049066,34.871043],[132.049191,34.871051],[132.049628,34.871026],[132.050091,34.870968],[132.050678,34.871009],[132.051078,34.870959],[132.051516,34.871009],[132.052065,34.871076],[132.05234,34.871118],[132.052915,34.871309],[132.053515,34.871451],[132.054103,34.871726],[132.05474,34.871951],[132.055178,34.872101],[132.055528,34.872326],[132.055865,34.872509],[132.056178,34.872601],[132.056503,34.872759],[132.05664,34.872859],[132.056778,34.872918],[132.05694,34.873118],[132.056915,34.873401],[132.056953,34.873659],[132.057215,34.873976],[132.057452,34.874126],[132.057715,34.874343],[132.058027,34.874643],[132.05819,34.875043],[132.058165,34.875234],[132.05819,34.875601],[132.058265,34.876143],[132.05844,34.876259],[132.058402,34.876459],[132.058415,34.876651],[132.058665,34.876717],[132.058965,34.876826],[132.059302,34.876959],[132.059527,34.877117],[132.059677,34.877326],[132.05979,34.877542],[132.05984,34.877742],[132.05984,34.877951],[132.05974,34.878159],[132.05909,34.878267],[132.059002,34.877859],[132.055615,34.878875],[132.057527,34.881084],[132.057615,34.881084],[132.057852,34.881009],[132.058227,34.880967],[132.058415,34.881],[132.05879,34.88105],[132.059015,34.881075],[132.059102,34.88105],[132.059215,34.88095],[132.059302,34.881067],[132.059402,34.881342],[132.059477,34.881642],[132.05934,34.8818],[132.05929,34.882084],[132.059602,34.882117],[132.059477,34.882392],[132.059402,34.882759],[132.059202,34.883142],[132.059252,34.883317],[132.059365,34.883292],[132.058902,34.883817],[132.057315,34.888933],[132.063227,34.891091],[132.060789,34.893824],[132.060902,34.893899],[132.063352,34.891208],[132.065376,34.892349],[132.062714,34.895474],[132.064039,34.896182],[132.066551,34.893174],[132.066551,34.892999],[132.066551,34.892883],[132.066564,34.892733],[132.066564,34.892533],[132.066576,34.892233],[132.066539,34.892158],[132.066439,34.892149],[132.066464,34.892066],[132.066526,34.891925],[132.066526,34.89185],[132.067101,34.890908],[132.068226,34.8906],[132.069364,34.891175],[132.070826,34.892341],[132.070876,34.892566],[132.071026,34.892558],[132.071251,34.892558],[132.071288,34.892733],[132.071301,34.892991],[132.071351,34.893241],[132.071263,34.893291],[132.071126,34.8934],[132.070888,34.893999],[132.070176,34.893741],[132.070214,34.893533],[132.069126,34.893133],[132.068839,34.893774],[132.069889,34.894133],[132.069451,34.895024],[132.068926,34.894874],[132.068514,34.895199],[132.068376,34.895083],[132.068139,34.895099],[132.067639,34.895541],[132.068089,34.895866],[132.067764,34.896432],[132.066826,34.896091],[132.066064,34.897274],[132.065889,34.897207],[132.065551,34.897241],[132.065339,34.897416],[132.065364,34.897599],[132.065576,34.897791],[132.064639,34.898974],[132.064551,34.89894],[132.064301,34.898957],[132.064201,34.898949],[132.064001,34.901548],[132.063726,34.901532],[132.063726,34.901682],[132.063639,34.901665],[132.063501,34.903265],[132.063914,34.903265],[132.063926,34.903332],[132.063926,34.90349],[132.063789,34.903665],[132.063689,34.903732],[132.063551,34.904006],[132.063526,34.904223],[132.063376,34.904615],[132.063564,34.904756],[132.063914,34.904715],[132.063576,34.905031],[132.063626,34.905248],[132.063889,34.905331],[132.064251,34.905415],[132.064339,34.905565],[132.064026,34.905656],[132.064151,34.905748],[132.064589,34.905765],[132.064676,34.905698],[132.065026,34.905931],[132.065264,34.906123],[132.065151,34.906265],[132.065126,34.906331],[132.065201,34.906565],[132.065039,34.906723],[132.065014,34.906956],[132.065451,34.906915],[132.065551,34.907115],[132.065339,34.907398],[132.065414,34.907581],[132.065588,34.907831],[132.065826,34.907665],[132.066001,34.90744],[132.066188,34.907631],[132.066501,34.907765],[132.066588,34.90749],[132.066601,34.907323],[132.066851,34.907323],[132.066988,34.907565],[132.067276,34.907548],[132.067388,34.907723],[132.067838,34.90774],[132.068101,34.90789],[132.068476,34.907915],[132.068763,34.907723],[132.069088,34.90769],[132.069313,34.907931],[132.069588,34.908248],[132.070013,34.908206],[132.070288,34.908048],[132.070638,34.90784],[132.070901,34.907606],[132.071226,34.907656],[132.071688,34.907698],[132.072288,34.907615],[132.072725,34.907448],[132.073038,34.90724],[132.073263,34.907073],[132.07335,34.90684],[132.07305,34.906882],[132.072688,34.906815],[132.072551,34.90664],[132.072438,34.906382],[132.072476,34.90619],[132.072676,34.906007],[132.072726,34.90584],[132.072288,34.905573],[132.071738,34.905432],[132.071326,34.905273],[132.070951,34.905115],[132.070663,34.904748],[132.070438,34.904382],[132.070376,34.904065],[132.070488,34.903765],[132.070738,34.90344],[132.071076,34.903115],[132.071351,34.902865],[132.071613,34.902615],[132.071926,34.902274],[132.072151,34.901982],[132.072288,34.901657],[132.072426,34.901199],[132.072613,34.900757],[132.072713,34.900274],[132.072813,34.899824],[132.073051,34.899457],[132.073163,34.899416],[132.073638,34.899566],[132.073588,34.899632],[132.073513,34.899749],[132.073426,34.899899],[132.073338,34.900132],[132.073151,34.900599],[132.073038,34.900966],[132.072976,34.901265],[132.072838,34.901607],[132.072701,34.901849],[132.072551,34.902057],[132.072313,34.902324],[132.072138,34.902499],[132.071963,34.902682],[132.071726,34.90299],[132.071463,34.903332],[132.071388,34.903615],[132.071251,34.90389],[132.071163,34.904123],[132.071188,34.904348],[132.071276,34.904532],[132.071463,34.904798],[132.071788,34.90499],[132.072076,34.905132],[132.072401,34.905282],[132.072488,34.905273],[132.072626,34.905065],[132.072851,34.904882],[132.073088,34.904815],[132.073501,34.904648],[132.073913,34.904524],[132.074238,34.90444],[132.0745,34.904274],[132.075025,34.904265],[132.075388,34.90429],[132.0759,34.904374],[132.076313,34.904524],[132.07675,34.904765],[132.0771,34.905007],[132.077375,34.905223],[132.077687,34.905515],[132.077987,34.905807],[132.077987,34.905882],[132.077962,34.906057],[132.07795,34.906232],[132.077912,34.906332],[132.077837,34.906482],[132.077687,34.906582],[132.077487,34.906607],[132.0773,34.906623],[132.077025,34.906573],[132.076762,34.90659],[132.076725,34.906798],[132.076837,34.906965],[132.077075,34.907057],[132.07725,34.907148],[132.07725,34.90729],[132.077262,34.907557],[132.0774,34.907673],[132.0775,34.907807],[132.077537,34.907957],[132.0776,34.908156],[132.077637,34.908306],[132.077675,34.908523],[132.077675,34.908615],[132.077512,34.908765],[132.077262,34.908873],[132.077112,34.909006],[132.077025,34.90924],[132.0769,34.90954],[132.076862,34.909806],[132.076962,34.909948],[132.077262,34.910148],[132.077462,34.910381],[132.077624,34.910556],[132.077837,34.910715],[132.077987,34.910931],[132.078024,34.911115],[132.078149,34.911181],[132.078362,34.911231],[132.078412,34.911439],[132.078424,34.911548],[132.078337,34.911598],[132.078212,34.911681],[132.078224,34.911856],[132.078274,34.911989],[132.078424,34.912073],[132.078612,34.912106],[132.078899,34.912156],[132.079212,34.912181],[132.079574,34.912031],[132.079799,34.911873],[132.080074,34.911723],[132.080361,34.91159],[132.080774,34.911481],[132.081149,34.911456],[132.081486,34.911523],[132.081824,34.911573],[132.082161,34.91164],[132.082349,34.911648],[132.082374,34.911748],[132.082411,34.911906],[132.082261,34.911923],[132.081999,34.911948],[132.081574,34.911898],[132.081436,34.911856],[132.081061,34.911864],[132.080674,34.911956],[132.080299,34.912114],[132.079862,34.912439],[132.079674,34.912548],[132.079499,34.912648],[132.079349,34.912698],[132.079062,34.912831],[132.078724,34.912831],[132.078337,34.912831],[132.078037,34.912731],[132.077787,34.912648],[132.077612,34.912506],[132.077474,34.912381],[132.077362,34.912414],[132.077287,34.912614],[132.077237,34.912681],[132.077174,34.912614],[132.076774,34.912381],[132.076874,34.912298],[132.076962,34.912156],[132.076974,34.911914],[132.076887,34.911573],[132.076787,34.911506],[132.076487,34.911456],[132.076062,34.911348],[132.0756,34.911339],[132.075525,34.911206],[132.075775,34.911056],[132.075925,34.910931],[132.07565,34.910698],[132.075225,34.910639],[132.074937,34.910623],[132.074875,34.910323],[132.074962,34.91004],[132.075175,34.909973],[132.075562,34.909906],[132.075812,34.909723],[132.075962,34.909481],[132.076,34.909281],[132.075925,34.908998],[132.075725,34.908681],[132.075687,34.908448],[132.07555,34.908248],[132.075362,34.908256],[132.075188,34.90824],[132.074975,34.908356],[132.074713,34.908506],[132.074475,34.908665],[132.07445,34.90884],[132.0745,34.909006],[132.074413,34.909031],[132.074188,34.909065],[132.074075,34.909106],[132.073988,34.909206],[132.073963,34.909356],[132.074063,34.909365],[132.0739,34.909456],[132.07375,34.909423],[132.073563,34.909506],[132.073563,34.909631],[132.073738,34.90974],[132.073875,34.909923],[132.07395,34.909956],[132.073925,34.910098],[132.073913,34.910231],[132.07395,34.910323],[132.0737,34.910356],[132.073513,34.910314],[132.07315,34.910189],[132.072863,34.910148],[132.072725,34.910306],[132.072988,34.910364],[132.073388,34.910473],[132.073438,34.910573],[132.07335,34.910598],[132.073213,34.910556],[132.073,34.910623],[132.072938,34.910773],[132.072963,34.910898],[132.072763,34.910889],[132.072638,34.911048],[132.072825,34.911089],[132.072838,34.911189],[132.07275,34.911264],[132.072663,34.911273],[132.0724,34.911173],[132.072175,34.911139],[132.0721,34.911248],[132.072313,34.911373],[132.072488,34.911498],[132.072463,34.911698],[132.072338,34.911706],[132.0721,34.911598],[132.0721,34.911706],[132.072238,34.911856],[132.072138,34.911889],[132.072038,34.911964],[132.072063,34.912089],[132.07205,34.912281],[132.072113,34.912481],[132.0719,34.912539],[132.071663,34.912639],[132.071625,34.912781],[132.071538,34.912814],[132.0712,34.912914],[132.071088,34.913081],[132.071175,34.913247],[132.07115,34.913556],[132.07105,34.913681],[132.0708,34.914072],[132.070675,34.914281],[132.070675,34.914439],[132.070825,34.914389],[132.071038,34.914289],[132.071225,34.914247],[132.071325,34.914322],[132.071363,34.914431],[132.071388,34.914497],[132.07165,34.914672],[132.071938,34.914739],[132.07235,34.914689],[132.072587,34.914672],[132.072875,34.914739],[132.073337,34.914822],[132.0737,34.914864],[132.073962,34.914847],[132.074062,34.915014],[132.073987,34.915156],[132.073762,34.915314],[132.073475,34.915522],[132.073175,34.915656],[132.072937,34.915714],[132.07295,34.915847],[132.07305,34.916197],[132.073162,34.91633],[132.073287,34.916297],[132.073525,34.916439],[132.073612,34.916564],[132.073512,34.916755],[132.073475,34.916964],[132.07365,34.917064],[132.073812,34.917222],[132.073787,34.917439],[132.073387,34.917547],[132.07305,34.917614],[132.072875,34.917747],[132.07285,34.917922],[132.072925,34.918105],[132.072975,34.918339],[132.073162,34.918414],[132.0733,34.91848],[132.073437,34.918572],[132.07365,34.918639],[132.073812,34.918714],[132.073987,34.918805],[132.074275,34.918839],[132.074475,34.91878],[132.074874,34.91878],[132.075137,34.918722],[132.075449,34.918705],[132.075774,34.918572],[132.076087,34.918339],[132.076337,34.918255],[132.076574,34.918364],[132.076724,34.918497],[132.076687,34.918597],[132.076737,34.91868],[132.076887,34.918655],[132.077062,34.91868],[132.077224,34.918814],[132.077337,34.918889],[132.077287,34.919114],[132.077174,34.91913],[132.077112,34.919272],[132.077124,34.919447],[132.077187,34.919522],[132.077274,34.919522],[132.077287,34.919639],[132.077174,34.919672],[132.077124,34.919847],[132.078124,34.920288],[132.078074,34.920513],[132.078274,34.920655],[132.078324,34.92063],[132.078424,34.920563],[132.078624,34.920655],[132.078899,34.92063],[132.079049,34.92068],[132.079174,34.920772],[132.079299,34.92093],[132.079299,34.921038],[132.079099,34.921288],[132.079011,34.921447],[132.078786,34.921447],[132.078386,34.921622],[132.078411,34.921738],[132.078311,34.921872],[132.078361,34.921963],[132.078411,34.92198],[132.078411,34.922072],[132.078236,34.922163],[132.077937,34.922455],[132.077949,34.922588],[132.078124,34.92268],[132.078474,34.922705],[132.078836,34.922597],[132.078836,34.922622],[132.079311,34.922488],[132.079461,34.922555],[132.079736,34.922197],[132.079861,34.92213],[132.080061,34.922197],[132.080136,34.922197],[132.080511,34.922063],[132.080861,34.922088],[132.081111,34.922163],[132.081236,34.922272],[132.081311,34.922297],[132.081336,34.922413],[132.081086,34.922563],[132.081011,34.922722],[132.081061,34.922772],[132.081311,34.922772],[132.081536,34.92268],[132.081911,34.922705],[132.081961,34.922663],[132.082211,34.922663],[132.082386,34.922555],[132.082586,34.922872],[132.082611,34.92303],[132.082486,34.923047],[132.082386,34.923163],[132.082236,34.92318],[132.082224,34.923563],[132.082124,34.923655],[132.081999,34.923838],[132.081874,34.923855],[132.081849,34.924105],[132.081899,34.924155],[132.082149,34.924155],[132.082099,34.924313],[132.082074,34.924313],[132.081999,34.92438],[132.082099,34.924538],[132.081974,34.924738],[132.081936,34.924855],[132.082061,34.924921],[132.082361,34.924963],[132.082648,34.924763],[132.082698,34.924521],[132.082973,34.924455],[132.083173,34.924563],[132.083098,34.925038],[132.082986,34.92513],[132.083136,34.925421],[132.083011,34.925621],[132.083036,34.925713],[132.083261,34.925788],[132.083361,34.925855],[132.083461,34.92588],[132.083636,34.92583],[132.083761,34.925721],[132.083886,34.925313],[132.084061,34.925321],[132.084211,34.925455],[132.084836,34.92573],[132.085211,34.925663],[132.085311,34.925713],[132.085411,34.925846],[132.085436,34.926071],[132.085511,34.926255],[132.085736,34.926546],[132.085736,34.926638],[132.085661,34.926746],[132.085386,34.926905],[132.085298,34.927063],[132.085273,34.927221],[132.085323,34.927313],[132.085298,34.927405],[132.085173,34.927513],[132.084573,34.927821],[132.084061,34.928271],[132.083786,34.928246],[132.083586,34.928379],[132.083611,34.928513],[132.083711,34.928588],[132.083536,34.928788],[132.083561,34.928988],[132.083586,34.929013],[132.083911,34.928879],[132.084061,34.929013],[132.084111,34.929221],[132.084048,34.929671],[132.084123,34.929988],[132.084223,34.930054],[132.084598,34.930104],[132.084598,34.930238],[132.084523,34.930371],[132.084573,34.930621],[132.084698,34.930712],[132.084898,34.930779],[132.085848,34.930762],[132.086023,34.930721],[132.086198,34.930588],[132.086448,34.930479],[132.086673,34.930504],[132.086973,34.930504],[132.087198,34.930238],[132.087385,34.930029],[132.08761,34.929946],[132.08786,34.929904],[132.08786,34.929921],[132.08771,34.930104],[132.08761,34.930146],[132.087473,34.930279],[132.087348,34.930596],[132.087498,34.931546],[132.08756,34.931679],[132.087835,34.931746],[132.088048,34.931596],[132.088098,34.931596],[132.088298,34.931754],[132.088473,34.931796],[132.088623,34.931779],[132.088698,34.931712],[132.088948,34.931596],[132.089148,34.931621],[132.089323,34.931537],[132.089798,34.931088],[132.089823,34.930904],[132.089948,34.930838],[132.090185,34.930796],[132.09021,34.930729],[132.090435,34.930704],[132.090485,34.930729],[132.090735,34.930979],[132.090835,34.931004],[132.090973,34.931071],[132.091273,34.931229],[132.091298,34.931346],[132.091223,34.931571],[132.090698,34.931704],[132.090285,34.932329],[132.090035,34.932529],[132.09001,34.932671],[132.089935,34.932804],[132.08996,34.932896],[132.090085,34.932912],[132.090285,34.932921],[132.09031,34.933096],[132.090435,34.933254],[132.09061,34.933279],[132.09091,34.933329],[132.09111,34.933554],[132.091235,34.933487],[132.091335,34.933171],[132.091335,34.933329],[132.091235,34.933646],[132.09126,34.933687],[132.091585,34.933854],[132.091885,34.933721],[132.092135,34.933337],[132.09221,34.933296],[132.09221,34.932996],[132.09236,34.932846],[132.092597,34.932729],[132.092872,34.932462],[132.092785,34.933387],[132.09286,34.933587],[132.093035,34.933729],[132.093135,34.933662],[132.09326,34.933662],[132.09326,34.933912],[132.093335,34.934021],[132.09351,34.934137],[132.09351,34.934229],[132.093322,34.934429],[132.093322,34.934537],[132.093422,34.934587],[132.093947,34.934587],[132.094435,34.934637],[132.09451,34.934662],[132.094735,34.934637],[132.094985,34.934487],[132.09506,34.934396],[132.095935,34.933862],[132.09636,34.933887],[132.096822,34.933821],[132.096997,34.933754],[132.097247,34.933579],[132.097347,34.933687],[132.097447,34.933937],[132.097647,34.933896],[132.098047,34.933721],[132.098197,34.933562],[132.098447,34.933496],[132.098572,34.933404],[132.098622,34.933313],[132.099022,34.933138],[132.099122,34.933046],[132.099222,34.933046],[132.099072,34.933546],[132.099122,34.933654],[132.099347,34.933679],[132.099497,34.933321],[132.099572,34.933254],[132.099684,34.932896],[132.099809,34.932871],[132.099797,34.933146],[132.099847,34.933279],[132.099997,34.933279],[132.100247,34.933238],[132.100459,34.932904],[132.100809,34.932904],[132.101034,34.932638],[132.101084,34.932388],[132.101159,34.932204],[132.101547,34.931988],[132.101672,34.931938],[132.101947,34.932096],[132.101997,34.932188],[132.101959,34.932346],[132.102609,34.932988],[132.102684,34.933121],[132.102659,34.933254],[132.102359,34.933388],[132.102084,34.933429],[132.101959,34.933496],[132.101872,34.933654],[132.101972,34.933788],[132.102222,34.933863],[132.102459,34.933638],[132.102909,34.933238],[132.103109,34.933304],[132.103309,34.933438],[132.103984,34.933763],[132.104809,34.934238],[132.105246,34.934563],[132.105896,34.935221],[132.106246,34.935537],[132.107709,34.936987],[132.107934,34.937287],[132.108109,34.937604],[132.108571,34.93882],[132.108696,34.939387],[132.108609,34.939837],[132.108409,34.94067],[132.108534,34.940762],[132.108496,34.94092],[132.108396,34.941395],[132.108271,34.941595],[132.108071,34.941728],[132.107896,34.941703],[132.107671,34.942037],[132.107771,34.942087],[132.107884,34.942203],[132.107709,34.94222],[132.107459,34.942195],[132.107059,34.94222],[132.106709,34.942462],[132.106684,34.942503],[132.106734,34.942662],[132.106821,34.943345],[132.106921,34.94352],[132.106721,34.943503],[132.106571,34.94352],[132.106271,34.943478],[132.106146,34.943495],[132.106021,34.94347],[132.105896,34.943495],[132.105796,34.94367],[132.105746,34.94397],[132.105871,34.944195],[132.105871,34.944286],[132.105971,34.944395],[132.105959,34.944603],[132.106059,34.94467],[132.106309,34.944645],[132.106459,34.944761],[132.106534,34.94492],[132.106459,34.944986],[132.106434,34.945078],[132.106309,34.945053],[132.106134,34.945186],[132.105909,34.945136],[132.105684,34.945045],[132.105534,34.94507],[132.105384,34.945136],[132.105359,34.945403],[132.104759,34.945128],[132.104659,34.945178],[132.104634,34.945245],[132.104709,34.945511],[132.104759,34.945561],[132.104896,34.945811],[132.105046,34.946036],[132.105171,34.946103],[132.105296,34.946086],[132.105396,34.94602],[132.105646,34.946045],[132.105771,34.946128],[132.105896,34.946153],[132.105946,34.946336],[132.106096,34.94647],[132.106096,34.946561],[132.106196,34.94672],[132.106321,34.946928],[132.106696,34.947086],[132.106946,34.947061],[132.107196,34.946861],[132.107396,34.946753],[132.107796,34.946936],[132.108121,34.947161],[132.108096,34.947278],[132.108146,34.947594],[132.108121,34.947678],[132.108121,34.947611],[132.107946,34.947544],[132.107871,34.947744],[132.108184,34.948136],[132.108283,34.948336],[132.108233,34.948536],[132.108133,34.948653],[132.108233,34.948769],[132.108533,34.948836],[132.108708,34.948769],[132.108808,34.948769],[132.108833,34.948728],[132.108708,34.948386],[132.108783,34.948294],[132.109146,34.948003],[132.109421,34.948028],[132.109571,34.947936],[132.109746,34.94767],[132.109871,34.947603],[132.110096,34.947603],[132.110246,34.947678],[132.110346,34.947786],[132.110446,34.947969],[132.110446,34.948128],[132.110396,34.948261],[132.110058,34.948461],[132.110008,34.948528],[132.110058,34.948619],[132.110283,34.948686],[132.110358,34.948761],[132.110433,34.948803],[132.110608,34.948786],[132.110908,34.948653],[132.111008,34.948669],[132.111133,34.948828],[132.111333,34.949011],[132.111558,34.949378],[132.111533,34.949469],[132.111108,34.949669],[132.111058,34.949753],[132.111008,34.949961],[132.111021,34.950161],[132.111071,34.950228],[132.111121,34.950361],[132.110846,34.950544],[132.110846,34.950636],[132.110696,34.950836],[132.110846,34.950927],[132.110921,34.951177],[132.111021,34.951194],[132.111371,34.951152],[132.111421,34.951202],[132.111546,34.951227],[132.111646,34.951269],[132.111583,34.951652],[132.111658,34.951719],[132.111583,34.951927],[132.111658,34.952061],[132.111733,34.952102],[132.111808,34.952311],[132.111933,34.952444],[132.112133,34.952586],[132.112183,34.952694],[132.112558,34.952944],[132.112752,34.953156],[132.113033,34.953152],[132.113208,34.952969],[132.113283,34.953019],[132.113358,34.953019],[132.113358,34.952819],[132.113433,34.952661],[132.113458,34.952502],[132.113608,34.952319],[132.113833,34.952502],[132.113883,34.952252],[132.113821,34.951986],[132.113721,34.951852],[132.113721,34.951536],[132.113646,34.951419],[132.113646,34.951194],[132.113721,34.951061],[132.113996,34.950903],[132.114258,34.950811],[132.114533,34.950794],[132.114633,34.950819],[132.114758,34.950978],[132.11492,34.951094],[132.11507,34.951228],[132.115095,34.951203],[132.11527,34.951319],[132.11542,34.951319],[132.115495,34.951228],[132.115858,34.951186],[132.115933,34.951144],[132.115808,34.950936],[132.115858,34.950869],[132.115983,34.950894],[132.116333,34.950944],[132.116508,34.950919],[132.116583,34.950853],[132.116758,34.950811],[132.116958,34.950969],[132.116958,34.951036],[132.116858,34.951311],[132.116958,34.951444],[132.117083,34.951469],[132.117183,34.951561],[132.117283,34.951578],[132.117458,34.951378],[132.117583,34.951311],[132.117633,34.951086],[132.117808,34.950978],[132.118058,34.951019],[132.118158,34.951069],[132.119383,34.951461],[132.121132,34.951878],[132.122207,34.952019],[132.122357,34.952069],[132.122382,34.952244],[132.122482,34.952478],[132.122463,34.952573],[132.122595,34.952636],[132.122845,34.952544],[132.123482,34.952794],[132.123782,34.952836],[132.124495,34.953111],[132.124582,34.953336],[132.124957,34.953469],[132.12507,34.953694],[132.125207,34.953786],[132.125482,34.953761],[132.125707,34.953877],[132.125982,34.954144],[132.126257,34.954327],[132.126532,34.954344],[132.127494,34.954844],[132.127844,34.955161],[132.128207,34.955311],[132.128919,34.955786],[132.129419,34.955986],[132.129882,34.956077],[132.130757,34.956752],[132.131169,34.957002],[132.131344,34.957044],[132.131619,34.957186],[132.131782,34.957427],[132.131969,34.957477],[132.132307,34.957494],[132.133294,34.958061],[132.134031,34.95831],[132.134831,34.958894],[132.135319,34.959069],[132.135544,34.959185],[132.137381,34.96011],[132.138106,34.960402],[132.138756,34.960577],[132.139168,34.960735],[132.139393,34.960919],[132.139756,34.961144],[132.141068,34.96161],[132.141643,34.96186],[132.142468,34.962444],[132.142906,34.962718],[132.143493,34.962918],[132.143931,34.963143],[132.144006,34.963277],[132.143981,34.963393],[132.144256,34.963752],[132.144393,34.963843],[132.145743,34.96436],[132.146205,34.964627],[132.146518,34.964902],[132.14673,34.965285],[132.147068,34.965643],[132.147505,34.965868],[132.147968,34.966185],[132.14833,34.966726],[132.14868,34.967035],[132.149043,34.967485],[132.149205,34.96796],[132.14923,34.968568],[132.148905,34.969018],[132.148955,34.969293],[132.149593,34.969743],[132.149705,34.970059],[132.14968,34.970326],[132.14948,34.970443],[132.149093,34.971318],[132.148993,34.971384],[132.148818,34.971751],[132.14893,34.971884],[132.149093,34.971884],[132.149268,34.971993],[132.149643,34.972176],[132.149593,34.972284],[132.14943,34.972443],[132.149568,34.972651],[132.149705,34.972693],[132.14973,34.972809],[132.14943,34.973209],[132.149518,34.973592],[132.149617,34.973659],[132.149817,34.973684],[132.150092,34.973617],[132.150467,34.973367],[132.150742,34.973342],[132.150805,34.973417],[132.150717,34.973501],[132.150742,34.973684],[132.150805,34.973726],[132.151242,34.973659],[132.151405,34.973842],[132.151492,34.974067],[132.15138,34.974226],[132.151105,34.974426],[132.150942,34.974701],[132.150967,34.974926],[132.150642,34.975059],[132.150617,34.975242],[132.151105,34.975259],[132.15163,34.975259],[132.151792,34.975376],[132.151855,34.975601],[132.151767,34.975801],[132.151742,34.976051],[132.15138,34.976234],[132.151355,34.976459],[132.151517,34.976525],[132.151605,34.976842],[132.151767,34.976909],[132.151855,34.9774],[132.152067,34.977559],[132.152267,34.977584],[132.152505,34.977442],[132.152705,34.9774],[132.15303,34.977109],[132.153092,34.976992],[132.153442,34.977109],[132.153505,34.97715],[132.153692,34.977125],[132.15378,34.9769],[132.153642,34.976675],[132.153692,34.9765],[132.154217,34.976501],[132.15493,34.976584],[132.155555,34.976742],[132.156517,34.977125],[132.157842,34.977484],[132.158304,34.977709],[132.158829,34.97805],[132.159792,34.978434],[132.160342,34.978609],[132.161279,34.978992],[132.161829,34.979467],[132.162354,34.97985],[132.163454,34.980409],[132.163866,34.980659],[132.164829,34.980884],[132.165129,34.981059],[132.165979,34.981267],[132.166366,34.981442],[132.166666,34.981667],[132.167216,34.981984],[132.169091,34.982617],[132.169728,34.982908],[132.170028,34.983108],[132.170166,34.983267],[132.170578,34.9836],[132.171541,34.984167],[132.173403,34.985067],[132.174428,34.985675],[132.175365,34.986258],[132.176378,34.986617],[132.176565,34.986733],[132.17654,34.98675],[132.178003,34.987741],[132.17864,34.988258],[132.18004,34.9888],[132.18139,34.98965],[132.18254,34.990191],[132.183777,34.990983],[132.184652,34.991766],[132.185039,34.992199],[132.185452,34.992508],[132.186339,34.992874],[132.186889,34.993408],[132.187739,34.993883],[132.188402,34.994558],[132.188727,34.994849],[132.189526,34.995299],[132.189889,34.995549],[132.190026,34.995799],[132.190301,34.996066],[132.191126,34.996607],[132.191451,34.996766],[132.191514,34.996857],[132.191401,34.996991],[132.191451,34.997124],[132.192551,34.998182],[132.192889,34.998541],[132.193414,34.999015],[132.193739,34.999399],[132.194039,35.000099],[132.194014,35.000232],[132.193601,35.000549],[132.193464,35.000799],[132.193389,35.001315],[132.193164,35.001449],[132.193001,35.001515],[132.193001,35.001648],[132.193526,35.001632],[132.194038,35.00174],[132.194126,35.002007],[132.194563,35.002057],[132.194788,35.002323],[132.195551,35.002615],[132.196388,35.002973],[132.196663,35.003132],[132.196976,35.003548],[132.197676,35.00419],[132.198538,35.004898],[132.1995,35.005431],[132.203775,35.008256],[132.205612,35.009498],[132.206437,35.010098],[132.207112,35.010631],[132.208712,35.011781],[132.209549,35.012331],[132.211824,35.014106],[132.212224,35.014505],[132.212612,35.014814],[132.213436,35.015255],[132.213824,35.015522],[132.214086,35.015764],[132.214249,35.01603],[132.214586,35.016297],[132.214949,35.016472],[132.215299,35.016605],[132.215686,35.016914],[132.215999,35.017363],[132.216386,35.017647],[132.217024,35.017997],[132.217786,35.018797],[132.218086,35.019047],[132.219223,35.019438],[132.220973,35.020963],[132.223198,35.022696],[132.223973,35.023338],[132.225635,35.024354],[132.225835,35.024529],[132.226785,35.025596],[132.231285,35.030154],[132.231697,35.03017],[132.231972,35.030287],[132.232247,35.030462],[132.232559,35.030745],[132.232447,35.03082],[132.232209,35.03107],[132.232322,35.03122],[132.232534,35.031195],[132.232622,35.03122],[132.232747,35.031129],[132.232747,35.031087],[132.232884,35.031012],[132.233522,35.031145],[132.233934,35.031429],[132.233834,35.031703],[132.233834,35.031878],[132.234059,35.031987],[132.234409,35.031895],[132.234609,35.032253],[132.234747,35.032387],[132.235247,35.032403],[132.235722,35.032803],[132.235909,35.03312],[132.236059,35.03372],[132.236147,35.033787],[132.236259,35.033695],[132.236284,35.033495],[132.236247,35.033312],[132.236497,35.03347],[132.236659,35.033645],[132.236784,35.034162],[132.236421,35.034187],[132.236097,35.034328],[132.236072,35.034553],[132.236272,35.034595],[132.236384,35.035003],[132.236634,35.034995],[132.236746,35.035311],[132.236996,35.035353],[132.237296,35.035211],[132.237509,35.034512],[132.237884,35.034445],[132.240034,35.034687],[132.241109,35.035036],[132.241796,35.035361],[132.241996,35.035545],[132.242846,35.035461],[132.243496,35.035595],[132.244496,35.036095],[132.245958,35.03662],[132.246596,35.036745],[132.247258,35.037078],[132.24737,35.037278],[132.247345,35.03737],[132.24737,35.037545],[132.247449,35.037558],[132.247858,35.03737],[132.248083,35.037478],[132.248045,35.038044],[132.24822,35.038361],[132.248245,35.038586],[132.248383,35.038636],[132.248595,35.038361],[132.248795,35.038294],[132.249095,35.038111],[132.24932,35.037911],[132.249533,35.038044],[132.249533,35.038161],[132.249733,35.038361],[132.249945,35.038478],[132.250083,35.038611],[132.250495,35.038703],[132.250795,35.038528],[132.250858,35.038344],[132.250995,35.038344],[132.25132,35.038186],[132.251758,35.038161],[132.252333,35.038303],[132.252333,35.038886],[132.252582,35.039294],[132.252995,35.039836],[132.253682,35.040061],[132.25352,35.040269],[132.253457,35.040469],[132.253482,35.040561],[132.253645,35.040719],[132.254007,35.040561],[132.25382,35.040944],[132.25382,35.041011],[132.254095,35.041219],[132.254332,35.041244],[132.254445,35.041169],[132.254645,35.041219],[132.25497,35.041377],[132.255182,35.041444],[132.255407,35.041311],[132.255407,35.041219],[132.255682,35.041194],[132.255845,35.041061],[132.256257,35.041019],[132.256457,35.040886],[132.256782,35.041019],[132.25687,35.040994],[132.257032,35.040836],[132.257282,35.040703],[132.257719,35.040794],[132.257882,35.040703],[132.257882,35.040436],[132.258069,35.039936],[132.258244,35.039711],[132.258519,35.039553],[132.259069,35.039844],[132.259144,35.039578],[132.259094,35.039419],[132.259207,35.039036],[132.259419,35.038561],[132.259694,35.038294],[132.260582,35.038203],[132.261157,35.038228],[132.261369,35.038361],[132.261507,35.038336],[132.261569,35.038294],[132.261844,35.038228],[132.262357,35.038319],[132.263269,35.03832],[132.264644,35.038436],[132.266044,35.038619],[132.266569,35.038753],[132.267856,35.039186],[132.268981,35.039503],[132.270156,35.039886],[132.271556,35.040119],[132.272468,35.040394],[132.27348,35.040819],[132.275155,35.041369],[132.278917,35.042844],[132.27928,35.042952],[132.280105,35.043452],[132.28098,35.044086],[132.281642,35.044336],[132.282055,35.044561],[132.283392,35.04581],[132.283779,35.046285],[132.284029,35.046669],[132.284129,35.046985],[132.284429,35.047119],[132.284817,35.047527],[132.285229,35.047844],[132.285529,35.04816],[132.285967,35.048435],[132.286654,35.048185],[132.288854,35.047919],[132.289329,35.047919],[132.290254,35.048169],[132.291054,35.048444],[132.291629,35.048469],[132.293441,35.049327],[132.294153,35.049893],[132.294403,35.050393],[132.294016,35.05091],[132.293966,35.051068],[132.293628,35.051402],[132.293603,35.05156],[132.293441,35.051677],[132.293466,35.051927],[132.293828,35.05211],[132.294153,35.05206],[132.294428,35.05211],[132.294541,35.05206],[132.294753,35.051768],[132.294841,35.051543],[132.294816,35.05136],[132.294891,35.051185],[132.294841,35.05091],[132.295203,35.050552],[132.296053,35.050302],[132.296541,35.050302],[132.297678,35.050444],[132.298716,35.05071],[132.299628,35.051143],[132.30009,35.051302],[132.300753,35.051735],[132.301978,35.052077],[132.302615,35.052618],[132.303828,35.053252],[132.304265,35.053552],[132.304203,35.05371],[132.304453,35.05391],[132.304703,35.054002],[132.304815,35.054568],[132.304703,35.054726],[132.304228,35.054835],[132.304015,35.05506],[132.304065,35.055151],[132.304403,35.055243],[132.305415,35.054901],[132.305552,35.054835],[132.30619,35.05486],[132.30709,35.055268],[132.30794,35.05586],[132.309177,35.056535],[132.310002,35.057126],[132.310989,35.05821],[132.311652,35.059001],[132.311814,35.059818],[132.311502,35.060634],[132.311364,35.061126],[132.311427,35.061692],[132.312164,35.061668],[132.312439,35.061742],[132.312877,35.061759],[132.312777,35.061992],[132.312764,35.062326],[132.312939,35.062376],[132.312877,35.062667],[132.312327,35.062917],[132.312414,35.063342],[132.312827,35.063434],[132.313039,35.063392],[132.313077,35.063617],[132.313264,35.063751],[132.313314,35.064026],[132.313727,35.064067],[132.313839,35.064117],[132.313539,35.064201],[132.313377,35.064384],[132.313427,35.064567],[132.313477,35.064609],[132.314064,35.064209],[132.314477,35.063667],[132.315077,35.063126],[132.315652,35.062717],[132.316064,35.062151],[132.316177,35.061901],[132.315827,35.060843],[132.315902,35.060818],[132.316452,35.060884],[132.316789,35.060868],[132.316789,35.060776],[132.317089,35.060459],[132.317476,35.060368],[132.318126,35.060126],[132.318901,35.059626],[132.319564,35.058835],[132.319726,35.05796],[132.319539,35.05726],[132.319089,35.056577],[132.318901,35.055993],[132.318926,35.055493],[132.319589,35.054752],[132.320201,35.05441],[132.320576,35.054502],[132.321076,35.054727],[132.321401,35.054818],[132.321601,35.05466],[132.321876,35.054277],[132.322289,35.053402],[132.323464,35.051885],[132.323801,35.051777],[132.324788,35.051752],[132.325113,35.051844],[132.325088,35.052227],[132.324976,35.052769],[132.325338,35.053135],[132.326188,35.053477],[132.326326,35.053927],[132.326188,35.054602],[132.325826,35.055418],[132.325551,35.056227],[132.325138,35.05666],[132.325001,35.057085],[132.325501,35.057743],[132.326213,35.058376],[132.326563,35.058576],[132.327388,35.058718],[132.327551,35.058626],[132.327863,35.057993],[132.329425,35.056035],[132.32945,35.055735],[132.3297,35.055127],[132.330138,35.054569],[132.330275,35.054319],[132.330913,35.054319],[132.331813,35.054435],[132.332363,35.054685],[132.332863,35.055044],[132.332938,35.055069],[132.333213,35.055019],[132.3336,35.054635],[132.333987,35.05396],[132.334537,35.052377],[132.334587,35.051636],[132.334487,35.051161],[132.334837,35.050936],[132.335387,35.050844],[132.336162,35.050669],[132.336625,35.050377],[132.336875,35.050419],[132.3374,35.050644],[132.337562,35.050602],[132.337837,35.050327],[132.337925,35.049836],[132.338112,35.049294],[132.338712,35.049019],[132.339287,35.049228],[132.339837,35.049811],[132.340424,35.050336],[132.340524,35.050469],[132.342512,35.050494],[132.343849,35.050794],[132.344486,35.050752],[132.344949,35.050452],[132.345586,35.050227],[132.345799,35.050252],[132.346511,35.050011],[132.348711,35.048336],[132.349711,35.047794],[132.350636,35.047144],[132.351111,35.046919],[132.352098,35.046853],[132.353061,35.047061],[132.353473,35.047036],[132.354623,35.046161],[132.355223,35.045528],[132.355885,35.045053],[132.356385,35.043945],[132.354986,35.042745],[132.354761,35.042678],[132.354486,35.04252],[132.354411,35.041795],[132.354436,35.04137],[132.354736,35.040603],[132.355373,35.040195],[132.355648,35.03952],[132.355811,35.03852],[132.356061,35.037779],[132.357373,35.036195],[132.357948,35.035729],[132.358748,35.03557],[132.36001,35.03537],[132.360898,35.03512],[132.361198,35.035079],[132.361685,35.03487],[132.362123,35.03447],[132.362898,35.034154],[132.363672,35.033404],[132.36356,35.033004],[132.363223,35.032437],[132.362848,35.032212],[132.362373,35.031396],[132.362073,35.030329],[132.362073,35.029679],[132.362985,35.029046],[132.363098,35.028888],[132.363998,35.028096],[132.364185,35.027671],[132.36416,35.027646],[132.363748,35.027621],[132.363335,35.027446],[132.363173,35.02708],[132.362923,35.026921],[132.362273,35.026988],[132.362135,35.026538],[132.362623,35.025205],[132.362598,35.024638],[132.362411,35.024005],[132.362048,35.023622],[132.361148,35.02283],[132.360811,35.022289],[132.360811,35.022064],[132.361173,35.021614],[132.361561,35.019739],[132.362048,35.018972],[132.362636,35.018539],[132.363323,35.017772],[132.363673,35.017139],[132.363973,35.016806],[132.364111,35.016464],[132.363836,35.015739],[132.363873,35.015631],[132.364248,35.015406],[132.364861,35.014073],[132.364861,35.012873],[132.365411,35.012215],[132.365573,35.011906],[132.367273,35.010823],[132.368261,35.010281],[132.368561,35.009923],[132.368423,35.009373],[132.368348,35.008815],[132.368398,35.00859],[132.368423,35.00764],[132.368323,35.00714]]]},"type":"Feature"}]}