{"type":"FeatureCollection","features":[{"type":"Feature","geometry":{"coordinates":[[[132.600666,34.457373],[132.600779,34.457332],[132.601429,34.456765],[132.601641,34.456632],[132.601979,34.456515],[132.602404,34.456423],[132.602928,34.456199],[132.603278,34.45584],[132.603378,34.45579],[132.603703,34.45579],[132.605228,34.456032],[132.605691,34.456082],[132.606191,34.456257],[132.606541,34.456415],[132.606916,34.45644],[132.607278,34.456549],[132.607603,34.45659],[132.608003,34.456499],[132.608278,34.456299],[132.608928,34.455465],[132.609115,34.455282],[132.609465,34.455149],[132.610778,34.454541],[132.610903,34.454449],[132.611615,34.453549],[132.612103,34.452733],[132.612253,34.452333],[132.612553,34.451791],[132.61269,34.451674],[132.613178,34.451591],[132.613778,34.451383],[132.61389,34.451249],[132.61394,34.451091],[132.61394,34.450816],[132.613603,34.449941],[132.613465,34.449716],[132.613003,34.449408],[132.612565,34.448483],[132.612515,34.4483],[132.612615,34.448233],[132.613278,34.448258],[132.61349,34.448233],[132.613978,34.44785],[132.614465,34.4476],[132.614953,34.446816],[132.615328,34.4465],[132.615578,34.4467],[132.61604,34.446791],[132.61674,34.446833],[132.617615,34.447192],[132.61854,34.447233],[132.618865,34.447325],[132.619115,34.447483],[132.619627,34.447633],[132.619765,34.447633],[132.62034,34.447833],[132.620477,34.447833],[132.621177,34.44705],[132.621527,34.446708],[132.621877,34.446483],[132.622239,34.44635],[132.622475,34.446363],[132.622652,34.4463],[132.622814,34.446142],[132.623064,34.445575],[132.623114,34.445558],[132.623339,34.445575],[132.623714,34.4458],[132.624039,34.446092],[132.624639,34.446425],[132.625239,34.446633],[132.625727,34.446967],[132.626227,34.447233],[132.626927,34.447417],[132.627177,34.447525],[132.627502,34.447792],[132.627751,34.448108],[132.627914,34.448175],[132.628451,34.448292],[132.629089,34.448692],[132.629351,34.448917],[132.630014,34.449158],[132.630226,34.449208],[132.630714,34.44925],[132.630914,34.449225],[132.630964,34.44925],[132.631314,34.44925],[132.631676,34.4497],[132.632051,34.450033],[132.632676,34.45035],[132.632976,34.450417],[132.633138,34.450325],[132.633363,34.450033],[132.633338,34.449942],[132.633363,34.449158],[132.633738,34.448617],[132.633901,34.448458],[132.634113,34.448142],[132.634201,34.447542],[132.634688,34.447225],[132.634951,34.446484],[132.635201,34.446075],[132.635526,34.445134],[132.635576,34.444709],[132.635663,34.444576],[132.635763,34.444192],[132.635738,34.443676],[132.635788,34.443384],[132.636176,34.443242],[132.636851,34.443134],[132.637501,34.443084],[132.637638,34.443001],[132.637663,34.442859],[132.637963,34.442259],[132.639138,34.441401],[132.639488,34.441284],[132.639763,34.441334],[132.640038,34.441509],[132.640551,34.441759],[132.641013,34.441759],[132.641688,34.442026],[132.642213,34.441801],[132.642425,34.441668],[132.64295,34.441484],[132.643325,34.441284],[132.644163,34.440693],[132.644325,34.440426],[132.644513,34.439935],[132.644763,34.439551],[132.645875,34.439035],[132.646175,34.438693],[132.6465,34.43811],[132.646913,34.437776],[132.647075,34.437701],[132.647638,34.43766],[132.648537,34.437793],[132.649187,34.437926],[132.64985,34.438151],[132.649987,34.438176],[132.650087,34.438285],[132.650062,34.438576],[132.6499,34.439093],[132.649175,34.440126],[132.649012,34.440468],[132.649062,34.44071],[132.649312,34.440801],[132.649912,34.44071],[132.650475,34.44071],[132.650862,34.440893],[132.651112,34.441293],[132.651325,34.441743],[132.652125,34.442818],[132.652424,34.443001],[132.653212,34.443084],[132.653887,34.443284],[132.654324,34.443443],[132.654462,34.443509],[132.654999,34.443193],[132.656112,34.442001],[132.656362,34.441893],[132.656524,34.441576],[132.656524,34.441243],[132.656824,34.44081],[132.657174,34.440451],[132.657612,34.440651],[132.658099,34.44106],[132.658699,34.441235],[132.659136,34.441443],[132.659549,34.44146],[132.660224,34.44121],[132.660524,34.440851],[132.660924,34.439935],[132.661061,34.439502],[132.661311,34.439052],[132.661524,34.438943],[132.662199,34.43811],[132.662586,34.437818],[132.663424,34.437635],[132.663723,34.437369],[132.664148,34.436494],[132.664211,34.436335],[132.664511,34.435819],[132.664673,34.43541],[132.664698,34.435235],[132.664611,34.434269],[132.665286,34.433277],[132.665473,34.432694],[132.665523,34.432136],[132.665748,34.431594],[132.665773,34.431169],[132.665748,34.430786],[132.665986,34.430086],[132.666098,34.429544],[132.666198,34.429236],[132.666661,34.428736],[132.667148,34.428311],[132.667123,34.428286],[132.666711,34.42822],[132.666473,34.427995],[132.666111,34.427795],[132.665948,34.427753],[132.665511,34.427778],[132.665211,34.42782],[132.664861,34.42757],[132.664449,34.427353],[132.663586,34.42717],[132.663249,34.426945],[132.662649,34.426186],[132.662386,34.425895],[132.662299,34.42562],[132.662049,34.42522],[132.661699,34.424903],[132.660987,34.424412],[132.660662,34.423987],[132.659849,34.423337],[132.659574,34.42322],[132.658949,34.42327],[132.658787,34.423228],[132.657537,34.423162],[132.657287,34.423095],[132.6569,34.42282],[132.656362,34.422195],[132.655787,34.421862],[132.6557,34.421837],[132.6554,34.421903],[132.654837,34.422087],[132.653862,34.42222],[132.653175,34.422245],[132.652387,34.422337],[132.652038,34.422112],[132.651375,34.421262],[132.651188,34.42092],[132.651075,34.420587],[132.651,34.420453],[132.650938,34.420162],[132.650963,34.420095],[132.650913,34.419912],[132.650788,34.419845],[132.650663,34.419662],[132.65035,34.418962],[132.649888,34.418753],[132.648688,34.417562],[132.648501,34.417304],[132.647163,34.415887],[132.646551,34.415445],[132.646326,34.415329],[132.646176,34.415062],[132.646288,34.41452],[132.646413,34.414229],[132.645726,34.414104],[132.644976,34.413846],[132.644401,34.413471],[132.644226,34.413062],[132.64279,34.411534],[132.633631,34.406259],[132.627966,34.405756],[132.623559,34.402989],[132.620412,34.398209],[132.617265,34.395567],[132.614495,34.393177],[132.614118,34.389403],[132.613992,34.383869],[132.614747,34.37846],[132.615965,34.376747],[132.617817,34.375633],[132.618604,34.375208],[132.619442,34.374641],[132.619717,34.374375],[132.619929,34.374033],[132.620342,34.3737],[132.620529,34.373608],[132.620954,34.373492],[132.621367,34.37345],[132.622379,34.373517],[132.622478,34.373229],[132.622804,34.373167],[132.622941,34.3731],[132.623116,34.372675],[132.623641,34.372458],[132.623704,34.371783],[132.623604,34.371259],[132.623754,34.370767],[132.624491,34.370325],[132.625354,34.369384],[132.625691,34.368892],[132.626004,34.368176],[132.626104,34.367726],[132.626829,34.366742],[132.626941,34.366492],[132.626929,34.365951],[132.626954,34.365609],[132.627491,34.364968],[132.628066,34.364768],[132.628616,34.364484],[132.629254,34.363951],[132.629754,34.363351],[132.630529,34.362885],[132.630891,34.362285],[132.631141,34.361768],[132.631366,34.360393],[132.631129,34.359843],[132.630979,34.358802],[132.630904,34.35871],[132.630179,34.358318],[132.629716,34.357877],[132.629391,34.356969],[132.629366,34.356319],[132.628916,34.355744],[132.628629,34.355177],[132.628429,34.354519],[132.628354,34.353911],[132.628042,34.353452],[132.627742,34.353111],[132.627554,34.353377],[132.627192,34.353686],[132.626642,34.353727],[132.625917,34.353694],[132.625367,34.35391],[132.625192,34.354019],[132.624754,34.354152],[132.624204,34.35441],[132.623754,34.35416],[132.623129,34.353744],[132.622479,34.353415],[132.622392,34.353444],[132.622017,34.353244],[132.62193,34.353152],[132.62158,34.352952],[132.621167,34.352835],[132.62123,34.35266],[132.621192,34.352211],[132.620817,34.351486],[132.62068,34.351194],[132.620617,34.351152],[132.61948,34.351019],[132.619267,34.350977],[132.618992,34.350727],[132.61888,34.350686],[132.61858,34.350727],[132.61828,34.350686],[132.61823,34.350577],[132.617905,34.350211],[132.617417,34.349811],[132.617142,34.349544],[132.61703,34.348619],[132.616455,34.348353],[132.615918,34.348128],[132.615855,34.348036],[132.61468,34.347053],[132.613955,34.346669],[132.613655,34.346403],[132.61338,34.346019],[132.613155,34.345236],[132.61288,34.34472],[132.612993,34.344495],[132.613068,34.344445],[132.613018,34.344111],[132.612555,34.343503],[132.612168,34.343328],[132.611468,34.343328],[132.610681,34.343286],[132.610268,34.343195],[132.609893,34.343061],[132.609731,34.343086],[132.609381,34.343061],[132.609406,34.343036],[132.609018,34.342636],[132.608906,34.342636],[132.608318,34.342411],[132.608093,34.34212],[132.608256,34.340637],[132.608168,34.340095],[132.607918,34.339537],[132.608056,34.339062],[132.608218,34.338928],[132.608456,34.33852],[132.608456,34.337987],[132.608618,34.337579],[132.608993,34.337287],[132.610331,34.336587],[132.610531,34.33657],[132.611043,34.336145],[132.611318,34.335871],[132.611593,34.335471],[132.611681,34.335262],[132.611593,34.334996],[132.611593,34.334704],[132.611818,34.334521],[132.612031,34.334137],[132.612306,34.333396],[132.612331,34.332946],[132.612256,34.332788],[132.612331,34.332046],[132.612281,34.331704],[132.612168,34.331388],[132.612168,34.331054],[132.612281,34.330738],[132.612281,34.330355],[132.612168,34.329971],[132.612168,34.329613],[132.612381,34.32943],[132.61288,34.329138],[132.613155,34.328663],[132.613155,34.328055],[132.612881,34.327113],[132.612606,34.326772],[132.612431,34.32668],[132.612218,34.326347],[132.611856,34.325172],[132.611443,34.324855],[132.610731,34.324455],[132.610531,34.32443],[132.610093,34.32448],[132.609843,34.324138],[132.609456,34.323488],[132.609356,34.322922],[132.609081,34.32283],[132.607981,34.322905],[132.607156,34.322838],[132.606406,34.322388],[132.605531,34.322047],[132.605556,34.321713],[132.605806,34.321488],[132.605969,34.321239],[132.606269,34.320022],[132.606294,34.319614],[132.606381,34.31923],[132.606756,34.31858],[132.606819,34.318264],[132.606781,34.317972],[132.606844,34.317339],[132.606781,34.316756],[132.606669,34.315872],[132.606431,34.315089],[132.605844,34.314323],[132.604856,34.313423],[132.604306,34.313014],[132.603669,34.312773],[132.603319,34.312456],[132.603044,34.311464],[132.602769,34.311189],[132.602294,34.311014],[132.601832,34.310898],[132.601469,34.310723],[132.601169,34.310048],[132.600807,34.309598],[132.600594,34.309148],[132.600394,34.308606],[132.600282,34.308398],[132.600094,34.30739],[132.600119,34.307256],[132.599732,34.306781],[132.598682,34.305815],[132.597895,34.305248],[132.597232,34.305023],[132.59627,34.305006],[132.595343,34.30295],[132.594318,34.297151],[132.591588,34.286748],[132.589369,34.278562],[132.58715,34.272422],[132.583395,34.263042],[132.580175,34.255045],[132.577877,34.251601],[132.576537,34.244331],[132.573665,34.237444],[132.569261,34.229409],[132.566007,34.224435],[132.560837,34.220227],[132.559497,34.21487],[132.559571,34.210794],[132.560701,34.2043],[132.562338,34.199002],[132.561263,34.19816],[132.560638,34.197868],[132.560538,34.197593],[132.560338,34.197502],[132.560163,34.197518],[132.560088,34.197568],[132.559888,34.19761],[132.558738,34.197377],[132.558138,34.197327],[132.557938,34.197285],[132.557888,34.197235],[132.557663,34.197235],[132.557538,34.197252],[132.557363,34.197118],[132.557113,34.197068],[132.556863,34.197068],[132.556713,34.197093],[132.556413,34.197068],[132.555713,34.196927],[132.555488,34.196793],[132.555488,34.196743],[132.555363,34.196652],[132.555188,34.196585],[132.555113,34.196693],[132.554463,34.196352],[132.554388,34.196219],[132.554463,34.19611],[132.554101,34.195785],[132.554251,34.195585],[132.553201,34.194627],[132.551076,34.194844],[132.549796,34.195362],[132.549639,34.195035],[132.548689,34.195002],[132.548689,34.195119],[132.547114,34.194477],[132.546739,34.194927],[132.546514,34.194968],[132.546264,34.19501],[132.545489,34.195027],[132.545239,34.194977],[132.545064,34.194818],[132.544789,34.194169],[132.544639,34.193919],[132.544114,34.193844],[132.543814,34.193569],[132.543439,34.194243],[132.543364,34.194293],[132.542489,34.19446],[132.54074,34.194068],[132.540627,34.194268],[132.540327,34.194243],[132.540252,34.194377],[132.539852,34.194285],[132.539502,34.194168],[132.539427,34.194127],[132.539052,34.193918],[132.538327,34.193777],[132.538202,34.193802],[132.538027,34.193935],[132.537827,34.193935],[132.537752,34.194002],[132.537727,34.194227],[132.53784,34.194793],[132.53789,34.19536],[132.53799,34.195676],[132.538315,34.196035],[132.538902,34.196535],[132.538902,34.196743],[132.539177,34.197035],[132.539502,34.197468],[132.539552,34.19751],[132.539627,34.197493],[132.539777,34.197735],[132.539677,34.197801],[132.539702,34.197893],[132.53984,34.198193],[132.54024,34.199159],[132.540352,34.199701],[132.540777,34.199818],[132.540902,34.200201],[132.540752,34.200318],[132.540814,34.201692],[132.540902,34.202259],[132.541002,34.202526],[132.541227,34.202867],[132.541727,34.203392],[132.541977,34.203576],[132.542252,34.203851],[132.542739,34.204884],[132.543127,34.205475],[132.543414,34.205459],[132.543427,34.20555],[132.543277,34.205592],[132.543252,34.20575],[132.543377,34.206109],[132.543739,34.20555],[132.543864,34.205592],[132.543627,34.206184],[132.543627,34.20645],[132.543714,34.207375],[132.544239,34.207309],[132.544089,34.207425],[132.543975,34.20748],[132.543789,34.207584],[132.543564,34.207717],[132.544051,34.208483],[132.543977,34.20855],[132.544001,34.208642],[132.544176,34.208892],[132.544151,34.209092],[132.544126,34.209433],[132.542702,34.211116],[132.542977,34.211341],[132.542627,34.211816],[132.542277,34.21165],[132.542152,34.211808],[132.540952,34.213158],[132.540177,34.213824],[132.539364,34.214499],[132.539239,34.214741],[132.533977,34.219782],[132.533652,34.219624],[132.531865,34.221415],[132.531877,34.221865],[132.531552,34.222273],[132.537976,34.228606],[132.540351,34.227139],[132.540601,34.227314],[132.540951,34.227098],[132.540751,34.226848],[132.540876,34.226781],[132.542376,34.228006],[132.542601,34.227873],[132.542751,34.227989],[132.543176,34.227631],[132.543101,34.227515],[132.543301,34.227381],[132.543876,34.22759],[132.544263,34.227165],[132.544114,34.227023],[132.543914,34.226981],[132.543764,34.226915],[132.545426,34.225815],[132.546126,34.226298],[132.546501,34.226323],[132.546576,34.226165],[132.547101,34.22574],[132.547426,34.225698],[132.547813,34.225448],[132.547888,34.22534],[132.547863,34.225273],[132.547913,34.225207],[132.548063,34.22514],[132.548263,34.22514],[132.548588,34.225298],[132.548738,34.225323],[132.55035,34.226981],[132.550325,34.227115],[132.550225,34.227273],[132.549638,34.227698],[132.549538,34.227856],[132.549413,34.227923],[132.549488,34.228015],[132.549388,34.228123],[132.549138,34.227923],[132.548376,34.228498],[132.548651,34.228814],[132.548326,34.229064],[132.548226,34.229039],[132.546988,34.229914],[132.547163,34.230048],[132.548376,34.229248],[132.548376,34.229156],[132.548726,34.228906],[132.550138,34.230273],[132.552813,34.228506],[132.552913,34.228531],[132.552963,34.228665],[132.552888,34.228823],[132.552738,34.228981],[132.552488,34.229164],[132.552075,34.229473],[132.552075,34.229631],[132.552025,34.229723],[132.551975,34.229923],[132.553612,34.231581],[132.551975,34.232764],[132.553862,34.234764],[132.553837,34.234855],[132.553962,34.234989],[132.554162,34.234972],[132.55595,34.233764],[132.556225,34.234106],[132.5561,34.234331],[132.556912,34.235056],[132.557537,34.235914],[132.557424,34.236439],[132.557624,34.237047],[132.557824,34.237339],[132.558237,34.237864],[132.558362,34.238113],[132.558387,34.23838],[132.558112,34.23858],[132.557787,34.238647],[132.557437,34.238913],[132.557424,34.239055],[132.556249,34.239988],[132.556362,34.240172],[132.556262,34.240213],[132.556137,34.240288],[132.555812,34.240663],[132.555537,34.24078],[132.555587,34.240863],[132.555862,34.24073],[132.557249,34.24203],[132.555987,34.242988],[132.55495,34.24208],[132.554962,34.240996],[132.554087,34.24018],[132.553587,34.24063],[132.554275,34.24133],[132.554225,34.241355],[132.553475,34.241713],[132.553087,34.242021],[132.551887,34.242554],[132.551337,34.242146],[132.551112,34.242238],[132.5501,34.240671],[132.548663,34.241271],[132.5481,34.241871],[132.545138,34.240346],[132.541688,34.242529],[132.543376,34.244254],[132.545263,34.243029],[132.545663,34.243279],[132.545763,34.243396],[132.545713,34.243438],[132.545313,34.243679],[132.545176,34.243837],[132.545151,34.243929],[132.544276,34.244396],[132.544176,34.244529],[132.544151,34.244754],[132.544188,34.244937],[132.544388,34.245146],[132.544613,34.245237],[132.544888,34.245237],[132.545251,34.245104],[132.545975,34.244587],[132.546225,34.244437],[132.54655,34.244437],[132.54685,34.244504],[132.5469,34.244637],[132.546875,34.244796],[132.5467,34.245021],[132.546425,34.245312],[132.546163,34.245512],[132.545113,34.246121],[132.544763,34.246229],[132.544426,34.24627],[132.544151,34.246245],[132.543776,34.24627],[132.543713,34.246062],[132.543276,34.246129],[132.542551,34.246329],[132.539526,34.247637],[132.539239,34.24727],[132.539701,34.245945],[132.541488,34.245146],[132.539276,34.242896],[132.535514,34.243679],[132.531514,34.241421],[132.52954,34.243646],[132.529615,34.244046],[132.526727,34.244795],[132.526602,34.24457],[132.525302,34.244895],[132.52479,34.245095],[132.524715,34.245212],[132.524665,34.245612],[132.524515,34.245795],[132.52439,34.24602],[132.524378,34.246312],[132.524453,34.246562],[132.524753,34.246878],[132.526327,34.247928],[132.526452,34.247928],[132.527527,34.247803],[132.527827,34.247828],[132.528077,34.247895],[132.529002,34.248378],[132.529177,34.248628],[132.529052,34.248695],[132.52934,34.249236],[132.52964,34.249578],[132.52999,34.249536],[132.530215,34.249986],[132.53044,34.250078],[132.530327,34.25057],[132.530277,34.25062],[132.529927,34.250528],[132.529902,34.250636],[132.529952,34.25107],[132.530002,34.251136],[132.530202,34.251161],[132.530277,34.251228],[132.530277,34.251453],[132.529927,34.253228],[132.52994,34.253619],[132.529977,34.254227],[132.530027,34.254319],[132.530252,34.254386],[132.530252,34.254544],[132.53014,34.254611],[132.530052,34.255152],[132.52994,34.255327],[132.529752,34.255536],[132.52934,34.255669],[132.529065,34.255777],[132.529015,34.255894],[132.528877,34.255935],[132.528627,34.255627],[132.52844,34.255644],[132.528402,34.255627],[132.528515,34.255552],[132.528577,34.255469],[132.52854,34.255352],[132.528402,34.255352],[132.528102,34.255444],[132.527365,34.25576],[132.527365,34.25596],[132.52744,34.25621],[132.527302,34.256235],[132.52714,34.256144],[132.526977,34.256119],[132.52689,34.25646],[132.526952,34.256527],[132.526815,34.256752],[132.526652,34.256844],[132.526677,34.256977],[132.526627,34.257094],[132.526315,34.257202],[132.526177,34.257177],[132.52599,34.257202],[132.52574,34.257319],[132.525115,34.257768],[132.524915,34.257968],[132.524703,34.258285],[132.52484,34.258377],[132.52514,34.258218],[132.525278,34.25831],[132.525465,34.25851],[132.52539,34.258552],[132.525303,34.258535],[132.525215,34.258577],[132.525253,34.258643],[132.525028,34.25876],[132.524778,34.258935],[132.524478,34.259027],[132.52429,34.258985],[132.523653,34.258918],[132.523328,34.258718],[132.522503,34.257927],[132.521765,34.257069],[132.521265,34.256802],[132.521078,34.256735],[132.518578,34.255719],[132.518078,34.255585],[132.517916,34.255585],[132.517416,34.255719],[132.515441,34.256735],[132.514778,34.256918],[132.514641,34.257077],[132.514528,34.257502],[132.514528,34.257843],[132.514703,34.258768],[132.514891,34.259285],[132.515116,34.259693],[132.515416,34.259935],[132.515828,34.260143],[132.516041,34.260435],[132.516178,34.260885],[132.516378,34.261443],[132.516791,34.261651],[132.517391,34.262276],[132.517666,34.262659],[132.517666,34.262751],[132.517416,34.263134],[132.517141,34.263451],[132.516816,34.263726],[132.516591,34.264017],[132.516078,34.264559],[132.515778,34.264692],[132.515441,34.264717],[132.515254,34.264942],[132.514979,34.264959],[132.514704,34.264942],[132.514641,34.265209],[132.514729,34.265817],[132.514841,34.266184],[132.514729,34.266425],[132.514504,34.266767],[132.514366,34.267217],[132.514366,34.267784],[132.514641,34.268325],[132.515366,34.26945],[132.515691,34.269808],[132.515554,34.269992],[132.515829,34.270417],[132.516016,34.270891],[132.516191,34.270908],[132.516104,34.27105],[132.516079,34.271341],[132.516154,34.2715],[132.516216,34.2715],[132.516266,34.271741],[132.516404,34.271766],[132.516491,34.271966],[132.516629,34.272041],[132.516816,34.272083],[132.516841,34.272058],[132.516904,34.272491],[132.516879,34.272916],[132.516654,34.273866],[132.516429,34.274674],[132.516216,34.274808],[132.516129,34.275099],[132.516216,34.275441],[132.516104,34.275716],[132.516029,34.275782],[132.516104,34.275849],[132.517316,34.277449],[132.517429,34.277491],[132.517779,34.277307],[132.517704,34.277674],[132.517779,34.277966],[132.517979,34.278282],[132.518141,34.278707],[132.518254,34.279224],[132.518191,34.279315],[132.518216,34.279565],[132.518279,34.279674],[132.518966,34.27974],[132.518991,34.279899],[132.518741,34.27999],[132.518554,34.280107],[132.518491,34.28024],[132.518579,34.280874],[132.518804,34.280957],[132.518741,34.281032],[132.518854,34.281565],[132.518766,34.281657],[132.519079,34.282248],[132.518941,34.282632],[132.518829,34.282607],[132.518641,34.282673],[132.518466,34.282807],[132.518166,34.283398],[132.516166,34.284481],[132.516466,34.284881],[132.515341,34.285473],[132.514629,34.284973],[132.513491,34.285131],[132.512754,34.285898],[132.513604,34.286215],[132.513416,34.286823],[132.513391,34.287114],[132.513466,34.287723],[132.513329,34.287723],[132.513304,34.287839],[132.514679,34.287856],[132.514704,34.287931],[132.514179,34.288089],[132.514379,34.288964],[132.514429,34.288939],[132.514679,34.289673],[132.512266,34.289139],[132.509017,34.292964],[132.510254,34.294189],[132.508217,34.295864],[132.507842,34.29623],[132.507504,34.296747],[132.507392,34.297105],[132.507317,34.297622],[132.507292,34.298388],[132.507117,34.298822],[132.506354,34.299747],[132.505779,34.30033],[132.505229,34.301121],[132.504867,34.301955],[132.505254,34.302046],[132.505304,34.302021],[132.505617,34.302113],[132.505804,34.302205],[132.505692,34.30238],[132.505004,34.302313],[132.504929,34.302855],[132.50328,34.303463],[132.503167,34.30338],[132.503105,34.303155],[132.502917,34.303013],[132.502917,34.302838],[132.502867,34.302771],[132.50273,34.302721],[132.502592,34.302771],[132.50248,34.30288],[132.50198,34.302788],[132.501792,34.30288],[132.50168,34.303129],[132.501655,34.303329],[132.501242,34.304621],[132.500855,34.304779],[132.500805,34.305046],[132.501017,34.305204],[132.500667,34.306763],[132.500742,34.306829],[132.50063,34.306987],[132.500217,34.306896],[132.499842,34.307254],[132.499642,34.307504],[132.50003,34.307771],[132.500142,34.307887],[132.499892,34.308071],[132.499455,34.308004],[132.49923,34.308071],[132.49863,34.308137],[132.497942,34.308812],[132.497917,34.309221],[132.497992,34.309579],[132.498055,34.310254],[132.498305,34.310412],[132.498267,34.310454],[132.497917,34.310412],[132.497449,34.310763],[132.497292,34.310437],[132.49688,34.310487],[132.49628,34.31062],[132.495992,34.311545],[132.495642,34.312395],[132.495517,34.31287],[132.495193,34.31357],[132.494868,34.314337],[132.494818,34.314403],[132.494793,34.31467],[132.494818,34.31487],[132.494718,34.315053],[132.494718,34.315228],[132.49493,34.315437],[132.49513,34.31552],[132.495255,34.315503],[132.495342,34.315428],[132.495805,34.315812],[132.495892,34.315945],[132.495855,34.315995],[132.496005,34.316353],[132.49638,34.316936],[132.496517,34.317203],[132.496792,34.317511],[132.496855,34.317628],[132.497367,34.318186],[132.497449,34.318379],[132.497642,34.318753],[132.497617,34.319228],[132.497692,34.31927],[132.497942,34.319161],[132.498055,34.319228],[132.49863,34.319995],[132.498855,34.320395],[132.499317,34.322428],[132.499567,34.322919],[132.499867,34.323369],[132.500442,34.323953],[132.501517,34.324744],[132.502842,34.325619],[132.502804,34.325736],[132.502592,34.326069],[132.502642,34.326227],[132.502642,34.326411],[132.502942,34.326594],[132.503029,34.326569],[132.503192,34.326636],[132.503467,34.326861],[132.503742,34.327202],[132.503942,34.327627],[132.504079,34.328527],[132.503904,34.328577],[132.503942,34.328885],[132.504017,34.32891],[132.504042,34.329335],[132.504017,34.329494],[132.504792,34.329585],[132.504492,34.330219],[132.504592,34.330827],[132.503742,34.33101],[132.503742,34.331818],[132.503667,34.331843],[132.503629,34.332085],[132.503804,34.33216],[132.503829,34.332493],[132.503742,34.332518],[132.503667,34.33281],[132.503717,34.332835],[132.504842,34.33396],[132.504842,34.334135],[132.504767,34.334276],[132.504704,34.334676],[132.504379,34.334726],[132.504379,34.334901],[132.504629,34.335043],[132.503767,34.33606],[132.504492,34.33646],[132.504404,34.336576],[132.504317,34.336585],[132.504179,34.336726],[132.503692,34.337043],[132.502304,34.337759],[132.501629,34.338034],[132.501192,34.338101],[132.500979,34.338101],[132.500517,34.338009],[132.499592,34.338034],[132.499054,34.337884],[132.498754,34.337659],[132.49813,34.336584],[132.498105,34.336468],[132.498305,34.336426],[132.498717,34.336418],[132.49868,34.336334],[132.498467,34.336176],[132.498105,34.335135],[132.497992,34.334935],[132.497755,34.334935],[132.497667,34.33491],[132.497505,34.334776],[132.49748,34.334809],[132.49743,34.334851],[132.496317,34.33396],[132.495767,34.334143],[132.49553,34.334226],[132.49548,34.334276],[132.49523,34.334751],[132.49523,34.334818],[132.495105,34.334901],[132.494905,34.334976],[132.494555,34.334993],[132.494342,34.334951],[132.494117,34.334643],[132.494042,34.334459],[132.49398,34.334418],[132.493492,34.334351],[132.493442,34.334376],[132.493355,34.334509],[132.493355,34.334601],[132.493142,34.335093],[132.49263,34.335793],[132.492342,34.336018],[132.492092,34.336018],[132.49183,34.336151],[132.491767,34.336201],[132.491717,34.336467],[132.491742,34.336584],[132.491655,34.336909],[132.491617,34.338726],[132.492867,34.339309],[132.492817,34.339442],[132.49473,34.340942],[132.494405,34.341375],[132.49428,34.343033],[132.494767,34.3431],[132.49513,34.343908],[132.49543,34.345167],[132.49568,34.345616],[132.496179,34.347591],[132.496292,34.347833],[132.496667,34.34835],[132.497079,34.348708],[132.497404,34.348908],[132.497554,34.348783],[132.498104,34.3486],[132.498429,34.348441],[132.498592,34.348441],[132.499292,34.348683],[132.499542,34.348733],[132.499966,34.348708],[132.500379,34.348816],[132.500841,34.348725],[132.501929,34.34875],[132.502304,34.348791],[132.503066,34.349175],[132.503504,34.349033],[132.504454,34.349033],[132.505028,34.348875],[132.505541,34.348691],[132.505891,34.348491],[132.506028,34.348291],[132.505941,34.347275],[132.505803,34.347033],[132.506053,34.346292],[132.506154,34.345775],[132.505966,34.344717],[132.505804,34.344292],[132.505766,34.344],[132.505879,34.343284],[132.506129,34.343209],[132.506554,34.342967],[132.507966,34.342426],[132.509028,34.341926],[132.509128,34.341859],[132.509428,34.341767],[132.509491,34.341517],[132.509453,34.341226],[132.507829,34.339209],[132.507441,34.338693],[132.507066,34.338493],[132.506816,34.338468],[132.506654,34.338384],[132.506654,34.338226],[132.507091,34.338018],[132.507329,34.337976],[132.507416,34.338176],[132.507529,34.338201],[132.507816,34.338176],[132.508666,34.338693],[132.509753,34.339568],[132.510378,34.340151],[132.511166,34.341092],[132.511441,34.341584],[132.511628,34.341851],[132.512016,34.342192],[132.511903,34.342326],[132.510878,34.34325],[132.511691,34.343917],[132.512365,34.344392],[132.513265,34.344434],[132.513353,34.344184],[132.513915,34.344342],[132.514053,34.344],[132.515415,34.344134],[132.515578,34.344117],[132.515653,34.3438],[132.516415,34.343909],[132.516665,34.344517],[132.51699,34.345142],[132.514978,34.345325],[132.514353,34.345417],[132.514053,34.345575],[132.513603,34.346275],[132.511515,34.348933],[132.508865,34.352483],[132.509978,34.353107],[132.509978,34.353266],[132.510303,34.353449],[132.511303,34.353982],[132.511253,34.354099],[132.518927,34.357949],[132.521664,34.359265],[132.523838,34.359057],[132.524351,34.358474],[132.527276,34.354533],[132.529338,34.355449],[132.529313,34.355882],[132.5294,34.356482],[132.529026,34.356441],[132.528801,34.356649],[132.527363,34.355949],[132.525276,34.358874],[132.523463,34.361465],[132.522864,34.361282],[132.522739,34.361507],[132.523301,34.361782],[132.522463,34.362923],[132.520151,34.36194],[132.520076,34.362098],[132.518739,34.361407],[132.518439,34.361565],[132.520651,34.363356],[132.520126,34.363831],[132.519864,34.364056],[132.518689,34.364506],[132.517851,34.364864],[132.517689,34.365114],[132.517714,34.365139],[132.517576,34.365181],[132.517289,34.365139],[132.516764,34.364648],[132.516277,34.364239],[132.515764,34.363881],[132.515164,34.363615],[132.514914,34.36339],[132.514777,34.36274],[132.514777,34.362515],[132.514502,34.362223],[132.513777,34.361773],[132.513065,34.36124],[132.512977,34.361215],[132.51304,34.361173],[132.512877,34.361015],[132.51279,34.361081],[132.512302,34.360857],[132.512252,34.360765],[132.512302,34.360682],[132.51214,34.360565],[132.511977,34.36059],[132.511627,34.360432],[132.511327,34.360232],[132.511352,34.36014],[132.511215,34.360073],[132.51119,34.360098],[132.51094,34.360007],[132.510727,34.359823],[132.51054,34.359582],[132.51029,34.359382],[132.50974,34.359182],[132.509527,34.359132],[132.509365,34.358865],[132.509065,34.358148],[132.50879,34.357199],[132.508653,34.35689],[132.507953,34.356532],[132.506778,34.35604],[132.506016,34.355657],[132.505966,34.35559],[132.505941,34.355615],[132.504878,34.355615],[132.504691,34.35564],[132.503978,34.355599],[132.503841,34.355615],[132.501153,34.355624],[132.500879,34.355599],[132.500829,34.355782],[132.500778,34.356949],[132.500266,34.356999],[132.497486,34.35702],[132.497291,34.357157],[132.497316,34.356882],[132.497291,34.356865],[132.496341,34.356932],[132.492379,34.353665],[132.492354,34.35359],[132.492104,34.353374],[132.48343,34.353482],[132.48343,34.353815],[132.489442,34.353757],[132.489492,34.357015],[132.486992,34.35704],[132.486855,34.35664],[132.48663,34.355515],[132.48668,34.354999],[132.485855,34.354998],[132.485642,34.354982],[132.485617,34.356015],[132.485542,34.356465],[132.485192,34.356957],[132.485055,34.357073],[132.481742,34.357148],[132.481643,34.353932],[132.481093,34.35389],[132.481155,34.359465],[132.479055,34.359556],[132.479105,34.35774],[132.47823,34.35729],[132.478505,34.356773],[132.471306,34.353423],[132.470231,34.35199],[132.469168,34.352057],[132.469156,34.352932],[132.465044,34.35299],[132.464969,34.353148],[132.463519,34.353215],[132.463381,34.353056],[132.460344,34.353106],[132.460344,34.352906],[132.460181,34.352906],[132.460094,34.352706],[132.460069,34.352056],[132.459732,34.352081],[132.459632,34.352281],[132.458457,34.352556],[132.458157,34.352573],[132.457832,34.351656],[132.457619,34.351748],[132.456582,34.35204],[132.457994,34.355698],[132.457444,34.355697],[132.457332,34.355747],[132.457482,34.357364],[132.458269,34.357356],[132.458294,34.357672],[132.458269,34.357722],[132.458656,34.363738],[132.457844,34.36378],[132.457731,34.363763],[132.457431,34.363355],[132.457031,34.359205],[132.455994,34.35923],[132.455732,34.355864],[132.452432,34.353873],[132.452594,34.352839],[132.45002,34.351364],[132.450132,34.351181],[132.449945,34.351089],[132.450832,34.350215],[132.450945,34.350056],[132.450832,34.349581],[132.450007,34.348015],[132.449895,34.347615],[132.449782,34.347657],[132.447345,34.348198],[132.447895,34.350198],[132.447657,34.350473],[132.446732,34.350873],[132.446457,34.351256],[132.436545,34.352964],[132.436758,34.353097],[132.437233,34.353297],[132.438045,34.353722],[132.43902,34.354106],[132.440095,34.354622],[132.44137,34.355289],[132.445295,34.357072],[132.446745,34.357922],[132.448195,34.358888],[132.449232,34.359672],[132.449882,34.360072],[132.452557,34.362022],[132.453869,34.36303],[132.454769,34.363855],[132.455569,34.36478],[132.456244,34.365671],[132.457181,34.366771],[132.458956,34.368313],[132.459531,34.368963],[132.460056,34.369754],[132.460468,34.370713],[132.460581,34.371546],[132.460581,34.372354],[132.460756,34.374237],[132.460956,34.375029],[132.464766,34.375739],[132.470496,34.375739],[132.480345,34.374844],[132.48912,34.374487],[132.498969,34.373592],[132.500939,34.374666],[132.501478,34.37598],[132.501203,34.37663],[132.500878,34.377771],[132.500715,34.378921],[132.500727,34.379554],[132.500665,34.379771],[132.50064,34.380246],[132.500565,34.380312],[132.500427,34.380362],[132.500365,34.380471],[132.50034,34.380829],[132.500027,34.382587],[132.49929,34.385462],[132.499215,34.385645],[132.49914,34.386295],[132.499115,34.387937],[132.499165,34.388453],[132.499327,34.388895],[132.499652,34.389278],[132.499527,34.389303],[132.499115,34.389461],[132.498577,34.389778],[132.498115,34.389978],[132.497752,34.390203],[132.497486,34.390425],[132.49714,34.390778],[132.496952,34.390886],[132.496865,34.390978],[132.496403,34.39127],[132.496265,34.391403],[132.495265,34.392086],[132.49454,34.392328],[132.493803,34.392828],[132.493065,34.393253],[132.491853,34.393503],[132.491465,34.393528],[132.489566,34.393869],[132.489191,34.393894],[132.489103,34.393936],[132.487741,34.394094],[132.486628,34.394169],[132.486216,34.394169],[132.485241,34.394286],[132.483691,34.394577],[132.482141,34.394852],[132.482004,34.394852],[132.480654,34.39526],[132.479779,34.39571],[132.478079,34.396835],[132.477716,34.396969],[132.477779,34.39731],[132.477479,34.39756],[132.477429,34.39756],[132.477129,34.39776],[132.477041,34.397785],[132.477479,34.398502],[132.476266,34.399068],[132.476016,34.399218],[132.474179,34.400076],[132.473842,34.399452],[132.473404,34.398377],[132.471454,34.399276],[132.470804,34.39991],[132.470479,34.400293],[132.470067,34.400943],[132.469717,34.401593],[132.469579,34.401776],[132.469129,34.402718],[132.468292,34.403618],[132.467804,34.403909],[132.467992,34.404251],[132.468492,34.404834],[132.469229,34.405567],[132.469717,34.405992],[132.469967,34.406284],[132.469942,34.406892],[132.469867,34.407384],[132.469591,34.408017],[132.469242,34.408492],[132.466942,34.410292],[132.466504,34.410717],[132.466267,34.411075],[132.466017,34.411733],[132.466017,34.411883],[132.465804,34.412625],[132.465567,34.413075],[132.465079,34.4136],[132.464379,34.41405],[132.462392,34.415133],[132.461854,34.4154],[132.461904,34.415825],[132.462442,34.417916],[132.462854,34.419758],[132.462966,34.419908],[132.463004,34.419924],[132.463629,34.424341],[132.463704,34.425291],[132.463741,34.425741],[132.463929,34.425766],[132.464278,34.425849],[132.464841,34.426074],[132.465328,34.426349],[132.467203,34.427649],[132.467603,34.428015],[132.468178,34.428415],[132.469615,34.429765],[132.470128,34.430174],[132.47104,34.431074],[132.471778,34.43184],[132.474677,34.435148],[132.475165,34.435648],[132.47614,34.436548],[132.477277,34.437356],[132.478602,34.438165],[132.480002,34.43884],[132.481364,34.439356],[132.482064,34.439581],[132.483364,34.439898],[132.484664,34.440056],[132.485439,34.44019],[132.487151,34.440656],[132.487739,34.440906],[132.488313,34.441223],[132.488826,34.441623],[132.489176,34.441981],[132.489638,34.442839],[132.489751,34.443156],[132.489751,34.443364],[132.492638,34.442923],[132.493238,34.442789],[132.493776,34.442631],[132.494313,34.442356],[132.495125,34.441748],[132.495775,34.441615],[132.496075,34.441481],[132.496425,34.441181],[132.496525,34.441023],[132.4968,34.440348],[132.49685,34.440306],[132.499468,34.438651],[132.501839,34.43785],[132.503985,34.43769],[132.50632,34.438209],[132.508677,34.43877],[132.511146,34.439405],[132.513604,34.439478],[132.514852,34.438572],[132.51557,34.436768],[132.514689,34.433449],[132.514214,34.430129],[132.514621,34.428232],[132.516519,34.42681],[132.519842,34.426064],[132.523028,34.425861],[132.525673,34.425455],[132.527029,34.424371],[132.529402,34.422609],[132.531486,34.421584],[132.532111,34.421334],[132.532411,34.421292],[132.532973,34.421292],[132.533798,34.421375],[132.534098,34.421334],[132.534473,34.421217],[132.534661,34.421217],[132.535236,34.421042],[132.536148,34.420276],[132.536448,34.420026],[132.536473,34.419959],[132.536561,34.419909],[132.537073,34.419609],[132.537373,34.419567],[132.537673,34.419317],[132.538248,34.418709],[132.538648,34.418576],[132.539198,34.418526],[132.540035,34.418209],[132.54071,34.417759],[132.54101,34.417959],[132.541448,34.418142],[132.541835,34.418234],[132.54281,34.418142],[132.542973,34.418226],[132.543223,34.418517],[132.543573,34.419101],[132.54406,34.419801],[132.544223,34.419909],[132.54431,34.420009],[132.544385,34.420209],[132.544635,34.420501],[132.545347,34.42115],[132.545897,34.421734],[132.54611,34.422025],[132.54641,34.422275],[132.54766,34.422875],[132.54846,34.4231],[132.548972,34.423192],[132.550472,34.42355],[132.551472,34.423884],[132.551959,34.424084],[132.553222,34.424692],[132.553497,34.424934],[132.554059,34.425792],[132.554371,34.4266],[132.554559,34.427433],[132.554721,34.427725],[132.555109,34.427967],[132.555646,34.428125],[132.555984,34.428175],[132.556334,34.428167],[132.556609,34.4281],[132.557446,34.427808],[132.557821,34.427717],[132.558183,34.427809],[132.558721,34.427759],[132.559671,34.427759],[132.559946,34.427867],[132.560358,34.428092],[132.560683,34.428384],[132.561171,34.428742],[132.561558,34.428925],[132.561883,34.429017],[132.56297,34.428925],[132.563708,34.4289],[132.564245,34.428942],[132.564683,34.429209],[132.565058,34.429342],[132.566583,34.429817],[132.566882,34.429967],[132.56697,34.430492],[132.567195,34.430733],[132.567495,34.430825],[132.56792,34.430775],[132.568282,34.430825],[132.568845,34.431292],[132.569207,34.431492],[132.570545,34.4321],[132.570844,34.43235],[132.571307,34.432933],[132.571382,34.43325],[132.571394,34.433675],[132.571257,34.434442],[132.571344,34.434975],[132.571644,34.4357],[132.571894,34.436033],[132.572132,34.436458],[132.573007,34.437808],[132.573744,34.4386],[132.573994,34.4388],[132.574132,34.438841],[132.574919,34.438933],[132.575006,34.439066],[132.575006,34.43945],[132.575119,34.4399],[132.575331,34.440191],[132.575631,34.440416],[132.575994,34.441024],[132.576069,34.441091],[132.576506,34.441808],[132.576481,34.442074],[132.576506,34.442324],[132.576619,34.442508],[132.577356,34.442658],[132.577631,34.442774],[132.578719,34.443583],[132.579106,34.443649],[132.579593,34.443849],[132.580431,34.444274],[132.580706,34.444474],[132.580818,34.444658],[132.580981,34.445199],[132.581181,34.445507],[132.581556,34.445666],[132.581943,34.445757],[132.582343,34.445982],[132.582593,34.446224],[132.582918,34.446474],[132.583306,34.446674],[132.58363,34.446949],[132.58418,34.447641],[132.584505,34.447907],[132.584743,34.448049],[132.58538,34.448041],[132.58583,34.447974],[132.586843,34.447616],[132.58728,34.447549],[132.587543,34.447632],[132.588118,34.448057],[132.588892,34.449049],[132.58908,34.449232],[132.58933,34.449566],[132.589492,34.449882],[132.59093,34.450374],[132.591667,34.450665],[132.592267,34.451065],[132.592842,34.45129],[132.593467,34.451715],[132.593629,34.451899],[132.594017,34.452574],[132.594392,34.452749],[132.595192,34.453315],[132.595817,34.454282],[132.596142,34.454499],[132.596579,34.454723],[132.597591,34.455082],[132.597916,34.455265],[132.598516,34.456023],[132.599279,34.456565],[132.599666,34.456723],[132.600041,34.456923],[132.600316,34.457123],[132.600479,34.457332],[132.600666,34.457373]]],"type":"Polygon"},"properties":{"pref":"広島県","kuni_id":"K54","yomi":"あき","name":"安芸","id":"G54002","kuni":"安芸","id_url":"G54002.html","kuni_url":"/kg/resource/K54.html"}},{"geometry":{"coordinates":[[[132.444034,34.262941],[132.444034,34.263616],[132.444422,34.264175],[132.444934,34.264625],[132.445159,34.264916],[132.445346,34.265249],[132.445684,34.266241],[132.445684,34.266533],[132.445521,34.266933],[132.445359,34.267183],[132.445146,34.267341],[132.444984,34.267408],[132.444871,34.267566],[132.444959,34.267816],[132.445071,34.268507],[132.444984,34.268666],[132.444909,34.268707],[132.444959,34.268866],[132.444934,34.269157],[132.444584,34.269382],[132.444184,34.269566],[132.443996,34.269774],[132.443884,34.270041],[132.443696,34.270199],[132.442184,34.271032],[132.441809,34.27119],[132.441584,34.27124],[132.441372,34.271174],[132.441097,34.271149],[132.440822,34.271174],[132.440609,34.271307],[132.440422,34.271624],[132.440459,34.271915],[132.440559,34.27214],[132.440597,34.272324],[132.440484,34.272482],[132.440247,34.272615],[132.439947,34.272882],[132.439734,34.273249],[132.439647,34.273515],[132.438947,34.274507],[132.438409,34.274798],[132.437922,34.274798],[132.437572,34.274665],[132.437322,34.274465],[132.436834,34.274398],[132.436509,34.274607],[132.436397,34.27494],[132.436272,34.275123],[132.435759,34.27524],[132.435722,34.275307],[132.435922,34.275665],[132.435997,34.275907],[132.435897,34.276065],[132.435572,34.276315],[132.435334,34.276565],[132.434893,34.277049],[132.434818,34.277433],[132.434793,34.277832],[132.434847,34.27834],[132.434797,34.278631],[132.434209,34.27924],[132.434184,34.279714],[132.434347,34.280248],[132.434597,34.280814],[132.434572,34.280881],[132.435097,34.281681],[132.435609,34.282556],[132.435584,34.282556],[132.435484,34.282806],[132.435534,34.283256],[132.435434,34.284064],[132.435459,34.284331],[132.435384,34.284556],[132.435172,34.284847],[132.434984,34.285189],[132.434797,34.285389],[132.434272,34.285547],[132.434197,34.285772],[132.434172,34.285997],[132.434197,34.286064],[132.434359,34.286114],[132.435584,34.285722],[132.435797,34.285747],[132.435934,34.28588],[132.436322,34.28653],[132.436972,34.286822],[132.437247,34.286414],[132.437297,34.286164],[132.437184,34.286097],[132.437209,34.286014],[132.437347,34.285855],[132.438046,34.285897],[132.438784,34.28603],[132.439134,34.286114],[132.439571,34.286514],[132.440071,34.28708],[132.440046,34.287639],[132.440209,34.287814],[132.440834,34.288014],[132.440946,34.28813],[132.441196,34.288488],[132.441171,34.28878],[132.441221,34.28903],[132.441334,34.289205],[132.441471,34.289313],[132.441571,34.289338],[132.441871,34.289338],[132.442009,34.289247],[132.442271,34.288622],[132.442596,34.288414],[132.442796,34.288214],[132.443271,34.287872],[132.443684,34.287689],[132.444221,34.287305],[132.444408,34.287289],[132.444658,34.286789],[132.444896,34.286722],[132.445058,34.286589],[132.445108,34.286297],[132.445296,34.286155],[132.445946,34.285531],[132.446058,34.285572],[132.446271,34.285547],[132.446596,34.285414],[132.446871,34.285256],[132.446896,34.285189],[132.446846,34.285072],[132.448058,34.284822],[132.448933,34.284731],[132.449608,34.284797],[132.450071,34.284931],[132.450208,34.284997],[132.450808,34.285489],[132.451271,34.285689],[132.451408,34.285689],[132.451483,34.285797],[132.451521,34.285997],[132.451408,34.28663],[132.451495,34.28683],[132.451633,34.286939],[132.451958,34.287005],[132.453633,34.287022],[132.454233,34.287064],[132.456658,34.287122],[132.457083,34.287189],[132.457408,34.287189],[132.457983,34.286989],[132.45847,34.287164],[132.459232,34.287364],[132.460107,34.287939],[132.460482,34.288005],[132.46097,34.28778],[132.461432,34.287714],[132.461507,34.287555],[132.462195,34.287489],[132.462245,34.287439],[132.462545,34.287439],[132.463795,34.287505],[132.46412,34.287639],[132.46437,34.287614],[132.464607,34.287364],[132.465282,34.287272],[132.465882,34.287314],[132.466482,34.287222],[132.466644,34.287247],[132.467207,34.287222],[132.467594,34.28708],[132.468107,34.287039],[132.468432,34.287055],[132.469057,34.286872],[132.469544,34.287006],[132.469919,34.287006],[132.470219,34.286939],[132.470744,34.287097],[132.470819,34.287089],[132.471444,34.286981],[132.471581,34.286914],[132.471706,34.286706],[132.471819,34.286081],[132.471781,34.285831],[132.471844,34.285447],[132.472431,34.284972],[132.472819,34.285039],[132.473319,34.284298],[132.473456,34.284189],[132.473806,34.283623],[132.474056,34.283531],[132.474381,34.283506],[132.474781,34.283573],[132.475494,34.283773],[132.475194,34.284423],[132.475419,34.284539],[132.475656,34.284606],[132.475794,34.284514],[132.476069,34.284106],[132.476444,34.284148],[132.477781,34.284598],[132.477806,34.284931],[132.478981,34.285422],[132.479281,34.285489],[132.479706,34.285147],[132.479956,34.284898],[132.480118,34.284856],[132.480281,34.285014],[132.480493,34.285306],[132.480581,34.285597],[132.480993,34.286739],[132.481056,34.286989],[132.480781,34.287522],[132.480568,34.287681],[132.480543,34.287797],[132.480656,34.288022],[132.481056,34.288064],[132.481118,34.288289],[132.480868,34.288897],[132.480606,34.288897],[132.480443,34.289214],[132.480393,34.28948],[132.480206,34.289639],[132.480043,34.289905],[132.479881,34.290497],[132.479918,34.291013],[132.479781,34.291147],[132.479506,34.291238],[132.479231,34.29128],[132.479181,34.291397],[132.479156,34.291713],[132.479243,34.29198],[132.479381,34.292155],[132.479381,34.292497],[132.479468,34.293013],[132.479443,34.293238],[132.479493,34.293572],[132.479443,34.293797],[132.479281,34.293996],[132.478956,34.294271],[132.478718,34.294313],[132.478118,34.293938],[132.477793,34.293871],[132.477681,34.29398],[132.477656,34.294546],[132.477543,34.294655],[132.477518,34.294796],[132.478231,34.294971],[132.478393,34.29513],[132.478393,34.295355],[132.478343,34.295396],[132.478156,34.29578],[132.478081,34.296046],[132.478131,34.296163],[132.478506,34.29623],[132.478731,34.296205],[132.478868,34.296113],[132.479331,34.296221],[132.479381,34.296338],[132.479681,34.296513],[132.479868,34.29593],[132.479918,34.295521],[132.479756,34.295188],[132.479918,34.295005],[132.480181,34.294805],[132.480206,34.294646],[132.480156,34.294446],[132.480256,34.294196],[132.480531,34.294021],[132.480831,34.29388],[132.481043,34.293613],[132.481206,34.293322],[132.481231,34.293163],[132.481143,34.293113],[132.480818,34.293205],[132.480693,34.293163],[132.480443,34.292805],[132.480268,34.29213],[132.480381,34.292022],[132.480431,34.291772],[132.480518,34.291638],[132.480806,34.29143],[132.481106,34.291072],[132.481268,34.29078],[132.481318,34.290514],[132.481618,34.289564],[132.481993,34.28898],[132.482281,34.288214],[132.482443,34.288239],[132.482443,34.288264],[132.482906,34.288031],[132.482906,34.287947],[132.483068,34.287697],[132.483518,34.287272],[132.483956,34.287089],[132.484368,34.286997],[132.484693,34.286881],[132.484718,34.286814],[132.485393,34.286247],[132.48608,34.284589],[132.486243,34.284498],[132.486655,34.284381],[132.486893,34.284248],[132.487355,34.283681],[132.487655,34.283681],[132.488355,34.283789],[132.488768,34.283881],[132.489005,34.283789],[132.489355,34.283564],[132.489518,34.28334],[132.489568,34.282731],[132.48948,34.282348],[132.489318,34.28199],[132.48913,34.281698],[132.489505,34.281365],[132.489918,34.281248],[132.489993,34.281273],[132.490155,34.281065],[132.490593,34.280798],[132.490968,34.280682],[132.49108,34.280682],[132.49143,34.281148],[132.491618,34.281131],[132.491643,34.280948],[132.491455,34.280815],[132.491343,34.280632],[132.49118,34.280323],[132.491155,34.280032],[132.491318,34.279623],[132.492068,34.278832],[132.49258,34.278473],[132.49358,34.277574],[132.493955,34.277074],[132.494118,34.276582],[132.494005,34.276132],[132.49403,34.27604],[132.494268,34.275749],[132.494805,34.275166],[132.495192,34.274849],[132.496367,34.273724],[132.496617,34.273383],[132.49658,34.273091],[132.496342,34.272841],[132.49618,34.272758],[132.496367,34.272308],[132.49658,34.272241],[132.496767,34.271791],[132.49668,34.271516],[132.496867,34.271024],[132.496992,34.270033],[132.49708,34.269808],[132.49738,34.269516],[132.497489,34.269522],[132.497717,34.26935],[132.497992,34.268916],[132.498167,34.268783],[132.49843,34.268758],[132.49863,34.268691],[132.49868,34.2686],[132.498567,34.268425],[132.498567,34.268217],[132.498905,34.267767],[132.498955,34.267542],[132.49893,34.267183],[132.498792,34.266892],[132.498517,34.266575],[132.498517,34.266417],[132.49863,34.2661],[132.498517,34.265942],[132.498267,34.265809],[132.49808,34.265584],[132.49808,34.265292],[132.497992,34.264867],[132.497892,34.264709],[132.49783,34.264684],[132.49778,34.264592],[132.49758,34.264484],[132.497417,34.264309],[132.49723,34.264059],[132.49708,34.263342],[132.497117,34.263275],[132.497305,34.263159],[132.49733,34.263026],[132.497005,34.262801],[132.496342,34.262242],[132.496455,34.262201],[132.496342,34.262084],[132.496155,34.261792],[132.495955,34.261592],[132.49568,34.261234],[132.495717,34.261059],[132.496192,34.260492],[132.496217,34.260317],[132.496355,34.259934],[132.496442,34.259934],[132.496467,34.259818],[132.496355,34.259751],[132.49633,34.259526],[132.496355,34.259393],[132.496517,34.259343],[132.496617,34.259051],[132.496692,34.258468],[132.496667,34.258109],[132.496555,34.257818],[132.49628,34.257418],[132.496005,34.257168],[132.496167,34.257035],[132.496142,34.256901],[132.496067,34.25681],[132.495867,34.256051],[132.49583,34.255668],[132.495642,34.255601],[132.495692,34.255393],[132.495642,34.254635],[132.49553,34.253893],[132.495417,34.253602],[132.495217,34.25326],[132.494967,34.253077],[132.495105,34.252852],[132.495105,34.252785],[132.494805,34.252435],[132.494655,34.252352],[132.49458,34.252252],[132.494493,34.252177],[132.494405,34.252285],[132.49423,34.252277],[132.49368,34.252068],[132.49348,34.252043],[132.49318,34.252318],[132.492968,34.252135],[132.49318,34.25191],[132.49258,34.251302],[132.492993,34.251119],[132.492743,34.250627],[132.492793,34.250577],[132.492718,34.25051],[132.492443,34.250494],[132.492305,34.250402],[132.492468,34.250285],[132.492218,34.24986],[132.491968,34.249902],[132.49188,34.249769],[132.491068,34.250085],[132.49073,34.249727],[132.49123,34.249252],[132.491443,34.249185],[132.491605,34.249319],[132.491993,34.249252],[132.49193,34.248744],[132.492055,34.248719],[132.49213,34.248552],[132.491955,34.248486],[132.491768,34.248527],[132.49158,34.248552],[132.49148,34.248444],[132.491355,34.248286],[132.491268,34.248211],[132.491193,34.248136],[132.491118,34.248161],[132.490993,34.248194],[132.490993,34.248111],[132.491193,34.247977],[132.491193,34.247877],[132.49108,34.247727],[132.490905,34.247694],[132.49093,34.247377],[132.491068,34.246961],[132.49113,34.246877],[132.491318,34.246827],[132.491405,34.246686],[132.491393,34.246611],[132.491605,34.246594],[132.491818,34.246202],[132.491843,34.246136],[132.492093,34.246136],[132.49238,34.246144],[132.492493,34.246169],[132.492605,34.245853],[132.49303,34.245894],[132.493093,34.245744],[132.493205,34.245328],[132.493255,34.244919],[132.493255,34.244836],[132.493193,34.244686],[132.493105,34.244478],[132.493043,34.244311],[132.492643,34.244269],[132.492068,34.244186],[132.492505,34.243261],[132.493118,34.243395],[132.493443,34.243645],[132.493943,34.243395],[132.493905,34.243078],[132.493718,34.24297],[132.494268,34.241503],[132.494543,34.241386],[132.49523,34.241503],[132.495692,34.241553],[132.495767,34.241636],[132.49598,34.241761],[132.496267,34.241936],[132.497305,34.242245],[132.497355,34.242178],[132.49738,34.242086],[132.49733,34.241962],[132.497292,34.241887],[132.497205,34.241762],[132.496542,34.240645],[132.49633,34.240237],[132.496217,34.239812],[132.496542,34.239445],[132.496542,34.239337],[132.496405,34.239087],[132.496242,34.238687],[132.496017,34.238279],[132.495742,34.238145],[132.495742,34.23767],[132.49553,34.23767],[132.495392,34.23812],[132.494943,34.23837],[132.493705,34.237495],[132.49363,34.237129],[132.49373,34.237062],[132.493493,34.236479],[132.493593,34.236229],[132.493593,34.23607],[132.49343,34.235912],[132.493518,34.235446],[132.493593,34.235221],[132.49398,34.235079],[132.494505,34.234971],[132.495268,34.234721],[132.495355,34.234137],[132.495493,34.233687],[132.495742,34.233454],[132.495742,34.233279],[132.495842,34.232921],[132.495817,34.232763],[132.495867,34.232288],[132.495767,34.231996],[132.495705,34.231971],[132.49563,34.231863],[132.495155,34.231588],[132.49508,34.231563],[132.49488,34.231429],[132.494693,34.231388],[132.494105,34.231096],[132.493968,34.230979],[132.493555,34.230871],[132.49328,34.230963],[132.49323,34.231071],[132.492705,34.230596],[132.493043,34.230371],[132.492493,34.229721],[132.49163,34.230221],[132.491555,34.230079],[132.49208,34.229696],[132.492255,34.229496],[132.49248,34.229255],[132.491718,34.228346],[132.49168,34.228146],[132.491618,34.227696],[132.49153,34.227296],[132.49143,34.226963],[132.491355,34.226713],[132.491343,34.226297],[132.49128,34.225922],[132.49128,34.22558],[132.49123,34.225238],[132.49118,34.224922],[132.491218,34.224788],[132.491243,34.224697],[132.491318,34.223822],[132.491493,34.223772],[132.49143,34.223622],[132.49118,34.223572],[132.49113,34.223347],[132.491318,34.22328],[132.491243,34.222922],[132.491018,34.222872],[132.490993,34.222647],[132.490556,34.221839],[132.490443,34.221547],[132.490581,34.221297],[132.489781,34.219881],[132.489343,34.219681],[132.489206,34.219456],[132.489393,34.218531],[132.489693,34.218481],[132.489556,34.217939],[132.489306,34.217964],[132.489331,34.217873],[132.489468,34.217831],[132.489531,34.217764],[132.489806,34.216656],[132.489718,34.215981],[132.489743,34.215914],[132.489693,34.21544],[132.489331,34.214606],[132.489443,34.214223],[132.489493,34.21389],[132.489306,34.213573],[132.489131,34.213215],[132.489056,34.212698],[132.489406,34.212648],[132.489406,34.212398],[132.489056,34.212398],[132.489018,34.211815],[132.489381,34.211773],[132.489331,34.211548],[132.489131,34.211565],[132.489293,34.210873],[132.489518,34.210823],[132.489456,34.210623],[132.489356,34.210623],[132.489268,34.210015],[132.489431,34.209965],[132.489381,34.20979],[132.489181,34.20979],[132.489018,34.20929],[132.489068,34.209157],[132.489381,34.20909],[132.489406,34.20884],[132.489406,34.208032],[132.489293,34.207757],[132.489568,34.20729],[132.489681,34.206924],[132.489956,34.206882],[132.489918,34.206632],[132.489806,34.206524],[132.489668,34.206141],[132.489668,34.206049],[132.489618,34.205982],[132.489643,34.205507],[132.489981,34.204982],[132.489994,34.204191],[132.490169,34.204082],[132.489806,34.202366],[132.489456,34.202416],[132.489369,34.202208],[132.489056,34.202224],[132.488944,34.202041],[132.488794,34.201808],[132.488644,34.201599],[132.488444,34.201341],[132.488356,34.201308],[132.487994,34.201274],[132.487569,34.201283],[132.487169,34.201349],[132.487081,34.201283],[132.486444,34.200258],[132.486169,34.199833],[132.486069,34.199791],[132.485432,34.200041],[132.485519,34.200191],[132.485682,34.200124],[132.485819,34.200333],[132.485594,34.200466],[132.485132,34.200691],[132.484969,34.200716],[132.484469,34.200649],[132.484282,34.200533],[132.483369,34.200108],[132.482794,34.199766],[132.482269,34.199366],[132.481445,34.198016],[132.480257,34.196058],[132.48007,34.195558],[132.480095,34.195517],[132.479982,34.194883],[132.480007,34.194767],[132.479957,34.1943],[132.47957,34.192875],[132.479545,34.192384],[132.47957,34.192067],[132.479545,34.192042],[132.47957,34.192025],[132.479507,34.191884],[132.479432,34.191884],[132.479245,34.192117],[132.47897,34.192609],[132.47872,34.19295],[132.478582,34.193083],[132.478382,34.19335],[132.478145,34.19385],[132.477433,34.195],[132.477158,34.194975],[132.477095,34.195042],[132.47682,34.195358],[132.476308,34.195517],[132.475508,34.195583],[132.475458,34.195791],[132.474958,34.196641],[132.47482,34.197091],[132.47507,34.197975],[132.474983,34.198041],[132.47452,34.198808],[132.474195,34.200274],[132.473895,34.201782],[132.473782,34.203066],[132.473845,34.203741],[132.474095,34.205232],[132.474145,34.206307],[132.47407,34.206582],[132.473357,34.207707],[132.472995,34.208182],[132.473157,34.208157],[132.474007,34.208357],[132.474395,34.20854],[132.474457,34.208657],[132.474482,34.209148],[132.474757,34.211448],[132.474807,34.211715],[132.474782,34.211898],[132.47457,34.212506],[132.474595,34.212706],[132.474782,34.213248],[132.474957,34.214331],[132.47507,34.214531],[132.475394,34.214889],[132.475807,34.215273],[132.476219,34.215931],[132.476357,34.216556],[132.476444,34.217281],[132.476419,34.217681],[132.476582,34.218089],[132.476694,34.218156],[132.476669,34.218431],[132.476494,34.21863],[132.476419,34.219172],[132.476469,34.219889],[132.476582,34.220522],[132.476857,34.220905],[132.477219,34.221222],[132.477382,34.221447],[132.477582,34.222005],[132.478069,34.22273],[132.478132,34.223063],[132.478269,34.223405],[132.478519,34.223855],[132.478294,34.223922],[132.478569,34.224621],[132.478569,34.224713],[132.478869,34.224821],[132.479006,34.225338],[132.479069,34.225413],[132.479119,34.225838],[132.479206,34.226221],[132.479456,34.226763],[132.479531,34.22703],[132.479431,34.227571],[132.479456,34.227979],[132.479781,34.228021],[132.479256,34.228204],[132.479044,34.229079],[132.479456,34.229079],[132.479369,34.230521],[132.479569,34.230679],[132.479481,34.231287],[132.479519,34.232304],[132.479381,34.232437],[132.477994,34.232329],[132.477769,34.232837],[132.476957,34.234895],[132.478194,34.235228],[132.478094,34.235412],[132.477182,34.237528],[132.476219,34.237287],[132.476169,34.237578],[132.475119,34.237895],[132.474932,34.238003],[132.474194,34.238611],[132.472819,34.240911],[132.472932,34.242044],[132.472844,34.242111],[132.471144,34.244361],[132.470982,34.244519],[132.470207,34.244744],[132.46892,34.246527],[132.468145,34.24666],[132.46807,34.246419],[132.467457,34.246194],[132.46732,34.246285],[132.466607,34.246102],[132.466395,34.246285],[132.466532,34.246552],[132.466395,34.246685],[132.466145,34.246552],[132.465732,34.246985],[132.46587,34.247093],[132.465707,34.247227],[132.465395,34.24721],[132.465407,34.24791],[132.465132,34.248268],[132.46532,34.248402],[132.46562,34.248043],[132.46582,34.248127],[132.46582,34.248177],[132.46562,34.248443],[132.465345,34.248693],[132.465232,34.248785],[132.46492,34.24866],[132.464195,34.249293],[132.463995,34.249118],[132.463483,34.249376],[132.463683,34.24961],[132.463045,34.250068],[132.462695,34.24986],[132.46187,34.250518],[132.462233,34.250801],[132.462058,34.250968],[132.461708,34.250818],[132.460658,34.251884],[132.460958,34.252093],[132.460595,34.252593],[132.460333,34.252468],[132.459783,34.252884],[132.459945,34.253001],[132.45972,34.253226],[132.459833,34.253259],[132.459458,34.253584],[132.459183,34.253451],[132.459045,34.253451],[132.458783,34.253609],[132.457271,34.254651],[132.456971,34.255167],[132.456871,34.255167],[132.456546,34.255659],[132.456108,34.256492],[132.455983,34.256676],[132.454808,34.256276],[132.454758,34.256142],[132.454671,34.256101],[132.454571,34.256167],[132.454508,34.256142],[132.453833,34.255917],[132.453721,34.255967],[132.452828,34.257382],[132.450196,34.259355],[132.446906,34.261459],[132.444034,34.262941]]],"type":"Polygon"},"properties":{"pref":"広島県","kuni_id":"K54","yomi":"あき","name":"安芸","id":"G54002","kuni":"安芸","id_url":"G54002.html","kuni_url":"/kg/resource/K54.html"},"type":"Feature"},{"type":"Feature","properties":{"pref":"広島県","kuni_id":"K54","yomi":"あき","name":"安芸","id":"G54002","kuni":"安芸","id_url":"G54002.html","kuni_url":"/kg/resource/K54.html"},"geometry":{"coordinates":[[[132.753935,34.163718],[132.75361,34.163718],[132.752498,34.16406],[132.75236,34.163943],[132.752173,34.163543],[132.75171,34.162935],[132.75161,34.162843],[132.75141,34.162752],[132.75131,34.162777],[132.751123,34.163018],[132.75071,34.163227],[132.750335,34.163177],[132.749548,34.162818],[132.74916,34.162685],[132.749023,34.162552],[132.748973,34.16201],[132.748648,34.161893],[132.748373,34.161852],[132.748186,34.162102],[132.747748,34.162368],[132.747431,34.162336],[132.747448,34.16246],[132.747298,34.162585],[132.745798,34.163168],[132.744798,34.16351],[132.743111,34.163935],[132.742686,34.164018],[132.742123,34.163977],[132.741524,34.163843],[132.741399,34.163593],[132.741611,34.163285],[132.741574,34.163002],[132.741136,34.16271],[132.740886,34.162652],[132.740036,34.162093],[132.739411,34.16181],[132.739361,34.161702],[132.739561,34.16136],[132.739661,34.161118],[132.739674,34.16051],[132.739624,34.160327],[132.739411,34.159985],[132.739336,34.159727],[132.739399,34.15971],[132.739536,34.159535],[132.739586,34.158952],[132.739287,34.158185],[132.738987,34.157835],[132.738762,34.15776],[132.738587,34.157794],[132.738349,34.158085],[132.738224,34.158435],[132.738187,34.158735],[132.737762,34.159102],[132.737674,34.159219],[132.737174,34.159577],[132.737024,34.159552],[132.736712,34.159293],[132.736462,34.159219],[132.735662,34.159243],[132.735324,34.159552],[132.735262,34.159835],[132.735499,34.160202],[132.735587,34.160602],[132.735437,34.16121],[132.735537,34.161343],[132.735899,34.161452],[132.736674,34.16156],[132.736799,34.161527],[132.737024,34.161377],[132.737311,34.161368],[132.737461,34.161443],[132.737711,34.161902],[132.738286,34.16271],[132.738636,34.163127],[132.738924,34.162927],[132.739174,34.162885],[132.739324,34.162918],[132.739574,34.163143],[132.739561,34.163893],[132.739761,34.164068],[132.740086,34.164135],[132.740211,34.164201],[132.740461,34.164426],[132.740686,34.164735],[132.740973,34.16501],[132.741173,34.165276],[132.741373,34.165451],[132.741673,34.165635],[132.742111,34.165735],[132.742198,34.165985],[132.742161,34.16606],[132.741998,34.166176],[132.741973,34.16631],[132.742086,34.166626],[132.742448,34.167076],[132.742661,34.167193],[132.742961,34.167235],[132.743236,34.167201],[132.743411,34.167268],[132.743498,34.167343],[132.743586,34.167651],[132.743586,34.167801],[132.743261,34.168443],[132.742661,34.169184],[132.742336,34.169509],[132.741986,34.169768],[132.741936,34.169843],[132.741861,34.169943],[132.741261,34.170526],[132.740573,34.171267],[132.740573,34.171626],[132.739898,34.172326],[132.739236,34.172934],[132.738773,34.173226],[132.738523,34.173334],[132.738336,34.173359],[132.737498,34.173309],[132.737386,34.173259],[132.736798,34.172784],[132.736411,34.172742],[132.735323,34.172759],[132.735061,34.172734],[132.734899,34.172642],[132.733599,34.172551],[132.733436,34.172501],[132.733099,34.172526],[132.732861,34.172567],[132.732286,34.172501],[132.731861,34.172542],[132.731749,34.172676],[132.731336,34.172701],[132.731224,34.172676],[132.730799,34.172809],[132.730336,34.172825],[132.729361,34.172667],[132.728949,34.172642],[132.728462,34.172709],[132.728024,34.172725],[132.727162,34.172684],[132.726049,34.172559],[132.725524,34.172467],[132.724874,34.172267],[132.724799,34.172109],[132.724912,34.171859],[132.724962,34.171817],[132.725187,34.171742],[132.725124,34.171409],[132.724887,34.171092],[132.724674,34.170934],[132.724324,34.170884],[132.724025,34.170751],[132.7237,34.170342],[132.723512,34.170159],[132.72335,34.169942],[132.72335,34.169917],[132.723087,34.169442],[132.722712,34.169217],[132.7225,34.169226],[132.722025,34.169451],[132.7219,34.169551],[132.7217,34.169876],[132.721712,34.169942],[132.721662,34.169992],[132.7212,34.170109],[132.721087,34.170376],[132.721062,34.170601],[132.721112,34.170876],[132.72135,34.171417],[132.721162,34.171592],[132.720725,34.171867],[132.7204,34.171884],[132.720262,34.171859],[132.71965,34.171675],[132.71935,34.171659],[132.719075,34.171742],[132.718387,34.17235],[132.7179,34.172375],[132.717738,34.172325],[132.717488,34.17255],[132.717413,34.1728],[132.717488,34.173067],[132.7173,34.173275],[132.716925,34.173134],[132.7167,34.172867],[132.716563,34.173134],[132.716588,34.173475],[132.71665,34.173542],[132.71635,34.1739],[132.716288,34.1741],[132.716238,34.174125],[132.716038,34.174508],[132.716013,34.174958],[132.716038,34.175658],[132.7159,34.175933],[132.7156,34.1764],[132.7157,34.176542],[132.715863,34.176608],[132.716025,34.176742],[132.715975,34.17735],[132.71575,34.177825],[132.71575,34.178275],[132.715587,34.178525],[132.715362,34.179425],[132.715137,34.179633],[132.714125,34.180391],[132.713613,34.180683],[132.712738,34.181091],[132.712363,34.181224],[132.712113,34.181066],[132.711663,34.180816],[132.7106,34.180783],[132.709975,34.180824],[132.709513,34.180824],[132.709051,34.180783],[132.708676,34.180691],[132.708238,34.180524],[132.707151,34.180249],[132.705776,34.179816],[132.705201,34.179499],[132.704776,34.179341],[132.704314,34.179224],[132.703739,34.179199],[132.702414,34.179241],[132.701701,34.179308],[132.700539,34.179733],[132.699714,34.180132],[132.699252,34.180307],[132.698739,34.180466],[132.697652,34.180666],[132.697027,34.180732],[132.696339,34.180882],[132.696077,34.181041],[132.695689,34.181716],[132.695302,34.182057],[132.694464,34.18239],[132.694239,34.182524],[132.693939,34.182865],[132.69354,34.183132],[132.69329,34.183399],[132.693127,34.183515],[132.69299,34.183557],[132.691927,34.183732],[132.691027,34.183799],[132.68994,34.183974],[132.689352,34.183774],[132.688802,34.183749],[132.688477,34.183357],[132.688103,34.18309],[132.687615,34.18284],[132.687153,34.182724],[132.68629,34.182649],[132.685878,34.18254],[132.68574,34.183124],[132.685928,34.18364],[132.685928,34.18389],[132.68609,34.184073],[132.686528,34.184348],[132.686215,34.185248],[132.68624,34.185898],[132.686353,34.186265],[132.686565,34.186648],[132.686853,34.186873],[132.687565,34.187265],[132.68829,34.187306],[132.688477,34.187623],[132.688615,34.18799],[132.68859,34.188123],[132.688615,34.188148],[132.688315,34.188148],[132.68799,34.18819],[132.687915,34.18774],[132.687852,34.187756],[132.687665,34.187756],[132.687615,34.187731],[132.687827,34.188415],[132.687465,34.188815],[132.68769,34.188956],[132.68779,34.189315],[132.688377,34.190331],[132.688327,34.191348],[132.688215,34.191639],[132.688152,34.192073],[132.688377,34.192098],[132.688377,34.192181],[132.68829,34.192231],[132.687602,34.192789],[132.68714,34.194481],[132.686915,34.194839],[132.686615,34.194956],[132.68629,34.195131],[132.68624,34.195197],[132.686127,34.195539],[132.686127,34.195655],[132.686227,34.195947],[132.686527,34.196397],[132.686852,34.196514],[132.687665,34.196447],[132.688315,34.196339],[132.688702,34.196297],[132.68924,34.196389],[132.689677,34.196614],[132.690264,34.197247],[132.690702,34.197947],[132.690914,34.19858],[132.691014,34.199039],[132.691314,34.199438],[132.691664,34.199738],[132.692364,34.200438],[132.693089,34.201455],[132.693414,34.201688],[132.694014,34.201805],[132.695226,34.201938],[132.696389,34.202555],[132.697076,34.202713],[132.697726,34.202988],[132.698563,34.203713],[132.698726,34.203963],[132.698688,34.204188],[132.698963,34.204213],[132.699051,34.20408],[132.700213,34.20433],[132.700563,34.20433],[132.701213,34.204196],[132.702001,34.20393],[132.702551,34.204022],[132.703638,34.204346],[132.704263,34.20428],[132.70445,34.204147],[132.70475,34.204038],[132.705125,34.204013],[132.706275,34.203788],[132.7067,34.203747],[132.707188,34.203797],[132.708012,34.204072],[132.708487,34.204297],[132.708987,34.204455],[132.709437,34.204505],[132.709962,34.204488],[132.711125,34.204288],[132.711562,34.204088],[132.71255,34.203455],[132.7132,34.20283],[132.713612,34.202514],[132.714349,34.202022],[132.715349,34.201414],[132.715787,34.20108],[132.716249,34.200872],[132.716524,34.200647],[132.716849,34.200581],[132.717749,34.199931],[132.718087,34.199572],[132.718412,34.199347],[132.719287,34.198048],[132.719861,34.197681],[132.720186,34.197531],[132.720349,34.197798],[132.720786,34.197598],[132.720624,34.197373],[132.721024,34.197031],[132.721786,34.197289],[132.721949,34.197223],[132.722036,34.197106],[132.722011,34.197081],[132.723086,34.197356],[132.723636,34.197564],[132.723299,34.198531],[132.723249,34.199073],[132.723261,34.199597],[132.724211,34.200047],[132.724736,34.200164],[132.725323,34.200097],[132.725848,34.199739],[132.727411,34.197873],[132.727836,34.197539],[132.728336,34.197315],[132.728686,34.197223],[132.729198,34.197223],[132.730073,34.197165],[132.73051,34.197206],[132.730798,34.197281],[132.73276,34.196923],[132.733085,34.19699],[132.733498,34.197173],[132.733848,34.197223],[132.734123,34.197115],[132.734448,34.197048],[132.73461,34.197131],[132.734985,34.196915],[132.736185,34.19624],[132.73621,34.196015],[132.73641,34.195832],[132.736672,34.19579],[132.736922,34.195882],[132.737085,34.19599],[132.73681,34.196215],[132.736835,34.196373],[132.737185,34.196465],[132.73751,34.196473],[132.737547,34.196398],[132.738035,34.196315],[132.73806,34.196223],[132.738197,34.196157],[132.73926,34.195957],[132.73956,34.195957],[132.739985,34.196073],[132.740122,34.196073],[132.740472,34.19594],[132.740697,34.195648],[132.740835,34.195607],[132.74086,34.195623],[132.741185,34.195448],[132.74116,34.195357],[132.741297,34.195198],[132.742247,34.194498],[132.742684,34.194124],[132.743647,34.193515],[132.744709,34.192957],[132.745547,34.193157],[132.745984,34.193207],[132.746897,34.193124],[132.74743,34.19299],[132.747534,34.19304],[132.747909,34.192999],[132.749159,34.193507],[132.750084,34.194032],[132.750546,34.194149],[132.751459,34.194224],[132.751859,34.194207],[132.752159,34.19414],[132.752508,34.194115],[132.752783,34.194165],[132.753083,34.194482],[132.753258,34.194549],[132.753483,34.194349],[132.753658,34.194307],[132.753708,34.194307],[132.753783,34.19444],[132.754083,34.194557],[132.754233,34.194532],[132.754358,34.194465],[132.754433,34.194224],[132.754583,34.194107],[132.754983,34.193957],[132.756096,34.193557],[132.756471,34.193491],[132.756996,34.193582],[132.757146,34.193566],[132.757696,34.193274],[132.758258,34.193191],[132.758333,34.193191],[132.758483,34.193074],[132.759233,34.192199],[132.75947,34.191982],[132.75967,34.191549],[132.759808,34.190716],[132.759808,34.190541],[132.759658,34.190266],[132.759208,34.189741],[132.758946,34.188791],[132.758871,34.188275],[132.758783,34.188091],[132.758458,34.18775],[132.758358,34.187525],[132.758208,34.187366],[132.757358,34.186733],[132.757208,34.186775],[132.756833,34.18695],[132.756383,34.187083],[132.756471,34.186158],[132.756521,34.186108],[132.756683,34.1861],[132.756821,34.186133],[132.757058,34.186108],[132.757033,34.18595],[132.756971,34.185816],[132.756821,34.1857],[132.756708,34.185491],[132.756646,34.185366],[132.756546,34.185283],[132.756471,34.185141],[132.756146,34.18505],[132.755921,34.184916],[132.755809,34.184775],[132.755734,34.184483],[132.755409,34.184117],[132.755359,34.183942],[132.754621,34.182875],[132.754396,34.182667],[132.754221,34.182575],[132.754121,34.182308],[132.754221,34.181967],[132.754596,34.182558],[132.754671,34.182625],[132.754721,34.18265],[132.756571,34.181017],[132.755971,34.180534],[132.756121,34.1804],[132.757271,34.180934],[132.757496,34.181134],[132.757634,34.181425],[132.757509,34.18165],[132.757509,34.181792],[132.758133,34.182083],[132.758508,34.182183],[132.758733,34.1822],[132.759008,34.18205],[132.759283,34.181959],[132.759908,34.182059],[132.761108,34.182225],[132.761671,34.1822],[132.762596,34.1821],[132.762946,34.181984],[132.76357,34.1819],[132.764095,34.1819],[132.764595,34.182092],[132.76467,34.181792],[132.764645,34.181617],[132.764783,34.181325],[132.764858,34.181234],[132.764958,34.180875],[132.764783,34.180559],[132.76482,34.180034],[132.76497,34.179517],[132.76517,34.179317],[132.765295,34.179092],[132.765433,34.178617],[132.765546,34.177451],[132.765421,34.176926],[132.765021,34.176359],[132.764408,34.175159],[132.764146,34.174659],[132.763946,34.174434],[132.763171,34.174001],[132.762921,34.173709],[132.762859,34.173093],[132.762759,34.172893],[132.762534,34.17276],[132.761459,34.172568],[132.761109,34.172501],[132.760859,34.172176],[132.760534,34.172043],[132.760409,34.172018],[132.760184,34.171926],[132.760234,34.171743],[132.760446,34.171385],[132.760496,34.17121],[132.760271,34.170935],[132.759872,34.170118],[132.759934,34.169943],[132.759584,34.169601],[132.759584,34.169418],[132.759672,34.169193],[132.759672,34.168901],[132.759609,34.16861],[132.759722,34.168335],[132.759722,34.168043],[132.759609,34.167727],[132.759209,34.16766],[132.758934,34.167277],[132.758522,34.167185],[132.757847,34.167168],[132.757634,34.167035],[132.757222,34.166877],[132.756847,34.166827],[132.756547,34.166468],[132.75636,34.166352],[132.755835,34.166152],[132.755672,34.165977],[132.755347,34.165702],[132.75516,34.165593],[132.75511,34.165185],[132.755085,34.164827],[132.754922,34.164535],[132.75486,34.164218],[132.754722,34.163943],[132.75421,34.16381],[132.753935,34.163718]]],"type":"Polygon"}},{"geometry":{"coordinates":[[[132.662718,34.169366],[132.662505,34.169433],[132.66238,34.169616],[132.662268,34.169891],[132.662205,34.170141],[132.662418,34.170566],[132.662555,34.171066],[132.662743,34.171499],[132.66293,34.171699],[132.66298,34.171974],[132.663168,34.172332],[132.663418,34.172491],[132.663793,34.172582],[132.663768,34.172741],[132.66343,34.173399],[132.663243,34.173624],[132.662293,34.174357],[132.661718,34.174724],[132.66158,34.174724],[132.661443,34.174674],[132.661005,34.17494],[132.661143,34.175099],[132.661093,34.175165],[132.660518,34.17544],[132.660355,34.175549],[132.659918,34.175749],[132.659318,34.175932],[132.658718,34.176174],[132.658343,34.17624],[132.658293,34.176015],[132.658093,34.175924],[132.657606,34.175765],[132.657418,34.175674],[132.657231,34.175715],[132.656881,34.176057],[132.656681,34.17619],[132.655768,34.175798],[132.655418,34.175482],[132.655356,34.175165],[132.655418,34.17454],[132.655481,34.174424],[132.654856,34.174357],[132.654631,34.174199],[132.654256,34.174057],[132.653931,34.173782],[132.653631,34.173674],[132.653181,34.173265],[132.652769,34.173149],[132.652469,34.173107],[132.652256,34.17299],[132.651931,34.172465],[132.651019,34.171607],[132.650806,34.171041],[132.650694,34.170724],[132.650481,34.170657],[132.650256,34.170724],[132.650019,34.170749],[132.649444,34.170949],[132.649169,34.170899],[132.649006,34.170791],[132.648744,34.170716],[132.648419,34.170741],[132.648007,34.170715],[132.647819,34.170666],[132.647432,34.170649],[132.647032,34.170757],[132.646507,34.171024],[132.645807,34.171065],[132.644994,34.170974],[132.644719,34.170974],[132.644669,34.171015],[132.644344,34.171065],[132.644419,34.171357],[132.644657,34.171874],[132.644569,34.172624],[132.644682,34.172982],[132.644782,34.17314],[132.645057,34.173415],[132.645169,34.173457],[132.645494,34.173732],[132.645969,34.17454],[132.646719,34.176015],[132.646932,34.176373],[132.647119,34.176781],[132.647044,34.177415],[132.647257,34.17789],[132.647544,34.178548],[132.647594,34.178723],[132.648656,34.179948],[132.648731,34.180331],[132.648756,34.180939],[132.648719,34.181306],[132.648581,34.181756],[132.648581,34.181914],[132.648219,34.183381],[132.648169,34.183856],[132.648319,34.184306],[132.648506,34.184664],[132.648644,34.18503],[132.648694,34.185414],[132.648531,34.18543],[132.648531,34.186022],[132.648606,34.186472],[132.648581,34.18658],[132.648656,34.186697],[132.648881,34.186764],[132.649231,34.186789],[132.649331,34.186972],[132.649544,34.187855],[132.649819,34.188105],[132.650331,34.188847],[132.650519,34.189188],[132.650894,34.190138],[132.651344,34.190613],[132.651668,34.19093],[132.652243,34.19163],[132.653456,34.192588],[132.653693,34.192813],[132.653906,34.19308],[132.654093,34.193396],[132.654368,34.194413],[132.654493,34.194554],[132.654881,34.194596],[132.655181,34.194671],[132.655506,34.194779],[132.655768,34.195013],[132.655981,34.195438],[132.656093,34.196254],[132.656193,34.196454],[132.656443,34.196454],[132.65728,34.196146],[132.657605,34.196121],[132.65853,34.196263],[132.658618,34.196304],[132.659043,34.197013],[132.659318,34.197529],[132.659555,34.197688],[132.659905,34.197821],[132.660205,34.197779],[132.661218,34.196971],[132.661567,34.196746],[132.661867,34.196663],[132.662255,34.196613],[132.66263,34.196705],[132.66298,34.196871],[132.66363,34.197438],[132.66403,34.197546],[132.664167,34.197638],[132.664492,34.198021],[132.664542,34.198363],[132.664517,34.198721],[132.664405,34.199171],[132.664455,34.199379],[132.664617,34.199563],[132.664705,34.199604],[132.664942,34.199629],[132.667117,34.200338],[132.667442,34.200363],[132.667792,34.200113],[132.667929,34.199979],[132.668367,34.199329],[132.668554,34.199213],[132.668717,34.199238],[132.669129,34.199371],[132.669429,34.199538],[132.669642,34.199763],[132.669717,34.200096],[132.669692,34.200238],[132.669854,34.200413],[132.670091,34.200596],[132.670416,34.201454],[132.670516,34.202021],[132.67056,34.202199],[132.670629,34.202379],[132.670704,34.202612],[132.671679,34.203196],[132.672141,34.203154],[132.672504,34.203071],[132.672898,34.202956],[132.673161,34.202904],[132.673341,34.202921],[132.673627,34.202968],[132.673878,34.203071],[132.674024,34.203166],[132.674153,34.203121],[132.674316,34.202763],[132.674566,34.202554],[132.675078,34.202379],[132.675516,34.202446],[132.675816,34.202763],[132.676216,34.203104],[132.676566,34.203246],[132.676766,34.203221],[132.677116,34.203113],[132.677391,34.202904],[132.677528,34.202454],[132.677528,34.202096],[132.677366,34.201663],[132.676378,34.200146],[132.676266,34.199763],[132.676241,34.199496],[132.675966,34.19913],[132.675516,34.19863],[132.675303,34.198313],[132.675278,34.198072],[132.675004,34.197505],[132.675166,34.19728],[132.674791,34.196122],[132.674804,34.195922],[132.675979,34.194614],[132.676378,34.194255],[132.676716,34.193897],[132.676853,34.193897],[132.677516,34.194914],[132.677653,34.194989],[132.677978,34.195055],[132.678603,34.195664],[132.679253,34.19623],[132.679541,34.196397],[132.679928,34.196464],[132.680003,34.196439],[132.680141,34.196305],[132.680041,34.19608],[132.679766,34.195739],[132.679441,34.195447],[132.678641,34.194422],[132.678528,34.194155],[132.678778,34.19388],[132.679816,34.193056],[132.680091,34.192922],[132.680378,34.192989],[132.680466,34.192789],[132.681116,34.192831],[132.681178,34.192814],[132.681228,34.192972],[132.681503,34.192972],[132.68174,34.192856],[132.68174,34.192814],[132.682665,34.192614],[132.68294,34.192506],[132.683078,34.192164],[132.683078,34.192031],[132.682915,34.191939],[132.682915,34.191822],[132.682965,34.191822],[132.68314,34.191556],[132.683253,34.190881],[132.68319,34.190806],[132.683053,34.190764],[132.683065,34.190723],[132.683278,34.190423],[132.683878,34.189906],[132.68399,34.189981],[132.684178,34.189823],[132.68424,34.189456],[132.684103,34.189189],[132.684128,34.188873],[132.684265,34.188715],[132.684353,34.18869],[132.684428,34.188423],[132.684378,34.18804],[132.684215,34.187948],[132.68384,34.187448],[132.683703,34.187198],[132.683515,34.186973],[132.683878,34.186573],[132.68374,34.18639],[132.683228,34.185865],[132.682466,34.185865],[132.682353,34.185815],[132.682228,34.185323],[132.681978,34.185048],[132.681228,34.184665],[132.680878,34.184432],[132.679828,34.183032],[132.679153,34.181873],[132.679103,34.181807],[132.679128,34.181607],[132.679104,34.181265],[132.678966,34.18109],[132.678754,34.18039],[132.678679,34.179982],[132.678429,34.179757],[132.678091,34.178782],[132.677866,34.178665],[132.677541,34.178557],[132.677416,34.17839],[132.677004,34.178074],[132.676579,34.177874],[132.675979,34.176924],[132.675979,34.176857],[132.676179,34.176582],[132.676316,34.176291],[132.676454,34.175724],[132.676241,34.175591],[132.676154,34.175366],[132.676216,34.174982],[132.676104,34.174799],[132.675704,34.174574],[132.675541,34.174233],[132.675292,34.174049],[132.675129,34.174208],[132.674967,34.174258],[132.674404,34.173799],[132.674217,34.173616],[132.674242,34.173374],[132.674079,34.173033],[132.673967,34.172899],[132.673704,34.172716],[132.673404,34.172599],[132.673054,34.172641],[132.672829,34.172783],[132.672692,34.173049],[132.672554,34.173183],[132.671529,34.173316],[132.671142,34.173316],[132.671117,34.173291],[132.671042,34.173291],[132.670692,34.173108],[132.67033,34.172883],[132.669955,34.172566],[132.669505,34.171791],[132.669205,34.171616],[132.668742,34.171608],[132.66798,34.171266],[132.667717,34.171316],[132.66728,34.171108],[132.667192,34.171108],[132.666192,34.171599],[132.66578,34.171599],[132.665517,34.171549],[132.664593,34.171124],[132.664218,34.170849],[132.66408,34.170441],[132.663755,34.170324],[132.663543,34.170349],[132.66338,34.170299],[132.663293,34.170141],[132.663318,34.169899],[132.663043,34.169491],[132.662855,34.169374],[132.662718,34.169366]]],"type":"Polygon"},"properties":{"pref":"広島県","kuni_id":"K54","yomi":"あき","name":"安芸","id":"G54002","kuni":"安芸","id_url":"G54002.html","kuni_url":"/kg/resource/K54.html"},"type":"Feature"},{"properties":{"pref":"広島県","kuni_id":"K54","yomi":"あき","name":"安芸","id":"G54002","kuni":"安芸","id_url":"G54002.html","kuni_url":"/kg/resource/K54.html"},"geometry":{"coordinates":[[[132.494445,34.152222],[132.49397,34.15263],[132.49412,34.15283],[132.494107,34.153114],[132.493345,34.153472],[132.493145,34.153955],[132.493307,34.154647],[132.493432,34.15543],[132.493695,34.159321],[132.493282,34.159321],[132.492932,34.160371],[132.493195,34.160371],[132.49322,34.160596],[132.49302,34.160629],[132.49322,34.161079],[132.493432,34.161029],[132.493582,34.161121],[132.49352,34.161771],[132.493395,34.161787],[132.493657,34.162187],[132.493732,34.162204],[132.494195,34.163379],[132.494207,34.164554],[132.49407,34.164604],[132.49417,34.164845],[132.49402,34.164879],[132.49432,34.165587],[132.494495,34.165462],[132.495044,34.165879],[132.495069,34.166695],[132.495169,34.167295],[132.495094,34.16802],[132.494907,34.168112],[132.495244,34.168403],[132.495407,34.168795],[132.495207,34.168853],[132.495257,34.169195],[132.495532,34.16937],[132.495744,34.16992],[132.496019,34.169845],[132.496207,34.169936],[132.496294,34.170161],[132.496407,34.170111],[132.497457,34.171686],[132.497707,34.171828],[132.497582,34.172053],[132.497657,34.172144],[132.497782,34.172144],[132.497882,34.172036],[132.498207,34.172261],[132.498132,34.172353],[132.498406,34.172644],[132.498756,34.172469],[132.499019,34.173011],[132.498919,34.173369],[132.498669,34.173369],[132.498594,34.173486],[132.498569,34.173619],[132.498769,34.173753],[132.498944,34.173828],[132.498919,34.173978],[132.498819,34.174161],[132.498731,34.174386],[132.498656,34.174453],[132.498181,34.174336],[132.498006,34.174852],[132.498106,34.174994],[132.498356,34.175177],[132.498381,34.175261],[132.498294,34.175761],[132.498194,34.175802],[132.498856,34.177186],[132.498906,34.17721],[132.499081,34.177186],[132.499056,34.177302],[132.499306,34.177844],[132.499569,34.178635],[132.499769,34.178635],[132.499819,34.179135],[132.499669,34.179202],[132.500156,34.180535],[132.500281,34.180668],[132.500456,34.180668],[132.500531,34.180943],[132.500431,34.181035],[132.500419,34.18121],[132.500519,34.181527],[132.500644,34.181827],[132.501019,34.182368],[132.501069,34.182477],[132.501231,34.182685],[132.501831,34.183118],[132.501981,34.183701],[132.502318,34.184293],[132.502393,34.184518],[132.502393,34.185126],[132.502443,34.185335],[132.502568,34.185426],[132.502968,34.185493],[132.503981,34.185793],[132.505181,34.186101],[132.505281,34.18621],[132.505555,34.186801],[132.50558,34.187226],[132.505618,34.187793],[132.506143,34.187868],[132.506418,34.188093],[132.506843,34.188593],[132.507318,34.188818],[132.507718,34.188934],[132.508068,34.188959],[132.508493,34.189143],[132.508718,34.189326],[132.508893,34.189393],[132.509093,34.189401],[132.509268,34.189151],[132.509543,34.188993],[132.510018,34.188884],[132.510417,34.188818],[132.510742,34.188868],[132.511367,34.189143],[132.511692,34.189234],[132.512442,34.189493],[132.511955,34.190318],[132.512105,34.190409],[132.51308,34.190643],[132.513255,34.190826],[132.513605,34.191051],[132.513605,34.191009],[132.51348,34.190826],[132.51343,34.190626],[132.513492,34.190418],[132.513667,34.190218],[132.513792,34.190201],[132.514042,34.190243],[132.514055,34.190809],[132.514205,34.191468],[132.51418,34.191826],[132.514354,34.191943],[132.514579,34.191876],[132.515104,34.191834],[132.515579,34.191859],[132.515679,34.191609],[132.516104,34.191568],[132.516179,34.191476],[132.516429,34.191476],[132.516529,34.191551],[132.516504,34.191659],[132.516654,34.191709],[132.516929,34.191576],[132.517179,34.191709],[132.517179,34.191984],[132.517504,34.192143],[132.517529,34.192209],[132.517704,34.192259],[132.518179,34.192351],[132.518279,34.192351],[132.518454,34.192376],[132.518529,34.192576],[132.518504,34.192601],[132.518954,34.192901],[132.519029,34.193034],[132.520416,34.194218],[132.520691,34.194243],[132.520866,34.194509],[132.521066,34.194626],[132.521016,34.194759],[132.521116,34.194834],[132.521904,34.195243],[132.522254,34.195451],[132.523728,34.196767],[132.525416,34.198467],[132.525953,34.199059],[132.526453,34.199542],[132.526528,34.199767],[132.526916,34.200309],[132.527016,34.200309],[132.527228,34.200201],[132.527503,34.200201],[132.527678,34.200159],[132.527853,34.200026],[132.527878,34.199484],[132.528053,34.199209],[132.52909,34.198634],[132.529165,34.198542],[132.52919,34.198343],[132.529528,34.198143],[132.530578,34.198168],[132.530628,34.198326],[132.530978,34.198326],[132.531153,34.198193],[132.531453,34.198201],[132.531453,34.198334],[132.531878,34.198359],[132.531928,34.198226],[132.532228,34.198268],[132.533178,34.198659],[132.533078,34.198868],[132.533853,34.199184],[132.534028,34.198984],[132.535215,34.199534],[132.53564,34.199668],[132.536815,34.199993],[132.537202,34.200001],[132.537502,34.199934],[132.537802,34.199776],[132.538152,34.199376],[132.538227,34.199059],[132.53814,34.198718],[132.53764,34.198059],[132.53739,34.197543],[132.537177,34.19666],[132.53699,34.195143],[132.53684,34.194627],[132.536602,34.194193],[132.536327,34.193993],[132.535003,34.193418],[132.534528,34.193143],[132.533928,34.192618],[132.533615,34.192193],[132.53374,34.192077],[132.533715,34.191877],[132.533615,34.19156],[132.533465,34.191535],[132.533265,34.191418],[132.533253,34.190785],[132.533403,34.190652],[132.533378,34.190269],[132.533253,34.190177],[132.533315,34.18946],[132.533515,34.188877],[132.53359,34.188852],[132.53364,34.188627],[132.53359,34.188494],[132.533515,34.188469],[132.53354,34.188444],[132.53374,34.188494],[132.534703,34.187777],[132.534878,34.187819],[132.535228,34.187552],[132.535353,34.187577],[132.535615,34.187327],[132.535615,34.187261],[132.53549,34.187102],[132.53574,34.186902],[132.53609,34.186902],[132.53614,34.187019],[132.536665,34.187094],[132.536815,34.186961],[132.53754,34.187302],[132.53769,34.187344],[132.53779,34.187211],[132.538065,34.187277],[132.538365,34.187536],[132.53844,34.187777],[132.53894,34.188011],[132.53934,34.188102],[132.53964,34.188152],[132.54019,34.188202],[132.540665,34.188177],[132.541889,34.188011],[132.542164,34.187919],[132.542314,34.187811],[132.542414,34.187786],[132.542714,34.187853],[132.542852,34.187769],[132.542927,34.187636],[132.543177,34.187728],[132.543577,34.187994],[132.544064,34.188386],[132.544364,34.188478],[132.545164,34.188461],[132.545389,34.188528],[132.545664,34.188778],[132.546239,34.189436],[132.546489,34.189511],[132.546489,34.189686],[132.546914,34.189736],[132.547514,34.189586],[132.547739,34.189452],[132.547839,34.189153],[132.547876,34.188861],[132.548001,34.188094],[132.548101,34.187961],[132.548376,34.187853],[132.548739,34.187628],[132.549089,34.187544],[132.550039,34.187369],[132.551926,34.187178],[132.552351,34.187095],[132.552676,34.186728],[132.552701,34.186503],[132.552514,34.185403],[132.552389,34.18502],[132.552264,34.18477],[132.552026,34.184178],[132.551901,34.183345],[132.551914,34.182845],[132.551914,34.182012],[132.552101,34.181204],[132.552251,34.180795],[132.554338,34.17982],[132.556513,34.180462],[132.556663,34.18042],[132.556763,34.18022],[132.556626,34.179654],[132.556426,34.179204],[132.555951,34.178729],[132.555813,34.178521],[132.556013,34.178521],[132.556301,34.176088],[132.556476,34.176088],[132.556538,34.175796],[132.556388,34.175796],[132.556413,34.175438],[132.556313,34.175388],[132.555863,34.175296],[132.556038,34.174688],[132.556176,34.174055],[132.556276,34.173988],[132.556426,34.174038],[132.556651,34.174038],[132.556701,34.173613],[132.557363,34.172913],[132.557538,34.172896],[132.557863,34.172938],[132.558463,34.17308],[132.558513,34.173063],[132.558563,34.172563],[132.558476,34.172313],[132.558326,34.172088],[132.558151,34.171771],[132.557676,34.171138],[132.557526,34.170888],[132.557213,34.170522],[132.556963,34.170455],[132.556763,34.170547],[132.556651,34.170697],[132.556601,34.170697],[132.556451,34.170905],[132.556451,34.171738],[132.556226,34.171821],[132.556063,34.17198],[132.555938,34.172205],[132.555963,34.172413],[132.555126,34.173196],[132.554476,34.173188],[132.553601,34.17318],[132.553401,34.173296],[132.553176,34.17338],[132.552876,34.173405],[132.552776,34.173513],[132.552776,34.173804],[132.552439,34.174238],[132.552214,34.174454],[132.551889,34.174679],[132.551664,34.174679],[132.551539,34.174704],[132.551414,34.174854],[132.551101,34.175396],[132.551301,34.175804],[132.551401,34.175804],[132.551501,34.175779],[132.551626,34.175788],[132.551601,34.176054],[132.551501,34.176237],[132.551289,34.176371],[132.551114,34.176454],[132.550964,34.176437],[132.550564,34.176562],[132.550239,34.176654],[132.550064,34.176629],[132.550014,34.176562],[132.549839,34.176562],[132.549714,34.176604],[132.549614,34.176921],[132.548764,34.176937],[132.548176,34.177021],[132.547152,34.176787],[132.546064,34.176329],[132.546339,34.175862],[132.544864,34.175012],[132.544439,34.175487],[132.543739,34.175162],[132.543814,34.175029],[132.543539,34.174846],[132.543389,34.174796],[132.543139,34.174796],[132.542427,34.174296],[132.541602,34.173663],[132.541027,34.173046],[132.54069,34.172521],[132.540565,34.172188],[132.54059,34.171963],[132.54069,34.171938],[132.54074,34.171446],[132.540952,34.171238],[132.541177,34.171038],[132.541577,34.170954],[132.541952,34.170771],[132.542127,34.170796],[132.542377,34.170555],[132.542452,34.170413],[132.542239,34.170055],[132.542239,34.169938],[132.542189,34.169496],[132.541989,34.169288],[132.541664,34.169221],[132.541315,34.169063],[132.54089,34.168746],[132.540627,34.168271],[132.540265,34.16673],[132.54014,34.166147],[132.540077,34.164972],[132.540102,34.164763],[132.540065,34.164314],[132.539715,34.164064],[132.539215,34.163972],[132.53884,34.163747],[132.53854,34.163514],[132.53809,34.163489],[132.536965,34.163322],[132.53649,34.16323],[132.53599,34.16298],[132.53544,34.162614],[132.534915,34.162314],[132.534565,34.162222],[132.53414,34.161639],[132.533615,34.161589],[132.533303,34.162755],[132.533678,34.162805],[132.533478,34.163413],[132.532928,34.16323],[132.532878,34.163522],[132.532615,34.16388],[132.532315,34.164213],[132.533015,34.164738],[132.532478,34.16523],[132.531703,34.165205],[132.530978,34.165113],[132.530053,34.164946],[132.528428,34.16453],[132.528378,34.164413],[132.528053,34.16428],[132.527578,34.163871],[132.527991,34.163713],[132.527191,34.162313],[132.526528,34.161355],[132.525853,34.160747],[132.525166,34.160288],[132.524541,34.159897],[132.523416,34.159347],[132.523241,34.159688],[132.522841,34.159455],[132.522991,34.159322],[132.522741,34.15903],[132.522466,34.158355],[132.522029,34.157605],[132.521854,34.157514],[132.521629,34.157647],[132.521554,34.157622],[132.521604,34.15713],[132.521779,34.157105],[132.521916,34.156314],[132.521816,34.156222],[132.521791,34.156139],[132.521841,34.155772],[132.521766,34.155597],[132.521804,34.155256],[132.521779,34.155164],[132.521529,34.155031],[132.521404,34.154847],[132.521429,34.154506],[132.521479,34.154347],[132.521654,34.154147],[132.522066,34.154156],[132.522741,34.154406],[132.523828,34.155064],[132.524103,34.155206],[132.524703,34.155322],[132.525053,34.155322],[132.525478,34.155556],[132.525628,34.155506],[132.526091,34.155106],[132.526391,34.155014],[132.527116,34.154998],[132.527591,34.154914],[132.527766,34.154798],[132.52794,34.154914],[132.528065,34.154556],[132.528628,34.153773],[132.528928,34.153706],[132.529728,34.153756],[132.529865,34.153623],[132.53004,34.153331],[132.53004,34.153015],[132.529465,34.15269],[132.52909,34.152506],[132.529265,34.15224],[132.529153,34.151965],[132.529128,34.15199],[132.528878,34.151873],[132.528703,34.151606],[132.528453,34.151306],[132.528128,34.151265],[132.527903,34.150648],[132.527703,34.150581],[132.527628,34.150623],[132.527328,34.150648],[132.527303,34.150306],[132.52744,34.149748],[132.52794,34.14914],[132.528303,34.148965],[132.528753,34.148965],[132.528678,34.149098],[132.528803,34.149323],[132.529478,34.149423],[132.530253,34.149423],[132.530903,34.14979],[132.530978,34.149748],[132.530828,34.149382],[132.531103,34.149007],[132.530953,34.148848],[132.530678,34.148823],[132.530428,34.148615],[132.53059,34.14814],[132.530915,34.147807],[132.531115,34.147357],[132.531602,34.147049],[132.532177,34.146507],[132.532402,34.146624],[132.532927,34.147099],[132.533227,34.147482],[132.533527,34.147824],[132.533677,34.14789],[132.534177,34.14794],[132.534527,34.148015],[132.534815,34.148282],[132.535315,34.148424],[132.536039,34.148724],[132.537114,34.149024],[132.537239,34.149024],[132.537564,34.14914],[132.538214,34.149257],[132.538852,34.149032],[132.539077,34.149015],[132.539627,34.149065],[132.540027,34.149157],[132.540277,34.149407],[132.540677,34.149499],[132.541052,34.149457],[132.541502,34.149549],[132.542052,34.149957],[132.542277,34.149982],[132.542402,34.149824],[132.542752,34.14974],[132.543477,34.149924],[132.543702,34.149924],[132.544551,34.150207],[132.545451,34.149849],[132.545676,34.149807],[132.545951,34.149924],[132.546126,34.150099],[132.546226,34.150482],[132.546376,34.150799],[132.546476,34.150874],[132.546551,34.151165],[132.546951,34.151165],[132.547276,34.151149],[132.547726,34.151374],[132.547826,34.151374],[132.548176,34.15149],[132.548251,34.15149],[132.548476,34.151407],[132.548876,34.150665],[132.549039,34.150299],[132.549189,34.150191],[132.549289,34.150216],[132.549514,34.150191],[132.549564,34.149874],[132.549551,34.149424],[132.549376,34.149199],[132.549126,34.149016],[132.548976,34.148791],[132.548501,34.148557],[132.548526,34.148357],[132.548626,34.148291],[132.548876,34.147933],[132.548889,34.147866],[132.549139,34.147616],[132.549289,34.147324],[132.549214,34.146966],[132.549264,34.146783],[132.549514,34.146741],[132.549601,34.146633],[132.549401,34.145841],[132.549226,34.145608],[132.549376,34.145433],[132.549439,34.145275],[132.549214,34.145225],[132.549239,34.145],[132.549414,34.1448],[132.549389,34.144508],[132.549651,34.143808],[132.549576,34.143583],[132.549151,34.1434],[132.548851,34.143175],[132.548551,34.142742],[132.548376,34.142383],[132.548389,34.141542],[132.548539,34.1413],[132.548789,34.141233],[132.549114,34.141233],[132.549314,34.141375],[132.549339,34.141758],[132.549514,34.142158],[132.549589,34.142208],[132.549514,34.14255],[132.549626,34.142867],[132.549976,34.143067],[132.550576,34.143616],[132.550626,34.143708],[132.550751,34.143841],[132.550726,34.143883],[132.550926,34.1442],[132.550589,34.144383],[132.550539,34.144558],[132.550614,34.14465],[132.550864,34.144858],[132.550964,34.1449],[132.551564,34.145383],[132.551639,34.1454],[132.551964,34.14565],[132.551989,34.145833],[132.551676,34.146058],[132.551601,34.146374],[132.551726,34.146958],[132.551814,34.147391],[132.551939,34.147658],[132.551989,34.147683],[132.552014,34.148249],[132.552114,34.148583],[132.552726,34.149041],[132.552976,34.149291],[132.553126,34.149199],[132.553238,34.148974],[132.553463,34.148799],[132.553638,34.148416],[132.553788,34.148533],[132.553888,34.148941],[132.554063,34.149233],[132.554251,34.149482],[132.554376,34.150224],[132.554626,34.150499],[132.555651,34.150549],[132.555901,34.150691],[132.556076,34.150957],[132.556401,34.151074],[132.556601,34.151099],[132.557301,34.150924],[132.557676,34.150657],[132.557876,34.150366],[132.557863,34.149983],[132.557488,34.149233],[132.557101,34.148708],[132.556701,34.148233],[132.556326,34.147941],[132.555501,34.147574],[132.555201,34.147099],[132.554763,34.146533],[132.553838,34.145191],[132.553576,34.144625],[132.553326,34.144216],[132.552901,34.143792],[132.552501,34.143492],[132.551989,34.142633],[132.551839,34.142333],[132.551389,34.141833],[132.550976,34.141567],[132.550726,34.141333],[132.550676,34.141225],[132.550376,34.141017],[132.549676,34.1409],[132.549376,34.140767],[132.549151,34.140492],[132.548764,34.139517],[132.548901,34.138301],[132.548776,34.137892],[132.548401,34.137376],[132.548089,34.136692],[132.547914,34.136242],[132.547839,34.136217],[132.547664,34.136034],[132.547539,34.135676],[132.547601,34.135334],[132.547551,34.135068],[132.547376,34.134726],[132.547051,34.134476],[132.546951,34.134343],[132.547014,34.133868],[132.547376,34.132518],[132.547426,34.131768],[132.547376,34.131527],[132.547014,34.13091],[132.546989,34.130552],[132.546989,34.129918],[132.546927,34.129127],[132.547002,34.128769],[132.546777,34.128519],[132.546202,34.128494],[132.545677,34.128377],[132.545327,34.128102],[132.545239,34.127785],[132.545464,34.127294],[132.545514,34.126885],[132.545677,34.126502],[132.545802,34.126102],[132.545802,34.125919],[132.545677,34.125802],[132.545327,34.125736],[132.545227,34.125486],[132.545339,34.124969],[132.545264,34.124678],[132.545014,34.124428],[132.544364,34.124444],[132.544114,34.124286],[132.543914,34.124011],[132.543852,34.123336],[132.543702,34.123061],[132.543502,34.123011],[132.543352,34.123011],[132.542952,34.122719],[132.542777,34.122828],[132.542627,34.123028],[132.542202,34.123211],[132.54164,34.123319],[132.540865,34.123378],[132.54034,34.123286],[132.53974,34.123036],[132.53924,34.122778],[132.539015,34.122511],[132.538827,34.122011],[132.538827,34.121761],[132.538927,34.121628],[132.538927,34.121561],[132.538052,34.12122],[132.537927,34.121195],[132.537702,34.121078],[132.537665,34.120511],[132.53799,34.12052],[132.53804,34.119703],[132.538177,34.11907],[132.538452,34.118487],[132.53889,34.117862],[132.538815,34.117704],[132.538965,34.117587],[132.539365,34.117978],[132.53949,34.117978],[132.53954,34.117529],[132.539552,34.117079],[132.539477,34.116895],[132.539877,34.11627],[132.54019,34.115904],[132.540465,34.115754],[132.54064,34.115779],[132.54074,34.115846],[132.54084,34.116029],[132.54094,34.116095],[132.54119,34.115962],[132.54144,34.115537],[132.541665,34.115329],[132.54164,34.115062],[132.541527,34.114904],[132.541327,34.114879],[132.541102,34.114787],[132.540628,34.114087],[132.540528,34.113788],[132.54074,34.112954],[132.54034,34.113271],[132.53999,34.113038],[132.53944,34.112771],[132.53944,34.112521],[132.53964,34.112521],[132.539615,34.112163],[132.53984,34.112138],[132.539828,34.110805],[132.539565,34.110263],[132.53929,34.109988],[132.53914,34.109655],[132.539003,34.108163],[132.539378,34.108005],[132.539265,34.10758],[132.54009,34.107114],[132.54074,34.10698],[132.541165,34.107005],[132.541515,34.107214],[132.542865,34.108238],[132.54299,34.108438],[132.542878,34.109022],[132.542903,34.109088],[132.543053,34.109205],[132.543128,34.109205],[132.543253,34.109388],[132.543203,34.109638],[132.543203,34.109863],[132.543115,34.11013],[132.54324,34.110313],[132.543415,34.110246],[132.54359,34.110221],[132.543765,34.110363],[132.54419,34.110546],[132.54429,34.110571],[132.544415,34.110796],[132.54549,34.110871],[132.54569,34.110646],[132.54589,34.110763],[132.545715,34.110913],[132.546065,34.111171],[132.546215,34.111055],[132.54704,34.11163],[132.547515,34.11183],[132.547627,34.112896],[132.547777,34.113438],[132.548015,34.114088],[132.54819,34.114721],[132.548502,34.115446],[132.548677,34.115604],[132.549052,34.115837],[132.549227,34.116087],[132.549077,34.116379],[132.548852,34.116712],[132.548852,34.116762],[132.549264,34.117395],[132.549664,34.117329],[132.550314,34.117154],[132.551302,34.116596],[132.551577,34.116504],[132.552452,34.116287],[132.552952,34.116404],[132.553977,34.116995],[132.554502,34.11707],[132.554727,34.117045],[132.555327,34.117145],[132.556789,34.117129],[132.558339,34.117004],[132.559014,34.116879],[132.559164,34.116812],[132.559514,34.116771],[132.559939,34.116929],[132.560539,34.11702],[132.560839,34.117162],[132.561039,34.117429],[132.561364,34.117637],[132.561864,34.11827],[132.562114,34.118612],[132.562251,34.118729],[132.562501,34.118729],[132.563014,34.118554],[132.563314,34.118512],[132.563989,34.11887],[132.564176,34.119187],[132.564301,34.119595],[132.565001,34.120212],[132.565776,34.120845],[132.566088,34.121212],[132.566563,34.122211],[132.567176,34.123178],[132.567776,34.123595],[132.568176,34.123728],[132.568626,34.123803],[132.569101,34.123936],[132.569325,34.123961],[132.569375,34.123895],[132.569351,34.123628],[132.569551,34.123378],[132.570138,34.123203],[132.571038,34.123053],[132.571863,34.123053],[132.572388,34.123153],[132.572788,34.123378],[132.572938,34.123536],[132.573238,34.12397],[132.57325,34.124261],[132.573175,34.125186],[132.573125,34.125345],[132.573163,34.125594],[132.573138,34.125686],[132.573313,34.126069],[132.573588,34.126161],[132.573913,34.126519],[132.573888,34.126819],[132.57395,34.127111],[132.574213,34.127069],[132.574488,34.126978],[132.574863,34.127094],[132.575262,34.127303],[132.575525,34.127528],[132.575775,34.127778],[132.57615,34.127803],[132.576562,34.127669],[132.576637,34.127486],[132.577137,34.127403],[132.577662,34.127403],[132.578087,34.127319],[132.578187,34.127278],[132.578387,34.127028],[132.578825,34.126669],[132.57905,34.126578],[132.579475,34.126561],[132.57965,34.126428],[132.5798,34.126136],[132.579912,34.125778],[132.580262,34.125036],[132.580625,34.12447],[132.58095,34.12427],[132.581225,34.12432],[132.581325,34.124361],[132.5815,34.124295],[132.581575,34.12412],[132.581775,34.123895],[132.5822,34.123736],[132.58255,34.123811],[132.582712,34.123495],[132.582862,34.123362],[132.583137,34.123478],[132.583462,34.123745],[132.583687,34.123861],[132.583762,34.123861],[132.583912,34.123661],[132.583762,34.122762],[132.583662,34.12267],[132.583337,34.122687],[132.583112,34.12257],[132.58245,34.121462],[132.582275,34.121078],[132.582187,34.12067],[132.581962,34.120312],[132.581662,34.120237],[132.581162,34.120237],[132.581062,34.120212],[132.580912,34.119804],[132.58075,34.118929],[132.5808,34.118404],[132.581387,34.117329],[132.581762,34.116787],[132.582175,34.116296],[132.582675,34.115804],[132.582575,34.115529],[132.582587,34.115146],[132.58315,34.114046],[132.58305,34.114004],[132.582825,34.113954],[132.582725,34.113754],[132.582725,34.113504],[132.5829,34.113163],[132.58285,34.112938],[132.582625,34.112621],[132.582638,34.112529],[132.583063,34.11193],[132.583763,34.111663],[132.584337,34.111688],[132.584662,34.111821],[132.585112,34.111921],[132.585212,34.111963],[132.585312,34.111871],[132.5853,34.111646],[132.58505,34.111313],[132.5859,34.110796],[132.586587,34.110505],[132.587312,34.110313],[132.587462,34.110513],[132.587937,34.110605],[132.588437,34.110655],[132.588862,34.110838],[132.589037,34.11098],[132.589162,34.111296],[132.58925,34.112063],[132.5895,34.112629],[132.589587,34.113079],[132.589562,34.113438],[132.589637,34.113804],[132.590037,34.114163],[132.590949,34.114896],[132.591424,34.115029],[132.591974,34.115038],[132.592874,34.115271],[132.592974,34.115271],[132.593062,34.115129],[132.592637,34.114563],[132.592287,34.113571],[132.592049,34.113054],[132.591724,34.112646],[132.59125,34.112071],[132.591087,34.111621],[132.5908,34.110313],[132.5905,34.10988],[132.59,34.108838],[132.589587,34.108272],[132.589312,34.10818],[132.589237,34.108363],[132.5892,34.10868],[132.589,34.108905],[132.5885,34.109013],[132.587775,34.10903],[132.58725,34.108913],[132.586975,34.108822],[132.5864,34.108563],[132.586275,34.108405],[132.586225,34.108097],[132.586562,34.107688],[132.586487,34.107438],[132.586188,34.107305],[132.585863,34.107297],[132.585838,34.107322],[132.585613,34.107005],[132.585563,34.106597],[132.585475,34.106239],[132.585225,34.10608],[132.585,34.106147],[132.584838,34.106347],[132.584688,34.106389],[132.584488,34.106272],[132.584438,34.106455],[132.584363,34.106572],[132.584188,34.106655],[132.584013,34.106613],[132.583238,34.10683],[132.582763,34.106605],[132.582438,34.106555],[132.582188,34.106663],[132.581875,34.107163],[132.581825,34.107838],[132.581575,34.108105],[132.580838,34.108622],[132.580688,34.108505],[132.580613,34.108505],[132.580263,34.108955],[132.579938,34.109063],[132.5799,34.10938],[132.57935,34.109963],[132.579113,34.110521],[132.578213,34.110721],[132.577888,34.110763],[132.577613,34.11058],[132.577388,34.110621],[132.577288,34.110755],[132.577288,34.111005],[132.577388,34.111163],[132.577588,34.111321],[132.577775,34.112021],[132.577575,34.112246],[132.577075,34.112563],[132.576838,34.112896],[132.576888,34.113396],[132.576613,34.113754],[132.576488,34.113846],[132.576225,34.114088],[132.576425,34.114696],[132.576138,34.115237],[132.576088,34.115554],[132.575763,34.115796],[132.575288,34.116046],[132.574525,34.116196],[132.573776,34.116187],[132.573076,34.116121],[132.570901,34.115787],[132.570426,34.115646],[132.570026,34.115354],[132.569901,34.115146],[132.569763,34.114113],[132.569451,34.113413],[132.569351,34.112638],[132.569251,34.112238],[132.569313,34.111738],[132.569238,34.111288],[132.569313,34.110946],[132.569451,34.110546],[132.569326,34.110021],[132.569051,34.109572],[132.568926,34.109455],[132.568689,34.109163],[132.568389,34.108713],[132.568314,34.108347],[132.568564,34.107855],[132.568501,34.107247],[132.568351,34.106589],[132.568339,34.106205],[132.568439,34.105439],[132.568664,34.105239],[132.568139,34.103472],[132.567964,34.102347],[132.568151,34.101198],[132.568089,34.100589],[132.568189,34.099756],[132.568177,34.099464],[132.567977,34.098781],[132.567927,34.098198],[132.568014,34.097698],[132.567939,34.097248],[132.567889,34.097115],[132.567689,34.096931],[132.567214,34.097223],[132.566889,34.097331],[132.566664,34.09749],[132.566439,34.097556],[132.565689,34.096981],[132.565389,34.096623],[132.565127,34.095965],[132.565227,34.095873],[132.565252,34.095632],[132.565152,34.095465],[132.564727,34.095332],[132.564377,34.095348],[132.564277,34.095173],[132.564252,34.094965],[132.563927,34.094448],[132.563465,34.094282],[132.563265,34.094098],[132.563115,34.093782],[132.56294,34.092815],[132.562652,34.09259],[132.562502,34.091999],[132.562452,34.091457],[132.562415,34.090307],[132.56244,34.089991],[132.562427,34.089874],[132.562277,34.089674],[132.561552,34.089282],[132.561477,34.089191],[132.561427,34.088882],[132.561502,34.088607],[132.561427,34.088541],[132.561127,34.088424],[132.56089,34.088199],[132.560865,34.087858],[132.56094,34.087024],[132.560853,34.086841],[132.560778,34.086774],[132.560203,34.086708],[132.559765,34.086674],[132.559503,34.086616],[132.55879,34.085766],[132.558465,34.085025],[132.558303,34.084725],[132.558478,34.084208],[132.558403,34.084166],[132.558053,34.0843],[132.557953,34.0845],[132.557678,34.084475],[132.557403,34.084158],[132.556978,34.08355],[132.556578,34.083092],[132.556253,34.082933],[132.556215,34.082883],[132.55634,34.082667],[132.556416,34.081783],[132.556303,34.081425],[132.556428,34.080725],[132.556516,34.080025],[132.556491,34.079909],[132.556316,34.079934],[132.556116,34.080042],[132.555566,34.079834],[132.555316,34.079859],[132.554991,34.0797],[132.554591,34.079692],[132.554303,34.079875],[132.554078,34.0801],[132.553778,34.080117],[132.553428,34.080092],[132.553303,34.079734],[132.552778,34.079275],[132.552403,34.079142],[132.552103,34.079184],[132.551853,34.079292],[132.551553,34.079242],[132.551203,34.079242],[132.551054,34.079084],[132.550979,34.078975],[132.550779,34.078742],[132.550579,34.079175],[132.550379,34.079217],[132.549579,34.079592],[132.549566,34.079975],[132.549516,34.0802],[132.549641,34.0805],[132.549466,34.080584],[132.549291,34.080625],[132.549241,34.08085],[132.549329,34.081084],[132.549529,34.081242],[132.549578,34.081534],[132.549453,34.081892],[132.549203,34.082075],[132.549191,34.082317],[132.549516,34.082433],[132.549566,34.082975],[132.549491,34.083608],[132.549128,34.084758],[132.548816,34.085341],[132.548591,34.085675],[132.548091,34.085858],[132.547841,34.085875],[132.547591,34.085691],[132.547591,34.085516],[132.547166,34.0856],[132.547091,34.0856],[132.546766,34.085483],[132.546553,34.085683],[132.546528,34.085775],[132.546778,34.086225],[132.547003,34.086341],[132.547328,34.086416],[132.547753,34.086616],[132.547953,34.086775],[132.548041,34.086816],[132.548378,34.086866],[132.548628,34.086866],[132.548741,34.087116],[132.548766,34.087433],[132.548053,34.089458],[132.547666,34.090091],[132.547316,34.090291],[132.546991,34.090358],[132.547016,34.090124],[132.546591,34.090149],[132.546241,34.090299],[132.545978,34.090549],[132.545978,34.090591],[132.545528,34.090682],[132.545378,34.090857],[132.545153,34.091041],[132.544953,34.091057],[132.544728,34.090857],[132.544478,34.090766],[132.544228,34.090558],[132.543953,34.090558],[132.543653,34.090891],[132.543353,34.091116],[132.543066,34.091407],[132.542791,34.091899],[132.542816,34.092149],[132.543091,34.092307],[132.543428,34.093174],[132.543653,34.09344],[132.543928,34.093399],[132.544253,34.093107],[132.544653,34.093632],[132.544728,34.094057],[132.544716,34.094374],[132.544616,34.094757],[132.544591,34.095115],[132.544816,34.095282],[132.544916,34.095507],[132.544953,34.095907],[132.545003,34.09614],[132.545278,34.096182],[132.544978,34.096657],[132.544703,34.096832],[132.544716,34.097082],[132.544891,34.097448],[132.544916,34.097557],[132.545241,34.097423],[132.545491,34.097473],[132.545716,34.097923],[132.545566,34.098015],[132.544528,34.09884],[132.544053,34.099081],[132.543141,34.099348],[132.542991,34.099215],[132.542616,34.09939],[132.542666,34.09944],[132.542241,34.099615],[132.541641,34.099565],[132.541166,34.099381],[132.540466,34.098765],[132.540653,34.098632],[132.540178,34.097865],[132.539953,34.098015],[132.539278,34.09754],[132.539128,34.097382],[132.538978,34.097107],[132.539291,34.096865],[132.539416,34.09659],[132.539616,34.096323],[132.539691,34.096099],[132.539691,34.095965],[132.539541,34.095874],[132.539216,34.095982],[132.539041,34.095982],[132.538716,34.095799],[132.538416,34.095574],[132.538353,34.095432],[132.538604,34.094849],[132.538404,34.094665],[132.537904,34.094615],[132.537754,34.09464],[132.537179,34.095065],[132.536754,34.095082],[132.536266,34.095149],[132.535766,34.09539],[132.535316,34.095299],[132.535166,34.095299],[132.535291,34.095907],[132.535366,34.096024],[132.535691,34.096182],[132.535779,34.096523],[132.535629,34.09679],[132.535679,34.09704],[132.535953,34.097265],[132.536103,34.09754],[132.535966,34.098532],[132.535928,34.098982],[132.535778,34.09939],[132.535403,34.099831],[132.535191,34.10024],[132.534966,34.100915],[132.535091,34.10114],[132.535078,34.101481],[132.534928,34.101998],[132.534766,34.102831],[132.534716,34.103031],[132.534341,34.103298],[132.534441,34.103414],[132.533841,34.103656],[132.533716,34.103656],[132.533566,34.103389],[132.532678,34.103647],[132.532678,34.103789],[132.532303,34.103872],[132.531703,34.103689],[132.531153,34.103456],[132.531416,34.103281],[132.532003,34.103531],[132.532641,34.103248],[132.532141,34.102723],[132.531816,34.102656],[132.531791,34.102473],[132.531116,34.102306],[132.530991,34.102173],[132.530891,34.101923],[132.530679,34.101723],[132.530254,34.101556],[132.529654,34.101489],[132.529204,34.101281],[132.528804,34.100939],[132.528654,34.100648],[132.528629,34.100239],[132.528891,34.099923],[132.529116,34.099406],[132.529017,34.099023],[132.528892,34.098906],[132.528567,34.09879],[132.528267,34.098656],[132.527892,34.098656],[132.527467,34.098473],[132.527154,34.098173],[132.526879,34.097356],[132.526817,34.09689],[132.526942,34.096482],[132.526892,34.096323],[132.526642,34.096273],[132.526467,34.096365],[132.526317,34.096365],[132.525992,34.096115],[132.525617,34.095948],[132.525467,34.095815],[132.525267,34.095382],[132.525105,34.094757],[132.52493,34.094732],[132.52473,34.094932],[132.524667,34.095223],[132.524567,34.09529],[132.523467,34.095398],[132.522517,34.095432],[132.522467,34.095407],[132.522342,34.095723],[132.521792,34.095565],[132.521243,34.095332],[132.520943,34.095148],[132.520893,34.094973],[132.521068,34.094523],[132.521155,34.09414],[132.52118,34.093573],[132.520955,34.093373],[132.52098,34.093123],[132.520605,34.093257],[132.52003,34.093565],[132.519255,34.093015],[132.518955,34.092973],[132.518705,34.093057],[132.51853,34.093507],[132.518193,34.093848],[132.518018,34.09434],[132.518068,34.094615],[132.518018,34.094698],[132.51808,34.095156],[132.517955,34.09524],[132.517481,34.095506],[132.516631,34.095615],[132.515706,34.095565],[132.515031,34.09549],[132.514856,34.095448],[132.514656,34.095015],[132.514456,34.094248],[132.514243,34.093973],[132.514118,34.093906],[132.514044,34.093656],[132.514119,34.093481],[132.514069,34.093232],[132.513994,34.093048],[132.514269,34.093098],[132.514494,34.093048],[132.514531,34.092898],[132.514431,34.092757],[132.513706,34.092507],[132.513581,34.092415],[132.513331,34.092115],[132.513406,34.091823],[132.513531,34.091557],[132.513506,34.091423],[132.513369,34.091123],[132.512994,34.09099],[132.512644,34.091073],[132.512544,34.091048],[132.512031,34.091248],[132.511906,34.091315],[132.511931,34.09159],[132.512319,34.092565],[132.512619,34.093623],[132.512669,34.093715],[132.512656,34.094031],[132.512756,34.094306],[132.512581,34.094523],[132.512306,34.094798],[132.511944,34.095314],[132.511919,34.095556],[132.511994,34.095673],[132.512194,34.095789],[132.512394,34.095831],[132.512619,34.096039],[132.512481,34.096673],[132.512506,34.097073],[132.512731,34.097639],[132.512931,34.097781],[132.513106,34.097847],[132.513368,34.098164],[132.513743,34.098464],[132.513893,34.098914],[132.513893,34.099047],[132.513156,34.099897],[132.512831,34.100214],[132.512343,34.100414],[132.512068,34.100614],[132.511518,34.10093],[132.510918,34.101214],[132.510406,34.101372],[132.510106,34.101389],[132.510031,34.101347],[132.509681,34.101497],[132.509906,34.101797],[132.509956,34.102063],[132.510206,34.102313],[132.510218,34.10268],[132.510193,34.102813],[132.509793,34.103263],[132.509669,34.103122],[132.509194,34.103213],[132.509294,34.103463],[132.508431,34.103721],[132.507456,34.103896],[132.506406,34.104005],[132.506356,34.10378],[132.505632,34.103638],[132.504907,34.103605],[132.504732,34.103788],[132.504207,34.103738],[132.503182,34.103505],[132.502257,34.103255],[132.502069,34.103338],[132.502007,34.10278],[132.501482,34.102346],[132.501482,34.102071],[132.50177,34.101605],[132.501845,34.101222],[132.501732,34.099863],[132.501632,34.099363],[132.50147,34.099005],[132.501095,34.098847],[132.50092,34.098614],[132.50037,34.098139],[132.500008,34.097414],[132.499708,34.097164],[132.499708,34.096847],[132.499858,34.096422],[132.500045,34.096222],[132.50042,34.096039],[132.500545,34.095814],[132.50027,34.095547],[132.50042,34.095206],[132.500358,34.095022],[132.500258,34.095006],[132.500283,34.094506],[132.500033,34.094164],[132.500008,34.093781],[132.500045,34.093448],[132.499995,34.093014],[132.499845,34.092656],[132.499183,34.09204],[132.498958,34.09154],[132.498858,34.091065],[132.498533,34.090931],[132.498333,34.091173],[132.498208,34.091081],[132.498033,34.091173],[132.498033,34.091356],[132.497908,34.09149],[132.497708,34.091648],[132.497533,34.091665],[132.497456,34.09163],[132.496546,34.091681],[132.495933,34.090806],[132.495346,34.090315],[132.495296,34.09044],[132.494933,34.090706],[132.494658,34.091015],[132.494296,34.091306],[132.493871,34.091831],[132.493446,34.092114],[132.492984,34.092581],[132.492759,34.092631],[132.491871,34.092581],[132.491296,34.092198],[132.491021,34.091589],[132.490771,34.091198],[132.490721,34.090365],[132.490884,34.089873],[132.490747,34.089623],[132.490384,34.089615],[132.490147,34.089873],[132.490034,34.090298],[132.489697,34.090831],[132.489559,34.091356],[132.489147,34.091539],[132.488534,34.091664],[132.488297,34.091673],[132.487034,34.091631],[132.486609,34.091673],[132.485622,34.091473],[132.485272,34.091331],[132.485235,34.091339],[132.484535,34.091139],[132.484297,34.090848],[132.484297,34.090398],[132.48441,34.089856],[132.484647,34.089281],[132.48496,34.089315],[132.484972,34.088831],[132.485285,34.088215],[132.485147,34.08809],[132.484672,34.087773],[132.484247,34.086615],[132.483523,34.086423],[132.482473,34.085648],[132.481873,34.085265],[132.481573,34.08524],[132.480973,34.085415],[132.480698,34.085748],[132.480785,34.086115],[132.48121,34.086615],[132.481298,34.086765],[132.48141,34.087331],[132.481385,34.087906],[132.481073,34.088548],[132.480873,34.088781],[132.48011,34.089364],[132.479723,34.089514],[132.47911,34.089156],[132.478835,34.089081],[132.478473,34.089389],[132.477986,34.089614],[132.477273,34.089473],[132.476761,34.088448],[132.476523,34.088306],[132.476111,34.088331],[132.475611,34.088056],[132.475423,34.088281],[132.475286,34.088331],[132.474836,34.088248],[132.473936,34.088148],[132.473861,34.088564],[132.473624,34.088556],[132.473049,34.088206],[132.472086,34.087973],[132.471999,34.087814],[132.471949,34.087481],[132.471149,34.087348],[132.470499,34.087189],[132.469674,34.086614],[132.469462,34.086464],[132.468612,34.08574],[132.4678,34.084965],[132.46715,34.084531],[132.46665,34.084456],[132.465875,34.084456],[132.465125,34.084131],[132.4649,34.083931],[132.4633,34.082831],[132.46255,34.082423],[132.460676,34.082323],[132.460351,34.082431],[132.460188,34.083148],[132.459688,34.083806],[132.459488,34.083914],[132.458851,34.084023],[132.457876,34.084606],[132.456913,34.085089],[132.456676,34.086147],[132.456726,34.086581],[132.456438,34.087356],[132.456263,34.088105],[132.455951,34.088697],[132.455813,34.088805],[132.455651,34.089164],[132.455676,34.089838],[132.455563,34.090638],[132.455238,34.091547],[132.454113,34.093521],[132.454426,34.093563],[132.454326,34.093713],[132.453801,34.094196],[132.452763,34.094038],[132.452938,34.093721],[132.452751,34.093721],[132.451801,34.093971],[132.451188,34.094279],[132.450914,34.094254],[132.449301,34.093629],[132.448514,34.093604],[132.447939,34.093771],[132.447689,34.094363],[132.447751,34.094946],[132.448201,34.095562],[132.448264,34.095762],[132.448251,34.096412],[132.448189,34.097146],[132.448339,34.097696],[132.448401,34.098662],[132.448614,34.099395],[132.448751,34.100179],[132.448726,34.101078],[132.448438,34.102337],[132.448163,34.10312],[132.447701,34.103811],[132.447576,34.104445],[132.448051,34.104636],[132.448263,34.104836],[132.448776,34.104861],[132.449126,34.105103],[132.449051,34.10552],[132.448538,34.106086],[132.448726,34.106228],[132.449226,34.106361],[132.449251,34.107036],[132.449001,34.107853],[132.448838,34.107953],[132.448113,34.108086],[132.447347,34.10806],[132.447247,34.108119],[132.447347,34.108444],[132.447713,34.108961],[132.448076,34.109386],[132.448701,34.109569],[132.448851,34.109702],[132.449163,34.109861],[132.449613,34.110144],[132.450213,34.110694],[132.450763,34.111052],[132.451388,34.111544],[132.452075,34.112135],[132.452462,34.112319],[132.4535,34.11271],[132.454425,34.11326],[132.454587,34.11346],[132.4549,34.114677],[132.455175,34.11516],[132.455375,34.11526],[132.455537,34.115127],[132.456062,34.114868],[132.456537,34.114685],[132.456924,34.114452],[132.457449,34.114594],[132.457649,34.114719],[132.457887,34.115143],[132.458124,34.115335],[132.458462,34.11546],[132.458537,34.115518],[132.459049,34.115527],[132.459449,34.115319],[132.459687,34.114802],[132.459824,34.11461],[132.461849,34.114585],[132.461961,34.114635],[132.462111,34.114985],[132.462499,34.115152],[132.462636,34.115477],[132.462786,34.115544],[132.463174,34.115544],[132.463486,34.115485],[132.464474,34.115744],[132.465473,34.116585],[132.465798,34.116327],[132.466161,34.116952],[132.466186,34.117752],[132.466036,34.118285],[132.466186,34.118877],[132.466198,34.119543],[132.465961,34.120093],[132.465411,34.120218],[132.465273,34.120485],[132.465673,34.12091],[132.466561,34.121318],[132.467211,34.121709],[132.468023,34.121843],[132.468573,34.122159],[132.469148,34.122351],[132.46966,34.122134],[132.470123,34.121776],[132.470598,34.121468],[132.470635,34.121135],[132.47056,34.120785],[132.471123,34.120501],[132.471373,34.120426],[132.47151,34.11986],[132.471485,34.119727],[132.471648,34.119185],[132.471598,34.119018],[132.47141,34.118827],[132.47166,34.118293],[132.472148,34.118285],[132.47256,34.118552],[132.473397,34.119468],[132.47381,34.119618],[132.47451,34.12001],[132.47491,34.120568],[132.474935,34.121068],[132.474685,34.121468],[132.47481,34.121951],[132.474722,34.122135],[132.474285,34.122143],[132.473547,34.121926],[132.47346,34.121951],[132.473235,34.122118],[132.472822,34.122268],[132.472697,34.122384],[132.472622,34.123368],[132.472585,34.123459],[132.472722,34.123893],[132.472697,34.124634],[132.47281,34.124776],[132.473335,34.125067],[132.473435,34.125367],[132.47371,34.125592],[132.47401,34.125501],[132.474185,34.125176],[132.474185,34.124801],[132.474397,34.124409],[132.474935,34.124368],[132.475547,34.124701],[132.476085,34.124884],[132.476197,34.124892],[132.47641,34.124609],[132.476385,34.124343],[132.476135,34.123776],[132.476247,34.123609],[132.476872,34.123601],[132.477372,34.123718],[132.477984,34.124059],[132.478772,34.124226],[132.479584,34.124726],[132.480034,34.125267],[132.480084,34.125884],[132.480372,34.126417],[132.480734,34.126401],[132.480934,34.126517],[132.481846,34.127192],[132.482434,34.127192],[132.483359,34.127376],[132.483709,34.127367],[132.483721,34.127309],[132.483934,34.127184],[132.484733,34.126984],[132.485371,34.127142],[132.486483,34.128217],[132.486471,34.128384],[132.486583,34.128609],[132.486933,34.128634],[132.486971,34.128692],[132.487133,34.128767],[132.487733,34.1296],[132.487983,34.130075],[132.488545,34.130642],[132.48927,34.130709],[132.49022,34.131033],[132.490908,34.131225],[132.49187,34.131192],[132.49262,34.131092],[132.493332,34.131242],[132.49397,34.131717],[132.49477,34.1322],[132.495057,34.132467],[132.495757,34.13295],[132.496219,34.133042],[132.496632,34.132875],[132.497094,34.132925],[132.497454,34.1329],[132.498132,34.133],[132.498532,34.133025],[132.498657,34.133183],[132.498707,34.133208],[132.498832,34.13305],[132.498732,34.132717],[132.498757,34.132667],[132.499182,34.132692],[132.498857,34.133683],[132.499219,34.134183],[132.499719,34.1343],[132.500056,34.133292],[132.500581,34.133267],[132.500719,34.132883],[132.501569,34.132867],[132.501644,34.133075],[132.502094,34.133075],[132.502144,34.13285],[132.503293,34.132833],[132.503743,34.1332],[132.504443,34.133525],[132.504718,34.133842],[132.504956,34.134267],[132.505006,34.134608],[132.505206,34.135041],[132.505806,34.135558],[132.506243,34.135791],[132.506418,34.135991],[132.506368,34.136491],[132.506393,34.136966],[132.506606,34.137166],[132.50673,34.137241],[132.50668,34.137441],[132.50693,34.137599],[132.507055,34.137466],[132.507305,34.138008],[132.507055,34.138074],[132.507155,34.138483],[132.507455,34.138549],[132.507518,34.138933],[132.507318,34.138999],[132.507518,34.139383],[132.507743,34.139499],[132.507768,34.139949],[132.50768,34.140357],[132.50758,34.141191],[132.507718,34.141374],[132.50803,34.141216],[132.508355,34.140974],[132.508805,34.140932],[132.50893,34.141107],[132.508905,34.141357],[132.508793,34.141632],[132.508968,34.141857],[132.50868,34.14294],[132.50828,34.143949],[132.507943,34.144507],[132.507593,34.145007],[132.506905,34.145815],[132.506243,34.146598],[132.505643,34.147023],[132.505543,34.146865],[132.505043,34.147015],[132.505181,34.147473],[132.504681,34.14749],[132.504381,34.147398],[132.504156,34.147281],[132.503781,34.147215],[132.503256,34.147323],[132.502831,34.147365],[132.502606,34.14729],[132.502256,34.147115],[132.502281,34.146798],[132.501506,34.14699],[132.501381,34.146856],[132.500631,34.14699],[132.500606,34.147323],[132.500394,34.147456],[132.499944,34.147456],[132.499219,34.147498],[132.498694,34.147606],[132.498469,34.147606],[132.497944,34.147348],[132.497894,34.147281],[132.497619,34.147098],[132.497493,34.147144],[132.497469,34.147206],[132.497119,34.147081],[132.496644,34.147164],[132.496269,34.147389],[132.49537,34.147773],[132.494645,34.148289],[132.494557,34.148389],[132.494757,34.148539],[132.49547,34.148698],[132.495557,34.148523],[132.495757,34.148623],[132.495595,34.149356],[132.49562,34.149972],[132.495557,34.150747],[132.495145,34.150756],[132.495107,34.151414],[132.495395,34.151347],[132.49577,34.15163],[132.49572,34.15168],[132.494832,34.152172],[132.494695,34.152289],[132.494445,34.152222]]],"type":"Polygon"},"type":"Feature"}]}