{"type":"FeatureCollection","features":[{"geometry":{"type":"Polygon","coordinates":[[[132.195973,34.496402],[132.196523,34.496452],[132.196735,34.496494],[132.196835,34.496494],[132.196885,34.496494],[132.197035,34.49651],[132.197148,34.496552],[132.197235,34.496602],[132.197273,34.496685],[132.19731,34.496852],[132.197335,34.496994],[132.197448,34.497185],[132.197573,34.497269],[132.198185,34.497394],[132.198235,34.497394],[132.198685,34.497485],[132.19886,34.497519],[132.198972,34.497619],[132.199072,34.497744],[132.19916,34.497902],[132.199297,34.49811],[132.19941,34.498219],[132.199497,34.498269],[132.199635,34.498319],[132.199872,34.498377],[132.200322,34.498469],[132.200572,34.498485],[132.200722,34.498469],[132.201297,34.498352],[132.201447,34.498327],[132.201485,34.498344],[132.201597,34.498369],[132.201872,34.49856],[132.202297,34.498785],[132.20301,34.49896],[132.203159,34.499019],[132.203822,34.499327],[132.203959,34.499444],[132.203997,34.499585],[132.203984,34.499702],[132.203934,34.500085],[132.203934,34.500177],[132.203972,34.500327],[132.204034,34.500435],[132.204122,34.50051],[132.204447,34.500685],[132.204559,34.500777],[132.204709,34.50091],[132.204959,34.501243],[132.205122,34.501543],[132.205209,34.501785],[132.205222,34.501968],[132.205197,34.502102],[132.205184,34.502193],[132.205134,34.502318],[132.204922,34.502676],[132.204797,34.502843],[132.204559,34.503085],[132.204359,34.503226],[132.204034,34.503976],[132.204334,34.504585],[132.204584,34.50526],[132.204034,34.505751],[132.203872,34.506251],[132.204009,34.506359],[132.204997,34.507284],[132.204972,34.507643],[132.204584,34.508143],[132.204559,34.508484],[132.205084,34.509176],[132.205597,34.509451],[132.205847,34.509967],[132.206921,34.510526],[132.207721,34.510709],[132.208296,34.510751],[132.209146,34.511159],[132.209309,34.511384],[132.209784,34.511834],[132.210821,34.512259],[132.211846,34.512376],[132.212883,34.512909],[132.213596,34.513634],[132.214396,34.513967],[132.215033,34.514375],[132.215446,34.514692],[132.21577,34.514417],[132.216458,34.513951],[132.217258,34.513609],[132.21767,34.513634],[132.218683,34.513901],[132.21912,34.513476],[132.21932,34.513134],[132.220558,34.513309],[132.220883,34.512951],[132.221708,34.511626],[132.222282,34.510968],[132.222695,34.510901],[132.223795,34.511034],[132.224345,34.510926],[132.224832,34.51061],[132.22547,34.510493],[132.226257,34.510135],[132.226982,34.50986],[132.227195,34.509751],[132.227932,34.509543],[132.228844,34.50961],[132.230107,34.509477],[132.230244,34.509543],[132.231257,34.509951],[132.232007,34.510851],[132.232394,34.510893],[132.233182,34.511143],[132.233519,34.511051],[132.234232,34.51031],[132.234669,34.509943],[132.234782,34.50916],[132.235406,34.508843],[132.238619,34.507627],[132.239444,34.507619],[132.240544,34.508027],[132.241206,34.508435],[132.241919,34.509443],[132.242256,34.510485],[132.242256,34.51111],[132.242118,34.51136],[132.241456,34.51186],[132.241019,34.512443],[132.241044,34.51296],[132.240694,34.513026],[132.240031,34.51346],[132.239781,34.514268],[132.239706,34.514985],[132.239481,34.515843],[132.239481,34.516809],[132.239568,34.517109],[132.240643,34.518168],[132.241056,34.518859],[132.241243,34.519018],[132.242456,34.519359],[132.242543,34.520076],[132.242731,34.520709],[132.243068,34.520884],[132.243481,34.521042],[132.243806,34.521584],[132.244168,34.522017],[132.244143,34.522192],[132.243805,34.522734],[132.243918,34.523367],[132.244355,34.523834],[132.244668,34.524084],[132.24563,34.524625],[132.24643,34.525167],[132.247468,34.526175],[132.247506,34.526088],[132.247618,34.526092],[132.247805,34.526292],[132.24813,34.526542],[132.248293,34.526792],[132.24853,34.528292],[132.248643,34.528583],[132.249055,34.529192],[132.249217,34.529533],[132.249455,34.529767],[132.249705,34.529925],[132.250167,34.530083],[132.250605,34.5302],[132.250817,34.530308],[132.251142,34.530675],[132.251555,34.530808],[132.25183,34.530967],[132.25218,34.531108],[132.25273,34.530767],[132.253242,34.53095],[132.25368,34.5312],[132.254067,34.531342],[132.254392,34.531408],[132.255342,34.53135],[132.255979,34.53135],[132.256654,34.531533],[132.257179,34.531742],[132.257529,34.531942],[132.258129,34.532533],[132.259354,34.53335],[132.259629,34.533583],[132.260117,34.533783],[132.261067,34.534016],[132.261404,34.5342],[132.261529,34.5344],[132.261729,34.534558],[132.261829,34.534608],[132.262841,34.5347],[132.263091,34.534766],[132.263304,34.53495],[132.263466,34.534975],[132.263829,34.534841],[132.264316,34.534566],[132.264504,34.5345],[132.264641,34.53455],[132.265004,34.534958],[132.265354,34.535525],[132.265629,34.535841],[132.265729,34.535908],[132.266054,34.535933],[132.266366,34.535866],[132.267341,34.535483],[132.268416,34.535241],[132.268979,34.535225],[132.269503,34.535291],[132.269803,34.535383],[132.270641,34.535908],[132.270941,34.5362],[132.271078,34.536425],[132.271216,34.537083],[132.271491,34.537833],[132.271728,34.538149],[132.272741,34.539016],[132.273091,34.539266],[132.273603,34.539466],[132.274178,34.539566],[132.275028,34.539658],[132.27574,34.539633],[132.275928,34.539708],[132.276315,34.540024],[132.276665,34.540208],[132.277103,34.540341],[132.277178,34.540408],[132.27724,34.540799],[132.277403,34.540933],[132.277728,34.541066],[132.278003,34.541224],[132.278428,34.541566],[132.27884,34.542091],[132.279028,34.542183],[132.279278,34.542158],[132.28004,34.541916],[132.28094,34.541441],[132.281328,34.541333],[132.281902,34.541291],[132.282115,34.541358],[132.282527,34.541633],[132.282965,34.541833],[132.283427,34.542133],[132.28394,34.542383],[132.284465,34.542766],[132.28479,34.543091],[132.285502,34.543674],[132.285902,34.543816],[132.28629,34.543791],[132.287877,34.543416],[132.288414,34.543324],[132.288802,34.543333],[132.289152,34.543424],[132.289477,34.543599],[132.289702,34.543849],[132.289977,34.544083],[132.290302,34.544191],[132.291227,34.544308],[132.291577,34.544516],[132.291664,34.544808],[132.291689,34.545174],[132.291826,34.546008],[132.292151,34.546782],[132.292176,34.547324],[132.292276,34.547441],[132.292739,34.547441],[132.293151,34.547532],[132.293476,34.547666],[132.294026,34.548099],[132.295089,34.548491],[132.295501,34.548557],[132.296239,34.548399],[132.296651,34.548491],[132.297513,34.548907],[132.298113,34.549091],[132.298751,34.549207],[132.299863,34.549524],[132.300488,34.549666],[132.30125,34.549891],[132.303463,34.550266],[132.30485,34.550632],[132.305925,34.550816],[132.306625,34.550907],[132.307862,34.551116],[132.309112,34.551349],[132.310037,34.551491],[132.313474,34.551524],[132.313774,34.551616],[132.314237,34.551866],[132.314812,34.551982],[132.315962,34.552507],[132.316399,34.552532],[132.316949,34.552282],[132.318124,34.551516],[132.318561,34.551499],[132.318911,34.551774],[132.319099,34.552199],[132.319236,34.552382],[132.319486,34.552524],[132.319674,34.552724],[132.320086,34.553341],[132.320349,34.553499],[132.320711,34.553566],[132.321174,34.553591],[132.321586,34.553566],[132.322536,34.553441],[132.322811,34.553532],[132.323086,34.553707],[132.323361,34.553799],[132.323711,34.553757],[132.324886,34.553216],[132.325623,34.552932],[132.325923,34.552932],[132.326223,34.552974],[132.327048,34.553049],[132.327511,34.552983],[132.328223,34.552824],[132.328661,34.552808],[132.329148,34.552916],[132.329636,34.553174],[132.329985,34.553424],[132.330348,34.553832],[132.330648,34.554241],[132.330998,34.554982],[132.331048,34.555216],[132.332798,34.554924],[132.333423,34.554857],[132.33501,34.554866],[132.336897,34.555032],[132.338235,34.555216],[132.33881,34.555357],[132.339272,34.555399],[132.33976,34.555408],[132.340197,34.555341],[132.34061,34.555116],[132.34116,34.554641],[132.341372,34.554258],[132.341897,34.553533],[132.342035,34.553108],[132.342447,34.5522],[132.342722,34.551933],[132.343097,34.551733],[132.343347,34.551733],[132.343735,34.551891],[132.344085,34.552141],[132.344572,34.552325],[132.345259,34.552533],[132.347222,34.552966],[132.347734,34.553125],[132.348122,34.553308],[132.348534,34.553583],[132.349509,34.554108],[132.350597,34.55445],[132.351234,34.554591],[132.352234,34.554666],[132.352546,34.5546],[132.354209,34.55365],[132.354696,34.553333],[132.355196,34.553067],[132.356259,34.552617],[132.356784,34.552484],[132.357521,34.55235],[132.357959,34.552309],[132.358659,34.552384],[132.358909,34.552492],[132.359159,34.552767],[132.359321,34.553267],[132.359284,34.5539],[132.359071,34.554667],[132.358734,34.555433],[132.358521,34.555791],[132.358384,34.556291],[132.358371,34.556858],[132.358534,34.557874],[132.358671,34.558216],[132.358971,34.558558],[132.359434,34.558924],[132.359734,34.559033],[132.360146,34.559124],[132.360421,34.559133],[132.360584,34.559083],[132.360696,34.558883],[132.361071,34.557591],[132.361458,34.556533],[132.361771,34.55565],[132.362046,34.555175],[132.362446,34.554608],[132.362646,34.554183],[132.362671,34.55375],[132.362646,34.553417],[132.362533,34.553142],[132.362246,34.552709],[132.361883,34.552417],[132.361471,34.552234],[132.361396,34.552075],[132.361396,34.55185],[132.361321,34.551709],[132.361071,34.551534],[132.360821,34.551234],[132.360684,34.550942],[132.360659,34.550759],[132.360721,34.550642],[132.360859,34.550576],[132.361071,34.550534],[132.361183,34.550559],[132.361646,34.550517],[132.361833,34.550426],[132.361896,34.550334],[132.361946,34.549817],[132.362083,34.549409],[132.362308,34.549092],[132.362771,34.548643],[132.362933,34.548351],[132.362996,34.548118],[132.363208,34.547826],[132.363596,34.547468],[132.363708,34.547193],[132.363758,34.546926],[132.364033,34.546251],[132.364008,34.546001],[132.363771,34.545526],[132.363771,34.545226],[132.363958,34.544868],[132.363983,34.544735],[132.363821,34.544051],[132.363696,34.543693],[132.363471,34.543485],[132.363059,34.543418],[132.362684,34.543418],[132.362296,34.543326],[132.361346,34.543043],[132.360984,34.542843],[132.360909,34.542185],[132.360996,34.54151],[132.360946,34.541302],[132.360746,34.541052],[132.360146,34.540577],[132.359821,34.540193],[132.359721,34.539827],[132.359696,34.539443],[132.359721,34.53906],[132.359884,34.538494],[132.359909,34.538152],[132.359421,34.537994],[132.359209,34.537835],[132.359209,34.537544],[132.359646,34.536385],[132.359759,34.535802],[132.359896,34.535685],[132.360146,34.535602],[132.360384,34.535444],[132.360584,34.535261],[132.360609,34.535011],[132.360584,34.534811],[132.360521,34.534744],[132.360009,34.534736],[132.359621,34.534694],[132.359221,34.534552],[132.358834,34.534461],[132.358396,34.534461],[132.358072,34.534419],[132.357497,34.534236],[132.357197,34.534094],[132.356872,34.533869],[132.356222,34.533636],[132.355884,34.533452],[132.355422,34.533044],[132.354522,34.532636],[132.354009,34.532386],[132.353359,34.531911],[132.353084,34.531611],[132.352697,34.531002],[132.352409,34.530752],[132.352322,34.530727],[132.352159,34.530769],[132.351497,34.531244],[132.351084,34.531377],[132.350984,34.531377],[132.350659,34.531244],[132.350435,34.531036],[132.350297,34.530811],[132.350085,34.530652],[132.34956,34.530352],[132.349397,34.530102],[132.349097,34.529877],[132.348747,34.529669],[132.34851,34.529469],[132.348285,34.529019],[132.34826,34.529036],[132.347847,34.529011],[132.34741,34.529061],[132.34711,34.529036],[132.346535,34.528894],[132.346185,34.528711],[132.345772,34.528277],[132.345447,34.528077],[132.345097,34.527919],[132.344985,34.527777],[132.344935,34.527552],[132.344772,34.527353],[132.344472,34.527194],[132.344122,34.527078],[132.343823,34.526919],[132.34371,34.526686],[132.343548,34.526011],[132.343273,34.525419],[132.342735,34.524694],[132.342573,34.524419],[132.342485,34.524178],[132.342523,34.523878],[132.342598,34.523678],[132.34271,34.523611],[132.343173,34.523586],[132.343748,34.522778],[132.344048,34.522436],[132.34441,34.522145],[132.344948,34.52197],[132.345035,34.521828],[132.345035,34.521628],[132.344985,34.521403],[132.345098,34.520812],[132.345035,34.520587],[132.344523,34.519703],[132.344285,34.519362],[132.343685,34.518837],[132.34346,34.518545],[132.343298,34.517887],[132.342948,34.517687],[132.34276,34.517453],[132.342436,34.516795],[132.342161,34.516462],[132.341973,34.516279],[132.341561,34.516095],[132.341311,34.515887],[132.340661,34.514845],[132.340636,34.514579],[132.340723,34.514462],[132.341048,34.514195],[132.341348,34.513879],[132.341598,34.513512],[132.341648,34.513221],[132.341686,34.512796],[132.341873,34.512454],[132.342148,34.512096],[132.342311,34.511796],[132.342336,34.511662],[132.342536,34.511371],[132.342836,34.511096],[132.343086,34.510946],[132.343136,34.510788],[132.343136,34.510604],[132.342861,34.509988],[132.342698,34.509813],[132.342348,34.509604],[132.342098,34.509263],[132.341811,34.508746],[132.341723,34.508429],[132.341674,34.50668],[132.341974,34.506005],[132.341924,34.50578],[132.341786,34.505505],[132.341736,34.50528],[132.341736,34.50508],[132.341874,34.504896],[132.342399,34.504471],[132.342699,34.504263],[132.342836,34.50413],[132.342699,34.50388],[132.342774,34.503338],[132.342836,34.50323],[132.342586,34.502855],[132.342349,34.502272],[132.342261,34.501955],[132.342311,34.500672],[132.342286,34.500538],[132.341911,34.50033],[132.341586,34.500313],[132.341474,34.500155],[132.341499,34.499814],[132.341661,34.499022],[132.341661,34.498772],[132.341586,34.498664],[132.340824,34.49853],[132.340524,34.498414],[132.340336,34.498239],[132.340174,34.49763],[132.340012,34.49738],[132.339549,34.49718],[132.339412,34.49713],[132.339062,34.496455],[132.338737,34.496097],[132.338387,34.495914],[132.337624,34.495714],[132.337274,34.495305],[132.337199,34.494947],[132.337199,34.494406],[132.337087,34.494222],[132.336787,34.494047],[132.336487,34.493664],[132.336187,34.493389],[132.335375,34.493031],[132.335062,34.492831],[132.3347,34.492539],[132.334112,34.492331],[132.3333,34.492156],[132.332112,34.491997],[132.330975,34.491997],[132.33065,34.492064],[132.330562,34.491997],[132.33035,34.491439],[132.330162,34.491122],[132.329912,34.490831],[132.32945,34.490539],[132.329,34.490397],[132.3287,34.490356],[132.328913,34.489564],[132.328938,34.489181],[132.329013,34.488772],[132.329475,34.488323],[132.329613,34.488056],[132.329725,34.487648],[132.329963,34.487223],[132.330013,34.486948],[132.330013,34.486681],[132.330075,34.486381],[132.3305,34.485756],[132.330775,34.485323],[132.330225,34.484965],[132.329738,34.484556],[132.329475,34.48429],[132.328763,34.483906],[132.328338,34.483748],[132.327575,34.483298],[132.3272,34.482956],[132.3266,34.482756],[132.325688,34.482106],[132.324301,34.480756],[132.323838,34.480573],[132.323651,34.48064],[132.323276,34.480865],[132.323088,34.48089],[132.322901,34.480848],[132.322738,34.480731],[132.322488,34.480623],[132.321676,34.480531],[132.321488,34.48044],[132.321326,34.480215],[132.321163,34.479831],[132.320888,34.479498],[132.320514,34.479115],[132.320164,34.478815],[132.319914,34.478706],[132.319264,34.478798],[132.318939,34.478798],[132.318514,34.478706],[132.318401,34.478664],[132.317839,34.478256],[132.317376,34.478123],[132.317101,34.478014],[132.316864,34.477831],[132.316701,34.477648],[132.316514,34.477539],[132.316101,34.477514],[132.315589,34.477539],[132.314451,34.477656],[132.314289,34.477631],[132.313914,34.477681],[132.313477,34.477764],[132.312939,34.477839],[132.312477,34.477856],[132.311852,34.477722],[132.311289,34.477772],[132.310889,34.477614],[132.310614,34.477572],[132.309852,34.477572],[132.309364,34.477522],[132.308989,34.477439],[132.308339,34.477031],[132.308039,34.476714],[132.307502,34.475948],[132.307527,34.475773],[132.307664,34.475498],[132.307689,34.475139],[132.307602,34.474231],[132.307664,34.473831],[132.307902,34.473623],[132.308577,34.473265],[132.308877,34.472748],[132.309152,34.47254],[132.309302,34.471998],[132.309464,34.471707],[132.309689,34.471432],[132.310414,34.470824],[132.310739,34.470624],[132.310902,34.470557],[132.311439,34.47044],[132.312177,34.470349],[132.312502,34.47024],[132.312739,34.470032],[132.312827,34.46974],[132.312927,34.469066],[132.313039,34.468907],[132.313277,34.468766],[132.313689,34.468632],[132.314039,34.468449],[132.314277,34.468207],[132.314277,34.468049],[132.314139,34.467907],[132.313977,34.467641],[132.313952,34.467299],[132.314064,34.466441],[132.313977,34.465291],[132.313739,34.464416],[132.313814,34.464216],[132.315002,34.462792],[132.314977,34.462517],[132.315052,34.462317],[132.315239,34.462092],[132.315114,34.461975],[132.314864,34.461908],[132.314564,34.461733],[132.314239,34.461442],[132.313939,34.461034],[132.313614,34.460675],[132.313327,34.460425],[132.312964,34.460242],[132.312127,34.45995],[132.311839,34.459817],[132.311614,34.459617],[132.311127,34.45885],[132.310539,34.458042],[132.309852,34.457051],[132.30994,34.456776],[132.310152,34.456509],[132.310452,34.456301],[132.310802,34.456118],[132.311289,34.455959],[132.312364,34.455734],[132.312639,34.455601],[132.313039,34.455326],[132.313402,34.455151],[132.313639,34.454943],[132.313964,34.454401],[132.314264,34.454151],[132.316289,34.45291],[132.316802,34.45266],[132.318664,34.451985],[132.319827,34.451418],[132.320314,34.451118],[132.320389,34.450985],[132.320389,34.450827],[132.319939,34.449952],[132.319852,34.449702],[132.319902,34.449452],[132.320152,34.449227],[132.320552,34.448952],[132.321527,34.448394],[132.322014,34.448077],[132.322414,34.447735],[132.322802,34.44706],[132.322989,34.446969],[132.323639,34.446852],[132.323826,34.446786],[132.323926,34.446669],[132.324114,34.446127],[132.324339,34.445811],[132.324951,34.445136],[132.325251,34.444886],[132.325526,34.444569],[132.326201,34.443469],[132.326526,34.443194],[132.326926,34.442919],[132.327926,34.442086],[132.328651,34.441661],[132.328901,34.441478],[132.329764,34.440486],[132.330514,34.439353],[132.331001,34.438878],[132.331114,34.438836],[132.331389,34.43852],[132.331676,34.438086],[132.331951,34.437953],[132.332251,34.437995],[132.332926,34.43847],[132.333651,34.438761],[132.334789,34.438986],[132.335276,34.439145],[132.336064,34.43957],[132.336951,34.43982],[132.338576,34.44087],[132.339088,34.44112],[132.339226,34.44112],[132.339613,34.440936],[132.339876,34.440761],[132.340126,34.440711],[132.340713,34.440828],[132.341251,34.440711],[132.341738,34.440486],[132.342088,34.440461],[132.342613,34.440553],[132.343125,34.440711],[132.343613,34.440795],[132.344125,34.44082],[132.34455,34.440753],[132.344875,34.44057],[132.3455,34.440095],[132.345713,34.439895],[132.346475,34.439645],[132.346713,34.43962],[132.347475,34.439687],[132.348387,34.440112],[132.348662,34.440112],[132.348987,34.440003],[132.349387,34.439795],[132.35015,34.43912],[132.350525,34.43907],[132.350775,34.439187],[132.350962,34.439412],[132.351337,34.439745],[132.351662,34.440178],[132.3521,34.440578],[132.352475,34.440762],[132.3528,34.440853],[132.353025,34.44087],[132.35315,34.44132],[132.353312,34.44162],[132.353799,34.441753],[132.354837,34.442136],[132.355237,34.442311],[132.355724,34.442311],[132.356162,34.442195],[132.356812,34.442103],[132.357262,34.442195],[132.358137,34.442578],[132.358512,34.442828],[132.359137,34.443411],[132.359274,34.443661],[132.359274,34.443978],[132.359186,34.44427],[132.358887,34.445036],[132.358899,34.445353],[132.358949,34.445553],[132.358899,34.445711],[132.358599,34.446211],[132.358574,34.446478],[132.358599,34.446794],[132.358674,34.447069],[132.358949,34.447361],[132.358999,34.447386],[132.358924,34.447519],[132.358849,34.447994],[132.358899,34.448511],[132.359136,34.449369],[132.359361,34.449636],[132.359899,34.449844],[132.360849,34.450136],[132.361011,34.450152],[132.361661,34.450152],[132.361986,34.450086],[132.362249,34.449861],[132.362761,34.449719],[132.363061,34.449652],[132.363286,34.449561],[132.363336,34.449494],[132.363523,34.449386],[132.364061,34.449311],[132.364198,34.449269],[132.364361,34.449153],[132.364473,34.448994],[132.364986,34.448528],[132.365223,34.448211],[132.365361,34.447936],[132.365386,34.447803],[132.365598,34.447578],[132.365848,34.447511],[132.366311,34.447594],[132.367173,34.447953],[132.367661,34.447978],[132.369448,34.447661],[132.37001,34.44752],[132.370385,34.44752],[132.37101,34.447653],[132.37171,34.447678],[132.372173,34.447811],[132.372448,34.447836],[132.372773,34.447811],[132.37351,34.447878],[132.375097,34.448278],[132.376072,34.44862],[132.37651,34.44862],[132.376697,34.448528],[132.376785,34.448328],[132.376785,34.448095],[132.376885,34.447961],[132.377235,34.447936],[132.37786,34.448053],[132.378885,34.448478],[132.37911,34.448478],[132.379372,34.448278],[132.379597,34.447978],[132.379947,34.447145],[132.38011,34.446895],[132.381834,34.446787],[132.382559,34.44687],[132.383022,34.446803],[132.383322,34.44662],[132.383434,34.446512],[132.383534,34.446195],[132.383372,34.445087],[132.383422,34.444687],[132.383622,34.44437],[132.383672,34.444345],[132.383972,34.444029],[132.384534,34.443579],[132.384947,34.443329],[132.385322,34.443237],[132.385809,34.443212],[132.386459,34.443237],[132.386809,34.443104],[132.387072,34.442896],[132.387509,34.442396],[132.387622,34.442221],[132.387747,34.441837],[132.387747,34.441587],[132.387622,34.441362],[132.387422,34.441138],[132.387372,34.440821],[132.387372,34.440438],[132.387284,34.440188],[132.387022,34.439646],[132.387047,34.439354],[132.387372,34.438954],[132.387422,34.438771],[132.387559,34.438588],[132.387859,34.438021],[132.387909,34.436671],[132.387822,34.436338],[132.387584,34.43593],[132.387209,34.435505],[132.387122,34.435321],[132.387447,34.434805],[132.387522,34.43458],[132.387522,34.434372],[132.387609,34.434122],[132.388122,34.433697],[132.388447,34.433738],[132.389122,34.434097],[132.390096,34.434413],[132.390446,34.43448],[132.391234,34.434505],[132.391396,34.434613],[132.391934,34.435197],[132.392184,34.43538],[132.392396,34.435472],[132.392634,34.435422],[132.393346,34.435222],[132.393771,34.435155],[132.394184,34.435172],[132.394796,34.435463],[132.394909,34.435463],[132.396121,34.43488],[132.396346,34.43463],[132.396533,34.434222],[132.397258,34.433705],[132.397633,34.433389],[132.397833,34.433272],[132.398371,34.433114],[132.398696,34.43298],[132.398858,34.432755],[132.398958,34.432505],[132.399121,34.432414],[132.399208,34.432414],[132.399421,34.432505],[132.399721,34.433022],[132.399796,34.433314],[132.399933,34.433497],[132.400483,34.433789],[132.400696,34.433964],[132.401421,34.433539],[132.401971,34.43333],[132.403295,34.432997],[132.40337,34.432947],[132.403558,34.432747],[132.403908,34.431456],[132.404045,34.431231],[132.404158,34.431189],[132.404445,34.431214],[132.404908,34.431347],[132.405183,34.431256],[132.405583,34.430981],[132.40612,34.430531],[132.406233,34.430506],[132.406933,34.430531],[132.407208,34.430214],[132.407508,34.429939],[132.408095,34.429539],[132.409608,34.428814],[132.409908,34.428789],[132.410695,34.428923],[132.410907,34.429031],[132.411557,34.429239],[132.411932,34.429306],[132.41242,34.429281],[132.413532,34.428914],[132.414395,34.42869],[132.414607,34.428148],[132.414645,34.42779],[132.414607,34.42704],[132.414532,34.426706],[132.414207,34.426048],[132.41412,34.425756],[132.414282,34.425357],[132.414557,34.425057],[132.414745,34.425348],[132.415582,34.426098],[132.416507,34.426723],[132.416807,34.426723],[132.417832,34.426631],[132.418019,34.426656],[132.418319,34.426856],[132.418644,34.427373],[132.418832,34.427781],[132.419132,34.42819],[132.419507,34.428498],[132.421044,34.429381],[132.421432,34.429515],[132.421944,34.429556],[132.422344,34.429515],[132.422669,34.429423],[132.423207,34.429215],[132.424206,34.42854],[132.424569,34.428381],[132.425044,34.428265],[132.425756,34.428081],[132.426406,34.42779],[132.426756,34.428015],[132.426994,34.427923],[132.427919,34.427315],[132.428369,34.426865],[132.429131,34.426023],[132.429644,34.42564],[132.430106,34.425348],[132.430594,34.425098],[132.430918,34.424898],[132.430993,34.424873],[132.428221,34.418839],[132.426521,34.412645],[132.426855,34.407365],[132.425838,34.40249],[132.423602,34.398022],[132.421163,34.393553],[132.416894,34.389084],[132.413641,34.38035],[132.413032,34.373444],[132.413146,34.362521],[132.410459,34.358505],[132.407972,34.359571],[132.404097,34.362404],[132.403934,34.362471],[132.403197,34.362904],[132.402234,34.361713],[132.401859,34.361896],[132.402847,34.363104],[132.399209,34.365088],[132.397484,34.362804],[132.396422,34.362721],[132.396422,34.362379],[132.39411,34.362113],[132.393997,34.362254],[132.393947,34.362454],[132.393972,34.362479],[132.381873,34.361246],[132.381548,34.361654],[132.381135,34.361988],[132.380398,34.361613],[132.380748,34.361096],[132.380423,34.360846],[132.38026,34.360804],[132.378885,34.362554],[132.377748,34.363929],[132.37766,34.363954],[132.376798,34.363571],[132.375973,34.363237],[132.375785,34.363129],[132.37616,34.360879],[132.374885,34.360029],[132.376859,34.352281],[132.376409,34.352173],[132.376384,34.352323],[132.376621,34.352406],[132.375686,34.355946],[132.372761,34.35528],[132.372748,34.355405],[132.375636,34.356088],[132.374348,34.360954],[132.37386,34.360579],[132.372498,34.359985],[132.366748,34.357838],[132.368561,34.354372],[132.371173,34.35503],[132.371223,34.354922],[132.368611,34.354255],[132.369134,34.353131],[132.368972,34.353106],[132.366573,34.357796],[132.361999,34.356096],[132.36511,34.350148],[132.36346,34.349598],[132.36221,34.352072],[132.363622,34.352597],[132.361761,34.356171],[132.366173,34.357846],[132.365348,34.359596],[132.364861,34.359863],[132.364473,34.360221],[132.364686,34.360579],[132.364411,34.360921],[132.364348,34.361504],[132.360736,34.361046],[132.361036,34.359229],[132.361136,34.358754],[132.361381,34.358734],[132.361361,34.358596],[132.360924,34.358371],[132.360461,34.358238],[132.359599,34.358104],[132.358699,34.358013],[132.356499,34.357671],[132.355649,34.357579],[132.353862,34.357304],[132.352912,34.357463],[132.352937,34.357479],[132.351763,34.357029],[132.350488,34.356579],[132.349213,34.356088],[132.348938,34.356063],[132.346988,34.356646],[132.346951,34.356596],[132.346876,34.356463],[132.347063,34.356213],[132.347826,34.355429],[132.347901,34.355096],[132.347738,34.354871],[132.347151,34.354596],[132.346851,34.354529],[132.343477,34.353129],[132.343039,34.353038],[132.342939,34.353063],[132.342639,34.353263],[132.342177,34.353688],[132.341814,34.353896],[132.340565,34.353371],[132.34035,34.353217],[132.340865,34.352805],[132.341391,34.352533],[132.341764,34.352429],[132.343039,34.351921],[132.349863,34.353588],[132.351213,34.351122],[132.340502,34.346972],[132.340377,34.346913],[132.340115,34.346797],[132.339952,34.346747],[132.339852,34.346747],[132.339778,34.346722],[132.33949,34.346622],[132.33929,34.34658],[132.339153,34.346572],[132.339115,34.346455],[132.339053,34.346297],[132.33889,34.346247],[132.33874,34.346213],[132.338665,34.346188],[132.33854,34.346163],[132.338328,34.34613],[132.33814,34.346088],[132.337865,34.346055],[132.337753,34.34603],[132.337615,34.346063],[132.337428,34.34613],[132.337265,34.346197],[132.337078,34.346347],[132.336953,34.346455],[132.336865,34.346555],[132.336765,34.346672],[132.336665,34.346805],[132.336578,34.346913],[132.336478,34.347063],[132.336378,34.34723],[132.336303,34.347338],[132.336253,34.347438],[132.336216,34.347496],[132.333741,34.346622],[132.334928,34.344405],[132.337153,34.345238],[132.339028,34.341989],[132.345952,34.344572],[132.347574,34.34139],[132.34404,34.340031],[132.34399,34.340106],[132.343927,34.340206],[132.343915,34.340264],[132.343865,34.340339],[132.343815,34.340423],[132.336728,34.337756],[132.332729,34.345138],[132.332166,34.34628],[132.331879,34.346796],[132.331754,34.346663],[132.333066,34.34408],[132.329367,34.342447],[132.326654,34.344297],[132.326467,34.34403],[132.325654,34.342614],[132.324892,34.341647],[132.32358,34.34083],[132.32358,34.340789],[132.32388,34.340006],[132.322367,34.339214],[132.32233,34.339014],[132.321493,34.339056],[132.321355,34.338897],[132.32103,34.338872],[132.321055,34.339147],[132.320055,34.339256],[132.319755,34.337772],[132.31978,34.337747],[132.319868,34.337772],[132.320193,34.337731],[132.320218,34.337956],[132.320493,34.337956],[132.320593,34.338381],[132.320655,34.338406],[132.320893,34.338406],[132.321005,34.338672],[132.321193,34.338697],[132.321143,34.337822],[132.321168,34.337797],[132.321818,34.337731],[132.321818,34.337622],[132.32203,34.337597],[132.321955,34.336764],[132.321905,34.336698],[132.319943,34.336831],[132.319868,34.336581],[132.319918,34.336089],[132.319918,34.335714],[132.320005,34.335148],[132.319968,34.334856],[132.320355,34.334856],[132.320405,34.334748],[132.320518,34.333848],[132.320593,34.33344],[132.32078,34.332856],[132.321105,34.332315],[132.32133,34.332048],[132.320893,34.331532],[132.320593,34.331107],[132.320455,34.330565],[132.319093,34.328607],[132.318881,34.328207],[132.318706,34.32724],[132.318681,34.326024],[132.318493,34.325374],[132.318706,34.324991],[132.318656,34.324607],[132.318518,34.324457],[132.318156,34.324699],[132.317943,34.324432],[132.318156,34.324249],[132.318481,34.324024],[132.318818,34.323716],[132.319056,34.323574],[132.319031,34.323349],[132.318868,34.323058],[132.317968,34.322091],[132.317781,34.321958],[132.316144,34.320299],[132.316031,34.320183],[132.315765,34.319936],[132.315544,34.319716],[132.314619,34.318991],[132.313856,34.318366],[132.313831,34.3183],[132.312719,34.3174],[132.312394,34.317375],[132.311732,34.317825],[132.311707,34.317875],[132.311357,34.317916],[132.310032,34.317625],[132.309807,34.317533],[132.309457,34.317175],[132.308807,34.316725],[132.307982,34.316208],[132.307382,34.315875],[132.307257,34.315758],[132.307282,34.315583],[132.307194,34.315466],[132.30657,34.314908],[132.30627,34.314616],[132.306082,34.314591],[132.30592,34.314483],[132.305532,34.314033],[132.305482,34.314008],[132.305157,34.313625],[132.304857,34.313133],[132.305595,34.312592],[132.305757,34.312433],[132.304932,34.310934],[132.30502,34.310392],[132.305145,34.310034],[132.30512,34.309809],[132.304907,34.309759],[132.304795,34.309809],[132.304445,34.309742],[132.304307,34.309834],[132.304282,34.309809],[132.304007,34.309784],[132.30387,34.3099],[132.303332,34.309809],[132.303245,34.309517],[132.303195,34.309467],[132.302432,34.309559],[132.30252,34.309759],[132.302295,34.3099],[132.301945,34.309942],[132.30192,34.3099],[132.302182,34.30965],[132.302157,34.309384],[132.302107,34.309317],[132.30167,34.307742],[132.301507,34.307517],[132.301095,34.307384],[132.300983,34.307384],[132.30082,34.307334],[132.30077,34.307134],[132.30072,34.306142],[132.300608,34.305401],[132.300283,34.305201],[132.299958,34.305067],[132.29832,34.305676],[132.298133,34.305784],[132.298083,34.305676],[132.29827,34.305292],[132.298183,34.305092],[132.297858,34.304667],[132.297695,34.304592],[132.297558,34.304484],[132.297483,34.304392],[132.297183,34.303742],[132.296995,34.303651],[132.296908,34.303492],[132.296027,34.303282],[132.29557,34.303184],[132.294683,34.302892],[132.294546,34.303092],[132.294458,34.303267],[132.294321,34.303226],[132.294221,34.302959],[132.294083,34.302801],[132.293996,34.302776],[132.293046,34.302909],[132.292883,34.302892],[132.292946,34.302801],[132.294133,34.301993],[132.291983,34.300601],[132.291796,34.300576],[132.291333,34.300826],[132.291008,34.301118],[132.290796,34.301201],[132.290796,34.300868],[132.290921,34.300643],[132.291146,34.300459],[132.291283,34.300101],[132.291283,34.300018],[132.290846,34.299926],[132.290546,34.299901],[132.290358,34.299993],[132.290196,34.300018],[132.289896,34.299968],[132.289571,34.299876],[132.289296,34.299726],[132.289109,34.299343],[132.288646,34.298801],[132.287934,34.298259],[132.287684,34.297901],[132.287521,34.29741],[132.287446,34.297026],[132.287171,34.296243],[132.287171,34.296035],[132.287521,34.295518],[132.287796,34.295343],[132.287771,34.295118],[132.287521,34.294935],[132.285371,34.292918],[132.284534,34.29206],[132.284421,34.291993],[132.284147,34.292043],[132.283984,34.29211],[132.283959,34.292177],[132.283797,34.291927],[132.283709,34.291835],[132.283684,34.291677],[132.283797,34.291593],[132.283822,34.291452],[132.283709,34.29116],[132.283909,34.291052],[132.283959,34.291052],[132.284072,34.290827],[132.284009,34.29071],[132.283247,34.290377],[132.283197,34.290402],[132.283009,34.290735],[132.282922,34.290719],[132.282622,34.290469],[132.282409,34.290177],[132.282872,34.289794],[132.282659,34.289635],[132.282297,34.289477],[132.281997,34.289635],[132.281622,34.288944],[132.281397,34.288652],[132.281272,34.288336],[132.281297,34.288136],[132.281809,34.287727],[132.281834,34.287661],[132.281722,34.287544],[132.281484,34.287094],[132.281972,34.286786],[132.282272,34.286536],[132.282372,34.286336],[132.282372,34.286127],[132.282072,34.285769],[132.281784,34.285503],[132.280609,34.284219],[132.27966,34.283303],[132.278272,34.282136],[132.278047,34.281953],[132.277097,34.281211],[132.276747,34.281011],[132.276097,34.280895],[132.275685,34.280695],[132.275197,34.280403],[132.27471,34.280245],[132.27466,34.280295],[132.274573,34.280628],[132.274735,34.281211],[132.274572,34.281461],[132.274273,34.281595],[132.273273,34.281794],[132.272698,34.281869],[132.272673,34.281886],[132.272673,34.281869],[132.272323,34.281728],[132.272048,34.281461],[132.272073,34.280811],[132.272048,34.280745],[132.272785,34.280611],[132.27316,34.280161],[132.273323,34.280178],[132.27341,34.280045],[132.273248,34.279953],[132.273835,34.279395],[132.274273,34.27892],[132.27376,34.278495],[132.27156,34.27717],[132.271223,34.277012],[132.27071,34.276653],[132.269298,34.277712],[132.268736,34.278178],[132.268248,34.278203],[132.267998,34.278387],[132.267623,34.278203],[132.267511,34.278203],[132.267423,34.279486],[132.267486,34.279753],[132.267373,34.280386],[132.267323,34.280386],[132.267298,34.280628],[132.267323,34.280653],[132.267298,34.280853],[132.267186,34.281061],[132.266973,34.281036],[132.265473,34.279078],[132.265173,34.278611],[132.264961,34.278387],[132.264823,34.27832],[132.264523,34.278387],[132.263548,34.278861],[132.263486,34.27872],[132.263786,34.278362],[132.264961,34.277803],[132.265173,34.277778],[132.265248,34.277845],[132.266448,34.277378],[132.266373,34.27722],[132.265961,34.277012],[132.265823,34.276837],[132.266148,34.276678],[132.266286,34.276428],[132.266636,34.27607],[132.266523,34.275845],[132.266498,34.27562],[132.266936,34.27542],[132.266911,34.275129],[132.266661,34.274745],[132.264898,34.273154],[132.264249,34.272587],[132.262724,34.272612],[132.261474,34.272771],[132.261149,34.272771],[132.261199,34.273779],[132.260711,34.273845],[132.260174,34.273962],[132.259624,34.273937],[132.259224,34.27367],[132.259386,34.273554],[132.259436,34.273604],[132.260036,34.272995],[132.259974,34.272746],[132.259811,34.272679],[132.259411,34.272587],[132.258761,34.273129],[132.258561,34.273087],[132.258374,34.27277],[132.257937,34.272229],[132.257974,34.272096],[132.257774,34.271921],[132.257562,34.272004],[132.256774,34.271337],[132.254787,34.270321],[132.254062,34.270029],[132.253487,34.269854],[132.253025,34.269563],[132.251937,34.268638],[132.25145,34.268121],[132.251387,34.267946],[132.2515,34.267804],[132.25155,34.267563],[132.251387,34.267404],[132.250525,34.267088],[132.250225,34.266929],[132.249787,34.266463],[132.249512,34.266013],[132.249512,34.26583],[132.249812,34.26543],[132.249762,34.265113],[132.249075,34.264888],[132.248916,34.264854],[132.248645,34.264791],[132.248286,34.264711],[132.247963,34.264596],[132.247511,34.264485],[132.244388,34.263505],[132.244225,34.263413],[132.243625,34.263222],[132.242775,34.263022],[132.242063,34.26283],[132.241413,34.262563],[132.239963,34.26188],[132.238863,34.261455],[132.238026,34.26113],[132.236651,34.260105],[132.235739,34.259572],[132.234814,34.259147],[132.234264,34.258772],[132.234664,34.258497],[132.234501,34.258455],[132.233726,34.257064],[132.232939,34.257414],[132.231914,34.25573],[132.231014,34.25603],[132.230189,34.254772],[132.230964,34.254456],[132.230464,34.253714],[132.230627,34.253531],[132.230402,34.253256],[132.230039,34.252647],[132.230527,34.251997],[132.230539,34.251364],[132.230264,34.250356],[132.229877,34.249523],[132.229377,34.248756],[132.22859,34.248048],[132.227677,34.247331],[132.226965,34.245915],[132.228877,34.24469],[132.22764,34.235582],[132.225178,34.235757],[132.225028,34.236499],[132.223378,34.236524],[132.222366,34.235882],[132.222278,34.235682],[132.222078,34.234649],[132.221128,34.234607],[132.220603,34.233349],[132.220678,34.232741],[132.221916,34.232358],[132.223191,34.231899],[132.226753,34.230416],[132.22844,34.229775],[132.229515,34.229325],[132.231978,34.228383],[132.235727,34.2267],[132.235365,34.226142],[132.236715,34.225642],[132.236949,34.225053],[132.236752,34.223842],[132.236827,34.2233],[132.236715,34.222875],[132.23744,34.221876],[132.239552,34.218626],[132.24004,34.218018],[132.240293,34.218035],[132.24044,34.218059],[132.240715,34.218168],[132.241565,34.218801],[132.241943,34.219122],[132.245315,34.21441],[132.244952,34.21381],[132.245577,34.210702],[132.245165,34.210727],[132.242753,34.210468],[132.237791,34.20986],[132.235691,34.209585],[132.234041,34.209452],[132.232491,34.209285],[132.231929,34.20926],[132.227854,34.208835],[132.223267,34.208501],[132.220392,34.20811],[132.219405,34.207801],[132.218455,34.207177],[132.21758,34.20646],[132.216542,34.205427],[132.215905,34.20471],[132.215255,34.204085],[132.214593,34.203635],[132.21373,34.203302],[132.213293,34.203177],[132.211043,34.202735],[132.209955,34.202585],[132.209606,34.202585],[132.208543,34.202743],[132.207193,34.203252],[132.206406,34.203702],[132.205718,34.204518],[132.205231,34.205168],[132.204531,34.206026],[132.203893,34.206935],[132.202656,34.207751],[132.202468,34.207818],[132.201431,34.207735],[132.199744,34.207201],[132.198981,34.206618],[132.198181,34.205435],[132.197831,34.204851],[132.197331,34.204493],[132.196494,34.204293],[132.195594,34.204343],[132.194869,34.204593],[132.193719,34.20611],[132.193319,34.206943],[132.193782,34.207643],[132.194519,34.208284],[132.195319,34.209384],[132.195981,34.211001],[132.197669,34.213809],[132.198431,34.215042],[132.198906,34.215959],[132.199131,34.216725],[132.199356,34.218142],[132.199556,34.218992],[132.201205,34.221008],[132.20203,34.22265],[132.202468,34.223341],[132.203205,34.223858],[132.204218,34.224458],[132.20503,34.225041],[132.205442,34.225625],[132.205555,34.225866],[132.205592,34.226883],[132.205442,34.227899],[132.205017,34.228549],[132.204767,34.228666],[132.20363,34.228874],[132.202843,34.228608],[132.20243,34.228116],[132.201793,34.226674],[132.201243,34.225849],[132.200968,34.225558],[132.200318,34.225199],[132.199556,34.225133],[132.198506,34.225524],[132.197618,34.226141],[132.197206,34.226566],[132.196806,34.227241],[132.196868,34.227833],[132.197306,34.228324],[132.198431,34.228899],[132.198643,34.229166],[132.198918,34.229749],[132.198681,34.230249],[132.197981,34.230566],[132.196218,34.230916],[132.194843,34.230924],[132.193719,34.230749],[132.193156,34.23039],[132.192981,34.229916],[132.193194,34.229332],[132.193644,34.228524],[132.193894,34.227957],[132.194206,34.227349],[132.194069,34.226783],[132.193744,34.226424],[132.193219,34.226408],[132.190756,34.227007],[132.189357,34.227216],[132.187207,34.227449],[132.185232,34.227507],[132.18437,34.227599],[132.184045,34.227916],[132.183532,34.22864],[132.182895,34.229432],[132.181782,34.229824],[132.18127,34.22989],[132.17977,34.22974],[132.178683,34.229249],[132.17762,34.22894],[132.176533,34.228432],[132.17547,34.227832],[132.174758,34.227115],[132.174396,34.226374],[132.174208,34.226082],[132.173558,34.225657],[132.172546,34.225216],[132.171708,34.225149],[132.170783,34.225674],[132.169658,34.226399],[132.169171,34.226665],[132.168246,34.226965],[132.167734,34.227199],[132.167409,34.227824],[132.167558,34.228632],[132.168108,34.229082],[132.168233,34.229082],[132.169296,34.228624],[132.170108,34.228374],[132.170758,34.228665],[132.171083,34.229249],[132.170871,34.229807],[132.170371,34.230423],[132.170233,34.231098],[132.170896,34.231973],[132.171383,34.232532],[132.171396,34.23269],[132.171183,34.23339],[132.170583,34.233681],[132.170183,34.233731],[132.167896,34.233606],[132.166946,34.233815],[132.166109,34.233931],[132.165346,34.233756],[132.164909,34.233373],[132.164859,34.23279],[132.164771,34.232631],[132.163821,34.232481],[132.163084,34.232706],[132.162046,34.233773],[132.161146,34.234006],[132.160359,34.234056],[132.159684,34.233806],[132.159409,34.233356],[132.159422,34.232706],[132.159659,34.231831],[132.159984,34.230948],[132.160359,34.230273],[132.160384,34.22984],[132.159784,34.229557],[132.158334,34.229198],[132.157684,34.229182],[132.156984,34.229207],[132.156359,34.229482],[132.156197,34.22964],[132.155659,34.230523],[132.155584,34.230723],[132.155759,34.232098],[132.155684,34.23264],[132.155222,34.233198],[132.154259,34.233589],[132.153197,34.233773],[132.152147,34.234006],[132.151597,34.234298],[132.151085,34.234531],[132.150597,34.234914],[132.15036,34.235589],[132.150397,34.236239],[132.150322,34.236897],[132.149997,34.237122],[132.149785,34.237147],[132.148997,34.237147],[132.14766,34.236997],[132.14671,34.236822],[132.145622,34.236447],[132.145022,34.236364],[132.144835,34.236406],[132.144247,34.236864],[132.143947,34.237856],[132.14391,34.23983],[132.14406,34.240572],[132.144447,34.24123],[132.145097,34.24208],[132.145947,34.242972],[132.146222,34.243555],[132.146147,34.24423],[132.14596,34.245063],[132.145922,34.245855],[132.14611,34.246413],[132.14606,34.24698],[132.145935,34.247496],[132.14601,34.247763],[132.14676,34.248863],[132.147247,34.249805],[132.147472,34.250596],[132.147434,34.251471],[132.147434,34.252596],[132.147334,34.253188],[132.147222,34.253254],[132.146834,34.253988],[132.146647,34.254712],[132.146372,34.256487],[132.146084,34.25737],[132.145585,34.258212],[132.144997,34.25907],[132.144522,34.259545],[132.143547,34.259737],[132.14311,34.259737],[132.141972,34.25982],[132.141122,34.259978],[132.140422,34.260345],[132.139922,34.26092],[132.139635,34.261662],[132.13931,34.262295],[132.138672,34.262978],[132.13776,34.26382],[132.13746,34.264178],[132.136435,34.265903],[132.136185,34.266086],[132.135523,34.266703],[132.135448,34.267261],[132.135998,34.268403],[132.136073,34.269219],[132.135773,34.269761],[132.13511,34.270236],[132.134185,34.270836],[132.133785,34.271286],[132.13361,34.272052],[132.133648,34.27291],[132.133935,34.273827],[132.134798,34.275243],[132.135135,34.276077],[132.135248,34.276885],[132.13556,34.27776],[132.136098,34.278585],[132.13726,34.280085],[132.13926,34.281443],[132.13986,34.282134],[132.140097,34.282943],[132.14021,34.283868],[132.140122,34.284767],[132.139772,34.285467],[132.13916,34.286017],[132.138598,34.286676],[132.13831,34.287534],[132.137698,34.288417],[132.137373,34.288717],[132.13646,34.28935],[132.13536,34.289925],[132.13441,34.290492],[132.133873,34.291017],[132.13266,34.291792],[132.132373,34.292092],[132.131623,34.292641],[132.13091,34.292933],[132.130273,34.293683],[132.129898,34.2943],[132.12966,34.294458],[132.129361,34.2943],[132.128886,34.293541],[132.128436,34.292216],[132.128073,34.291633],[132.127823,34.291475],[132.126836,34.291058],[132.126023,34.290775],[132.125586,34.290817],[132.125398,34.291383],[132.125361,34.29235],[132.125261,34.293033],[132.125398,34.2933],[132.127648,34.294808],[132.128373,34.295524],[132.128573,34.296041],[132.128411,34.296474],[132.128248,34.296566],[132.127436,34.296549],[132.126536,34.296491],[132.124623,34.296141],[132.124198,34.296374],[132.124073,34.296824],[132.124511,34.297341],[132.125861,34.298474],[132.126623,34.299257],[132.12771,34.300557],[132.128423,34.301474],[132.128948,34.302299],[132.129348,34.303132],[132.129548,34.303848],[132.129498,34.304482],[132.12921,34.304798],[132.128448,34.304965],[132.12731,34.305265],[132.127123,34.305357],[132.125498,34.305781],[132.124685,34.306215],[132.12416,34.307006],[132.123673,34.307864],[132.123235,34.308789],[132.122885,34.309631],[132.122735,34.310422],[132.122773,34.311256],[132.122948,34.312064],[132.123335,34.312889],[132.124747,34.31448],[132.124835,34.315022],[132.12471,34.315855],[132.124072,34.318113],[132.123997,34.319055],[132.12411,34.319713],[132.124535,34.320313],[132.125247,34.320738],[132.125684,34.320913],[132.128272,34.321746],[132.129184,34.322238],[132.129209,34.322346],[132.128609,34.323971],[132.128484,34.324812],[132.128571,34.325596],[132.128984,34.326179],[132.129484,34.326554],[132.129571,34.326737],[132.129384,34.327095],[132.128871,34.327912],[132.128209,34.328795],[132.127571,34.32977],[132.127096,34.330928],[132.127021,34.331395],[132.127146,34.332028],[132.127421,34.332611],[132.127421,34.332928],[132.127184,34.333128],[132.125746,34.333686],[132.125371,34.333803],[132.124371,34.333828],[132.122759,34.333686],[132.122511,34.333653],[132.121334,34.333444],[132.120584,34.332853],[132.120097,34.332061],[132.119622,34.331178],[132.119147,34.330528],[132.118534,34.330186],[132.117897,34.330228],[132.117397,34.330545],[132.117209,34.330628],[132.11636,34.330619],[132.115135,34.330219],[132.114172,34.330286],[132.113547,34.330511],[132.11276,34.330286],[132.111935,34.330244],[132.111597,34.330169],[132.110947,34.329644],[132.110297,34.329069],[132.109973,34.328386],[132.109848,34.327811],[132.109623,34.327686],[132.10881,34.327845],[132.107835,34.328003],[132.107535,34.328078],[132.10691,34.328603],[132.106273,34.329086],[132.105585,34.329419],[132.105211,34.330061],[132.104811,34.331061],[132.104361,34.331819],[132.104323,34.331827],[132.103886,34.332327],[132.103848,34.333069],[132.103736,34.333227],[132.103661,34.333802],[132.103523,34.334369],[132.102536,34.334927],[132.101048,34.336577],[132.100948,34.33671],[132.100911,34.336877],[132.100948,34.337043],[132.101011,34.337168],[132.101086,34.337293],[132.101161,34.33746],[132.101198,34.33761],[132.101211,34.33776],[132.101236,34.338027],[132.101261,34.338118],[132.101236,34.338218],[132.101211,34.338418],[132.101148,34.338526],[132.101136,34.338643],[132.101223,34.338585],[132.101136,34.339843],[132.100948,34.340451],[132.101236,34.341176],[132.101373,34.341926],[132.100873,34.343826],[132.101148,34.344392],[132.101386,34.345092],[132.101248,34.345301],[132.099823,34.345992],[132.098811,34.34685],[132.097723,34.347275],[132.097661,34.3478],[132.096811,34.348492],[132.095686,34.350117],[132.095449,34.350275],[132.094461,34.350391],[132.093724,34.350608],[132.093261,34.351241],[132.092936,34.3514],[132.091711,34.350875],[132.090974,34.351075],[132.090861,34.351141],[132.089849,34.351008],[132.089662,34.35105],[132.088787,34.351475],[132.087724,34.352058],[132.087037,34.352941],[132.086324,34.353591],[132.085912,34.354224],[132.086074,34.354907],[132.086199,34.355174],[132.085924,34.355949],[132.085462,34.356782],[132.085349,34.357615],[132.085099,34.357957],[132.084037,34.358224],[132.083925,34.358182],[132.082862,34.357182],[132.080775,34.356715],[132.078488,34.35639],[132.077663,34.35589],[132.076875,34.355549],[132.075788,34.355457],[132.07535,34.355523],[132.073551,34.355698],[132.072001,34.35544],[132.071038,34.35544],[132.069863,34.356273],[132.069838,34.356315],[132.070863,34.357681],[132.071051,34.35804],[132.071101,34.358923],[132.070826,34.36019],[132.071501,34.362073],[132.071688,34.362481],[132.071926,34.363406],[132.071788,34.364539],[132.072026,34.365056],[132.072051,34.365422],[132.072001,34.366322],[132.071863,34.367022],[132.071363,34.367655],[132.071201,34.368564],[132.070726,34.369197],[132.070076,34.369555],[132.070338,34.369989],[132.070426,34.37053],[132.070388,34.370955],[132.071213,34.37123],[132.071888,34.371755],[132.072575,34.371913],[132.072875,34.371938],[132.073013,34.371988],[132.074038,34.37253],[132.074313,34.373213],[132.0745,34.373372],[132.074988,34.374055],[132.075063,34.374822],[132.0746,34.375388],[132.073863,34.375613],[132.073238,34.376171],[132.072688,34.376871],[132.072713,34.377346],[132.073163,34.377896],[132.073513,34.378863],[132.074038,34.379504],[132.074388,34.380254],[132.074713,34.381204],[132.074788,34.382037],[132.075025,34.383104],[132.075675,34.383421],[132.076762,34.383787],[132.077037,34.384354],[132.076875,34.384921],[132.076462,34.385396],[132.076425,34.385687],[132.076587,34.386304],[132.077187,34.386595],[132.077762,34.387479],[132.0777,34.388095],[132.077425,34.388862],[132.077375,34.38922],[132.07715,34.389287],[132.075837,34.389445],[132.074475,34.389503],[132.07205,34.389786],[132.071725,34.389878],[132.071338,34.39022],[132.070575,34.390803],[132.0698,34.390911],[132.06975,34.390978],[132.069775,34.391294],[132.069938,34.391861],[132.070288,34.392161],[132.0711,34.392953],[132.072,34.393927],[132.072237,34.394519],[132.071837,34.394861],[132.070963,34.395352],[132.070812,34.395785],[132.071475,34.396302],[132.071712,34.39766],[132.071875,34.398027],[132.072037,34.398052],[132.072712,34.397735],[132.072887,34.397735],[132.073262,34.398169],[132.073175,34.399252],[132.072875,34.399727],[132.072712,34.400068],[132.0727,34.40081],[132.073025,34.40156],[132.073162,34.401677],[132.073975,34.401793],[132.074225,34.401743],[132.074574,34.402018],[132.074387,34.402718],[132.074049,34.403377],[132.073837,34.403943],[132.074299,34.404168],[132.074512,34.40446],[132.074074,34.405001],[132.073799,34.405685],[132.073487,34.407085],[132.072937,34.407809],[132.072262,34.408326],[132.071787,34.409184],[132.071325,34.409742],[132.070587,34.409876],[132.070225,34.410009],[132.070062,34.410642],[132.070062,34.411301],[132.069975,34.411909],[132.07005,34.412525],[132.0698,34.413267],[132.069612,34.414217],[132.069362,34.41465],[132.068762,34.415142],[132.068725,34.415758],[132.06895,34.416317],[132.069974,34.416775],[132.070387,34.417433],[132.070662,34.4178],[132.071337,34.417917],[132.072124,34.418708],[132.072999,34.419192],[132.073599,34.419642],[132.073611,34.4199],[132.073924,34.421125],[132.073586,34.421658],[132.073774,34.423183],[132.074024,34.423966],[132.074549,34.424233],[132.075149,34.424025],[132.075249,34.424033],[132.076074,34.42455],[132.077323,34.425575],[132.077461,34.425875],[132.077448,34.425925],[132.077361,34.425983],[132.076423,34.426008],[132.076024,34.425975],[132.075186,34.426133],[132.075036,34.426708],[132.075124,34.4276],[132.074924,34.428291],[132.075124,34.429174],[132.075561,34.430391],[132.075673,34.430891],[132.075023,34.431383],[132.074948,34.431949],[132.075048,34.432216],[132.075536,34.432949],[132.075836,34.433624],[132.076061,34.434449],[132.076348,34.435799],[132.076623,34.43684],[132.076998,34.437682],[132.077248,34.437965],[132.078123,34.438674],[132.079048,34.43924],[132.079635,34.439782],[132.079773,34.43999],[132.079973,34.440665],[132.08081,34.441565],[132.08086,34.442315],[132.08116,34.442965],[132.081198,34.44354],[132.080523,34.444306],[132.079835,34.444948],[132.07946,34.445714],[132.078973,34.446373],[132.078598,34.447247],[132.078448,34.448172],[132.07821,34.448714],[132.07796,34.449555],[132.077535,34.450397],[132.077048,34.451097],[132.076423,34.451638],[132.075761,34.45228],[132.075386,34.452913],[132.075498,34.453971],[132.075448,34.45408],[132.074986,34.454429],[132.074311,34.454871],[132.073898,34.455671],[132.073336,34.456629],[132.072586,34.457429],[132.071811,34.458079],[132.071648,34.458437],[132.071411,34.459245],[132.071386,34.460028],[132.071298,34.460795],[132.070986,34.46182],[132.070923,34.46232],[132.070986,34.462653],[132.070473,34.463253],[132.069336,34.464078],[132.067961,34.464869],[132.067886,34.465319],[132.068936,34.466777],[132.068744,34.467366],[132.068527,34.46771],[132.068404,34.468106],[132.068349,34.468368],[132.068311,34.46861],[132.068311,34.469219],[132.067736,34.469744],[132.066823,34.470077],[132.066561,34.470302],[132.066711,34.470893],[132.067173,34.47181],[132.067136,34.472502],[132.066473,34.473477],[132.065561,34.474226],[132.065211,34.475085],[132.064786,34.475943],[132.064011,34.476235],[132.063236,34.476451],[132.062723,34.477176],[132.061961,34.477884],[132.061523,34.478709],[132.061301,34.479312],[132.060673,34.479709],[132.058223,34.480284],[132.057936,34.480751],[132.057261,34.482442],[132.057361,34.483109],[132.057148,34.483725],[132.057223,34.483992],[132.057611,34.484708],[132.057461,34.4853],[132.057561,34.486108],[132.057411,34.486525],[132.057486,34.486625],[132.058098,34.486775],[132.058573,34.487383],[132.058836,34.488191],[132.059535,34.488966],[132.059935,34.489716],[132.059885,34.490458],[132.059923,34.491508],[132.059823,34.492124],[132.059023,34.492858],[132.05791,34.493599],[132.057123,34.494216],[132.055923,34.49559],[132.055161,34.495707],[132.054136,34.495674],[132.053636,34.49609],[132.053524,34.496924],[132.053049,34.497532],[132.052224,34.498882],[132.051299,34.499148],[132.049724,34.499723],[132.048774,34.499173],[132.048437,34.499415],[132.047899,34.500081],[132.04745,34.500306],[132.046925,34.500148],[132.046437,34.500206],[132.046287,34.500256],[132.044762,34.499773],[132.043925,34.499348],[132.0437,34.499373],[132.043038,34.499631],[132.042038,34.499898],[132.04125,34.500214],[132.04105,34.500189],[132.040588,34.499814],[132.040225,34.499731],[132.039463,34.499497],[132.039013,34.499497],[132.038538,34.499956],[132.037751,34.500606],[132.036776,34.500972],[132.036438,34.501397],[132.036588,34.502189],[132.037301,34.502439],[132.038151,34.502622],[132.038551,34.503164],[132.038501,34.503222],[132.038513,34.503497],[132.038788,34.504097],[132.039451,34.504564],[132.040013,34.504714],[132.040563,34.505955],[132.04165,34.506772],[132.041813,34.506813],[132.0425,34.506705],[132.042713,34.506705],[132.042525,34.507522],[132.042613,34.508388],[132.043125,34.508972],[132.043563,34.508872],[132.043725,34.50888],[132.044413,34.50933],[132.045238,34.510322],[132.047225,34.512713],[132.047537,34.513363],[132.04765,34.514071],[132.04745,34.514771],[132.047875,34.515279],[132.048125,34.515338],[132.048612,34.515321],[132.04885,34.515438],[132.0489,34.516154],[132.04855,34.517104],[132.047925,34.518063],[132.047363,34.518671],[132.047513,34.519054],[132.047938,34.519629],[132.048025,34.520421],[132.047863,34.521121],[132.048,34.521537],[132.04845,34.522304],[132.048638,34.523229],[132.049013,34.524129],[132.049613,34.52522],[132.0503,34.525687],[132.050713,34.526162],[132.050663,34.526812],[132.051138,34.528095],[132.051463,34.528637],[132.05165,34.52872],[132.052138,34.529128],[132.052288,34.529378],[132.052387,34.530178],[132.052462,34.530353],[132.052712,34.530328],[132.053425,34.529903],[132.05425,34.529795],[132.0549,34.53002],[132.056424,34.529995],[132.057124,34.529837],[132.057699,34.529595],[132.058162,34.529687],[132.058687,34.530187],[132.058662,34.530653],[132.058937,34.531145],[132.060187,34.53132],[132.061149,34.531512],[132.063049,34.53217],[132.063436,34.532578],[132.063449,34.532803],[132.063336,34.533387],[132.063549,34.533895],[132.063911,34.534087],[132.064486,34.533853],[132.065098,34.533887],[132.066011,34.534428],[132.066698,34.534895],[132.066798,34.53492],[132.067123,34.534595],[132.067648,34.53417],[132.068298,34.53417],[132.069435,34.534404],[132.071198,34.53467],[132.07166,34.534887],[132.072698,34.534895],[132.073635,34.534854],[132.074222,34.534912],[132.075235,34.535729],[132.075397,34.535795],[132.075697,34.536512],[132.075947,34.536912],[132.078397,34.536712],[132.079359,34.536537],[132.079972,34.536637],[132.080684,34.536995],[132.081509,34.53722],[132.083009,34.537262],[132.083846,34.537503],[132.084459,34.537978],[132.084859,34.538603],[132.085159,34.539228],[132.085796,34.53972],[132.086596,34.54022],[132.087446,34.54092],[132.088221,34.541786],[132.088496,34.542736],[132.088671,34.543628],[132.088971,34.544361],[132.089371,34.544944],[132.089871,34.545278],[132.090883,34.545694],[132.091908,34.546219],[132.094308,34.547527],[132.095258,34.548136],[132.096007,34.548811],[132.096657,34.54961],[132.097957,34.551435],[132.09872,34.552835],[132.099919,34.554877],[132.100419,34.55541],[132.101244,34.555776],[132.101919,34.555893],[132.102332,34.55576],[132.102869,34.55566],[132.104506,34.556168],[132.105856,34.556751],[132.106819,34.557118],[132.107244,34.557501],[132.107194,34.557885],[132.107006,34.558268],[132.107231,34.558785],[132.107756,34.55956],[132.108306,34.560093],[132.108731,34.560168],[132.108818,34.560209],[132.109106,34.560618],[132.109781,34.561418],[132.110718,34.561734],[132.111743,34.561868],[132.11363,34.562559],[132.113855,34.562926],[132.114143,34.563809],[132.114443,34.564434],[132.11498,34.564792],[132.115205,34.565092],[132.115455,34.565842],[132.115855,34.566734],[132.115967,34.567892],[132.116092,34.568184],[132.116817,34.568725],[132.11793,34.569884],[132.117967,34.570667],[132.118192,34.571392],[132.118767,34.5721],[132.118967,34.572658],[132.118704,34.574633],[132.118454,34.575691],[132.118142,34.577425],[132.117854,34.577941],[132.117854,34.578091],[132.118129,34.578666],[132.119829,34.580091],[132.121716,34.580849],[132.122479,34.581116],[132.122506,34.581075],[132.122741,34.581049],[132.123429,34.581224],[132.124591,34.581674],[132.125491,34.582241],[132.125828,34.582549],[132.128166,34.58005],[132.128191,34.5796],[132.127916,34.579125],[132.127866,34.578925],[132.128028,34.578383],[132.128303,34.576483],[132.128553,34.575767],[132.129291,34.575042],[132.130278,34.574325],[132.130803,34.573667],[132.130803,34.573442],[132.131103,34.573084],[132.131816,34.572476],[132.132528,34.572317],[132.133303,34.572492],[132.133991,34.572809],[132.134103,34.572834],[132.134653,34.572692],[132.135591,34.572359],[132.136378,34.572334],[132.137403,34.572418],[132.137953,34.572334],[132.138753,34.570684],[132.139053,34.570326],[132.139541,34.569493],[132.139653,34.568568],[132.140203,34.56636],[132.140453,34.565885],[132.141441,34.565318],[132.142428,34.564593],[132.143091,34.563943],[132.143728,34.56351],[132.144166,34.563377],[132.14584,34.563352],[132.147028,34.563668],[132.148403,34.564727],[132.148815,34.564793],[132.149577,34.564477],[132.150052,34.563935],[132.15024,34.562585],[132.150515,34.561952],[132.151177,34.561385],[132.151827,34.560486],[132.15224,34.559836],[132.15244,34.559677],[132.153427,34.559019],[132.153752,34.558753],[132.154989,34.558053],[132.155152,34.557869],[132.155014,34.557419],[132.154577,34.556719],[132.154639,34.55602],[132.155214,34.555386],[132.155514,34.555278],[132.156114,34.554911],[132.156252,34.554445],[132.156614,34.55397],[132.156689,34.553562],[132.156552,34.553337],[132.155977,34.552778],[132.155652,34.551987],[132.155764,34.551195],[132.155764,34.550412],[132.155977,34.549595],[132.156202,34.549304],[132.157651,34.548021],[132.159301,34.546396],[132.160214,34.545721],[132.161251,34.545104],[132.162351,34.544388],[132.162988,34.543638],[132.163338,34.542721],[132.163563,34.542405],[132.164113,34.542263],[132.164526,34.54213],[132.16625,34.541455],[132.167238,34.54118],[132.168013,34.54118],[132.168613,34.541113],[132.1696,34.541722],[132.170675,34.541972],[132.17125,34.541947],[132.172487,34.541763],[132.174062,34.54113],[132.174499,34.541313],[132.175374,34.541488],[132.176399,34.541463],[132.178949,34.54108],[132.180461,34.541014],[132.181648,34.540697],[132.182598,34.540314],[132.183761,34.540155],[132.184636,34.539931],[132.184748,34.539839],[132.184723,34.539231],[132.184611,34.538622],[132.184223,34.538214],[132.183673,34.538039],[132.182074,34.535697],[132.181224,34.534881],[132.180124,34.534139],[132.179437,34.533514],[132.179299,34.533306],[132.179162,34.532881],[132.178887,34.532764],[132.177599,34.533198],[132.176862,34.533106],[132.176137,34.532747],[132.17565,34.532098],[132.174962,34.531531],[132.17425,34.531039],[132.173613,34.530514],[132.17345,34.530339],[132.1727,34.529998],[132.171913,34.529373],[132.171138,34.528289],[132.170288,34.527481],[132.169401,34.526464],[132.168551,34.526131],[132.167039,34.524956],[132.166926,34.52444],[132.166926,34.523806],[132.166651,34.523223],[132.166739,34.522323],[132.167151,34.52149],[132.167839,34.520723],[132.168626,34.520407],[132.169076,34.52009],[132.169763,34.519865],[132.171126,34.519482],[132.171301,34.519257],[132.171263,34.519115],[132.170826,34.518782],[132.170476,34.518057],[132.170526,34.517315],[132.170801,34.516974],[132.172501,34.516499],[132.172863,34.516049],[132.17355,34.515691],[132.175063,34.514766],[132.176075,34.514249],[132.1778,34.513275],[132.178737,34.512825],[132.178925,34.512491],[132.178825,34.511791],[132.178762,34.510975],[132.178812,34.509875],[132.179087,34.509558],[132.179837,34.509425],[132.180324,34.509283],[132.180412,34.5085],[132.180487,34.508367],[132.180899,34.508159],[132.181562,34.507934],[132.181812,34.507459],[132.181837,34.506692],[132.181949,34.505926],[132.182112,34.505792],[132.182774,34.505451],[132.183237,34.505067],[132.183812,34.504984],[132.184249,34.504734],[132.185074,34.503759],[132.185274,34.503601],[132.185786,34.503334],[132.185874,34.503226],[132.186124,34.503109],[132.186286,34.502984],[132.186386,34.502809],[132.186436,34.502651],[132.186449,34.502559],[132.186474,34.502393],[132.186474,34.502276],[132.186449,34.502143],[132.186449,34.502059],[132.186461,34.501993],[132.186474,34.501943],[132.186549,34.501793],[132.186599,34.501751],[132.186636,34.501718],[132.186699,34.501693],[132.186886,34.501593],[132.186924,34.501585],[132.187111,34.501543],[132.187274,34.501526],[132.187486,34.501493],[132.187674,34.501418],[132.187786,34.501293],[132.187836,34.501201],[132.187836,34.501093],[132.187824,34.500918],[132.187811,34.500726],[132.187786,34.500576],[132.187761,34.500443],[132.187786,34.500251],[132.187874,34.500035],[132.187986,34.499835],[132.188124,34.499618],[132.188286,34.499451],[132.188336,34.499335],[132.188373,34.499193],[132.188386,34.499085],[132.188373,34.49896],[132.188323,34.498818],[132.188336,34.498668],[132.188398,34.49851],[132.188486,34.498385],[132.188523,34.49836],[132.188623,34.498327],[132.188773,34.498302],[132.188873,34.498277],[132.188923,34.498277],[132.188961,34.49826],[132.189123,34.498243],[132.189261,34.498235],[132.189673,34.49821],[132.189861,34.498185],[132.190123,34.498118],[132.190248,34.498043],[132.190361,34.497952],[132.190461,34.49781],[132.190623,34.497693],[132.190673,34.497652],[132.190798,34.497568],[132.190948,34.49751],[132.191086,34.497468],[132.191173,34.497443],[132.191411,34.497427],[132.191611,34.497418],[132.191823,34.497477],[132.191911,34.497518],[132.192098,34.497568],[132.192248,34.497568],[132.192336,34.497577],[132.193448,34.49746],[132.193623,34.497419],[132.193698,34.497377],[132.193723,34.49731],[132.193748,34.497194],[132.193735,34.496919],[132.193798,34.496769],[132.193948,34.49666],[132.194398,34.496569],[132.19486,34.49651],[132.19521,34.496469],[132.195673,34.496452],[132.195973,34.496402]]]},"properties":{"pref":"広島県","kuni_id":"K54","yomi":"さえき","name":"佐伯","kuni":"安芸","id":"G54005","id_url":"G54005.html","kuni_url":"/kg/resource/K54.html"},"type":"Feature"},{"type":"Feature","geometry":{"type":"Polygon","coordinates":[[[132.312908,34.255473],[132.31272,34.25424],[132.312233,34.254082],[132.31177,34.25359],[132.311583,34.253432],[132.311495,34.253257],[132.311583,34.253198],[132.311658,34.252832],[132.311658,34.252607],[132.31147,34.252182],[132.31082,34.25184],[132.30982,34.251474],[132.309495,34.251132],[132.30922,34.25054],[132.308758,34.249974],[132.308558,34.249815],[132.308208,34.249432],[132.306021,34.248041],[132.305996,34.247949],[132.306171,34.247566],[132.306171,34.247116],[132.305746,34.246932],[132.305521,34.246932],[132.305521,34.246816],[132.305183,34.246224],[132.304684,34.245482],[132.303946,34.244508],[132.303421,34.244208],[132.303121,34.243774],[132.302871,34.243683],[132.302671,34.243908],[132.301646,34.243316],[132.301046,34.243016],[132.300996,34.242924],[132.300846,34.243016],[132.300671,34.242699],[132.300646,34.242583],[132.300371,34.242608],[132.299996,34.242516],[132.299572,34.242358],[132.299422,34.242216],[132.298959,34.241966],[132.298734,34.241533],[132.298584,34.241516],[132.297684,34.241599],[132.296909,34.241474],[132.296659,34.241224],[132.296634,34.241141],[132.295834,34.240858],[132.295284,34.240608],[132.294934,34.240266],[132.29491,34.239999],[132.29481,34.239933],[132.294597,34.239458],[132.294222,34.239116],[132.294047,34.239091],[132.293572,34.239108],[132.292947,34.23895],[132.29186,34.238916],[132.290697,34.238325],[132.290422,34.238208],[132.289848,34.2378],[132.289248,34.23725],[132.288498,34.23725],[132.287948,34.236816],[132.287423,34.236608],[132.287323,34.236516],[132.287273,34.2364],[132.286698,34.236441],[132.286148,34.236258],[132.285598,34.235808],[132.285335,34.235691],[132.284936,34.235458],[132.284861,34.235125],[132.284761,34.235058],[132.284311,34.234942],[132.283523,34.235358],[132.283273,34.235425],[132.283073,34.235541],[132.282798,34.23545],[132.282523,34.2354],[132.282023,34.235758],[132.281623,34.23605],[132.281123,34.235683],[132.280648,34.235275],[132.280123,34.235183],[132.279798,34.23495],[132.279724,34.234592],[132.279549,34.234683],[132.279399,34.234816],[132.278949,34.234542],[132.278574,34.234225],[132.278649,34.234158],[132.278511,34.233817],[132.278561,34.233367],[132.278236,34.23305],[132.277736,34.233108],[132.277536,34.233358],[132.277386,34.2334],[132.277311,34.233133],[132.277086,34.232883],[132.276711,34.232717],[132.276236,34.23285],[132.275711,34.2328],[132.275536,34.2328],[132.275286,34.232933],[132.274912,34.2328],[132.274912,34.2323],[132.274812,34.231733],[132.274499,34.231442],[132.274299,34.231392],[132.273912,34.23175],[132.273837,34.232383],[132.274137,34.232767],[132.274024,34.233108],[132.272999,34.233642],[132.272562,34.233841],[132.272487,34.234091],[132.272637,34.234858],[132.272362,34.234966],[132.272149,34.235166],[132.272049,34.235466],[132.272024,34.235775],[132.271949,34.23585],[132.271762,34.236275],[132.271187,34.236791],[132.271037,34.237124],[132.270899,34.237666],[132.271049,34.238483],[132.270562,34.239674],[132.271074,34.239949],[132.271199,34.239991],[132.270824,34.240707],[132.270799,34.240891],[132.270974,34.241141],[132.270237,34.242016],[132.269549,34.242507],[132.269074,34.242524],[132.269274,34.243116],[132.269449,34.243232],[132.269612,34.243815],[132.269961,34.244199],[132.270261,34.244657],[132.270649,34.245699],[132.270549,34.245832],[132.270336,34.246507],[132.269886,34.247248],[132.269749,34.247698],[132.269574,34.247923],[132.268661,34.24884],[132.268536,34.248907],[132.268211,34.24929],[132.268086,34.24949],[132.267099,34.25039],[132.266799,34.250631],[132.265737,34.25099],[132.263699,34.251423],[132.262674,34.251573],[132.262374,34.251731],[132.262224,34.252023],[132.262449,34.25209],[132.262587,34.252364],[132.262537,34.252589],[132.262612,34.253239],[132.262787,34.253406],[132.263599,34.253448],[132.263737,34.253514],[132.264062,34.253964],[132.264224,34.254531],[132.264062,34.255131],[132.263849,34.255631],[132.263812,34.255806],[132.263899,34.256414],[132.264311,34.256572],[132.264936,34.256439],[132.265524,34.256122],[132.265936,34.255989],[132.266349,34.256006],[132.266861,34.255897],[132.267236,34.255847],[132.267536,34.256214],[132.267649,34.256572],[132.267724,34.256614],[132.269174,34.256814],[132.269711,34.257197],[132.269848,34.257914],[132.270198,34.258056],[132.270386,34.257981],[132.270711,34.257739],[132.270986,34.257197],[132.271123,34.256839],[132.271336,34.256614],[132.271398,34.256497],[132.271448,34.256547],[132.271423,34.257089],[132.271561,34.257131],[132.271911,34.257064],[132.271961,34.257106],[132.272098,34.257447],[132.272186,34.257514],[132.272211,34.257689],[132.272073,34.257914],[132.272186,34.258231],[132.272023,34.258481],[132.272023,34.258706],[132.272073,34.258814],[132.272161,34.259264],[132.272136,34.259555],[132.272461,34.260122],[132.272761,34.260564],[132.272811,34.261514],[132.272923,34.261672],[132.272973,34.261689],[132.273486,34.261597],[132.273623,34.261672],[132.273598,34.261739],[132.273361,34.261897],[132.273298,34.262005],[132.273323,34.262072],[132.27371,34.262205],[132.27431,34.262363],[132.274798,34.262388],[132.275423,34.26268],[132.276073,34.262838],[132.276348,34.262855],[132.276773,34.262813],[132.277185,34.262905],[132.277298,34.263013],[132.277435,34.263288],[132.277273,34.263622],[132.277248,34.263847],[132.277348,34.264072],[132.277673,34.264363],[132.277923,34.264722],[132.278223,34.265263],[132.278335,34.265396],[132.278872,34.265713],[132.279385,34.266088],[132.27966,34.26618],[132.280047,34.266563],[132.280235,34.26683],[132.28056,34.267055],[132.28061,34.267121],[132.280447,34.267621],[132.280585,34.267938],[132.28091,34.268363],[132.28091,34.26843],[132.28116,34.268896],[132.281372,34.269213],[132.28206,34.269729],[132.282135,34.269863],[132.28206,34.270113],[132.282272,34.270204],[132.282622,34.270138],[132.282547,34.270588],[132.28271,34.271054],[132.282797,34.271171],[132.283284,34.271438],[132.283309,34.271438],[132.283309,34.271687],[132.283472,34.272362],[132.283259,34.272854],[132.283147,34.272987],[132.283034,34.273412],[132.283034,34.273596],[132.283259,34.274154],[132.283334,34.274812],[132.283472,34.275479],[132.283747,34.276245],[132.283772,34.27627],[132.283722,34.276495],[132.283584,34.276787],[132.283584,34.277545],[132.283484,34.27802],[132.283509,34.278062],[132.283697,34.278153],[132.283809,34.278312],[132.283947,34.278695],[132.284322,34.278987],[132.284647,34.27957],[132.284622,34.280112],[132.284647,34.280378],[132.285172,34.281211],[132.285197,34.28137],[132.285409,34.281478],[132.285772,34.281795],[132.286259,34.282628],[132.286471,34.28332],[132.286696,34.283503],[132.287284,34.283436],[132.287446,34.283545],[132.287484,34.283886],[132.287621,34.284194],[132.288296,34.284761],[132.288871,34.285278],[132.288759,34.286311],[132.289084,34.286694],[132.289471,34.286853],[132.289821,34.287277],[132.289934,34.287611],[132.290009,34.287661],[132.290859,34.287794],[132.291046,34.287794],[132.291583,34.288036],[132.291646,34.288036],[132.291808,34.288177],[132.292408,34.288311],[132.292758,34.288486],[132.292996,34.288577],[132.293596,34.288536],[132.294083,34.288761],[132.294283,34.288961],[132.294446,34.289361],[132.294746,34.289586],[132.294871,34.289636],[132.295258,34.289636],[132.295371,34.289586],[132.296233,34.288911],[132.296808,34.288669],[132.296158,34.289877],[132.298895,34.290352],[132.299008,34.290419],[132.299083,34.290736],[132.299658,34.291519],[132.300045,34.291969],[132.300095,34.292077],[132.300533,34.292577],[132.300908,34.292935],[132.301133,34.293335],[132.301508,34.293835],[132.301758,34.29401],[132.301995,34.294102],[132.302595,34.294219],[132.303057,34.294144],[132.303082,34.294127],[132.303582,34.294144],[132.304495,34.294102],[132.304657,34.294144],[132.305232,34.294485],[132.305832,34.294869],[132.306345,34.29491],[132.306545,34.294885],[132.306645,34.29491],[132.307082,34.295177],[132.307632,34.295269],[132.307732,34.29531],[132.307632,34.295427],[132.307682,34.29581],[132.308195,34.295877],[132.308582,34.295969],[132.308682,34.296052],[132.309207,34.296127],[132.309394,34.296102],[132.309794,34.296169],[132.310044,34.296419],[132.310557,34.296569],[132.312107,34.296394],[132.312569,34.296394],[132.312707,34.296369],[132.313257,34.296619],[132.313282,34.29666],[132.313544,34.296169],[132.313682,34.295669],[132.313682,34.295536],[132.313744,34.295586],[132.314119,34.295669],[132.314994,34.295669],[132.315481,34.295786],[132.315994,34.295961],[132.316869,34.296144],[132.317331,34.296277],[132.317569,34.296277],[132.317519,34.296327],[132.317194,34.296344],[132.316831,34.296327],[132.315719,34.296144],[132.315319,34.296211],[132.315181,34.296411],[132.315419,34.296619],[132.315594,34.296702],[132.316106,34.296769],[132.316669,34.296752],[132.317269,34.296661],[132.317519,34.296594],[132.318056,34.296344],[132.318281,34.296277],[132.318744,34.296011],[132.319119,34.295694],[132.319031,34.295536],[132.319006,34.295361],[132.319119,34.295311],[132.319656,34.295269],[132.320019,34.295311],[132.320344,34.295652],[132.320581,34.296144],[132.320643,34.296477],[132.320456,34.296794],[132.320343,34.296819],[132.320019,34.296769],[132.319669,34.296636],[132.319606,34.296636],[132.319306,34.296836],[132.318956,34.297152],[132.318956,34.297377],[132.319206,34.297511],[132.320044,34.297786],[132.320368,34.297919],[132.320893,34.29861],[132.321156,34.299127],[132.321056,34.299244],[132.321106,34.299785],[132.320668,34.299944],[132.320868,34.300185],[132.321131,34.300119],[132.321218,34.300794],[132.321306,34.301085],[132.321381,34.301152],[132.321493,34.301943],[132.321606,34.302185],[132.321768,34.302343],[132.322631,34.302993],[132.323618,34.302885],[132.323781,34.302885],[132.323881,34.303085],[132.324618,34.303043],[132.324993,34.303152],[132.32533,34.30356],[132.325518,34.304902],[132.325443,34.304952],[132.325355,34.305268],[132.32538,34.305376],[132.325568,34.305601],[132.32563,34.305626],[132.325768,34.305576],[132.325705,34.305485],[132.325655,34.305177],[132.325893,34.30526],[132.326068,34.305443],[132.325843,34.305851],[132.32598,34.30596],[132.326493,34.305893],[132.32663,34.305918],[132.326718,34.305893],[132.327093,34.305893],[132.327155,34.305868],[132.327418,34.306051],[132.32753,34.306318],[132.32788,34.306726],[132.328205,34.306793],[132.32838,34.306793],[132.329005,34.306885],[132.329705,34.307193],[132.329892,34.30731],[132.330417,34.307735],[132.330442,34.308143],[132.330555,34.30836],[132.330955,34.308635],[132.331317,34.309035],[132.331417,34.309485],[132.33143,34.310476],[132.331505,34.310876],[132.331555,34.310951],[132.33218,34.310926],[132.332567,34.311193],[132.332892,34.311351],[132.333055,34.311376],[132.33338,34.311309],[132.333567,34.310951],[132.333305,34.310385],[132.333355,34.310051],[132.333567,34.309618],[132.33338,34.309618],[132.333055,34.309535],[132.332917,34.309193],[132.33308,34.308501],[132.333267,34.30816],[132.333805,34.30776],[132.33378,34.30726],[132.333667,34.307218],[132.33408,34.306543],[132.334105,34.306252],[132.334242,34.305868],[132.334455,34.305618],[132.334755,34.305377],[132.335867,34.304652],[132.336492,34.305193],[132.336792,34.305102],[132.336742,34.304877],[132.336379,34.30416],[132.336217,34.303777],[132.335842,34.303735],[132.335754,34.303669],[132.335779,34.303619],[132.336442,34.303685],[132.336742,34.303894],[132.336767,34.304344],[132.336954,34.304635],[132.337417,34.304835],[132.338017,34.30501],[132.338179,34.305193],[132.338067,34.305377],[132.338229,34.30551],[132.338367,34.305552],[132.339154,34.304768],[132.339754,34.304544],[132.339917,34.304294],[132.339992,34.30396],[132.340516,34.303285],[132.340979,34.302969],[132.341166,34.302769],[132.341166,34.30241],[132.340804,34.301802],[132.340154,34.301152],[132.339804,34.301077],[132.339442,34.300719],[132.339229,34.300361],[132.339204,34.300119],[132.339304,34.299752],[132.339529,34.299377],[132.340017,34.299261],[132.340042,34.299236],[132.339879,34.298969],[132.339879,34.298811],[132.340017,34.298544],[132.339817,34.298136],[132.339817,34.298044],[132.339879,34.298119],[132.340204,34.297619],[132.341479,34.296269],[132.342641,34.295303],[132.343616,34.294678],[132.343704,34.294495],[132.343641,34.294178],[132.343666,34.294136],[132.343754,34.294136],[132.344129,34.294003],[132.345004,34.293528],[132.345416,34.293886],[132.345604,34.293886],[132.346041,34.293803],[132.346304,34.293803],[132.346366,34.29382],[132.346579,34.294361],[132.346791,34.294495],[132.346904,34.294745],[132.347066,34.294745],[132.347204,34.29447],[132.347504,34.29407],[132.347691,34.293578],[132.347904,34.293353],[132.348428,34.293103],[132.348478,34.293053],[132.348591,34.292678],[132.348616,34.291978],[132.348591,34.29182],[132.348366,34.291487],[132.347716,34.291062],[132.347416,34.29072],[132.347191,34.29027],[132.347166,34.290112],[132.347279,34.28962],[132.347254,34.28962],[132.347004,34.288745],[132.347116,34.288454],[132.347404,34.287937],[132.347491,34.287554],[132.347379,34.287145],[132.347404,34.286945],[132.347679,34.286562],[132.348029,34.286229],[132.348029,34.285979],[132.347616,34.285621],[132.347454,34.285579],[132.347241,34.284696],[132.347404,34.284112],[132.347679,34.283954],[132.347729,34.283871],[132.347829,34.283129],[132.348029,34.282563],[132.348054,34.282313],[132.347854,34.282096],[132.347691,34.281779],[132.347454,34.281421],[132.347204,34.280904],[132.347129,34.280588],[132.346766,34.280388],[132.346417,34.280138],[132.346304,34.280113],[132.345654,34.279755],[132.345304,34.279488],[132.345192,34.279063],[132.345004,34.27888],[132.344617,34.278746],[132.344404,34.278813],[132.342642,34.278496],[132.341255,34.278005],[132.341005,34.277846],[132.340892,34.277463],[132.34093,34.277288],[132.340892,34.27693],[132.340817,34.276613],[132.340817,34.276255],[132.340942,34.275488],[132.34098,34.274997],[132.34073,34.274522],[132.340317,34.274113],[132.340242,34.273489],[132.340367,34.272972],[132.340205,34.272789],[132.339967,34.272772],[132.339642,34.272839],[132.339617,34.272905],[132.339205,34.272839],[132.33888,34.273105],[132.338692,34.273197],[132.338417,34.273197],[132.338255,34.273155],[132.337817,34.272947],[132.337518,34.272772],[132.33673,34.272614],[132.336218,34.272614],[132.335668,34.272572],[132.335318,34.272455],[132.33483,34.271739],[132.33388,34.270997],[132.33363,34.270839],[132.333468,34.270255],[132.332631,34.269605],[132.332381,34.269222],[132.332106,34.269022],[132.330943,34.268456],[132.330743,34.268322],[132.330668,34.268056],[132.330743,34.267739],[132.330281,34.267331],[132.329656,34.267156],[132.328981,34.267022],[132.328468,34.266822],[132.327544,34.266522],[132.326806,34.266372],[132.326319,34.266189],[132.326181,34.266097],[132.325906,34.265831],[132.325556,34.265181],[132.325231,34.264981],[132.324581,34.264464],[132.324444,34.264306],[132.324006,34.263948],[132.323494,34.263181],[132.323294,34.263048],[132.323031,34.262956],[132.322732,34.262931],[132.322269,34.262956],[132.320769,34.262731],[132.320307,34.262573],[132.319882,34.262464],[132.319582,34.262214],[132.319332,34.261789],[132.319194,34.261298],[132.319244,34.260889],[132.319144,34.260481],[132.318519,34.259673],[132.318294,34.259473],[132.317882,34.259381],[132.317595,34.259365],[132.31697,34.259206],[132.316395,34.258931],[132.315907,34.25864],[132.315582,34.258373],[132.315057,34.257881],[132.314895,34.257815],[132.31447,34.257723],[132.31422,34.257748],[132.313807,34.257206],[132.313245,34.25669],[132.313132,34.25649],[132.313045,34.256215],[132.313133,34.255948],[132.312908,34.255473]]]},"properties":{"pref":"広島県","kuni_id":"K54","yomi":"さえき","name":"佐伯","kuni":"安芸","id":"G54005","id_url":"G54005.html","kuni_url":"/kg/resource/K54.html"}},{"properties":{"pref":"広島県","kuni_id":"K54","yomi":"さえき","name":"佐伯","kuni":"安芸","id":"G54005","id_url":"G54005.html","kuni_url":"/kg/resource/K54.html"},"geometry":{"type":"Polygon","coordinates":[[[132.394502,34.217112],[132.394752,34.217321],[132.394452,34.217579],[132.393677,34.218096],[132.393152,34.218546],[132.39299,34.218754],[132.392415,34.219312],[132.392002,34.219812],[132.391565,34.22042],[132.39134,34.220695],[132.391315,34.220804],[132.391177,34.221004],[132.390715,34.220937],[132.390402,34.221279],[132.39044,34.221304],[132.390377,34.22162],[132.390215,34.221912],[132.390002,34.221928],[132.38989,34.22207],[132.389827,34.222387],[132.389452,34.222587],[132.389365,34.222812],[132.389252,34.222945],[132.38884,34.223262],[132.388702,34.22342],[132.38774,34.224211],[132.38749,34.224345],[132.38739,34.224461],[132.386702,34.224861],[132.386252,34.225161],[132.386015,34.22527],[132.385677,34.22532],[132.385565,34.225545],[132.385377,34.225653],[132.385102,34.225745],[132.38494,34.225945],[132.384877,34.226128],[132.384503,34.226336],[132.38444,34.226445],[132.38444,34.226736],[132.38469,34.227053],[132.384715,34.227144],[132.38469,34.227278],[132.384615,34.227328],[132.384552,34.227728],[132.384415,34.227911],[132.384527,34.228161],[132.384862,34.228329],[132.385302,34.228536],[132.385515,34.229078],[132.385577,34.229353],[132.385515,34.229461],[132.385377,34.229603],[132.385102,34.229644],[132.385077,34.229777],[132.385215,34.230052],[132.385465,34.230069],[132.385715,34.229894],[132.385852,34.229894],[132.386152,34.230002],[132.386427,34.229961],[132.38689,34.229753],[132.38714,34.229978],[132.387227,34.230094],[132.387465,34.230269],[132.387602,34.230227],[132.387665,34.230161],[132.387715,34.230202],[132.38799,34.230252],[132.388077,34.230136],[132.388402,34.230202],[132.38854,34.230411],[132.388865,34.230494],[132.389277,34.230427],[132.389414,34.230494],[132.389452,34.230544],[132.389414,34.230786],[132.389477,34.231102],[132.389552,34.231194],[132.389752,34.231577],[132.389777,34.231869],[132.389752,34.231986],[132.389802,34.232077],[132.389777,34.232769],[132.389727,34.233377],[132.389639,34.233969],[132.389664,34.23401],[132.389614,34.234327],[132.389089,34.234935],[132.389089,34.234985],[132.389364,34.23521],[132.389389,34.235435],[132.389227,34.235769],[132.389289,34.235835],[132.389252,34.235977],[132.389364,34.23611],[132.389664,34.236285],[132.389727,34.236352],[132.389339,34.236602],[132.389289,34.236743],[132.389314,34.237143],[132.389289,34.237193],[132.389389,34.237435],[132.389227,34.237777],[132.389152,34.237868],[132.389152,34.23791],[132.388789,34.238343],[132.388564,34.238502],[132.388427,34.238518],[132.388014,34.238793],[132.387714,34.239177],[132.387739,34.239268],[132.387877,34.239335],[132.387964,34.239351],[132.388289,34.239443],[132.388739,34.239401],[132.388839,34.239418],[132.388977,34.239893],[132.388927,34.240301],[132.388814,34.24066],[132.388539,34.241026],[132.388427,34.241635],[132.388464,34.241651],[132.387964,34.242126],[132.387777,34.242351],[132.387714,34.242351],[132.387464,34.242468],[132.387252,34.242718],[132.387202,34.242826],[132.386927,34.243184],[132.386789,34.243618],[132.386427,34.244043],[132.385964,34.244359],[132.385714,34.244426],[132.385602,34.244651],[132.385689,34.244876],[132.385902,34.245084],[132.385852,34.245417],[132.386014,34.245642],[132.385964,34.246234],[132.385764,34.246592],[132.385239,34.246976],[132.385164,34.247042],[132.385102,34.247384],[132.385164,34.247609],[132.385139,34.248192],[132.384802,34.248534],[132.384664,34.248642],[132.384339,34.24905],[132.384039,34.249209],[132.383814,34.249434],[132.383764,34.249567],[132.383452,34.25],[132.383177,34.250175],[132.382552,34.250517],[132.382464,34.250608],[132.382302,34.2507],[132.382164,34.250717],[132.381977,34.251017],[132.381914,34.251258],[132.381702,34.251483],[132.381527,34.251533],[132.381227,34.251667],[132.381614,34.251825],[132.381527,34.252342],[132.380127,34.25325],[132.37989,34.253258],[132.379402,34.2535],[132.378165,34.253841],[132.377865,34.253883],[132.377515,34.253841],[132.377052,34.253841],[132.376727,34.253908],[132.37629,34.253933],[132.376152,34.253891],[132.375965,34.2536],[132.375827,34.253466],[132.37569,34.253441],[132.375065,34.253716],[132.37474,34.254075],[132.374477,34.254433],[132.374315,34.254908],[132.374477,34.255316],[132.374452,34.255399],[132.374477,34.255608],[132.37464,34.255983],[132.37459,34.256274],[132.374427,34.256524],[132.37419,34.256724],[132.373727,34.256866],[132.373402,34.257049],[132.373327,34.257183],[132.372615,34.257449],[132.372515,34.257541],[132.3725,34.25763],[132.372415,34.257974],[132.372065,34.258174],[132.37204,34.258532],[132.37209,34.258649],[132.372253,34.258807],[132.372253,34.258849],[132.37239,34.258874],[132.3725,34.258821],[132.372627,34.258799],[132.372977,34.258841],[132.373365,34.258957],[132.37399,34.259266],[132.37424,34.259516],[132.374377,34.259757],[132.374565,34.259891],[132.37484,34.260007],[132.375165,34.260207],[132.375327,34.260382],[132.375565,34.260491],[132.375765,34.260674],[132.375902,34.260924],[132.375952,34.261232],[132.375927,34.261882],[132.375827,34.262174],[132.37564,34.26249],[132.375565,34.262765],[132.375665,34.263007],[132.376402,34.263499],[132.376539,34.263857],[132.377089,34.264507],[132.377277,34.264615],[132.377414,34.264615],[132.377827,34.264324],[132.377902,34.264165],[132.377852,34.264007],[132.377902,34.263807],[132.378139,34.263582],[132.378164,34.263424],[132.378089,34.263182],[132.377377,34.262265],[132.377127,34.26199],[132.377077,34.261832],[132.377289,34.261457],[132.377427,34.261407],[132.377764,34.260374],[132.378039,34.260082],[132.378439,34.259857],[132.378627,34.259699],[132.378877,34.259224],[132.379089,34.259107],[132.379527,34.258999],[132.380314,34.258908],[132.380339,34.258791],[132.380227,34.258099],[132.380189,34.258033],[132.379927,34.258033],[132.379889,34.257674],[132.380139,34.257449],[132.380139,34.257083],[132.380239,34.256708],[132.380352,34.256566],[132.380377,34.256791],[132.380352,34.257066],[132.380489,34.257174],[132.381377,34.257058],[132.381602,34.257016],[132.381789,34.257033],[132.381902,34.257099],[132.381927,34.257008],[132.382139,34.256874],[132.382202,34.256874],[132.382302,34.257074],[132.382739,34.257099],[132.383227,34.257049],[132.383827,34.257074],[132.384801,34.257649],[132.384939,34.257849],[132.385051,34.258216],[132.385326,34.258433],[132.385626,34.258366],[132.385864,34.258366],[132.386526,34.258566],[132.387014,34.258766],[132.386989,34.259058],[132.387176,34.259283],[132.387239,34.259458],[132.387101,34.259733],[132.386939,34.259958],[132.386964,34.260199],[132.387101,34.260408],[132.387376,34.260516],[132.387839,34.260449],[132.388214,34.260449],[132.389138,34.260641],[132.389738,34.260866],[132.389926,34.260891],[132.391851,34.260749],[132.392263,34.260766],[132.392701,34.260858],[132.393076,34.260899],[132.393376,34.260849],[132.393776,34.260624],[132.393813,34.260583],[132.394676,34.260533],[132.394863,34.260574],[132.395138,34.260574],[132.39565,34.260374],[132.396763,34.260258],[132.398038,34.260141],[132.39815,34.260158],[132.398388,34.260583],[132.3985,34.260608],[132.398338,34.260133],[132.398175,34.259775],[132.39825,34.259641],[132.398663,34.259775],[132.399013,34.2598],[132.399638,34.259708],[132.400338,34.259633],[132.400613,34.259791],[132.400675,34.259966],[132.401,34.260016],[132.401,34.260175],[132.401562,34.26015],[132.402625,34.26005],[132.402837,34.259941],[132.403187,34.259866],[132.404225,34.2598],[132.404362,34.259775],[132.404437,34.259391],[132.405412,34.259366],[132.405462,34.259325],[132.405437,34.2591],[132.4053,34.258783],[132.4053,34.258625],[132.405575,34.258492],[132.405975,34.258442],[132.40625,34.258558],[132.406412,34.2588],[132.4066,34.258916],[132.407062,34.259025],[132.407312,34.259041],[132.40745,34.259333],[132.407537,34.259358],[132.408287,34.259375],[132.408449,34.259625],[132.408512,34.259625],[132.408512,34.259583],[132.408612,34.259491],[132.408699,34.259308],[132.408724,34.259017],[132.409049,34.25895],[132.409724,34.258675],[132.409974,34.258633],[132.410399,34.258633],[132.411924,34.258892],[132.412062,34.258933],[132.412137,34.259008],[132.412549,34.259092],[132.413012,34.259383],[132.413337,34.25945],[132.413449,34.25965],[132.413424,34.259717],[132.413612,34.260008],[132.413674,34.260033],[132.414049,34.259875],[132.413887,34.259558],[132.413687,34.259267],[132.414074,34.259],[132.414174,34.25915],[132.414399,34.259133],[132.414449,34.259083],[132.414474,34.258908],[132.414986,34.2587],[132.416936,34.258158],[132.417611,34.258058],[132.419024,34.258075],[132.419649,34.258033],[132.420161,34.257808],[132.421711,34.2569],[132.422461,34.256542],[132.423036,34.256175],[132.423411,34.255992],[132.424136,34.255742],[132.424461,34.255542],[132.424923,34.255117],[132.425298,34.254525],[132.425536,34.253876],[132.425586,34.253384],[132.425561,34.253259],[132.425511,34.253151],[132.425536,34.252909],[132.425611,34.252767],[132.425786,34.252251],[132.426186,34.251734],[132.426686,34.251259],[132.426911,34.250718],[132.426961,34.250084],[132.427048,34.249843],[132.427261,34.249701],[132.427648,34.249276],[132.427811,34.249051],[132.428223,34.248668],[132.428561,34.248484],[132.428861,34.248126],[132.428911,34.247993],[132.428998,34.24736],[132.429048,34.246701],[132.429048,34.246301],[132.429023,34.246076],[132.429023,34.245576],[132.429186,34.24506],[132.429236,34.244943],[132.429811,34.244227],[132.430173,34.243635],[132.430261,34.243343],[132.430673,34.243252],[132.430698,34.243277],[132.431361,34.241927],[132.431111,34.24186],[132.431686,34.241319],[132.431873,34.240977],[132.432348,34.240885],[132.432423,34.24066],[132.432998,34.239627],[132.432973,34.239402],[132.433523,34.239561],[132.433635,34.239127],[132.433823,34.239102],[132.434123,34.238319],[132.43391,34.238227],[132.43391,34.238136],[132.434123,34.237911],[132.434535,34.237119],[132.43456,34.236819],[132.43561,34.236819],[132.435673,34.235986],[132.435298,34.235844],[132.434735,34.235928],[132.434698,34.235744],[132.433985,34.235819],[132.43421,34.235211],[132.435473,34.234869],[132.43566,34.234736],[132.436023,34.234578],[132.43666,34.235028],[132.437035,34.234778],[132.437148,34.234753],[132.437073,34.234528],[132.43701,34.234503],[132.43721,34.234261],[132.437448,34.233786],[132.437648,34.233578],[132.437785,34.23302],[132.438085,34.232436],[132.43811,34.232278],[132.438085,34.23207],[132.437885,34.231936],[132.437535,34.23187],[132.43751,34.231462],[132.437285,34.231078],[132.43756,34.23052],[132.438248,34.230295],[132.438298,34.230153],[132.438248,34.229995],[132.437773,34.230153],[132.43776,34.229612],[132.437535,34.229337],[132.438048,34.228862],[132.438248,34.229278],[132.438685,34.229003],[132.438435,34.228645],[132.438635,34.228554],[132.439485,34.228604],[132.439535,34.228512],[132.440035,34.228104],[132.439998,34.227879],[132.439073,34.22772],[132.43901,34.227679],[132.439098,34.227587],[132.439035,34.227204],[132.438823,34.226687],[132.438823,34.22657],[132.438548,34.225987],[132.438548,34.225671],[132.438898,34.225221],[132.438898,34.225154],[132.439535,34.224637],[132.44076,34.224254],[132.441398,34.224937],[132.442235,34.224562],[132.441823,34.224479],[132.441373,34.224096],[132.441398,34.224029],[132.442198,34.223554],[132.442397,34.223687],[132.44256,34.223529],[132.443435,34.223013],[132.444172,34.223463],[132.444422,34.223529],[132.444972,34.223529],[132.44506,34.223546],[132.445035,34.222963],[132.445172,34.222988],[132.44506,34.222779],[132.446597,34.223371],[132.447997,34.223813],[132.448272,34.223838],[132.448797,34.223813],[132.449159,34.223904],[132.449784,34.224288],[132.450359,34.224621],[132.450672,34.224871],[132.450747,34.225162],[132.450534,34.225687],[132.450397,34.225796],[132.449984,34.226721],[132.449847,34.227079],[132.449784,34.227062],[132.449684,34.227146],[132.449684,34.227196],[132.449872,34.227329],[132.449847,34.227396],[132.450097,34.227529],[132.450284,34.227371],[132.450234,34.227287],[132.450609,34.226921],[132.451272,34.226537],[132.452971,34.226196],[132.453309,34.226196],[132.453559,34.226271],[132.453884,34.226404],[132.454046,34.226262],[132.454184,34.226337],[132.454909,34.226937],[132.455509,34.227304],[132.455484,34.227662],[132.455534,34.227704],[132.456446,34.228154],[132.456934,34.228671],[132.457071,34.228987],[132.457071,34.229212],[132.457133,34.229462],[132.457358,34.229595],[132.457296,34.22987],[132.457358,34.230337],[132.457458,34.230545],[132.457546,34.230637],[132.457596,34.230837],[132.457708,34.230995],[132.457771,34.230945],[132.457933,34.230587],[132.458283,34.230162],[132.458533,34.23002],[132.458783,34.229979],[132.458808,34.229529],[132.458583,34.229345],[132.458558,34.229237],[132.458646,34.228737],[132.458783,34.228579],[132.458833,34.228579],[132.459083,34.228337],[132.459383,34.227704],[132.459408,34.227279],[132.459496,34.227071],[132.459708,34.226804],[132.459883,34.226437],[132.459908,34.226304],[132.459983,34.226329],[132.460183,34.226213],[132.460258,34.226013],[132.460321,34.225971],[132.460346,34.225813],[132.460346,34.225788],[132.460596,34.225138],[132.460808,34.224188],[132.460996,34.223688],[132.461608,34.222588],[132.461771,34.222655],[132.461933,34.222313],[132.461933,34.22218],[132.461858,34.22193],[132.462396,34.220922],[132.462508,34.220922],[132.463146,34.22108],[132.463196,34.220922],[132.462921,34.220855],[132.462846,34.220805],[132.462983,34.220447],[132.462758,34.220422],[132.462208,34.220172],[132.462646,34.219363],[132.462783,34.219205],[132.463196,34.219163],[132.463283,34.219097],[132.463633,34.218572],[132.463608,34.218239],[132.464508,34.217289],[132.464546,34.217064],[132.464845,34.216205],[132.46492,34.216164],[132.465583,34.215531],[132.465808,34.215347],[132.465858,34.215347],[132.466108,34.215714],[132.466295,34.215664],[132.467183,34.215281],[132.468108,34.214872],[132.469183,34.214247],[132.469808,34.213748],[132.470083,34.213181],[132.47022,34.212531],[132.470195,34.212348],[132.470308,34.211581],[132.470245,34.210865],[132.470245,34.210165],[132.47017,34.209673],[132.469945,34.209448],[132.46992,34.209198],[132.46997,34.208948],[132.470133,34.208765],[132.47047,34.208765],[132.470983,34.208657],[132.470983,34.208632],[132.47132,34.208723],[132.471483,34.208298],[132.47192,34.208365],[132.47217,34.208382],[132.472582,34.208515],[132.472832,34.208498],[132.472995,34.208182],[132.473357,34.207707],[132.47407,34.206582],[132.474145,34.206307],[132.474095,34.205232],[132.473845,34.203741],[132.473782,34.203066],[132.473895,34.201782],[132.474195,34.200274],[132.47452,34.198808],[132.474983,34.198041],[132.47507,34.197975],[132.47482,34.197091],[132.474958,34.196641],[132.475458,34.195791],[132.475508,34.195583],[132.475008,34.195608],[132.47432,34.195566],[132.47402,34.195475],[132.473695,34.195092],[132.473395,34.194575],[132.473608,34.19455],[132.47352,34.194125],[132.47342,34.193917],[132.47317,34.19385],[132.473358,34.192817],[132.473383,34.19275],[132.473358,34.1927],[132.47322,34.192633],[132.473308,34.192342],[132.47322,34.19225],[132.473271,34.191934],[132.47377,34.191934],[132.474433,34.190717],[132.474595,34.1902],[132.474533,34.189817],[132.474396,34.189551],[132.473846,34.188917],[132.473108,34.188309],[132.473158,34.187609],[132.473183,34.187001],[132.472933,34.186668],[132.472721,34.186101],[132.472358,34.184793],[132.472333,34.183668],[132.472358,34.183285],[132.472333,34.18306],[132.472083,34.183126],[132.471946,34.182743],[132.472084,34.182701],[132.472034,34.182543],[132.471809,34.182568],[132.471784,34.182435],[132.472196,34.182276],[132.472059,34.182093],[132.471809,34.181576],[132.471721,34.181102],[132.471746,34.180943],[132.471721,34.180877],[132.471859,34.180427],[132.471884,34.18031],[132.471859,34.180177],[132.471859,34.179727],[132.472084,34.179518],[132.471296,34.179002],[132.471871,34.178393],[132.472209,34.178535],[132.473396,34.177594],[132.473584,34.177694],[132.473859,34.177635],[132.474159,34.177627],[132.474521,34.177635],[132.474734,34.177669],[132.475133,34.177952],[132.475496,34.177769],[132.476121,34.178127],[132.476946,34.178377],[132.477221,34.178444],[132.477683,34.178485],[132.477821,34.178394],[132.477821,34.178352],[132.477658,34.178235],[132.477521,34.178235],[132.477321,34.178327],[132.477158,34.178035],[132.477021,34.177744],[132.477158,34.176794],[132.477296,34.176794],[132.477346,34.176752],[132.477408,34.176319],[132.477371,34.176144],[132.478008,34.175577],[132.478196,34.175711],[132.478446,34.175552],[132.478558,34.175469],[132.479221,34.175061],[132.479296,34.175036],[132.479383,34.174969],[132.479383,34.174927],[132.479758,34.174586],[132.479933,34.174244],[132.479871,34.174094],[132.479821,34.174094],[132.479571,34.173977],[132.479521,34.173977],[132.479983,34.173777],[132.479658,34.173261],[132.479458,34.172603],[132.479346,34.172061],[132.479433,34.171544],[132.479571,34.171319],[132.479821,34.171344],[132.479946,34.170936],[132.480196,34.170819],[132.480258,34.170486],[132.480471,34.170461],[132.480533,34.170328],[132.481133,34.170553],[132.481183,34.170461],[132.481296,34.169986],[132.481271,34.169936],[132.481083,34.169761],[132.480983,34.16977],[132.480258,34.169678],[132.480246,34.169645],[132.480433,34.169278],[132.481133,34.169128],[132.482158,34.168836],[132.483458,34.168336],[132.483646,34.168528],[132.484283,34.168278],[132.484258,34.168136],[132.484296,34.167462],[132.484221,34.16717],[132.484021,34.166003],[132.484208,34.164962],[132.484496,34.164145],[132.485158,34.163762],[132.485208,34.163612],[132.485558,34.163629],[132.485608,34.16297],[132.485283,34.162987],[132.486446,34.161254],[132.487633,34.160904],[132.48797,34.160771],[132.48832,34.160196],[132.488395,34.159263],[132.488733,34.158521],[132.48907,34.158154],[132.489083,34.157513],[132.48932,34.157021],[132.489308,34.156738],[132.48962,34.155546],[132.490158,34.154988],[132.49022,34.154863],[132.49012,34.154263],[132.489745,34.15373],[132.489658,34.153422],[132.489983,34.15328],[132.490008,34.153138],[132.489808,34.152347],[132.489545,34.152314],[132.489495,34.15223],[132.489533,34.151464],[132.489683,34.150964],[132.489995,34.150889],[132.490133,34.151189],[132.490333,34.151222],[132.490795,34.151014],[132.49092,34.150472],[132.490845,34.149872],[132.490908,34.149789],[132.490845,34.149531],[132.49067,34.149339],[132.48927,34.148681],[132.488908,34.148439],[132.488508,34.148814],[132.487658,34.148306],[132.487483,34.148514],[132.487446,34.148489],[132.487496,34.148172],[132.487408,34.147406],[132.487208,34.147331],[132.487283,34.146723],[132.487408,34.146656],[132.488071,34.146889],[132.488383,34.147173],[132.48842,34.147164],[132.488883,34.146681],[132.489045,34.146639],[132.48972,34.146814],[132.489845,34.146723],[132.489658,34.146239],[132.489208,34.146048],[132.488808,34.146173],[132.487833,34.145889],[132.487671,34.145748],[132.487733,34.145215],[132.487483,34.145073],[132.486783,34.145098],[132.486408,34.144848],[132.486271,34.144623],[132.486308,34.144023],[132.486633,34.14354],[132.486633,34.143348],[132.486833,34.142707],[132.487021,34.14259],[132.487533,34.142573],[132.488295,34.142857],[132.488683,34.143123],[132.489083,34.14354],[132.489258,34.14354],[132.489783,34.143182],[132.489995,34.142482],[132.489808,34.14209],[132.489358,34.141665],[132.489245,34.141232],[132.489133,34.141215],[132.48852,34.14149],[132.487533,34.14179],[132.487083,34.141882],[132.486496,34.14164],[132.485896,34.14169],[132.485283,34.142082],[132.484983,34.142373],[132.484371,34.14319],[132.483571,34.14404],[132.482871,34.144615],[132.482571,34.144815],[132.481884,34.144781],[132.481434,34.144573],[132.481109,34.144115],[132.480309,34.143865],[132.479534,34.14324],[132.478847,34.143273],[132.477834,34.143215],[132.477447,34.142798],[132.476847,34.14244],[132.476597,34.141948],[132.476509,34.141565],[132.47526,34.140757],[132.474222,34.140623],[132.473822,34.140248],[132.473222,34.140098],[132.472185,34.140032],[132.471935,34.139932],[132.47131,34.139323],[132.471085,34.138649],[132.470848,34.138615],[132.470385,34.13819],[132.470323,34.138174],[132.47031,34.138457],[132.470385,34.138715],[132.469923,34.139182],[132.469085,34.139457],[132.468798,34.139523],[132.46831,34.139407],[132.468085,34.138932],[132.467873,34.138582],[132.467548,34.138224],[132.46716,34.138057],[132.466785,34.138149],[132.466173,34.138032],[132.465973,34.137632],[132.466048,34.137149],[132.465511,34.137082],[132.464636,34.137107],[132.464186,34.137015],[132.463623,34.137165],[132.463361,34.136815],[132.462348,34.135041],[132.461861,34.134957],[132.460924,34.134874],[132.460449,34.134999],[132.460374,34.134974],[132.460474,34.134482],[132.460599,34.134332],[132.460524,34.134141],[132.460074,34.134082],[132.459261,34.134357],[132.458674,34.135107],[132.458386,34.135232],[132.457799,34.135191],[132.456599,34.134124],[132.455912,34.133799],[132.455812,34.133799],[132.455599,34.134307],[132.454324,34.133824],[132.454012,34.133866],[132.453349,34.134216],[132.453312,34.134524],[132.453137,34.135024],[132.452099,34.135624],[132.451599,34.135649],[132.451474,34.135532],[132.451212,34.135149],[132.450987,34.134982],[132.450375,34.135199],[132.44975,34.13584],[132.449537,34.136415],[132.449487,34.136415],[132.449025,34.136215],[132.448587,34.135607],[132.44725,34.134649],[132.447,34.133974],[132.446462,34.133424],[132.446225,34.132991],[132.446337,34.132666],[132.446238,34.132374],[132.446138,34.132266],[132.445813,34.132291],[132.44515,34.132741],[132.445038,34.133291],[132.445275,34.135282],[132.4456,34.136157],[132.445837,34.137657],[132.446212,34.138398],[132.446625,34.139057],[132.4465,34.13934],[132.44595,34.13959],[132.445775,34.139373],[132.44545,34.138665],[132.445212,34.138465],[132.44445,34.13689],[132.443425,34.135332],[132.443075,34.135074],[132.442788,34.135082],[132.442725,34.135065],[132.442163,34.135824],[132.44175,34.135807],[132.440825,34.135299],[132.44065,34.134949],[132.440725,34.134549],[132.44035,34.133907],[132.439976,34.133715],[132.439826,34.13349],[132.439676,34.13359],[132.439488,34.133449],[132.439088,34.133449],[132.438413,34.133032],[132.437951,34.132199],[132.437826,34.132149],[132.437351,34.132382],[132.436763,34.132424],[132.436351,34.132307],[132.435613,34.132366],[132.434839,34.132257],[132.434264,34.132041],[132.433639,34.131532],[132.432951,34.130816],[132.432426,34.130007],[132.432001,34.129749],[132.431127,34.128924],[132.430464,34.128699],[132.429814,34.128633],[132.429077,34.128466],[132.428427,34.128691],[132.428639,34.128916],[132.429477,34.129232],[132.430002,34.129849],[132.430577,34.130341],[132.431014,34.130782],[132.431089,34.131224],[132.431064,34.131657],[132.431139,34.132107],[132.431601,34.132299],[132.431951,34.132665],[132.432189,34.13324],[132.432776,34.133824],[132.432951,34.13444],[132.433151,34.134882],[132.433601,34.136148],[132.434163,34.136398],[132.434338,34.136723],[132.435113,34.13714],[132.435751,34.137215],[132.436001,34.13759],[132.436138,34.13794],[132.436588,34.13804],[132.436726,34.13824],[132.437063,34.139123],[132.437276,34.139281],[132.437726,34.139881],[132.437713,34.140165],[132.437288,34.141098],[132.437188,34.142256],[132.436838,34.143014],[132.437063,34.143072],[132.4378,34.143339],[132.438125,34.143922],[132.438338,34.144464],[132.438225,34.144972],[132.438575,34.145239],[132.4394,34.145531],[132.440025,34.145789],[132.440138,34.145947],[132.440125,34.14598],[132.439913,34.146014],[132.439475,34.145855],[132.43945,34.14588],[132.439563,34.14633],[132.439913,34.146905],[132.440075,34.146922],[132.440113,34.146439],[132.440275,34.146272],[132.44115,34.146489],[132.441462,34.146639],[132.442287,34.147447],[132.442612,34.14748],[132.442425,34.147889],[132.442375,34.14828],[132.4425,34.148714],[132.443,34.149055],[132.443087,34.149172],[132.443375,34.149697],[132.44365,34.150438],[132.444037,34.15108],[132.444774,34.151605],[132.444812,34.151947],[132.445574,34.152338],[132.445537,34.152347],[132.444587,34.152047],[132.443737,34.153296],[132.443375,34.153646],[132.442975,34.153646],[132.442875,34.153971],[132.443075,34.154413],[132.443687,34.154821],[132.444462,34.154713],[132.444537,34.15473],[132.444999,34.155496],[132.444649,34.155338],[132.443862,34.155171],[132.443374,34.156388],[132.443387,34.156871],[132.443087,34.156971],[132.443299,34.157279],[132.443912,34.157813],[132.444337,34.158321],[132.445412,34.159462],[132.445899,34.160196],[132.446211,34.160862],[132.446449,34.161571],[132.446486,34.162354],[132.446236,34.162737],[132.445549,34.162862],[132.445386,34.163254],[132.445661,34.164029],[132.446224,34.164187],[132.446361,34.163929],[132.446911,34.16407],[132.448311,34.165279],[132.448973,34.165928],[132.449198,34.16662],[132.449223,34.167287],[132.449661,34.167345],[132.449723,34.167387],[132.449648,34.167837],[132.449148,34.168662],[132.448873,34.168587],[132.448848,34.168553],[132.449011,34.167828],[132.448686,34.167795],[132.448611,34.167828],[132.448223,34.168162],[132.448386,34.16832],[132.447898,34.168712],[132.447448,34.168695],[132.447323,34.168645],[132.446423,34.169178],[132.446048,34.169145],[132.445474,34.16882],[132.445049,34.168495],[132.444536,34.16852],[132.443899,34.168986],[132.443561,34.169578],[132.443574,34.169911],[132.443686,34.169936],[132.443774,34.169945],[132.443936,34.170245],[132.443911,34.170311],[132.444024,34.170803],[132.444374,34.171161],[132.444536,34.171436],[132.444574,34.171861],[132.444486,34.172403],[132.444461,34.173061],[132.444486,34.173327],[132.444411,34.173844],[132.444461,34.174452],[132.444798,34.174994],[132.445173,34.175852],[132.445261,34.176077],[132.445486,34.176794],[132.445398,34.177202],[132.445348,34.177927],[132.445286,34.17806],[132.445373,34.17846],[132.446036,34.179027],[132.447073,34.179818],[132.447186,34.179968],[132.447161,34.179768],[132.447073,34.179677],[132.446936,34.179385],[132.446936,34.179118],[132.446998,34.179093],[132.447273,34.179135],[132.447648,34.179318],[132.447711,34.179318],[132.448011,34.179568],[132.448098,34.179585],[132.448261,34.179543],[132.448648,34.179885],[132.448836,34.179768],[132.449798,34.18056],[132.450373,34.180826],[132.450848,34.180868],[132.451085,34.180851],[132.45106,34.180776],[132.451085,34.18071],[132.451173,34.179902],[132.451335,34.17916],[132.45131,34.179068],[132.451335,34.178593],[132.45111,34.178527],[132.451285,34.178143],[132.452235,34.177694],[132.452623,34.177577],[132.453123,34.177669],[132.453098,34.177919],[132.453585,34.17801],[132.453885,34.17751],[132.454085,34.177602],[132.453923,34.177802],[132.45436,34.178093],[132.45441,34.178093],[132.454548,34.17801],[132.454798,34.178277],[132.45491,34.178343],[132.455098,34.178343],[132.455285,34.178077],[132.455398,34.177577],[132.45546,34.177485],[132.455535,34.176969],[132.45551,34.17681],[132.455535,34.176427],[132.45586,34.175952],[132.45586,34.17591],[132.456173,34.175261],[132.456223,34.175211],[132.456273,34.175236],[132.457322,34.175844],[132.457397,34.175952],[132.457272,34.176269],[132.457222,34.176544],[132.45666,34.178777],[132.45661,34.178818],[132.456247,34.178835],[132.456222,34.178927],[132.45606,34.179152],[132.455897,34.179585],[132.455622,34.180127],[132.455485,34.180143],[132.45441,34.18051],[132.45441,34.180668],[132.454223,34.181818],[132.45441,34.181901],[132.45431,34.182126],[132.454198,34.18211],[132.454035,34.182126],[132.45326,34.182601],[132.452935,34.182893],[132.452548,34.182943],[132.45211,34.183126],[132.451535,34.183459],[132.451098,34.183668],[132.45076,34.183709],[132.450598,34.183776],[132.450648,34.183909],[132.450685,34.183909],[132.450648,34.183934],[132.450098,34.184026],[132.44986,34.184026],[132.44956,34.183934],[132.44956,34.183909],[132.449198,34.183826],[132.44906,34.183934],[132.44901,34.183918],[132.448398,34.183984],[132.447773,34.184251],[132.447711,34.184143],[132.447436,34.184051],[132.447323,34.183918],[132.447248,34.184143],[132.447223,34.184143],[132.447161,34.184751],[132.447111,34.184842],[132.446998,34.185851],[132.446923,34.186459],[132.446698,34.18725],[132.446423,34.187659],[132.446348,34.188042],[132.446211,34.1884],[132.445823,34.188717],[132.445161,34.189008],[132.444586,34.18935],[132.444423,34.189683],[132.444261,34.189892],[132.444173,34.189933],[132.443898,34.190292],[132.443636,34.190966],[132.443911,34.191083],[132.443261,34.192908],[132.443548,34.192891],[132.443523,34.193466],[132.442823,34.193841],[132.443248,34.193966],[132.443211,34.194033],[132.443136,34.194533],[132.443048,34.194624],[132.442673,34.194824],[132.442748,34.195116],[132.442811,34.195207],[132.442723,34.195207],[132.442536,34.195249],[132.438961,34.195432],[132.438574,34.195482],[132.438461,34.195499],[132.437936,34.195432],[132.437836,34.195457],[132.437749,34.195774],[132.437636,34.195932],[132.437474,34.195932],[132.436486,34.195641],[132.436436,34.195441],[132.436624,34.195166],[132.436599,34.195124],[132.436211,34.194899],[132.435936,34.194624],[132.435824,34.194582],[132.435574,34.194532],[132.435249,34.194449],[132.435162,34.194132],[132.435199,34.194041],[132.435062,34.193816],[132.435199,34.193841],[132.435524,34.193774],[132.435499,34.193724],[132.435524,34.193391],[132.435362,34.191424],[132.435599,34.191383],[132.435662,34.191408],[132.435737,34.191358],[132.435874,34.191108],[132.435762,34.190725],[132.435574,34.189891],[132.435524,34.18965],[132.435462,34.1896],[132.435112,34.188542],[132.435024,34.188342],[132.435624,34.187667],[132.435574,34.187325],[132.434724,34.187125],[132.434137,34.184642],[132.434249,34.184467],[132.434287,34.183151],[132.434712,34.183201],[132.434712,34.182734],[132.434499,34.182767],[132.433687,34.179576],[132.4326,34.176918],[132.431612,34.175543],[132.43065,34.175435],[132.430425,34.174643],[132.429875,34.174377],[132.429437,34.174085],[132.429325,34.173877],[132.429375,34.173719],[132.429275,34.17361],[132.428938,34.173044],[132.428825,34.173002],[132.428663,34.173718],[132.428862,34.17451],[132.429025,34.17586],[132.428975,34.176585],[132.4288,34.177368],[132.428612,34.177618],[132.428262,34.178659],[132.427762,34.179426],[132.4276,34.179534],[132.42705,34.180143],[132.426638,34.180259],[132.424638,34.180351],[132.42395,34.180392],[132.423888,34.180376],[132.4237,34.180392],[132.42315,34.180392],[132.423013,34.180417],[132.422875,34.180351],[132.422763,34.180259],[132.422575,34.180309],[132.422488,34.180442],[132.4223,34.180601],[132.422275,34.180851],[132.4223,34.181342],[132.422625,34.182917],[132.422738,34.183775],[132.4229,34.184992],[132.423013,34.185733],[132.422988,34.185892],[132.423175,34.188308],[132.423213,34.189908],[132.42315,34.190808],[132.423125,34.191591],[132.423075,34.192499],[132.422963,34.193266],[132.422713,34.194032],[132.422663,34.194182],[132.422475,34.194457],[132.422025,34.194524],[132.421813,34.194641],[132.4217,34.194949],[132.421788,34.195224],[132.421675,34.195382],[132.42115,34.196507],[132.421038,34.196707],[132.42085,34.19709],[132.420275,34.197523],[132.420225,34.197615],[132.420138,34.197932],[132.419588,34.198473],[132.4195,34.19854],[132.41885,34.198807],[132.41885,34.198857],[132.4183,34.199032],[132.4178,34.199098],[132.417613,34.199082],[132.417113,34.199082],[132.417,34.199123],[132.416975,34.199173],[132.416488,34.19949],[132.416213,34.19969],[132.416076,34.199848],[132.415801,34.200298],[132.415326,34.200748],[132.414201,34.201181],[132.413713,34.201406],[132.413076,34.20204],[132.412338,34.202398],[132.411538,34.202848],[132.410801,34.203189],[132.410276,34.203389],[132.410388,34.203548],[132.409613,34.203823],[132.409538,34.203664],[132.408376,34.204181],[132.407501,34.204406],[132.407476,34.204272],[132.407251,34.204206],[132.407064,34.204364],[132.406701,34.204856],[132.405664,34.206231],[132.404889,34.207022],[132.404114,34.20768],[132.402614,34.20878],[132.401727,34.209663],[132.401264,34.210155],[132.400827,34.210588],[132.400827,34.21063],[132.400277,34.211172],[132.400189,34.211288],[132.399589,34.211938],[132.399014,34.212413],[132.398514,34.212913],[132.397852,34.213471],[132.397389,34.213905],[132.397139,34.214263],[132.396014,34.215463],[132.395714,34.215688],[132.395577,34.215821],[132.395827,34.215913],[132.395364,34.216679],[132.395289,34.216654],[132.394827,34.216587],[132.394502,34.217112]]]},"type":"Feature"},{"geometry":{"type":"Polygon","coordinates":[[[132.444034,34.262941],[132.446906,34.261459],[132.450196,34.259355],[132.452828,34.257382],[132.453721,34.255967],[132.453446,34.255742],[132.451684,34.255167],[132.451184,34.253642],[132.451096,34.253259],[132.451171,34.248026],[132.451046,34.248101],[132.450884,34.248043],[132.450709,34.247935],[132.450671,34.247868],[132.450734,34.247777],[132.450834,34.247618],[132.450771,34.24711],[132.450684,34.247018],[132.449996,34.246752],[132.449859,34.246752],[132.449371,34.24686],[132.448947,34.247218],[132.448884,34.247143],[132.448684,34.247068],[132.448572,34.247193],[132.448484,34.247343],[132.448384,34.247485],[132.448197,34.247543],[132.447984,34.247535],[132.447672,34.24746],[132.447397,34.247327],[132.447084,34.24711],[132.446747,34.246885],[132.446584,34.246777],[132.446322,34.24666],[132.446134,34.246577],[132.445709,34.246302],[132.445634,34.246218],[132.445247,34.245968],[132.444634,34.245652],[132.444334,34.24556],[132.443672,34.24556],[132.442547,34.245493],[132.442022,34.245493],[132.441922,34.245452],[132.441885,34.245227],[132.439822,34.245385],[132.43966,34.245435],[132.439447,34.245435],[132.439447,34.245677],[132.43941,34.245752],[132.439635,34.245793],[132.43961,34.24586],[132.439197,34.246218],[132.438347,34.246718],[132.436935,34.246901],[132.436835,34.246743],[132.43526,34.247351],[132.434523,34.248393],[132.434548,34.248701],[132.434273,34.249043],[132.434135,34.249109],[132.43361,34.249468],[132.433535,34.249493],[132.433148,34.250009],[132.432823,34.251118],[132.432798,34.251451],[132.432598,34.252042],[132.432573,34.252242],[132.432598,34.252467],[132.43271,34.252759],[132.432598,34.253009],[132.43241,34.253192],[132.43246,34.253401],[132.432485,34.253734],[132.432673,34.253984],[132.432898,34.254092],[132.433173,34.254317],[132.433273,34.254542],[132.433523,34.254876],[132.434098,34.254967],[132.434448,34.255117],[132.43551,34.255742],[132.437722,34.25735],[132.438485,34.258025],[132.438785,34.258359],[132.438785,34.258633],[132.438872,34.259075],[132.438985,34.259283],[132.439147,34.259775],[132.43926,34.259883],[132.439797,34.259725],[132.43986,34.259683],[132.440235,34.259767],[132.440397,34.259858],[132.44051,34.260017],[132.440535,34.260333],[132.440672,34.260625],[132.440859,34.260825],[132.441134,34.260842],[132.441384,34.260933],[132.441759,34.261225],[132.442172,34.261242],[132.442384,34.261175],[132.442497,34.2612],[132.442709,34.261425],[132.442722,34.26165],[132.442634,34.26185],[132.442797,34.26205],[132.443209,34.262116],[132.443372,34.262225],[132.444034,34.262941]]]},"properties":{"pref":"広島県","kuni_id":"K54","yomi":"さえき","name":"佐伯","kuni":"安芸","id":"G54005","id_url":"G54005.html","kuni_url":"/kg/resource/K54.html"},"type":"Feature"},{"geometry":{"type":"Polygon","coordinates":[[[132.397591,34.146254],[132.397116,34.146388],[132.396654,34.146888],[132.396229,34.147571],[132.395566,34.148054],[132.394791,34.148371],[132.394454,34.148296],[132.394366,34.148246],[132.393816,34.148271],[132.393429,34.148371],[132.393267,34.148554],[132.393229,34.148696],[132.392729,34.149012],[132.391704,34.149395],[132.390642,34.149895],[132.390092,34.149987],[132.389754,34.149812],[132.389667,34.14947],[132.389592,34.149445],[132.389479,34.149262],[132.389217,34.14932],[132.389067,34.149195],[132.388542,34.149504],[132.388517,34.149645],[132.388117,34.149729],[132.387617,34.149512],[132.38753,34.149545],[132.387542,34.150345],[132.387654,34.150962],[132.387554,34.152078],[132.387479,34.15222],[132.387329,34.152787],[132.387217,34.153495],[132.386642,34.15402],[132.386204,34.154303],[132.386267,34.154711],[132.385654,34.15552],[132.385292,34.155736],[132.38433,34.156519],[132.384205,34.156553],[132.38378,34.156419],[132.383355,34.156361],[132.383192,34.156603],[132.383305,34.157286],[132.383492,34.157969],[132.383317,34.158536],[132.383055,34.159111],[132.383442,34.159952],[132.383455,34.160536],[132.383317,34.161869],[132.383579,34.163335],[132.383504,34.164077],[132.383529,34.164535],[132.383979,34.164793],[132.384029,34.16521],[132.383829,34.165627],[132.383817,34.166076],[132.383479,34.167893],[132.383367,34.168876],[132.382917,34.169693],[132.382917,34.169751],[132.382654,34.169934],[132.382317,34.170418],[132.381579,34.171184],[132.381529,34.171367],[132.381467,34.171409],[132.381717,34.171701],[132.381804,34.171842],[132.382104,34.172134],[132.382129,34.172451],[132.382079,34.172901],[132.381904,34.173259],[132.381879,34.173576],[132.382042,34.173934],[132.382129,34.174026],[132.382079,34.174409],[132.382042,34.174767],[132.382217,34.175017],[132.382517,34.175425],[132.382729,34.175825],[132.382729,34.175967],[132.382867,34.176392],[132.382929,34.176575],[132.383204,34.176959],[132.383417,34.177],[132.383591,34.176975],[132.383804,34.177184],[132.384216,34.177225],[132.384654,34.1774],[132.385179,34.177542],[132.385291,34.177559],[132.385504,34.177475],[132.385679,34.177225],[132.386004,34.176934],[132.386329,34.177],[132.386416,34.176934],[132.386329,34.176617],[132.386391,34.176317],[132.386504,34.176234],[132.386804,34.176167],[132.387291,34.176184],[132.387679,34.176025],[132.387654,34.175959],[132.387704,34.175734],[132.387679,34.175642],[132.387791,34.175192],[132.387929,34.175101],[132.388204,34.174992],[132.388554,34.174992],[132.388616,34.175009],[132.388941,34.175009],[132.389079,34.174967],[132.389441,34.174901],[132.391028,34.175284],[132.391416,34.175392],[132.391966,34.175284],[132.392353,34.174942],[132.392453,34.174876],[132.392678,34.174826],[132.392791,34.174717],[132.392953,34.174376],[132.393178,34.174017],[132.393228,34.174042],[132.393341,34.173992],[132.393616,34.173976],[132.393691,34.173992],[132.393866,34.173951],[132.394353,34.173968],[132.394578,34.174084],[132.394628,34.174084],[132.394853,34.174217],[132.394928,34.174193],[132.395178,34.174084],[132.395178,34.174043],[132.395678,34.173834],[132.395978,34.173518],[132.39609,34.173001],[132.396165,34.172684],[132.396278,34.172301],[132.396303,34.171784],[132.396528,34.171601],[132.397178,34.171468],[132.397215,34.171401],[132.397678,34.170993],[132.397865,34.170768],[132.39804,34.170743],[132.39919,34.170926],[132.399303,34.170926],[132.399678,34.171018],[132.40009,34.171126],[132.400565,34.171351],[132.400615,34.171418],[132.400703,34.171668],[132.400678,34.171943],[132.40084,34.172143],[132.40089,34.172143],[132.400978,34.172235],[132.40139,34.172476],[132.401465,34.172618],[132.40194,34.173109],[132.402152,34.173201],[132.402265,34.173151],[132.402677,34.172843],[132.402652,34.172818],[132.402977,34.172226],[132.403252,34.171776],[132.40334,34.170926],[132.403302,34.170135],[132.403377,34.169427],[132.403965,34.169077],[132.405715,34.168952],[132.406177,34.168319],[132.406565,34.167952],[132.406902,34.167885],[132.407752,34.168002],[132.408889,34.168319],[132.409602,34.168352],[132.410364,34.168552],[132.411952,34.169552],[132.412214,34.16966],[132.412939,34.169727],[132.413189,34.169652],[132.413064,34.169327],[132.412627,34.168494],[132.412364,34.168327],[132.411614,34.167985],[132.411489,34.16776],[132.411164,34.167469],[132.410902,34.167619],[132.410727,34.167044],[132.410802,34.166852],[132.411252,34.166627],[132.411852,34.166602],[132.412864,34.165444],[132.413477,34.165102],[132.413914,34.164594],[132.414164,34.164411],[132.414364,34.164078],[132.414464,34.163336],[132.414214,34.162378],[132.414639,34.161695],[132.414639,34.161478],[132.414339,34.16052],[132.414602,34.159845],[132.414827,34.159578],[132.415564,34.159162],[132.416702,34.158787],[132.417389,34.158453],[132.417402,34.15797],[132.417152,34.15717],[132.416989,34.15647],[132.416152,34.155537],[132.416052,34.154987],[132.415452,34.154054],[132.415089,34.153262],[132.414839,34.152404],[132.414352,34.151487],[132.413865,34.150788],[132.413152,34.150229],[132.412365,34.149738],[132.412102,34.149613],[132.41154,34.149496],[132.41104,34.149621],[132.41064,34.149754],[132.410103,34.149588],[132.409528,34.149021],[132.408928,34.148804],[132.407065,34.149088],[132.40644,34.148996],[132.40629,34.148954],[132.406078,34.148413],[132.40574,34.148021],[132.40524,34.147829],[132.404766,34.147854],[132.404691,34.147829],[132.404441,34.148146],[132.403878,34.148213],[132.403016,34.148071],[132.402966,34.147404],[132.402628,34.147246],[132.402178,34.147204],[132.401591,34.146771],[132.401328,34.147138],[132.400741,34.147521],[132.399478,34.147771],[132.399241,34.147646],[132.398829,34.146779],[132.398691,34.146604],[132.397591,34.146254]]]},"properties":{"pref":"広島県","kuni_id":"K54","yomi":"さえき","name":"佐伯","kuni":"安芸","id":"G54005","id_url":"G54005.html","kuni_url":"/kg/resource/K54.html"},"type":"Feature"}]}