{"type":"FeatureCollection","features":[{"properties":{"kuni_url":"/kg/resource/K55.html","id_url":"G55003.html","kuni":"周防","id":"G55003","name":"都濃","yomi":"つの","kuni_id":"K55","pref":"山口県"},"geometry":{"type":"Polygon","coordinates":[[[131.820286,34.302441],[131.820336,34.302491],[131.820461,34.302541],[131.820624,34.302683],[131.820849,34.302774],[131.821036,34.302816],[131.821299,34.302899],[131.821449,34.302958],[131.821549,34.303033],[131.821661,34.303133],[131.821824,34.303433],[131.821924,34.303633],[131.821949,34.303758],[131.821936,34.303991],[131.821836,34.304608],[131.821886,34.304816],[131.822161,34.304899],[131.822398,34.304999],[131.822836,34.305124],[131.823136,34.305183],[131.823261,34.305224],[131.823498,34.305283],[131.823673,34.305299],[131.824098,34.305266],[131.824373,34.305216],[131.824623,34.305158],[131.824811,34.305116],[131.824986,34.305016],[131.825136,34.304874],[131.825336,34.304708],[131.825561,34.304566],[131.826136,34.304358],[131.826398,34.304274],[131.826698,34.304191],[131.826986,34.304083],[131.827236,34.303958],[131.827473,34.303858],[131.827686,34.303733],[131.827786,34.303691],[131.827923,34.303666],[131.828148,34.303641],[131.82831,34.303683],[131.82856,34.303758],[131.828835,34.303799],[131.828998,34.303799],[131.82911,34.303749],[131.829198,34.303633],[131.829298,34.303491],[131.829448,34.303283],[131.829598,34.303125],[131.829735,34.302966],[131.829848,34.302825],[131.830023,34.302741],[131.830273,34.302633],[131.830498,34.302583],[131.830873,34.302566],[131.83116,34.302583],[131.831385,34.302691],[131.83161,34.302916],[131.83161,34.30295],[131.831673,34.3031],[131.831735,34.303208],[131.831885,34.303308],[131.83216,34.303383],[131.83231,34.303533],[131.83231,34.303716],[131.832398,34.303816],[131.832523,34.304016],[131.832573,34.304249],[131.832573,34.304474],[131.832573,34.305008],[131.83256,34.305233],[131.83251,34.305608],[131.832435,34.305974],[131.832435,34.306449],[131.83251,34.306674],[131.83266,34.306932],[131.832835,34.307082],[131.833047,34.307266],[131.833185,34.307416],[131.833222,34.307524],[131.833235,34.307749],[131.833185,34.307974],[131.833135,34.308316],[131.83311,34.308607],[131.83321,34.308932],[131.833322,34.309091],[131.833447,34.309241],[131.833572,34.309366],[131.833835,34.309724],[131.83396,34.309865],[131.834172,34.310024],[131.834235,34.310157],[131.834235,34.310332],[131.834235,34.31044],[131.834109,34.310899],[131.834084,34.310957],[131.834059,34.311074],[131.834047,34.31119],[131.834159,34.311257],[131.834372,34.311265],[131.834697,34.311232],[131.835309,34.311299],[131.835684,34.311365],[131.835959,34.311374],[131.836272,34.311365],[131.836484,34.311299],[131.836759,34.311182],[131.836834,34.311132],[131.837122,34.310874],[131.837272,34.310715],[131.837384,34.310574],[131.837409,34.310415],[131.837422,34.310157],[131.837472,34.309974],[131.837547,34.309899],[131.837597,34.309774],[131.837622,34.309674],[131.837609,34.309591],[131.837597,34.309449],[131.837597,34.309332],[131.837597,34.309224],[131.837584,34.309124],[131.837647,34.308982],[131.837784,34.308832],[131.837909,34.308757],[131.838184,34.308666],[131.838359,34.308649],[131.838634,34.308682],[131.838922,34.308749],[131.839447,34.308724],[131.839571,34.308724],[131.839671,34.308749],[131.839771,34.308807],[131.839884,34.308857],[131.840021,34.308882],[131.840134,34.308857],[131.840184,34.308824],[131.840234,34.308741],[131.840234,34.308599],[131.840271,34.308507],[131.840321,34.308441],[131.840409,34.308374],[131.840521,34.308341],[131.840609,34.308291],[131.840834,34.308349],[131.840921,34.308366],[131.841109,34.308324],[131.841284,34.308366],[131.841421,34.308424],[131.841746,34.308599],[131.841909,34.308749],[131.842034,34.308907],[131.842059,34.308974],[131.842246,34.309566],[131.842371,34.309757],[131.842621,34.309924],[131.842834,34.310032],[131.843158,34.310116],[131.843283,34.310116],[131.843571,34.310232],[131.843821,34.310391],[131.844071,34.310599],[131.844221,34.310691],[131.844258,34.310724],[131.844308,34.310741],[131.844783,34.310857],[131.844833,34.310882],[131.844921,34.310899],[131.845121,34.310932],[131.845371,34.310841],[131.845558,34.310716],[131.845646,34.310657],[131.846271,34.310157],[131.846433,34.310082],[131.846533,34.310007],[131.846596,34.309907],[131.846633,34.309832],[131.846633,34.309332],[131.846683,34.309166],[131.846696,34.309049],[131.846871,34.308799],[131.847133,34.308499],[131.847358,34.308333],[131.847458,34.308241],[131.847583,34.308158],[131.847646,34.308083],[131.848096,34.307774],[131.848271,34.307683],[131.848908,34.307441],[131.849008,34.307366],[131.849495,34.307208],[131.849658,34.307158],[131.850083,34.30695],[131.85032,34.3068],[131.850545,34.306683],[131.850645,34.30665],[131.85072,34.306608],[131.850795,34.306575],[131.850933,34.306558],[131.851108,34.306541],[131.85147,34.306575],[131.85187,34.306516],[131.852083,34.306516],[131.852208,34.306483],[131.852333,34.306383],[131.852608,34.306308],[131.852845,34.306266],[131.85292,34.306258],[131.85297,34.306258],[131.853045,34.3063],[131.853233,34.306416],[131.853595,34.306516],[131.853857,34.306525],[131.85412,34.3065],[131.854407,34.306516],[131.85462,34.306591],[131.854782,34.306583],[131.854957,34.30655],[131.85507,34.3065],[131.855145,34.306416],[131.855257,34.306283],[131.855295,34.306225],[131.855357,34.306183],[131.85552,34.306166],[131.85567,34.306166],[131.855832,34.306116],[131.855995,34.306058],[131.857095,34.305508],[131.85717,34.305425],[131.857232,34.305333],[131.857482,34.305225],[131.857595,34.305142],[131.85767,34.305075],[131.857757,34.305033],[131.857857,34.305017],[131.85807,34.305142],[131.858245,34.305158],[131.858532,34.305075],[131.858795,34.305083],[131.858945,34.305092],[131.859319,34.305042],[131.859394,34.305025],[131.859469,34.304992],[131.859557,34.304892],[131.859744,34.3048],[131.859894,34.304725],[131.860044,34.304708],[131.860157,34.304692],[131.860282,34.304708],[131.860394,34.304742],[131.860582,34.304875],[131.860669,34.304983],[131.860744,34.305075],[131.860882,34.305175],[131.860969,34.305208],[131.861094,34.305233],[131.861182,34.305317],[131.861244,34.305417],[131.861244,34.3055],[131.861219,34.305592],[131.861257,34.3057],[131.861407,34.305758],[131.861594,34.30575],[131.861719,34.305725],[131.861894,34.305508],[131.861944,34.30545],[131.862019,34.305417],[131.862332,34.30545],[131.862807,34.3054],[131.862894,34.305392],[131.863144,34.305425],[131.863319,34.3055],[131.863444,34.305592],[131.863594,34.305658],[131.863794,34.305783],[131.864032,34.3059],[131.864269,34.305933],[131.864581,34.306008],[131.864731,34.3061],[131.864844,34.306158],[131.864981,34.306233],[131.865106,34.306242],[131.865231,34.306233],[131.865406,34.30615],[131.865531,34.3061],[131.865694,34.30605],[131.865831,34.306058],[131.865981,34.306008],[131.866219,34.305867],[131.866294,34.305808],[131.866394,34.305775],[131.866469,34.30575],[131.866769,34.305767],[131.866894,34.305667],[131.867006,34.305567],[131.867069,34.305517],[131.867156,34.305475],[131.867369,34.305425],[131.867481,34.3054],[131.867731,34.305375],[131.868119,34.305375],[131.868244,34.305342],[131.868494,34.305183],[131.868581,34.3051],[131.868669,34.305058],[131.868931,34.305075],[131.869081,34.305042],[131.869256,34.305025],[131.869381,34.305033],[131.869531,34.305058],[131.869631,34.305075],[131.869756,34.305133],[131.869894,34.305258],[131.869919,34.305342],[131.869931,34.305392],[131.870031,34.305583],[131.870381,34.305825],[131.870506,34.3059],[131.870631,34.305983],[131.870743,34.306108],[131.870993,34.306542],[131.871156,34.306725],[131.871306,34.306833],[131.871443,34.307025],[131.871468,34.307208],[131.871506,34.307375],[131.871581,34.307383],[131.871868,34.307383],[131.872006,34.307417],[131.872106,34.307475],[131.872256,34.307658],[131.872542,34.307831],[131.872568,34.308316],[131.872718,34.308433],[131.872993,34.308575],[131.873318,34.308683],[131.873843,34.308783],[131.874143,34.308733],[131.874518,34.308625],[131.875743,34.309066],[131.876618,34.3093],[131.877443,34.309391],[131.87838,34.30935],[131.878905,34.309383],[131.87918,34.309491],[131.879605,34.309541],[131.87968,34.309516],[131.879955,34.309275],[131.880455,34.309033],[131.880893,34.308758],[131.881143,34.308692],[131.881193,34.308425],[131.881343,34.308317],[131.881518,34.307817],[131.881855,34.307575],[131.88193,34.307392],[131.88178,34.30705],[131.88168,34.307009],[131.88138,34.30705],[131.88118,34.306984],[131.881155,34.306934],[131.88118,34.306709],[131.881355,34.306575],[131.881455,34.306534],[131.88158,34.3064],[131.881643,34.306309],[131.881568,34.306192],[131.881168,34.306075],[131.880668,34.30565],[131.879993,34.30555],[131.879768,34.305484],[131.879718,34.304825],[131.879756,34.304509],[131.880031,34.303767],[131.880006,34.303542],[131.879856,34.303342],[131.879968,34.302776],[131.879843,34.302659],[131.879443,34.302551],[131.879093,34.302342],[131.878918,34.301976],[131.878906,34.301393],[131.878931,34.301301],[131.879131,34.301101],[131.879806,34.300743],[131.880443,34.300368],[131.880968,34.300234],[131.881268,34.299851],[131.881418,34.299759],[131.881556,34.29956],[131.881581,34.299226],[131.881656,34.299068],[131.881656,34.29886],[131.881606,34.29886],[131.881544,34.29841],[131.881794,34.298168],[131.882019,34.298051],[131.882218,34.298035],[131.882368,34.297968],[131.882519,34.297401],[131.882256,34.296902],[131.882081,34.296543],[131.882031,34.296135],[131.882094,34.29571],[131.882369,34.295077],[131.882369,34.29501],[131.882194,34.294918],[131.882169,34.294719],[131.882356,34.293952],[131.882281,34.293835],[131.882056,34.293744],[131.881881,34.293494],[131.881969,34.293135],[131.881819,34.292477],[131.881694,34.29216],[131.881656,34.291827],[131.881794,34.289977],[131.881682,34.289119],[131.881332,34.287986],[131.880944,34.287194],[131.880182,34.285994],[131.880157,34.285836],[131.880607,34.283803],[131.880719,34.28252],[131.880794,34.282111],[131.881019,34.28167],[131.881257,34.281303],[131.881457,34.28052],[131.881719,34.279953],[131.881944,34.279687],[131.882169,34.279353],[131.882232,34.278945],[131.882207,34.278562],[131.881907,34.278037],[131.881757,34.277929],[131.881532,34.277654],[131.881395,34.277087],[131.881332,34.27607],[131.881157,34.275779],[131.880207,34.274687],[131.880007,34.274571],[131.879757,34.274596],[131.879557,34.274729],[131.879257,34.274771],[131.879007,34.274729],[131.878907,34.274771],[131.878607,34.274771],[131.878432,34.274679],[131.878457,34.274562],[131.878682,34.274362],[131.87962,34.273921],[131.880545,34.273471],[131.880882,34.273204],[131.881107,34.272888],[131.881232,34.272529],[131.88137,34.271654],[131.881407,34.270863],[131.881107,34.269755],[131.881395,34.268896],[131.881807,34.268063],[131.882082,34.26773],[131.882507,34.267422],[131.882745,34.26713],[131.882895,34.266697],[131.88307,34.266338],[131.883557,34.265797],[131.883932,34.264972],[131.884245,34.264497],[131.88447,34.263914],[131.884657,34.263714],[131.884707,34.263689],[131.884807,34.263506],[131.884807,34.263264],[131.884582,34.262989],[131.884357,34.262806],[131.884207,34.262556],[131.884257,34.262381],[131.88457,34.262247],[131.88482,34.262222],[131.88492,34.262247],[131.885195,34.262206],[131.885669,34.262072],[131.886169,34.261822],[131.886594,34.261714],[131.887182,34.261606],[131.887532,34.261181],[131.887757,34.260506],[131.887994,34.260106],[131.888219,34.259881],[131.888769,34.259473],[131.889357,34.259206],[131.889807,34.258648],[131.890594,34.257365],[131.890756,34.257007],[131.890831,34.256515],[131.890781,34.256065],[131.890669,34.255815],[131.890569,34.25554],[131.890544,34.254974],[131.890719,34.25464],[131.891606,34.253632],[131.892006,34.253249],[131.893181,34.252482],[131.894119,34.251557],[131.894169,34.251282],[131.894169,34.250874],[131.894119,34.250541],[131.893806,34.249958],[131.893456,34.249524],[131.892769,34.249033],[131.892294,34.248608],[131.891919,34.2484],[131.891332,34.247933],[131.890757,34.247633],[131.890432,34.247366],[131.890019,34.247208],[131.889357,34.247141],[131.889032,34.247033],[131.888832,34.246825],[131.888757,34.246083],[131.888644,34.244233],[131.888507,34.243833],[131.888282,34.243467],[131.888094,34.243],[131.887982,34.242592],[131.887895,34.241709],[131.887895,34.241325],[131.888032,34.240926],[131.888232,34.240542],[131.888469,34.239776],[131.888607,34.239526],[131.888994,34.239142],[131.889357,34.238643],[131.889544,34.238243],[131.889882,34.237859],[131.890207,34.237584],[131.890532,34.237226],[131.890644,34.236843],[131.890844,34.236551],[131.891169,34.23621],[131.891444,34.235418],[131.891469,34.235218],[131.891444,34.23511],[131.892382,34.234927],[131.893644,34.234543],[131.894956,34.234227],[131.895594,34.234018],[131.896806,34.233435],[131.897431,34.233252],[131.898868,34.23316],[131.900631,34.232802],[131.901118,34.232619],[131.902106,34.232027],[131.902656,34.231869],[131.903293,34.231894],[131.903818,34.232027],[131.904468,34.232144],[131.905355,34.232161],[131.905605,34.232319],[131.905843,34.232344],[131.906455,34.231844],[131.907005,34.231911],[131.907355,34.231844],[131.907555,34.231686],[131.908155,34.230653],[131.908455,34.230044],[131.90873,34.229886],[131.909092,34.229861],[131.909505,34.229886],[131.90978,34.229811],[131.91008,34.229636],[131.910467,34.22957],[131.910742,34.229453],[131.910992,34.229478],[131.911205,34.229636],[131.911517,34.230019],[131.911817,34.230194],[131.912117,34.230244],[131.912467,34.230086],[131.913354,34.229586],[131.914454,34.228795],[131.914942,34.228345],[131.915554,34.227487],[131.915929,34.227062],[131.916292,34.226787],[131.916704,34.226562],[131.917142,34.226245],[131.917942,34.225387],[131.918217,34.224962],[131.918954,34.22302],[131.919529,34.221854],[131.919704,34.221671],[131.919754,34.221696],[131.919842,34.221804],[131.919917,34.222237],[131.920004,34.222346],[131.920054,34.222979],[131.920117,34.223112],[131.920691,34.22372],[131.921154,34.22392],[131.921729,34.224037],[131.922554,34.223879],[131.922691,34.223762],[131.923716,34.223512],[131.924016,34.223562],[131.924241,34.223787],[131.924516,34.224145],[131.924791,34.224345],[131.925091,34.224504],[131.925366,34.224437],[131.925616,34.22432],[131.925891,34.22432],[131.926378,34.224437],[131.926741,34.224412],[131.926878,34.224462],[131.926928,34.224612],[131.926953,34.22502],[131.927128,34.225295],[131.927728,34.225854],[131.928603,34.226554],[131.928828,34.226779],[131.929015,34.226912],[131.929378,34.227003],[131.92949,34.227004],[131.92974,34.227095],[131.929903,34.22752],[131.929953,34.22797],[131.930203,34.228103],[131.930978,34.228353],[131.931278,34.228487],[131.931578,34.228687],[131.931878,34.228753],[131.93229,34.228937],[131.932877,34.229345],[131.933227,34.229637],[131.933502,34.229953],[131.933752,34.230312],[131.934052,34.23087],[131.934165,34.231211],[131.934215,34.231236],[131.93529,34.23067],[131.935677,34.230378],[131.936065,34.229995],[131.936414,34.229853],[131.937302,34.22997],[131.937439,34.229853],[131.937577,34.229562],[131.937952,34.229203],[131.938452,34.228862],[131.938702,34.228545],[131.938777,34.22792],[131.938864,34.227829],[131.939714,34.227262],[131.940264,34.22697],[131.941177,34.226229],[131.941527,34.225887],[131.941989,34.225321],[131.942164,34.224871],[131.942026,34.224829],[131.941752,34.224471],[131.941714,34.224062],[131.941777,34.223679],[131.941914,34.223429],[131.942152,34.223204],[131.942701,34.222913],[131.942876,34.222846],[131.943014,34.222729],[131.943014,34.222504],[131.942814,34.221563],[131.942814,34.221154],[131.942739,34.220838],[131.942564,34.220704],[131.942427,34.220654],[131.941989,34.220638],[131.941527,34.220663],[131.941089,34.220771],[131.940127,34.221379],[131.939877,34.221429],[131.939627,34.221204],[131.939377,34.220838],[131.938802,34.219696],[131.938715,34.21938],[131.93869,34.218946],[131.938827,34.218296],[131.938877,34.217263],[131.939102,34.216472],[131.939402,34.216272],[131.939765,34.21618],[131.939927,34.21618],[131.940277,34.216022],[131.941052,34.215747],[131.941514,34.215655],[131.941652,34.215655],[131.941989,34.215522],[131.942339,34.215022],[131.942427,34.214755],[131.942477,34.214264],[131.942402,34.21383],[131.942152,34.21313],[131.942064,34.212664],[131.942039,34.212214],[131.942114,34.211714],[131.942289,34.211306],[131.94129,34.210589],[131.940877,34.210364],[131.940665,34.210206],[131.940552,34.209822],[131.940602,34.209414],[131.94074,34.209014],[131.940715,34.208739],[131.940602,34.208606],[131.940415,34.208223],[131.940215,34.207956],[131.940165,34.207589],[131.940577,34.207139],[131.940877,34.206598],[131.941077,34.206373],[131.941927,34.206015],[131.94214,34.205815],[131.942277,34.205498],[131.942477,34.205273],[131.942915,34.205023],[131.943102,34.204956],[131.943602,34.204615],[131.944089,34.204456],[131.944639,34.20414],[131.944839,34.203823],[131.945189,34.202498],[131.945164,34.201773],[131.945139,34.201482],[131.944915,34.201165],[131.944827,34.200898],[131.944965,34.200607],[131.94519,34.200399],[131.945602,34.200265],[131.947252,34.19999],[131.947577,34.19999],[131.947989,34.200082],[131.948702,34.200149],[131.948902,34.200082],[131.949114,34.199765],[131.949252,34.199499],[131.949552,34.199199],[131.949639,34.199157],[131.949964,34.199132],[131.950239,34.199157],[131.950489,34.198999],[131.950789,34.198749],[131.951064,34.198682],[131.951402,34.198749],[131.951889,34.19864],[131.952364,34.198707],[131.952689,34.198657],[131.952939,34.198549],[131.953264,34.198182],[131.953514,34.198207],[131.954251,34.198815],[131.954664,34.19884],[131.955076,34.198774],[131.955489,34.19859],[131.956039,34.198299],[131.956264,34.198299],[131.956676,34.198499],[131.957139,34.198657],[131.957339,34.198565],[131.957614,34.198524],[131.957914,34.19854],[131.958189,34.198699],[131.958464,34.198974],[131.958713,34.199082],[131.959013,34.199124],[131.959201,34.199082],[131.959501,34.19854],[131.960051,34.19809],[131.960276,34.197749],[131.960901,34.195949],[131.960951,34.195382],[131.960901,34.194866],[131.961038,34.193583],[131.961063,34.192341],[131.961013,34.191891],[131.960838,34.191575],[131.960563,34.191175],[131.960351,34.190741],[131.960076,34.190566],[131.959739,34.190225],[131.959526,34.189758],[131.959301,34.189392],[131.959051,34.18935],[131.958701,34.189483],[131.958289,34.189575],[131.958089,34.189575],[131.957576,34.189467],[131.957101,34.189258],[131.956751,34.189058],[131.956664,34.188833],[131.956689,34.188333],[131.956776,34.188],[131.956776,34.187575],[131.956826,34.187209],[131.957076,34.186559],[131.957176,34.186125],[131.957451,34.1855],[131.957514,34.18505],[131.957926,34.184392],[131.958001,34.184059],[131.957976,34.183692],[131.958226,34.182884],[131.958251,34.181709],[131.958389,34.181443],[131.958801,34.181101],[131.959626,34.180926],[131.959951,34.180876],[131.960339,34.180676],[131.960576,34.180401],[131.960826,34.180268],[131.961051,34.180293],[131.961651,34.180518],[131.962089,34.180534],[131.962726,34.180518],[131.963526,34.180901],[131.963713,34.180918],[131.963963,34.180759],[131.964151,34.180218],[131.964313,34.180059],[131.964676,34.179951],[131.964813,34.179951],[131.964976,34.179543],[131.964976,34.179184],[131.964788,34.17846],[131.964838,34.178218],[131.965526,34.177493],[131.965713,34.177068],[131.965851,34.176501],[131.965801,34.176276],[131.964913,34.175868],[131.964563,34.175468],[131.964226,34.175335],[131.963876,34.174968],[131.963601,34.17461],[131.962889,34.174343],[131.962576,34.174185],[131.962301,34.173985],[131.962226,34.173868],[131.962089,34.17351],[131.961864,34.173127],[131.961589,34.172769],[131.961451,34.172427],[131.961401,34.172044],[131.961064,34.17146],[131.960789,34.171102],[131.960514,34.17101],[131.960189,34.170985],[131.959851,34.170894],[131.959614,34.170694],[131.959339,34.170602],[131.958952,34.170652],[131.958627,34.17056],[131.958239,34.170244],[131.958014,34.169977],[131.957864,34.169852],[131.956689,34.169461],[131.956614,34.169394],[131.957352,34.169036],[131.957727,34.168727],[131.958189,34.168186],[131.958364,34.167869],[131.958439,34.167627],[131.958264,34.167311],[131.958277,34.165978],[131.958214,34.165478],[131.958214,34.164786],[131.958139,34.164694],[131.957614,34.164711],[131.957489,34.164736],[131.957164,34.164661],[131.956814,34.164186],[131.956464,34.164069],[131.955939,34.163936],[131.95524,34.163678],[131.955065,34.16352],[131.955065,34.163478],[131.955327,34.163203],[131.955727,34.162803],[131.956027,34.162511],[131.956327,34.162286],[131.956839,34.16202],[131.957239,34.161753],[131.957439,34.161553],[131.957727,34.16097],[131.958352,34.160428],[131.958552,34.160162],[131.958589,34.160028],[131.958739,34.159737],[131.959514,34.159378],[131.959814,34.159153],[131.960027,34.158887],[131.960102,34.158503],[131.960027,34.158095],[131.959914,34.15767],[131.959539,34.157053],[131.959139,34.156737],[131.95869,34.15662],[131.958465,34.156504],[131.958302,34.155762],[131.958177,34.155395],[131.958002,34.155195],[131.957777,34.15517],[131.957552,34.155279],[131.95704,34.155687],[131.95689,34.155687],[131.95679,34.155595],[131.956677,34.154487],[131.956615,34.153512],[131.956302,34.152362],[131.956227,34.151912],[131.956177,34.151796],[131.956277,34.151279],[131.95639,34.150962],[131.95674,34.150562],[131.957927,34.149687],[131.958027,34.149554],[131.957952,34.149287],[131.957428,34.148787],[131.957053,34.148621],[131.956003,34.148462],[131.955828,34.148387],[131.955665,34.148163],[131.955415,34.148029],[131.95504,34.147979],[131.954628,34.148113],[131.954228,34.148179],[131.953628,34.148129],[131.953203,34.147829],[131.952653,34.147763],[131.952553,34.147671],[131.952453,34.147354],[131.952466,34.147196],[131.952591,34.146838],[131.952866,34.146496],[131.953241,34.146204],[131.953703,34.145963],[131.953853,34.145804],[131.953803,34.145696],[131.953553,34.145579],[131.953603,34.145579],[131.953753,34.145396],[131.953828,34.145196],[131.953728,34.144921],[131.953341,34.144379],[131.953316,34.144179],[131.953441,34.144138],[131.954216,34.143938],[131.954466,34.143821],[131.954603,34.143355],[131.954653,34.142855],[131.954966,34.14223],[131.955291,34.141888],[131.955641,34.141646],[131.956041,34.141605],[131.957253,34.141655],[131.957378,34.141613],[131.957403,34.141138],[131.957528,34.14078],[131.957666,34.13983],[131.957766,34.139538],[131.957791,34.139205],[131.958003,34.138571],[131.957953,34.13778],[131.958016,34.137646],[131.958291,34.137355],[131.958466,34.13693],[131.958578,34.13643],[131.958353,34.135397],[131.958353,34.135188],[131.958566,34.134338],[131.958591,34.133888],[131.958578,34.133655],[131.958453,34.133363],[131.958178,34.133022],[131.957529,34.132389],[131.957354,34.132114],[131.957366,34.131797],[131.957266,34.131555],[131.957191,34.131505],[131.956766,34.131389],[131.956366,34.131339],[131.955716,34.131405],[131.955079,34.131697],[131.954804,34.131714],[131.954454,34.131555],[131.953916,34.130989],[131.953466,34.130806],[131.953441,34.130689],[131.953466,34.130306],[131.953691,34.129972],[131.953779,34.129589],[131.953654,34.129297],[131.953404,34.128956],[131.952704,34.128297],[131.952554,34.128047],[131.952666,34.127931],[131.953791,34.127647],[131.954491,34.127606],[131.954991,34.127656],[131.955491,34.127747],[131.955966,34.127864],[131.956266,34.127872],[131.956416,34.127597],[131.956479,34.127172],[131.956466,34.125839],[131.956541,34.125589],[131.956791,34.125481],[131.956991,34.125531],[131.957191,34.125531],[131.957416,34.125214],[131.957829,34.125106],[131.958379,34.124998],[131.958679,34.124864],[131.958854,34.124614],[131.958904,34.124281],[131.958816,34.123873],[131.958666,34.123531],[131.958566,34.123373],[131.958166,34.123281],[131.957816,34.12319],[131.957666,34.123048],[131.957591,34.122781],[131.957466,34.122598],[131.957316,34.122623],[131.957016,34.122773],[131.956691,34.122998],[131.956241,34.123223],[131.955854,34.123306],[131.955579,34.12324],[131.955441,34.12304],[131.955391,34.122923],[131.955166,34.12274],[131.954966,34.122698],[131.954591,34.122873],[131.954404,34.123006],[131.954329,34.123006],[131.953992,34.122573],[131.953717,34.122323],[131.953192,34.122273],[131.952817,34.12239],[131.952504,34.12254],[131.952279,34.12254],[131.951954,34.122448],[131.951179,34.122398],[131.950754,34.12224],[131.949092,34.121365],[131.948692,34.121232],[131.948317,34.121248],[131.948004,34.121382],[131.947629,34.121673],[131.947204,34.121873],[131.947029,34.121898],[131.946454,34.121932],[131.94463,34.121765],[131.943817,34.12169],[131.942355,34.12114],[131.942005,34.12109],[131.941342,34.121248],[131.940967,34.121224],[131.940467,34.121107],[131.938642,34.120507],[131.938343,34.12034],[131.937855,34.11989],[131.937605,34.119732],[131.937005,34.11959],[131.93683,34.119382],[131.93663,34.118824],[131.936693,34.118216],[131.936743,34.118124],[131.936993,34.117991],[131.937693,34.117857],[131.938093,34.117566],[131.938143,34.117482],[131.938105,34.117207],[131.93763,34.116507],[131.93748,34.116166],[131.937518,34.115891],[131.937868,34.115383],[131.937893,34.115066],[131.93783,34.114474],[131.93783,34.113574],[131.937718,34.113166],[131.937768,34.112358],[131.938105,34.111791],[131.93803,34.111233],[131.938418,34.110666],[131.938468,34.110266],[131.938393,34.109633],[131.938455,34.109225],[131.938605,34.108867],[131.938805,34.10855],[131.93868,34.108458],[131.93853,34.108433],[131.938205,34.1083],[131.93788,34.107958],[131.937743,34.107575],[131.937743,34.10685],[131.937668,34.106442],[131.937505,34.106059],[131.937405,34.105717],[131.937805,34.105134],[131.937918,34.1048],[131.937968,34.104442],[131.937843,34.104367],[131.937593,34.10435],[131.936818,34.1045],[131.936468,34.1045],[131.935743,34.104084],[131.935368,34.103992],[131.934943,34.103967],[131.934293,34.104034],[131.933893,34.103917],[131.933443,34.103659],[131.933043,34.103392],[131.932518,34.102909],[131.931718,34.102317],[131.931306,34.102117],[131.930781,34.101926],[131.930056,34.101767],[131.929831,34.101626],[131.929656,34.101401],[131.929456,34.101267],[131.928281,34.100809],[131.927056,34.100009],[131.926644,34.099759],[131.926419,34.099526],[131.926394,34.099009],[131.926244,34.098334],[131.926257,34.098018],[131.926157,34.097743],[131.925732,34.097426],[131.925332,34.097218],[131.925157,34.09706],[131.925032,34.09681],[131.924794,34.09661],[131.924419,34.096426],[131.923819,34.096193],[131.923294,34.095718],[131.922894,34.095493],[131.922519,34.095351],[131.922144,34.095101],[131.921719,34.09476],[131.921507,34.09451],[131.921082,34.094235],[131.920282,34.093985],[131.919832,34.093751],[131.919682,34.093568],[131.919757,34.093052],[131.919657,34.092893],[131.919145,34.092593],[131.91902,34.092235],[131.918595,34.092143],[131.918345,34.09196],[131.918395,34.091618],[131.918858,34.090768],[131.918858,34.090427],[131.918683,34.090177],[131.918245,34.089768],[131.91827,34.089569],[131.91837,34.089452],[131.91852,34.089344],[131.91867,34.089144],[131.91872,34.089144],[131.918774,34.08915],[131.91902,34.089169],[131.91932,34.089102],[131.919695,34.088969],[131.920057,34.088769],[131.920307,34.088569],[131.920407,34.088385],[131.920357,34.08821],[131.919908,34.087752],[131.919808,34.087619],[131.919783,34.08746],[131.919895,34.087077],[131.91982,34.086802],[131.919495,34.086602],[131.918658,34.086102],[131.917645,34.085619],[131.91727,34.085269],[131.916895,34.084544],[131.916408,34.084052],[131.915996,34.083777],[131.915433,34.083519],[131.914933,34.083244],[131.914771,34.082977],[131.914683,34.082711],[131.914371,34.082444],[131.913758,34.082061],[131.913383,34.081777],[131.913133,34.081461],[131.912909,34.081053],[131.912834,34.080703],[131.912871,34.080428],[131.913046,34.080053],[131.913296,34.079661],[131.913659,34.079219],[131.914146,34.078444],[131.914371,34.078261],[131.914721,34.078245],[131.915258,34.078445],[131.915558,34.078453],[131.916208,34.078378],[131.916696,34.07837],[131.917046,34.078286],[131.917271,34.078203],[131.917558,34.077961],[131.918846,34.07652],[131.919296,34.076161],[131.919846,34.075845],[131.920296,34.075545],[131.920783,34.075037],[131.921145,34.074803],[131.921645,34.074228],[131.922108,34.073978],[131.923183,34.07352],[131.923495,34.073429],[131.92412,34.073454],[131.924533,34.073345],[131.924995,34.073104],[131.92552,34.072795],[131.925845,34.072479],[131.92597,34.071995],[131.92617,34.071545],[131.926658,34.071062],[131.926995,34.070337],[131.92717,34.070229],[131.927895,34.069912],[131.92797,34.069854],[131.927995,34.069662],[131.927733,34.069054],[131.92777,34.068796],[131.928245,34.068271],[131.928283,34.068012],[131.927745,34.067221],[131.92722,34.066713],[131.926683,34.066463],[131.926083,34.066096],[131.92587,34.065846],[131.92587,34.065421],[131.926008,34.065113],[131.926295,34.064654],[131.926483,34.064454],[131.926758,34.064329],[131.927058,34.064321],[131.92737,34.064388],[131.927633,34.064613],[131.928033,34.064754],[131.928233,34.064804],[131.92947,34.064679],[131.931245,34.064655],[131.931557,34.064413],[131.931745,34.064055],[131.931907,34.06388],[131.93217,34.06388],[131.932382,34.063971],[131.932807,34.064355],[131.932982,34.064346],[131.933182,34.064263],[131.933707,34.063838],[131.933995,34.06378],[131.93467,34.063896],[131.935082,34.063863],[131.935445,34.063746],[131.935645,34.063613],[131.93577,34.063471],[131.935695,34.063221],[131.935445,34.062763],[131.935432,34.062363],[131.935482,34.061972],[131.935457,34.06153],[131.935307,34.06063],[131.935432,34.060422],[131.936032,34.060105],[131.936107,34.060013],[131.936232,34.059555],[131.936082,34.059222],[131.935857,34.059022],[131.935645,34.05873],[131.93492,34.057222],[131.93472,34.057064],[131.933907,34.056964],[131.933582,34.056839],[131.932895,34.056164],[131.932545,34.055947],[131.931183,34.055597],[131.93017,34.055147],[131.929558,34.054822],[131.92907,34.054755],[131.928895,34.054747],[131.928595,34.05468],[131.928383,34.054505],[131.928295,34.05423],[131.92837,34.053747],[131.928658,34.053089],[131.929508,34.051556],[131.930095,34.050122],[131.930358,34.049597],[131.930833,34.048898],[131.931108,34.048131],[131.931258,34.047923],[131.93227,34.047339],[131.932708,34.046964],[131.932895,34.046539],[131.932858,34.046089],[131.932395,34.043823],[131.932095,34.043348],[131.93192,34.042965],[131.93187,34.042315],[131.932145,34.04209],[131.932658,34.042056],[131.93292,34.041948],[131.933008,34.04169],[131.93302,34.041348],[131.93282,34.040473],[131.932808,34.040148],[131.93287,34.039573],[131.933008,34.039165],[131.933383,34.038498],[131.93337,34.038265],[131.933145,34.03804],[131.932858,34.037998],[131.932445,34.03799],[131.931858,34.038073],[131.931558,34.038048],[131.931433,34.037823],[131.931345,34.037248],[131.931233,34.036957],[131.930908,34.03674],[131.930508,34.036615],[131.930183,34.036474],[131.929996,34.036199],[131.929846,34.035574],[131.929671,34.035074],[131.929171,34.03439],[131.929096,34.03434],[131.929033,34.034157],[131.929158,34.033407],[131.929108,34.033107],[131.928733,34.032782],[131.928746,34.032574],[131.929271,34.032266],[131.929371,34.032016],[131.929283,34.031724],[131.929183,34.031632],[131.928633,34.031341],[131.928321,34.031124],[131.928033,34.030857],[131.927883,34.030482],[131.927733,34.029733],[131.927833,34.029491],[131.928021,34.029383],[131.928421,34.029241],[131.928508,34.029158],[131.928508,34.028933],[131.928571,34.028691],[131.928833,34.028291],[131.928983,34.027949],[131.929346,34.027599],[131.929408,34.027366],[131.929408,34.027108],[131.929508,34.026883],[131.929733,34.02675],[131.930208,34.0266],[131.930833,34.0261],[131.931196,34.026008],[131.931721,34.025983],[131.932558,34.025875],[131.932871,34.025758],[131.932946,34.025683],[131.932596,34.025116],[131.932496,34.024725],[131.932471,34.024283],[131.932508,34.023883],[131.932708,34.023542],[131.933296,34.023058],[131.933846,34.02245],[131.934108,34.021992],[131.934321,34.021375],[131.934358,34.020959],[131.934333,34.0202],[131.934733,34.01965],[131.934796,34.019142],[131.934633,34.017384],[131.934458,34.016409],[131.934471,34.015326],[131.934358,34.014618],[131.934483,34.013751],[131.934421,34.013184],[131.934008,34.012301],[131.933796,34.011851],[131.933546,34.011026],[131.933421,34.009843],[131.933321,34.00936],[131.933309,34.009043],[131.933509,34.008818],[131.934059,34.00871],[131.934371,34.008543],[131.934465,34.008474],[131.934484,34.00846],[131.934634,34.007943],[131.934646,34.007402],[131.934571,34.007102],[131.933996,34.00666],[131.933234,34.005727],[131.932971,34.005518],[131.931996,34.00516],[131.930409,34.004302],[131.929547,34.003777],[131.928959,34.003277],[131.928784,34.003227],[131.928459,34.003002],[131.928109,34.002568],[131.928009,34.002385],[131.927784,34.002335],[131.927409,34.00231],[131.927034,34.00221],[131.926497,34.002002],[131.926122,34.001835],[131.925872,34.00161],[131.925772,34.001385],[131.92561,34.001177],[131.925135,34.000877],[131.924522,34.000118],[131.924122,33.999777],[131.92366,33.99961],[131.92331,33.999427],[131.923072,33.99906],[131.922885,33.99886],[131.92256,33.99876],[131.921472,33.998794],[131.921372,33.998835],[131.920935,33.999193],[131.920873,33.999218],[131.920623,33.998402],[131.920623,33.99831],[131.92051,33.998169],[131.920298,33.99806],[131.919735,33.997935],[131.919035,33.997635],[131.91876,33.997627],[131.918273,33.997802],[131.917798,33.998118],[131.91761,33.99811],[131.91691,33.997968],[131.91651,33.997577],[131.916323,33.997302],[131.915948,33.996935],[131.915298,33.997044],[131.914785,33.996994],[131.914573,33.996902],[131.913823,33.99646],[131.912548,33.996352],[131.912461,33.996327],[131.912161,33.996327],[131.911748,33.996568],[131.911373,33.996677],[131.910698,33.996668],[131.910336,33.996777],[131.910061,33.99696],[131.909523,33.997018],[131.909011,33.996985],[131.908711,33.996943],[131.908336,33.996593],[131.908148,33.996318],[131.908161,33.995935],[131.908061,33.995393],[131.907686,33.994777],[131.907699,33.994419],[131.907786,33.993894],[131.907486,33.993827],[131.906786,33.993752],[131.906299,33.993469],[131.905761,33.993102],[131.905661,33.992985],[131.905361,33.992827],[131.905261,33.992735],[131.904911,33.99266],[131.904774,33.992685],[131.904636,33.992569],[131.904561,33.992252],[131.904574,33.991894],[131.904486,33.991569],[131.904199,33.991294],[131.903599,33.991219],[131.903199,33.991235],[131.902574,33.991119],[131.902111,33.991177],[131.901999,33.991269],[131.901674,33.991377],[131.901349,33.991377],[131.900912,33.991302],[131.900512,33.991319],[131.899999,33.991294],[131.899287,33.991169],[131.899112,33.990785],[131.899062,33.990535],[131.898524,33.989919],[131.898424,33.989827],[131.898349,33.989327],[131.898537,33.989052],[131.898649,33.988969],[131.898824,33.988427],[131.898837,33.988111],[131.898924,33.987752],[131.899224,33.987236],[131.899312,33.986853],[131.899049,33.986553],[131.898887,33.986186],[131.898874,33.985853],[131.898949,33.985603],[131.899262,33.985378],[131.899337,33.985269],[131.899287,33.985019],[131.898624,33.984486],[131.898037,33.984145],[131.89785,33.983978],[131.897587,33.983503],[131.89705,33.983045],[131.895837,33.982145],[131.895687,33.981986],[131.89475,33.981278],[131.894425,33.980887],[131.894375,33.980795],[131.894262,33.98077],[131.89405,33.980953],[131.891,33.978653],[131.882626,33.980986],[131.875126,33.988293],[131.875176,33.990435],[131.873839,33.990443],[131.872515,33.990212],[131.872201,33.990118],[131.872151,33.989943],[131.871364,33.989743],[131.871252,33.989852],[131.871114,33.989852],[131.869577,33.989585],[131.869339,33.989568],[131.869227,33.98966],[131.869177,33.989818],[131.868364,33.98966],[131.867552,33.989393],[131.867064,33.989326],[131.865865,33.989285],[131.86509,33.98906],[131.864627,33.98886],[131.86354,33.988476],[131.863027,33.988235],[131.862265,33.988076],[131.861615,33.988035],[131.86129,33.988126],[131.862215,33.988685],[131.86319,33.989085],[131.86414,33.989376],[131.864877,33.98971],[131.865202,33.98976],[131.865577,33.989918],[131.865977,33.990026],[131.866639,33.990493],[131.867177,33.991101],[131.867752,33.991618],[131.867964,33.991935],[131.868052,33.992134],[131.867614,33.992293],[131.867677,33.992743],[131.867814,33.993151],[131.867939,33.993418],[131.868377,33.993351],[131.868439,33.994343],[131.868489,33.994726],[131.868527,33.995692],[131.868227,33.995717],[131.868227,33.995851],[131.868552,33.995876],[131.868502,33.997651],[131.868564,33.998084],[131.868502,33.998192],[131.868702,33.998376],[131.868589,33.998534],[131.868839,33.998709],[131.868964,33.998759],[131.868939,33.998909],[131.868889,33.998959],[131.868289,33.998734],[131.867002,34.000834],[131.864677,33.999959],[131.862728,34.003275],[131.862615,34.003483],[131.863115,34.0038],[131.86314,34.004025],[131.863477,34.005225],[131.863415,34.005341],[131.86334,34.005408],[131.86399,34.006674],[131.864102,34.007033],[131.863602,34.007174],[131.863527,34.007083],[131.86289,34.005833],[131.862952,34.005591],[131.862403,34.004566],[131.861928,34.004708],[131.861378,34.00495],[131.859753,34.005133],[131.858928,34.003883],[131.858765,34.003816],[131.858103,34.004108],[131.858078,34.004158],[131.858703,34.005399],[131.859365,34.006574],[131.858453,34.006958],[131.858078,34.006983],[131.85714,34.007432],[131.856416,34.008024],[131.856066,34.008224],[131.855478,34.007682],[131.856003,34.007341],[131.856253,34.007116],[131.856203,34.006999],[131.854078,34.005058],[131.853691,34.005216],[131.852678,34.005957],[131.852591,34.006049],[131.853528,34.006974],[131.854028,34.007407],[131.853066,34.008041],[131.852728,34.008199],[131.851191,34.008582],[131.851078,34.008665],[131.851153,34.009007],[131.850878,34.009124],[131.850366,34.009257],[131.850278,34.009257],[131.850303,34.00914],[131.850191,34.009124],[131.850141,34.009165],[131.850166,34.009282],[131.848629,34.009657],[131.847416,34.009882],[131.847141,34.009907],[131.846041,34.009773],[131.844904,34.009698],[131.843616,34.009923],[131.842129,34.010107],[131.841467,34.010215],[131.840892,34.009265],[131.839817,34.008815],[131.839454,34.008815],[131.838442,34.008898],[131.838154,34.009015],[131.838054,34.009281],[131.837667,34.00944],[131.837329,34.009581],[131.837054,34.009598],[131.836642,34.008873],[131.836429,34.008356],[131.835792,34.008673],[131.835879,34.009148],[131.836092,34.009648],[131.836042,34.009731],[131.835042,34.01014],[131.834442,34.01034],[131.833554,34.010723],[131.833205,34.010706],[131.832542,34.010948],[131.832317,34.011089],[131.831717,34.011248],[131.830342,34.009139],[131.830205,34.008256],[131.830392,34.008256],[131.830692,34.008481],[131.832105,34.007873],[131.832567,34.007698],[131.832767,34.007156],[131.83293,34.006815],[131.833017,34.006207],[131.832717,34.00564],[131.832242,34.005048],[131.83048,34.003665],[131.829967,34.003373],[131.828392,34.003348],[131.828205,34.003273],[131.827767,34.003132],[131.82703,34.002748],[131.826705,34.002523],[131.82628,34.002123],[131.826243,34.001965],[131.825893,34.001398],[131.825455,34.000907],[131.824993,34.000457],[131.824505,34.000057],[131.824018,33.999715],[131.82348,33.999065],[131.82318,33.998574],[131.822743,33.998124],[131.822368,33.997807],[131.822006,33.997332],[131.821281,33.996524],[131.820706,33.995966],[131.819868,33.995224],[131.819344,33.994099],[131.819019,33.993491],[131.818556,33.993025],[131.818344,33.992891],[131.817369,33.992575],[131.816469,33.9924],[131.815631,33.992175],[131.812407,33.991191],[131.810595,33.99055],[131.809807,33.990417],[131.808732,33.990283],[131.80692,33.99015],[131.806245,33.989925],[131.80562,33.98955],[131.805158,33.989167],[131.804395,33.988625],[131.803858,33.9884],[131.802983,33.988317],[131.80217,33.9883],[131.799546,33.9881],[131.798308,33.987967],[131.797146,33.987925],[131.794659,33.987691],[131.794246,33.987325],[131.794109,33.986725],[131.794109,33.9862],[131.794159,33.986],[131.795421,33.984467],[131.795834,33.98415],[131.796184,33.983992],[131.797046,33.983675],[131.797446,33.983425],[131.798534,33.982026],[131.798746,33.981959],[131.799234,33.981959],[131.800496,33.982017],[131.801308,33.981926],[131.801771,33.981834],[131.802308,33.981876],[131.802671,33.981942],[131.803146,33.981768],[131.803608,33.980884],[131.803958,33.980726],[131.804283,33.980701],[131.804846,33.980901],[131.805146,33.981126],[131.805396,33.981401],[131.805371,33.981759],[131.805583,33.982118],[131.805833,33.982318],[131.805858,33.982501],[131.805996,33.982743],[131.80607,33.982793],[131.806295,33.982809],[131.806558,33.982968],[131.806945,33.983309],[131.807108,33.983484],[131.80732,33.983892],[131.807545,33.984067],[131.807808,33.984117],[131.808195,33.984001],[131.808895,33.983643],[131.810433,33.982601],[131.812995,33.982501],[131.814245,33.982426],[131.81492,33.982318],[131.815057,33.982318],[131.815545,33.982226],[131.81632,33.98211],[131.816594,33.982018],[131.81672,33.981518],[131.81672,33.981368],[131.81662,33.980935],[131.816482,33.98001],[131.816345,33.979652],[131.816282,33.979335],[131.81617,33.979027],[131.816195,33.978752],[131.816032,33.977877],[131.815657,33.977177],[131.81552,33.977044],[131.815332,33.976952],[131.815157,33.976235],[131.815245,33.976102],[131.816057,33.975785],[131.817132,33.975935],[131.81727,33.976002],[131.817382,33.976185],[131.817657,33.976385],[131.817782,33.976385],[131.817982,33.976494],[131.818407,33.977194],[131.818544,33.97746],[131.818819,33.977594],[131.819257,33.977552],[131.819357,33.977577],[131.819744,33.97791],[131.820032,33.978044],[131.820307,33.978019],[131.820582,33.977769],[131.820744,33.97741],[131.820732,33.977144],[131.820894,33.976869],[131.821194,33.97651],[131.821594,33.976352],[131.821657,33.976352],[131.821757,33.976286],[131.821732,33.976194],[131.821782,33.975994],[131.821657,33.975769],[131.821382,33.975519],[131.821244,33.975477],[131.820894,33.975269],[131.820732,33.975027],[131.820594,33.974961],[131.820319,33.974711],[131.819857,33.974419],[131.819594,33.974311],[131.819457,33.973636],[131.81912,33.973278],[131.81902,33.973228],[131.81872,33.972936],[131.818745,33.972711],[131.818857,33.972578],[131.818145,33.971494],[131.817845,33.971319],[131.817632,33.971053],[131.817245,33.970195],[131.817057,33.969903],[131.816782,33.969611],[131.815945,33.969278],[131.815345,33.96912],[131.815083,33.968986],[131.81437,33.968986],[131.812695,33.968703],[131.81227,33.968678],[131.812108,33.968586],[131.81172,33.968611],[131.811395,33.968544],[131.810883,33.968161],[131.810508,33.967736],[131.810046,33.96772],[131.809771,33.967786],[131.809583,33.967944],[131.809508,33.967961],[131.809396,33.968144],[131.809133,33.968278],[131.809021,33.968278],[131.808583,33.968486],[131.808346,33.968461],[131.808133,33.968578],[131.807646,33.968761],[131.807108,33.969028],[131.806858,33.969236],[131.806833,33.969528],[131.806721,33.969819],[131.806808,33.970044],[131.806646,33.970177],[131.806596,33.970452],[131.806383,33.970769],[131.806083,33.970927],[131.805646,33.970969],[131.805571,33.970927],[131.805383,33.970927],[131.805159,33.970886],[131.804671,33.970994],[131.804459,33.971111],[131.804359,33.971377],[131.804409,33.971602],[131.804521,33.971811],[131.804271,33.97201],[131.804084,33.972102],[131.803109,33.972377],[131.802921,33.972485],[131.802896,33.972644],[131.802959,33.973027],[131.803059,33.973344],[131.803059,33.973677],[131.802959,33.974085],[131.802659,33.974668],[131.802184,33.975193],[131.801609,33.97571],[131.800346,33.97666],[131.799459,33.976976],[131.798534,33.97716],[131.798234,33.977143],[131.798159,33.977093],[131.797534,33.977026],[131.796747,33.977118],[131.796372,33.977076],[131.795722,33.977059],[131.795184,33.976993],[131.794559,33.976834],[131.794022,33.976818],[131.793559,33.976726],[131.793284,33.976593],[131.792772,33.976209],[131.792559,33.975959],[131.791847,33.975518],[131.791335,33.975384],[131.791035,33.975243],[131.790522,33.974884],[131.790197,33.974751],[131.78966,33.974235],[131.78941,33.973768],[131.789247,33.973718],[131.788947,33.973543],[131.788672,33.973543],[131.788197,33.973743],[131.78776,33.973901],[131.787435,33.974084],[131.786997,33.973976],[131.786273,33.973976],[131.785673,33.974068],[131.785485,33.974276],[131.784648,33.974609],[131.784523,33.974634],[131.784223,33.974593],[131.784035,33.974726],[131.78401,33.974951],[131.783898,33.975067],[131.783848,33.975226],[131.783623,33.975292],[131.783435,33.975492],[131.78301,33.975676],[131.78241,33.975809],[131.782248,33.975809],[131.781623,33.975701],[131.781248,33.975542],[131.780136,33.974942],[131.779623,33.974401],[131.778811,33.973976],[131.778273,33.973884],[131.778048,33.973976],[131.778048,33.974184],[131.778673,33.974767],[131.779111,33.975326],[131.779336,33.975867],[131.779248,33.976184],[131.779061,33.976517],[131.778848,33.976725],[131.778686,33.976792],[131.778573,33.976975],[131.778173,33.977334],[131.777711,33.977625],[131.777198,33.977742],[131.776798,33.9779],[131.776748,33.977992],[131.776423,33.978058],[131.774898,33.977833],[131.773799,33.977817],[131.773549,33.977617],[131.773361,33.977392],[131.773174,33.977417],[131.772636,33.977775],[131.772249,33.9778],[131.772011,33.977983],[131.771686,33.978025],[131.771499,33.97825],[131.771386,33.978525],[131.770661,33.978975],[131.770424,33.979291],[131.770399,33.979716],[131.770474,33.980625],[131.770361,33.980608],[131.770199,33.980583],[131.770036,33.980566],[131.769774,33.980475],[131.769536,33.980425],[131.769286,33.980341],[131.769199,33.980308],[131.769061,33.980241],[131.768774,33.980083],[131.768549,33.979933],[131.768324,33.979775],[131.768124,33.9796],[131.767874,33.979375],[131.767637,33.979133],[131.767487,33.978983],[131.767087,33.978683],[131.766737,33.97845],[131.766412,33.97815],[131.766249,33.977975],[131.766099,33.977791],[131.765999,33.977633],[131.765812,33.977383],[131.765637,33.977216],[131.765499,33.977058],[131.765212,33.976916],[131.764974,33.976841],[131.764749,33.976775],[131.764699,33.976708],[131.764612,33.976483],[131.764574,33.9763],[131.764449,33.9761],[131.764324,33.975941],[131.764225,33.975866],[131.764037,33.975816],[131.763712,33.975625],[131.763675,33.975525],[131.763637,33.975333],[131.7636,33.975142],[131.763512,33.974908],[131.763425,33.974833],[131.763325,33.974758],[131.763087,33.974675],[131.762987,33.974725],[131.762812,33.974758],[131.762725,33.974625],[131.7626,33.974625],[131.7625,33.974658],[131.762312,33.97475],[131.762262,33.97485],[131.76225,33.974925],[131.7622,33.975033],[131.762125,33.975141],[131.761925,33.975208],[131.7617,33.975141],[131.761412,33.975108],[131.761325,33.975016],[131.761225,33.975091],[131.761137,33.975158],[131.761125,33.975233],[131.761137,33.975391],[131.761137,33.975466],[131.76115,33.975575],[131.76125,33.975625],[131.76125,33.975725],[131.761162,33.975958],[131.760962,33.976358],[131.760825,33.97675],[131.760625,33.977341],[131.760537,33.977616],[131.760437,33.977899],[131.760362,33.978116],[131.7603,33.978233],[131.76025,33.978424],[131.760162,33.978616],[131.760062,33.978774],[131.759912,33.978916],[131.759712,33.979083],[131.759487,33.979266],[131.759325,33.979507],[131.7592,33.979799],[131.7591,33.980049],[131.759,33.980316],[131.75895,33.980516],[131.759,33.980674],[131.75905,33.980816],[131.75915,33.980857],[131.759237,33.980849],[131.759212,33.980932],[131.759162,33.981216],[131.759162,33.981474],[131.759225,33.981832],[131.759212,33.982049],[131.759187,33.982266],[131.75915,33.982457],[131.759162,33.982582],[131.7592,33.982732],[131.759225,33.982815],[131.759375,33.982999],[131.75955,33.983165],[131.759637,33.983274],[131.759775,33.983299],[131.7599,33.983332],[131.7601,33.98334],[131.760337,33.983299],[131.76055,33.983274],[131.760775,33.983057],[131.7608,33.982982],[131.760725,33.982824],[131.760662,33.982699],[131.760625,33.982566],[131.760675,33.982432],[131.760712,33.982332],[131.760775,33.982266],[131.760862,33.982141],[131.760912,33.982057],[131.760987,33.981999],[131.761062,33.981949],[131.761275,33.981899],[131.761525,33.981891],[131.761987,33.981924],[131.762412,33.982049],[131.762512,33.982116],[131.762849,33.982141],[131.763112,33.982141],[131.763399,33.982107],[131.763537,33.982074],[131.763712,33.981899],[131.763999,33.981982],[131.764049,33.982082],[131.764149,33.982057],[131.764162,33.982116],[131.764274,33.982141],[131.764512,33.982116],[131.764612,33.982107],[131.764737,33.982082],[131.764874,33.982041],[131.764887,33.981957],[131.764862,33.981849],[131.764824,33.981757],[131.764837,33.981657],[131.764762,33.981557],[131.764749,33.981466],[131.764812,33.981358],[131.764899,33.981241],[131.764987,33.981108],[131.765099,33.980991],[131.765174,33.980883],[131.765399,33.980716],[131.765449,33.980649],[131.765612,33.980499],[131.765799,33.980358],[131.766012,33.980258],[131.766087,33.980191],[131.766337,33.980174],[131.766424,33.980174],[131.766574,33.980166],[131.766649,33.980149],[131.766687,33.980091],[131.766699,33.980016],[131.766762,33.979891],[131.766849,33.979766],[131.766987,33.979783],[131.767112,33.979808],[131.767287,33.979916],[131.767512,33.980049],[131.767724,33.980149],[131.767961,33.980266],[131.768099,33.980208],[131.768124,33.980316],[131.768136,33.980399],[131.768286,33.980449],[131.768374,33.980491],[131.768499,33.980524],[131.768736,33.980583],[131.768949,33.980666],[131.769136,33.980716],[131.769249,33.980758],[131.769549,33.980774],[131.769574,33.980716],[131.769611,33.980633],[131.770436,33.980966],[131.771374,33.981491],[131.772861,33.982749],[131.774573,33.983649],[131.775198,33.984024],[131.775873,33.984566],[131.77701,33.985349],[131.777198,33.985441],[131.777935,33.985508],[131.778523,33.985416],[131.779885,33.985166],[131.780498,33.985091],[131.781772,33.985158],[131.782422,33.985358],[131.783697,33.985625],[131.784397,33.985716],[131.785097,33.98585],[131.78556,33.985866],[131.785647,33.986141],[131.785672,33.986591],[131.785922,33.986808],[131.787134,33.987375],[131.787322,33.987666],[131.787522,33.988291],[131.787434,33.989058],[131.788359,33.989099],[131.788497,33.989166],[131.788359,33.989549],[131.788259,33.989616],[131.787472,33.989666],[131.787359,33.989574],[131.787147,33.989508],[131.785897,33.989849],[131.785684,33.990191],[131.785447,33.990441],[131.785147,33.990999],[131.785072,33.991299],[131.784659,33.991907],[131.783984,33.992157],[131.783447,33.992607],[131.783072,33.993032],[131.782747,33.994049],[131.782647,33.994115],[131.782697,33.994365],[131.782884,33.994698],[131.782759,33.99499],[131.782784,33.99504],[131.784034,33.995757],[131.784434,33.996048],[131.785684,33.996832],[131.786222,33.997215],[131.786584,33.997548],[131.787234,33.99804],[131.787884,33.998923],[131.788184,33.99914],[131.788534,33.999348],[131.788996,33.999681],[131.789184,33.999948],[131.790821,34.001773],[131.791733,34.002939],[131.792121,34.003273],[131.792571,34.003939],[131.79317,34.004681],[131.793383,34.005048],[131.793383,34.005156],[131.793583,34.005181],[131.794183,34.006264],[131.797095,34.007922],[131.79732,34.008622],[131.797545,34.009164],[131.797507,34.009281],[131.79682,34.009731],[131.796707,34.009931],[131.796745,34.009981],[131.79702,34.009864],[131.797395,34.009639],[131.798282,34.01073],[131.798394,34.010655],[131.79787,34.009981],[131.797845,34.009847],[131.798032,34.009706],[131.798532,34.009781],[131.798782,34.009731],[131.799407,34.009731],[131.799544,34.009822],[131.799707,34.010206],[131.800807,34.01193],[131.802107,34.012722],[131.802656,34.013239],[131.802906,34.013514],[131.803069,34.014105],[131.803394,34.014847],[131.804544,34.016272],[131.804906,34.016455],[131.807056,34.017113],[131.807931,34.016797],[131.808406,34.016505],[131.811193,34.016055],[131.811293,34.015947],[131.812118,34.015988],[131.812143,34.01613],[131.812218,34.016213],[131.812318,34.016338],[131.812443,34.016463],[131.812606,34.016672],[131.812818,34.016955],[131.813143,34.017263],[131.813268,34.017363],[131.813418,34.017497],[131.813881,34.017672],[131.814468,34.017938],[131.814743,34.018122],[131.81503,34.018338],[131.815418,34.018621],[131.815593,34.018763],[131.81578,34.018946],[131.815868,34.019071],[131.815843,34.019155],[131.815718,34.019513],[131.81553,34.019888],[131.815368,34.020321],[131.815193,34.020763],[131.815055,34.02123],[131.81493,34.021721],[131.814755,34.022205],[131.815005,34.02153],[131.814605,34.02278],[131.818955,34.023846],[131.81908,34.023988],[131.81928,34.023971],[131.819593,34.023963],[131.820193,34.023913],[131.820943,34.023846],[131.821843,34.023738],[131.822043,34.023721],[131.822655,34.023688],[131.823168,34.023663],[131.823667,34.023655],[131.824342,34.023646],[131.82483,34.023605],[131.825092,34.023596],[131.82573,34.023613],[131.826355,34.023588],[131.826492,34.023555],[131.826655,34.023738],[131.827042,34.026046],[131.82718,34.026705],[131.82723,34.026721],[131.827667,34.026655],[131.827667,34.026905],[131.82748,34.02948],[131.827392,34.029505],[131.827205,34.029463],[131.826367,34.02903],[131.82623,34.028805],[131.826017,34.028196],[131.825493,34.028171],[131.822055,34.027738],[131.82158,34.027713],[131.82128,34.027671],[131.821193,34.029246],[131.820505,34.029246],[131.820255,34.029154],[131.820168,34.029313],[131.821143,34.029404],[131.821168,34.029563],[131.82108,34.030879],[131.820918,34.031054],[131.81843,34.034987],[131.81843,34.035437],[131.818368,34.035512],[131.81743,34.03587],[131.81498,34.037129],[131.814543,34.037429],[131.812418,34.03842],[131.812306,34.038512],[131.811593,34.037603],[131.811706,34.037537],[131.811543,34.037262],[131.811406,34.037312],[131.811318,34.037128],[131.811406,34.036995],[131.811318,34.036853],[131.811156,34.03697],[131.811018,34.036837],[131.810906,34.036903],[131.811406,34.03767],[131.812118,34.038645],[131.811893,34.038737],[131.808781,34.040403],[131.808056,34.040311],[131.807644,34.040195],[131.806606,34.03882],[131.806544,34.03882],[131.805556,34.039378],[131.805644,34.039536],[131.806494,34.040653],[131.806706,34.040853],[131.805569,34.041595],[131.804344,34.041036],[131.803956,34.040786],[131.803844,34.04102],[131.804344,34.041353],[131.805181,34.04192],[131.804994,34.042286],[131.804369,34.042928],[131.804106,34.042719],[131.803981,34.042794],[131.803769,34.042811],[131.803631,34.042761],[131.803519,34.042686],[131.803419,34.042561],[131.803269,34.042344],[131.803157,34.042044],[131.803119,34.041778],[131.803169,34.04152],[131.803381,34.04122],[131.803282,34.041195],[131.802707,34.040778],[131.802244,34.040853],[131.801932,34.040995],[131.801769,34.041094],[131.801869,34.041336],[131.802182,34.041586],[131.802982,34.042836],[131.802782,34.042928],[131.802094,34.043169],[131.79722,34.040369],[131.796295,34.039736],[131.796382,34.039394],[131.79652,34.039078],[131.79712,34.037011],[131.797007,34.037103],[131.79712,34.036978],[131.797132,34.03687],[131.797082,34.036803],[131.796895,34.036595],[131.796557,34.036286],[131.796282,34.036128],[131.796195,34.036053],[131.796107,34.036111],[131.796082,34.036261],[131.792208,34.03267],[131.791845,34.032287],[131.791458,34.03197],[131.79132,34.031812],[131.791295,34.031837],[131.790283,34.030795],[131.788196,34.028804],[131.787471,34.02817],[131.787008,34.02842],[131.785996,34.02767],[131.782821,34.030353],[131.783171,34.030762],[131.785509,34.033703],[131.785896,34.034136],[131.787021,34.036761],[131.786971,34.036753],[131.786796,34.036844],[131.786421,34.037186],[131.786409,34.037669],[131.787771,34.039311],[131.789433,34.042302],[131.789458,34.042436],[131.79392,34.046719],[131.79397,34.046627],[131.794058,34.046577],[131.79527,34.047719],[131.795607,34.048194],[131.796057,34.048185],[131.796707,34.048044],[131.79702,34.047594],[131.797532,34.046944],[131.79762,34.046961],[131.798007,34.046936],[131.799507,34.047727],[131.799944,34.047886],[131.799994,34.047794],[131.800157,34.047827],[131.800444,34.047894],[131.800407,34.048019],[131.800107,34.048319],[131.800819,34.048669],[131.800482,34.049185],[131.800169,34.049577],[131.799807,34.049427],[131.798632,34.048835],[131.79852,34.049085],[131.798282,34.049444],[131.798395,34.049519],[131.799107,34.04966],[131.79887,34.049977],[131.798982,34.050127],[131.799394,34.050269],[131.799232,34.05051],[131.799482,34.050569],[131.798932,34.051202],[131.798682,34.051685],[131.798407,34.051485],[131.798107,34.051377],[131.79792,34.051277],[131.797807,34.051193],[131.79757,34.05106],[131.797407,34.050977],[131.797182,34.050877],[131.79702,34.050777],[131.79677,34.050643],[131.796645,34.050618],[131.79652,34.050543],[131.79617,34.050535],[131.796245,34.049702],[131.79627,34.04951],[131.796032,34.049577],[131.795895,34.050385],[131.795882,34.050568],[131.795745,34.050502],[131.795495,34.050493],[131.79552,34.050252],[131.795582,34.050143],[131.79552,34.05011],[131.795295,34.050052],[131.79517,34.050152],[131.79437,34.049693],[131.793633,34.049477],[131.79282,34.05071],[131.792883,34.05086],[131.793133,34.051227],[131.793408,34.051635],[131.793558,34.051927],[131.793658,34.052143],[131.793795,34.052385],[131.793933,34.052602],[131.79417,34.052827],[131.794395,34.053002],[131.79462,34.053218],[131.794845,34.053501],[131.79507,34.053751],[131.795232,34.053993],[131.795482,34.054401],[131.795932,34.054918],[131.79612,34.055126],[131.79657,34.055085],[131.796607,34.054576],[131.797757,34.053402],[131.797982,34.053435],[131.798257,34.053493],[131.798432,34.053518],[131.798607,34.053535],[131.798557,34.053635],[131.798482,34.053827],[131.798382,34.054002],[131.798282,34.054043],[131.798182,34.054035],[131.798045,34.054152],[131.797957,34.054185],[131.797895,34.054268],[131.797945,34.054427],[131.796782,34.056043],[131.796395,34.057235],[131.79652,34.05731],[131.796795,34.057526],[131.796457,34.058284],[131.796707,34.058709],[131.79677,34.058851],[131.796695,34.058918],[131.796895,34.058901],[131.796982,34.058793],[131.79727,34.058818],[131.797357,34.059193],[131.797607,34.059926],[131.797607,34.060126],[131.797407,34.060443],[131.79722,34.060359],[131.797257,34.059943],[131.79677,34.059243],[131.796557,34.059284],[131.79632,34.059309],[131.79607,34.059301],[131.795932,34.059301],[131.79562,34.059293],[131.795482,34.059276],[131.79547,34.059284],[131.795157,34.058376],[131.79437,34.056726],[131.793845,34.056276],[131.793508,34.055468],[131.793458,34.054901],[131.793208,34.05436],[131.792958,34.054201],[131.79172,34.05386],[131.790296,34.054193],[131.789846,34.05426],[131.789496,34.053518],[131.789246,34.053451],[131.789221,34.053518],[131.789433,34.054035],[131.789596,34.054326],[131.788796,34.054668],[131.787946,34.054734],[131.787121,34.054893],[131.787009,34.054601],[131.786871,34.053968],[131.786734,34.053876],[131.786684,34.054076],[131.782634,34.054409],[131.782572,34.054343],[131.782359,34.054343],[131.782222,34.054526],[131.782184,34.054868],[131.782297,34.056359],[131.782434,34.057509],[131.782459,34.058417],[131.782696,34.060292],[131.782834,34.060359],[131.784159,34.060675],[131.784296,34.060884],[131.782996,34.0614],[131.782859,34.061175],[131.782471,34.061267],[131.781297,34.060467],[131.780747,34.0602],[131.780559,34.057984],[131.780359,34.056492],[131.780422,34.056509],[131.780472,34.056309],[131.780422,34.056217],[131.780334,34.056192],[131.780309,34.055876],[131.780372,34.055834],[131.780397,34.055651],[131.780284,34.055651],[131.780147,34.054409],[131.780397,34.054368],[131.780422,34.054318],[131.780372,34.053959],[131.780309,34.053934],[131.780097,34.053934],[131.780072,34.053709],[131.779797,34.053659],[131.77726,34.053684],[131.771385,34.053609],[131.769535,34.053534],[131.767223,34.053584],[131.767248,34.053534],[131.767173,34.053426],[131.766398,34.053376],[131.765736,34.053376],[131.765686,34.053509],[131.765523,34.053484],[131.765273,34.053576],[131.765236,34.054167],[131.765261,34.054892],[131.765211,34.055025],[131.765073,34.055025],[131.765098,34.055592],[131.765261,34.055634],[131.765211,34.0564],[131.765186,34.056425],[131.764936,34.0564],[131.764961,34.05735],[131.765036,34.057442],[131.765173,34.057467],[131.765198,34.058234],[131.765061,34.058825],[131.764211,34.058867],[131.763548,34.058842],[131.763523,34.058825],[131.763523,34.058325],[131.763461,34.058117],[131.763548,34.05785],[131.763611,34.057467],[131.763386,34.057167],[131.763386,34.057084],[131.763473,34.057059],[131.763498,34.056809],[131.763411,34.056175],[131.763336,34.056067],[131.763248,34.056134],[131.763223,34.0564],[131.762811,34.056334],[131.761123,34.056375],[131.759561,34.056467],[131.759536,34.0561],[131.759698,34.055967],[131.759586,34.0557],[131.759649,34.055309],[131.759724,34.055109],[131.759649,34.054792],[131.759561,34.054792],[131.759586,34.05475],[131.759536,34.053884],[131.759561,34.053817],[131.760086,34.053959],[131.760724,34.053892],[131.761161,34.054],[131.761348,34.054117],[131.761461,34.054],[131.761498,34.053709],[131.761411,34.053326],[131.761599,34.053167],[131.761961,34.053142],[131.761936,34.053076],[131.761499,34.052984],[131.760724,34.052942],[131.760449,34.052484],[131.760286,34.050884],[131.760149,34.050701],[131.760011,34.050384],[131.759986,34.049951],[131.758861,34.049617],[131.758474,34.048934],[131.758386,34.048617],[131.758499,34.048526],[131.758424,34.048326],[131.758224,34.048326],[131.758086,34.048234],[131.757761,34.048551],[131.752824,34.047459],[131.751674,34.047251],[131.751012,34.047051],[131.750899,34.046801],[131.750649,34.046459],[131.750349,34.046417],[131.750212,34.046959],[131.749887,34.046959],[131.749549,34.046751],[131.749249,34.046684],[131.748887,34.046526],[131.748287,34.046392],[131.747674,34.046342],[131.747558,34.046364],[131.747537,34.046134],[131.747349,34.045842],[131.747187,34.045801],[131.747112,34.045867],[131.747024,34.046834],[131.746799,34.047242],[131.746887,34.047917],[131.744512,34.049809],[131.7443,34.049825],[131.744162,34.049717],[131.744087,34.049559],[131.7437,34.049084],[131.743137,34.048717],[131.742862,34.048742],[131.742437,34.048825],[131.742212,34.048942],[131.742187,34.049075],[131.742212,34.049484],[131.742487,34.049684],[131.742612,34.049959],[131.742562,34.050159],[131.7431,34.050767],[131.743075,34.050925],[131.742912,34.0512],[131.742937,34.051359],[131.742987,34.051375],[131.743262,34.051309],[131.743374,34.05145],[131.73905,34.054708],[131.738962,34.054841],[131.738962,34.055316],[131.73905,34.05545],[131.744399,34.059458],[131.744499,34.059575],[131.747557,34.060088],[131.747674,34.060141],[131.748224,34.060225],[131.748299,34.0603],[131.748374,34.062466],[131.748436,34.062558],[131.749261,34.062674],[131.750561,34.0627],[131.754023,34.062566],[131.754961,34.062608],[131.755411,34.06275],[131.755598,34.06295],[131.755486,34.063041],[131.755323,34.063066],[131.755623,34.063316],[131.755711,34.063175],[131.755686,34.063133],[131.755873,34.063083],[131.758161,34.065241],[131.758373,34.065466],[131.758436,34.066099],[131.75821,34.067066],[131.757436,34.067633],[131.757323,34.067791],[131.756886,34.067924],[131.756798,34.067816],[131.756748,34.067383],[131.757048,34.067224],[131.757048,34.067158],[131.756636,34.066641],[131.755011,34.064916],[131.754798,34.064891],[131.753111,34.065274],[131.751673,34.065641],[131.752611,34.068349],[131.752911,34.068849],[131.753461,34.069324],[131.753461,34.069757],[131.753261,34.070682],[131.752273,34.070632],[131.751698,34.069749],[131.751223,34.068916],[131.750073,34.067174],[131.748924,34.065749],[131.748511,34.065699],[131.747736,34.065724],[131.747557,34.065695],[131.745261,34.065757],[131.743949,34.070132],[131.743624,34.070082],[131.743536,34.070382],[131.744136,34.070474],[131.743911,34.07119],[131.743724,34.07119],[131.743649,34.071415],[131.743374,34.071415],[131.743374,34.071215],[131.742561,34.07114],[131.742449,34.071865],[131.741549,34.071865],[131.742099,34.070082],[131.742399,34.070107],[131.742536,34.06974],[131.742211,34.069674],[131.742949,34.067399],[131.739524,34.064116],[131.738012,34.063391],[131.737887,34.062874],[131.738424,34.062849],[131.738762,34.062799],[131.738874,34.062766],[131.738874,34.062649],[131.738824,34.062591],[131.738812,34.062499],[131.738837,34.062391],[131.738849,34.062299],[131.738887,34.062149],[131.738924,34.061991],[131.738912,34.061924],[131.738837,34.061816],[131.738624,34.061891],[131.738624,34.061799],[131.738599,34.061541],[131.738287,34.061383],[131.737899,34.061249],[131.737812,34.061233],[131.737574,34.061324],[131.737124,34.061541],[131.736849,34.061683],[131.736837,34.061641],[131.735175,34.060983],[131.73485,34.060966],[131.730725,34.062057],[131.729825,34.062841],[131.7292,34.062249],[131.729012,34.061441],[131.727825,34.061641],[131.727821,34.061641],[131.727037,34.061299],[131.726175,34.060274],[131.725988,34.060099],[131.725763,34.060024],[131.725438,34.060182],[131.725,34.060274],[131.7237,34.060182],[131.723025,34.060016],[131.722813,34.059857],[131.722725,34.059699],[131.7227,34.059541],[131.722738,34.059299],[131.72265,34.059024],[131.722438,34.058774],[131.722,34.058416],[131.7217,34.058258],[131.721488,34.058208],[131.721225,34.058074],[131.720788,34.057733],[131.719976,34.057274],[131.719813,34.057274],[131.719676,34.057233],[131.719563,34.057233],[131.719188,34.057657],[131.719076,34.057724],[131.719001,34.057724],[131.718238,34.057741],[131.717963,34.057857],[131.717663,34.058216],[131.717563,34.058574],[131.717526,34.058849],[131.717638,34.058982],[131.717476,34.059816],[131.717301,34.060041],[131.717013,34.060266],[131.716513,34.060516],[131.715863,34.060649],[131.715376,34.060624],[131.715138,34.060491],[131.714951,34.060307],[131.714463,34.059716],[131.714188,34.059557],[131.713863,34.059532],[131.713538,34.059599],[131.713213,34.059716],[131.712401,34.059774],[131.711639,34.059891],[131.711364,34.060024],[131.711039,34.060266],[131.709601,34.060515],[131.709339,34.060357],[131.708951,34.06004],[131.708789,34.059766],[131.708714,34.059424],[131.708764,34.059182],[131.709039,34.059066],[131.710051,34.058007],[131.710126,34.057624],[131.710101,34.057466],[131.709889,34.057307],[131.709451,34.057199],[131.709164,34.057032],[131.708814,34.056632],[131.708626,34.056132],[131.708514,34.055541],[131.708414,34.055249],[131.708164,34.054774],[131.707864,34.054457],[131.707389,34.054049],[131.707227,34.054008],[131.707089,34.054099],[131.706977,34.054391],[131.706239,34.054791],[131.705939,34.055016],[131.705664,34.055441],[131.705452,34.055749],[131.705514,34.055666],[131.705414,34.055824],[131.705314,34.055907],[131.705314,34.056007],[131.705339,34.056141],[131.705239,34.056182],[131.704977,34.056266],[131.704852,34.056266],[131.704577,34.056332],[131.704252,34.056366],[131.704052,34.056366],[131.703902,34.056357],[131.703714,34.056332],[131.703577,34.056291],[131.703502,34.056241],[131.703464,34.056132],[131.703377,34.056007],[131.703302,34.055849],[131.703239,34.055766],[131.703089,34.055732],[131.703027,34.055649],[131.702902,34.055449],[131.702664,34.055366],[131.702539,34.055399],[131.702439,34.055324],[131.702339,34.055357],[131.702314,34.055466],[131.702327,34.055549],[131.702252,34.055582],[131.702102,34.055599],[131.701777,34.055632],[131.701677,34.055657],[131.701527,34.055657],[131.701377,34.055657],[131.701227,34.055557],[131.701139,34.055591],[131.700952,34.055641],[131.700877,34.055732],[131.700789,34.055741],[131.700752,34.055849],[131.700652,34.055749],[131.700264,34.055674],[131.699952,34.055516],[131.699777,34.055391],[131.69959,34.055199],[131.699577,34.055132],[131.699527,34.055007],[131.699502,34.054882],[131.699477,34.054674],[131.69944,34.054474],[131.699427,34.054274],[131.69944,34.054149],[131.69939,34.053974],[131.699202,34.053891],[131.699027,34.053857],[131.698902,34.053807],[131.698665,34.053732],[131.698452,34.053666],[131.698315,34.053574],[131.69819,34.053466],[131.698115,34.053382],[131.69809,34.053299],[131.698065,34.053191],[131.698052,34.053082],[131.698065,34.053007],[131.69819,34.052966],[131.698452,34.052924],[131.698827,34.052899],[131.69904,34.052857],[131.699077,34.052699],[131.699077,34.052507],[131.69904,34.052332],[131.698965,34.052241],[131.698852,34.052124],[131.69874,34.051999],[131.698577,34.051816],[131.69854,34.051699],[131.698565,34.051624],[131.69874,34.051441],[131.699615,34.051633],[131.69989,34.051474],[131.699915,34.051183],[131.699427,34.050324],[131.698702,34.049324],[131.698302,34.049124],[131.698077,34.049124],[131.698027,34.049099],[131.69749,34.048491],[131.697702,34.048333],[131.69814,34.048199],[131.698415,34.048149],[131.698515,34.047991],[131.69849,34.047791],[131.69809,34.047449],[131.698003,34.047316],[131.697928,34.046641],[131.69774,34.0465],[131.697303,34.046525],[131.696978,34.0467],[131.696328,34.046991],[131.695928,34.0469],[131.69524,34.046675],[131.695028,34.046716],[131.694865,34.046858],[131.69484,34.047033],[131.69364,34.047166],[131.688703,34.047466],[131.688441,34.047441],[131.688416,34.047533],[131.688466,34.047708],[131.688628,34.047941],[131.688841,34.048141],[131.688866,34.048208],[131.689028,34.048274],[131.689078,34.048366],[131.690328,34.049141],[131.690653,34.049299],[131.690703,34.049458],[131.690815,34.049483],[131.69089,34.049549],[131.691028,34.049774],[131.69189,34.050358],[131.69214,34.050441],[131.69224,34.050558],[131.692278,34.050683],[131.692203,34.050908],[131.69234,34.051107],[131.692478,34.051282],[131.69254,34.051441],[131.69244,34.051641],[131.692253,34.051866],[131.692065,34.052066],[131.69204,34.052174],[131.691903,34.052157],[131.69174,34.052249],[131.69174,34.052316],[131.69164,34.052474],[131.691628,34.052557],[131.691628,34.052757],[131.691615,34.052982],[131.69159,34.053299],[131.69154,34.053491],[131.69144,34.053557],[131.69144,34.053724],[131.691453,34.053882],[131.691278,34.053974],[131.691128,34.054066],[131.69089,34.054207],[131.690665,34.054291],[131.690565,34.054291],[131.690465,34.054207],[131.690378,34.054149],[131.690278,34.054049],[131.690053,34.053832],[131.689878,34.053591],[131.689778,34.053457],[131.689628,34.053474],[131.68949,34.053532],[131.688715,34.052791],[131.688415,34.052607],[131.688328,34.052607],[131.687865,34.052699],[131.687191,34.052624],[131.686866,34.052516],[131.686403,34.052582],[131.686028,34.052849],[131.685566,34.052824],[131.685128,34.052757],[131.684941,34.052616],[131.684678,34.052349],[131.684378,34.052191],[131.683778,34.052007],[131.683703,34.052024],[131.683316,34.051982],[131.682966,34.052066],[131.682853,34.052141],[131.682666,34.052749],[131.682691,34.052907],[131.682803,34.053132],[131.682716,34.053449],[131.682791,34.053782],[131.682578,34.054007],[131.682003,34.054482],[131.681628,34.05464],[131.681141,34.054707],[131.680216,34.054724],[131.679778,34.054607],[131.679478,34.054474],[131.679216,34.054565],[131.678854,34.054632],[131.678529,34.054515],[131.678216,34.054332],[131.677941,34.054282],[131.677729,34.054124],[131.677566,34.053949],[131.677866,34.05359],[131.677841,34.053382],[131.678004,34.053065],[131.678104,34.052799],[131.678029,34.052524],[131.678279,34.052441],[131.678191,34.052257],[131.677954,34.052007],[131.677679,34.051716],[131.677579,34.051016],[131.677691,34.050716],[131.677604,34.050582],[131.677304,34.050424],[131.677041,34.050224],[131.676691,34.050041],[131.676366,34.050016],[131.675929,34.050124],[131.675504,34.049157],[131.676154,34.048232],[131.677966,34.047966],[131.678029,34.047833],[131.678191,34.047183],[131.678304,34.046683],[131.678491,34.046299],[131.678879,34.046033],[131.678904,34.045891],[131.678529,34.045441],[131.678366,34.045558],[131.678229,34.045733],[131.677329,34.045933],[131.677054,34.045908],[131.676791,34.045799],[131.676704,34.045524],[131.676792,34.044941],[131.676742,34.044783],[131.676792,34.044558],[131.676767,34.044124],[131.676904,34.043808],[131.677104,34.043699],[131.677342,34.043658],[131.677529,34.043566],[131.677567,34.04325],[131.676992,34.04275],[131.676779,34.04255],[131.676479,34.042658],[131.676317,34.042908],[131.676042,34.043016],[131.675717,34.042991],[131.675117,34.043041],[131.674417,34.043191],[131.674204,34.043283],[131.673867,34.043599],[131.673767,34.043891],[131.673604,34.043958],[131.673654,34.044274],[131.673867,34.044749],[131.673842,34.044883],[131.673679,34.045108],[131.673517,34.045516],[131.673317,34.046166],[131.672879,34.046933],[131.672367,34.047724],[131.671929,34.048032],[131.671867,34.048016],[131.670917,34.048057],[131.670654,34.048124],[131.670329,34.048349],[131.670079,34.048907],[131.669942,34.049899],[131.669804,34.050266],[131.669367,34.050874],[131.668892,34.051774],[131.668867,34.051932],[131.668729,34.052174],[131.668267,34.052265],[131.667867,34.052424],[131.667804,34.052465],[131.667479,34.052582],[131.667054,34.052532],[131.666429,34.052415],[131.665717,34.05239],[131.664442,34.052774],[131.663742,34.052682],[131.663092,34.052432],[131.662605,34.05229],[131.662467,34.05229],[131.662117,34.052382],[131.661517,34.052607],[131.661467,34.052648],[131.66108,34.052782],[131.660542,34.052915],[131.660242,34.053232],[131.660542,34.053573],[131.660805,34.053957],[131.66148,34.054857],[131.662592,34.055607],[131.662967,34.055765],[131.66318,34.055907],[131.663267,34.056015],[131.663479,34.056765],[131.663879,34.057148],[131.664254,34.057623],[131.664254,34.057915],[131.664067,34.058481],[131.663704,34.058998],[131.663079,34.059673],[131.662992,34.060415],[131.662854,34.060848],[131.662342,34.061298],[131.662204,34.061473],[131.662204,34.061656],[131.662342,34.061948],[131.662854,34.062331],[131.662979,34.062698],[131.663092,34.063189],[131.663192,34.063464],[131.663254,34.064031],[131.663354,34.064189],[131.663792,34.064231],[131.664604,34.064256],[131.664904,34.064489],[131.665142,34.064756],[131.665254,34.064806],[131.665304,34.065006],[131.665142,34.065206],[131.664054,34.066356],[131.663642,34.066556],[131.662742,34.066597],[131.661654,34.066981],[131.661354,34.067247],[131.661442,34.067522],[131.661742,34.068039],[131.662242,34.068806],[131.662492,34.069664],[131.662454,34.069872],[131.662542,34.070364],[131.662754,34.070705],[131.662942,34.070914],[131.663016,34.071314],[131.663204,34.071655],[131.663291,34.07188],[131.663016,34.072172],[131.662504,34.072514],[131.660329,34.073588],[131.659667,34.07383],[131.659017,34.074147],[131.658829,34.07428],[131.658367,34.074505],[131.657904,34.074663],[131.657167,34.074838],[131.655192,34.07513],[131.65503,34.075055],[131.654655,34.074805],[131.654192,34.074671],[131.65403,34.074713],[131.653892,34.074713],[131.653405,34.07483],[131.65288,34.074896],[131.652692,34.074846],[131.651855,34.074305],[131.651667,34.074238],[131.651205,34.074213],[131.650767,34.07428],[131.650117,34.074546],[131.649392,34.07493],[131.648493,34.07508],[131.647355,34.075321],[131.646568,34.075663],[131.646293,34.075638],[131.646018,34.075521],[131.64578,34.075096],[131.645568,34.074846],[131.645105,34.074729],[131.64488,34.074704],[131.644243,34.074254],[131.644105,34.074254],[131.643943,34.074504],[131.643343,34.075021],[131.642981,34.075396],[131.642081,34.076213],[131.641481,34.076929],[131.641131,34.077446],[131.640806,34.077629],[131.640393,34.077712],[131.640068,34.077737],[131.639956,34.077687],[131.639668,34.077462],[131.639443,34.077196],[131.638993,34.076787],[131.638856,34.076737],[131.638556,34.076712],[131.638206,34.076804],[131.637768,34.077146],[131.637468,34.077296],[131.637094,34.077279],[131.636494,34.077071],[131.636119,34.077021],[131.635919,34.077112],[131.635781,34.077271],[131.635644,34.077679],[131.635531,34.078579],[131.635156,34.078895],[131.634581,34.079254],[131.634444,34.079479],[131.634531,34.079704],[131.634581,34.080045],[131.634444,34.080695],[131.634306,34.081053],[131.634244,34.081687],[131.634381,34.081937],[131.634544,34.082137],[131.634869,34.082278],[131.635219,34.082303],[131.635681,34.082412],[131.635944,34.082578],[131.636106,34.082912],[131.636081,34.083412],[131.635881,34.083745],[131.635531,34.084178],[131.635369,34.08447],[131.635369,34.084578],[131.635256,34.085236],[131.635119,34.085595],[131.634956,34.08587],[131.634681,34.086203],[131.634656,34.08632],[131.634706,34.086586],[131.634706,34.086945],[131.634706,34.087086],[131.634781,34.08717],[131.635306,34.087461],[131.635919,34.087828],[131.636419,34.088053],[131.636656,34.088219],[131.636856,34.088469],[131.637018,34.088536],[131.637443,34.088486],[131.637781,34.088536],[131.637906,34.088811],[131.637993,34.088936],[131.638181,34.088986],[131.640331,34.088986],[131.640806,34.089053],[131.641081,34.089195],[131.641156,34.089303],[131.641493,34.089436],[131.642005,34.089386],[131.642368,34.089403],[131.642405,34.089461],[131.642405,34.089795],[131.64228,34.090836],[131.642105,34.091403],[131.64238,34.091853],[131.642555,34.092311],[131.64283,34.092686],[131.642905,34.092986],[131.64288,34.093786],[131.643155,34.094336],[131.64313,34.094669],[131.643018,34.094794],[131.642718,34.094827],[131.641943,34.094836],[131.641818,34.094869],[131.641805,34.094994],[131.64198,34.095527],[131.642043,34.095969],[131.641993,34.096344],[131.641505,34.098027],[131.641381,34.098244],[131.641293,34.09831],[131.641118,34.098577],[131.641068,34.098894],[131.641106,34.099835],[131.640706,34.100343],[131.640543,34.100835],[131.640443,34.101443],[131.640256,34.101652],[131.639531,34.101927],[131.639418,34.102068],[131.639131,34.103193],[131.638943,34.105359],[131.639068,34.105418],[131.640706,34.105734],[131.64108,34.105859],[131.641393,34.106034],[131.64188,34.106459],[131.642093,34.106576],[131.643643,34.106876],[131.643905,34.107001],[131.644093,34.107251],[131.64423,34.108159],[131.644655,34.108776],[131.644855,34.109276],[131.645043,34.109584],[131.64563,34.110409],[131.646092,34.110867],[131.646192,34.111126],[131.646255,34.111851],[131.646405,34.112342],[131.64648,34.11315],[131.646442,34.113625],[131.64638,34.113725],[131.646092,34.113759],[131.645667,34.113842],[131.645505,34.113967],[131.64538,34.114342],[131.64523,34.115025],[131.64493,34.115517],[131.64503,34.115908],[131.645067,34.116358],[131.64498,34.116675],[131.64478,34.117067],[131.644867,34.117641],[131.644867,34.117908],[131.64473,34.118325],[131.644255,34.118991],[131.644218,34.119216],[131.644268,34.119591],[131.644218,34.119891],[131.643855,34.120591],[131.643293,34.120999],[131.642918,34.121366],[131.642643,34.121466],[131.642605,34.121541],[131.642705,34.121982],[131.64268,34.122616],[131.642843,34.123232],[131.642805,34.123524],[131.642255,34.124482],[131.64193,34.124974],[131.64238,34.12494],[131.642968,34.124982],[131.643155,34.125124],[131.64333,34.125324],[131.643618,34.125457],[131.644217,34.125682],[131.64448,34.125915],[131.644755,34.126249],[131.645142,34.126849],[131.645455,34.12709],[131.646017,34.127382],[131.64603,34.127474],[131.645817,34.127624],[131.64553,34.127773],[131.64523,34.127973],[131.644767,34.128457],[131.644655,34.128773],[131.644842,34.129132],[131.64533,34.129657],[131.645542,34.129998],[131.645667,34.130648],[131.645467,34.131256],[131.645455,34.131681],[131.645567,34.131906],[131.64613,34.132656],[131.645992,34.132848],[131.645755,34.132998],[131.64548,34.133106],[131.645317,34.133298],[131.645292,34.133556],[131.64543,34.134131],[131.64568,34.134298],[131.647779,34.135106],[131.649079,34.135806],[131.649679,34.136264],[131.649942,34.136389],[131.650367,34.136481],[131.650854,34.136423],[131.651342,34.136264],[131.652079,34.135864],[131.652417,34.135889],[131.653154,34.136289],[131.653391,34.136498],[131.653954,34.137181],[131.654066,34.136798],[131.654266,34.136673],[131.655129,34.136289],[131.655591,34.136173],[131.656366,34.136114],[131.656716,34.136148],[131.657116,34.13624],[131.657404,34.136273],[131.658466,34.136181],[131.658903,34.136198],[131.659203,34.136248],[131.659941,34.13659],[131.660278,34.136715],[131.660466,34.136698],[131.660766,34.136623],[131.661528,34.13634],[131.662241,34.136331],[131.662691,34.136265],[131.663853,34.135998],[131.664453,34.135807],[131.665078,34.135548],[131.66579,34.135173],[131.666228,34.134848],[131.666515,34.134473],[131.666665,34.134107],[131.666928,34.134182],[131.667465,34.134548],[131.668178,34.134798],[131.66844,34.134957],[131.66874,34.13509],[131.668915,34.135115],[131.66959,34.134973],[131.670015,34.134932],[131.670377,34.134965],[131.670952,34.135115],[131.671902,34.134982],[131.672402,34.134965],[131.673002,34.134915],[131.673527,34.134899],[131.674127,34.13509],[131.67444,34.13509],[131.674652,34.13504],[131.67494,34.134857],[131.675115,34.134657],[131.675415,34.134532],[131.676052,34.134407],[131.676264,34.134282],[131.676352,34.133849],[131.676452,34.133682],[131.676702,34.133566],[131.677202,34.133566],[131.677477,34.133441],[131.677789,34.133232],[131.677889,34.133199],[131.678127,34.133182],[131.678602,34.133407],[131.678827,34.133407],[131.679127,34.133357],[131.679639,34.133182],[131.679802,34.132882],[131.679952,34.132657],[131.680214,34.132591],[131.680489,34.132616],[131.680602,34.132591],[131.680789,34.132491],[131.681252,34.132124],[131.681839,34.132033],[131.683151,34.132166],[131.683664,34.132191],[131.684114,34.132158],[131.684614,34.132183],[131.686126,34.132541],[131.686751,34.131608],[131.686776,34.131383],[131.686701,34.130216],[131.686764,34.1299],[131.686876,34.129683],[131.687064,34.129575],[131.687201,34.12955],[131.687626,34.129308],[131.688339,34.128667],[131.689151,34.127692],[131.689389,34.127508],[131.689739,34.127417],[131.690476,34.127375],[131.691026,34.127383],[131.691238,34.127109],[131.691438,34.126725],[131.691688,34.1264],[131.692238,34.125975],[131.692776,34.125717],[131.693413,34.125267],[131.693851,34.124559],[131.694351,34.123917],[131.694676,34.123592],[131.695088,34.123259],[131.695376,34.123209],[131.695926,34.123393],[131.696238,34.123526],[131.696463,34.123526],[131.696588,34.123426],[131.6967,34.123043],[131.696963,34.122851],[131.697988,34.122326],[131.698213,34.122126],[131.698263,34.121959],[131.6982,34.120843],[131.698225,34.12061],[131.698713,34.11976],[131.698813,34.119426],[131.698788,34.11916],[131.6987,34.118927],[131.6985,34.118777],[131.698288,34.11871],[131.698138,34.118602],[131.69805,34.118327],[131.697863,34.118135],[131.697438,34.117827],[131.697363,34.117427],[131.69735,34.117185],[131.697175,34.11696],[131.696925,34.116977],[131.696788,34.117085],[131.696613,34.117118],[131.69655,34.117102],[131.695988,34.116718],[131.695626,34.116577],[131.695551,34.116518],[131.695501,34.116285],[131.695588,34.115902],[131.695788,34.11561],[131.6964,34.115185],[131.69665,34.115094],[131.696925,34.115135],[131.697188,34.115277],[131.69775,34.115694],[131.698125,34.115869],[131.698288,34.115919],[131.698363,34.115869],[131.698475,34.115569],[131.698525,34.114694],[131.698863,34.114152],[131.698925,34.113669],[131.699025,34.113444],[131.69925,34.113177],[131.699725,34.113094],[131.6999,34.112961],[131.6999,34.112861],[131.699663,34.112511],[131.6994,34.112236],[131.699375,34.112144],[131.699525,34.111369],[131.699613,34.111152],[131.699775,34.111078],[131.700238,34.111044],[131.700438,34.111153],[131.700625,34.111353],[131.7008,34.111661],[131.701125,34.112027],[131.701438,34.112236],[131.702113,34.112461],[131.702138,34.112536],[131.701988,34.112819],[131.701888,34.113336],[131.702063,34.113536],[131.70245,34.113794],[131.702837,34.113952],[131.703025,34.113827],[131.703275,34.113736],[131.703637,34.113719],[131.704562,34.113877],[131.704725,34.113786],[131.7053,34.113202],[131.705712,34.113144],[131.706575,34.113103],[131.707075,34.113103],[131.707512,34.113136],[131.707787,34.113003],[131.708174,34.112528],[131.708637,34.112419],[131.710887,34.112036],[131.711237,34.111944],[131.713487,34.112328],[131.714924,34.112403],[131.715661,34.112436],[131.717474,34.11282],[131.718011,34.11282],[131.718274,34.112878],[131.718836,34.113145],[131.719198,34.113478],[131.719461,34.113595],[131.719748,34.11377],[131.720536,34.114411],[131.720861,34.114878],[131.721173,34.114961],[131.721461,34.114986],[131.721748,34.114928],[131.722148,34.114928],[131.722798,34.115136],[131.723161,34.115036],[131.723523,34.114903],[131.723861,34.114845],[131.724248,34.11492],[131.724548,34.114945],[131.72556,34.114745],[131.72581,34.114595],[131.725973,34.114361],[131.726248,34.11422],[131.72641,34.114011],[131.726523,34.113786],[131.72651,34.113686],[131.725511,34.113436],[131.725461,34.113395],[131.725361,34.113078],[131.725373,34.112778],[131.725623,34.112203],[131.725761,34.112003],[131.726173,34.111945],[131.726335,34.111803],[131.726373,34.111345],[131.726086,34.110395],[131.726011,34.110037],[131.726036,34.109679],[131.726186,34.109162],[131.726536,34.108454],[131.726786,34.10832],[131.727211,34.108179],[131.727723,34.108062],[131.728323,34.108087],[131.728835,34.108054],[131.728985,34.107987],[131.729598,34.107595],[131.729848,34.107387],[131.73001,34.107145],[131.730148,34.106562],[131.730323,34.106304],[131.730723,34.105921],[131.731685,34.105137],[131.73216,34.104887],[131.732723,34.104912],[131.732948,34.104971],[131.733073,34.105054],[131.733485,34.106487],[131.73366,34.106729],[131.733773,34.106812],[131.733923,34.106779],[131.73411,34.106654],[131.734473,34.106662],[131.734898,34.106787],[131.73516,34.106979],[131.735385,34.107229],[131.735498,34.107787],[131.735535,34.108262],[131.735685,34.10847],[131.736048,34.10857],[131.736448,34.108604],[131.736835,34.108595],[131.737722,34.108387],[131.737822,34.108454],[131.737972,34.108579],[131.73836,34.108662],[131.73891,34.108745],[131.739597,34.10877],[131.740122,34.10882],[131.740572,34.108937],[131.740897,34.109062],[131.74121,34.109295],[131.741522,34.109595],[131.741847,34.109845],[131.742247,34.110079],[131.743035,34.110362],[131.743285,34.110487],[131.743447,34.11067],[131.743585,34.111045],[131.743347,34.111479],[131.743372,34.111745],[131.743947,34.113103],[131.744185,34.113528],[131.744372,34.113587],[131.744447,34.113645],[131.744659,34.113962],[131.744734,34.114287],[131.744722,34.114453],[131.744822,34.114678],[131.745147,34.114945],[131.745297,34.115195],[131.745309,34.115445],[131.745384,34.115636],[131.745509,34.11577],[131.745522,34.116028],[131.745284,34.116978],[131.745309,34.117303],[131.745422,34.117803],[131.745122,34.118069],[131.745047,34.118303],[131.745159,34.118694],[131.745422,34.119319],[131.745609,34.120261],[131.745597,34.120502],[131.745509,34.120711],[131.745309,34.120902],[131.744759,34.121227],[131.744522,34.121427],[131.744459,34.121686],[131.744522,34.121827],[131.744684,34.121944],[131.745297,34.122111],[131.745722,34.122161],[131.745834,34.122311],[131.746072,34.123244],[131.746184,34.12336],[131.746447,34.123427],[131.746759,34.12346],[131.747234,34.123694],[131.747557,34.123847],[131.748346,34.124319],[131.748659,34.12461],[131.748934,34.125185],[131.749209,34.12551],[131.749646,34.125802],[131.750096,34.12616],[131.750421,34.126735],[131.750809,34.127085],[131.751321,34.127385],[131.751709,34.127568],[131.751746,34.127552],[131.752496,34.127802],[131.752584,34.128127],[131.752459,34.12871],[131.752484,34.128777],[131.752684,34.128835],[131.753084,34.12886],[131.753384,34.128927],[131.753446,34.129068],[131.753433,34.12931],[131.753446,34.129551],[131.753871,34.129751],[131.754171,34.130051],[131.754558,34.130568],[131.754646,34.130843],[131.754633,34.13096],[131.754471,34.131293],[131.754246,34.131643],[131.754108,34.131951],[131.754083,34.132376],[131.754271,34.132601],[131.754583,34.13281],[131.754746,34.132993],[131.754733,34.133518],[131.754921,34.133968],[131.755246,34.134384],[131.755296,34.134676],[131.754996,34.135251],[131.755008,34.135409],[131.755696,34.135918],[131.756083,34.136317],[131.756321,34.136701],[131.756271,34.136959],[131.755946,34.137351],[131.755708,34.137726],[131.755283,34.138726],[131.755371,34.139025],[131.755608,34.13935],[131.75622,34.139342],[131.756295,34.139375],[131.756458,34.139534],[131.756658,34.1398],[131.757045,34.14005],[131.757383,34.140125],[131.757683,34.140242],[131.757933,34.140434],[131.758883,34.140967],[131.759195,34.141292],[131.759395,34.141709],[131.759495,34.142175],[131.759545,34.142642],[131.75967,34.142767],[131.760058,34.1429],[131.76022,34.143083],[131.76042,34.143117],[131.760745,34.143092],[131.76107,34.143125],[131.761358,34.143242],[131.762058,34.143342],[131.76382,34.143475],[131.764907,34.143684],[131.765045,34.143775],[131.76522,34.144009],[131.765257,34.14435],[131.765145,34.144675],[131.764995,34.144967],[131.764907,34.145333],[131.764957,34.146058],[131.764695,34.147425],[131.764445,34.147825],[131.764407,34.148208],[131.764357,34.149],[131.76442,34.149366],[131.764582,34.149533],[131.765282,34.1497],[131.765357,34.150116],[131.765332,34.150441],[131.76542,34.150833],[131.765907,34.151024],[131.766095,34.151274],[131.766282,34.151624],[131.766744,34.152291],[131.767132,34.152516],[131.767607,34.152641],[131.767769,34.152899],[131.767882,34.153283],[131.767969,34.153849],[131.768182,34.154049],[131.768507,34.154091],[131.768707,34.153924],[131.768882,34.153708],[131.769444,34.153566],[131.769844,34.153583],[131.770257,34.153741],[131.770494,34.154008],[131.770832,34.154291],[131.770969,34.154324],[131.771444,34.154324],[131.772019,34.154283],[131.772894,34.153999],[131.773232,34.153916],[131.773319,34.153941],[131.773382,34.154166],[131.773319,34.154691],[131.773094,34.155591],[131.773194,34.155832],[131.773431,34.156007],[131.774131,34.156299],[131.774319,34.156449],[131.774769,34.156691],[131.775431,34.156941],[131.775756,34.156982],[131.776119,34.156874],[131.776444,34.156932],[131.778269,34.157566],[131.778719,34.157774],[131.779156,34.158049],[131.780756,34.159732],[131.781093,34.160274],[131.781181,34.160632],[131.781156,34.160924],[131.780968,34.16124],[131.780568,34.16169],[131.780356,34.16214],[131.780243,34.162682],[131.780306,34.163132],[131.780368,34.16329],[131.780981,34.163798],[131.781218,34.164198],[131.781656,34.165073],[131.781731,34.16554],[131.781693,34.166356],[131.781831,34.166515],[131.782256,34.166806],[131.782456,34.167123],[131.782531,34.167356],[131.782893,34.16784],[131.783031,34.16819],[131.782968,34.168506],[131.782343,34.169581],[131.781968,34.169889],[131.781856,34.169923],[131.781793,34.170006],[131.781718,34.170414],[131.781793,34.170681],[131.781931,34.170889],[131.782268,34.171064],[131.783005,34.171381],[131.783255,34.171606],[131.783305,34.171898],[131.78353,34.172256],[131.78408,34.172848],[131.784405,34.173339],[131.784493,34.173389],[131.784905,34.173431],[131.786055,34.173814],[131.787018,34.173989],[131.787318,34.173989],[131.787705,34.173923],[131.788005,34.173948],[131.788118,34.174014],[131.78833,34.174281],[131.788692,34.174914],[131.788942,34.175589],[131.789292,34.175881],[131.789792,34.176422],[131.790342,34.176939],[131.790392,34.177164],[131.790155,34.177547],[131.790117,34.177797],[131.790705,34.178856],[131.790755,34.179214],[131.79073,34.179489],[131.790455,34.179755],[131.79043,34.179939],[131.790567,34.180664],[131.790642,34.182689],[131.790705,34.182955],[131.790892,34.183163],[131.791255,34.183363],[131.791605,34.183522],[131.79178,34.18368],[131.791855,34.184038],[131.79178,34.184805],[131.79183,34.185388],[131.791917,34.185572],[131.792242,34.185822],[131.79263,34.186022],[131.79373,34.186355],[131.794005,34.186655],[131.794117,34.186922],[131.794392,34.187147],[131.794555,34.18733],[131.794692,34.187713],[131.794492,34.187938],[131.79403,34.18803],[131.793567,34.188163],[131.79348,34.188321],[131.793342,34.189105],[131.79318,34.189446],[131.792692,34.190146],[131.79238,34.190413],[131.791417,34.19078],[131.791092,34.191005],[131.790955,34.191229],[131.790955,34.191479],[131.791067,34.191746],[131.791205,34.192313],[131.791155,34.192604],[131.791067,34.192804],[131.79088,34.193054],[131.79043,34.193213],[131.78988,34.193238],[131.789192,34.193054],[131.788617,34.192763],[131.788042,34.192763],[131.787992,34.192738],[131.787817,34.192538],[131.787655,34.192196],[131.787405,34.191479],[131.787355,34.191413],[131.78713,34.191321],[131.786093,34.191438],[131.785155,34.191613],[131.783868,34.191754],[131.78378,34.191729],[131.783568,34.191529],[131.78323,34.191054],[131.782743,34.190804],[131.781755,34.190246],[131.781255,34.190088],[131.779855,34.190021],[131.779355,34.189663],[131.779105,34.189413],[131.778756,34.189188],[131.778393,34.189121],[131.777656,34.188829],[131.777431,34.188921],[131.777406,34.189004],[131.777193,34.189229],[131.777131,34.189371],[131.776856,34.189529],[131.776556,34.189571],[131.775781,34.189504],[131.775543,34.189504],[131.775243,34.189438],[131.774443,34.189188],[131.773893,34.188988],[131.773318,34.188879],[131.773231,34.188963],[131.773256,34.189263],[131.773418,34.189596],[131.773393,34.190162],[131.773181,34.190721],[131.772981,34.190862],[131.772681,34.190929],[131.771781,34.190904],[131.771718,34.190879],[131.771781,34.190429],[131.771743,34.190346],[131.771606,34.190187],[131.771281,34.190121],[131.771143,34.190137],[131.770731,34.190137],[131.770093,34.189979],[131.770043,34.190004],[131.770068,34.190254],[131.770318,34.190704],[131.770068,34.190837],[131.768281,34.191362],[131.768181,34.191521],[131.768119,34.192104],[131.767569,34.192554],[131.767294,34.192712],[131.767106,34.19267],[131.766881,34.192529],[131.766394,34.192512],[131.766056,34.192645],[131.765644,34.192895],[131.765206,34.193387],[131.765019,34.193795],[131.764719,34.194679],[131.764631,34.195037],[131.764356,34.19567],[131.764269,34.195753],[131.763531,34.196028],[131.763319,34.196053],[131.763256,34.196028],[131.763006,34.196228],[131.762869,34.196453],[131.762844,34.196903],[131.762906,34.197337],[131.762869,34.197628],[131.762794,34.197895],[131.762769,34.198195],[131.762544,34.198961],[131.762544,34.199228],[131.762431,34.199386],[131.762219,34.199386],[131.761531,34.199053],[131.761169,34.198911],[131.760156,34.198445],[131.759956,34.198445],[131.759794,34.198536],[131.759682,34.198761],[131.759744,34.199678],[131.759544,34.200336],[131.759544,34.200786],[131.759682,34.201145],[131.759881,34.201419],[131.760156,34.201711],[131.760206,34.201869],[131.759906,34.202161],[131.759519,34.202386],[131.759407,34.202586],[131.759407,34.202886],[131.759494,34.203194],[131.759744,34.203628],[131.759744,34.203828],[131.759382,34.204211],[131.759219,34.204261],[131.758832,34.204278],[131.758344,34.204194],[131.758069,34.204169],[131.757769,34.204236],[131.757657,34.204369],[131.757569,34.204619],[131.757407,34.206086],[131.757157,34.206652],[131.756632,34.207211],[131.756144,34.207527],[131.755944,34.207752],[131.755807,34.20811],[131.755782,34.208519],[131.755807,34.208877],[131.755757,34.209219],[131.755507,34.209577],[131.755182,34.209944],[131.754432,34.210527],[131.754057,34.210727],[131.753807,34.210935],[131.752682,34.212285],[131.752432,34.21251],[131.752157,34.212577],[131.751932,34.212652],[131.751744,34.212851],[131.751607,34.213118],[131.751332,34.213301],[131.751007,34.213576],[131.750757,34.21411],[131.750732,34.214426],[131.750944,34.214926],[131.751007,34.215218],[131.750869,34.215893],[131.750869,34.216209],[131.750807,34.216526],[131.750594,34.216751],[131.750319,34.216934],[131.750257,34.217109],[131.750344,34.217743],[131.750482,34.218009],[131.750669,34.218234],[131.750757,34.218467],[131.750644,34.219001],[131.750619,34.219367],[131.750644,34.219634],[131.750894,34.219926],[131.751032,34.220176],[131.750807,34.220809],[131.750757,34.221217],[131.750869,34.221509],[131.751519,34.221892],[131.751632,34.2222],[131.751557,34.222609],[131.751169,34.223267],[131.751007,34.223758],[131.751107,34.224367],[131.750944,34.22455],[131.750644,34.224708],[131.750257,34.224842],[131.749407,34.225225],[131.748719,34.225725],[131.748507,34.225816],[131.74792,34.225975],[131.747732,34.226083],[131.747553,34.226237],[131.74752,34.226291],[131.74687,34.2268],[131.74662,34.2269],[131.746307,34.226983],[131.74622,34.227041],[131.746107,34.227233],[131.746107,34.227449],[131.746532,34.227724],[131.746782,34.227849],[131.74707,34.228074],[131.74717,34.228241],[131.747182,34.228474],[131.747145,34.228766],[131.747157,34.229608],[131.747332,34.230166],[131.747369,34.231249],[131.747319,34.231566],[131.747144,34.231932],[131.747057,34.232241],[131.747219,34.233249],[131.747157,34.233582],[131.747044,34.23379],[131.746632,34.23434],[131.746382,34.234532],[131.745969,34.234732],[131.745882,34.234882],[131.745794,34.235873],[131.745719,34.236198],[131.745394,34.236473],[131.745244,34.236673],[131.745182,34.23699],[131.744694,34.238556],[131.744607,34.238665],[131.744295,34.238806],[131.743982,34.238881],[131.743832,34.238973],[131.743782,34.239231],[131.74377,34.23959],[131.743894,34.240273],[131.743857,34.240681],[131.743357,34.241114],[131.743357,34.241239],[131.743569,34.241731],[131.743844,34.242098],[131.744119,34.242606],[131.744269,34.242981],[131.744494,34.243281],[131.744769,34.243473],[131.744832,34.243639],[131.744794,34.244014],[131.744719,34.244272],[131.744094,34.244597],[131.743707,34.244972],[131.743382,34.245056],[131.743082,34.244922],[131.742757,34.244706],[131.742407,34.244531],[131.742145,34.244464],[131.741832,34.244522],[131.741557,34.244697],[131.74132,34.244922],[131.741257,34.245122],[131.741132,34.245847],[131.741195,34.246372],[131.741295,34.246656],[131.741245,34.246889],[131.741157,34.246939],[131.74077,34.246989],[131.740432,34.246955],[131.740182,34.247047],[131.739957,34.247464],[131.739732,34.247589],[131.739445,34.247672],[131.739232,34.247847],[131.73912,34.248089],[131.739107,34.248414],[131.739207,34.248922],[131.739445,34.249355],[131.739532,34.24963],[131.739695,34.249855],[131.740145,34.250288],[131.740295,34.250513],[131.740307,34.250813],[131.740257,34.251163],[131.740282,34.251438],[131.740507,34.25203],[131.740645,34.252622],[131.740857,34.253088],[131.740732,34.253246],[131.740595,34.253563],[131.740582,34.253946],[131.740819,34.25483],[131.741157,34.255188],[131.741232,34.255346],[131.741207,34.255621],[131.741257,34.25583],[131.741969,34.256171],[131.742269,34.25643],[131.742444,34.256654],[131.742632,34.256796],[131.742819,34.256888],[131.742969,34.257029],[131.742744,34.257438],[131.742682,34.257721],[131.742707,34.257913],[131.742669,34.258163],[131.743007,34.258229],[131.743357,34.258346],[131.743982,34.258629],[131.744032,34.259171],[131.744307,34.259321],[131.744432,34.259629],[131.744569,34.259796],[131.744844,34.259896],[131.745144,34.260088],[131.745582,34.260637],[131.745844,34.260671],[131.746032,34.260487],[131.746194,34.260221],[131.746369,34.260096],[131.746557,34.260113],[131.746694,34.260254],[131.747019,34.260529],[131.747157,34.260513],[131.747444,34.260279],[131.747552,34.260159],[131.747681,34.260213],[131.747756,34.260263],[131.747831,34.260338],[131.747981,34.260504],[131.748231,34.260821],[131.748406,34.260912],[131.748719,34.260912],[131.749219,34.260721],[131.749519,34.260654],[131.749769,34.260704],[131.749919,34.260754],[131.750106,34.260854],[131.750169,34.260879],[131.750256,34.260954],[131.750419,34.261104],[131.750831,34.261429],[131.751231,34.261621],[131.751444,34.261654],[131.751656,34.261696],[131.751819,34.261746],[131.751881,34.261754],[131.752119,34.261879],[131.752294,34.262037],[131.752381,34.262112],[131.752769,34.262479],[131.752856,34.262562],[131.753131,34.262779],[131.753331,34.262971],[131.753356,34.263112],[131.753381,34.263346],[131.753344,34.264079],[131.753306,34.264362],[131.753294,34.264512],[131.753331,34.264612],[131.753344,34.264671],[131.753381,34.264696],[131.753381,34.264737],[131.753444,34.264829],[131.753794,34.26537],[131.754406,34.266029],[131.754806,34.266362],[131.754918,34.266512],[131.754931,34.266562],[131.755043,34.266712],[131.755143,34.266862],[131.755168,34.26702],[131.755206,34.267145],[131.755193,34.267254],[131.755156,34.267404],[131.755068,34.267545],[131.754981,34.267737],[131.754918,34.267945],[131.754743,34.268295],[131.754693,34.268503],[131.754668,34.268553],[131.754656,34.268628],[131.754668,34.268653],[131.754631,34.268937],[131.754606,34.269145],[131.754606,34.269303],[131.754581,34.269528],[131.754543,34.269695],[131.754518,34.269912],[131.754356,34.270403],[131.754306,34.270503],[131.754206,34.270753],[131.754181,34.270937],[131.754206,34.271303],[131.754293,34.271528],[131.754368,34.271678],[131.754568,34.271886],[131.754643,34.272011],[131.754681,34.272003],[131.754881,34.271995],[131.755031,34.271961],[131.755118,34.271961],[131.755243,34.271995],[131.755343,34.272045],[131.755481,34.27212],[131.755581,34.27222],[131.755706,34.272328],[131.755806,34.272503],[131.755868,34.272553],[131.755943,34.272586],[131.756043,34.272578],[131.756143,34.272586],[131.756193,34.272561],[131.756418,34.272486],[131.756593,34.27247],[131.756756,34.27247],[131.756831,34.272428],[131.756856,34.272345],[131.756906,34.27212],[131.757043,34.272078],[131.757156,34.272095],[131.757281,34.272136],[131.757381,34.272203],[131.757393,34.272245],[131.757493,34.272345],[131.757618,34.272486],[131.757731,34.272645],[131.758043,34.272911],[131.758343,34.273095],[131.758631,34.273228],[131.758856,34.27337],[131.75903,34.273486],[131.759105,34.273545],[131.759043,34.273628],[131.758818,34.27387],[131.75873,34.273961],[131.758618,34.274103],[131.75858,34.274161],[131.758418,34.274311],[131.758218,34.274436],[131.758055,34.274511],[131.757606,34.274795],[131.757543,34.27487],[131.757406,34.275003],[131.757331,34.275103],[131.757218,34.27527],[131.757181,34.275395],[131.757181,34.275561],[131.75718,34.275719],[131.757055,34.275919],[131.756855,34.276086],[131.75678,34.276153],[131.756743,34.276161],[131.756418,34.276511],[131.756293,34.276644],[131.756193,34.276853],[131.755993,34.277203],[131.75588,34.277411],[131.75558,34.278019],[131.75543,34.278261],[131.755305,34.278394],[131.755205,34.278536],[131.75488,34.278794],[131.754793,34.278928],[131.754343,34.279527],[131.754243,34.279644],[131.754143,34.279702],[131.753856,34.279869],[131.753668,34.280036],[131.753506,34.280127],[131.753243,34.280469],[131.753031,34.280844],[131.752968,34.280986],[131.752893,34.281219],[131.752843,34.281569],[131.752843,34.281894],[131.752781,34.282027],[131.752643,34.282177],[131.752056,34.28261],[131.751856,34.282769],[131.751731,34.282885],[131.751493,34.28311],[131.750818,34.283435],[131.750493,34.283652],[131.750331,34.283794],[131.750193,34.283969],[131.750168,34.284019],[131.750068,34.284152],[131.749968,34.28431],[131.749768,34.284702],[131.749656,34.284819],[131.749431,34.284944],[131.749131,34.28521],[131.748981,34.28531],[131.748768,34.285368],[131.748306,34.285393],[131.748143,34.285393],[131.748018,34.285443],[131.747968,34.285468],[131.747868,34.285627],[131.747756,34.285885],[131.747706,34.286052],[131.747706,34.286243],[131.747681,34.286368],[131.747656,34.286402],[131.747552,34.286465],[131.747506,34.286552],[131.746956,34.286835],[131.746206,34.287568],[131.745606,34.28796],[131.745356,34.288201],[131.744681,34.288518],[131.744506,34.288685],[131.743768,34.28921],[131.743706,34.289318],[131.743656,34.289543],[131.743706,34.289876],[131.743656,34.29021],[131.743406,34.290868],[131.743006,34.291126],[131.742956,34.291359],[131.742943,34.291709],[131.742743,34.292126],[131.742243,34.292534],[131.742081,34.292751],[131.742018,34.293093],[131.742093,34.293401],[131.742418,34.294092],[131.742318,34.294651],[131.742343,34.294676],[131.743768,34.295351],[131.743931,34.295592],[131.744093,34.296076],[131.744305,34.296942],[131.74468,34.297042],[131.74578,34.297367],[131.746168,34.297542],[131.74638,34.297726],[131.746805,34.298184],[131.74708,34.298717],[131.74718,34.298767],[131.74753,34.298792],[131.74783,34.298842],[131.748068,34.298776],[131.748255,34.298751],[131.748443,34.298701],[131.748693,34.298684],[131.749205,34.298584],[131.749305,34.298551],[131.749355,34.298559],[131.749618,34.298476],[131.749718,34.298492],[131.74978,34.298576],[131.74988,34.298709],[131.750068,34.298976],[131.75018,34.299317],[131.750255,34.299675],[131.75023,34.299809],[131.750205,34.300034],[131.750155,34.300184],[131.749992,34.300517],[131.74998,34.300675],[131.75008,34.300942],[131.75008,34.301092],[131.75003,34.301175],[131.749992,34.301225],[131.749917,34.301275],[131.749867,34.301309],[131.749805,34.301334],[131.749605,34.3014],[131.749417,34.301434],[131.749242,34.301484],[131.749105,34.301625],[131.74903,34.301734],[131.748793,34.302109],[131.748343,34.302792],[131.748305,34.302875],[131.748268,34.302958],[131.748268,34.303042],[131.748268,34.303083],[131.748318,34.303158],[131.74833,34.303208],[131.748343,34.303217],[131.748455,34.303383],[131.748642,34.303542],[131.748792,34.303758],[131.748817,34.303925],[131.748817,34.304125],[131.74888,34.304258],[131.749067,34.3044],[131.749242,34.304583],[131.749367,34.304783],[131.749455,34.3049],[131.749505,34.305066],[131.749542,34.305283],[131.749542,34.305416],[131.749505,34.305566],[131.749442,34.305741],[131.749292,34.305883],[131.749055,34.306041],[131.748367,34.306533],[131.747551,34.307037],[131.747467,34.307116],[131.746967,34.308074],[131.74688,34.308366],[131.746955,34.308707],[131.74678,34.309066],[131.74653,34.309232],[131.746255,34.309915],[131.74603,34.31004],[131.745367,34.310207],[131.745155,34.310457],[131.74508,34.311249],[131.744767,34.31179],[131.744667,34.312565],[131.744505,34.312907],[131.743992,34.313815],[131.74393,34.314065],[131.744092,34.314348],[131.744205,34.314673],[131.744205,34.315056],[131.744255,34.315306],[131.744505,34.315564],[131.745192,34.316148],[131.745592,34.316364],[131.746329,34.316556],[131.746729,34.316697],[131.746917,34.316922],[131.746904,34.317181],[131.746779,34.317381],[131.746542,34.317572],[131.746092,34.317997],[131.746017,34.318222],[131.745992,34.318822],[131.745804,34.319247],[131.745942,34.319455],[131.746267,34.319722],[131.746279,34.319972],[131.746217,34.320263],[131.746292,34.32063],[131.746267,34.320972],[131.746204,34.321072],[131.745967,34.321297],[131.745479,34.321572],[131.745404,34.321821],[131.745429,34.322238],[131.745592,34.322463],[131.745754,34.32283],[131.745867,34.323754],[131.745804,34.324171],[131.745879,34.324529],[131.746079,34.325104],[131.746042,34.325396],[131.745867,34.325846],[131.746054,34.326579],[131.746029,34.326887],[131.745679,34.327562],[131.745542,34.327937],[131.745367,34.32817],[131.745192,34.328329],[131.744692,34.329379],[131.745142,34.329262],[131.745967,34.329112],[131.747079,34.328962],[131.747279,34.328887],[131.747529,34.328729],[131.747544,34.328688],[131.747742,34.328854],[131.747842,34.32892],[131.747942,34.32892],[131.748392,34.328854],[131.748742,34.328879],[131.748991,34.328937],[131.749229,34.328995],[131.749454,34.329112],[131.749454,34.329129],[131.749729,34.329362],[131.749904,34.329479],[131.750129,34.329545],[131.750254,34.329529],[131.750366,34.329545],[131.750416,34.329562],[131.750516,34.329645],[131.750491,34.32972],[131.750529,34.329879],[131.750566,34.32992],[131.750804,34.330079],[131.751254,34.330304],[131.751516,34.330429],[131.751704,34.330512],[131.751816,34.330562],[131.751966,34.330545],[131.752191,34.330512],[131.752304,34.33047],[131.752429,34.330445],[131.752816,34.330412],[131.752904,34.330395],[131.753016,34.33037],[131.753291,34.330195],[131.753529,34.330062],[131.753879,34.329945],[131.754241,34.329937],[131.754404,34.329945],[131.754629,34.329987],[131.754878,34.330062],[131.755128,34.330112],[131.755241,34.330145],[131.755278,34.330154],[131.755578,34.330362],[131.755703,34.330479],[131.756203,34.330862],[131.756391,34.331045],[131.756516,34.33122],[131.756578,34.33132],[131.756591,34.331429],[131.756453,34.33157],[131.756153,34.331837],[131.755803,34.332287],[131.755741,34.332354],[131.755603,34.332437],[131.755391,34.332529],[131.755316,34.332628],[131.755253,34.332745],[131.755253,34.332837],[131.755278,34.333053],[131.755441,34.333537],[131.755428,34.333678],[131.755366,34.333828],[131.755303,34.333953],[131.754566,34.334845],[131.754466,34.335103],[131.754303,34.335595],[131.754166,34.336186],[131.754141,34.336303],[131.754428,34.33657],[131.754453,34.336695],[131.754678,34.337078],[131.755178,34.337486],[131.755253,34.338095],[131.755366,34.338428],[131.755478,34.338544],[131.756053,34.339178],[131.756466,34.339761],[131.756653,34.340186],[131.756678,34.340594],[131.756353,34.341586],[131.756191,34.341902],[131.755753,34.342511],[131.755778,34.342711],[131.756166,34.343544],[131.756141,34.343927],[131.755966,34.344336],[131.755916,34.345752],[131.756028,34.346319],[131.756103,34.346502],[131.756441,34.34681],[131.756928,34.347019],[131.757503,34.34706],[131.757953,34.347469],[131.758778,34.347894],[131.758965,34.348077],[131.759602,34.34956],[131.759927,34.349993],[131.760527,34.350327],[131.761002,34.350443],[131.761515,34.350393],[131.761965,34.35046],[131.76284,34.350527],[131.763252,34.350885],[131.763714,34.35116],[131.764264,34.351318],[131.764489,34.351493],[131.764514,34.35181],[131.764489,34.352285],[131.764602,34.352776],[131.764814,34.353185],[131.765089,34.35341],[131.765526,34.35346],[131.766051,34.353435],[131.767514,34.353635],[131.768414,34.353635],[131.768826,34.353901],[131.769351,34.354693],[131.770063,34.355635],[131.770563,34.356068],[131.770863,34.356226],[131.770951,34.356201],[131.771138,34.355951],[131.771463,34.355685],[131.772151,34.355343],[131.772725,34.355143],[131.7732,34.354893],[131.773588,34.35476],[131.77465,34.354735],[131.7749,34.354526],[131.775175,34.354218],[131.775563,34.353918],[131.775975,34.35376],[131.776438,34.353676],[131.77685,34.353785],[131.7774,34.354143],[131.777513,34.354168],[131.777725,34.354051],[131.77795,34.353627],[131.778088,34.352068],[131.777975,34.351552],[131.778613,34.351143],[131.779025,34.35056],[131.7791,34.350402],[131.778938,34.350177],[131.778525,34.349819],[131.7785,34.349119],[131.77855,34.34871],[131.7788,34.347877],[131.778825,34.347269],[131.778663,34.346869],[131.778475,34.346569],[131.7785,34.345986],[131.778688,34.345736],[131.778988,34.345561],[131.779188,34.345194],[131.779288,34.344902],[131.779463,34.344636],[131.779463,34.344227],[131.779263,34.343778],[131.779013,34.343369],[131.777976,34.342244],[131.777613,34.341819],[131.777038,34.340894],[131.776626,34.340536],[131.775364,34.340036],[131.775176,34.339811],[131.774951,34.338911],[131.774702,34.337628],[131.774727,34.337361],[131.775389,34.336612],[131.775389,34.33657],[131.775664,34.336353],[131.776014,34.335853],[131.776089,34.335778],[131.776139,34.335712],[131.776214,34.33557],[131.776326,34.335262],[131.776401,34.335028],[131.776526,34.334728],[131.776589,34.334562],[131.776764,34.33387],[131.776901,34.333495],[131.776951,34.333412],[131.777326,34.333062],[131.777576,34.332929],[131.777714,34.332904],[131.777851,34.332954],[131.778164,34.333112],[131.778276,34.333137],[131.778401,34.333187],[131.779364,34.333495],[131.779626,34.333579],[131.779901,34.333687],[131.780001,34.333695],[131.780126,34.33362],[131.780226,34.333554],[131.780501,34.333437],[131.780576,34.333437],[131.781413,34.333179],[131.781501,34.333154],[131.781663,34.333087],[131.781913,34.332987],[131.781951,34.332971],[131.782238,34.332879],[131.782763,34.332562],[131.783238,34.332179],[131.783376,34.332112],[131.783463,34.332062],[131.783551,34.332029],[131.783626,34.331987],[131.783851,34.331954],[131.784088,34.331904],[131.784338,34.331821],[131.784413,34.331754],[131.784501,34.331662],[131.784588,34.331454],[131.784676,34.331312],[131.784813,34.330913],[131.784888,34.330754],[131.785013,34.330338],[131.785076,34.330079],[131.785201,34.329971],[131.785276,34.329888],[131.785526,34.329754],[131.785876,34.329588],[131.786088,34.329463],[131.786363,34.329363],[131.787013,34.329204],[131.787188,34.329138],[131.787588,34.329029],[131.787675,34.328979],[131.787875,34.328829],[131.787938,34.328779],[131.788063,34.328754],[131.788913,34.329296],[131.789,34.329354],[131.789163,34.329513],[131.78945,34.329704],[131.79,34.329938],[131.790288,34.330038],[131.790338,34.330021],[131.790475,34.330021],[131.7908,34.329954],[131.791575,34.329479],[131.791825,34.329346],[131.792288,34.329304],[131.792463,34.329288],[131.792737,34.329104],[131.792987,34.328904],[131.7933,34.328546],[131.793337,34.32848],[131.793512,34.328255],[131.79385,34.328005],[131.793987,34.327905],[131.79405,34.327855],[131.794237,34.327696],[131.794387,34.327555],[131.794487,34.327488],[131.7946,34.327455],[131.795212,34.327263],[131.795637,34.327046],[131.795775,34.326988],[131.795925,34.326855],[131.796012,34.326746],[131.796125,34.32658],[131.796137,34.326463],[131.796112,34.326288],[131.79615,34.326071],[131.7961,34.325763],[131.795887,34.325088],[131.795912,34.324772],[131.795987,34.324588],[131.796162,34.324363],[131.7963,34.324147],[131.796325,34.324022],[131.796175,34.323755],[131.796137,34.323655],[131.796125,34.323588],[131.7961,34.323455],[131.796262,34.323147],[131.796475,34.322864],[131.796575,34.32233],[131.796625,34.322172],[131.796662,34.32208],[131.796638,34.321914],[131.796575,34.321839],[131.79635,34.32168],[131.796113,34.321555],[131.796,34.321389],[131.7959,34.321097],[131.795838,34.321005],[131.795825,34.320872],[131.7958,34.320705],[131.795775,34.320589],[131.795813,34.320472],[131.795925,34.320347],[131.796063,34.320247],[131.79615,34.320172],[131.796238,34.320081],[131.796288,34.319997],[131.796313,34.319806],[131.796325,34.319672],[131.7964,34.319556],[131.796438,34.319464],[131.796388,34.319306],[131.7963,34.319214],[131.796263,34.319081],[131.79625,34.319006],[131.796288,34.318914],[131.79635,34.318814],[131.796438,34.318697],[131.796513,34.318631],[131.796638,34.318539],[131.796788,34.318439],[131.796925,34.318397],[131.797038,34.318364],[131.797163,34.318364],[131.797275,34.318281],[131.797313,34.318156],[131.797325,34.318022],[131.797325,34.317831],[131.797313,34.317764],[131.797338,34.317689],[131.79745,34.317598],[131.797588,34.317531],[131.7977,34.317498],[131.797863,34.317439],[131.798113,34.317306],[131.798263,34.317214],[131.798388,34.317114],[131.798775,34.316931],[131.798913,34.316856],[131.799125,34.316806],[131.799712,34.316939],[131.800087,34.316956],[131.800262,34.316923],[131.800475,34.316889],[131.800675,34.316873],[131.801387,34.316998],[131.801575,34.316989],[131.8016,34.317006],[131.801725,34.317006],[131.801925,34.316998],[131.801987,34.316998],[131.802112,34.316973],[131.802237,34.316948],[131.802337,34.316906],[131.802437,34.316839],[131.802537,34.316723],[131.802675,34.316564],[131.802812,34.316339],[131.802925,34.316156],[131.803062,34.315823],[131.803262,34.315523],[131.803287,34.315456],[131.80345,34.315198],[131.803775,34.315006],[131.80405,34.314823],[131.80425,34.31469],[131.804362,34.314598],[131.804562,34.314398],[131.804675,34.31429],[131.804925,34.313981],[131.805112,34.313823],[131.8053,34.313706],[131.805387,34.31364],[131.805475,34.313506],[131.80555,34.313406],[131.805587,34.31334],[131.8056,34.313106],[131.8056,34.31299],[131.805637,34.312823],[131.8057,34.312706],[131.805825,34.312623],[131.806175,34.312473],[131.806437,34.312348],[131.806662,34.312298],[131.8071,34.312223],[131.807462,34.312173],[131.807775,34.312215],[131.807962,34.312223],[131.808062,34.312206],[131.808437,34.312006],[131.8086,34.311856],[131.80865,34.31179],[131.808812,34.311681],[131.8089,34.311648],[131.809025,34.311598],[131.8091,34.311581],[131.809225,34.311581],[131.809312,34.311648],[131.809762,34.311981],[131.810549,34.31229],[131.810674,34.31234],[131.810749,34.312373],[131.810862,34.31244],[131.810887,34.312448],[131.811187,34.312531],[131.811774,34.312565],[131.812087,34.312523],[131.812837,34.31244],[131.813074,34.312373],[131.813237,34.312231],[131.813437,34.312081],[131.814062,34.311848],[131.814124,34.311823],[131.814212,34.311798],[131.814274,34.311748],[131.814462,34.311523],[131.815124,34.311032],[131.815386,34.31089],[131.816074,34.310598],[131.816274,34.310473],[131.816374,34.31039],[131.816461,34.310298],[131.816549,34.310198],[131.816636,34.309957],[131.816686,34.30984],[131.816724,34.309582],[131.816774,34.309415],[131.816961,34.309157],[131.817249,34.308932],[131.817436,34.308757],[131.817511,34.308515],[131.817574,34.308224],[131.817736,34.30794],[131.817886,34.307732],[131.818061,34.307557],[131.818286,34.307307],[131.818186,34.307191],[131.817949,34.306916],[131.817736,34.306732],[131.817611,34.306574],[131.817549,34.306466],[131.817511,34.306341],[131.817536,34.306241],[131.817699,34.306116],[131.817849,34.306016],[131.818049,34.305916],[131.818311,34.305766],[131.818386,34.305632],[131.818399,34.305407],[131.818249,34.304991],[131.818236,34.304916],[131.818286,34.304766],[131.818486,34.304433],[131.818524,34.304349],[131.818624,34.304208],[131.818774,34.303941],[131.818836,34.303849],[131.819024,34.303483],[131.819136,34.303308],[131.819286,34.303141],[131.819449,34.302974],[131.819899,34.302666],[131.820099,34.302525],[131.820286,34.302441]]]},"type":"Feature"}]}