{"type":"FeatureCollection","features":[{"geometry":{"coordinates":[[[131.69061,34.681022],[131.69056,34.680931],[131.690473,34.680347],[131.690348,34.679872],[131.68996,34.679122],[131.689785,34.678672],[131.689535,34.677814],[131.689548,34.677698],[131.689623,34.677564],[131.689823,34.677381],[131.690123,34.676756],[131.69031,34.676439],[131.69086,34.675948],[131.69096,34.675789],[131.691398,34.675323],[131.691523,34.675073],[131.691498,34.67494],[131.691323,34.674823],[131.689548,34.674065],[131.689098,34.673723],[131.688835,34.673365],[131.68861,34.672731],[131.68851,34.672232],[131.688348,34.671782],[131.687673,34.671482],[131.687198,34.671048],[131.687073,34.670757],[131.686886,34.669865],[131.686923,34.669798],[131.686548,34.669398],[131.686286,34.669273],[131.686173,34.669257],[131.685661,34.669332],[131.685373,34.669532],[131.685111,34.669615],[131.684986,34.669615],[131.684711,34.669498],[131.683973,34.668924],[131.683886,34.668715],[131.683948,34.668524],[131.684411,34.668057],[131.684448,34.667815],[131.684411,34.667432],[131.684473,34.667065],[131.684623,34.66689],[131.684898,34.666665],[131.685161,34.666507],[131.685498,34.666482],[131.685761,34.666432],[131.686136,34.666082],[131.686386,34.665799],[131.687086,34.665474],[131.687473,34.665232],[131.687748,34.664966],[131.688136,34.664424],[131.688273,34.664349],[131.689048,34.664074],[131.689236,34.663849],[131.689423,34.663524],[131.68986,34.663066],[131.68966,34.662291],[131.689573,34.661441],[131.689523,34.661008],[131.689323,34.6607],[131.689236,34.660625],[131.688636,34.660366],[131.688423,34.660191],[131.688398,34.659966],[131.688411,34.659441],[131.688586,34.658608],[131.688861,34.657883],[131.688873,34.657492],[131.688723,34.656908],[131.688811,34.656742],[131.688986,34.656683],[131.689698,34.656642],[131.690111,34.656583],[131.690486,34.6564],[131.690861,34.656167],[131.691173,34.656017],[131.691623,34.655917],[131.693448,34.656075],[131.694073,34.656334],[131.694323,34.656392],[131.694635,34.656367],[131.695035,34.656225],[131.695185,34.656092],[131.695273,34.65545],[131.69546,34.654984],[131.695823,34.654417],[131.696373,34.653109],[131.69651,34.652609],[131.69646,34.652276],[131.69631,34.652042],[131.695585,34.651576],[131.695073,34.651384],[131.694773,34.651184],[131.694523,34.650934],[131.694448,34.650776],[131.694485,34.650284],[131.694385,34.650093],[131.694323,34.649818],[131.694348,34.649576],[131.69451,34.649351],[131.69481,34.649109],[131.695085,34.648584],[131.695285,34.648518],[131.695435,34.648526],[131.696023,34.648868],[131.696185,34.648876],[131.696373,34.648776],[131.696473,34.648568],[131.696698,34.648359],[131.696973,34.648293],[131.697523,34.648309],[131.69801,34.648426],[131.69831,34.648543],[131.698748,34.648801],[131.699048,34.648901],[131.699348,34.648934],[131.700235,34.649168],[131.700435,34.649126],[131.700448,34.649059],[131.700135,34.648559],[131.700023,34.648318],[131.700148,34.64776],[131.700023,34.647451],[131.69836,34.645835],[131.698048,34.64556],[131.697723,34.645068],[131.697398,34.64441],[131.697173,34.643577],[131.697211,34.643035],[131.696998,34.642327],[131.696998,34.641977],[131.697136,34.641727],[131.697323,34.641669],[131.697523,34.641652],[131.697923,34.641535],[131.698036,34.641394],[131.698136,34.640952],[131.698148,34.640694],[131.698061,34.640319],[131.697748,34.639802],[131.697511,34.639036],[131.697323,34.638036],[131.697361,34.637461],[131.697548,34.636519],[131.697523,34.635861],[131.697411,34.635694],[131.696861,34.635203],[131.696648,34.634895],[131.696486,34.634436],[131.696636,34.63402],[131.697161,34.633286],[131.697436,34.632995],[131.697698,34.632861],[131.697861,34.632603],[131.697986,34.632295],[131.698261,34.631878],[131.698261,34.63162],[131.698173,34.631495],[131.697348,34.631295],[131.697036,34.631162],[131.696823,34.631003],[131.696636,34.630595],[131.696511,34.630428],[131.696223,34.630237],[131.695936,34.629962],[131.695486,34.629304],[131.695011,34.628304],[131.694836,34.628095],[131.694361,34.627829],[131.694236,34.627695],[131.694436,34.627095],[131.694849,34.626462],[131.694961,34.625321],[131.695074,34.624846],[131.695324,34.624312],[131.695524,34.623979],[131.695961,34.623429],[131.696099,34.623088],[131.696124,34.622838],[131.695986,34.622579],[131.695336,34.622004],[131.695099,34.621646],[131.694911,34.621021],[131.694836,34.62083],[131.694849,34.620713],[131.696024,34.619838],[131.696199,34.619588],[131.696486,34.618971],[131.696799,34.618755],[131.697599,34.618596],[131.697961,34.618488],[131.698286,34.61828],[131.698574,34.617947],[131.698836,34.617338],[131.699036,34.617047],[131.699561,34.616463],[131.700136,34.616172],[131.700599,34.616105],[131.700811,34.61598],[131.701174,34.615855],[131.702036,34.615772],[131.702299,34.615689],[131.702561,34.615497],[131.703136,34.614964],[131.703474,34.614705],[131.704361,34.614322],[131.704799,34.614097],[131.705449,34.613855],[131.705911,34.613547],[131.706386,34.613064],[131.706599,34.612906],[131.707074,34.612872],[131.707461,34.612806],[131.708161,34.612514],[131.708536,34.612447],[131.708836,34.612456],[131.709673,34.612589],[131.710186,34.612831],[131.710386,34.613114],[131.710461,34.613406],[131.710448,34.613755],[131.710311,34.614189],[131.710323,34.61448],[131.710423,34.614497],[131.711086,34.614255],[131.711573,34.61418],[131.712136,34.614189],[131.713398,34.613864],[131.713773,34.61373],[131.713861,34.613664],[131.714136,34.613189],[131.714261,34.613139],[131.714486,34.613122],[131.714773,34.613181],[131.715073,34.613281],[131.715361,34.613331],[131.715773,34.613306],[131.716111,34.613347],[131.716548,34.613564],[131.716948,34.613689],[131.717336,34.61373],[131.717986,34.613655],[131.718286,34.613539],[131.718448,34.613381],[131.718661,34.612889],[131.718811,34.612431],[131.718823,34.612081],[131.718411,34.610956],[131.718261,34.610473],[131.718311,34.610173],[131.718411,34.609898],[131.718386,34.609589],[131.718086,34.609106],[131.717936,34.608756],[131.717698,34.607915],[131.717536,34.60749],[131.717173,34.606831],[131.716936,34.606081],[131.716948,34.605548],[131.717086,34.605198],[131.717874,34.603807],[131.718161,34.603307],[131.718674,34.602557],[131.719149,34.601632],[131.719474,34.601249],[131.719849,34.600657],[131.719824,34.600474],[131.719636,34.600332],[131.719399,34.600249],[131.719099,34.600224],[131.718761,34.60024],[131.718474,34.600215],[131.718299,34.600132],[131.717686,34.599382],[131.717549,34.599124],[131.717574,34.599099],[131.717399,34.598924],[131.717424,34.598741],[131.717711,34.598174],[131.718186,34.597557],[131.718861,34.597041],[131.719099,34.596074],[131.719199,34.595349],[131.719436,34.594158],[131.719824,34.593],[131.719861,34.592708],[131.719961,34.592491],[131.720149,34.592358],[131.720374,34.592075],[131.720399,34.591967],[131.720311,34.591417],[131.719899,34.59105],[131.719849,34.591033],[131.719811,34.590875],[131.719836,34.590625],[131.719949,34.590333],[131.720124,34.59005],[131.720524,34.589658],[131.720574,34.589408],[131.720511,34.589184],[131.720161,34.588475],[131.720186,34.588275],[131.720299,34.58805],[131.720324,34.587792],[131.720136,34.587125],[131.720049,34.586875],[131.719986,34.586542],[131.719924,34.586367],[131.719974,34.586117],[131.720299,34.585217],[131.720524,34.584834],[131.720599,34.584542],[131.720549,34.584267],[131.720436,34.583951],[131.720136,34.583459],[131.720024,34.583168],[131.720049,34.582893],[131.720249,34.582601],[131.720762,34.582059],[131.721399,34.581951],[131.722086,34.581809],[131.723674,34.581201],[131.725111,34.580568],[131.725686,34.580185],[131.725936,34.579868],[131.726036,34.579643],[131.726311,34.579326],[131.726624,34.57906],[131.726761,34.57886],[131.726724,34.57861],[131.726749,34.578268],[131.727199,34.577435],[131.727574,34.576718],[131.727574,34.576443],[131.727411,34.576268],[131.726886,34.575952],[131.726611,34.575744],[131.726336,34.575435],[131.726174,34.57516],[131.725811,34.574919],[131.725487,34.574827],[131.725187,34.574852],[131.725262,34.574285],[131.725212,34.573927],[131.724912,34.573335],[131.724799,34.573044],[131.724737,34.572752],[131.724599,34.572369],[131.724412,34.572119],[131.724324,34.572077],[131.724112,34.572036],[131.723499,34.572169],[131.723424,34.572211],[131.723199,34.572211],[131.722899,34.572169],[131.722324,34.571919],[131.722049,34.571969],[131.721824,34.572077],[131.721524,34.572302],[131.721224,34.572461],[131.720862,34.572552],[131.720537,34.572552],[131.720262,34.572486],[131.719924,34.572311],[131.718987,34.571544],[131.718612,34.571294],[131.718024,34.570802],[131.717674,34.570594],[131.716899,34.570461],[131.716712,34.570394],[131.716674,34.570261],[131.716737,34.570061],[131.716812,34.569453],[131.716787,34.569086],[131.71635,34.568411],[131.716075,34.568144],[131.715912,34.567919],[131.715912,34.567761],[131.715987,34.567603],[131.715875,34.567378],[131.71525,34.566861],[131.714337,34.56612],[131.714175,34.565845],[131.713737,34.564811],[131.71335,34.564337],[131.7131,34.564162],[131.712987,34.563795],[131.713125,34.563237],[131.71315,34.56292],[131.713125,34.562878],[131.712825,34.562762],[131.712437,34.562737],[131.711937,34.562787],[131.711425,34.562878],[131.710762,34.563037],[131.710425,34.563078],[131.709962,34.56292],[131.709687,34.562853],[131.709437,34.562853],[131.708725,34.56317],[131.707925,34.563462],[131.707462,34.56347],[131.7065,34.563328],[131.706113,34.563378],[131.705763,34.563511],[131.705375,34.563803],[131.7049,34.564395],[131.704713,34.564778],[131.704363,34.565111],[131.70405,34.565228],[131.703338,34.565295],[131.703038,34.56527],[131.702875,34.565186],[131.702763,34.564553],[131.702838,34.563203],[131.7029,34.562903],[131.703063,34.562678],[131.70325,34.56212],[131.703475,34.561462],[131.703663,34.561128],[131.704188,34.560537],[131.704438,34.560203],[131.704813,34.559929],[131.705175,34.559795],[131.705338,34.559637],[131.705363,34.559479],[131.705225,34.559212],[131.705013,34.559004],[131.7043,34.557562],[131.704076,34.557254],[131.703801,34.557029],[131.703501,34.556887],[131.703276,34.556712],[131.703226,34.55662],[131.703163,34.556212],[131.703363,34.555404],[131.702863,34.554771],[131.702776,34.554546],[131.702613,34.554321],[131.702313,34.554121],[131.702151,34.553896],[131.702013,34.553554],[131.701813,34.552929],[131.701626,34.552679],[131.701401,34.552296],[131.701326,34.552029],[131.701314,34.551779],[131.701264,34.551554],[131.701126,34.551371],[131.700989,34.551104],[131.701076,34.550896],[131.701426,34.550696],[131.702251,34.550563],[131.702864,34.550496],[131.703164,34.550421],[131.703301,34.550271],[131.703739,34.548913],[131.703764,34.54853],[131.703901,34.548263],[131.703926,34.548038],[131.703814,34.547746],[131.703876,34.547496],[131.704064,34.547221],[131.704151,34.54693],[131.704176,34.546122],[131.704364,34.545872],[131.705051,34.545397],[131.705601,34.544838],[131.705489,34.54468],[131.705026,34.544163],[131.704851,34.543847],[131.704801,34.543505],[131.705076,34.542472],[131.705101,34.542155],[131.704914,34.541522],[131.704639,34.541297],[131.704052,34.541005],[131.703639,34.540755],[131.703014,34.540197],[131.702789,34.539855],[131.702577,34.539614],[131.702214,34.539364],[131.701714,34.539097],[131.701364,34.538822],[131.701089,34.53853],[131.700977,34.538264],[131.700815,34.537581],[131.700815,34.537131],[131.700915,34.536889],[131.701052,34.536797],[131.701302,34.536747],[131.70199,34.536747],[131.702377,34.536706],[131.702977,34.536572],[131.703389,34.536414],[131.703689,34.536231],[131.703889,34.536031],[131.704052,34.535714],[131.704164,34.535239],[131.704439,34.534656],[131.704677,34.534498],[131.705314,34.534273],[131.705477,34.534181],[131.705889,34.533548],[131.706664,34.533098],[131.706689,34.532873],[131.706577,34.532623],[131.706277,34.532281],[131.705564,34.531698],[131.705065,34.531473],[131.70484,34.531498],[131.704652,34.531565],[131.704427,34.531748],[131.704052,34.532265],[131.70394,34.532265],[131.703615,34.53184],[131.703115,34.531498],[131.702377,34.531115],[131.701877,34.53089],[131.701415,34.530598],[131.701302,34.530332],[131.70124,34.529965],[131.701102,34.529515],[131.70089,34.529048],[131.700715,34.52884],[131.700502,34.528707],[131.699653,34.528532],[131.69924,34.528307],[131.698578,34.527715],[131.698078,34.527065],[131.697553,34.526207],[131.697315,34.525891],[131.697203,34.525807],[131.696378,34.525491],[131.696178,34.525332],[131.696153,34.525199],[131.696428,34.524791],[131.696353,34.524541],[131.695941,34.524157],[131.695528,34.523916],[131.695078,34.523708],[131.694203,34.523399],[131.693516,34.523083],[131.692716,34.522633],[131.692391,34.522516],[131.691404,34.522358],[131.690166,34.52205],[131.689204,34.521758],[131.688516,34.521508],[131.688216,34.521441],[131.687879,34.521325],[131.687716,34.521216],[131.687691,34.520966],[131.687766,34.520541],[131.687741,34.520358],[131.687629,34.52025],[131.687529,34.52025],[131.686867,34.52],[131.686617,34.51975],[131.686454,34.519433],[131.686254,34.518667],[131.686204,34.518058],[131.686067,34.517542],[131.685954,34.5173],[131.685792,34.517142],[131.685592,34.51705],[131.685404,34.517025],[131.685217,34.517075],[131.684029,34.518083],[131.683704,34.518492],[131.683479,34.51865],[131.683204,34.518783],[131.682717,34.51885],[131.681804,34.51865],[131.681504,34.518542],[131.681179,34.518317],[131.680729,34.517725],[131.680592,34.517642],[131.679167,34.51705],[131.679054,34.51705],[131.678754,34.516942],[131.678667,34.516875],[131.678317,34.516742],[131.677954,34.51645],[131.677192,34.5153],[131.676967,34.515075],[131.676692,34.514917],[131.676204,34.514734],[131.675979,34.514625],[131.675779,34.514017],[131.675704,34.513409],[131.675267,34.513092],[131.675042,34.512751],[131.674355,34.512617],[131.674055,34.512642],[131.67383,34.512442],[131.67348,34.511426],[131.673255,34.511042],[131.67298,34.510842],[131.67263,34.510659],[131.67263,34.510701],[131.672292,34.510634],[131.671167,34.510634],[131.671005,34.510592],[131.670067,34.510567],[131.66963,34.510617],[131.669242,34.510592],[131.668805,34.510101],[131.668717,34.509917],[131.66878,34.509692],[131.668892,34.509509],[131.668917,34.509267],[131.668892,34.509151],[131.668505,34.508592],[131.66853,34.507909],[131.668205,34.507668],[131.668117,34.507443],[131.668092,34.507126],[131.668117,34.506993],[131.66803,34.506693],[131.668005,34.506693],[131.668055,34.506043],[131.667917,34.505276],[131.667892,34.504085],[131.668142,34.503993],[131.668367,34.503951],[131.66858,34.50381],[131.66883,34.503218],[131.668967,34.502935],[131.66923,34.502668],[131.669567,34.502443],[131.670142,34.502193],[131.670667,34.502152],[131.671055,34.502193],[131.671605,34.502302],[131.672292,34.502393],[131.67268,34.502368],[131.67323,34.50221],[131.673692,34.501985],[131.673855,34.501827],[131.67408,34.50136],[131.674242,34.501218],[131.674455,34.501177],[131.674767,34.501177],[131.67518,34.501152],[131.675417,34.501035],[131.675617,34.50086],[131.676355,34.499394],[131.67663,34.498877],[131.67683,34.498586],[131.677017,34.498086],[131.67743,34.497119],[131.67768,34.496802],[131.677867,34.496461],[131.678392,34.495669],[131.67888,34.494636],[131.679242,34.493961],[131.679792,34.493261],[131.679905,34.49322],[131.680255,34.493195],[131.681555,34.493211],[131.68188,34.493195],[131.682042,34.493145],[131.682155,34.493053],[131.68218,34.492853],[131.682155,34.492061],[131.682092,34.49152],[131.682317,34.491028],[131.682367,34.490712],[131.682317,34.489878],[131.682342,34.489178],[131.682455,34.48832],[131.682292,34.487829],[131.682042,34.48747],[131.68193,34.486929],[131.681793,34.486679],[131.680743,34.485437],[131.680643,34.485212],[131.680643,34.485079],[131.680805,34.484787],[131.681243,34.484204],[131.681318,34.484154],[131.681768,34.483612],[131.681818,34.483438],[131.681793,34.483163],[131.681955,34.482513],[131.681705,34.482038],[131.681618,34.481771],[131.681593,34.481454],[131.681618,34.480863],[131.681755,34.48053],[131.68193,34.479763],[131.682093,34.479246],[131.682305,34.478996],[131.682643,34.478771],[131.683218,34.478546],[131.68393,34.47848],[131.684593,34.478563],[131.685005,34.478921],[131.685392,34.479063],[131.685692,34.479105],[131.686317,34.479263],[131.686955,34.479213],[131.68748,34.479105],[131.688217,34.478988],[131.688555,34.479038],[131.688792,34.479188],[131.689292,34.479621],[131.689592,34.479938],[131.689955,34.480205],[131.690117,34.480271],[131.69113,34.480005],[131.691442,34.480021],[131.69163,34.480113],[131.69223,34.480538],[131.692592,34.481013],[131.693004,34.481355],[131.693467,34.481555],[131.694079,34.481263],[131.694242,34.481213],[131.694604,34.481188],[131.694904,34.481238],[131.695229,34.481171],[131.695942,34.480946],[131.696279,34.480738],[131.696554,34.480422],[131.696942,34.479747],[131.697104,34.479113],[131.697479,34.478822],[131.697592,34.478505],[131.697679,34.477855],[131.697729,34.47758],[131.697867,34.477539],[131.698117,34.477514],[131.698742,34.477339],[131.698992,34.47718],[131.699241,34.47693],[131.699566,34.475755],[131.699866,34.475122],[131.699979,34.474722],[131.699979,34.474314],[131.699679,34.473664],[131.699079,34.472964],[131.699042,34.472714],[131.699066,34.472356],[131.699291,34.471748],[131.699316,34.471456],[131.699204,34.470956],[131.698967,34.470623],[131.698817,34.470106],[131.698579,34.469806],[131.698329,34.469431],[131.697917,34.469223],[131.697779,34.469023],[131.697667,34.468748],[131.697392,34.468456],[131.697029,34.468373],[131.696817,34.468231],[131.696292,34.46774],[131.696042,34.467698],[131.695967,34.467715],[131.695929,34.467698],[131.695517,34.46754],[131.694617,34.467106],[131.694417,34.466906],[131.694317,34.466656],[131.694279,34.46639],[131.694117,34.465965],[131.69398,34.46574],[131.693955,34.465465],[131.694255,34.464673],[131.69423,34.46414],[131.69428,34.463823],[131.694392,34.463507],[131.694392,34.463215],[131.69423,34.462674],[131.69423,34.462332],[131.69433,34.462065],[131.694467,34.461857],[131.694805,34.461699],[131.694917,34.461682],[131.695155,34.461565],[131.69543,34.461207],[131.695455,34.460799],[131.695355,34.460399],[131.695317,34.460166],[131.695405,34.459991],[131.69568,34.459741],[131.695767,34.459516],[131.695792,34.459066],[131.69593,34.458707],[131.696255,34.458324],[131.696555,34.457799],[131.696617,34.457533],[131.696555,34.457124],[131.696392,34.456966],[131.696142,34.456883],[131.695792,34.456699],[131.695542,34.456499],[131.695342,34.456274],[131.695317,34.456024],[131.695405,34.455866],[131.695567,34.455683],[131.695642,34.455391],[131.695617,34.454966],[131.695542,34.454675],[131.695592,34.454558],[131.695817,34.454491],[131.69603,34.454333],[131.696192,34.454108],[131.696392,34.45395],[131.69663,34.45395],[131.69718,34.454066],[131.697492,34.454058],[131.69773,34.45395],[131.698067,34.453608],[131.69823,34.453225],[131.698392,34.452666],[131.698892,34.452375],[131.699055,34.452191],[131.69908,34.451717],[131.698892,34.451017],[131.69878,34.449917],[131.698642,34.449667],[131.698442,34.449483],[131.698005,34.44895],[131.697842,34.448609],[131.697567,34.447684],[131.697317,34.446584],[131.697117,34.446042],[131.69693,34.445975],[131.696192,34.445842],[131.695917,34.445725],[131.695717,34.445684],[131.695118,34.445709],[131.694793,34.445634],[131.694543,34.445342],[131.69418,34.444667],[131.693955,34.444059],[131.69393,34.443501],[131.694018,34.443201],[131.695055,34.441493],[131.695468,34.440676],[131.695518,34.440368],[131.695443,34.440093],[131.695193,34.439576],[131.695143,34.439193],[131.695305,34.438651],[131.69568,34.437935],[131.69613,34.43721],[131.696318,34.43701],[131.696643,34.436802],[131.69678,34.436535],[131.696918,34.43606],[131.697168,34.435518],[131.697355,34.435335],[131.697743,34.435202],[131.69838,34.435068],[131.698793,34.435068],[131.699993,34.435268],[131.70068,34.435451],[131.701155,34.435651],[131.70148,34.435835],[131.70178,34.435943],[131.70203,34.435985],[131.70258,34.43581],[131.702942,34.435585],[131.704692,34.434743],[131.705442,34.434343],[131.705655,34.434093],[131.705905,34.433551],[131.706067,34.433368],[131.70623,34.433301],[131.707117,34.433276],[131.707442,34.433168],[131.707655,34.432759],[131.70788,34.432584],[131.708405,34.432401],[131.708817,34.432043],[131.709167,34.431901],[131.709555,34.431968],[131.70988,34.431951],[131.710017,34.431834],[131.710567,34.430976],[131.710905,34.430326],[131.71128,34.429851],[131.711417,34.429809],[131.711692,34.429601],[131.711855,34.429359],[131.712192,34.428976],[131.712467,34.428743],[131.712855,34.428568],[131.713205,34.428543],[131.714005,34.428634],[131.71488,34.428792],[131.715105,34.429084],[131.715217,34.429467],[131.715517,34.429759],[131.715592,34.429784],[131.71593,34.429784],[131.71623,34.429734],[131.716667,34.429734],[131.716967,34.429826],[131.717242,34.430001],[131.717467,34.430076],[131.717855,34.429917],[131.718705,34.429325],[131.718917,34.429284],[131.719417,34.429417],[131.719579,34.429417],[131.719829,34.429234],[131.720317,34.428942],[131.721042,34.428759],[131.721529,34.428717],[131.721917,34.428758],[131.722604,34.428892],[131.722817,34.428983],[131.723204,34.429483],[131.723479,34.429592],[131.725054,34.429792],[131.725467,34.42995],[131.726154,34.4304],[131.726366,34.43065],[131.726979,34.431575],[131.727279,34.4318],[131.727691,34.431959],[131.728041,34.432134],[131.728516,34.432426],[131.728929,34.432634],[131.729504,34.432792],[131.729616,34.432717],[131.729729,34.432567],[131.730354,34.431801],[131.730629,34.431567],[131.731041,34.431434],[131.731179,34.431434],[131.732191,34.431592],[131.732441,34.431567],[131.732666,34.431459],[131.732853,34.431276],[131.733103,34.430826],[131.733153,34.430559],[131.733241,34.430376],[131.733353,34.430284],[131.733566,34.430243],[131.734341,34.430309],[131.734991,34.430084],[131.736916,34.429451],[131.737416,34.428976],[131.737828,34.428685],[131.738103,34.428701],[131.738378,34.428818],[131.739278,34.429135],[131.73999,34.429176],[131.741428,34.429176],[131.741615,34.429285],[131.741703,34.429493],[131.741865,34.430235],[131.742003,34.430485],[131.742303,34.430793],[131.742578,34.430976],[131.743078,34.431385],[131.74324,34.431626],[131.743602,34.432351],[131.74399,34.433476],[131.744452,34.434401],[131.74464,34.434693],[131.74514,34.435235],[131.745415,34.435326],[131.746127,34.435435],[131.747064,34.435635],[131.747389,34.435751],[131.747549,34.435732],[131.747814,34.43576],[131.748414,34.435935],[131.748939,34.436226],[131.749402,34.436543],[131.750114,34.436885],[131.750452,34.437018],[131.750752,34.437201],[131.751139,34.437735],[131.751489,34.43846],[131.752064,34.439001],[131.752401,34.439068],[131.752814,34.438951],[131.753276,34.438885],[131.753739,34.438976],[131.754401,34.439293],[131.754626,34.439518],[131.754813,34.439835],[131.755088,34.439993],[131.755363,34.44026],[131.755526,34.440376],[131.756001,34.44001],[131.756601,34.439676],[131.757176,34.439493],[131.757426,34.439243],[131.757313,34.438593],[131.756963,34.437485],[131.756739,34.436943],[131.756739,34.436543],[131.756851,34.436318],[131.757176,34.435951],[131.758051,34.43521],[131.758526,34.434602],[131.758826,34.434352],[131.759188,34.434168],[131.760426,34.433968],[131.761438,34.433718],[131.761826,34.433743],[131.762176,34.433852],[131.763063,34.434552],[131.763438,34.434777],[131.76435,34.43516],[131.765038,34.435318],[131.765588,34.435493],[131.76775,34.435718],[131.768225,34.43581],[131.769375,34.436168],[131.769987,34.436418],[131.770199,34.436418],[131.770399,34.436577],[131.770837,34.437068],[131.771049,34.437002],[131.771349,34.43696],[131.771574,34.436885],[131.771849,34.436618],[131.772449,34.436552],[131.772674,34.436435],[131.772899,34.436168],[131.772899,34.435669],[131.772974,34.43506],[131.773137,34.434952],[131.773437,34.434969],[131.774324,34.435177],[131.774736,34.435194],[131.775311,34.43506],[131.775974,34.434835],[131.776411,34.434785],[131.776849,34.43481],[131.777211,34.434902],[131.777999,34.435394],[131.778523,34.435535],[131.779761,34.435735],[131.780223,34.435777],[131.780723,34.435735],[131.781548,34.435594],[131.782236,34.435435],[131.783135,34.435277],[131.784785,34.434827],[131.78496,34.43476],[131.785448,34.434644],[131.786085,34.434627],[131.786598,34.434469],[131.787873,34.434444],[131.78836,34.434602],[131.78976,34.435385],[131.79051,34.43586],[131.790785,34.435969],[131.79161,34.436019],[131.792185,34.436152],[131.793247,34.436219],[131.793797,34.436194],[131.793722,34.435519],[131.793697,34.435427],[131.793747,34.435185],[131.794622,34.433852],[131.794922,34.433536],[131.795422,34.433286],[131.795509,34.433219],[131.795397,34.433111],[131.795122,34.432952],[131.795009,34.432744],[131.794984,34.432069],[131.794784,34.431236],[131.794784,34.431061],[131.795009,34.430361],[131.79501,34.430153],[131.794922,34.429836],[131.794735,34.429503],[131.794435,34.429144],[131.794372,34.429003],[131.794322,34.428603],[131.794347,34.428553],[131.794297,34.428286],[131.794185,34.428036],[131.79426,34.427836],[131.794322,34.427786],[131.794485,34.427386],[131.79446,34.427044],[131.794485,34.426711],[131.794435,34.42637],[131.794235,34.425961],[131.794185,34.425695],[131.79421,34.425353],[131.794097,34.425195],[131.79336,34.424953],[131.793335,34.424928],[131.79336,34.424636],[131.79316,34.424295],[131.793085,34.423895],[131.79311,34.423262],[131.793247,34.422537],[131.793135,34.422312],[131.79291,34.422178],[131.792635,34.421795],[131.792123,34.420895],[131.791873,34.420512],[131.79171,34.420128],[131.791673,34.419895],[131.79151,34.419662],[131.791398,34.418804],[131.791235,34.418512],[131.791035,34.41827],[131.790623,34.417887],[131.789998,34.417145],[131.789773,34.416804],[131.789448,34.416154],[131.788748,34.415246],[131.788448,34.414937],[131.78796,34.414646],[131.787623,34.414237],[131.78741,34.413879],[131.78696,34.412637],[131.786936,34.412054],[131.786998,34.411512],[131.78696,34.411037],[131.787023,34.410563],[131.787098,34.410229],[131.787485,34.409504],[131.787535,34.409213],[131.787485,34.408829],[131.787948,34.408221],[131.787435,34.407813],[131.787323,34.407679],[131.785923,34.406438],[131.785473,34.405763],[131.785448,34.405471],[131.785498,34.404705],[131.785473,34.40448],[131.785336,34.40403],[131.785311,34.403088],[131.785423,34.401847],[131.785361,34.401555],[131.784986,34.401263],[131.784736,34.400947],[131.784698,34.400697],[131.784873,34.40038],[131.784836,34.400113],[131.784598,34.399813],[131.784511,34.399772],[131.784511,34.39973],[131.784073,34.399572],[131.782224,34.39928],[131.781786,34.39923],[131.781399,34.399097],[131.780936,34.398764],[131.780611,34.39858],[131.780499,34.398564],[131.780249,34.398672],[131.780199,34.398739],[131.779837,34.39883],[131.779174,34.398764],[131.778624,34.39838],[131.778324,34.397864],[131.777524,34.397005],[131.776587,34.39608],[131.77635,34.395706],[131.7759,34.395481],[131.7753,34.395256],[131.774887,34.394956],[131.774063,34.393856],[131.773763,34.393406],[131.773463,34.392756],[131.773425,34.392389],[131.77365,34.392056],[131.773788,34.391648],[131.773838,34.391306],[131.773813,34.391173],[131.77335,34.390389],[131.773238,34.389864],[131.773488,34.389398],[131.773075,34.388131],[131.772988,34.387706],[131.772738,34.387348],[131.771588,34.387098],[131.770876,34.386873],[131.769913,34.386673],[131.769338,34.38649],[131.769063,34.386081],[131.768726,34.385773],[131.768426,34.385615],[131.767989,34.385432],[131.767514,34.384957],[131.767326,34.38494],[131.767076,34.385007],[131.766776,34.384965],[131.766389,34.384648],[131.765839,34.384057],[131.765451,34.38379],[131.765176,34.38354],[131.765151,34.383048],[131.765076,34.38264],[131.765101,34.382415],[131.765176,34.38219],[131.764964,34.381899],[131.764439,34.381607],[131.763777,34.381874],[131.763252,34.382149],[131.762702,34.382099],[131.762014,34.382257],[131.761502,34.382215],[131.761114,34.382107],[131.760789,34.382199],[131.76029,34.382174],[131.759902,34.382082],[131.759602,34.382082],[131.759277,34.38204],[131.75894,34.381882],[131.75864,34.38179],[131.75814,34.381815],[131.757902,34.381699],[131.75759,34.381299],[131.757102,34.380865],[131.75649,34.38069],[131.756303,34.380557],[131.75614,34.380057],[131.755978,34.379857],[131.755865,34.37979],[131.754128,34.379432],[131.753528,34.37934],[131.753278,34.379274],[131.753003,34.37889],[131.752315,34.37844],[131.752178,34.378282],[131.752066,34.378007],[131.751903,34.377849],[131.751603,34.37774],[131.750966,34.377332],[131.750666,34.377265],[131.750278,34.377265],[131.749841,34.377182],[131.749453,34.37704],[131.749153,34.37684],[131.748828,34.376549],[131.748528,34.376165],[131.748366,34.375899],[131.748253,34.375357],[131.748166,34.375265],[131.748003,34.374949],[131.747841,34.374224],[131.747703,34.374024],[131.747549,34.373979],[131.747504,34.374082],[131.747279,34.373949],[131.746991,34.373249],[131.746841,34.373007],[131.746516,34.372766],[131.746354,34.372532],[131.746141,34.372382],[131.745541,34.372224],[131.745191,34.372024],[131.744054,34.371474],[131.743666,34.371157],[131.743479,34.370833],[131.743391,34.370099],[131.743179,34.369366],[131.742879,34.368674],[131.742691,34.368691],[131.742404,34.368774],[131.741979,34.368949],[131.741641,34.368974],[131.741129,34.368808],[131.740692,34.368624],[131.740029,34.368458],[131.739517,34.368391],[131.738842,34.368366],[131.738467,34.367916],[131.737404,34.367191],[131.737254,34.366949],[131.737242,34.366291],[131.737367,34.365583],[131.737354,34.364866],[131.737229,34.364366],[131.736492,34.3631],[131.735417,34.362525],[131.735192,34.3623],[131.735005,34.362183],[131.734567,34.362208],[131.73388,34.3625],[131.73328,34.362533],[131.732767,34.362666],[131.732467,34.362541],[131.73203,34.36225],[131.731555,34.362116],[131.73123,34.3621],[131.730967,34.362175],[131.73068,34.362341],[131.730255,34.362308],[131.72913,34.362091],[131.728592,34.361875],[131.728167,34.36175],[131.727792,34.361733],[131.726805,34.361858],[131.726155,34.361891],[131.725642,34.3618],[131.724867,34.3614],[131.724442,34.361325],[131.724017,34.361358],[131.723642,34.361491],[131.72298,34.36195],[131.722742,34.362158],[131.721992,34.362424],[131.721505,34.362658],[131.720967,34.362491],[131.720718,34.362458],[131.720305,34.362616],[131.720118,34.362724],[131.719693,34.362808],[131.719093,34.363266],[131.71863,34.363833],[131.718505,34.363924],[131.71838,34.363966],[131.717805,34.364066],[131.717205,34.364099],[131.716668,34.364024],[131.716255,34.363832],[131.715843,34.363682],[131.715555,34.363724],[131.715268,34.363874],[131.71503,34.363949],[131.714368,34.363774],[131.714018,34.363724],[131.71328,34.363782],[131.712668,34.363791],[131.712305,34.363716],[131.71158,34.363682],[131.71138,34.363491],[131.711155,34.363374],[131.71093,34.363332],[131.710193,34.363357],[131.710005,34.363316],[131.709805,34.363057],[131.709693,34.362857],[131.709593,34.362857],[131.708755,34.362507],[131.70838,34.362449],[131.707931,34.362474],[131.707518,34.362557],[131.707043,34.362532],[131.706756,34.362257],[131.706581,34.362207],[131.705756,34.362291],[131.705481,34.362257],[131.705306,34.361982],[131.705218,34.361674],[131.704831,34.361349],[131.704506,34.361133],[131.704356,34.360899],[131.704318,34.360549],[131.704468,34.360316],[131.704381,34.360108],[131.704093,34.359849],[131.703181,34.359241],[131.702831,34.358891],[131.702393,34.358316],[131.701768,34.357916],[131.701581,34.357716],[131.701306,34.356991],[131.701118,34.356983],[131.700468,34.35715],[131.700231,34.357141],[131.699493,34.356791],[131.698643,34.356483],[131.698318,34.356258],[131.698156,34.355958],[131.698068,34.355616],[131.697943,34.355333],[131.697718,34.355108],[131.697468,34.354591],[131.697306,34.3543],[131.697056,34.353625],[131.696593,34.353067],[131.696194,34.352442],[131.695919,34.351867],[131.695744,34.351834],[131.695356,34.351934],[131.695231,34.351884],[131.694981,34.351575],[131.694769,34.351442],[131.694519,34.35135],[131.694281,34.351109],[131.694294,34.350925],[131.694181,34.3508],[131.693644,34.350675],[131.693406,34.350642],[131.693269,34.350534],[131.693406,34.350092],[131.693294,34.349992],[131.692907,34.349901],[131.692207,34.349842],[131.691794,34.349642],[131.691219,34.349267],[131.691082,34.349126],[131.690932,34.348617],[131.690782,34.348276],[131.690607,34.348051],[131.690432,34.347934],[131.690032,34.347826],[131.689869,34.347818],[131.689595,34.347743],[131.689332,34.347434],[131.68922,34.347168],[131.68912,34.347051],[131.688857,34.346876],[131.688732,34.346576],[131.68862,34.346143],[131.688495,34.345818],[131.688407,34.345468],[131.688057,34.345293],[131.687945,34.345176],[131.687945,34.344876],[131.688082,34.344485],[131.68802,34.344343],[131.68772,34.344085],[131.687645,34.343777],[131.68787,34.34351],[131.687957,34.343093],[131.68792,34.342843],[131.688095,34.342619],[131.688382,34.34236],[131.688457,34.342144],[131.68857,34.341577],[131.68882,34.341244],[131.689057,34.341077],[131.689207,34.340844],[131.68922,34.340627],[131.688982,34.339702],[131.688995,34.339586],[131.68867,34.338786],[131.688458,34.338703],[131.688258,34.338719],[131.68797,34.338603],[131.687295,34.338244],[131.687083,34.338094],[131.687083,34.337903],[131.687195,34.337769],[131.687295,34.337536],[131.68717,34.337361],[131.686683,34.337053],[131.686408,34.336911],[131.685908,34.336861],[131.685845,34.336778],[131.685796,34.336578],[131.685683,34.336553],[131.685383,34.336203],[131.685358,34.335886],[131.685333,34.33572],[131.685358,34.335528],[131.685596,34.335312],[131.685658,34.335178],[131.685696,34.334953],[131.685883,34.334412],[131.685896,34.334037],[131.685808,34.333828],[131.685596,34.333512],[131.685458,34.33342],[131.685196,34.333137],[131.684708,34.33277],[131.684496,34.332662],[131.683896,34.33247],[131.682846,34.332237],[131.682446,34.332062],[131.682159,34.331804],[131.681859,34.331595],[131.680071,34.331246],[131.679434,34.331046],[131.678996,34.330871],[131.678184,34.330262],[131.677622,34.330062],[131.675784,34.329604],[131.675734,34.329571],[131.675747,34.329412],[131.676159,34.329229],[131.677472,34.329096],[131.677522,34.328987],[131.677359,34.328754],[131.677147,34.328238],[131.676634,34.327713],[131.676334,34.327471],[131.675422,34.326963],[131.675134,34.326704],[131.674897,34.326571],[131.674509,34.326396],[131.674284,34.326354],[131.67386,34.326154],[131.673397,34.326029],[131.672135,34.325954],[131.671972,34.325771],[131.671672,34.325096],[131.671247,34.324421],[131.67131,34.324246],[131.671447,34.324121],[131.67136,34.323188],[131.671447,34.322838],[131.671422,34.322696],[131.67071,34.322147],[131.67031,34.321988],[131.668848,34.321871],[131.66851,34.321688],[131.668285,34.321455],[131.668073,34.321138],[131.667885,34.320805],[131.66781,34.320397],[131.667923,34.320163],[131.668223,34.31988],[131.668223,34.319713],[131.667985,34.318922],[131.667685,34.318655],[131.66706,34.318272],[131.66691,34.318055],[131.666885,34.31783],[131.667323,34.317389],[131.667748,34.317097],[131.66791,34.316905],[131.667898,34.31658],[131.667823,34.316455],[131.66771,34.316014],[131.667785,34.315689],[131.667673,34.315406],[131.667635,34.315081],[131.667923,34.314614],[131.668023,34.314539],[131.668073,34.314231],[131.66796,34.313872],[131.66801,34.313447],[131.668248,34.313206],[131.668473,34.313048],[131.668648,34.312848],[131.66871,34.312623],[131.66866,34.312364],[131.668348,34.312006],[131.66821,34.311556],[131.668235,34.311214],[131.66816,34.310889],[131.667798,34.310698],[131.667485,34.310656],[131.667085,34.310789],[131.66686,34.310814],[131.666048,34.310606],[131.66576,34.310223],[131.665523,34.310098],[131.665161,34.310098],[131.664898,34.310131],[131.664498,34.310431],[131.664211,34.310573],[131.663098,34.310881],[131.662711,34.310939],[131.662311,34.310923],[131.661836,34.310773],[131.661373,34.310906],[131.660948,34.311097],[131.660348,34.311197],[131.659861,34.311272],[131.659386,34.311439],[131.658948,34.311372],[131.658498,34.311406],[131.658073,34.311522],[131.657348,34.311572],[131.656799,34.311514],[131.656311,34.311531],[131.655861,34.311722],[131.655436,34.312006],[131.654986,34.312197],[131.654536,34.312289],[131.654011,34.312364],[131.653436,34.312672],[131.652586,34.312805],[131.652086,34.31308],[131.651399,34.313364],[131.650936,34.313605],[131.650136,34.314155],[131.649786,34.314438],[131.648974,34.314597],[131.648786,34.314847],[131.648549,34.314963],[131.647674,34.314672],[131.647199,34.314672],[131.646799,34.314922],[131.646462,34.315513],[131.646337,34.315588],[131.645537,34.315721],[131.645174,34.315696],[131.644837,34.315488],[131.644574,34.315188],[131.644499,34.314888],[131.644624,34.314547],[131.644349,34.31438],[131.642862,34.314422],[131.642424,34.314513],[131.641962,34.314571],[131.641549,34.31453],[131.641099,34.314563],[131.640787,34.31453],[131.640637,34.31433],[131.640537,34.314105],[131.640262,34.314038],[131.639025,34.31423],[131.638487,34.314246],[131.638037,34.314146],[131.637562,34.313905],[131.636475,34.313038],[131.635887,34.312813],[131.635125,34.312638],[131.6345,34.312671],[131.634,34.312796],[131.633488,34.312805],[131.632888,34.312496],[131.632738,34.312363],[131.6325,34.312071],[131.632513,34.311463],[131.632413,34.311338],[131.632075,34.311396],[131.631663,34.311521],[131.6313,34.31158],[131.630338,34.310888],[131.6298,34.310855],[131.629376,34.310863],[131.628951,34.310838],[131.628601,34.31093],[131.627726,34.311338],[131.627376,34.31138],[131.627001,34.31133],[131.626213,34.310763],[131.625838,34.310663],[131.625488,34.310721],[131.624788,34.311021],[131.624413,34.311021],[131.624151,34.310896],[131.624038,34.310738],[131.624088,34.310463],[131.624351,34.310038],[131.624401,34.309896],[131.624138,34.309771],[131.624038,34.309663],[131.624151,34.30923],[131.624189,34.30893],[131.624039,34.308771],[131.623689,34.308521],[131.623214,34.307997],[131.622976,34.307522],[131.623114,34.30713],[131.622563,34.307102],[131.622476,34.307205],[131.622301,34.307238],[131.621539,34.307472],[131.621276,34.307505],[131.621026,34.30738],[131.620676,34.307138],[131.620364,34.307105],[131.620189,34.307005],[131.620051,34.306688],[131.619814,34.306422],[131.619364,34.306197],[131.618602,34.305972],[131.618114,34.305688],[131.617902,34.305313],[131.617839,34.304572],[131.617627,34.304472],[131.617314,34.304438],[131.617152,34.304555],[131.616989,34.30473],[131.616839,34.304805],[131.616552,34.304805],[131.615952,34.305047],[131.615689,34.305088],[131.615627,34.305138],[131.615352,34.305688],[131.615089,34.305972],[131.614789,34.306163],[131.614414,34.306271],[131.61399,34.306271],[131.61344,34.306171],[131.61314,34.306005],[131.612915,34.305805],[131.612727,34.305863],[131.612402,34.306021],[131.611765,34.306071],[131.61159,34.306046],[131.61079,34.305646],[131.609815,34.305605],[131.609365,34.305405],[131.608878,34.305288],[131.608515,34.305047],[131.608153,34.30493],[131.607615,34.30493],[131.607278,34.304763],[131.606778,34.304197],[131.606378,34.303855],[131.605903,34.303555],[131.604728,34.30313],[131.604378,34.303138],[131.603953,34.303263],[131.602991,34.302897],[131.602666,34.302638],[131.602566,34.302388],[131.602566,34.301963],[131.602941,34.30088],[131.602928,34.300597],[131.602716,34.30018],[131.602303,34.299664],[131.602253,34.299189],[131.601978,34.298364],[131.601991,34.297772],[131.601791,34.297256],[131.601491,34.297106],[131.600841,34.297081],[131.600391,34.296897],[131.600291,34.296772],[131.600166,34.296431],[131.599941,34.296197],[131.599491,34.295922],[131.599129,34.295414],[131.598529,34.294531],[131.597916,34.293381],[131.597579,34.293098],[131.597404,34.292806],[131.597341,34.292381],[131.597404,34.291964],[131.597591,34.291489],[131.597854,34.291015],[131.597966,34.290606],[131.597891,34.29034],[131.597741,34.290265],[131.597666,34.290265],[131.597316,34.290365],[131.596816,34.290323],[131.596554,34.29019],[131.596254,34.28974],[131.596154,34.28949],[131.596042,34.288615],[131.596054,34.288223],[131.596292,34.287915],[131.596641,34.287698],[131.596979,34.28754],[131.597591,34.287165],[131.597566,34.287157],[131.597529,34.287132],[131.596629,34.286523],[131.596004,34.285865],[131.595467,34.285698],[131.595217,34.285657],[131.594967,34.285232],[131.594329,34.284565],[131.594092,34.284157],[131.593779,34.283965],[131.593242,34.28384],[131.593042,34.283824],[131.592542,34.283674],[131.591967,34.28339],[131.591692,34.283065],[131.591567,34.28274],[131.591392,34.282457],[131.591117,34.28234],[131.590692,34.28229],[131.589392,34.28194],[131.58903,34.28179],[131.588805,34.281482],[131.58868,34.281182],[131.588517,34.281099],[131.587755,34.281249],[131.587217,34.281432],[131.586705,34.281657],[131.585767,34.281982],[131.585305,34.28204],[131.58503,34.281924],[131.584742,34.281707],[131.58453,34.281382],[131.584392,34.281099],[131.58423,34.280949],[131.583868,34.280874],[131.58348,34.280732],[131.583018,34.280416],[131.582668,34.280057],[131.582393,34.279666],[131.582143,34.279207],[131.581855,34.279007],[131.58138,34.278941],[131.581018,34.278916],[131.580818,34.278841],[131.580755,34.278766],[131.580705,34.278449],[131.580893,34.277658],[131.580805,34.277399],[131.580418,34.276783],[131.580405,34.276108],[131.580518,34.275833],[131.580493,34.275541],[131.580393,34.275441],[131.579893,34.275233],[131.579668,34.275099],[131.579618,34.274958],[131.579755,34.2748],[131.580793,34.27395],[131.581068,34.273566],[131.581218,34.27325],[131.581605,34.272758],[131.581505,34.272133],[131.581593,34.271875],[131.581868,34.271392],[131.581993,34.270917],[131.582093,34.269858],[131.582193,34.269517],[131.582693,34.269075],[131.582818,34.268792],[131.582943,34.2683],[131.58323,34.267959],[131.583605,34.26775],[131.584193,34.2675],[131.58443,34.267284],[131.584555,34.267117],[131.584718,34.266667],[131.584718,34.266442],[131.58463,34.266259],[131.584455,34.266159],[131.584055,34.265825],[131.58373,34.265434],[131.583605,34.265376],[131.583405,34.265126],[131.583418,34.263926],[131.583368,34.263559],[131.583493,34.263109],[131.58393,34.262734],[131.58433,34.262484],[131.584993,34.261534],[131.58488,34.261484],[131.584555,34.261509],[131.583681,34.261784],[131.583093,34.261809],[131.582393,34.261776],[131.581931,34.261851],[131.581756,34.261926],[131.581406,34.262151],[131.580906,34.262367],[131.580468,34.262484],[131.579968,34.262509],[131.579506,34.262467],[131.579131,34.262317],[131.578768,34.262009],[131.578293,34.261476],[131.577969,34.260968],[131.577506,34.260501],[131.577181,34.260801],[131.576856,34.261001],[131.576069,34.260818],[131.575694,34.261001],[131.575306,34.261076],[131.574781,34.261001],[131.573619,34.260743],[131.572906,34.260701],[131.572519,34.260568],[131.572232,34.260368],[131.571957,34.260259],[131.570819,34.260234],[131.569994,34.260093],[131.568819,34.259634],[131.568669,34.259443],[131.568519,34.259109],[131.568194,34.258676],[131.568219,34.258451],[131.568532,34.257768],[131.568732,34.257209],[131.568844,34.256651],[131.568707,34.256376],[131.568494,34.256085],[131.568407,34.255793],[131.56822,34.255618],[131.567145,34.255101],[131.56702,34.254835],[131.567107,34.254476],[131.566657,34.253576],[131.566595,34.253351],[131.56662,34.253243],[131.566345,34.253068],[131.566182,34.25301],[131.565907,34.252993],[131.565682,34.252935],[131.565457,34.252735],[131.564945,34.252452],[131.564782,34.252285],[131.564695,34.251885],[131.564732,34.25161],[131.564882,34.251293],[131.56482,34.251035],[131.564633,34.25056],[131.564683,34.250252],[131.564883,34.249868],[131.564933,34.24966],[131.56472,34.249635],[131.563983,34.249668],[131.563658,34.249427],[131.563233,34.24921],[131.562795,34.249143],[131.561845,34.249177],[131.561495,34.249102],[131.561233,34.248943],[131.560683,34.248135],[131.560195,34.247619],[131.559721,34.247335],[131.559246,34.247269],[131.558946,34.247035],[131.558696,34.246969],[131.558421,34.246944],[131.558246,34.246969],[131.557996,34.246944],[131.557846,34.24681],[131.557871,34.24641],[131.557808,34.246119],[131.557571,34.245894],[131.557271,34.245527],[131.557221,34.24516],[131.557108,34.244927],[131.556808,34.244752],[131.556358,34.244594],[131.555996,34.244527],[131.555946,34.24446],[131.555846,34.244144],[131.555809,34.243819],[131.555884,34.243577],[131.556196,34.243344],[131.556321,34.243286],[131.556459,34.243102],[131.556446,34.242944],[131.556334,34.242819],[131.555746,34.242369],[131.555396,34.242294],[131.555059,34.242161],[131.554696,34.241902],[131.554609,34.241869],[131.554209,34.241827],[131.553534,34.241827],[131.552821,34.241744],[131.551659,34.240544],[131.550809,34.239927],[131.550459,34.239761],[131.550072,34.239636],[131.549622,34.239552],[131.549334,34.239677],[131.549022,34.239902],[131.548297,34.240336],[131.547947,34.240386],[131.547235,34.240177],[131.546885,34.240094],[131.546735,34.240136],[131.546647,34.240294],[131.546572,34.240677],[131.546447,34.240969],[131.546297,34.241177],[131.545747,34.241652],[131.545572,34.241985],[131.545522,34.242269],[131.54541,34.242494],[131.545385,34.242802],[131.54561,34.243135],[131.54571,34.243544],[131.545572,34.243677],[131.545385,34.243869],[131.545572,34.244452],[131.545485,34.24461],[131.54521,34.244852],[131.545197,34.245152],[131.545397,34.245202],[131.545584,34.245277],[131.545659,34.245377],[131.545734,34.245668],[131.545959,34.246168],[131.546334,34.24646],[131.546247,34.247285],[131.546147,34.247677],[131.545972,34.248052],[131.545572,34.248502],[131.545234,34.248735],[131.544934,34.248893],[131.544722,34.248893],[131.544622,34.248752],[131.544534,34.248427],[131.544384,34.248218],[131.544284,34.248143],[131.54376,34.247985],[131.543297,34.24796],[131.542772,34.248127],[131.542072,34.24851],[131.54166,34.248568],[131.541322,34.248551],[131.54106,34.248635],[131.540585,34.248676],[131.540122,34.248643],[131.539073,34.248335],[131.537985,34.24811],[131.537785,34.247701],[131.537548,34.247427],[131.537285,34.247393],[131.536885,34.247518],[131.536435,34.247568],[131.536248,34.247551],[131.535635,34.247335],[131.535235,34.247268],[131.534935,34.247293],[131.534673,34.247543],[131.53441,34.247868],[131.533111,34.248218],[131.532848,34.248376],[131.532373,34.248818],[131.532136,34.248918],[131.531823,34.24896],[131.531323,34.248868],[131.530911,34.248701],[131.530323,34.248551],[131.529973,34.248668],[131.529111,34.248785],[131.528511,34.248718],[131.528386,34.248818],[131.528311,34.249143],[131.528149,34.249185],[131.527461,34.249176],[131.527224,34.249276],[131.527074,34.249434],[131.527086,34.250609],[131.527349,34.250859],[131.527449,34.251143],[131.527461,34.251434],[131.527536,34.251718],[131.527611,34.252184],[131.527498,34.252568],[131.527111,34.253109],[131.527223,34.253243],[131.527186,34.253351],[131.526461,34.254642],[131.525936,34.255126],[131.525749,34.255434],[131.525611,34.255817],[131.525424,34.256101],[131.525324,34.256117],[131.524961,34.256059],[131.524249,34.255859],[131.523949,34.255851],[131.523861,34.255876],[131.523599,34.256075],[131.523099,34.2569],[131.522836,34.257584],[131.522611,34.25795],[131.522174,34.258292],[131.521611,34.258858],[131.521311,34.258942],[131.520299,34.25865],[131.519374,34.258475],[131.518187,34.2583],[131.517649,34.258275],[131.516612,34.258192],[131.516399,34.258092],[131.5153,34.257175],[131.514887,34.256884],[131.513687,34.256525],[131.51215,34.255892],[131.511325,34.2555],[131.510675,34.255159],[131.509938,34.254484],[131.509488,34.254159],[131.5091,34.25405],[131.508663,34.254075],[131.507975,34.254034],[131.507775,34.254067],[131.50755,34.25425],[131.507325,34.254534],[131.507063,34.254742],[131.506938,34.254717],[131.506925,34.254742],[131.5069,34.254709],[131.50685,34.254709],[131.506775,34.254592],[131.506738,34.253742],[131.506863,34.253242],[131.506838,34.253109],[131.506863,34.252934],[131.506825,34.251967],[131.506888,34.251651],[131.507338,34.251351],[131.507313,34.251234],[131.506925,34.250967],[131.506363,34.250784],[131.505925,34.250709],[131.505575,34.250684],[131.505401,34.250584],[131.504763,34.249767],[131.504451,34.249467],[131.504151,34.249126],[131.503976,34.248659],[131.503788,34.248551],[131.503576,34.248576],[131.503338,34.248676],[131.502713,34.248767],[131.502463,34.248859],[131.502288,34.248984],[131.502026,34.249051],[131.501838,34.248984],[131.501638,34.248442],[131.501488,34.248267],[131.501213,34.248151],[131.500688,34.248017],[131.500526,34.247926],[131.500413,34.247701],[131.500451,34.247093],[131.500351,34.246501],[131.500438,34.246193],[131.500563,34.245926],[131.500626,34.245434],[131.500676,34.245301],[131.500813,34.245126],[131.501663,34.24461],[131.501901,34.244293],[131.502213,34.243376],[131.502201,34.24321],[131.502013,34.242826],[131.501526,34.242076],[131.501201,34.241901],[131.500764,34.241993],[131.500589,34.241976],[131.500201,34.241568],[131.499501,34.24061],[131.499326,34.240477],[131.499101,34.240402],[131.498064,34.240168],[131.497576,34.240164],[131.497514,34.240243],[131.497151,34.240018],[131.496964,34.239835],[131.496789,34.23986],[131.496164,34.240218],[131.495976,34.240785],[131.495751,34.24101],[131.495226,34.241235],[131.494264,34.241351],[131.492952,34.241751],[131.492502,34.241685],[131.492152,34.241551],[131.491627,34.240943],[131.491302,34.240743],[131.490527,34.24061],[131.489652,34.240518],[131.488852,34.24036],[131.487665,34.239843],[131.48739,34.239935],[131.486815,34.240385],[131.486402,34.240951],[131.486015,34.241376],[131.485852,34.241651],[131.485602,34.242643],[131.48564,34.242934],[131.485802,34.243293],[131.485665,34.243718],[131.485415,34.243951],[131.485027,34.244217],[131.484377,34.244442],[131.48399,34.244467],[131.483515,34.244351],[131.482915,34.244126],[131.482753,34.244109],[131.482453,34.244467],[131.48209,34.244667],[131.481703,34.244942],[131.481515,34.244942],[131.481378,34.244876],[131.480878,34.244267],[131.480603,34.243567],[131.48044,34.243301],[131.480215,34.243251],[131.479803,34.243234],[131.479315,34.243101],[131.479003,34.242942],[131.478903,34.242942],[131.47859,34.243209],[131.478453,34.243259],[131.478178,34.243276],[131.477628,34.243117],[131.476503,34.242376],[131.474941,34.241551],[131.474078,34.241234],[131.473703,34.241168],[131.473341,34.241326],[131.473041,34.241592],[131.472879,34.241367],[131.472704,34.240968],[131.472154,34.240584],[131.471991,34.240401],[131.471941,34.240109],[131.471829,34.239951],[131.471641,34.239976],[131.471279,34.240084],[131.470954,34.240151],[131.470591,34.240268],[131.470454,34.240267],[131.469904,34.240159],[131.469192,34.239859],[131.468579,34.239726],[131.468142,34.239709],[131.467979,34.239726],[131.467679,34.239642],[131.467292,34.239434],[131.467129,34.239167],[131.467042,34.238917],[131.466792,34.238826],[131.46633,34.238784],[131.46583,34.238676],[131.46548,34.238534],[131.46523,34.238292],[131.46498,34.238176],[131.464755,34.238159],[131.46438,34.238176],[131.464105,34.238042],[131.463792,34.237951],[131.46363,34.237776],[131.463555,34.237143],[131.463468,34.237143],[131.46308,34.237009],[131.463005,34.236893],[131.462918,34.236626],[131.462993,34.236243],[131.462943,34.235884],[131.46283,34.235609],[131.462755,34.234843],[131.46253,34.234484],[131.462468,34.234168],[131.462505,34.234076],[131.46313,34.233559],[131.463193,34.233293],[131.462993,34.232393],[131.46283,34.231943],[131.46253,34.23176],[131.462393,34.231735],[131.46203,34.231443],[131.461568,34.231193],[131.461043,34.23106],[131.460406,34.231018],[131.459856,34.231018],[131.458593,34.231226],[131.457306,34.231468],[131.456369,34.231493],[131.456069,34.231426],[131.455981,34.231334],[131.455956,34.231018],[131.455819,34.230485],[131.455706,34.230418],[131.455406,34.230368],[131.454856,34.230393],[131.454306,34.230301],[131.454169,34.230259],[131.454031,34.230051],[131.453919,34.229601],[131.453482,34.22891],[131.453319,34.228818],[131.452632,34.22891],[131.452494,34.228843],[131.452457,34.228768],[131.452544,34.228143],[131.452269,34.227643],[131.451932,34.227151],[131.451244,34.226293],[131.450894,34.22596],[131.450532,34.22546],[131.45037,34.225076],[131.450007,34.22476],[131.44987,34.224385],[131.449657,34.22411],[131.44902,34.224268],[131.448857,34.224202],[131.448057,34.222943],[131.44797,34.222877],[131.446982,34.22256],[131.446495,34.222202],[131.446045,34.222152],[131.445058,34.222268],[131.444733,34.222227],[131.444345,34.222085],[131.443845,34.222202],[131.443433,34.222177],[131.44272,34.222043],[131.442233,34.222093],[131.440883,34.22211],[131.439583,34.222293],[131.438871,34.222293],[131.438321,34.222227],[131.438158,34.222277],[131.437584,34.222568],[131.437259,34.222593],[131.436571,34.222526],[131.435409,34.222343],[131.434671,34.22266],[131.434534,34.22266],[131.433272,34.22241],[131.433047,34.22241],[131.432909,34.22226],[131.432959,34.221668],[131.432822,34.221152],[131.432497,34.220835],[131.431997,34.220543],[131.431422,34.219685],[131.431034,34.21931],[131.430597,34.21906],[131.430109,34.218993],[131.428922,34.218585],[131.428647,34.218452],[131.428485,34.218202],[131.427985,34.217977],[131.427297,34.217552],[131.426635,34.217843],[131.426197,34.21816],[131.425847,34.218368],[131.425647,34.21841],[131.425098,34.21821],[131.425023,34.218227],[131.424798,34.218452],[131.424523,34.21886],[131.424135,34.21931],[131.423948,34.219468],[131.423723,34.219427],[131.42271,34.218885],[131.422298,34.218618],[131.422073,34.218077],[131.421473,34.217735],[131.421198,34.217535],[131.420586,34.216743],[131.420286,34.216293],[131.419936,34.215893],[131.419486,34.21546],[131.418936,34.21501],[131.418336,34.214402],[131.418148,34.214019],[131.418036,34.213685],[131.418148,34.213394],[131.418498,34.213052],[131.418798,34.212827],[131.418861,34.21276],[131.418798,34.212627],[131.418311,34.212352],[131.417761,34.211927],[131.417236,34.211435],[131.416686,34.210985],[131.416111,34.210644],[131.415674,34.210511],[131.415224,34.210535],[131.414461,34.210644],[131.414024,34.210627],[131.413711,34.210485],[131.413336,34.210194],[131.412924,34.210152],[131.412262,34.210177],[131.411962,34.210219],[131.411137,34.21076],[131.410887,34.210827],[131.410174,34.210919],[131.409649,34.21101],[131.409349,34.21126],[131.408412,34.212293],[131.408024,34.212518],[131.407674,34.21266],[131.407399,34.212702],[131.406787,34.212702],[131.406687,34.212752],[131.40575,34.213693],[131.405225,34.213985],[131.404625,34.214127],[131.4041,34.214193],[131.403712,34.214285],[131.403225,34.214577],[131.402775,34.214985],[131.402262,34.215277],[131.401762,34.215435],[131.401212,34.21546],[131.400825,34.215435],[131.40025,34.215526],[131.39945,34.215885],[131.399288,34.216001],[131.398988,34.216293],[131.398688,34.216718],[131.398438,34.216926],[131.398113,34.217018],[131.397363,34.216951],[131.397225,34.216968],[131.397175,34.217176],[131.397175,34.217468],[131.397363,34.21776],[131.397863,34.218235],[131.398163,34.21866],[131.3983,34.219176],[131.398388,34.219876],[131.39835,34.220534],[131.398387,34.220918],[131.398525,34.221118],[131.399262,34.221434],[131.399375,34.221543],[131.399262,34.222809],[131.398962,34.223417],[131.398937,34.223526],[131.399212,34.223617],[131.39965,34.223684],[131.400037,34.223709],[131.400337,34.223909],[131.400587,34.224334],[131.400725,34.224876],[131.4007,34.225101],[131.400425,34.225259],[131.400225,34.225442],[131.3999,34.226209],[131.399625,34.226476],[131.3996,34.226701],[131.3999,34.227742],[131.399875,34.228417],[131.399737,34.228734],[131.3997,34.228934],[131.399737,34.228984],[131.400637,34.229384],[131.400775,34.229725],[131.400862,34.230559],[131.400612,34.230759],[131.399737,34.231367],[131.399462,34.231708],[131.399262,34.232183],[131.399237,34.232675],[131.399325,34.233017],[131.399812,34.233558],[131.400012,34.233867],[131.400125,34.234617],[131.400037,34.234842],[131.399812,34.235067],[131.399712,34.235266],[131.399762,34.235358],[131.40015,34.2354],[131.400975,34.235517],[131.401274,34.235675],[131.401299,34.235991],[131.401137,34.236666],[131.401387,34.236908],[131.401574,34.237025],[131.402237,34.237608],[131.402462,34.237925],[131.402349,34.238191],[131.401962,34.238691],[131.401799,34.238983],[131.401937,34.239141],[131.402049,34.239208],[131.402399,34.239591],[131.402649,34.240016],[131.402924,34.240383],[131.403224,34.240649],[131.403537,34.240766],[131.403612,34.240833],[131.403674,34.241008],[131.403562,34.242049],[131.403362,34.243174],[131.403174,34.243466],[131.402737,34.243966],[131.402549,34.244349],[131.402462,34.244749],[131.402462,34.245357],[131.402549,34.246107],[131.402512,34.246424],[131.402324,34.246782],[131.402187,34.246915],[131.401249,34.247524],[131.400624,34.248498],[131.400174,34.24904],[131.399824,34.249598],[131.399737,34.250098],[131.399737,34.250615],[131.399799,34.25084],[131.400012,34.251873],[131.400124,34.252056],[131.400699,34.252281],[131.400837,34.252481],[131.400874,34.25264],[131.401087,34.253048],[131.401287,34.253239],[131.401262,34.253339],[131.401337,34.253431],[131.401337,34.253481],[131.401524,34.253631],[131.401824,34.253839],[131.402037,34.253881],[131.402149,34.253906],[131.402262,34.253973],[131.402337,34.254423],[131.402312,34.254448],[131.402399,34.254739],[131.402562,34.255056],[131.402911,34.255481],[131.403236,34.255798],[131.403424,34.255931],[131.403499,34.256247],[131.403699,34.256722],[131.404024,34.257281],[131.404261,34.257572],[131.404886,34.257797],[131.405211,34.258114],[131.405286,34.258247],[131.405286,34.258314],[131.405124,34.258497],[131.405024,34.258564],[131.404699,34.259222],[131.404586,34.259605],[131.404536,34.259989],[131.404586,34.260172],[131.404724,34.260372],[131.404749,34.26053],[131.404511,34.260622],[131.404261,34.26078],[131.404299,34.260955],[131.404424,34.261205],[131.404374,34.261322],[131.404099,34.261564],[131.403999,34.261722],[131.402949,34.262722],[131.402536,34.263213],[131.402399,34.263913],[131.402349,34.264797],[131.402274,34.26513],[131.402049,34.265738],[131.402111,34.265988],[131.402211,34.266213],[131.402024,34.267096],[131.402024,34.267588],[131.401836,34.268313],[131.401624,34.268588],[131.401436,34.268671],[131.401036,34.268671],[131.400836,34.26863],[131.400086,34.268338],[131.399161,34.267913],[131.398861,34.267638],[131.398536,34.267463],[131.398211,34.267463],[131.397674,34.267713],[131.397487,34.267663],[131.397274,34.26753],[131.396812,34.267355],[131.396324,34.267221],[131.395974,34.267221],[131.395674,34.267396],[131.395462,34.267763],[131.395299,34.267671],[131.394999,34.267105],[131.394649,34.266205],[131.394512,34.26598],[131.394049,34.265805],[131.393099,34.265621],[131.392624,34.26648],[131.392024,34.267071],[131.391949,34.267405],[131.392024,34.267538],[131.391512,34.267654],[131.390887,34.267904],[131.390375,34.268471],[131.390162,34.268938],[131.390137,34.269096],[131.389887,34.269121],[131.389275,34.269079],[131.389162,34.269121],[131.3893,34.269279],[131.389437,34.269596],[131.3893,34.270071],[131.388562,34.271471],[131.38835,34.271762],[131.388087,34.271854],[131.387925,34.271879],[131.387787,34.271829],[131.387487,34.271496],[131.387,34.271337],[131.386762,34.271379],[131.386787,34.271696],[131.387,34.272171],[131.387025,34.272529],[131.38695,34.272896],[131.387112,34.273504],[131.387087,34.273929],[131.387112,34.27427],[131.387225,34.274495],[131.38725,34.274654],[131.386712,34.27517],[131.386325,34.27522],[131.386137,34.275329],[131.3863,34.276137],[131.3863,34.276479],[131.386225,34.277203],[131.386225,34.27767],[131.386162,34.278037],[131.386087,34.278145],[131.38595,34.278195],[131.38565,34.278395],[131.385437,34.278645],[131.385225,34.278803],[131.385137,34.278828],[131.38455,34.278845],[131.383975,34.278603],[131.383575,34.278603],[131.383437,34.27867],[131.3833,34.278945],[131.383062,34.279253],[131.382625,34.27957],[131.382062,34.279912],[131.381525,34.28032],[131.381112,34.28082],[131.381412,34.281353],[131.381437,34.281736],[131.381362,34.28197],[131.3812,34.28212],[131.381037,34.28282],[131.380987,34.28287],[131.380137,34.283211],[131.3802,34.283228],[131.380412,34.283161],[131.38055,34.283361],[131.38085,34.283478],[131.38115,34.283678],[131.381337,34.283903],[131.381412,34.284086],[131.381275,34.284719],[131.381175,34.284986],[131.381012,34.285661],[131.380874,34.286453],[131.380737,34.286703],[131.380574,34.286903],[131.380449,34.286994],[131.380412,34.287244],[131.380612,34.287944],[131.380612,34.288302],[131.380712,34.288644],[131.380749,34.289252],[131.380499,34.290177],[131.380637,34.290602],[131.381099,34.291477],[131.381211,34.291794],[131.381536,34.292385],[131.381611,34.292852],[131.381561,34.292994],[131.381261,34.292994],[131.380799,34.29306],[131.380399,34.293285],[131.380286,34.293469],[131.380261,34.293785],[131.380311,34.294052],[131.380286,34.294277],[131.380186,34.294502],[131.380349,34.294752],[131.380699,34.295002],[131.381099,34.295152],[131.381286,34.295335],[131.381424,34.295627],[131.381486,34.296035],[131.381399,34.296302],[131.381211,34.29646],[131.380836,34.296485],[131.380749,34.296643],[131.380586,34.297185],[131.380373,34.297593],[131.380023,34.298135],[131.379723,34.298335],[131.379236,34.298543],[131.378561,34.298701],[131.377999,34.299018],[131.377536,34.299376],[131.376811,34.29981],[131.376611,34.300101],[131.376486,34.300551],[131.376348,34.300776],[131.376048,34.301051],[131.375648,34.301343],[131.375348,34.301726],[131.375098,34.302109],[131.375161,34.302759],[131.375073,34.303126],[131.374811,34.303776],[131.374623,34.304026],[131.374461,34.304117],[131.373948,34.303984],[131.373786,34.304092],[131.373623,34.304501],[131.373323,34.305767],[131.373398,34.305967],[131.373373,34.3061],[131.373161,34.306284],[131.372923,34.306617],[131.372861,34.306825],[131.372923,34.307434],[131.372836,34.307975],[131.372973,34.30845],[131.372973,34.30865],[131.372861,34.308942],[131.372648,34.309125],[131.372586,34.309146],[131.372336,34.309375],[131.372086,34.309483],[131.371811,34.309533],[131.371723,34.309508],[131.371473,34.309533],[131.371098,34.309842],[131.370298,34.309983],[131.370186,34.310025],[131.370023,34.310208],[131.369973,34.310233],[131.369911,34.310183],[131.369661,34.310117],[131.369061,34.3103],[131.368423,34.310275],[131.368011,34.310458],[131.367636,34.309983],[131.367498,34.309892],[131.367161,34.309508],[131.366998,34.309109],[131.366886,34.308542],[131.366361,34.307759],[131.366136,34.3071],[131.365624,34.30715],[131.365511,34.307192],[131.364899,34.307259],[131.363661,34.3071],[131.362974,34.307125],[131.362536,34.307109],[131.362211,34.306967],[131.361711,34.30695],[131.361361,34.306834],[131.360999,34.306451],[131.360749,34.305959],[131.360474,34.305734],[131.360199,34.305576],[131.359949,34.305059],[131.359674,34.305059],[131.359324,34.304992],[131.358087,34.303976],[131.357862,34.303643],[131.357312,34.303393],[131.356649,34.302718],[131.356537,34.302693],[131.356212,34.302809],[131.355987,34.303101],[131.355712,34.302851],[131.355275,34.302768],[131.354925,34.302851],[131.354587,34.303151],[131.354312,34.303759],[131.353937,34.304143],[131.353487,34.304234],[131.352887,34.304209],[131.352475,34.304118],[131.351975,34.303443],[131.35165,34.303126],[131.351175,34.302859],[131.350137,34.302476],[131.349637,34.302434],[131.349362,34.302226],[131.348625,34.302026],[131.348075,34.302009],[131.347888,34.302118],[131.3478,34.302526],[131.347613,34.302793],[131.347363,34.302951],[131.346538,34.303993],[131.3461,34.304351],[131.345663,34.304576],[131.345113,34.304709],[131.34475,34.304892],[131.3447,34.305001],[131.343925,34.305926],[131.343675,34.306001],[131.342888,34.305951],[131.341563,34.306134],[131.340988,34.306384],[131.3403,34.306742],[131.339425,34.307259],[131.339088,34.307334],[131.338675,34.307375],[131.338238,34.307559],[131.338075,34.307734],[131.3383,34.3083],[131.338188,34.308459],[131.337613,34.308817],[131.336288,34.309317],[131.336013,34.309475],[131.336238,34.309725],[131.3364,34.309992],[131.33635,34.311092],[131.336488,34.311325],[131.336925,34.311475],[131.33755,34.311592],[131.337838,34.311842],[131.338138,34.312016],[131.338663,34.31265],[131.33885,34.313258],[131.339237,34.314108],[131.339675,34.314516],[131.340112,34.314808],[131.3405,34.315149],[131.341637,34.316766],[131.342075,34.317308],[131.342287,34.317824],[131.341987,34.318482],[131.341987,34.318707],[131.342162,34.319291],[131.3424,34.319649],[131.342624,34.32039],[131.342824,34.320757],[131.342824,34.320824],[131.342462,34.32109],[131.342274,34.321432],[131.342412,34.321907],[131.342737,34.322465],[131.342874,34.322782],[131.342762,34.323457],[131.342624,34.32389],[131.342324,34.324157],[131.342249,34.324423],[131.342462,34.324582],[131.342912,34.32474],[131.343074,34.324832],[131.343049,34.325215],[131.343324,34.325798],[131.343287,34.326298],[131.343712,34.326681],[131.343949,34.327065],[131.344399,34.327981],[131.344812,34.328573],[131.345749,34.329714],[131.345911,34.330189],[131.345961,34.331231],[131.345636,34.332755],[131.345449,34.334022],[131.345449,34.334564],[131.345499,34.334697],[131.345749,34.334947],[131.345749,34.335055],[131.345399,34.335688],[131.345261,34.335797],[131.344736,34.336047],[131.344186,34.336413],[131.343886,34.336563],[131.343799,34.336705],[131.343449,34.337063],[131.343074,34.33783],[131.343074,34.338171],[131.342699,34.338663],[131.342749,34.338805],[131.343286,34.33898],[131.343349,34.33903],[131.343399,34.33923],[131.343474,34.340263],[131.343536,34.340671],[131.343774,34.341346],[131.344649,34.342946],[131.344886,34.343063],[131.345299,34.343079],[131.345511,34.343238],[131.345624,34.343554],[131.345674,34.343871],[131.345624,34.344162],[131.345461,34.344596],[131.345436,34.344954],[131.345536,34.345362],[131.345836,34.345971],[131.346111,34.346221],[131.346324,34.346354],[131.345511,34.346604],[131.345486,34.34667],[131.345736,34.347212],[131.345874,34.34762],[131.345849,34.347887],[131.345874,34.348179],[131.346136,34.348812],[131.345874,34.348995],[131.345224,34.34917],[131.344899,34.349403],[131.344736,34.349562],[131.344761,34.349803],[131.344899,34.350028],[131.345036,34.350487],[131.345036,34.350778],[131.344986,34.351003],[131.345061,34.351137],[131.345898,34.351337],[131.346173,34.351312],[131.346361,34.351362],[131.346411,34.351562],[131.346548,34.351612],[131.347311,34.351628],[131.347548,34.351762],[131.347873,34.352053],[131.348123,34.352437],[131.348386,34.352528],[131.349036,34.35257],[131.349236,34.352687],[131.349448,34.353112],[131.349311,34.353253],[131.348748,34.353503],[131.348123,34.353836],[131.347586,34.353953],[131.347311,34.35407],[131.347073,34.354495],[131.346636,34.355061],[131.346373,34.355195],[131.345986,34.355328],[131.345698,34.355736],[131.345536,34.355786],[131.345173,34.355603],[131.345011,34.355653],[131.344961,34.356011],[131.344886,34.356261],[131.344561,34.356503],[131.344073,34.356736],[131.343961,34.357003],[131.343861,34.357544],[131.343636,34.358061],[131.343911,34.358652],[131.343861,34.358902],[131.343748,34.359036],[131.343486,34.359144],[131.343373,34.359419],[131.343373,34.359552],[131.343073,34.359619],[131.342673,34.359761],[131.342186,34.359711],[131.341449,34.359719],[131.341374,34.359694],[131.340911,34.359311],[131.340699,34.359194],[131.340211,34.359177],[131.339936,34.359111],[131.339661,34.358886],[131.339474,34.358861],[131.339236,34.358927],[131.338986,34.359044],[131.338749,34.359085],[131.338661,34.359069],[131.338499,34.358952],[131.338374,34.358636],[131.338211,34.358411],[131.337911,34.358277],[131.337011,34.358144],[131.335874,34.357786],[131.335749,34.357827],[131.335774,34.358052],[131.335749,34.358419],[131.335561,34.359227],[131.335399,34.35936],[131.335287,34.35941],[131.333849,34.359435],[131.333499,34.359302],[131.332962,34.358644],[131.332774,34.358552],[131.332612,34.35856],[131.332337,34.359485],[131.332199,34.359644],[131.332049,34.35971],[131.331799,34.359752],[131.331499,34.359752],[131.331174,34.359643],[131.330874,34.359593],[131.330687,34.359643],[131.330587,34.359802],[131.330449,34.360118],[131.330262,34.360385],[131.329887,34.360435],[131.329362,34.360368],[131.328962,34.360235],[131.328687,34.360027],[131.32845,34.36001],[131.328075,34.360168],[131.326637,34.361001],[131.326312,34.36116],[131.325937,34.361518],[131.325825,34.361593],[131.325637,34.361543],[131.325362,34.361318],[131.325237,34.361251],[131.325075,34.361301],[131.32475,34.361476],[131.32445,34.361793],[131.324262,34.362135],[131.32385,34.363259],[131.322887,34.364526],[131.3224,34.365276],[131.321862,34.366084],[131.321587,34.366334],[131.320962,34.366609],[131.320637,34.366901],[131.320513,34.367167],[131.320512,34.367309],[131.3204,34.3676],[131.320238,34.367867],[131.3201,34.368275],[131.320162,34.368592],[131.32035,34.369225],[131.320325,34.369467],[131.320187,34.369767],[131.319887,34.370058],[131.319675,34.37015],[131.319375,34.370175],[131.318588,34.37015],[131.317863,34.370267],[131.317613,34.370267],[131.317288,34.370125],[131.316588,34.369908],[131.316263,34.3697],[131.31605,34.369525],[131.315888,34.369275],[131.315863,34.368959],[131.315638,34.368667],[131.314988,34.368125],[131.314726,34.367859],[131.314613,34.367634],[131.314451,34.367492],[131.313663,34.36745],[131.313263,34.36745],[131.312938,34.367409],[131.311551,34.366917],[131.310989,34.366617],[131.310776,34.36635],[131.310501,34.3661],[131.310014,34.366017],[131.308451,34.3659],[131.307927,34.365817],[131.307502,34.365675],[131.306902,34.36525],[131.306477,34.365367],[131.306277,34.365342],[131.305902,34.365075],[131.305527,34.364642],[131.305277,34.364326],[131.304927,34.363634],[131.304577,34.363359],[131.304415,34.363159],[131.304302,34.362934],[131.30379,34.362351],[131.30339,34.362167],[131.302977,34.362209],[131.30239,34.362326],[131.301603,34.362642],[131.301328,34.362867],[131.30109,34.363142],[131.300903,34.363526],[131.300653,34.363842],[131.300278,34.364109],[131.299578,34.364475],[131.298653,34.364792],[131.298303,34.364884],[131.297678,34.364859],[131.297328,34.364909],[131.297066,34.365017],[131.296903,34.3652],[131.296366,34.3661],[131.295253,34.3675],[131.294766,34.368267],[131.294491,34.368583],[131.294278,34.368991],[131.294278,34.369175],[131.294141,34.369691],[131.294091,34.369783],[131.294141,34.369983],[131.294366,34.370325],[131.294316,34.3708],[131.294391,34.370975],[131.294803,34.371358],[131.295253,34.371741],[131.295365,34.371941],[131.29539,34.372191],[131.295065,34.372891],[131.294965,34.373683],[131.29464,34.374474],[131.294665,34.374699],[131.295315,34.375574],[131.29534,34.375849],[131.29524,34.376141],[131.294965,34.376432],[131.294803,34.376566],[131.294315,34.376707],[131.294015,34.377024],[131.29389,34.377249],[131.293853,34.377499],[131.29399,34.378082],[131.29389,34.378399],[131.293703,34.378807],[131.293753,34.37934],[131.293728,34.379574],[131.29324,34.380157],[131.293153,34.38029],[131.29324,34.38029],[131.293378,34.380357],[131.293678,34.380582],[131.293703,34.380832],[131.293678,34.381215],[131.293728,34.38149],[131.294353,34.382182],[131.29449,34.38239],[131.295402,34.383082],[131.295702,34.383173],[131.295952,34.38329],[131.296052,34.383382],[131.296652,34.383623],[131.297027,34.38369],[131.297302,34.383598],[131.297627,34.383265],[131.297815,34.383173],[131.298052,34.38324],[131.298189,34.383107],[131.298327,34.38279],[131.298727,34.382424],[131.298952,34.38234],[131.299352,34.38229],[131.300214,34.382015],[131.300402,34.382065],[131.300727,34.38224],[131.300977,34.382332],[131.301089,34.382424],[131.301089,34.382557],[131.301302,34.382674],[131.301677,34.382782],[131.301864,34.38274],[131.301977,34.382582],[131.302626,34.382649],[131.302701,34.382624],[131.302814,34.382649],[131.302814,34.382665],[131.303001,34.38269],[131.303064,34.382665],[131.303439,34.382715],[131.303551,34.38269],[131.303626,34.382465],[131.303901,34.382507],[131.304714,34.382532],[131.305114,34.382665],[131.305226,34.382732],[131.305926,34.382865],[131.306488,34.382915],[131.306713,34.383065],[131.307113,34.383565],[131.307226,34.383749],[131.307088,34.384199],[131.306901,34.384199],[131.306788,34.38429],[131.306901,34.384599],[131.306851,34.384849],[131.306788,34.384965],[131.306988,34.385099],[131.307013,34.385257],[131.306901,34.385257],[131.306738,34.385299],[131.306576,34.385773],[131.306388,34.386432],[131.306438,34.386657],[131.306876,34.387107],[131.306988,34.38749],[131.307151,34.387623],[131.307388,34.387598],[131.307551,34.387532],[131.307576,34.387332],[131.307638,34.387265],[131.307826,34.387265],[131.308063,34.387648],[131.308176,34.387715],[131.308226,34.38769],[131.308338,34.387507],[131.308226,34.387348],[131.308226,34.38724],[131.308388,34.38719],[131.30925,34.387173],[131.30945,34.387398],[131.30955,34.387398],[131.309738,34.387123],[131.310475,34.387007],[131.310638,34.387032],[131.311775,34.38694],[131.312038,34.386965],[131.312313,34.386874],[131.312663,34.38694],[131.3132,34.387274],[131.313475,34.38739],[131.31375,34.387457],[131.313987,34.38764],[131.3144,34.38784],[131.314937,34.388315],[131.315212,34.38849],[131.3157,34.389123],[131.316162,34.389823],[131.316324,34.390115],[131.316587,34.39079],[131.316674,34.390857],[131.316862,34.390948],[131.317049,34.391107],[131.317324,34.391215],[131.317699,34.39124],[131.318137,34.391198],[131.318699,34.39099],[131.319262,34.390857],[131.319537,34.390649],[131.319649,34.390632],[131.319912,34.391015],[131.320136,34.391165],[131.320274,34.391032],[131.320187,34.390832],[131.320299,34.39074],[131.320374,34.390782],[131.320461,34.39099],[131.320624,34.390857],[131.320699,34.390674],[131.320911,34.390674],[131.321436,34.390874],[131.321536,34.391007],[131.321486,34.391232],[131.321511,34.391482],[131.321649,34.391665],[131.321886,34.391615],[131.322161,34.391457],[131.322374,34.391415],[131.322461,34.391457],[131.322511,34.391615],[131.322349,34.391749],[131.322249,34.391957],[131.322111,34.392049],[131.322049,34.392182],[131.322161,34.392224],[131.322736,34.392132],[131.322999,34.392049],[131.323324,34.39189],[131.323599,34.39189],[131.324461,34.392157],[131.324249,34.392315],[131.324224,34.392407],[131.324349,34.392449],[131.324761,34.392382],[131.325061,34.392449],[131.325273,34.392632],[131.325511,34.39299],[131.325711,34.393482],[131.325761,34.393757],[131.325711,34.393865],[131.325436,34.393982],[131.325386,34.394207],[131.325411,34.394565],[131.325523,34.39479],[131.325761,34.394973],[131.325873,34.395015],[131.325986,34.395173],[131.326086,34.395515],[131.326173,34.395557],[131.326786,34.395607],[131.327473,34.395873],[131.328011,34.396615],[131.328286,34.396907],[131.328286,34.396957],[131.328498,34.397273],[131.32841,34.39734],[131.329285,34.399115],[131.329148,34.399206],[131.329448,34.40004],[131.32956,34.40029],[131.32961,34.400764],[131.329585,34.401123],[131.329498,34.401264],[131.32921,34.401398],[131.329023,34.401556],[131.328798,34.402048],[131.328448,34.402414],[131.32796,34.403023],[131.327748,34.403248],[131.327585,34.403339],[131.327535,34.403339],[131.32726,34.403564],[131.327348,34.403906],[131.327235,34.404781],[131.327423,34.405456],[131.32756,34.405689],[131.327535,34.405822],[131.327348,34.406047],[131.327423,34.406155],[131.327785,34.406114],[131.328023,34.406206],[131.328298,34.406247],[131.32856,34.406222],[131.328998,34.406272],[131.329648,34.406289],[131.329885,34.406381],[131.330085,34.406564],[131.330248,34.407039],[131.33021,34.40708],[131.32986,34.407264],[131.329623,34.407555],[131.329323,34.407714],[131.32916,34.407897],[131.328973,34.40828],[131.32881,34.40848],[131.328648,34.40873],[131.32881,34.408797],[131.328973,34.408905],[131.328998,34.40938],[131.329273,34.409563],[131.329348,34.409722],[131.329323,34.409922],[131.329348,34.410013],[131.329597,34.410305],[131.329972,34.410847],[131.330085,34.410963],[131.329735,34.411205],[131.32971,34.41128],[131.33011,34.41148],[131.330272,34.411455],[131.330297,34.411572],[131.33041,34.411655],[131.330597,34.411638],[131.330985,34.411797],[131.331247,34.411863],[131.33141,34.412022],[131.331497,34.412263],[131.331497,34.412647],[131.331572,34.412855],[131.331597,34.41308],[131.33136,34.413396],[131.33141,34.413438],[131.33141,34.413571],[131.33131,34.413846],[131.331085,34.414205],[131.331122,34.414388],[131.331247,34.414588],[131.33141,34.414746],[131.331635,34.414838],[131.33201,34.414813],[131.332197,34.41488],[131.332385,34.415038],[131.332822,34.415288],[131.333147,34.415421],[131.333522,34.415488],[131.333847,34.415446],[131.334147,34.415355],[131.334497,34.415063],[131.334609,34.415013],[131.334984,34.415013],[131.335197,34.415171],[131.335197,34.415263],[131.335372,34.41553],[131.335559,34.415646],[131.335747,34.415688],[131.335884,34.415805],[131.335934,34.415896],[131.336284,34.415888],[131.336659,34.416096],[131.337097,34.416546],[131.337209,34.416863],[131.337122,34.41713],[131.337097,34.417763],[131.337159,34.418329],[131.337447,34.418371],[131.337609,34.418263],[131.337809,34.41828],[131.337859,34.41853],[131.337934,34.418638],[131.338322,34.418571],[131.338484,34.418505],[131.338209,34.418255],[131.338297,34.418121],[131.338534,34.418013],[131.338609,34.417938],[131.338859,34.417871],[131.338772,34.417355],[131.338834,34.416946],[131.338772,34.416771],[131.338634,34.416546],[131.338634,34.41618],[131.338697,34.415888],[131.338834,34.415755],[131.339447,34.415638],[131.339559,34.415663],[131.339697,34.415797],[131.339797,34.415847],[131.339834,34.415547],[131.340122,34.415505],[131.340259,34.415772],[131.340484,34.41573],[131.340559,34.415663],[131.340722,34.415597],[131.341021,34.415638],[131.341284,34.415747],[131.341771,34.416063],[131.342021,34.41613],[131.342296,34.416288],[131.342484,34.416447],[131.342696,34.416563],[131.342784,34.416563],[131.342834,34.416447],[131.342809,34.416155],[131.342996,34.416022],[131.343834,34.415588],[131.344209,34.415138],[131.344346,34.415072],[131.344671,34.41498],[131.345046,34.415005],[131.345534,34.415522],[131.345646,34.415747],[131.345884,34.415947],[131.346509,34.41613],[131.346696,34.416238],[131.346809,34.416372],[131.347134,34.416397],[131.347321,34.416488],[131.347434,34.416663],[131.347621,34.416872],[131.347708,34.417388],[131.347921,34.417572],[131.348083,34.417547],[131.348458,34.417363],[131.348621,34.417113],[131.348758,34.41653],[131.349058,34.416463],[131.349271,34.416488],[131.349321,34.41628],[131.349733,34.415472],[131.349971,34.415197],[131.350183,34.414772],[131.350433,34.414522],[131.350971,34.413797],[131.351046,34.41353],[131.351208,34.41328],[131.351458,34.413122],[131.351596,34.412897],[131.352133,34.412439],[131.352233,34.412131],[131.352483,34.411722],[131.352483,34.411539],[131.352646,34.411406],[131.353671,34.411089],[131.354646,34.411089],[131.354971,34.410972],[131.355233,34.410723],[131.355996,34.410656],[131.357246,34.410764],[131.357483,34.410856],[131.357696,34.410989],[131.35827,34.411106],[131.358458,34.411106],[131.35862,34.411039],[131.35892,34.411039],[131.359345,34.411148],[131.35967,34.411173],[131.360033,34.411306],[131.360295,34.411281],[131.360483,34.411323],[131.360708,34.411239],[131.360995,34.411189],[131.36127,34.411256],[131.361458,34.411373],[131.361733,34.411323],[131.362058,34.411414],[131.362458,34.411598],[131.362808,34.411889],[131.362895,34.412114],[131.362783,34.412314],[131.36287,34.412406],[131.363033,34.412431],[131.363145,34.412523],[131.363108,34.412681],[131.36322,34.412856],[131.363433,34.412881],[131.36357,34.412948],[131.363895,34.412948],[131.364033,34.413014],[131.36412,34.413131],[131.364283,34.413198],[131.364433,34.413148],[131.364795,34.412856],[131.36512,34.413214],[131.365308,34.413239],[131.365358,34.412856],[131.36547,34.412806],[131.36557,34.412806],[131.36587,34.413239],[131.366083,34.413189],[131.366357,34.412856],[131.36657,34.412698],[131.36677,34.412714],[131.36712,34.412873],[131.367382,34.413098],[131.367845,34.413664],[131.36777,34.413731],[131.367745,34.413848],[131.368032,34.413889],[131.36817,34.414089],[131.368195,34.414231],[131.368095,34.414722],[131.368232,34.414856],[131.36872,34.414614],[131.368445,34.414997],[131.368445,34.415131],[131.368495,34.415222],[131.368582,34.415222],[131.368882,34.414922],[131.369095,34.414747],[131.369095,34.414697],[131.369257,34.414656],[131.369445,34.414831],[131.369907,34.414723],[131.370232,34.414698],[131.370745,34.414789],[131.37082,34.414923],[131.370907,34.414898],[131.37107,34.414789],[131.371282,34.414764],[131.37137,34.415039],[131.371557,34.415081],[131.37167,34.415014],[131.371745,34.414764],[131.371907,34.414648],[131.37212,34.414156],[131.372332,34.413881],[131.372557,34.413814],[131.37292,34.413964],[131.373207,34.414139],[131.37342,34.414256],[131.373695,34.414314],[131.373945,34.414331],[131.374145,34.414364],[131.374345,34.414439],[131.374557,34.414573],[131.374682,34.414656],[131.374994,34.414831],[131.375182,34.414906],[131.375494,34.414998],[131.375594,34.415039],[131.375769,34.415148],[131.376119,34.415423],[131.376507,34.415689],[131.376619,34.415798],[131.376357,34.416206],[131.376644,34.416264],[131.376819,34.416322],[131.377007,34.416431],[131.377669,34.416806],[131.377907,34.416997],[131.378719,34.417956],[131.378819,34.418089],[131.379007,34.418331],[131.379069,34.418456],[131.379057,34.418606],[131.379069,34.418839],[131.379044,34.418956],[131.378957,34.418997],[131.378894,34.418997],[131.378782,34.418981],[131.378719,34.418989],[131.378694,34.419031],[131.378707,34.419097],[131.378744,34.419156],[131.378744,34.419256],[131.378744,34.419339],[131.378782,34.419381],[131.378819,34.419406],[131.378832,34.419447],[131.378869,34.419514],[131.378832,34.419606],[131.378757,34.419722],[131.378744,34.419831],[131.378744,34.419889],[131.378932,34.420222],[131.378769,34.42078],[131.378657,34.420964],[131.378494,34.421005],[131.378257,34.421214],[131.377669,34.421597],[131.377157,34.42218],[131.377119,34.422405],[131.377507,34.422539],[131.377532,34.422589],[131.377482,34.422747],[131.377507,34.42283],[131.377569,34.422855],[131.377644,34.422814],[131.377707,34.422697],[131.378119,34.422447],[131.378194,34.422339],[131.378332,34.42238],[131.378382,34.422447],[131.378557,34.422405],[131.378582,34.422272],[131.378907,34.422114],[131.378994,34.422114],[131.379457,34.422247],[131.380031,34.42263],[131.380831,34.423055],[131.381294,34.423122],[131.381706,34.42308],[131.382181,34.422922],[131.382569,34.422647],[131.382806,34.422539],[131.383169,34.422489],[131.383581,34.422405],[131.384131,34.42213],[131.384681,34.42163],[131.385256,34.421206],[131.385581,34.420731],[131.385856,34.420122],[131.386056,34.419889],[131.385919,34.419689],[131.385856,34.419547],[131.385819,34.419447],[131.385756,34.419306],[131.385619,34.419114],[131.385469,34.418922],[131.385394,34.418822],[131.385381,34.418764],[131.385356,34.418572],[131.385331,34.418514],[131.385294,34.418456],[131.385181,34.418289],[131.385181,34.418197],[131.385281,34.418039],[131.385556,34.417881],[131.385944,34.417748],[131.386094,34.417623],[131.386319,34.417464],[131.386556,34.417281],[131.386744,34.417173],[131.386919,34.417081],[131.387056,34.417031],[131.387219,34.417048],[131.387569,34.417081],[131.388069,34.417206],[131.388344,34.417273],[131.389256,34.417364],[131.390031,34.417489],[131.390368,34.417514],[131.390518,34.417306],[131.390893,34.417348],[131.391493,34.417431],[131.392531,34.417789],[131.393031,34.418006],[131.393543,34.418281],[131.393893,34.418481],[131.394406,34.418681],[131.394718,34.418881],[131.394993,34.418989],[131.395268,34.419198],[131.395443,34.419348],[131.395693,34.419523],[131.39623,34.419747],[131.396493,34.419889],[131.397068,34.420431],[131.397668,34.421156],[131.396468,34.422006],[131.396768,34.422306],[131.397868,34.421556],[131.399268,34.422972],[131.39918,34.423022],[131.398855,34.423405],[131.39833,34.424197],[131.39883,34.424439],[131.39913,34.42383],[131.39948,34.423222],[131.399793,34.422889],[131.40028,34.422797],[131.40113,34.422431],[131.401842,34.421981],[131.402117,34.421731],[131.402592,34.422297],[131.402455,34.422431],[131.40168,34.422656],[131.40133,34.423089],[131.401105,34.423181],[131.400555,34.423181],[131.400443,34.423222],[131.40023,34.423356],[131.399868,34.423497],[131.399618,34.42383],[131.399593,34.424039],[131.39968,34.424305],[131.399793,34.424422],[131.399768,34.424572],[131.399493,34.425097],[131.399518,34.425414],[131.39968,34.425722],[131.40023,34.426314],[131.40028,34.426805],[131.400455,34.427163],[131.400642,34.427388],[131.400505,34.427688],[131.400617,34.427997],[131.400917,34.428205],[131.401242,34.428363],[131.40163,34.42843],[131.40223,34.42838],[131.40243,34.428447],[131.402755,34.428722],[131.40328,34.428788],[131.403692,34.428813],[131.403917,34.428738],[131.404105,34.42863],[131.40443,34.42858],[131.405042,34.428605],[131.405392,34.428513],[131.405942,34.428222],[131.407179,34.428197],[131.407342,34.428313],[131.407542,34.42863],[131.408279,34.428872],[131.408917,34.428763],[131.409104,34.428672],[131.409354,34.428422],[131.409704,34.427814],[131.409954,34.427139],[131.410179,34.42693],[131.410479,34.426847],[131.411004,34.426755],[131.411054,34.42673],[131.411242,34.42648],[131.411817,34.42628],[131.411879,34.425855],[131.412267,34.425239],[131.412729,34.425197],[131.413029,34.425222],[131.414629,34.425622],[131.415067,34.425755],[131.415554,34.426055],[131.415779,34.426297],[131.416141,34.426864],[131.416329,34.427247],[131.416441,34.427647],[131.416354,34.427789],[131.416166,34.427989],[131.415804,34.428822],[131.415754,34.429022],[131.415941,34.429097],[131.415779,34.42943],[131.414791,34.429297],[131.414879,34.429072],[131.414104,34.428938],[131.413829,34.429522],[131.414466,34.429638],[131.415229,34.430313],[131.414304,34.431255],[131.414354,34.431463],[131.413829,34.43153],[131.413529,34.43103],[131.412729,34.43038],[131.412242,34.429972],[131.411829,34.430355],[131.410704,34.431013],[131.410392,34.431013],[131.410229,34.431055],[131.409954,34.43158],[131.409767,34.431663],[131.409567,34.431846],[131.409467,34.432096],[131.409379,34.432413],[131.409267,34.432546],[131.409217,34.432771],[131.409304,34.433338],[131.409379,34.433513],[131.409742,34.433788],[131.410017,34.434146],[131.410042,34.43433],[131.410342,34.434938],[131.410454,34.434913],[131.410592,34.434938],[131.410842,34.435163],[131.411117,34.435496],[131.411467,34.435613],[131.411941,34.435696],[131.412241,34.435788],[131.412654,34.435763],[131.413041,34.43568],[131.413254,34.43543],[131.413454,34.435521],[131.413591,34.435088],[131.413941,34.434455],[131.414266,34.433913],[131.414441,34.433938],[131.414329,34.434163],[131.415016,34.434505],[131.415179,34.43423],[131.416054,34.43468],[131.416054,34.434838],[131.416141,34.434971],[131.416304,34.435021],[131.416466,34.43493],[131.416779,34.435113],[131.417466,34.435696],[131.417979,34.43583],[131.418066,34.436146],[131.418041,34.436638],[131.417816,34.436913],[131.417379,34.437004],[131.417016,34.437321],[131.416279,34.437521],[131.415841,34.437746],[131.414466,34.437971],[131.414191,34.438221],[131.413316,34.438379],[131.413154,34.438563],[131.413066,34.438738],[131.412929,34.438854],[131.412879,34.439038],[131.413016,34.439238],[131.413204,34.439346],[131.413291,34.439504],[131.413229,34.440046],[131.413316,34.440229],[131.413704,34.440479],[131.414166,34.440837],[131.414491,34.440929],[131.414991,34.440904],[131.415841,34.440721],[131.416166,34.440696],[131.416504,34.440604],[131.416804,34.440379],[131.417054,34.440087],[131.417216,34.439771],[131.417404,34.438513],[131.417516,34.438238],[131.417629,34.438129],[131.417766,34.438129],[131.417841,34.437679],[131.418016,34.437679],[131.418041,34.437229],[131.418554,34.436821],[131.418804,34.436846],[131.418729,34.437246],[131.419929,34.437454],[131.420016,34.437363],[131.420404,34.437404],[131.420479,34.437313],[131.420729,34.437538],[131.421166,34.438104],[131.421553,34.438804],[131.421828,34.439113],[131.421753,34.439254],[131.421003,34.439521],[131.421616,34.440471],[131.422441,34.440354],[131.422516,34.440263],[131.422491,34.440987],[131.421941,34.441254],[131.422028,34.441371],[131.421616,34.441596],[131.421691,34.442296],[131.421066,34.442771],[131.420728,34.442946],[131.420053,34.443421],[131.419991,34.443262],[131.419853,34.443196],[131.419716,34.443171],[131.419603,34.443221],[131.419528,34.443404],[131.419553,34.443554],[131.418591,34.443604],[131.417879,34.443696],[131.417854,34.443579],[131.417766,34.443471],[131.417629,34.443421],[131.417441,34.443512],[131.417329,34.443646],[131.417329,34.44372],[131.417404,34.443804],[131.417054,34.44412],[131.416866,34.444054],[131.416454,34.444212],[131.416641,34.444329],[131.416754,34.444487],[131.416316,34.44487],[131.416066,34.444954],[131.415766,34.444979],[131.415654,34.444912],[131.415566,34.444687],[131.415016,34.444804],[131.414854,34.444737],[131.414529,34.44487],[131.414466,34.445095],[131.414116,34.445229],[131.414091,34.445479],[131.414166,34.445745],[131.414279,34.446645],[131.413491,34.44707],[131.413404,34.447012],[131.413266,34.446928],[131.413041,34.446595],[131.412916,34.446678],[131.412629,34.446862],[131.412254,34.44712],[131.411891,34.447312],[131.411654,34.447395],[131.411329,34.447437],[131.410791,34.44742],[131.410229,34.447353],[131.409779,34.447295],[131.409379,34.447303],[131.409266,34.44732],[131.409291,34.447478],[131.408941,34.447378],[131.408779,34.446695],[131.408754,34.446653],[131.408454,34.446495],[131.408392,34.445953],[131.408567,34.44582],[131.408429,34.445595],[131.408704,34.445412],[131.408867,34.445529],[131.409254,34.445279],[131.409329,34.445162],[131.409167,34.444737],[131.408979,34.44467],[131.408804,34.444562],[131.408567,34.44447],[131.408342,34.44442],[131.408067,34.444262],[131.407979,34.444262],[131.407954,34.444537],[131.407679,34.44487],[131.407354,34.444804],[131.407267,34.444895],[131.407267,34.444962],[131.407104,34.444987],[131.406967,34.445104],[131.406829,34.445304],[131.406692,34.445412],[131.406279,34.445395],[131.405542,34.445262],[131.405104,34.445145],[131.404967,34.445128],[131.404792,34.44497],[131.404554,34.444879],[131.404442,34.44497],[131.403967,34.445012],[131.403667,34.444903],[131.403454,34.44492],[131.403067,34.445128],[131.402679,34.445528],[131.402492,34.445687],[131.402242,34.445737],[131.401992,34.445828],[131.401667,34.445762],[131.401417,34.44562],[131.400955,34.445603],[131.400842,34.445512],[131.40068,34.445512],[131.400505,34.445603],[131.400455,34.445737],[131.400617,34.44612],[131.400567,34.446162],[131.40038,34.446637],[131.400105,34.44677],[131.399105,34.446795],[131.39883,34.446728],[131.398342,34.446345],[131.398092,34.446595],[131.398142,34.446978],[131.397842,34.44727],[131.397792,34.447611],[131.39743,34.447745],[131.397267,34.44772],[131.397192,34.44777],[131.39713,34.447878],[131.396092,34.448178],[131.39598,34.448311],[131.396055,34.44842],[131.39628,34.448536],[131.396392,34.448853],[131.396417,34.44912],[131.396392,34.44937],[131.39628,34.449636],[131.396142,34.44982],[131.395917,34.449911],[131.395505,34.449861],[131.39548,34.449936],[131.395542,34.450045],[131.39573,34.450111],[131.395817,34.450178],[131.395755,34.450494],[131.39578,34.450611],[131.395642,34.450653],[131.395542,34.450769],[131.39518,34.450944],[131.395042,34.451128],[131.395155,34.451236],[131.395455,34.451261],[131.395642,34.451194],[131.395867,34.451261],[131.39598,34.451511],[131.39603,34.451778],[131.39623,34.452003],[131.396255,34.452161],[131.396192,34.452344],[131.396092,34.452528],[131.395567,34.452753],[131.39548,34.452794],[131.395317,34.453019],[131.395205,34.453294],[131.394655,34.453403],[131.394417,34.453403],[131.394355,34.453536],[131.394517,34.453744],[131.394242,34.454286],[131.394142,34.454619],[131.394217,34.455611],[131.394305,34.455952],[131.394442,34.456061],[131.39483,34.456219],[131.395517,34.456286],[131.39603,34.456377],[131.396092,34.456644],[131.396005,34.457236],[131.39573,34.457869],[131.395842,34.458002],[131.396142,34.458044],[131.396692,34.458069],[131.396805,34.458294],[131.396992,34.458385],[131.397217,34.458544],[131.397405,34.458785],[131.397442,34.459035],[131.39738,34.459285],[131.397242,34.459419],[131.396967,34.459577],[131.39678,34.45976],[131.39678,34.459919],[131.39683,34.460069],[131.39683,34.460227],[131.39713,34.460344],[131.397242,34.460569],[131.397304,34.46061],[131.397467,34.46066],[131.397954,34.460502],[131.398017,34.460319],[131.397929,34.460027],[131.397792,34.459735],[131.397854,34.459444],[131.398067,34.459235],[131.398404,34.459302],[131.398567,34.459552],[131.398567,34.459669],[131.398779,34.459669],[131.399004,34.459594],[131.399417,34.459735],[131.399392,34.459844],[131.399467,34.460069],[131.399579,34.460094],[131.400054,34.459819],[131.400104,34.459752],[131.400154,34.459485],[131.400567,34.459594],[131.400629,34.45966],[131.400492,34.459802],[131.400492,34.45991],[131.400592,34.459977],[131.401004,34.460002],[131.401092,34.459935],[131.401342,34.459569],[131.401479,34.45946],[131.401779,34.459369],[131.401804,34.459185],[131.401754,34.459035],[131.401754,34.458877],[131.401829,34.458785],[131.402004,34.458802],[131.402054,34.458919],[131.402167,34.458985],[131.402242,34.458919],[131.402217,34.458602],[131.402354,34.458419],[131.402417,34.458535],[131.402492,34.458602],[131.402629,34.458577],[131.402829,34.458177],[131.402967,34.458036],[131.403267,34.458019],[131.403404,34.458061],[131.403567,34.458061],[131.403892,34.457569],[131.404142,34.457386],[131.404504,34.457386],[131.404529,34.457319],[131.404367,34.456594],[131.404804,34.455944],[131.405292,34.455311],[131.405267,34.455178],[131.405129,34.455086],[131.405429,34.454519],[131.405517,34.454386],[131.405654,34.454319],[131.405817,34.454453],[131.405954,34.454494],[131.406042,34.454428],[131.406092,34.453961],[131.406342,34.453869],[131.406554,34.454136],[131.406642,34.453961],[131.406667,34.453711],[131.406642,34.453461],[131.406967,34.452761],[131.407054,34.452694],[131.408316,34.45242],[131.408566,34.452445],[131.408916,34.452561],[131.409279,34.452603],[131.409504,34.452561],[131.409716,34.452561],[131.409941,34.452603],[131.410079,34.452553],[131.410241,34.452445],[131.410654,34.452445],[131.410929,34.452353],[131.411179,34.452061],[131.411704,34.45197],[131.411891,34.45197],[131.412029,34.451928],[131.412166,34.451628],[131.412279,34.451136],[131.412166,34.450886],[131.411866,34.450978],[131.411941,34.451136],[131.411754,34.451228],[131.411504,34.451111],[131.411154,34.45177],[131.410679,34.451636],[131.410404,34.451411],[131.409166,34.451295],[131.409191,34.451161],[131.410154,34.451203],[131.410516,34.451045],[131.410654,34.450953],[131.410879,34.450436],[131.411179,34.45037],[131.411304,34.450036],[131.411466,34.45022],[131.411466,34.450128],[131.411516,34.450053],[131.411679,34.449978],[131.411704,34.449886],[131.411804,34.449778],[131.411929,34.44967],[131.411991,34.44957],[131.412079,34.449528],[131.411916,34.449278],[131.412466,34.449037],[131.412991,34.448795],[131.413404,34.448678],[131.414366,34.448612],[131.415766,34.44872],[131.415766,34.44877],[131.416041,34.448903],[131.416366,34.448945],[131.417028,34.449287],[131.417328,34.449578],[131.417491,34.449778],[131.417578,34.450028],[131.417603,34.450295],[131.417553,34.450478],[131.417353,34.450637],[131.417166,34.451111],[131.417141,34.451336],[131.417303,34.451536],[131.417353,34.45167],[131.417666,34.452078],[131.417666,34.45212],[131.417191,34.452261],[131.417141,34.452278],[131.417028,34.452461],[131.417091,34.452553],[131.417278,34.452595],[131.417853,34.452553],[131.418353,34.452595],[131.419316,34.452753],[131.420516,34.45302],[131.421703,34.453178],[131.422066,34.453286],[131.423265,34.453878],[131.423703,34.45392],[131.423928,34.453803],[131.424365,34.453828],[131.424753,34.453986],[131.425115,34.454186],[131.42549,34.45462],[131.425603,34.454886],[131.42574,34.455628],[131.425778,34.456761],[131.425828,34.457228],[131.42564,34.457411],[131.425715,34.457569],[131.426053,34.457753],[131.426353,34.457861],[131.426653,34.458244],[131.42739,34.459461],[131.427978,34.460203],[131.428765,34.460902],[131.429765,34.461752],[131.430202,34.462069],[131.431102,34.462477],[131.432215,34.463627],[131.432215,34.463669],[131.43284,34.464236],[131.433227,34.464619],[131.434052,34.465335],[131.435152,34.466369],[131.435514,34.467069],[131.435652,34.467477],[131.435614,34.46781],[131.435514,34.468177],[131.435377,34.468285],[131.435014,34.468535],[131.434877,34.468577],[131.434552,34.468602],[131.434439,34.468693],[131.434352,34.468602],[131.434302,34.468602],[131.434002,34.468943],[131.433664,34.469102],[131.433477,34.469168],[131.433364,34.469343],[131.433289,34.46966],[131.433064,34.470093],[131.432464,34.470568],[131.432239,34.470743],[131.431852,34.471468],[131.431827,34.471984],[131.431889,34.472168],[131.432189,34.472434],[131.432489,34.472543],[131.433364,34.472459],[131.434001,34.472451],[131.434276,34.472384],[131.434526,34.472384],[131.434964,34.472634],[131.435076,34.472659],[131.435426,34.472634],[131.435876,34.472518],[131.436751,34.472159],[131.436889,34.472068],[131.437051,34.471843],[131.436976,34.471576],[131.436801,34.471368],[131.436614,34.47126],[131.436364,34.47106],[131.436639,34.470826],[131.437076,34.470601],[131.437814,34.470451],[131.437776,34.470476],[131.437876,34.470676],[131.437826,34.47081],[131.437714,34.471051],[131.437576,34.471076],[131.438089,34.471101],[131.438176,34.471135],[131.438439,34.470893],[131.438426,34.470785],[131.438789,34.470918],[131.439776,34.470926],[131.439951,34.471176],[131.439626,34.47161],[131.440238,34.47161],[131.440688,34.47171],[131.441388,34.471201],[131.442601,34.471926],[131.442963,34.472268],[131.443951,34.473393],[131.444313,34.473751],[131.444775,34.474426],[131.445175,34.475042],[131.445088,34.475217],[131.445075,34.475334],[131.445075,34.475442],[131.445063,34.475526],[131.445038,34.475592],[131.445013,34.475717],[131.444938,34.475809],[131.444863,34.475892],[131.4448,34.475959],[131.444775,34.476034],[131.444763,34.476126],[131.44445,34.476084],[131.444188,34.476009],[131.444,34.476492],[131.44525,34.476617],[131.445425,34.476642],[131.445288,34.477367],[131.445213,34.477509],[131.445538,34.477625],[131.445475,34.477692],[131.4454,34.477784],[131.445363,34.47785],[131.445325,34.477934],[131.445375,34.478034],[131.44545,34.478075],[131.445525,34.478059],[131.4456,34.478075],[131.445725,34.478125],[131.445813,34.478117],[131.445875,34.478009],[131.446,34.477959],[131.446088,34.477917],[131.445963,34.477584],[131.445963,34.477392],[131.446038,34.477317],[131.4462,34.477375],[131.44615,34.476709],[131.446263,34.476542],[131.447475,34.476542],[131.447425,34.4769],[131.447263,34.477284],[131.446488,34.478075],[131.446712,34.478684],[131.446675,34.478817],[131.446438,34.478934],[131.445825,34.478817],[131.445713,34.478575],[131.445413,34.478259],[131.445138,34.478142],[131.444813,34.478142],[131.44465,34.478192],[131.444338,34.478367],[131.444013,34.479025],[131.443875,34.47945],[131.443688,34.47975],[131.443388,34.479992],[131.4433,34.480133],[131.443325,34.480742],[131.443213,34.480783],[131.442975,34.480758],[131.442913,34.480625],[131.442938,34.480533],[131.443113,34.480308],[131.443113,34.480242],[131.443,34.4802],[131.442725,34.480242],[131.442313,34.480425],[131.441263,34.480692],[131.4408,34.480992],[131.440713,34.481192],[131.440775,34.481483],[131.440775,34.481842],[131.44055,34.4825],[131.4405,34.483108],[131.44055,34.483175],[131.440663,34.483125],[131.440713,34.483041],[131.440775,34.4834],[131.4408,34.483441],[131.440938,34.483491],[131.4419,34.483441],[131.442063,34.483491],[131.442038,34.483625],[131.442088,34.48385],[131.442263,34.484116],[131.442288,34.484233],[131.442838,34.484366],[131.442975,34.484341],[131.44325,34.48405],[131.443825,34.4838],[131.444488,34.483916],[131.444925,34.484],[131.4449,34.484183],[131.444812,34.4843],[131.444875,34.484475],[131.445087,34.484525],[131.445312,34.4847],[131.445287,34.484975],[131.445337,34.484991],[131.4455,34.484975],[131.446025,34.485058],[131.446225,34.484975],[131.446437,34.485241],[131.446575,34.485308],[131.446775,34.48535],[131.44685,34.485575],[131.446962,34.485666],[131.447075,34.48565],[131.447462,34.485241],[131.447837,34.484991],[131.448175,34.484833],[131.44845,34.4849],[131.44875,34.484925],[131.448937,34.484791],[131.44905,34.48465],[131.449412,34.484541],[131.450037,34.484175],[131.450587,34.483566],[131.451062,34.482983],[131.451275,34.482733],[131.451437,34.482125],[131.4516,34.482033],[131.451637,34.481858],[131.451462,34.481608],[131.451637,34.481408],[131.451775,34.481317],[131.451962,34.481292],[131.451987,34.481342],[131.452187,34.481358],[131.452512,34.481183],[131.452737,34.481025],[131.452949,34.480725],[131.452999,34.480567],[131.453224,34.480392],[131.453549,34.480392],[131.454487,34.480525],[131.454899,34.480658],[131.455062,34.480792],[131.455124,34.480883],[131.455287,34.480975],[131.455812,34.481175],[131.456724,34.481967],[131.457099,34.482325],[131.457549,34.482658],[131.457849,34.48295],[131.458336,34.483358],[131.458699,34.483716],[131.459174,34.484283],[131.459499,34.484575],[131.459861,34.4848],[131.460736,34.485208],[131.461236,34.485475],[131.461999,34.486191],[131.462024,34.486241],[131.462249,34.486483],[131.462474,34.486891],[131.462686,34.487724],[131.462911,34.489299],[131.462936,34.490133],[131.462951,34.490164],[131.463111,34.490657],[131.463573,34.491216],[131.464286,34.491941],[131.464673,34.492499],[131.465473,34.493899],[131.465723,34.494416],[131.466023,34.494774],[131.467236,34.495857],[131.467535,34.496532],[131.467598,34.496957],[131.467598,34.497382],[131.46751,34.497815],[131.46716,34.498465],[131.466885,34.498832],[131.465923,34.499215],[131.466085,34.499457],[131.465873,34.500498],[131.465673,34.500698],[131.465835,34.500857],[131.466085,34.500632],[131.466973,34.50079],[131.46711,34.500657],[131.467323,34.50079],[131.46681,34.50144],[131.465373,34.501715],[131.465235,34.501307],[131.463561,34.501015],[131.463311,34.500723],[131.463223,34.500682],[131.462948,34.500615],[131.462023,34.500498],[131.461436,34.500365],[131.461061,34.500232],[131.460973,34.500048],[131.460948,34.499823],[131.460861,34.499598],[131.460723,34.499532],[131.460511,34.499532],[131.460336,34.499582],[131.460261,34.499648],[131.460123,34.50014],[131.459873,34.500657],[131.459848,34.500907],[131.459598,34.501423],[131.459348,34.50174],[131.458998,34.501923],[131.458336,34.502465],[131.458286,34.502531],[131.458286,34.50269],[131.458636,34.503006],[131.458523,34.503206],[131.458698,34.503215],[131.458436,34.503665],[131.458636,34.50374],[131.458573,34.50379],[131.458236,34.503865],[131.458423,34.504048],[131.458623,34.504148],[131.458873,34.504231],[131.459136,34.504431],[131.459286,34.504781],[131.459236,34.505564],[131.458861,34.506431],[131.458636,34.506856],[131.458211,34.507373],[131.457823,34.507731],[131.457311,34.508089],[131.456511,34.508456],[131.456186,34.508581],[131.455836,34.508639],[131.455623,34.508656],[131.455311,34.508597],[131.455048,34.508472],[131.455011,34.508139],[131.454949,34.507981],[131.454799,34.507856],[131.454211,34.507739],[131.453036,34.507156],[131.452911,34.506673],[131.452774,34.506548],[131.452511,34.506448],[131.452249,34.506398],[131.452086,34.506273],[131.451836,34.506281],[131.451724,34.506314],[131.451474,34.506148],[131.451336,34.506148],[131.451136,34.506189],[131.450749,34.506348],[131.450386,34.506581],[131.450249,34.506789],[131.450086,34.506939],[131.450211,34.507189],[131.450111,34.507306],[131.450249,34.507514],[131.450024,34.508006],[131.450311,34.508097],[131.450386,34.508097],[131.450749,34.507947],[131.450986,34.507972],[131.451149,34.508072],[131.451299,34.508289],[131.451424,34.508389],[131.451711,34.508381],[131.451874,34.508356],[131.452174,34.508447],[131.452386,34.508464],[131.452424,34.508572],[131.451849,34.508964],[131.452011,34.509072],[131.452499,34.509072],[131.452674,34.509139],[131.452686,34.509172],[131.452386,34.509322],[131.452386,34.509531],[131.452436,34.509647],[131.452536,34.509672],[131.452636,34.509647],[131.452724,34.509397],[131.452974,34.509731],[131.452899,34.509964],[131.452961,34.510114],[131.453074,34.510047],[131.453174,34.509947],[131.453249,34.509931],[131.453361,34.509981],[131.453611,34.510272],[131.453774,34.510547],[131.453798,34.510664],[131.453948,34.510889],[131.454161,34.511047],[131.454611,34.511181],[131.454836,34.511347],[131.454911,34.511514],[131.454848,34.512039],[131.454573,34.51303],[131.454448,34.513289],[131.454248,34.513547],[131.453973,34.513797],[131.453098,34.514447],[131.452761,34.514614],[131.452423,34.514697],[131.452173,34.51473],[131.451599,34.514455],[131.451411,34.514455],[131.451161,34.514522],[131.450861,34.514722],[131.450861,34.514788],[131.451224,34.514905],[131.451336,34.515055],[131.451249,34.515388],[131.451386,34.515472],[131.451386,34.515638],[131.451598,34.515872],[131.451661,34.515972],[131.451598,34.516113],[131.451286,34.516247],[131.450699,34.516347],[131.450174,34.51668],[131.450074,34.516805],[131.450086,34.516922],[131.450436,34.516947],[131.450561,34.516947],[131.450674,34.517213],[131.451248,34.517413],[131.451386,34.517205],[131.451486,34.517155],[131.451598,34.517022],[131.451623,34.516872],[131.452011,34.51658],[131.452211,34.51633],[131.452298,34.516288],[131.452311,34.516413],[131.452223,34.51653],[131.452198,34.516672],[131.452248,34.516772],[131.452336,34.516805],[131.452586,34.516663],[131.452811,34.516588],[131.453011,34.51658],[131.453311,34.516705],[131.453348,34.51683],[131.453173,34.517205],[131.453086,34.517347],[131.453148,34.51748],[131.453423,34.517613],[131.453536,34.517738],[131.453548,34.517897],[131.453498,34.518138],[131.453548,34.518247],[131.453661,34.518272],[131.454023,34.518047],[131.454186,34.518163],[131.454273,34.51828],[131.454261,34.518447],[131.454173,34.518655],[131.453998,34.518863],[131.453811,34.519355],[131.453786,34.519646],[131.453836,34.519905],[131.453723,34.520346],[131.453861,34.520438],[131.454061,34.520313],[131.454173,34.520205],[131.454286,34.520146],[131.454411,34.520163],[131.454548,34.520271],[131.454823,34.520421],[131.455098,34.520438],[131.455511,34.520396],[131.455811,34.520396],[131.455923,34.520713],[131.455985,34.521071],[131.455973,34.521313],[131.455873,34.521546],[131.455673,34.521638],[131.455248,34.521746],[131.455136,34.521871],[131.455073,34.522146],[131.455123,34.522271],[131.455285,34.52238],[131.455898,34.52238],[131.455948,34.522405],[131.45586,34.522696],[131.455423,34.522863],[131.455398,34.523238],[131.45541,34.523429],[131.455698,34.523646],[131.455635,34.523888],[131.455498,34.524204],[131.455348,34.524404],[131.455285,34.524813],[131.45541,34.525263],[131.45541,34.525504],[131.455448,34.525579],[131.455648,34.525563],[131.455823,34.525604],[131.45601,34.525979],[131.456235,34.526004],[131.456598,34.525846],[131.456823,34.525838],[131.457598,34.525988],[131.458073,34.526096],[131.458223,34.526521],[131.458398,34.526696],[131.458648,34.526838],[131.45941,34.527621],[131.46011,34.528146],[131.46071,34.528604],[131.461085,34.528946],[131.46206,34.529629],[131.462497,34.530004],[131.463097,34.530571],[131.463247,34.530771],[131.463247,34.530996],[131.463347,34.531171],[131.46366,34.531404],[131.46381,34.531679],[131.463872,34.531971],[131.46406,34.532037],[131.464447,34.532012],[131.464459,34.532104],[131.464322,34.532287],[131.464284,34.532496],[131.464422,34.532621],[131.464597,34.532612],[131.464772,34.532662],[131.464834,34.53287],[131.464772,34.533137],[131.464822,34.533279],[131.464934,34.533262],[131.465097,34.533187],[131.465159,34.53322],[131.465309,34.533862],[131.465472,34.534454],[131.465509,34.53472],[131.465434,34.535379],[131.465647,34.535545],[131.465797,34.535812],[131.465797,34.535979],[131.466259,34.53622],[131.466334,34.536354],[131.466397,34.536812],[131.466222,34.537387],[131.465984,34.537578],[131.465872,34.53777],[131.465997,34.537903],[131.466472,34.537878],[131.466659,34.537978],[131.466522,34.538195],[131.466509,34.538295],[131.466809,34.53852],[131.466909,34.538545],[131.467222,34.538537],[131.467334,34.538445],[131.467372,34.538153],[131.467859,34.538145],[131.468284,34.537987],[131.468422,34.53782],[131.468372,34.537695],[131.468434,34.53682],[131.468734,34.536654],[131.468822,34.53657],[131.468784,34.536512],[131.468609,34.536412],[131.468747,34.535987],[131.468959,34.535695],[131.469609,34.535445],[131.469859,34.535379],[131.469934,34.535329],[131.469846,34.535187],[131.469821,34.535045],[131.469921,34.534879],[131.470121,34.534745],[131.470096,34.534537],[131.469972,34.534287],[131.469934,34.534054],[131.470022,34.533829],[131.470172,34.533629],[131.470671,34.533337],[131.470796,34.533321],[131.472459,34.532871],[131.473071,34.532912],[131.473721,34.533012],[131.474484,34.533054],[131.475096,34.533096],[131.475371,34.533171],[131.475846,34.533254],[131.476109,34.533346],[131.476084,34.533412],[131.475996,34.533479],[131.476159,34.533587],[131.476696,34.533646],[131.476846,34.533737],[131.477084,34.533796],[131.477308,34.533804],[131.477471,34.533854],[131.477871,34.534079],[131.478383,34.534012],[131.478446,34.533937],[131.478421,34.533846],[131.478296,34.533754],[131.478208,34.533646],[131.478283,34.533529],[131.478646,34.533354],[131.478771,34.533237],[131.478846,34.533079],[131.478846,34.532821],[131.478896,34.532754],[131.479283,34.532812],[131.479383,34.532737],[131.479358,34.532496],[131.479571,34.532363],[131.480058,34.532213],[131.480271,34.532113],[131.480746,34.531796],[131.481008,34.531788],[131.481121,34.531646],[131.481208,34.531588],[131.481683,34.531646],[131.482421,34.531963],[131.482558,34.532179],[131.482596,34.532388],[131.482633,34.532429],[131.482696,34.532671],[131.482896,34.532746],[131.482996,34.533054],[131.483071,34.533054],[131.483296,34.532921],[131.483558,34.532704],[131.483633,34.532804],[131.483596,34.533013],[131.483721,34.533213],[131.483871,34.533338],[131.484008,34.533363],[131.484383,34.533288],[131.484446,34.533254],[131.484483,34.533054],[131.484583,34.532971],[131.484708,34.532971],[131.484746,34.533196],[131.485095,34.533329],[131.485283,34.533504],[131.485383,34.533554],[131.48552,34.533521],[131.485708,34.533179],[131.485945,34.533038],[131.48627,34.533004],[131.486733,34.533004],[131.487258,34.532929],[131.487595,34.532921],[131.48782,34.532971],[131.488208,34.533229],[131.48862,34.533588],[131.488883,34.533629],[131.489608,34.533521],[131.489883,34.533404],[131.489908,34.533329],[131.490033,34.533246],[131.490483,34.533221],[131.490845,34.533146],[131.49167,34.532863],[131.491782,34.532838],[131.491895,34.532763],[131.491857,34.532721],[131.49147,34.532646],[131.491383,34.532538],[131.491395,34.532429],[131.491558,34.532279],[131.49162,34.532138],[131.49167,34.531979],[131.491758,34.531788],[131.491833,34.531654],[131.49212,34.531496],[131.492445,34.53143],[131.49297,34.531296],[131.493157,34.531246],[131.493407,34.531205],[131.493557,34.531188],[131.493682,34.531188],[131.494045,34.531205],[131.494195,34.531238],[131.49447,34.53128],[131.49472,34.531346],[131.494945,34.531421],[131.495182,34.531488],[131.49547,34.531546],[131.495795,34.53158],[131.49597,34.531605],[131.496182,34.531621],[131.496445,34.531613],[131.496757,34.53158],[131.496882,34.531546],[131.497132,34.531505],[131.49742,34.53148],[131.497533,34.531434],[131.497857,34.531363],[131.49812,34.531471],[131.498594,34.531771],[131.498957,34.53193],[131.499144,34.532105],[131.499007,34.532388],[131.499244,34.53248],[131.499807,34.532221],[131.499982,34.532271],[131.500169,34.532496],[131.500782,34.532463],[131.501344,34.53263],[131.501882,34.532846],[131.504044,34.533888],[131.504506,34.534263],[131.504881,34.534646],[131.505044,34.534921],[131.505169,34.535279],[131.505544,34.535813],[131.505719,34.536196],[131.505656,34.536646],[131.505494,34.537071],[131.505494,34.537396],[131.506156,34.538454],[131.506318,34.538887],[131.506431,34.539854],[131.506843,34.541137],[131.507106,34.541545],[131.507468,34.542004],[131.507518,34.542279],[131.507643,34.542487],[131.507981,34.542387],[131.508218,34.542504],[131.508031,34.54267],[131.508006,34.54277],[131.508106,34.542862],[131.508506,34.542879],[131.50918,34.543512],[131.50928,34.543653],[131.509093,34.543862],[131.508968,34.544062],[131.50903,34.544153],[131.509305,34.544187],[131.509643,34.544162],[131.50983,34.544212],[131.510293,34.544728],[131.510455,34.545095],[131.51068,34.54542],[131.51113,34.545795],[131.511268,34.545953],[131.511118,34.546262],[131.511193,34.546487],[131.511243,34.546861],[131.511593,34.546911],[131.51153,34.547053],[131.51153,34.547253],[131.511668,34.547303],[131.51188,34.547295],[131.511993,34.547311],[131.51218,34.547461],[131.512693,34.54752],[131.513692,34.547986],[131.514155,34.548261],[131.51458,34.54857],[131.514842,34.549036],[131.51503,34.54957],[131.515255,34.550669],[131.515055,34.550978],[131.515005,34.551203],[131.515142,34.551303],[131.51513,34.551503],[131.515342,34.551619],[131.515442,34.551919],[131.51548,34.552286],[131.515455,34.552594],[131.51503,34.552686],[131.514892,34.552844],[131.514917,34.552886],[131.515217,34.553019],[131.515367,34.553127],[131.51538,34.553177],[131.515517,34.553302],[131.515617,34.553319],[131.51588,34.553127],[131.516454,34.553402],[131.516454,34.553602],[131.516579,34.553761],[131.517304,34.553919],[131.517492,34.554102],[131.518454,34.554202],[131.518754,34.553919],[131.518829,34.553894],[131.519667,34.553969],[131.520154,34.553986],[131.520404,34.554027],[131.521166,34.554719],[131.521354,34.555161],[131.521366,34.555319],[131.521316,34.555561],[131.521166,34.555652],[131.520841,34.555711],[131.520341,34.556277],[131.520191,34.556394],[131.520204,34.556694],[131.520091,34.556769],[131.519867,34.556785],[131.519654,34.556869],[131.519642,34.557019],[131.520066,34.55721],[131.520241,34.557177],[131.520454,34.556727],[131.520529,34.556752],[131.520691,34.557044],[131.520816,34.557094],[131.520891,34.557027],[131.520916,34.556844],[131.520866,34.556719],[131.521129,34.556719],[131.521291,34.556552],[131.521379,34.556361],[131.521554,34.556327],[131.521654,34.556252],[131.521516,34.556186],[131.521504,34.556061],[131.521754,34.555919],[131.522154,34.555836],[131.522841,34.555794],[131.523391,34.555736],[131.523804,34.555777],[131.524191,34.555961],[131.524679,34.556677],[131.524966,34.556686],[131.525029,34.557069],[131.525753,34.557485],[131.525878,34.557594],[131.525966,34.557827],[131.526141,34.557877],[131.526291,34.55781],[131.526403,34.557627],[131.526578,34.557552],[131.526778,34.557519],[131.526803,34.55771],[131.526741,34.557902],[131.526941,34.557944],[131.527103,34.557935],[131.527366,34.55821],[131.527678,34.558419],[131.527853,34.558669],[131.527878,34.558985],[131.527916,34.55906],[131.528116,34.559227],[131.528441,34.558985],[131.528616,34.558785],[131.528803,34.558627],[131.528828,34.55866],[131.528778,34.55896],[131.528828,34.55906],[131.529278,34.559119],[131.529478,34.559435],[131.529341,34.559769],[131.529803,34.559952],[131.529841,34.559985],[131.530278,34.560052],[131.530565,34.560035],[131.530765,34.559894],[131.531115,34.559902],[131.531203,34.55981],[131.531265,34.559702],[131.531465,34.559785],[131.531515,34.55996],[131.531615,34.56006],[131.531778,34.560027],[131.531965,34.559944],[131.532265,34.559944],[131.532315,34.559652],[131.532428,34.559485],[131.533153,34.559452],[131.533603,34.559485],[131.534165,34.559744],[131.53539,34.560419],[131.53589,34.56076],[131.536565,34.561593],[131.537277,34.562193],[131.53769,34.562552],[131.538665,34.562835],[131.539065,34.563043],[131.539365,34.563435],[131.53969,34.563935],[131.539989,34.564518],[131.540352,34.564993],[131.540139,34.565118],[131.540589,34.566209],[131.540839,34.566234],[131.540814,34.566576],[131.540889,34.566993],[131.540339,34.566951],[131.540852,34.567468],[131.541077,34.568109],[131.541364,34.568218],[131.541452,34.568409],[131.541414,34.568634],[131.541314,34.568767],[131.541277,34.568776],[131.540989,34.568692],[131.540889,34.568692],[131.540677,34.568751],[131.540377,34.569026],[131.540414,34.569309],[131.540577,34.569392],[131.540827,34.569359],[131.541277,34.569134],[131.541314,34.569334],[131.541589,34.569692],[131.541939,34.569951],[131.542289,34.570084],[131.542602,34.570067],[131.542727,34.569951],[131.543027,34.570009],[131.543114,34.570059],[131.543301,34.570026],[131.544014,34.570017],[131.544826,34.570276],[131.545426,34.570567],[131.546564,34.571167],[131.547126,34.571392],[131.547489,34.571667],[131.547926,34.572084],[131.548963,34.572734],[131.549913,34.573584],[131.550251,34.573967],[131.550463,34.574442],[131.550763,34.574733],[131.551176,34.574983],[131.551575,34.575358],[131.552138,34.576267],[131.552688,34.576775],[131.553038,34.577208],[131.553113,34.577358],[131.553138,34.577816],[131.5533,34.578041],[131.5536,34.578208],[131.553938,34.578508],[131.554388,34.579308],[131.554725,34.579724],[131.554987,34.580558],[131.554825,34.580624],[131.5549,34.580758],[131.554762,34.581008],[131.55445,34.581424],[131.5542,34.582107],[131.55385,34.582499],[131.553725,34.582757],[131.55385,34.583182],[131.5538,34.583724],[131.553737,34.583757],[131.553687,34.583857],[131.553825,34.583924],[131.5539,34.584099],[131.5545,34.585024],[131.554662,34.585415],[131.554725,34.58599],[131.554837,34.586273],[131.554975,34.586465],[131.554912,34.586565],[131.555087,34.586773],[131.555475,34.58709],[131.55565,34.58714],[131.555725,34.587432],[131.555799,34.588332],[131.555662,34.588673],[131.555237,34.589415],[131.555149,34.589656],[131.554899,34.589998],[131.554749,34.590131],[131.554425,34.590306],[131.553737,34.590914],[131.553537,34.591023],[131.553387,34.591131],[131.553462,34.591248],[131.553587,34.591273],[131.553737,34.591406],[131.553762,34.591548],[131.553737,34.591631],[131.553612,34.591764],[131.553412,34.591948],[131.553125,34.591989],[131.55285,34.591964],[131.5525,34.592164],[131.5522,34.592281],[131.55185,34.592323],[131.551625,34.592406],[131.5516,34.592539],[131.551875,34.592681],[131.551675,34.592698],[131.551625,34.592681],[131.551375,34.592698],[131.551162,34.592881],[131.550787,34.593081],[131.550687,34.593256],[131.550587,34.593506],[131.550662,34.593622],[131.550812,34.593664],[131.550937,34.593664],[131.551037,34.593731],[131.551037,34.593872],[131.55095,34.594139],[131.5511,34.594256],[131.5512,34.594206],[131.551612,34.594189],[131.551862,34.594256],[131.553037,34.596005],[131.553262,34.596205],[131.553312,34.596414],[131.553312,34.59668],[131.553437,34.596864],[131.553662,34.59693],[131.554312,34.59698],[131.554787,34.597347],[131.555437,34.597805],[131.556599,34.598805],[131.557149,34.599372],[131.557436,34.599821],[131.557636,34.600371],[131.557786,34.600621],[131.558149,34.601729],[131.558174,34.602354],[131.558036,34.602871],[131.557861,34.603238],[131.557224,34.603971],[131.556899,34.604129],[131.556699,34.604396],[131.556649,34.604621],[131.556599,34.604621],[131.556499,34.604712],[131.556249,34.604804],[131.556161,34.604896],[131.556161,34.604979],[131.556261,34.605029],[131.556286,34.605162],[131.556161,34.605296],[131.556011,34.605362],[131.555786,34.605787],[131.555586,34.606012],[131.555424,34.60642],[131.555399,34.60667],[131.555224,34.607095],[131.554836,34.607478],[131.554786,34.607637],[131.555136,34.607953],[131.555436,34.608112],[131.555711,34.608387],[131.555811,34.608653],[131.555761,34.608703],[131.555649,34.60897],[131.555724,34.60917],[131.555949,34.609287],[131.556199,34.609245],[131.556324,34.609311],[131.556661,34.610553],[131.556736,34.610786],[131.556811,34.610895],[131.556686,34.611078],[131.556636,34.611303],[131.556761,34.611528],[131.557448,34.612278],[131.557498,34.612303],[131.557923,34.612753],[131.558173,34.613294],[131.558211,34.614061],[131.557811,34.614219],[131.557661,34.614552],[131.557073,34.615136],[131.556998,34.615186],[131.556998,34.615519],[131.557048,34.615611],[131.557323,34.615611],[131.557648,34.615702],[131.557948,34.616002],[131.558748,34.616327],[131.55921,34.616644],[131.55916,34.616685],[131.559285,34.61691],[131.55966,34.61716],[131.55976,34.617169],[131.55996,34.617102],[131.56031,34.617327],[131.56041,34.61771],[131.560385,34.61791],[131.560248,34.618135],[131.560223,34.618319],[131.560323,34.618435],[131.560548,34.61841],[131.561048,34.618302],[131.561273,34.618352],[131.561523,34.61846],[131.561723,34.618644],[131.562273,34.618969],[131.563397,34.619285],[131.563672,34.619427],[131.563822,34.619652],[131.563797,34.619877],[131.563622,34.619985],[131.563722,34.620235],[131.563822,34.62031],[131.563997,34.62026],[131.564147,34.620285],[131.564372,34.620427],[131.564472,34.620285],[131.564547,34.619952],[131.564597,34.619927],[131.564772,34.619977],[131.56506,34.620968],[131.56506,34.621168],[131.565135,34.621377],[131.56536,34.62156],[131.56551,34.62156],[131.565985,34.621177],[131.566072,34.620752],[131.566197,34.620727],[131.566422,34.620802],[131.567559,34.621577],[131.567784,34.621668],[131.568359,34.621468],[131.568547,34.621443],[131.568647,34.621493],[131.568684,34.621602],[131.568934,34.621852],[131.569134,34.621943],[131.569434,34.622018],[131.569709,34.621993],[131.569759,34.621927],[131.569759,34.621835],[131.569972,34.621793],[131.570247,34.621793],[131.570722,34.621935],[131.570947,34.621843],[131.571471,34.621643],[131.571621,34.621693],[131.571646,34.621735],[131.571596,34.621943],[131.571746,34.622168],[131.572121,34.622326],[131.572521,34.622176],[131.572746,34.622018],[131.573296,34.62211],[131.573471,34.621977],[131.573796,34.621485],[131.573896,34.62146],[131.574021,34.621593],[131.574434,34.621377],[131.574634,34.621352],[131.574684,34.621377],[131.574784,34.621335],[131.574834,34.62106],[131.575034,34.620677],[131.575159,34.620677],[131.575359,34.620843],[131.575759,34.621252],[131.575884,34.621318],[131.576059,34.621277],[131.576471,34.620602],[131.576621,34.620393],[131.576796,34.62026],[131.576946,34.620285],[131.577246,34.620535],[131.577396,34.620535],[131.577596,34.620468],[131.579496,34.620418],[131.579596,34.620352],[131.580046,34.620335],[131.580221,34.620468],[131.580371,34.620985],[131.580346,34.62146],[131.580258,34.621977],[131.580308,34.622043],[131.580433,34.622227],[131.580508,34.622385],[131.580558,34.622676],[131.580645,34.623201],[131.580496,34.62331],[131.580321,34.623376],[131.579971,34.623418],[131.579721,34.623485],[131.579446,34.623735],[131.579346,34.624051],[131.579083,34.624318],[131.578058,34.624893],[131.578008,34.624918],[131.578008,34.62501],[131.578458,34.625168],[131.578646,34.625443],[131.578796,34.625551],[131.578921,34.625576],[131.579271,34.625559],[131.579458,34.625584],[131.579495,34.625626],[131.579758,34.625626],[131.580208,34.625501],[131.580758,34.625251],[131.581133,34.625234],[131.581583,34.625326],[131.581758,34.625301],[131.581733,34.625235],[131.581983,34.624993],[131.582158,34.624926],[131.582595,34.624993],[131.58282,34.625043],[131.58297,34.625001],[131.58357,34.624643],[131.58417,34.624485],[131.584795,34.624243],[131.585107,34.624068],[131.585707,34.62391],[131.585907,34.62391],[131.585982,34.62396],[131.586082,34.624143],[131.586832,34.624035],[131.587232,34.623943],[131.587507,34.623835],[131.587707,34.623651],[131.587845,34.623435],[131.58787,34.623118],[131.587795,34.622735],[131.58767,34.622343],[131.587132,34.621485],[131.586957,34.62126],[131.586558,34.62146],[131.586595,34.622002],[131.585495,34.622127],[131.58467,34.622235],[131.584545,34.621668],[131.585008,34.621335],[131.585383,34.620777],[131.586033,34.62071],[131.586583,34.620577],[131.58717,34.62031],[131.587395,34.620177],[131.58752,34.620135],[131.587695,34.620202],[131.587895,34.62021],[131.58797,34.62016],[131.587995,34.620052],[131.58797,34.61991],[131.58802,34.619777],[131.588195,34.619619],[131.589307,34.619202],[131.589457,34.619227],[131.589782,34.619677],[131.590132,34.61986],[131.590532,34.619952],[131.590957,34.619894],[131.591482,34.619869],[131.591707,34.619944],[131.591782,34.620052],[131.59187,34.620502],[131.59192,34.620594],[131.591945,34.620819],[131.591195,34.621293],[131.591045,34.621427],[131.590907,34.621918],[131.590857,34.62221],[131.590907,34.622352],[131.590957,34.622368],[131.591132,34.622368],[131.591357,34.622327],[131.591757,34.622335],[131.591932,34.622402],[131.592307,34.622835],[131.592507,34.622927],[131.592632,34.622902],[131.592957,34.622568],[131.593207,34.622452],[131.593519,34.62216],[131.593744,34.622027],[131.594119,34.621968],[131.594394,34.62201],[131.594619,34.622102],[131.594669,34.62226],[131.594632,34.622485],[131.595069,34.622535],[131.595182,34.622652],[131.595382,34.622693],[131.595919,34.622452],[131.596094,34.622518],[131.596269,34.62261],[131.596369,34.622568],[131.596494,34.622385],[131.596544,34.62221],[131.596619,34.622118],[131.596944,34.621919],[131.597144,34.621827],[131.597744,34.621902],[131.598007,34.62181],[131.598507,34.621277],[131.598757,34.621252],[131.598857,34.621344],[131.599032,34.62146],[131.598794,34.621952],[131.600431,34.622652],[131.599944,34.62346],[131.600431,34.623777],[131.601106,34.622852],[131.603006,34.623077],[131.603569,34.624168],[131.601956,34.624985],[131.601281,34.62461],[131.600581,34.624852],[131.600594,34.625035],[131.600181,34.625077],[131.599931,34.62521],[131.599794,34.625527],[131.599794,34.62561],[131.599869,34.625685],[131.600419,34.62571],[131.600519,34.625752],[131.600644,34.625893],[131.600719,34.626068],[131.601019,34.626343],[131.601294,34.62671],[131.601469,34.626776],[131.601694,34.626801],[131.601794,34.627026],[131.601756,34.627135],[131.601631,34.627318],[131.601631,34.62736],[131.601681,34.62741],[131.602106,34.627385],[131.602256,34.627551],[131.602481,34.62791],[131.602981,34.627868],[131.603231,34.627893],[131.603406,34.62801],[131.603631,34.628035],[131.603831,34.627718],[131.604144,34.627451],[131.604219,34.627401],[131.604568,34.627768],[131.604718,34.627793],[131.604843,34.627501],[131.604743,34.627068],[131.604768,34.62696],[131.604868,34.627002],[131.605093,34.627185],[131.605243,34.627385],[131.605368,34.627477],[131.605418,34.627593],[131.605418,34.627701],[131.605218,34.627993],[131.605256,34.628151],[131.605406,34.628268],[131.605731,34.628318],[131.605881,34.628385],[131.606106,34.628385],[131.606356,34.628343],[131.606793,34.62801],[131.607043,34.627943],[131.607243,34.62826],[131.607193,34.628418],[131.606881,34.62866],[131.605856,34.629335],[131.605293,34.629643],[131.605168,34.629643],[131.605018,34.629418],[131.604893,34.629351],[131.604618,34.629435],[131.604468,34.629635],[131.604693,34.629818],[131.604843,34.62991],[131.605018,34.629935],[131.605293,34.63016],[131.605593,34.630326],[131.605543,34.63071],[131.605381,34.630951],[131.604931,34.631201],[131.604681,34.631509],[131.604606,34.631826],[131.604531,34.631943],[131.604143,34.632251],[131.603518,34.633151],[131.602881,34.633817],[131.602681,34.634184],[131.602381,34.634017],[131.602131,34.633726],[131.602031,34.633434],[131.602031,34.633068],[131.602119,34.632826],[131.602593,34.631968],[131.602856,34.631409],[131.603031,34.630509],[131.603094,34.629943],[131.603169,34.629676],[131.603169,34.629493],[131.603044,34.629451],[131.602794,34.629585],[131.602644,34.629601],[131.602494,34.629576],[131.602219,34.629601],[131.602144,34.629668],[131.602119,34.62976],[131.602444,34.629851],[131.602519,34.629985],[131.602456,34.630301],[131.602231,34.630659],[131.601731,34.631084],[131.601431,34.631193],[131.601194,34.631218],[131.600944,34.631168],[131.600856,34.631076],[131.600781,34.630809],[131.600731,34.630718],[131.600631,34.630718],[131.600281,34.630943],[131.600044,34.630984],[131.599844,34.631068],[131.599694,34.631226],[131.599319,34.631426],[131.599119,34.631426],[131.598744,34.631109],[131.598669,34.630993],[131.598469,34.630884],[131.598344,34.630834],[131.598219,34.630876],[131.598044,34.631101],[131.597894,34.631218],[131.597369,34.631301],[131.597344,34.631393],[131.597244,34.631501],[131.597119,34.631526],[131.596881,34.631617],[131.596656,34.631926],[131.596531,34.632042],[131.596106,34.632176],[131.596056,34.632284],[131.596056,34.632576],[131.595794,34.632934],[131.595919,34.633142],[131.596144,34.633367],[131.596219,34.633617],[131.596194,34.633751],[131.595831,34.634042],[131.595281,34.634376],[131.595056,34.634442],[131.594806,34.63435],[131.594482,34.634034],[131.594307,34.633667],[131.594244,34.633334],[131.594294,34.633201],[131.594619,34.632909],[131.594744,34.632542],[131.594782,34.632117],[131.594882,34.631851],[131.595207,34.631559],[131.595257,34.631442],[131.595207,34.631284],[131.594907,34.631018],[131.594269,34.630493],[131.594194,34.630443],[131.593969,34.629834],[131.593544,34.629534],[131.593057,34.629059],[131.592682,34.628876],[131.592507,34.628784],[131.592407,34.628609],[131.592107,34.628534],[131.591632,34.628509],[131.591407,34.628534],[131.591269,34.628684],[131.591169,34.629001],[131.591169,34.629318],[131.591369,34.629793],[131.591469,34.629951],[131.591482,34.630176],[131.591457,34.630292],[131.591382,34.630309],[131.591307,34.630401],[131.591282,34.630492],[131.591307,34.630584],[131.591257,34.630651],[131.590907,34.630717],[131.590632,34.630692],[131.590657,34.630784],[131.590932,34.631117],[131.590932,34.631259],[131.590644,34.631342],[131.590444,34.631392],[131.590244,34.631501],[131.590169,34.631701],[131.590094,34.631792],[131.589994,34.632109],[131.589669,34.632284],[131.589732,34.632626],[131.589682,34.632734],[131.589457,34.6328],[131.589132,34.632892],[131.589032,34.632984],[131.588907,34.633275],[131.588982,34.633384],[131.589407,34.633525],[131.589632,34.633567],[131.589707,34.63375],[131.589669,34.633884],[131.589719,34.634042],[131.589844,34.634067],[131.590094,34.63405],[131.590632,34.633825],[131.591019,34.634192],[131.591069,34.634325],[131.591019,34.63455],[131.591144,34.634592],[131.591394,34.6346],[131.591469,34.634509],[131.591519,34.634375],[131.592007,34.634175],[131.592157,34.634175],[131.592307,34.634242],[131.592444,34.634534],[131.592494,34.634784],[131.592119,34.634784],[131.591944,34.634825],[131.591944,34.634942],[131.592019,34.635167],[131.591907,34.6358],[131.591807,34.636267],[131.591857,34.636334],[131.592107,34.636434],[131.592332,34.63645],[131.592432,34.636409],[131.592482,34.636342],[131.592657,34.636367],[131.592832,34.636592],[131.593057,34.637025],[131.593132,34.637134],[131.593207,34.637159],[131.593232,34.637134],[131.593407,34.637184],[131.593606,34.637542],[131.593731,34.637567],[131.593856,34.63755],[131.594156,34.6373],[131.594356,34.637434],[131.594481,34.637575],[131.594481,34.637708],[131.594431,34.6378],[131.594269,34.637892],[131.594219,34.637975],[131.594244,34.638183],[131.594369,34.638342],[131.594344,34.638408],[131.593944,34.638492],[131.593744,34.638625],[131.593344,34.638742],[131.593294,34.638783],[131.593344,34.63885],[131.593794,34.638942],[131.593994,34.638967],[131.593881,34.639258],[131.594006,34.639558],[131.594006,34.639692],[131.593831,34.639867],[131.593481,34.639958],[131.593331,34.640133],[131.593194,34.640433],[131.593244,34.6405],[131.593719,34.640617],[131.593794,34.640841],[131.593694,34.640925],[131.593669,34.641066],[131.593719,34.6412],[131.593844,34.6414],[131.594244,34.6417],[131.594419,34.641816],[131.594444,34.64195],[131.594381,34.642058],[131.594056,34.642058],[131.594031,34.642216],[131.593956,34.642241],[131.593656,34.642125],[131.593381,34.64185],[131.593281,34.641825],[131.592856,34.641983],[131.592706,34.642091],[131.592407,34.642225],[131.592307,34.642516],[131.592232,34.642608],[131.592007,34.642633],[131.591644,34.642783],[131.591569,34.642783],[131.591144,34.642625],[131.590869,34.6426],[131.590644,34.642783],[131.590694,34.643008],[131.590969,34.643208],[131.591019,34.643325],[131.590944,34.643549],[131.591169,34.643733],[131.591244,34.643749],[131.591369,34.643983],[131.591507,34.644474],[131.591507,34.644616],[131.591432,34.644766],[131.591282,34.644833],[131.591157,34.644858],[131.590982,34.644808],[131.590907,34.644924],[131.590657,34.644991],[131.590582,34.645058],[131.590557,34.645166],[131.590619,34.645258],[131.590819,34.645333],[131.590994,34.645466],[131.591044,34.645624],[131.590994,34.645808],[131.590944,34.645849],[131.590644,34.645783],[131.590569,34.645799],[131.590444,34.646049],[131.590619,34.646208],[131.590794,34.646233],[131.590894,34.646208],[131.590994,34.646391],[131.591069,34.646458],[131.591319,34.646483],[131.591569,34.646308],[131.591644,34.646166],[131.591494,34.645966],[131.591494,34.645874],[131.591594,34.645849],[131.591919,34.645899],[131.592144,34.645899],[131.592219,34.646016],[131.592419,34.646133],[131.592544,34.646133],[131.592619,34.646016],[131.592581,34.645749],[131.592681,34.645616],[131.592731,34.645658],[131.592881,34.645708],[131.593006,34.645841],[131.593019,34.646024],[131.593144,34.646133],[131.593269,34.646183],[131.593294,34.646224],[131.593419,34.646274],[131.593669,34.646233],[131.594044,34.646274],[131.594119,34.646258],[131.594456,34.646033],[131.594656,34.646033],[131.594931,34.646083],[131.595306,34.646041],[131.595456,34.646083],[131.596156,34.646674],[131.596194,34.647033],[131.596069,34.647283],[131.596044,34.647466],[131.596119,34.647666],[131.596219,34.647783],[131.596244,34.647916],[131.596131,34.648232],[131.596131,34.648391],[131.596181,34.648457],[131.596306,34.648482],[131.596456,34.648416],[131.596669,34.648258],[131.596794,34.648233],[131.597118,34.648324],[131.597343,34.648466],[131.597731,34.649457],[131.597593,34.651057],[131.597493,34.651307],[131.597231,34.651732],[131.597181,34.651941],[131.597181,34.65214],[131.597106,34.652365],[131.597143,34.652815],[131.597218,34.652949],[131.597518,34.653315],[131.597968,34.653524],[131.597968,34.653724],[131.598393,34.653815],[131.598568,34.653974],[131.598643,34.654132],[131.598968,34.654315],[131.599143,34.654499],[131.599356,34.65484],[131.599531,34.654974],[131.599643,34.656332],[131.599443,34.656823],[131.599418,34.657165],[131.599443,34.657432],[131.599381,34.65759],[131.599431,34.657773],[131.599556,34.657932],[131.599606,34.657932],[131.599831,34.65809],[131.600031,34.65809],[131.600156,34.658048],[131.600581,34.658115],[131.60088,34.658207],[131.601555,34.658573],[131.601955,34.65889],[131.602105,34.65919],[131.602155,34.659365],[131.60213,34.659482],[131.601843,34.659748],[131.601793,34.659973],[131.601893,34.660223],[131.602068,34.660406],[131.602118,34.660406],[131.602468,34.660631],[131.602818,34.660748],[131.603693,34.660981],[131.603843,34.661115],[131.603868,34.661456],[131.60378,34.661706],[131.603655,34.661856],[131.603805,34.662106],[131.60413,34.662181],[131.60418,34.662273],[131.60448,34.662406],[131.604705,34.662456],[131.605105,34.66259],[131.605305,34.662573],[131.60538,34.662348],[131.605355,34.662123],[131.60538,34.662056],[131.605942,34.662015],[131.606742,34.66179],[131.606867,34.66179],[131.607692,34.662206],[131.607942,34.662473],[131.608267,34.662748],[131.608567,34.662748],[131.608817,34.662706],[131.608992,34.662731],[131.609192,34.662823],[131.609442,34.663031],[131.609517,34.66319],[131.609455,34.663498],[131.609505,34.663706],[131.609705,34.663748],[131.61028,34.663731],[131.610555,34.663848],[131.610705,34.664073],[131.610705,34.664231],[131.610605,34.66439],[131.61068,34.664615],[131.610805,34.664748],[131.611129,34.664956],[131.611379,34.665048],[131.611479,34.66514],[131.611517,34.665248],[131.611517,34.665481],[131.611592,34.665614],[131.611842,34.665889],[131.612117,34.665998],[131.612242,34.666114],[131.612417,34.666456],[131.612617,34.666498],[131.612692,34.666498],[131.612642,34.666639],[131.612542,34.666723],[131.612542,34.666814],[131.612754,34.667039],[131.612929,34.667089],[131.613042,34.667023],[131.613217,34.666731],[131.613242,34.666573],[131.613317,34.666506],[131.613817,34.666506],[131.613942,34.666464],[131.614017,34.666214],[131.614054,34.665923],[131.614229,34.665515],[131.614579,34.665298],[131.614804,34.665098],[131.615117,34.664598],[131.615192,34.664531],[131.615442,34.664423],[131.616267,34.664381],[131.616467,34.664431],[131.616717,34.664631],[131.616792,34.66479],[131.616767,34.664931],[131.616792,34.665081],[131.617066,34.665331],[131.617241,34.665406],[131.617641,34.665381],[131.617691,34.66534],[131.617741,34.665181],[131.617716,34.665023],[131.617791,34.664706],[131.618066,34.664715],[131.618679,34.664448],[131.618804,34.664423],[131.618979,34.664465],[131.619029,34.664198],[131.619304,34.664223],[131.619429,34.66384],[131.619854,34.663665],[131.620254,34.663532],[131.620566,34.663465],[131.620766,34.663465],[131.621091,34.663515],[131.621641,34.663657],[131.621741,34.66374],[131.621716,34.66379],[131.621829,34.664132],[131.622543,34.664356],[131.622879,34.66474],[131.622991,34.664906],[131.623116,34.665023],[131.623204,34.665023],[131.623303,34.66499],[131.623778,34.664765],[131.623991,34.664357],[131.624316,34.664007],[131.624441,34.66394],[131.624741,34.664057],[131.624991,34.66429],[131.625141,34.664573],[131.625266,34.664607],[131.625491,34.66449],[131.625578,34.664507],[131.625691,34.664615],[131.625641,34.664873],[131.625653,34.665015],[131.625891,34.66509],[131.626878,34.665315],[131.627166,34.665481],[131.627416,34.665481],[131.627716,34.665348],[131.627828,34.665373],[131.628041,34.665506],[131.628166,34.665556],[131.628266,34.665523],[131.628291,34.66554],[131.629078,34.665307],[131.62924,34.665282],[131.62939,34.66534],[131.62954,34.665215],[131.629528,34.665057],[131.629453,34.664982],[131.629478,34.664823],[131.630028,34.664248],[131.630115,34.663932],[131.630253,34.663823],[131.630365,34.663648],[131.630365,34.663507],[131.630265,34.663407],[131.630365,34.66329],[131.630753,34.663123],[131.631078,34.663282],[131.631503,34.663373],[131.631778,34.66354],[131.631903,34.663673],[131.63259,34.663823],[131.63269,34.663865],[131.632765,34.663998],[131.633003,34.664332],[131.63314,34.664365],[131.63319,34.66434],[131.633278,34.664365],[131.63329,34.664532],[131.633428,34.664573],[131.633928,34.664507],[131.634253,34.664523],[131.634615,34.66444],[131.634728,34.664307],[131.634728,34.664123],[131.63464,34.664015],[131.634628,34.663898],[131.634753,34.66379],[131.634965,34.663524],[131.634978,34.663374],[131.635128,34.663257],[131.635028,34.663124],[131.634865,34.663015],[131.63484,34.662915],[131.634903,34.662632],[131.635015,34.662599],[131.635565,34.662765],[131.635778,34.662757],[131.635803,34.662574],[131.635728,34.662474],[131.635865,34.662415],[131.636003,34.662449],[131.636177,34.66254],[131.636452,34.662307],[131.636502,34.66214],[131.63644,34.661965],[131.63664,34.661874],[131.637527,34.661699],[131.637615,34.661632],[131.637577,34.66124],[131.637677,34.66124],[131.63784,34.661307],[131.637852,34.661449],[131.637777,34.661582],[131.63784,34.66169],[131.638115,34.66174],[131.638327,34.661732],[131.638465,34.661632],[131.638665,34.661632],[131.638852,34.661432],[131.639002,34.661416],[131.639165,34.661549],[131.639327,34.661607],[131.639515,34.661632],[131.639565,34.661699],[131.639815,34.66169],[131.639902,34.661724],[131.640027,34.661607],[131.640052,34.661441],[131.63979,34.661207],[131.640027,34.661149],[131.640302,34.661174],[131.640477,34.661257],[131.640652,34.661174],[131.64079,34.661032],[131.640902,34.660516],[131.641102,34.660099],[131.641027,34.660024],[131.641077,34.659874],[131.641352,34.659907],[131.641502,34.659874],[131.641665,34.659707],[131.641815,34.659457],[131.642052,34.659357],[131.642152,34.659249],[131.642152,34.659066],[131.642377,34.658999],[131.642465,34.658624],[131.642415,34.658399],[131.64219,34.657999],[131.642052,34.657608],[131.64174,34.657341],[131.641765,34.657224],[131.64184,34.657116],[131.641602,34.656791],[131.64149,34.656533],[131.641515,34.656391],[131.641477,34.656091],[131.64169,34.656008],[131.641952,34.655975],[131.642202,34.655983],[131.642402,34.65615],[131.642527,34.656308],[131.642727,34.656366],[131.64304,34.656366],[131.643165,34.656275],[131.643402,34.656233],[131.643552,34.65595],[131.643752,34.655841],[131.64379,34.655691],[131.643727,34.6553],[131.64359,34.655091],[131.64334,34.654891],[131.643165,34.654825],[131.64314,34.654641],[131.64304,34.6545],[131.643002,34.654191],[131.64314,34.653775],[131.64309,34.653425],[131.642977,34.653225],[131.642702,34.653],[131.642527,34.652908],[131.642402,34.652942],[131.64224,34.653117],[131.641602,34.653],[131.641427,34.652908],[131.641065,34.652392],[131.64094,34.6523],[131.640952,34.652167],[131.640877,34.651942],[131.640702,34.651875],[131.64039,34.651808],[131.640327,34.651717],[131.64034,34.651325],[131.64009,34.651167],[131.64009,34.65105],[131.640315,34.650917],[131.640328,34.650842],[131.640228,34.650658],[131.640303,34.650467],[131.640878,34.65005],[131.64109,34.649592],[131.64084,34.6495],[131.64019,34.64935],[131.63984,34.649184],[131.639703,34.649042],[131.639665,34.648825],[131.639715,34.6487],[131.64019,34.648409],[131.640515,34.648117],[131.64059,34.647867],[131.640515,34.647684],[131.640365,34.647517],[131.640103,34.647359],[131.639153,34.646992],[131.638428,34.646867],[131.638215,34.646775],[131.638153,34.646609],[131.63824,34.646209],[131.638428,34.645851],[131.638603,34.645726],[131.63889,34.645692],[131.63959,34.645876],[131.640065,34.645884],[131.640203,34.645834],[131.64029,34.645742],[131.640553,34.645717],[131.640503,34.645526],[131.639878,34.645117],[131.639928,34.645001],[131.640078,34.644892],[131.640353,34.644859],[131.64104,34.645226],[131.641665,34.645159],[131.641865,34.645034],[131.641903,34.644884],[131.642028,34.644851],[131.642253,34.644851],[131.642665,34.644776],[131.64319,34.644551],[131.643915,34.644293],[131.644127,34.643984],[131.644227,34.643634],[131.644402,34.643393],[131.64444,34.643176],[131.644402,34.642959],[131.644515,34.642285],[131.644465,34.642168],[131.64429,34.64196],[131.644178,34.641735],[131.644078,34.64161],[131.644365,34.641385],[131.643878,34.640885],[131.644278,34.64061],[131.644453,34.640701],[131.644877,34.641085],[131.645002,34.641468],[131.64554,34.641401],[131.64544,34.640885],[131.64699,34.640543],[131.647365,34.641093],[131.64769,34.640976],[131.647477,34.640568],[131.647952,34.640851],[131.64824,34.640918],[131.648852,34.640943],[131.649577,34.640893],[131.649915,34.640818],[131.650027,34.640993],[131.650589,34.640877],[131.650352,34.641068],[131.649965,34.641251],[131.649652,34.641335],[131.64874,34.641493],[131.648552,34.641568],[131.648127,34.641876],[131.647927,34.642118],[131.64779,34.64236],[131.648077,34.64266],[131.647952,34.642776],[131.64829,34.643235],[131.648527,34.643135],[131.649377,34.644943],[131.649564,34.645051],[131.649602,34.644901],[131.649889,34.644376],[131.650052,34.644043],[131.650227,34.643901],[131.650552,34.643751],[131.650902,34.643651],[131.650977,34.643776],[131.650914,34.643959],[131.650577,34.644309],[131.650477,34.644493],[131.650339,34.644926],[131.650314,34.645134],[131.650339,34.645318],[131.650577,34.645501],[131.651027,34.645668],[131.651227,34.646109],[131.652002,34.646351],[131.652039,34.646434],[131.651752,34.646534],[131.651289,34.646526],[131.651002,34.646418],[131.650702,34.646176],[131.650577,34.646051],[131.650339,34.646043],[131.650039,34.646218],[131.649927,34.646351],[131.649927,34.646951],[131.649839,34.647026],[131.649602,34.647084],[131.648927,34.647051],[131.648602,34.646992],[131.647989,34.646792],[131.64774,34.646759],[131.646615,34.646809],[131.646302,34.647026],[131.646152,34.647209],[131.646027,34.647301],[131.645915,34.647284],[131.645677,34.647092],[131.64544,34.647059],[131.64519,34.647092],[131.645002,34.647226],[131.644877,34.647451],[131.64484,34.647692],[131.64469,34.647784],[131.644627,34.647859],[131.644565,34.6482],[131.644465,34.648317],[131.644415,34.648759],[131.644302,34.649084],[131.644352,34.649759],[131.644565,34.650234],[131.64474,34.650525],[131.644715,34.650692],[131.64479,34.650867],[131.64514,34.65125],[131.645277,34.651525],[131.64529,34.651683],[131.645477,34.651817],[131.645415,34.652358],[131.645502,34.652608],[131.645764,34.653033],[131.646002,34.653183],[131.646114,34.653208],[131.646239,34.653308],[131.646327,34.653275],[131.646364,34.653192],[131.646327,34.652983],[131.646352,34.652425],[131.646414,34.652117],[131.646577,34.652167],[131.646664,34.652317],[131.646777,34.652667],[131.646989,34.652767],[131.647227,34.652833],[131.647427,34.652933],[131.647914,34.653017],[131.648277,34.653175],[131.648464,34.653208],[131.648639,34.653275],[131.648752,34.653283],[131.649189,34.653142],[131.649402,34.653117],[131.649602,34.653158],[131.649752,34.653242],[131.649927,34.653125],[131.650064,34.653008],[131.650227,34.653092],[131.650427,34.653375],[131.650652,34.6535],[131.650889,34.653692],[131.650989,34.65365],[131.651039,34.653492],[131.651389,34.653433],[131.651551,34.653342],[131.651676,34.653333],[131.651789,34.653492],[131.651826,34.6537],[131.651889,34.653817],[131.651976,34.653875],[131.652151,34.653775],[131.652276,34.65355],[131.652414,34.653425],[131.652939,34.653583],[131.652926,34.653725],[131.652864,34.653842],[131.652889,34.653967],[131.652989,34.653983],[131.653251,34.65385],[131.653376,34.653817],[131.653651,34.654225],[131.653751,34.654275],[131.653989,34.654108],[131.654164,34.653933],[131.654114,34.653683],[131.654176,34.653742],[131.654351,34.653775],[131.654326,34.653742],[131.654401,34.653625],[131.654551,34.653492],[131.654789,34.653458],[131.654964,34.653392],[131.655126,34.653292],[131.655464,34.65345],[131.655351,34.653525],[131.655201,34.653567],[131.655164,34.65375],[131.655189,34.653983],[131.655276,34.654192],[131.655389,34.654192],[131.655439,34.654133],[131.655464,34.653908],[131.655564,34.653908],[131.655639,34.654008],[131.655739,34.654042],[131.655764,34.654108],[131.655889,34.654158],[131.656188,34.654108],[131.656213,34.654258],[131.656163,34.654358],[131.656163,34.654492],[131.656326,34.654483],[131.656338,34.654583],[131.656238,34.6547],[131.656226,34.654833],[131.656338,34.654833],[131.656438,34.654783],[131.656526,34.6548],[131.656526,34.654933],[131.656388,34.655233],[131.656288,34.655342],[131.656151,34.655408],[131.656001,34.655808],[131.655651,34.656025],[131.655239,34.656183],[131.655089,34.656216],[131.655039,34.656375],[131.655189,34.656416],[131.655313,34.656658],[131.655401,34.657225],[131.655538,34.657375],[131.655726,34.657466],[131.655963,34.657783],[131.656201,34.657591],[131.656426,34.656775],[131.656588,34.65645],[131.656788,34.656366],[131.657363,34.65625],[131.657801,34.656083],[131.657826,34.656225],[131.657776,34.656375],[131.657813,34.656466],[131.657876,34.656475],[131.658251,34.656333],[131.658438,34.6563],[131.658651,34.656341],[131.658901,34.656117],[131.659126,34.656058],[131.659263,34.656083],[131.659251,34.656216],[131.659338,34.656375],[131.659476,34.656441],[131.659613,34.6564],[131.659663,34.656183],[131.659663,34.656017],[131.659526,34.65585],[131.659726,34.655675],[131.659851,34.655467],[131.659913,34.655192],[131.660051,34.654992],[131.660213,34.654867],[131.660351,34.654842],[131.660526,34.655092],[131.660651,34.655142],[131.660788,34.655092],[131.660826,34.654992],[131.660788,34.6547],[131.660851,34.654667],[131.661188,34.65465],[131.661375,34.65515],[131.661425,34.6554],[131.661525,34.655542],[131.661875,34.655642],[131.662038,34.655733],[131.662288,34.655692],[131.662763,34.655467],[131.662838,34.655408],[131.663013,34.65535],[131.663263,34.655375],[131.663488,34.655467],[131.664225,34.655992],[131.664488,34.656292],[131.664913,34.656208],[131.664925,34.65675],[131.664775,34.657008],[131.6643,34.656941],[131.664038,34.656983],[131.663975,34.6572],[131.6641,34.6573],[131.664225,34.657525],[131.66475,34.657608],[131.66475,34.65775],[131.664463,34.657908],[131.66445,34.658033],[131.66455,34.658091],[131.664625,34.658075],[131.664763,34.658108],[131.66475,34.6583],[131.664475,34.658525],[131.664175,34.65855],[131.664075,34.65865],[131.664113,34.658741],[131.664325,34.658841],[131.664663,34.658958],[131.66485,34.659308],[131.665188,34.659608],[131.665275,34.659608],[131.6655,34.6595],[131.665662,34.659516],[131.665787,34.659866],[131.666375,34.660124],[131.666637,34.660283],[131.666725,34.660299],[131.666875,34.660141],[131.667012,34.660191],[131.667137,34.660191],[131.667225,34.660141],[131.667175,34.659983],[131.667425,34.6599],[131.6675,34.65985],[131.667725,34.659983],[131.668337,34.659766],[131.668537,34.659991],[131.668775,34.66005],[131.669012,34.660025],[131.6691,34.659925],[131.669125,34.6597],[131.669187,34.659641],[131.669312,34.659641],[131.669487,34.659866],[131.6697,34.659916],[131.669875,34.65985],[131.670062,34.659675],[131.670375,34.659758],[131.670462,34.659916],[131.670312,34.66015],[131.670375,34.660233],[131.670525,34.660233],[131.670699,34.660274],[131.670912,34.660466],[131.670924,34.660616],[131.670837,34.660699],[131.670787,34.660816],[131.670937,34.660883],[131.671087,34.660849],[131.671199,34.660941],[131.671037,34.661066],[131.670974,34.661174],[131.671049,34.661233],[131.671462,34.661174],[131.671487,34.661174],[131.671387,34.661483],[131.671449,34.661608],[131.671662,34.661716],[131.671687,34.661708],[131.671812,34.661908],[131.671674,34.662091],[131.671649,34.662391],[131.671524,34.662491],[131.671637,34.662808],[131.671824,34.663057],[131.672024,34.663091],[131.672074,34.663199],[131.672062,34.663416],[131.671974,34.663507],[131.671599,34.663666],[131.671349,34.663632],[131.671212,34.663991],[131.671287,34.664132],[131.671574,34.664082],[131.671662,34.664382],[131.671962,34.664932],[131.672187,34.665074],[131.672212,34.665107],[131.672349,34.665107],[131.672499,34.665057],[131.672974,34.664557],[131.673462,34.664241],[131.673837,34.664124],[131.674112,34.664141],[131.674624,34.664316],[131.674787,34.664474],[131.674912,34.664657],[131.674949,34.664816],[131.674837,34.665199],[131.674924,34.665299],[131.674974,34.665407],[131.674912,34.665532],[131.674624,34.665691],[131.674037,34.665757],[131.673599,34.665874],[131.673237,34.66614],[131.672874,34.666199],[131.673024,34.666457],[131.672924,34.666699],[131.672974,34.66714],[131.672824,34.667224],[131.672924,34.667357],[131.673137,34.667557],[131.672999,34.667782],[131.672849,34.667874],[131.672487,34.667882],[131.672162,34.667815],[131.671662,34.667682],[131.671274,34.667624],[131.670987,34.667632],[131.670824,34.667674],[131.670687,34.667915],[131.670712,34.668015],[131.671037,34.668232],[131.671087,34.668299],[131.671024,34.668324],[131.670849,34.668515],[131.670737,34.668723],[131.670337,34.669057],[131.670262,34.669173],[131.670249,34.669507],[131.670299,34.669665],[131.670437,34.669798],[131.670549,34.669865],[131.670624,34.670073],[131.670624,34.670232],[131.670474,34.67034],[131.670449,34.670273],[131.670249,34.67014],[131.669974,34.670023],[131.669749,34.670048],[131.669499,34.670132],[131.669324,34.670173],[131.669324,34.670248],[131.669174,34.670423],[131.669062,34.67069],[131.668737,34.670981],[131.668287,34.671498],[131.668212,34.671615],[131.668062,34.671631],[131.667837,34.671498],[131.667925,34.67199],[131.668074,34.672131],[131.668199,34.672106],[131.668274,34.671973],[131.668399,34.672131],[131.668299,34.672248],[131.668174,34.672315],[131.668049,34.672581],[131.667937,34.673031],[131.668012,34.673306],[131.668187,34.673548],[131.667837,34.673706],[131.667662,34.673823],[131.667587,34.674023],[131.667462,34.674114],[131.667524,34.674356],[131.667699,34.674448],[131.667674,34.674564],[131.667749,34.674764],[131.667799,34.675081],[131.667774,34.675264],[131.667549,34.675373],[131.667587,34.675623],[131.667812,34.675714],[131.667937,34.676056],[131.668112,34.675939],[131.668237,34.675789],[131.668337,34.675831],[131.668487,34.676123],[131.668687,34.676331],[131.669087,34.676673],[131.669312,34.676806],[131.669712,34.676381],[131.669762,34.676431],[131.669762,34.676589],[131.669712,34.676656],[131.669762,34.676764],[131.669887,34.676764],[131.669962,34.676764],[131.670087,34.676856],[131.670237,34.676839],[131.670437,34.676639],[131.670762,34.676506],[131.670812,34.676439],[131.670837,34.676548],[131.670812,34.676748],[131.670862,34.676889],[131.670937,34.676889],[131.671162,34.676464],[131.671337,34.676506],[131.671487,34.676689],[131.671537,34.676956],[131.671637,34.676806],[131.671687,34.676806],[131.671787,34.676939],[131.671912,34.677006],[131.672212,34.676989],[131.672512,34.676923],[131.672587,34.676764],[131.672799,34.676739],[131.672899,34.676656],[131.672774,34.676473],[131.672774,34.676339],[131.673049,34.676223],[131.672874,34.675956],[131.672824,34.675798],[131.673224,34.675823],[131.672999,34.675456],[131.672837,34.675348],[131.672712,34.675189],[131.672812,34.674981],[131.672612,34.674648],[131.672687,34.674573],[131.672462,34.674031],[131.672499,34.673673],[131.672449,34.67354],[131.672749,34.673406],[131.672824,34.673406],[131.673024,34.67334],[131.673324,34.673315],[131.673574,34.673365],[131.674374,34.673598],[131.674674,34.673598],[131.674924,34.673581],[131.675049,34.673673],[131.675174,34.673606],[131.675199,34.673423],[131.675249,34.673381],[131.675424,34.673356],[131.675574,34.67354],[131.675974,34.67359],[131.676349,34.673523],[131.676711,34.673406],[131.676886,34.673273],[131.677161,34.67314],[131.677261,34.673348],[131.676999,34.673906],[131.676874,34.674131],[131.676799,34.674539],[131.676999,34.674923],[131.677299,34.675014],[131.677399,34.674923],[131.677449,34.675039],[131.677411,34.675156],[131.677561,34.675398],[131.677336,34.675514],[131.677361,34.675673],[131.677586,34.675806],[131.678186,34.676081],[131.678561,34.676156],[131.678911,34.676131],[131.679136,34.676406],[131.679286,34.676431],[131.679361,34.676589],[131.679536,34.676431],[131.679586,34.676431],[131.679736,34.676323],[131.679886,34.675956],[131.679886,34.675714],[131.679823,34.675489],[131.679449,34.675056],[131.679549,34.674939],[131.679624,34.674648],[131.679724,34.674581],[131.679923,34.674631],[131.680298,34.674814],[131.680373,34.674881],[131.680723,34.675064],[131.681098,34.675039],[131.681373,34.674823],[131.681473,34.674798],[131.681723,34.674823],[131.681648,34.675298],[131.681748,34.675456],[131.681898,34.675498],[131.682148,34.676048],[131.682273,34.675864],[131.682348,34.675298],[131.683086,34.674923],[131.683286,34.674989],[131.683536,34.67484],[131.683836,34.674748],[131.684386,34.674798],[131.684761,34.674931],[131.685111,34.675298],[131.685248,34.675573],[131.685448,34.675823],[131.685598,34.675956],[131.685398,34.676223],[131.685223,34.676656],[131.685386,34.677148],[131.685111,34.677623],[131.685261,34.677664],[131.685486,34.677556],[131.685561,34.677739],[131.685886,34.677806],[131.685811,34.677556],[131.685886,34.677514],[131.686086,34.677648],[131.68656,34.677498],[131.686785,34.677248],[131.687285,34.677273],[131.68796,34.677689],[131.688335,34.677939],[131.68871,34.678531],[131.68891,34.678731],[131.689185,34.678872],[131.689385,34.678914],[131.689435,34.679006],[131.689173,34.679256],[131.689148,34.679456],[131.689223,34.679706],[131.689398,34.679906],[131.689673,34.680064],[131.68996,34.680722],[131.689835,34.680856],[131.68976,34.680906],[131.690085,34.680997],[131.690335,34.681247],[131.69051,34.681089],[131.69061,34.681022]]],"type":"Polygon"},"properties":{"id":"G56001","kuni":"長門","kuni_url":"/kg/resource/K56.html","id_url":"G56001.html","kuni_id":"K56","pref":"山口県","name":"阿武","yomi":"あむ"},"type":"Feature"}]}