{"features":[{"type":"Feature","properties":{"name":"北牟婁","yomi":"きたむろ","kuni_id":"K57","pref":"三重県","kuni_url":"/kg/resource/K57.html","id_url":"G57009.html","id":"G57009","kuni":"紀伊"},"geometry":{"type":"Polygon","coordinates":[[[136.269857,34.27425],[136.270557,34.2742],[136.270857,34.274025],[136.270907,34.273867],[136.271457,34.27305],[136.271869,34.272667],[136.272194,34.272425],[136.272706,34.272108],[136.273931,34.27175],[136.274469,34.271683],[136.275019,34.271658],[136.275369,34.271708],[136.276781,34.272717],[136.277756,34.273175],[136.278193,34.273267],[136.278431,34.273217],[136.278918,34.273042],[136.279281,34.27275],[136.279468,34.272517],[136.279543,34.272292],[136.279843,34.272184],[136.280231,34.272367],[136.280768,34.272525],[136.281281,34.272525],[136.282643,34.272434],[136.284493,34.272209],[136.284705,34.272209],[136.28533,34.2721],[136.286068,34.271917],[136.286855,34.2716],[136.287642,34.2716],[136.28813,34.271692],[136.28843,34.271692],[136.288692,34.271359],[136.288967,34.270909],[136.289292,34.270726],[136.289542,34.270634],[136.290542,34.270409],[136.29103,34.270342],[136.291467,34.270184],[136.291817,34.269959],[136.292742,34.269284],[136.293017,34.268926],[136.293342,34.268343],[136.293454,34.268276],[136.293992,34.268209],[136.294317,34.267934],[136.294617,34.267618],[136.295029,34.267351],[136.295542,34.267218],[136.296417,34.267151],[136.296767,34.267059],[136.296904,34.266834],[136.296929,34.266718],[136.296904,34.266384],[136.297392,34.265568],[136.297667,34.264785],[136.297804,34.26451],[136.299129,34.263501],[136.299591,34.262935],[136.299729,34.262685],[136.299679,34.262577],[136.299079,34.26221],[136.298542,34.261943],[136.297829,34.261285],[136.297529,34.260743],[136.297129,34.260335],[136.296667,34.260227],[136.296117,34.259952],[136.295879,34.259618],[136.295929,34.259143],[136.296092,34.258419],[136.295604,34.257402],[136.295717,34.257085],[136.295967,34.25686],[136.296967,34.256502],[136.297679,34.255735],[136.297729,34.255444],[136.297867,34.255061],[136.298192,34.254794],[136.298567,34.254569],[136.299229,34.254277],[136.299392,34.254069],[136.299417,34.253594],[136.299467,34.253461],[136.299604,34.253319],[136.299392,34.253244],[136.299367,34.252794],[136.299592,34.252144],[136.299854,34.251694],[136.300492,34.251294],[136.300954,34.251136],[136.301654,34.250603],[136.301879,34.250536],[136.302392,34.250511],[136.302992,34.250694],[136.303417,34.250795],[136.303779,34.250678],[136.303967,34.25037],[136.304104,34.250253],[136.304979,34.25017],[136.305379,34.24992],[136.305442,34.249786],[136.305717,34.249561],[136.306229,34.249253],[136.306454,34.248528],[136.306667,34.248195],[136.306867,34.247745],[136.307167,34.247545],[136.308167,34.24717],[136.308367,34.24712],[136.308792,34.246878],[136.309367,34.246495],[136.309367,34.246337],[136.308942,34.246003],[136.308754,34.245687],[136.308829,34.24512],[136.309104,34.245145],[136.309592,34.245054],[136.309904,34.244495],[136.310117,34.24427],[136.310304,34.243979],[136.310392,34.243645],[136.310667,34.24337],[136.310804,34.243304],[136.311267,34.24317],[136.311454,34.243087],[136.311842,34.242746],[136.312217,34.242596],[136.313441,34.242804],[136.314579,34.242896],[136.315341,34.242862],[136.316429,34.242912],[136.316554,34.242887],[136.316554,34.242912],[136.316666,34.242937],[136.317179,34.243254],[136.318179,34.243329],[136.319541,34.243262],[136.320191,34.243379],[136.320878,34.242871],[136.321316,34.242779],[136.321766,34.243004],[136.322203,34.242963],[136.322641,34.242988],[136.323566,34.243246],[136.324316,34.243629],[136.324828,34.243562],[136.325403,34.243188],[136.325866,34.243254],[136.326728,34.243529],[136.327165,34.243446],[136.327628,34.243171],[136.328665,34.242771],[136.328803,34.242754],[136.329665,34.242754],[136.329803,34.242671],[136.330353,34.242513],[136.330978,34.242429],[136.331378,34.242179],[136.332153,34.241488],[136.332478,34.241621],[136.33334,34.241671],[136.333777,34.241655],[136.334165,34.241163],[136.334327,34.241046],[136.334865,34.24083],[136.335552,34.240472],[136.336927,34.240322],[136.337477,34.240438],[136.337827,34.240547],[136.33799,34.24053],[136.338339,34.240572],[136.339552,34.241572],[136.340152,34.241755],[136.340239,34.24203],[136.340152,34.242163],[136.340039,34.242496],[136.340089,34.242613],[136.340714,34.24338],[136.340852,34.243455],[136.341364,34.243588],[136.341902,34.243796],[136.342289,34.244021],[136.342826,34.244413],[136.343151,34.244413],[136.343501,34.244321],[136.344014,34.244305],[136.344726,34.24433],[136.345101,34.244196],[136.345676,34.244113],[136.346001,34.243997],[136.346689,34.24328],[136.346939,34.242897],[136.347013,34.242447],[136.347026,34.241839],[136.347076,34.241755],[136.347513,34.241622],[136.347838,34.241305],[136.348213,34.24108],[136.348651,34.240997],[136.349163,34.240972],[136.349463,34.240864],[136.349826,34.240614],[136.350288,34.240506],[136.350851,34.240689],[136.351313,34.240964],[136.3515,34.240964],[136.352075,34.240856],[136.352675,34.240681],[136.352913,34.240481],[136.353438,34.240639],[136.353563,34.240639],[136.354225,34.240506],[136.354688,34.240506],[136.355063,34.240447],[136.355438,34.240264],[136.355938,34.240248],[136.356612,34.240381],[136.356912,34.240206],[136.356937,34.239798],[136.356912,34.239398],[136.357075,34.239056],[136.357187,34.238923],[136.357275,34.238656],[136.357512,34.238315],[136.357712,34.237956],[136.357937,34.236765],[136.358612,34.236115],[136.358837,34.235773],[136.359,34.235173],[136.35965,34.234948],[136.359762,34.234565],[136.360175,34.233982],[136.360587,34.233149],[136.3614,34.232524],[136.361575,34.231716],[136.361737,34.231282],[136.361987,34.230832],[136.3621,34.230699],[136.362475,34.230432],[136.362587,34.230416],[136.363012,34.230482],[136.36335,34.230391],[136.36345,34.230258],[136.363775,34.230083],[136.364112,34.229741],[136.364649,34.229383],[136.365337,34.229191],[136.365824,34.229124],[136.366249,34.229033],[136.366449,34.229241],[136.366474,34.229333],[136.366687,34.229558],[136.367174,34.229716],[136.367474,34.229649],[136.367824,34.229699],[136.368174,34.229991],[136.368424,34.230308],[136.368687,34.230491],[136.369174,34.230924],[136.369611,34.230991],[136.369774,34.230991],[136.370124,34.231083],[136.370449,34.231491],[136.370686,34.231649],[136.370736,34.232191],[136.370874,34.232482],[136.371086,34.232732],[136.371149,34.233007],[136.370949,34.233616],[136.370974,34.233949],[136.370924,34.234174],[136.370724,34.23449],[136.370699,34.234649],[136.370424,34.23514],[136.370449,34.235324],[136.370649,34.23539],[136.371811,34.236049],[136.372133,34.236168],[136.372348,34.236265],[136.372598,34.236507],[136.372873,34.23689],[136.372986,34.237448],[136.373236,34.237757],[136.374061,34.238607],[136.374248,34.238923],[136.374398,34.239573],[136.374473,34.23964],[136.375785,34.240056],[136.375998,34.240256],[136.376035,34.240348],[136.376335,34.240681],[136.377073,34.241081],[136.37756,34.241848],[136.37786,34.24209],[136.378573,34.242531],[136.37866,34.242623],[136.378935,34.243298],[136.379485,34.243656],[136.379622,34.243789],[136.379872,34.244148],[136.38066,34.245039],[136.381022,34.245481],[136.381297,34.246023],[136.38171,34.246622],[136.382147,34.247114],[136.382584,34.247522],[136.382997,34.247631],[136.383184,34.247631],[136.383459,34.247406],[136.383809,34.247264],[136.384572,34.247597],[136.385409,34.247522],[136.385609,34.247681],[136.385659,34.248039],[136.385672,34.248531],[136.385722,34.248847],[136.385922,34.249231],[136.386034,34.249522],[136.386033,34.249524],[136.386898,34.250537],[136.389117,34.252619],[136.391909,34.255069],[136.395153,34.257557],[136.396925,34.258546],[136.398702,34.259188],[136.401344,34.259653],[136.408041,34.259653],[136.411516,34.259784],[136.413392,34.259784],[136.41448,34.258242],[136.415856,34.253719],[136.417456,34.250574],[136.417681,34.250207],[136.418106,34.249757],[136.418344,34.249282],[136.418831,34.248749],[136.419181,34.248449],[136.419368,34.248091],[136.419606,34.247191],[136.419569,34.246832],[136.419456,34.246432],[136.419244,34.246049],[136.419106,34.245649],[136.419069,34.245241],[136.418956,34.244774],[136.418631,34.244433],[136.418031,34.243949],[136.417831,34.243474],[136.417532,34.243166],[136.417332,34.242691],[136.417007,34.242383],[136.416957,34.242266],[136.416894,34.241841],[136.416994,34.241008],[136.416857,34.24045],[136.416957,34.240025],[136.416869,34.239416],[136.416594,34.238858],[136.416532,34.238342],[136.416744,34.23785],[136.416882,34.237733],[136.417232,34.237692],[136.417694,34.23755],[136.417807,34.237458],[136.417994,34.237142],[136.418044,34.236475],[136.418257,34.236025],[136.418282,34.235867],[136.418194,34.234942],[136.418319,34.234492],[136.418407,34.234359],[136.418669,34.234184],[136.419157,34.233951],[136.419507,34.233884],[136.419944,34.233701],[136.420457,34.233184],[136.420719,34.232484],[136.420632,34.231968],[136.420657,34.231859],[136.420544,34.230693],[136.420557,34.229768],[136.420745,34.229143],[136.421307,34.228043],[136.42147,34.227568],[136.42192,34.226643],[136.42257,34.225943],[136.422994,34.225627],[136.424132,34.22511],[136.424319,34.224569],[136.424507,34.224185],[136.425019,34.223735],[136.425607,34.223369],[136.426257,34.223077],[136.426882,34.222936],[136.427507,34.222869],[136.428044,34.222569],[136.428456,34.222252],[136.429069,34.221244],[136.429794,34.220611],[136.430231,34.220336],[136.430794,34.219728],[136.430331,34.219803],[136.430169,34.219778],[136.429594,34.219536],[136.428394,34.218911],[136.427682,34.218086],[136.427457,34.217703],[136.427382,34.217303],[136.427394,34.216695],[136.427619,34.216403],[136.427694,34.216178],[136.427807,34.216153],[136.428019,34.215978],[136.428232,34.215595],[136.428282,34.21492],[136.428357,34.21467],[136.428682,34.21442],[136.428894,34.214195],[136.428944,34.213953],[136.428782,34.213862],[136.428107,34.213753],[136.427594,34.213712],[136.427157,34.213753],[136.426645,34.21392],[136.426182,34.21432],[136.425995,34.214528],[136.425782,34.214553],[136.425282,34.214211],[136.42452,34.21357],[136.423995,34.213303],[136.423433,34.213328],[136.423245,34.213395],[136.423158,34.21337],[136.422883,34.213395],[136.42292,34.21362],[136.423158,34.213911],[136.423295,34.214178],[136.423108,34.214453],[136.422845,34.21452],[136.422658,34.21452],[136.422245,34.214661],[136.421808,34.214861],[136.421645,34.214861],[136.42122,34.214795],[136.420258,34.214153],[136.419983,34.213861],[136.419846,34.213545],[136.419296,34.213103],[136.419021,34.21272],[136.419158,34.212628],[136.419296,34.212586],[136.419533,34.212311],[136.419508,34.211953],[136.418896,34.211378],[136.418658,34.211353],[136.418608,34.211403],[136.418433,34.21142],[136.418246,34.211203],[136.418133,34.21122],[136.418058,34.21147],[136.418196,34.211736],[136.418558,34.212278],[136.418471,34.212545],[136.418396,34.21257],[136.418346,34.212661],[136.417858,34.212911],[136.417421,34.213403],[136.417346,34.213603],[136.416808,34.21372],[136.416371,34.21357],[136.416034,34.213411],[136.415959,34.213278],[136.416009,34.213011],[136.416146,34.212786],[136.416196,34.212761],[136.416496,34.212128],[136.416484,34.211861],[136.416271,34.211661],[136.416046,34.211686],[136.415646,34.211503],[136.415321,34.211578],[136.415184,34.211711],[136.415321,34.21187],[136.415134,34.211845],[136.414884,34.211736],[136.414796,34.21167],[136.414746,34.211353],[136.414771,34.211128],[136.414359,34.210545],[136.414271,34.210478],[136.414109,34.210595],[136.414109,34.210636],[136.413871,34.210728],[136.413359,34.210753],[136.412972,34.21067],[136.412884,34.21062],[136.412722,34.210245],[136.412672,34.209903],[136.412772,34.209745],[136.412859,34.209703],[136.413047,34.209503],[136.413072,34.209187],[136.412897,34.208195],[136.412834,34.208062],[136.412434,34.207662],[136.411284,34.207803],[136.410772,34.207803],[136.410397,34.207653],[136.409922,34.20732],[136.40966,34.207162],[136.409385,34.206778],[136.409085,34.206712],[136.408997,34.206803],[136.408535,34.206653],[136.408235,34.206628],[136.407997,34.206562],[136.407697,34.206587],[136.406772,34.206728],[136.406547,34.206545],[136.406497,34.206395],[136.40641,34.206395],[136.406222,34.206637],[136.40566,34.206737],[136.405522,34.206737],[136.404872,34.206537],[136.40451,34.206562],[136.403073,34.206545],[136.402698,34.206453],[136.402523,34.206212],[136.402148,34.205828],[136.401185,34.205295],[136.401235,34.204987],[136.401185,34.204962],[136.40086,34.205095],[136.400535,34.205053],[136.400485,34.205078],[136.400148,34.204828],[136.399823,34.204428],[136.399135,34.202928],[136.398961,34.20277],[136.398636,34.202728],[136.398236,34.202803],[136.397798,34.203045],[136.397661,34.203003],[136.397173,34.203003],[136.396711,34.203078],[136.396386,34.203195],[136.396286,34.203195],[136.396011,34.202878],[136.395761,34.20277],[136.395623,34.203012],[136.395798,34.20337],[136.396311,34.203437],[136.396586,34.20357],[136.397161,34.203953],[136.397648,34.20437],[136.398036,34.205045],[136.398198,34.205495],[136.397885,34.206261],[136.39751,34.206953],[136.397023,34.207611],[136.396923,34.207903],[136.396923,34.208236],[136.39706,34.208728],[136.39701,34.209003],[136.39671,34.209453],[136.396335,34.209853],[136.395286,34.210561],[136.394873,34.210761],[136.394336,34.210903],[136.393961,34.211036],[136.393711,34.211086],[136.393311,34.211111],[136.393248,34.211128],[136.393336,34.211353],[136.393036,34.211577],[136.392798,34.211577],[136.392198,34.211694],[136.392311,34.211969],[136.392798,34.212119],[136.393536,34.212294],[136.394111,34.212561],[136.394485,34.212827],[136.394648,34.212894],[136.394873,34.213211],[136.395198,34.213411],[136.39536,34.213477],[136.39561,34.213836],[136.395748,34.214127],[136.395648,34.214369],[136.395698,34.214752],[136.39581,34.214844],[136.39671,34.214952],[136.396823,34.214994],[136.39701,34.215219],[136.397173,34.215527],[136.397235,34.215777],[136.397273,34.21661],[136.39721,34.216877],[136.397273,34.216852],[136.397348,34.216652],[136.398023,34.216652],[136.398423,34.214986],[136.399285,34.214894],[136.399485,34.214819],[136.399398,34.214527],[136.39931,34.213969],[136.399448,34.213861],[136.39971,34.213969],[136.400023,34.214144],[136.400185,34.214144],[136.40096,34.213961],[136.401485,34.213894],[136.40166,34.213169],[136.401997,34.213219],[136.401972,34.214136],[136.401922,34.214402],[136.401385,34.215086],[136.401435,34.215486],[136.40141,34.215686],[136.40126,34.216069],[136.40096,34.216119],[136.400685,34.216052],[136.399922,34.21641],[136.399822,34.21686],[136.399885,34.217044],[136.399935,34.217402],[136.400135,34.218052],[136.400147,34.219102],[136.400172,34.219127],[136.399872,34.21906],[136.39941,34.219018],[136.399435,34.218777],[136.399397,34.218485],[136.399235,34.218394],[136.397585,34.218444],[136.397197,34.218494],[136.396797,34.21861],[136.396635,34.218677],[136.395948,34.217469],[136.392973,34.217077],[136.392773,34.217952],[136.391785,34.218052],[136.391785,34.21816],[136.392098,34.218652],[136.392048,34.21881],[136.391773,34.218993],[136.391498,34.219085],[136.391098,34.219152],[136.390823,34.219135],[136.390498,34.219018],[136.390223,34.219002],[136.390035,34.218802],[136.39006,34.218668],[136.389973,34.21851],[136.389948,34.218352],[136.389836,34.218218],[136.389623,34.218193],[136.389348,34.218285],[136.389098,34.218202],[136.388798,34.217977],[136.388773,34.217885],[136.388823,34.217885],[136.388886,34.217843],[136.388961,34.217552],[136.388686,34.216902],[136.388573,34.216744],[136.388298,34.216544],[136.387923,34.216477],[136.387648,34.216743],[136.387486,34.21686],[136.387211,34.216768],[136.386836,34.216485],[136.386611,34.216435],[136.386286,34.216593],[136.385236,34.216627],[136.384823,34.216602],[136.384548,34.21681],[136.384111,34.21661],[136.383899,34.21636],[136.383699,34.215919],[136.383699,34.21551],[136.383674,34.21531],[136.383749,34.214927],[136.383986,34.21461],[136.384261,34.214435],[136.384374,34.21441],[136.384724,34.214702],[136.385186,34.214719],[136.385649,34.214285],[136.385973,34.214352],[136.386486,34.214352],[136.386486,34.214219],[136.386273,34.214127],[136.386373,34.213952],[136.386211,34.21366],[136.386149,34.213436],[136.385849,34.213036],[136.385474,34.212652],[136.385224,34.212269],[136.385049,34.211936],[136.385049,34.211827],[136.385161,34.211669],[136.385324,34.211552],[136.385374,34.211552],[136.385236,34.211169],[136.385374,34.210969],[136.385336,34.210652],[136.385386,34.210119],[136.385574,34.209869],[136.386286,34.209644],[136.386636,34.209569],[136.386749,34.209503],[136.386986,34.209169],[136.386824,34.208986],[136.386224,34.208494],[136.385861,34.208053],[136.385586,34.208119],[136.385561,34.208294],[136.385599,34.208319],[136.385349,34.208344],[136.384611,34.208144],[136.384311,34.208194],[136.384036,34.208036],[136.383736,34.207769],[136.383549,34.207503],[136.383486,34.207053],[136.383374,34.206869],[136.383187,34.206786],[136.382887,34.206719],[136.382674,34.206611],[136.381824,34.206453],[136.380299,34.205878],[136.379837,34.205728],[136.379424,34.205394],[136.379024,34.205119],[136.378749,34.205036],[136.378437,34.204119],[136.378387,34.203778],[136.378462,34.203553],[136.378537,34.203461],[136.378999,34.203486],[136.379649,34.203278],[136.379599,34.202895],[136.379299,34.202678],[136.378999,34.202478],[136.379049,34.202386],[136.3787,34.202186],[136.378125,34.202095],[136.377575,34.202053],[136.377112,34.202103],[136.376787,34.202103],[136.3765,34.202244],[136.376112,34.201478],[136.37635,34.20092],[136.377,34.200395],[136.377075,34.20017],[136.376987,34.199886],[136.37675,34.19982],[136.376362,34.199861],[136.376337,34.199886],[136.376225,34.19982],[136.37585,34.199795],[136.3755,34.19982],[136.375087,34.199511],[136.374787,34.199153],[136.374725,34.198995],[136.374862,34.198636],[136.374862,34.198503],[136.374525,34.197986],[136.374587,34.197895],[136.374525,34.197403],[136.3743,34.197003],[136.374,34.196803],[136.3737,34.196761],[136.373438,34.196778],[136.373213,34.196986],[136.373188,34.196961],[136.372863,34.197011],[136.372375,34.19697],[136.372133,34.196847],[136.371913,34.196878],[136.371675,34.196836],[136.371325,34.19672],[136.37105,34.196586],[136.370975,34.196336],[136.370513,34.196086],[136.370738,34.195203],[136.370675,34.195003],[136.370625,34.194961],[136.370738,34.194595],[136.370813,34.194528],[136.370663,34.194145],[136.3705,34.194036],[136.370138,34.193695],[136.36955,34.19342],[136.369175,34.193353],[136.368738,34.193328],[136.368275,34.19337],[136.368088,34.193303],[136.3676,34.193003],[136.367625,34.192803],[136.367513,34.192803],[136.366763,34.192478],[136.3666,34.192369],[136.36635,34.192294],[136.3659,34.191936],[136.365163,34.191211],[136.365138,34.190803],[136.365088,34.190603],[136.365113,34.190328],[136.365363,34.190219],[136.365413,34.190061],[136.365038,34.189944],[136.364576,34.189903],[136.364226,34.190011],[136.364176,34.189961],[136.364338,34.189603],[136.364176,34.189219],[136.363801,34.189153],[136.363438,34.189328],[136.362813,34.189278],[136.362851,34.189036],[136.362388,34.188869],[136.361276,34.189028],[136.361576,34.189161],[136.361738,34.189319],[136.362188,34.189619],[136.362463,34.190019],[136.362563,34.190403],[136.362563,34.190744],[136.362376,34.191669],[136.362376,34.191894],[136.362263,34.192369],[136.362038,34.192861],[136.361738,34.193311],[136.361413,34.193694],[136.360401,34.194544],[136.360126,34.194852],[136.359776,34.195102],[136.359426,34.195236],[136.359126,34.195411],[136.358926,34.195702],[136.358738,34.195844],[136.358526,34.195927],[136.358488,34.196061],[136.358576,34.196044],[136.359113,34.196252],[136.359576,34.196294],[136.359926,34.196527],[136.360088,34.196686],[136.360026,34.197677],[136.359838,34.197827],[136.359763,34.197986],[136.359376,34.198277],[136.358613,34.198727],[136.358476,34.198835],[136.358076,34.198969],[136.357663,34.198994],[136.356851,34.199119],[136.356013,34.198894],[136.355851,34.198552],[136.355851,34.198285],[136.355776,34.198035],[136.355576,34.197969],[136.355426,34.197627],[136.355201,34.19756],[136.354826,34.197169],[136.354588,34.196744],[136.354476,34.196427],[136.354588,34.196069],[136.354451,34.195752],[136.353938,34.19561],[136.353613,34.195294],[136.352988,34.194952],[136.353026,34.19486],[136.352501,34.194769],[136.352313,34.194902],[136.351963,34.194994],[136.351663,34.194744],[136.351401,34.194627],[136.351013,34.194627],[136.350688,34.19476],[136.350638,34.194735],[136.350526,34.19456],[136.350176,34.194577],[136.349738,34.19451],[136.349526,34.194552],[136.349413,34.194752],[136.349488,34.195043],[136.349976,34.19541],[136.350363,34.195543],[136.350463,34.195635],[136.350463,34.195818],[136.350413,34.196018],[136.350088,34.19656],[136.350001,34.196785],[136.350001,34.196968],[136.350101,34.197077],[136.350138,34.197193],[136.350051,34.197643],[136.350101,34.198002],[136.350051,34.19836],[136.349713,34.198927],[136.349201,34.19946],[136.348876,34.199552],[136.348738,34.19966],[136.348676,34.19991],[136.348813,34.200043],[136.349213,34.200293],[136.349488,34.200302],[136.349876,34.200143],[136.350251,34.199918],[136.350463,34.200035],[136.350826,34.200302],[136.351088,34.200618],[136.351351,34.201618],[136.351376,34.202227],[136.351238,34.202768],[136.351051,34.203126],[136.350751,34.203435],[136.350201,34.203726],[136.349851,34.203818],[136.349738,34.203885],[136.349438,34.203968],[136.349163,34.204193],[136.348926,34.20426],[136.348701,34.204418],[136.348601,34.204643],[136.348401,34.204801],[136.348538,34.20496],[136.349026,34.205051],[136.349788,34.204943],[136.350738,34.204701],[136.351151,34.204726],[136.351363,34.204835],[136.351688,34.205243],[136.352151,34.205335],[136.352801,34.205793],[136.353288,34.206001],[136.353613,34.206068],[136.353988,34.206251],[136.354551,34.20641],[136.354851,34.206393],[136.355476,34.20646],[136.355988,34.206668],[136.356263,34.206735],[136.356313,34.20671],[136.356726,34.206735],[136.357101,34.206827],[136.357588,34.206902],[136.358138,34.206952],[136.358488,34.20706],[136.3593,34.207227],[136.359375,34.20736],[136.359325,34.207585],[136.358938,34.20781],[136.358725,34.208285],[136.358563,34.208327],[136.358076,34.208326],[136.357713,34.208368],[136.357551,34.20821],[136.356438,34.208243],[136.355813,34.208335],[136.355551,34.208418],[136.355326,34.208443],[136.355063,34.20831],[136.354951,34.208218],[136.354651,34.208101],[136.354226,34.208101],[136.353813,34.20821],[136.353513,34.20841],[136.353076,34.208543],[136.352238,34.209284],[136.352201,34.209618],[136.352313,34.209918],[136.352713,34.210343],[136.352901,34.210568],[136.353251,34.210751],[136.353476,34.210934],[136.353626,34.211318],[136.353851,34.211526],[136.353601,34.211726],[136.352888,34.212151],[136.352651,34.212059],[136.352601,34.212009],[136.352676,34.211718],[136.352388,34.211426],[136.352088,34.211243],[136.351926,34.211059],[136.351863,34.211043],[136.351788,34.210743],[136.351551,34.210584],[136.350838,34.210376],[136.350001,34.210218],[136.349513,34.210059],[136.349276,34.209834],[136.349163,34.209534],[136.349188,34.209243],[136.349226,34.209243],[136.349326,34.209043],[136.349438,34.208501],[136.349413,34.208143],[136.349363,34.207934],[136.349176,34.207643],[136.348776,34.207551],[136.347526,34.207434],[136.346626,34.207359],[136.345814,34.207176],[136.345089,34.207059],[136.344514,34.206917],[136.344189,34.206876],[136.344051,34.206351],[136.344251,34.206201],[136.344226,34.206151],[136.343926,34.206034],[136.343901,34.206126],[136.343651,34.206217],[136.343651,34.206259],[136.343401,34.206217],[136.342001,34.205759],[136.341401,34.205509],[136.340126,34.205051],[136.339614,34.204659],[136.339451,34.204326],[136.339451,34.204276],[136.339214,34.204459],[136.338889,34.204592],[136.338639,34.204542],[136.338377,34.204276],[136.338214,34.203434],[136.338027,34.202942],[136.337702,34.202692],[136.337677,34.202176],[136.337514,34.201859],[136.336664,34.200592],[136.336226,34.199867],[136.337401,34.199401],[136.337589,34.199351],[136.336914,34.198001],[136.336814,34.197843],[136.335939,34.197609],[136.335239,34.197468],[136.334864,34.197517],[136.334077,34.197867],[136.333614,34.197867],[136.333064,34.197776],[136.332852,34.197659],[136.332639,34.197592],[136.332202,34.197859],[136.331814,34.198267],[136.331739,34.198534],[136.331464,34.198667],[136.331189,34.198759],[136.330864,34.198709],[136.330377,34.198592],[136.329564,34.198342],[136.329239,34.198292],[136.329027,34.198409],[136.328315,34.199417],[136.328252,34.199442],[136.328115,34.199417],[136.328152,34.19935],[136.32804,34.199034],[136.32769,34.19865],[136.327315,34.198334],[136.32674,34.198125],[136.326615,34.1979],[136.326365,34.19765],[136.326102,34.197509],[136.326015,34.197425],[136.325127,34.196784],[136.324852,34.196717],[136.324527,34.196717],[136.32434,34.196625],[136.323227,34.196284],[136.322665,34.196209],[136.322577,34.1961],[136.322227,34.196075],[136.322202,34.195892],[136.321952,34.195842],[136.321877,34.195709],[136.32194,34.195375],[136.321802,34.1949],[136.32259,34.19465],[136.323427,34.194567],[136.323565,34.1943],[136.323602,34.194009],[136.324327,34.194209],[136.32409,34.1943],[136.324277,34.194734],[136.324565,34.19525],[136.324677,34.19525],[136.325702,34.194892],[136.326489,34.195351],[136.327227,34.195692],[136.327552,34.195467],[136.327789,34.195676],[136.327952,34.195967],[136.328064,34.196326],[136.328277,34.196692],[136.328602,34.196959],[136.328727,34.197009],[136.329089,34.197009],[136.329439,34.196967],[136.329814,34.196834],[136.330064,34.196584],[136.329877,34.196134],[136.329852,34.195976],[136.329552,34.195776],[136.329289,34.195209],[136.329227,34.195184],[136.329289,34.195026],[136.329214,34.194576],[136.329352,34.194126],[136.329677,34.193676],[136.329977,34.193501],[136.330114,34.193459],[136.330789,34.193393],[136.330927,34.193459],[136.331414,34.193959],[136.332414,34.194501],[136.333001,34.195051],[136.332864,34.195159],[136.332589,34.195517],[136.332052,34.195967],[136.331664,34.196076],[136.331289,34.196142],[136.331014,34.196117],[136.330877,34.196317],[136.330789,34.196726],[136.330902,34.196776],[136.331064,34.196792],[136.331064,34.196909],[136.331314,34.196934],[136.332227,34.196892],[136.332939,34.196809],[136.333802,34.196926],[136.334614,34.196884],[136.335514,34.196884],[136.336026,34.197051],[136.336701,34.197051],[136.337139,34.197101],[136.337514,34.197234],[136.337739,34.197218],[136.337876,34.197059],[136.338039,34.196768],[136.338714,34.196501],[136.338689,34.196093],[136.338476,34.195776],[136.338401,34.195509],[136.338451,34.195234],[136.338376,34.19476],[136.338514,34.194518],[136.338601,34.194243],[136.338601,34.193885],[136.338701,34.193793],[136.338539,34.193635],[136.338651,34.193543],[136.338551,34.19321],[136.338464,34.192693],[136.338151,34.192368],[136.338089,34.191968],[136.337926,34.191876],[136.337314,34.191868],[136.337201,34.191893],[136.337089,34.191551],[136.336901,34.191285],[136.336414,34.191076],[136.336114,34.190985],[136.336114,34.190943],[136.335901,34.190851],[136.335439,34.19076],[136.335014,34.190801],[136.334001,34.190526],[136.333651,34.190343],[136.333064,34.189801],[136.332764,34.189393],[136.332414,34.188551],[136.332289,34.187993],[136.332214,34.187318],[136.332264,34.186818],[136.332464,34.18646],[136.332976,34.185876],[136.333551,34.185768],[136.333739,34.18561],[136.333789,34.185518],[136.333689,34.185135],[136.333689,34.184801],[136.333876,34.184418],[136.334239,34.18401],[136.334701,34.183768],[136.335239,34.183318],[136.335489,34.183302],[136.335864,34.183343],[136.336226,34.183343],[136.336389,34.183193],[136.336364,34.182827],[136.336201,34.182668],[136.336139,34.182668],[136.335789,34.182352],[136.335226,34.181993],[136.334876,34.181602],[136.334664,34.18131],[136.334251,34.18106],[136.334064,34.18101],[136.333551,34.181035],[136.333114,34.18096],[136.332714,34.180602],[136.332276,34.180393],[136.331814,34.180235],[136.331576,34.180302],[136.331001,34.180368],[136.330839,34.180593],[136.330601,34.180793],[136.330026,34.181126],[136.329614,34.181443],[136.329402,34.181868],[136.328902,34.182426],[136.328814,34.18286],[136.328839,34.183193],[136.328739,34.183443],[136.328402,34.18371],[136.328002,34.18396],[136.327702,34.184026],[136.327214,34.183976],[136.326914,34.183993],[136.326614,34.184059],[136.326477,34.184176],[136.326389,34.184626],[136.326427,34.184668],[136.326314,34.184984],[136.325927,34.185143],[136.325064,34.185701],[136.324164,34.186034],[136.323727,34.186076],[136.323189,34.186251],[136.32264,34.186268],[136.321365,34.185976],[136.321315,34.186126],[136.320877,34.186084],[136.320615,34.185717],[136.320127,34.185217],[136.320152,34.184976],[136.32059,34.185017],[136.320752,34.185159],[136.321352,34.185134],[136.320777,34.184951],[136.320127,34.184543],[136.319827,34.184451],[136.319502,34.184476],[136.31924,34.184542],[136.319177,34.184517],[136.319377,34.184267],[136.31919,34.184109],[136.31894,34.184017],[136.31894,34.183859],[136.319052,34.183659],[136.319027,34.183434],[136.318727,34.183393],[136.318565,34.183567],[136.31829,34.183251],[136.317815,34.182234],[136.317765,34.181718],[136.317815,34.181426],[136.318065,34.181109],[136.318802,34.180459],[136.319402,34.180284],[136.319427,34.180234],[136.31924,34.180193],[136.319077,34.180059],[136.318477,34.179893],[136.31824,34.179934],[136.318315,34.180168],[136.317877,34.180184],[136.317315,34.179801],[136.317177,34.179618],[136.316853,34.179343],[136.31539,34.179159],[136.314365,34.179059],[136.313953,34.179101],[136.31349,34.179259],[136.313378,34.179526],[136.313253,34.179618],[136.312815,34.179642],[136.312403,34.179701],[136.311615,34.179726],[136.310341,34.179584],[136.309528,34.179442],[136.309153,34.179059],[136.308941,34.178784],[136.308666,34.178651],[136.308566,34.178626],[136.308316,34.178692],[136.308203,34.178942],[136.307716,34.179409],[136.307628,34.179659],[136.307691,34.179592],[136.307578,34.179976],[136.307366,34.180192],[136.307028,34.180351],[136.306628,34.180459],[136.306191,34.180526],[136.305653,34.18055],[136.304841,34.180434],[136.303829,34.180175],[136.303379,34.179992],[136.302616,34.17945],[136.302404,34.179242],[136.302266,34.178634],[136.302016,34.177167],[136.302066,34.176859],[136.302229,34.176609],[136.302154,34.176334],[136.302316,34.176001],[136.301804,34.176001],[136.301204,34.176309],[136.301204,34.176359],[136.301041,34.176401],[136.300629,34.176401],[136.300204,34.176167],[136.299904,34.175851],[136.299554,34.175717],[136.299066,34.175601],[136.298441,34.174942],[136.297879,34.174126],[136.297692,34.173792],[136.296617,34.173042],[136.296017,34.172634],[136.295854,34.172476],[136.295592,34.172092],[136.295454,34.171551],[136.295542,34.171143],[136.295517,34.170851],[136.295442,34.170534],[136.295529,34.170059],[136.295579,34.169993],[136.295554,34.169918],[136.295892,34.169376],[136.295992,34.169284],[136.296567,34.169101],[136.297754,34.168876],[136.298079,34.168743],[136.298116,34.168693],[136.298391,34.168718],[136.298441,34.168693],[136.298491,34.168585],[136.298691,34.16856],[136.298604,34.168268],[136.298691,34.168151],[136.299016,34.16811],[136.299216,34.168043],[136.299316,34.168043],[136.299454,34.167926],[136.299354,34.167743],[136.299129,34.167743],[136.299016,34.16766],[136.299016,34.16761],[136.299266,34.167543],[136.299241,34.167385],[136.298629,34.167385],[136.298554,34.167343],[136.298166,34.16741],[136.297804,34.167093],[136.297917,34.166868],[136.297842,34.166801],[136.297917,34.166618],[136.297842,34.166551],[136.297642,34.166601],[136.297592,34.166418],[136.297617,34.16606],[136.297567,34.165743],[136.297454,34.165476],[136.297342,34.16536],[136.297292,34.16536],[136.297279,34.165226],[136.297092,34.165251],[136.296979,34.165135],[136.296817,34.165176],[136.296704,34.16511],[136.296542,34.165093],[136.296429,34.165268],[136.296429,34.16561],[136.296267,34.165876],[136.295192,34.165901],[136.294504,34.165968],[136.293954,34.165993],[136.293742,34.165976],[136.293629,34.165818],[136.293492,34.165818],[136.293442,34.165701],[136.293242,34.165676],[136.292854,34.165793],[136.292617,34.165951],[136.292442,34.166135],[136.291979,34.165993],[136.29063,34.165393],[136.290242,34.165101],[136.289942,34.164785],[136.28978,34.164443],[136.289855,34.164218],[136.29003,34.164085],[136.289992,34.163968],[136.290217,34.163926],[136.29003,34.16386],[136.289855,34.163701],[136.28953,34.163585],[136.289305,34.163476],[136.289067,34.16316],[136.288867,34.16271],[136.28868,34.161902],[136.288705,34.161693],[136.288617,34.161335],[136.28873,34.161068],[136.288955,34.160702],[136.289192,34.16046],[136.28933,34.160435],[136.289417,34.160477],[136.289667,34.160435],[136.29008,34.160435],[136.29038,34.160452],[136.290405,34.160385],[136.290517,34.160319],[136.290705,34.160344],[136.290767,34.160185],[136.291155,34.160385],[136.29118,34.160094],[136.291042,34.160094],[136.290817,34.160052],[136.290767,34.159869],[136.29063,34.159777],[136.290567,34.159685],[136.290155,34.159377],[136.289942,34.159394],[136.289805,34.159327],[136.289555,34.15931],[136.288917,34.159419],[136.288755,34.159327],[136.28868,34.159169],[136.28873,34.159085],[136.288892,34.158994],[136.288755,34.15881],[136.288755,34.15861],[136.28868,34.158427],[136.28923,34.158269],[136.289467,34.158177],[136.289642,34.15816],[136.289667,34.157885],[136.289992,34.158085],[136.290192,34.157885],[136.289992,34.15786],[136.289667,34.157727],[136.28958,34.157727],[136.289442,34.15766],[136.28928,34.15746],[136.288842,34.157236],[136.28878,34.157052],[136.288837,34.157033],[136.288892,34.157011],[136.288817,34.156786],[136.288642,34.156786],[136.288292,34.156694],[136.288067,34.156586],[136.287905,34.156444],[136.287467,34.156511],[136.287442,34.156969],[136.287305,34.157169],[136.28733,34.15726],[136.287517,34.157302],[136.28763,34.157502],[136.287717,34.157552],[136.28763,34.15771],[136.287405,34.157819],[136.287355,34.158044],[136.287467,34.158252],[136.287517,34.158269],[136.287542,34.158452],[136.287655,34.158544],[136.287742,34.158835],[136.287542,34.159019],[136.287192,34.159194],[136.286255,34.159444],[136.28603,34.159335],[136.285793,34.159269],[136.285568,34.15931],[136.285518,34.159285],[136.285343,34.159352],[136.285068,34.15936],[136.28488,34.15951],[136.284718,34.159519],[136.28458,34.159652],[136.284468,34.159918],[136.284443,34.160193],[136.284605,34.160418],[136.28483,34.160435],[136.28493,34.160593],[136.285105,34.16066],[136.285243,34.160818],[136.285268,34.16116],[136.28488,34.161743],[136.284493,34.162035],[136.28433,34.16206],[136.284168,34.162018],[136.28373,34.162018],[136.283318,34.162177],[136.283155,34.162585],[136.283118,34.162785],[136.283255,34.162943],[136.283343,34.16326],[136.283205,34.163501],[136.283093,34.163576],[136.282743,34.163551],[136.282493,34.163643],[136.28213,34.163576],[136.282193,34.16351],[136.282405,34.163485],[136.282743,34.163501],[136.28288,34.163101],[136.281968,34.162985],[136.281968,34.162826],[136.28153,34.162851],[136.281093,34.162785],[136.280755,34.162693],[136.28048,34.162518],[136.280043,34.162401],[136.279031,34.162001],[136.278581,34.16171],[136.278231,34.16141],[136.277981,34.16101],[136.277843,34.160668],[136.277756,34.160285],[136.277893,34.159793],[136.277981,34.159635],[136.277981,34.159543],[136.278231,34.159543],[136.278531,34.159477],[136.278643,34.159277],[136.278531,34.159093],[136.278556,34.158935],[136.278531,34.158868],[136.278393,34.158777],[136.278606,34.158052],[136.278806,34.157985],[136.279193,34.157944],[136.279881,34.157985],[136.280343,34.15781],[136.280568,34.157602],[136.280706,34.157285],[136.280756,34.15711],[136.280506,34.15686],[136.280231,34.156502],[136.280318,34.156135],[136.280181,34.156002],[136.280093,34.156002],[136.279981,34.155911],[136.279681,34.155911],[136.279193,34.155777],[136.279081,34.155377],[136.279043,34.154994],[136.278993,34.154786],[136.279106,34.153461],[136.279268,34.152919],[136.279406,34.152669],[136.279793,34.152553],[136.280118,34.152469],[136.280256,34.152261],[136.280368,34.151944],[136.280456,34.151878],[136.280618,34.151544],[136.280668,34.151244],[136.280831,34.151094],[136.280918,34.150844],[136.281006,34.150778],[136.281281,34.150703],[136.281518,34.150686],[136.281831,34.150703],[136.282206,34.150686],[136.282381,34.150703],[136.282656,34.150636],[136.282868,34.150611],[136.28303,34.150545],[136.283168,34.150386],[136.28358,34.150303],[136.28353,34.150145],[136.283943,34.149828],[136.28413,34.149736],[136.284605,34.14967],[136.285068,34.14967],[136.285368,34.149736],[136.285705,34.14967],[136.28628,34.149736],[136.28653,34.149595],[136.286493,34.149511],[136.28628,34.149436],[136.28628,34.149395],[136.286118,34.149395],[136.286005,34.149328],[136.285943,34.149128],[136.286005,34.148828],[136.286218,34.148537],[136.286393,34.148403],[136.286443,34.148337],[136.286218,34.148295],[136.285755,34.148045],[136.285618,34.14802],[136.28543,34.147862],[136.285205,34.147753],[136.284793,34.147912],[136.284705,34.147862],[136.284493,34.147637],[136.284355,34.147345],[136.283943,34.146945],[136.283443,34.14552],[136.283331,34.145412],[136.283193,34.145362],[136.283031,34.145429],[136.282731,34.145387],[136.282093,34.14507],[136.281743,34.144754],[136.281518,34.14437],[136.281406,34.14392],[136.281356,34.143495],[136.281406,34.14327],[136.281468,34.143245],[136.281518,34.143112],[136.281331,34.14302],[136.281268,34.142862],[136.281056,34.142795],[136.280968,34.142571],[136.280581,34.142437],[136.280418,34.142479],[136.280368,34.142621],[136.280193,34.142795],[136.280031,34.14282],[136.278881,34.142662],[136.278444,34.142504],[136.277719,34.141587],[136.277119,34.140704],[136.276756,34.140096],[136.276544,34.139621],[136.276406,34.139154],[136.276344,34.138296],[136.276406,34.137846],[136.276544,34.137479],[136.276706,34.137238],[136.276819,34.136896],[136.277069,34.136471],[136.277144,34.136405],[136.277894,34.136446],[136.278331,34.136263],[136.278406,34.136263],[136.278544,34.136421],[136.278981,34.136621],[136.279231,34.136605],[136.279456,34.136671],[136.279756,34.136513],[136.279756,34.13633],[136.279481,34.136263],[136.279344,34.136155],[136.279594,34.135855],[136.279706,34.135788],[136.280006,34.135838],[136.280056,34.13588],[136.280256,34.135921],[136.280306,34.135905],[136.280169,34.135721],[136.279806,34.13563],[136.279781,34.135405],[136.279431,34.135405],[136.279019,34.135113],[136.278981,34.134863],[136.279344,34.134122],[136.279431,34.13408],[136.279569,34.134097],[136.279781,34.134055],[136.280006,34.134097],[136.280006,34.134238],[136.280056,34.134372],[136.280219,34.134255],[136.280256,34.134122],[136.280356,34.134213],[136.280531,34.134213],[136.280693,34.134097],[136.280531,34.133922],[136.280356,34.133805],[136.280281,34.133647],[136.280356,34.133447],[136.280356,34.133172],[136.280419,34.133022],[136.280744,34.133022],[136.280831,34.132905],[136.280419,34.132705],[136.280169,34.132497],[136.280006,34.132297],[136.279919,34.132255],[136.279944,34.13198],[136.280031,34.131805],[136.280056,34.131422],[136.280331,34.13083],[136.281244,34.130064],[136.281818,34.130089],[136.282068,34.130039],[136.282143,34.129956],[136.282506,34.129747],[136.283193,34.129656],[136.283268,34.130422],[136.283881,34.130489],[136.283993,34.130422],[136.284156,34.130447],[136.284343,34.130356],[136.284506,34.130381],[136.284643,34.130222],[136.284506,34.130089],[136.284731,34.129656],[136.285168,34.129614],[136.285443,34.128847],[136.285031,34.128597],[136.285306,34.128531],[136.285468,34.128689],[136.286518,34.128531],[136.286543,34.128281],[136.287118,34.128414],[136.287806,34.128772],[136.287618,34.128981],[136.287668,34.129222],[136.287418,34.129297],[136.287256,34.130106],[136.287618,34.130056],[136.287893,34.130306],[136.288006,34.130464],[136.288305,34.130597],[136.288518,34.130964],[136.28838,34.131255],[136.288355,34.131497],[136.288518,34.131639],[136.288418,34.13173],[136.288218,34.13173],[136.287831,34.131814],[136.287893,34.131864],[136.287968,34.132289],[136.28808,34.132155],[136.28833,34.13218],[136.28863,34.13258],[136.28888,34.132672],[136.288968,34.132605],[136.288993,34.132489],[136.28913,34.132289],[136.28918,34.132105],[136.28943,34.131905],[136.289618,34.131814],[136.289568,34.131655],[136.289793,34.131564],[136.28993,34.13143],[136.29023,34.131339],[136.289655,34.130822],[136.289455,34.130372],[136.289655,34.130372],[136.289618,34.130189],[136.289518,34.130056],[136.288968,34.129764],[136.28888,34.129472],[136.28923,34.128864],[136.289405,34.128706],[136.289705,34.128772],[136.289705,34.128814],[136.290005,34.128747],[136.29028,34.128639],[136.290305,34.128547],[136.290418,34.128414],[136.290443,34.128206],[136.290743,34.128122],[136.29113,34.128072],[136.29143,34.127981],[136.291843,34.127781],[136.291705,34.127714],[136.291468,34.127714],[136.29133,34.127623],[136.291468,34.127439],[136.291705,34.127239],[136.292143,34.127239],[136.292555,34.127306],[136.292618,34.127189],[136.292693,34.127173],[136.292805,34.127056],[136.292643,34.126923],[136.292318,34.126814],[136.292143,34.126673],[136.291568,34.126739],[136.291355,34.126606],[136.290555,34.125956],[136.290218,34.125773],[136.288543,34.125439],[136.288081,34.125306],[136.287068,34.124723],[136.285906,34.123731],[136.285331,34.123523],[136.285143,34.123506],[136.284893,34.123298],[136.284593,34.12299],[136.283931,34.12274],[136.283568,34.122673],[136.283269,34.12229],[136.283156,34.121865],[136.283106,34.12094],[136.283569,34.119498],[136.283981,34.118498],[136.284394,34.117757],[136.284619,34.117648],[136.284719,34.117623],[136.284781,34.117648],[136.285131,34.117648],[136.285381,34.117532],[136.285681,34.117148],[136.285931,34.117032],[136.286343,34.116949],[136.286781,34.116899],[136.287256,34.116899],[136.287443,34.11699],[136.287493,34.117149],[136.287493,34.117398],[136.287631,34.117482],[136.288081,34.117623],[136.288568,34.117465],[136.288818,34.11764],[136.288981,34.11764],[136.289068,34.117548],[136.289281,34.117532],[136.289531,34.117415],[136.289618,34.11744],[136.289806,34.11739],[136.290106,34.11739],[136.290468,34.117457],[136.290443,34.117615],[136.290606,34.117707],[136.291156,34.117707],[136.291231,34.117682],[136.291431,34.117507],[136.291343,34.117507],[136.291156,34.117257],[136.291231,34.116874],[136.290931,34.116465],[136.290768,34.116382],[136.290581,34.116332],[136.290443,34.116199],[136.290106,34.116174],[136.289968,34.116065],[136.289781,34.115749],[136.289556,34.115482],[136.289506,34.115165],[136.289643,34.114665],[136.289918,34.114257],[136.290743,34.113649],[136.291118,34.113424],[136.291506,34.113316],[136.291781,34.113266],[136.291731,34.112999],[136.291843,34.112882],[136.292081,34.113132],[136.292143,34.112974],[136.292118,34.112816],[136.292443,34.112791],[136.292768,34.112816],[136.292993,34.112774],[136.292831,34.112474],[136.29513,34.112249],[136.295168,34.112116],[136.295768,34.112116],[136.295855,34.111982],[136.29838,34.112632],[136.29838,34.112791],[136.298868,34.112882],[136.298793,34.113016],[136.297855,34.114007],[136.297993,34.114141],[136.29778,34.114366],[136.29753,34.114299],[136.29698,34.114616],[136.29703,34.114799],[136.29703,34.115107],[136.296843,34.11529],[136.296543,34.115474],[136.296293,34.115699],[136.296205,34.115949],[136.296318,34.116082],[136.29618,34.116174],[136.296105,34.116624],[136.296018,34.116715],[136.296155,34.116874],[136.29648,34.116865],[136.296593,34.116715],[136.296843,34.116507],[136.297305,34.116574],[136.298055,34.11689],[136.29863,34.117299],[136.298793,34.117457],[136.298768,34.117657],[136.298355,34.118015],[136.298268,34.118373],[136.298543,34.118448],[136.298768,34.118373],[136.299542,34.118357],[136.299755,34.118265],[136.30033,34.11824],[136.300855,34.118374],[136.300992,34.118349],[136.301155,34.118265],[136.301317,34.117924],[136.301592,34.11779],[136.30193,34.11774],[136.30223,34.117582],[136.302417,34.117315],[136.302592,34.117274],[136.30278,34.117132],[136.303055,34.117157],[136.303192,34.117065],[136.304067,34.116957],[136.30498,34.117132],[136.305555,34.117515],[136.305642,34.117607],[136.30588,34.117765],[136.305967,34.118007],[136.305992,34.118215],[136.305692,34.118415],[136.305917,34.118482],[136.305992,34.118574],[136.305692,34.118732],[136.305692,34.118774],[136.30578,34.118865],[136.305642,34.11889],[136.305605,34.119048],[136.305442,34.119115],[136.305392,34.119232],[136.305442,34.119248],[136.305692,34.119207],[136.306155,34.119182],[136.306404,34.11884],[136.306604,34.119065],[136.306842,34.119065],[136.307042,34.118957],[136.307154,34.118757],[136.307017,34.11864],[136.306742,34.118549],[136.306704,34.118324],[136.306767,34.118099],[136.306954,34.118032],[136.307117,34.118057],[136.307254,34.11794],[136.307204,34.117832],[136.307642,34.117649],[136.308104,34.117557],[136.308417,34.117557],[136.308604,34.117624],[136.308792,34.117599],[136.308904,34.117782],[136.308904,34.117965],[136.309042,34.118099],[136.309242,34.117982],[136.309542,34.11794],[136.309729,34.117782],[136.310029,34.117599],[136.310392,34.117507],[136.310754,34.117532],[136.310942,34.117599],[136.311192,34.117807],[136.311242,34.11789],[136.311904,34.118099],[136.312567,34.118024],[136.312842,34.118024],[136.313054,34.11789],[136.313142,34.117799],[136.312842,34.117799],[136.312592,34.117715],[136.312529,34.117599],[136.312804,34.117532],[136.313029,34.117574],[136.313217,34.117482],[136.313304,34.11724],[136.313142,34.117149],[136.312979,34.117107],[136.312892,34.11699],[136.312979,34.116807],[136.312942,34.116566],[136.313054,34.116041],[136.313304,34.115999],[136.313104,34.115641],[136.313304,34.115507],[136.313379,34.115324],[136.313629,34.115432],[136.313717,34.115432],[136.313904,34.115574],[136.314292,34.115707],[136.314517,34.115641],[136.314404,34.115391],[136.314567,34.115257],[136.314679,34.115232],[136.314842,34.115274],[136.314954,34.115341],[136.315117,34.115299],[136.315416,34.115432],[136.315691,34.115407],[136.315579,34.115257],[136.315341,34.115141],[136.315554,34.115074],[136.315579,34.114666],[136.315554,34.114599],[136.315367,34.114574],[136.315279,34.114374],[136.315504,34.114374],[136.315417,34.114191],[136.315229,34.114108],[136.314592,34.114149],[136.314542,34.114241],[136.314379,34.114241],[136.314042,34.114199],[136.313517,34.114332],[136.313242,34.114516],[136.312829,34.114491],[136.312642,34.114557],[136.312692,34.114782],[136.312592,34.114849],[136.312279,34.114716],[136.312142,34.114849],[136.311979,34.114832],[136.311429,34.114966],[136.311242,34.114966],[136.311217,34.114832],[136.311379,34.114741],[136.311404,34.114607],[136.310992,34.114582],[136.310829,34.114607],[136.310854,34.114832],[136.310829,34.114899],[136.310692,34.114916],[136.310367,34.114874],[136.310254,34.114807],[136.310054,34.114557],[136.310054,34.114332],[136.310192,34.114132],[136.310254,34.114132],[136.310329,34.113932],[136.309892,34.113724],[136.309842,34.113774],[136.309842,34.113949],[136.309704,34.114016],[136.309679,34.113791],[136.309542,34.113591],[136.309067,34.113632],[136.308817,34.113724],[136.308579,34.113724],[136.308379,34.113566],[136.308304,34.113416],[136.308105,34.113366],[136.30808,34.113299],[136.30803,34.113299],[136.307855,34.112941],[136.307805,34.112624],[136.307992,34.112266],[136.308217,34.112174],[136.30833,34.112058],[136.308492,34.112016],[136.308605,34.111833],[136.308467,34.111724],[136.308355,34.111816],[136.308217,34.111816],[136.308192,34.111658],[136.307967,34.111116],[136.30783,34.111049],[136.307692,34.110258],[136.307717,34.110099],[136.307805,34.110141],[136.30833,34.110099],[136.308292,34.109966],[136.308155,34.109833],[136.30833,34.109691],[136.308192,34.109491],[136.308105,34.10915],[136.307942,34.1092],[136.307505,34.109066],[136.307367,34.108925],[136.306955,34.108816],[136.306917,34.10875],[136.30643,34.108683],[136.306292,34.108616],[136.306367,34.108475],[136.306317,34.108025],[136.305905,34.107958],[136.305855,34.107783],[136.30568,34.107575],[136.305717,34.107083],[136.305655,34.106991],[136.30568,34.106808],[136.305955,34.106725],[136.30618,34.106541],[136.306842,34.106158],[136.30703,34.105867],[136.307467,34.105883],[136.307742,34.105658],[136.307692,34.105417],[136.307742,34.105192],[136.30763,34.105075],[136.307355,34.10505],[136.307192,34.1051],[136.306892,34.1051],[136.306617,34.105142],[136.306205,34.105142],[136.30588,34.104783],[136.305842,34.104717],[136.305905,34.104533],[136.30588,34.104425],[136.305155,34.10465],[136.304692,34.1044],[136.30423,34.103883],[136.304005,34.1035],[136.303918,34.103142],[136.304005,34.102533],[136.30398,34.102442],[136.303843,34.102284],[136.30373,34.102084],[136.303543,34.101925],[136.303455,34.101792],[136.303343,34.1017],[136.303318,34.101609],[136.303205,34.101567],[136.303068,34.101425],[136.302993,34.101409],[136.30263,34.100959],[136.302355,34.100709],[136.302355,34.100367],[136.302568,34.09985],[136.303018,34.099784],[136.303018,34.09965],[136.303043,34.09965],[136.303018,34.0996],[136.302818,34.099534],[136.302543,34.099534],[136.302405,34.099442],[136.302468,34.099334],[136.302268,34.099134],[136.302405,34.098817],[136.30243,34.098684],[136.302468,34.098726],[136.302605,34.098767],[136.302843,34.098701],[136.303118,34.098526],[136.303118,34.098476],[136.30293,34.098384],[136.302818,34.098301],[136.302843,34.098251],[136.302955,34.098317],[136.303393,34.098342],[136.303368,34.098251],[136.303118,34.098159],[136.30288,34.098209],[136.302905,34.098051],[136.303368,34.098051],[136.303455,34.098026],[136.303455,34.097909],[136.30318,34.097826],[136.303018,34.097734],[136.303155,34.097551],[136.303368,34.097576],[136.30408,34.097392],[136.30428,34.097259],[136.304243,34.097076],[136.303805,34.097034],[136.30348,34.097059],[136.302743,34.096992],[136.30238,34.096809],[136.302355,34.096767],[136.30208,34.096676],[136.30188,34.096451],[136.30208,34.096318],[136.30183,34.096268],[136.301743,34.096068],[136.301305,34.095709],[136.30123,34.095501],[136.300868,34.095551],[136.30068,34.095393],[136.300293,34.095326],[136.299993,34.095659],[136.299718,34.095618],[136.299718,34.095576],[136.300043,34.095276],[136.30018,34.095051],[136.300093,34.094426],[136.30023,34.093993],[136.300205,34.093751],[136.300118,34.093568],[136.300043,34.093518],[136.299905,34.093143],[136.29993,34.09296],[136.299818,34.092893],[136.299743,34.09276],[136.299518,34.092618],[136.299131,34.092193],[136.299081,34.091851],[136.299293,34.091768],[136.299268,34.091651],[136.298693,34.091476],[136.298531,34.090976],[136.298531,34.09071],[136.298193,34.089985],[136.297893,34.089851],[136.297406,34.08951],[136.297343,34.089427],[136.297068,34.08931],[136.297018,34.08911],[136.296856,34.088968],[136.296768,34.088727],[136.296743,34.088452],[136.296768,34.08816],[136.297181,34.087443],[136.297406,34.087218],[136.297706,34.087035],[136.297893,34.086985],[136.297843,34.086669],[136.297781,34.086519],[136.297506,34.086402],[136.297081,34.086019],[136.296831,34.085927],[136.296531,34.085852],[136.296418,34.085694],[136.296106,34.085669],[136.295906,34.085602],[136.295806,34.08571],[136.295806,34.085869],[136.296006,34.08596],[136.296081,34.086077],[136.296281,34.086194],[136.296306,34.08626],[136.296256,34.086369],[136.295881,34.086252],[136.295731,34.086144],[136.295081,34.085844],[136.294906,34.085935],[136.294906,34.086069],[136.294781,34.086135],[136.294756,34.086244],[136.294481,34.086244],[136.294281,34.08631],[136.294293,34.086518],[136.294456,34.086668],[136.294431,34.086677],[136.294518,34.086768],[136.294656,34.08681],[136.294843,34.086968],[136.294868,34.087127],[136.295093,34.08731],[136.295181,34.08731],[136.295281,34.087377],[136.295456,34.087377],[136.295506,34.087393],[136.295506,34.087577],[136.295281,34.087935],[136.294731,34.088368],[136.293718,34.088618],[136.293556,34.088635],[136.293368,34.088502],[136.293093,34.088502],[136.292868,34.088543],[136.292844,34.088368],[136.292869,34.088277],[136.292844,34.088118],[136.292344,34.088168],[136.292181,34.08821],[136.292131,34.088143],[136.291881,34.088168],[136.291719,34.088327],[136.291406,34.088327],[136.291306,34.088527],[136.291381,34.088635],[136.291631,34.088618],[136.291856,34.088727],[136.291769,34.088885],[136.291819,34.089043],[136.291656,34.089268],[136.291694,34.089318],[136.292269,34.089335],[136.292456,34.089385],[136.292506,34.089718],[136.292481,34.089785],[136.292593,34.089918],[136.292706,34.090193],[136.293118,34.090826],[136.293256,34.091093],[136.293281,34.091501],[136.293256,34.091818],[136.292956,34.092109],[136.292981,34.092309],[136.293068,34.092351],[136.293343,34.092784],[136.293418,34.093009],[136.293481,34.093868],[136.293443,34.094293],[136.293643,34.094451],[136.293968,34.094476],[136.294243,34.094543],[136.294331,34.094943],[136.294268,34.095242],[136.294131,34.095576],[136.293831,34.095984],[136.293506,34.096301],[136.293118,34.096501],[136.292681,34.096634],[136.292456,34.096592],[136.292431,34.096776],[136.292268,34.096859],[136.292131,34.096817],[136.292018,34.096684],[136.291831,34.096934],[136.291443,34.096976],[136.291006,34.096934],[136.290643,34.096817],[136.290294,34.096842],[136.289856,34.096751],[136.289494,34.096484],[136.289244,34.096167],[136.289106,34.095376],[136.289131,34.094676],[136.289106,34.094518],[136.288856,34.094451],[136.288756,34.094384],[136.288644,34.094159],[136.288369,34.094001],[136.288344,34.093959],[136.288094,34.093893],[136.287756,34.093959],[136.287431,34.093959],[136.286831,34.093851],[136.286606,34.093851],[136.286356,34.093934],[136.286144,34.094093],[136.285781,34.094118],[136.285256,34.094251],[136.284906,34.094301],[136.284294,34.094476],[136.284081,34.094709],[136.283831,34.094867],[136.283369,34.095001],[136.282794,34.095067],[136.281907,34.095001],[136.281419,34.094817],[136.280369,34.094192],[136.279819,34.093517],[136.279707,34.093176],[136.279882,34.092859],[136.280019,34.092226],[136.279932,34.091893],[136.279882,34.091868],[136.279957,34.091326],[136.280144,34.091309],[136.280257,34.091009],[136.280594,34.090784],[136.280557,34.090543],[136.280732,34.090385],[136.280694,34.090085],[136.280919,34.090085],[136.281082,34.089976],[136.281107,34.089818],[136.281307,34.089701],[136.281469,34.089276],[136.281307,34.089185],[136.281169,34.088985],[136.280532,34.088785],[136.280319,34.088643],[136.280457,34.08856],[136.280594,34.088401],[136.280532,34.08826],[136.280394,34.088193],[136.280282,34.088085],[136.279844,34.088018],[136.279769,34.088035],[136.279294,34.087968],[136.279182,34.08761],[136.279382,34.087502],[136.279357,34.08736],[136.279407,34.087118],[136.279269,34.087002],[136.279269,34.086893],[136.279407,34.086818],[136.279494,34.086668],[136.279507,34.086477],[136.279594,34.086368],[136.279869,34.086235],[136.279944,34.086127],[136.279744,34.08596],[136.279619,34.085918],[136.279769,34.085893],[136.279919,34.085785],[136.279219,34.085352],[136.278919,34.085352],[136.278994,34.085285],[136.278694,34.085168],[136.27852,34.085143],[136.278495,34.085093],[136.278245,34.085052],[136.27802,34.085068],[136.277845,34.085135],[136.27762,34.085135],[136.277445,34.085093],[136.27737,34.084952],[136.27717,34.084818],[136.27682,34.084743],[136.276645,34.084518],[136.27652,34.084518],[136.27627,34.084493],[136.276195,34.084518],[136.275995,34.084493],[136.275845,34.084335],[136.27552,34.084177],[136.27542,34.083994],[136.27522,34.083944],[136.275132,34.08381],[136.274982,34.083785],[136.274882,34.083652],[136.274757,34.083585],[136.274507,34.083602],[136.274407,34.083352],[136.274332,34.08326],[136.274232,34.083244],[136.274182,34.08306],[136.274032,34.082927],[136.274007,34.082744],[136.273732,34.082627],[136.273507,34.082585],[136.273407,34.082444],[136.273307,34.082402],[136.273082,34.082377],[136.272832,34.082552],[136.272982,34.082802],[136.273007,34.082827],[136.272932,34.083027],[136.272857,34.082919],[136.272732,34.082844],[136.272557,34.082894],[136.272432,34.082844],[136.272157,34.082869],[136.271757,34.082794],[136.271733,34.08266],[136.271558,34.082569],[136.271308,34.082677],[136.271245,34.08286],[136.271095,34.08281],[136.271008,34.08261],[136.270833,34.082585],[136.270808,34.082427],[136.270683,34.08236],[136.270708,34.082227],[136.270283,34.081994],[136.270283,34.082177],[136.270158,34.082177],[136.270083,34.082019],[136.269908,34.081877],[136.270008,34.081719],[136.269833,34.081652],[136.269733,34.081677],[136.269408,34.081627],[136.269333,34.081694],[136.269108,34.081577],[136.268783,34.08156],[136.268633,34.081669],[136.268408,34.081485],[136.268208,34.081435],[136.268183,34.081369],[136.268008,34.08146],[136.267583,34.081527],[136.267408,34.08161],[136.267383,34.081544],[136.26682,34.081585],[136.26692,34.081835],[136.26702,34.082335],[136.26737,34.082427],[136.26747,34.08256],[136.26782,34.082569],[136.26792,34.082635],[136.268145,34.08266],[136.26812,34.082635],[136.268395,34.082369],[136.26852,34.082594],[136.26847,34.082727],[136.26837,34.08286],[136.26852,34.083085],[136.26872,34.08311],[136.26882,34.083252],[136.26922,34.083385],[136.269445,34.083252],[136.26957,34.083435],[136.269645,34.08346],[136.27047,34.083577],[136.27067,34.083552],[136.27077,34.083643],[136.27102,34.083668],[136.271445,34.083469],[136.271495,34.083602],[136.271445,34.08381],[136.27162,34.083902],[136.272245,34.084018],[136.27242,34.084243],[136.27232,34.084335],[136.272307,34.084468],[136.272182,34.08451],[136.272157,34.084577],[136.272182,34.08476],[136.272457,34.08476],[136.272432,34.084968],[136.272107,34.085168],[136.272157,34.085327],[136.272132,34.08546],[136.272307,34.085485],[136.272357,34.085618],[136.272245,34.08571],[136.27207,34.085777],[136.272095,34.085935],[136.27217,34.085935],[136.272195,34.086002],[136.271995,34.086068],[136.27187,34.086293],[136.27192,34.086427],[136.27197,34.086452],[136.27202,34.086668],[136.272045,34.086693],[136.271995,34.086985],[136.271857,34.087101],[136.271632,34.087118],[136.27127,34.087026],[136.27092,34.087026],[136.270645,34.086985],[136.270258,34.086985],[136.27012,34.08696],[136.269933,34.08701],[136.269495,34.087035],[136.269183,34.087118],[136.268858,34.087118],[136.26872,34.087168],[136.268608,34.087393],[136.268533,34.087435],[136.268633,34.087751],[136.268858,34.087868],[136.269133,34.088318],[136.269133,34.088476],[136.269733,34.088676],[136.269933,34.088651],[136.27007,34.088743],[136.270257,34.088943],[136.270482,34.089285],[136.270532,34.089626],[136.270532,34.090009],[136.27032,34.090659],[136.27007,34.091001],[136.269845,34.091109],[136.269457,34.091159],[136.269432,34.091201],[136.268608,34.091451],[136.26817,34.091651],[136.267783,34.091718],[136.26757,34.092034],[136.267208,34.092217],[136.267095,34.092401],[136.26682,34.092484],[136.266658,34.092692],[136.26652,34.092692],[136.266358,34.092759],[136.266195,34.092959],[136.266008,34.093092],[136.265733,34.093409],[136.265533,34.093859],[136.265558,34.094042],[136.26597,34.094542],[136.266308,34.095284],[136.266383,34.0956],[136.266308,34.095917],[136.265895,34.096542],[136.26562,34.09675],[136.26542,34.096767],[136.265283,34.096684],[136.265095,34.096634],[136.265045,34.096992],[136.264983,34.097017],[136.264745,34.09745],[136.264983,34.097967],[136.265095,34.098283],[136.265183,34.09835],[136.26537,34.098642],[136.265458,34.098667],[136.26557,34.098908],[136.26622,34.099542],[136.266333,34.099583],[136.266558,34.099883],[136.266995,34.10015],[136.26707,34.100033],[136.26752,34.099767],[136.267757,34.099717],[136.267957,34.099542],[136.26817,34.09875],[136.268507,34.09855],[136.268645,34.098725],[136.26872,34.09875],[136.269245,34.098658],[136.269682,34.098775],[136.269982,34.098708],[136.27037,34.098775],[136.27167,34.098858],[136.272107,34.099242],[136.272382,34.099583],[136.272657,34.09985],[136.272732,34.100033],[136.272632,34.1015],[136.27282,34.101658],[136.273345,34.101583],[136.273557,34.101583],[136.27392,34.1015],[136.273857,34.101633],[136.273695,34.101808],[136.27372,34.102125],[136.27337,34.102175],[136.27252,34.10215],[136.27257,34.102441],[136.272382,34.102466],[136.27222,34.102216],[136.27202,34.102241],[136.27167,34.102558],[136.27142,34.102283],[136.271307,34.101525],[136.271332,34.101225],[136.271282,34.100825],[136.27117,34.100708],[136.27092,34.100775],[136.270757,34.100917],[136.270457,34.101025],[136.27002,34.101142],[136.269607,34.101367],[136.269132,34.101566],[136.26872,34.101925],[136.268482,34.1022],[136.267982,34.102466],[136.267482,34.10265],[136.26697,34.102716],[136.26677,34.102675],[136.266358,34.102491],[136.265095,34.101775],[136.263858,34.101458],[136.263208,34.101325],[136.262933,34.101233],[136.262483,34.101008],[136.262108,34.100675],[136.261745,34.10045],[136.26152,34.099883],[136.260283,34.099233],[136.25977,34.099075],[136.259546,34.098867],[136.258996,34.09815],[136.258858,34.098033],[136.258883,34.09765],[136.258996,34.097567],[136.259133,34.097342],[136.259658,34.097067],[136.259733,34.096592],[136.259521,34.095809],[136.259521,34.095559],[136.259771,34.095334],[136.259908,34.095125],[136.259846,34.094884],[136.259908,34.0945],[136.259683,34.093642],[136.259683,34.093326],[136.259571,34.093034],[136.259771,34.092267],[136.260183,34.091792],[136.260421,34.091684],[136.260696,34.091434],[136.260558,34.091343],[136.260733,34.090534],[136.260783,34.090284],[136.260871,34.090168],[136.260971,34.090076],[136.260896,34.089968],[136.260808,34.089943],[136.260758,34.089784],[136.260671,34.089701],[136.260596,34.089701],[136.259983,34.089268],[136.259958,34.089043],[136.259846,34.088909],[136.259796,34.088884],[136.259733,34.089109],[136.259271,34.088751],[136.259271,34.088643],[136.259358,34.088501],[136.259271,34.088343],[136.259046,34.088326],[136.258971,34.088185],[136.258583,34.088118],[136.258421,34.08796],[136.258396,34.08781],[136.257708,34.087785],[136.257458,34.08756],[136.257233,34.08751],[136.257371,34.08776],[136.257433,34.087785],[136.256908,34.08781],[136.256546,34.088034],[136.255833,34.088009],[136.255721,34.088126],[136.256108,34.088234],[136.256083,34.088393],[136.255533,34.088368],[136.255321,34.088418],[136.255046,34.088393],[136.254821,34.088301],[136.254871,34.088259],[136.255233,34.088234],[136.255121,34.088126],[136.254846,34.088076],[136.254296,34.088101],[136.254134,34.088218],[136.254184,34.088351],[136.254321,34.088418],[136.254359,34.088909],[136.254571,34.089068],[136.254796,34.089451],[136.254683,34.089701],[136.253884,34.089768],[136.253584,34.089976],[136.253496,34.090134],[136.253584,34.090176],[136.253584,34.090334],[136.253396,34.090467],[136.253171,34.090534],[136.253196,34.090626],[136.253309,34.090692],[136.253421,34.090901],[136.253171,34.091234],[136.252959,34.091351],[136.252821,34.091592],[136.252821,34.091684],[136.252596,34.091909],[136.252459,34.091976],[136.252021,34.092451],[136.251771,34.092501],[136.251659,34.092609],[136.251221,34.092926],[136.250921,34.0932],[136.250696,34.093242],[136.250671,34.093217],[136.250421,34.093284],[136.250396,34.093667],[136.250259,34.093759],[136.249984,34.093742],[136.249959,34.093809],[136.250184,34.093917],[136.250259,34.0941],[136.249709,34.094167],[136.249684,34.0943],[136.249871,34.09435],[136.249934,34.094392],[136.249521,34.094775],[136.249321,34.094909],[136.249271,34.095067],[136.249296,34.095134],[136.249109,34.095342],[136.249159,34.095517],[136.249321,34.095542],[136.249659,34.0955],[136.249796,34.095384],[136.250096,34.095292],[136.250371,34.095409],[136.250759,34.0959],[136.250996,34.0964],[136.251134,34.09685],[136.251221,34.097725],[136.250946,34.098858],[136.250784,34.099283],[136.249546,34.101108],[136.249321,34.101225],[136.249271,34.101316],[136.249459,34.101741],[136.249359,34.102008],[136.248971,34.102533],[136.248634,34.102599],[136.248496,34.102733],[136.248284,34.102774],[136.248121,34.102774],[136.248121,34.102849],[136.248609,34.103341],[136.248834,34.103474],[136.249084,34.103541],[136.249271,34.103766],[136.249771,34.103883],[136.250009,34.104374],[136.250484,34.104691],[136.250784,34.104758],[136.251196,34.104691],[136.251883,34.104441],[136.253233,34.104374],[136.254271,34.104466],[136.254433,34.104558],[136.255008,34.106291],[136.255833,34.106399],[136.256471,34.106674],[136.256858,34.106899],[136.257246,34.106941],[136.257933,34.106916],[136.258471,34.106966],[136.25892,34.107032],[136.260208,34.107657],[136.260433,34.107949],[136.260433,34.108249],[136.260295,34.108557],[136.260258,34.108782],[136.260295,34.108857],[136.26037,34.108874],[136.260758,34.108716],[136.261333,34.108782],[136.26167,34.109007],[136.261745,34.109124],[136.261945,34.109932],[136.262158,34.110157],[136.26257,34.11014],[136.263533,34.110565],[136.263808,34.11079],[136.264033,34.111107],[136.264445,34.11124],[136.264608,34.111532],[136.265182,34.111824],[136.265895,34.112115],[136.266745,34.112315],[136.267045,34.112299],[136.267132,34.112365],[136.266995,34.112457],[136.26692,34.112615],[136.266945,34.113082],[136.266882,34.11349],[136.266745,34.113557],[136.266532,34.11354],[136.266282,34.113557],[136.265895,34.113782],[136.265707,34.11374],[136.265545,34.113582],[136.26537,34.113607],[136.265345,34.113674],[136.265207,34.113715],[136.264657,34.113698],[136.264582,34.113807],[136.264607,34.114257],[136.264495,34.114532],[136.264582,34.114848],[136.26482,34.11509],[136.264932,34.115157],[136.264932,34.115457],[136.26502,34.11579],[136.265207,34.116107],[136.265407,34.116198],[136.265645,34.116132],[136.265845,34.116198],[136.266332,34.116198],[136.266395,34.116332],[136.266332,34.116623],[136.266395,34.116965],[136.26647,34.117165],[136.26642,34.117481],[136.26647,34.117573],[136.266607,34.117573],[136.267082,34.117232],[136.26752,34.11714],[136.267907,34.117115],[136.267982,34.116982],[136.268207,34.116823],[136.26807,34.116648],[136.268345,34.116507],[136.269007,34.117007],[136.26972,34.116282],[136.270207,34.116665],[136.26942,34.117548],[136.269582,34.117682],[136.269795,34.117498],[136.270245,34.118156],[136.270295,34.118331],[136.26977,34.11854],[136.269582,34.118765],[136.269445,34.118856],[136.26947,34.118898],[136.269807,34.11899],[136.270045,34.119281],[136.270107,34.119548],[136.270269,34.119731],[136.270219,34.120048],[136.26977,34.120656],[136.26972,34.12079],[136.269695,34.121264],[136.26972,34.121373],[136.269907,34.121689],[136.270819,34.121648],[136.271069,34.121556],[136.271307,34.121281],[136.271394,34.120923],[136.271532,34.120565],[136.271757,34.120365],[136.272132,34.12029],[136.272519,34.12034],[136.273232,34.120806],[136.273507,34.121215],[136.273782,34.121415],[136.274057,34.12144],[136.274419,34.121415],[136.274807,34.12144],[136.274919,34.121306],[136.275107,34.12124],[136.275294,34.121056],[136.275432,34.121056],[136.275569,34.121256],[136.275907,34.121981],[136.276019,34.122315],[136.275982,34.122564],[136.275744,34.122523],[136.275294,34.122523],[136.274882,34.122564],[136.274419,34.122706],[136.273957,34.122906],[136.273544,34.123173],[136.273157,34.123489],[136.272882,34.123781],[136.272519,34.123856],[136.272244,34.124014],[136.272107,34.124281],[136.272144,34.125089],[136.271894,34.125406],[136.271507,34.125681],[136.271232,34.126381],[136.271182,34.126622],[136.271257,34.126831],[136.271644,34.126781],[136.272444,34.126647],[136.272794,34.126556],[136.273019,34.126606],[136.273344,34.127097],[136.273319,34.127214],[136.273019,34.127372],[136.271119,34.12798],[136.271144,34.128155],[136.270494,34.128589],[136.270357,34.128522],[136.268707,34.128947],[136.268432,34.128972],[136.268132,34.12888],[136.267907,34.128589],[136.267682,34.128205],[136.267607,34.127847],[136.267357,34.127264],[136.26747,34.127172],[136.266532,34.125664],[136.266257,34.125122],[136.266145,34.124764],[136.265982,34.124447],[136.265795,34.124289],[136.265457,34.124222],[136.265157,34.124239],[136.264695,34.124622],[136.26422,34.124939],[136.264057,34.124856],[136.263832,34.124989],[136.26362,34.124922],[136.263345,34.125014],[136.262608,34.124539],[136.262795,34.124447],[136.26202,34.122123],[136.261808,34.122106],[136.261783,34.121856],[136.261995,34.121789],[136.261745,34.121406],[136.26147,34.121181],[136.26112,34.120956],[136.261033,34.120931],[136.26112,34.120773],[136.260133,34.120464],[136.26007,34.120548],[136.259308,34.120373],[136.258783,34.120148],[136.25837,34.119873],[136.258208,34.119964],[136.257758,34.119473],[136.257383,34.118881],[136.257345,34.118165],[136.257383,34.117873],[136.25727,34.117581],[136.25702,34.117331],[136.256421,34.116973],[136.256333,34.116831],[136.256283,34.116523],[136.256333,34.11634],[136.256521,34.116206],[136.256558,34.116048],[136.256283,34.11584],[136.255946,34.115706],[136.255846,34.115465],[136.255758,34.115056],[136.255571,34.114648],[136.255071,34.113932],[136.254933,34.11364],[136.253533,34.113365],[136.252896,34.112557],[136.252983,34.11199],[136.252646,34.111607],[136.250971,34.111273],[136.250896,34.11109],[136.248634,34.111115],[136.247984,34.111073],[136.247145,34.110945],[136.247121,34.110948],[136.246896,34.110882],[136.246821,34.11084],[136.246371,34.110698],[136.246146,34.110557],[136.245971,34.110265],[136.245871,34.109907],[136.245846,34.109565],[136.242972,34.109407],[136.242847,34.109549],[136.241622,34.10884],[136.241572,34.108699],[136.241172,34.108432],[136.241122,34.10834],[136.241059,34.107957],[136.241109,34.107774],[136.241309,34.10759],[136.241584,34.107415],[136.241859,34.107282],[136.242747,34.106949],[136.242922,34.106749],[136.243047,34.106524],[136.243147,34.106141],[136.243097,34.105982],[136.242847,34.105941],[136.242497,34.105932],[136.242372,34.105957],[136.242347,34.105891],[136.242449,34.105484],[136.242434,34.105482],[136.242309,34.105457],[136.241809,34.105457],[136.240922,34.105341],[136.239784,34.104966],[136.238184,34.104641],[136.237034,34.104341],[136.23651,34.104132],[136.23606,34.103882],[136.235335,34.103332],[136.234985,34.103132],[136.23411,34.102941],[136.23316,34.102824],[136.23261,34.102774],[136.23186,34.102857],[136.231435,34.102832],[136.230735,34.102674],[136.230135,34.102374],[136.229735,34.102124],[136.22921,34.101716],[136.22846,34.101074],[136.227573,34.100141],[136.227398,34.099808],[136.227348,34.099583],[136.227323,34.099266],[136.227485,34.098791],[136.227635,34.0987],[136.22776,34.098566],[136.22826,34.098366],[136.228485,34.09835],[136.228685,34.098191],[136.229048,34.098058],[136.229348,34.098241],[136.229398,34.097991],[136.229298,34.097808],[136.229323,34.097741],[136.229448,34.097675],[136.229548,34.097383],[136.229748,34.097183],[136.229998,34.097075],[136.23026,34.096733],[136.23021,34.096466],[136.23031,34.096375],[136.230585,34.0962],[136.230635,34.096242],[136.23086,34.096225],[136.23106,34.096],[136.231223,34.095683],[136.231423,34.095417],[136.231597,34.095325],[136.231647,34.0951],[136.231747,34.09485],[136.231922,34.094717],[136.23211,34.0944],[136.232135,34.094017],[136.232185,34.094017],[136.232435,34.093817],[136.232485,34.093642],[136.23246,34.09335],[136.232772,34.093284],[136.232997,34.093167],[136.233147,34.093034],[136.233022,34.092925],[136.233022,34.092784],[136.233397,34.09245],[136.233935,34.092209],[136.234085,34.091959],[136.23436,34.091759],[136.23441,34.091534],[136.23431,34.091309],[136.234235,34.0911],[136.234422,34.0909],[136.234947,34.090725],[136.235097,34.090526],[136.235247,34.090251],[136.235297,34.090209],[136.235647,34.090142],[136.235897,34.090009],[136.23671,34.089384],[136.236885,34.089276],[136.236735,34.088934],[136.236735,34.088734],[136.236797,34.088526],[136.236972,34.088326],[136.237047,34.088167],[136.237097,34.087926],[136.236897,34.087518],[136.23681,34.087134],[136.236635,34.086968],[136.236535,34.086793],[136.236522,34.086668],[136.236222,34.086476],[136.235822,34.086143],[136.235485,34.085926],[136.234848,34.085851],[136.234548,34.085851],[136.233798,34.085793],[136.233235,34.085793],[136.23276,34.085559],[136.232435,34.085484],[136.232148,34.085484],[136.231498,34.085743],[136.231173,34.085743],[136.230898,34.085684],[136.22991,34.085818],[136.229135,34.085826],[136.228723,34.085876],[136.228361,34.085851],[136.227698,34.085551],[136.227498,34.085351],[136.227373,34.085134],[136.227298,34.084284],[136.227261,34.084184],[136.226998,34.083959],[136.226236,34.083543],[136.225936,34.083309],[136.225786,34.083118],[136.225611,34.082768],[136.225586,34.081759],[136.225673,34.081585],[136.225823,34.08146],[136.225861,34.08131],[136.225773,34.081235],[136.225448,34.081151],[136.225011,34.081101],[136.224486,34.081101],[136.224374,34.08116],[136.224124,34.081476],[136.223824,34.081634],[136.222961,34.081868],[136.222599,34.081876],[136.222261,34.081743],[136.221924,34.081526],[136.221036,34.080701],[136.220724,34.080493],[136.220449,34.080368],[136.219637,34.080368],[136.219212,34.080334],[136.218537,34.079809],[136.218449,34.079734],[136.217987,34.079459],[136.217062,34.079168],[136.216712,34.079109],[136.216574,34.079126],[136.216324,34.079251],[136.215774,34.079609],[136.215612,34.079793],[136.215387,34.079926],[136.215087,34.079993],[136.214625,34.079926],[136.213587,34.079651],[136.213512,34.079668],[136.21295,34.079468],[136.212325,34.079093],[136.211737,34.078576],[136.211638,34.078301],[136.211375,34.078076],[136.2111,34.077926],[136.210838,34.077859],[136.210338,34.077534],[136.210438,34.077476],[136.210513,34.077318],[136.2104,34.077226],[136.209825,34.077393],[136.209725,34.077701],[136.2094,34.077709],[136.209088,34.077651],[136.208725,34.077426],[136.208513,34.077493],[136.20845,34.077593],[136.208188,34.077559],[136.2079,34.077409],[136.207663,34.077209],[136.207451,34.076709],[136.206776,34.074709],[136.206738,34.074618],[136.206476,34.074676],[136.206763,34.075751],[136.206738,34.075759],[136.206963,34.076676],[136.206888,34.077026],[136.206938,34.077243],[136.206613,34.077434],[136.206176,34.077567],[136.205826,34.077626],[136.205526,34.077601],[136.205538,34.077542],[136.205413,34.077392],[136.203863,34.077309],[136.203938,34.077226],[136.203938,34.076751],[136.204663,34.076559],[136.204676,34.076451],[136.204576,34.076184],[136.203551,34.076384],[136.203176,34.077109],[136.202926,34.077017],[136.202876,34.076959],[136.202726,34.076934],[136.202326,34.076934],[136.202201,34.077059],[136.202039,34.077001],[136.201701,34.076751],[136.201264,34.076251],[136.201039,34.076142],[136.200926,34.076142],[136.200826,34.076176],[136.200801,34.075642],[136.200826,34.075359],[136.200939,34.075317],[136.201901,34.075251],[136.202501,34.075101],[136.202576,34.074876],[136.202539,34.074684],[136.202351,34.074651],[136.202014,34.074651],[136.201776,34.074618],[136.201814,34.074268],[136.202226,34.074109],[136.202301,34.073976],[136.201651,34.073868],[136.201751,34.072193],[136.201776,34.072018],[136.202689,34.072101],[136.202701,34.072493],[136.203026,34.072501],[136.203114,34.071451],[136.204614,34.07046],[136.204876,34.068543],[136.205201,34.068527],[136.207238,34.069368],[136.207626,34.06951],[136.210863,34.065477],[136.207963,34.063577],[136.208238,34.063261],[136.208851,34.062986],[136.209363,34.062694],[136.209725,34.062553],[136.210075,34.062536],[136.2105,34.062694],[136.211938,34.063469],[136.212275,34.063611],[136.212625,34.063678],[136.2129,34.063653],[136.213063,34.063686],[136.213562,34.063919],[136.2136,34.063969],[136.213875,34.064153],[136.21435,34.064278],[136.214762,34.064278],[136.215137,34.064228],[136.215525,34.064103],[136.2158,34.063978],[136.215937,34.063794],[136.216025,34.063561],[136.216512,34.063394],[136.216825,34.063528],[136.216937,34.063719],[136.217575,34.063678],[136.21765,34.063553],[136.218124,34.063669],[136.218312,34.063611],[136.218287,34.063178],[136.218487,34.063078],[136.218799,34.063003],[136.219474,34.06272],[136.219837,34.06262],[136.220537,34.062595],[136.220987,34.062686],[136.221324,34.062903],[136.221662,34.063045],[136.222074,34.063136],[136.222087,34.06322],[136.222274,34.063328],[136.222287,34.063303],[136.222499,34.063303],[136.222799,34.063353],[136.223086,34.063245],[136.223899,34.06352],[136.224036,34.063536],[136.224661,34.063436],[136.225099,34.063511],[136.226061,34.064036],[136.226774,34.06432],[136.226899,34.064511],[136.226724,34.06477],[136.226599,34.065186],[136.226586,34.065453],[136.226686,34.065578],[136.227199,34.06562],[136.227599,34.06562],[136.228223,34.065511],[136.228448,34.065253],[136.228923,34.065203],[136.229636,34.065195],[136.230698,34.065078],[136.231173,34.065078],[136.231686,34.065145],[136.232448,34.065453],[136.232661,34.065495],[136.233073,34.065311],[136.233223,34.064911],[136.233411,34.064561],[136.233623,34.064328],[136.233898,34.064145],[136.23436,34.064053],[136.234998,34.06402],[136.235735,34.064295],[136.236723,34.064645],[136.236923,34.064562],[136.236973,34.064653],[136.23716,34.064862],[136.237323,34.064978],[136.237573,34.06472],[136.23781,34.06452],[136.23811,34.064403],[136.238335,34.064203],[136.238423,34.06402],[136.238735,34.06387],[136.239173,34.06382],[136.239598,34.063887],[136.240148,34.064203],[136.240623,34.06427],[136.240897,34.064412],[136.24106,34.06432],[136.240997,34.063978],[136.241185,34.063787],[136.241435,34.063687],[136.241635,34.063712],[136.241747,34.063778],[136.241622,34.063962],[136.241547,34.064037],[136.242347,34.064112],[136.242697,34.065453],[136.243697,34.06542],[136.243897,34.064387],[136.243985,34.064137],[136.24396,34.063629],[136.244035,34.063354],[136.244447,34.063137],[136.24476,34.06312],[136.245047,34.063279],[136.245322,34.063554],[136.245585,34.063695],[136.245872,34.063754],[136.246135,34.063712],[136.246497,34.06352],[136.24661,34.063495],[136.24701,34.063554],[136.247146,34.063576],[136.247297,34.063654],[136.247447,34.063904],[136.247672,34.063837],[136.247872,34.063929],[136.248072,34.06397],[136.248272,34.064129],[136.248372,34.064045],[136.248397,34.063904],[136.248547,34.063862],[136.248547,34.063679],[136.248909,34.063504],[136.249034,34.06357],[136.249159,34.063487],[136.249034,34.063329],[136.249084,34.062762],[136.249009,34.062579],[136.248972,34.06242],[136.249272,34.062179],[136.249472,34.062245],[136.249547,34.062021],[136.249722,34.061996],[136.249897,34.062112],[136.250172,34.062046],[136.250372,34.061954],[136.250422,34.062004],[136.250597,34.062054],[136.250622,34.061912],[136.250547,34.061779],[136.251034,34.061579],[136.251284,34.061646],[136.251609,34.061604],[136.251884,34.061629],[136.252009,34.061721],[136.252284,34.061721],[136.252509,34.061929],[136.252784,34.061729],[136.252784,34.061546],[136.252834,34.061571],[136.252959,34.061521],[136.253034,34.061387],[136.253009,34.061229],[136.252834,34.061187],[136.252709,34.061071],[136.252659,34.061096],[136.252509,34.061046],[136.252534,34.060887],[136.252384,34.060912],[136.252384,34.060954],[136.252259,34.060937],[136.252184,34.060796],[136.252109,34.060846],[136.251909,34.060796],[136.251809,34.060729],[136.251734,34.060587],[136.251584,34.060612],[136.251484,34.060721],[136.251234,34.060629],[136.250834,34.060721],[136.250809,34.060587],[136.251009,34.060496],[136.250959,34.060404],[136.250734,34.060379],[136.250634,34.060287],[136.250409,34.060312],[136.250397,34.060196],[136.250272,34.060037],[136.250497,34.059904],[136.250597,34.059771],[136.250597,34.059704],[136.250347,34.059387],[136.250122,34.059404],[136.250197,34.059496],[136.249872,34.059629],[136.249747,34.059604],[136.249447,34.059804],[136.249497,34.059962],[136.249359,34.060079],[136.249347,34.059879],[136.249147,34.059804],[136.249009,34.059937],[136.248785,34.060096],[136.24881,34.060371],[136.248685,34.060521],[136.24856,34.060662],[136.248335,34.060679],[136.24826,34.060654],[136.24811,34.060746],[136.247985,34.060654],[136.247885,34.060404],[136.247685,34.060337],[136.24721,34.060312],[136.24721,34.060262],[136.247146,34.060259],[136.246635,34.060329],[136.24601,34.060396],[136.245747,34.060371],[136.245535,34.060304],[136.245047,34.060371],[136.24486,34.060429],[136.24471,34.060329],[136.24461,34.060137],[136.244435,34.060112],[136.244372,34.060137],[136.24421,34.060112],[136.243597,34.059746],[136.243285,34.059521],[136.242997,34.059154],[136.242985,34.058896],[136.243172,34.058646],[136.24341,34.058387],[136.243435,34.058054],[136.243385,34.057687],[136.243922,34.056946],[136.24441,34.056096],[136.244635,34.055904],[136.244872,34.055846],[136.244947,34.055746],[136.244835,34.055529],[136.24461,34.055338],[136.244635,34.055296],[136.24446,34.054605],[136.24441,34.05413],[136.24451,34.053705],[136.245135,34.052655],[136.245285,34.05253],[136.245422,34.05248],[136.245397,34.052338],[136.24466,34.052296],[136.244422,34.052255],[136.244197,34.051905],[136.24406,34.051447],[136.243897,34.051288],[136.243697,34.050872],[136.24356,34.050372],[136.243535,34.049922],[136.24381,34.048772],[136.243997,34.04833],[136.244197,34.04808],[136.244397,34.048022],[136.244485,34.048055],[136.244635,34.047972],[136.244785,34.047705],[136.24471,34.047639],[136.244897,34.04648],[136.24521,34.045639],[136.245372,34.045164],[136.24526,34.044106],[136.24516,34.043614],[136.245197,34.043214],[136.24546,34.042389],[136.245397,34.041931],[136.245198,34.041556],[136.244823,34.041064],[136.244748,34.040881],[136.244385,34.040414],[136.244098,34.040123],[136.244323,34.038856],[136.244335,34.038481],[136.244485,34.038248],[136.244698,34.038165],[136.244948,34.038006],[136.24521,34.038115],[136.24571,34.03799],[136.245835,34.03799],[136.246572,34.037823],[136.246935,34.037856],[136.247146,34.037787],[136.247172,34.03779],[136.247172,34.037748],[136.247422,34.037815],[136.247422,34.037865],[136.247547,34.037973],[136.247772,34.037998],[136.247822,34.038065],[136.247972,34.03809],[136.248072,34.038298],[136.248147,34.03834],[136.248247,34.038231],[136.248622,34.038231],[136.248747,34.038123],[136.248722,34.037873],[136.248947,34.037765],[136.24926,34.037715],[136.249472,34.037831],[136.249585,34.037806],[136.249872,34.037906],[136.249897,34.037948],[136.250297,34.03804],[136.25056,34.037865],[136.25091,34.037798],[136.251135,34.03764],[136.251235,34.037531],[136.25141,34.037481],[136.25146,34.037306],[136.251735,34.037173],[136.251847,34.036815],[136.252047,34.036765],[136.252022,34.03654],[136.252097,34.036407],[136.252172,34.036315],[136.252847,34.036323],[136.253122,34.036215],[136.253272,34.036298],[136.253397,34.036148],[136.253385,34.035965],[136.253485,34.035873],[136.253835,34.035765],[136.25411,34.035898],[136.254135,34.036015],[136.254309,34.036065],[136.254359,34.03624],[136.254684,34.03629],[136.254859,34.036248],[136.255134,34.036273],[136.255384,34.036182],[136.255534,34.036048],[136.255784,34.036048],[136.255809,34.035848],[136.255634,34.035623],[136.255884,34.035598],[136.255934,34.035573],[136.255959,34.035415],[136.256272,34.035282],[136.256347,34.035132],[136.256647,34.035065],[136.256547,34.034815],[136.256722,34.034565],[136.256384,34.034157],[136.256109,34.034065],[136.256034,34.033957],[136.256084,34.033815],[136.256209,34.033865],[136.256359,34.033824],[136.256434,34.03389],[136.256609,34.03384],[136.256634,34.033707],[136.256709,34.033549],[136.256934,34.033599],[136.257084,34.033532],[136.256934,34.03344],[136.257034,34.033374],[136.257309,34.033374],[136.257284,34.03324],[136.257047,34.032965],[136.257272,34.032882],[136.257522,34.032882],[136.257847,34.032724],[136.257897,34.032632],[136.257922,34.032432],[136.258022,34.032324],[136.258222,34.032207],[136.258397,34.03219],[136.258422,34.03239],[136.258547,34.032482],[136.258522,34.032615],[136.258697,34.032599],[136.258722,34.032665],[136.259197,34.03269],[136.259247,34.032782],[136.260047,34.032515],[136.260222,34.03254],[136.260434,34.032499],[136.260584,34.032357],[136.260684,34.032449],[136.261159,34.032299],[136.261134,34.032249],[136.261084,34.03209],[136.261234,34.03209],[136.261459,34.032007],[136.261634,34.032099],[136.261884,34.031991],[136.261909,34.031874],[136.262134,34.031832],[136.262509,34.031832],[136.262759,34.032107],[136.263134,34.032132],[136.263434,34.032091],[136.263409,34.031949],[136.263472,34.031841],[136.263634,34.031957],[136.263784,34.031974],[136.264071,34.031957],[136.264021,34.031757],[136.263846,34.031666],[136.264021,34.031599],[136.264196,34.031599],[136.264346,34.031757],[136.264496,34.031757],[136.264596,34.031666],[136.264646,34.031666],[136.264721,34.031807],[136.264846,34.031824],[136.265021,34.031807],[136.265296,34.031649],[136.265396,34.031541],[136.265571,34.031741],[136.265871,34.031882],[136.265996,34.031766],[136.266221,34.031657],[136.266146,34.031316],[136.265946,34.031274],[136.265884,34.031116],[136.266134,34.030824],[136.266434,34.030624],[136.266634,34.030399],[136.267034,34.030199],[136.267484,34.030241],[136.267484,34.030316],[136.267634,34.030291],[136.267759,34.030407],[136.267959,34.030407],[136.268009,34.030474],[136.268134,34.030541],[136.268434,34.030474],[136.269021,34.030458],[136.269096,34.030299],[136.269021,34.030099],[136.269171,34.030074],[136.269321,34.030233],[136.269521,34.030283],[136.269796,34.030216],[136.270346,34.029883],[136.270371,34.029766],[136.270496,34.029633],[136.270509,34.029433],[136.270734,34.029366],[136.270709,34.029208],[136.270809,34.029074],[136.271109,34.028941],[136.271334,34.029033],[136.271559,34.029299],[136.271634,34.029299],[136.271984,34.029241],[136.272259,34.028991],[136.272334,34.028791],[136.272446,34.028658],[136.272371,34.028499],[136.271734,34.028716],[136.271709,34.028674],[136.271534,34.028583],[136.271521,34.028449],[136.271421,34.028374],[136.271496,34.028241],[136.271746,34.028174],[136.271971,34.028016],[136.272146,34.028066],[136.272346,34.028],[136.272471,34.027891],[136.272321,34.027775],[136.272171,34.027816],[136.272046,34.027525],[136.272346,34.027391],[136.272459,34.027208],[136.272534,34.027191],[136.272809,34.026966],[136.273259,34.026741],[136.273259,34.026725],[136.273734,34.026366],[136.273771,34.026316],[136.274046,34.02625],[136.274121,34.026141],[136.274246,34.026075],[136.274496,34.02605],[136.274621,34.025916],[136.274721,34.025783],[136.274996,34.02585],[136.275196,34.025766],[136.275446,34.025808],[136.275471,34.02565],[136.275446,34.02565],[136.275621,34.025583],[136.275746,34.0257],[136.275996,34.025608],[136.276183,34.025392],[136.276358,34.025433],[136.276883,34.025192],[136.277058,34.02515],[136.277058,34.025033],[136.277258,34.024942],[136.277333,34.024808],[136.277283,34.024767],[136.277596,34.024492],[136.277621,34.024358],[136.277896,34.024183],[136.277971,34.024092],[136.278021,34.024092],[136.278321,34.02385],[136.278396,34.02385],[136.278796,34.023667],[136.278971,34.0236],[136.279171,34.023625],[136.279508,34.0232],[136.279658,34.0232],[136.279708,34.023159],[136.279883,34.023134],[136.280158,34.022959],[136.280283,34.022917],[136.280483,34.022917],[136.280583,34.02285],[136.280946,34.02265],[136.281146,34.022584],[136.281221,34.022375],[136.281196,34.022359],[136.281196,34.022175],[136.281146,34.022042],[136.280921,34.022059],[136.280946,34.0219],[136.281121,34.021634],[136.281346,34.021434],[136.281533,34.020734],[136.281458,34.020617],[136.282071,34.020126],[136.282296,34.020017],[136.282421,34.019909],[136.282296,34.019859],[136.282471,34.019767],[136.282621,34.019617],[136.282696,34.019434],[136.282646,34.019459],[136.282796,34.019117],[136.282671,34.019051],[136.282321,34.019342],[136.282196,34.019517],[136.282096,34.019542],[136.282021,34.019609],[136.281921,34.019651],[136.281846,34.019476],[136.281821,34.019451],[136.281696,34.019492],[136.281696,34.019584],[136.281546,34.019559],[136.281471,34.019676],[136.281021,34.019576],[136.281021,34.019426],[136.281171,34.019359],[136.281221,34.019217],[136.281346,34.019176],[136.281371,34.019067],[136.281521,34.019084],[136.281596,34.018976],[136.281608,34.018751],[136.281446,34.018792],[136.281171,34.018817],[136.280971,34.018901],[136.280921,34.019059],[136.280746,34.019192],[136.280771,34.019217],[136.280696,34.019351],[136.280746,34.019442],[136.280671,34.019484],[136.280346,34.019417],[136.280221,34.019351],[136.279996,34.019351],[136.279821,34.019301],[136.280021,34.019142],[136.280046,34.019051],[136.280221,34.018984],[136.280396,34.018759],[136.280421,34.018676],[136.280283,34.018492],[136.280121,34.018492],[136.279921,34.018601],[136.279771,34.018601],[136.279721,34.018667],[136.279671,34.018376],[136.279658,34.018309],[136.279483,34.018234],[136.279346,34.018351],[136.279346,34.018551],[136.279246,34.018642],[136.279021,34.018526],[136.278946,34.018576],[136.278721,34.018592],[136.278646,34.018776],[136.278296,34.018859],[136.278321,34.018751],[136.278221,34.018567],[136.277896,34.018451],[136.277746,34.018451],[136.277646,34.018584],[136.277471,34.018609],[136.277471,34.018676],[136.277346,34.018717],[136.277396,34.018784],[136.277246,34.018851],[136.277096,34.018759],[136.277121,34.018559],[136.276721,34.018376],[136.276496,34.018376],[136.276321,34.018259],[136.276221,34.018442],[136.276171,34.018301],[136.276346,34.018151],[136.275896,34.018034],[136.275821,34.018051],[136.275621,34.018009],[136.275496,34.017917],[136.275446,34.017801],[136.275321,34.017759],[136.275171,34.017826],[136.274896,34.017842],[136.274746,34.018117],[136.274721,34.018134],[136.274546,34.018001],[136.274596,34.017909],[136.274571,34.017817],[136.274646,34.017709],[136.274546,34.017617],[136.274571,34.017367],[136.274409,34.017076],[136.274084,34.016984],[136.274009,34.016867],[136.273784,34.016776],[136.273684,34.016842],[136.273459,34.016884],[136.273296,34.016951],[136.273121,34.016951],[136.272996,34.017059],[136.272921,34.017242],[136.272771,34.017201],[136.272771,34.017042],[136.272646,34.017034],[136.272496,34.017017],[136.272709,34.016726],[136.272784,34.016426],[136.272634,34.016159],[136.272459,34.015934],[136.272259,34.015926],[136.272009,34.015793],[136.271934,34.015701],[136.271934,34.015593],[136.271609,34.015518],[136.271509,34.015543],[136.271409,34.015651],[136.271234,34.015651],[136.271259,34.015609],[136.270684,34.015351],[136.270809,34.015059],[136.270897,34.014976],[136.271072,34.014834],[136.270972,34.014751],[136.270697,34.014701],[136.270647,34.014651],[136.270472,34.014609],[136.270297,34.014626],[136.270197,34.014693],[136.269972,34.014693],[136.269934,34.014876],[136.269759,34.014893],[136.269672,34.014734],[136.269597,34.014718],[136.269622,34.014576],[136.269447,34.014559],[136.269222,34.014393],[136.269372,34.014059],[136.269597,34.014084],[136.269622,34.013926],[136.269547,34.013793],[136.269297,34.013943],[136.269172,34.013943],[136.269097,34.014009],[136.269047,34.013968],[136.269172,34.013876],[136.269222,34.013718],[136.269072,34.013743],[136.268922,34.013834],[136.268872,34.013759],[136.268897,34.013584],[136.268847,34.013559],[136.268672,34.013693],[136.268672,34.013876],[136.268522,34.013959],[136.268347,34.013801],[136.268247,34.013601],[136.268422,34.013443],[136.268272,34.013351],[136.268122,34.013443],[136.267972,34.013443],[136.267947,34.013393],[136.268097,34.013218],[136.267822,34.013126],[136.267622,34.013118],[136.267397,34.013209],[136.267272,34.013209],[136.266784,34.012826],[136.266259,34.012526],[136.26566,34.012251],[136.264835,34.012018],[136.26456,34.011743],[136.26431,34.01141],[136.26401,34.011243],[136.26396,34.011043],[136.263772,34.010726],[136.263797,34.01061],[136.263747,34.010501],[136.263085,34.010743],[136.26301,34.010851],[136.262885,34.010876],[136.262785,34.010985],[136.26266,34.010918],[136.262085,34.01096],[136.26161,34.01121],[136.261535,34.011451],[136.26196,34.011635],[136.26206,34.011726],[136.261947,34.011909],[136.261597,34.012043],[136.260872,34.012126],[136.260797,34.012259],[136.260547,34.012259],[136.260472,34.012168],[136.260372,34.012118],[136.260272,34.012209],[136.259847,34.012301],[136.259747,34.012184],[136.259547,34.012134],[136.259572,34.012368],[136.259222,34.012476],[136.258598,34.012334],[136.258323,34.012243],[136.258173,34.012034],[136.258123,34.011768],[136.258148,34.011543],[136.258248,34.011343],[136.258148,34.011226],[136.258198,34.011026],[136.25836,34.01091],[136.258385,34.010801],[136.258435,34.010801],[136.258585,34.010618],[136.25861,34.01051],[136.258485,34.010418],[136.258485,34.010301],[136.258335,34.010276],[136.25816,34.010168],[136.257785,34.010301],[136.257735,34.010385],[136.257585,34.010435],[136.25756,34.010568],[136.25741,34.010701],[136.257285,34.010743],[136.257148,34.011084],[136.256673,34.011284],[136.256548,34.011668],[136.256448,34.011826],[136.256248,34.011868],[136.25611,34.012268],[136.255935,34.012318],[136.255835,34.012293],[136.255685,34.012401],[136.255435,34.012451],[136.25551,34.012651],[136.25546,34.012718],[136.255285,34.012743],[136.25501,34.012826],[136.254773,34.013051],[136.254573,34.013117],[136.254148,34.013342],[136.253973,34.013501],[136.254048,34.013676],[136.254448,34.014001],[136.25436,34.014151],[136.25451,34.014267],[136.254035,34.014492],[136.253935,34.014376],[136.25336,34.014442],[136.25336,34.014617],[136.25266,34.014459],[136.25251,34.014476],[136.251948,34.014901],[136.251648,34.015309],[136.251473,34.015284],[136.251348,34.01535],[136.251298,34.0156],[136.251398,34.015892],[136.251385,34.0163],[136.251135,34.016859],[136.25101,34.016992],[136.250685,34.017109],[136.250198,34.0171],[136.249298,34.017009],[136.249186,34.016759],[136.247698,34.016742],[136.247146,34.016456],[136.246573,34.016034],[136.246261,34.015775],[136.245986,34.015867],[136.245561,34.015784],[136.245198,34.015784],[136.244498,34.016067],[136.244236,34.015859],[136.243399,34.014942],[136.243174,34.014759],[136.242711,34.014684],[136.242661,34.014684],[136.242511,34.014759],[136.242136,34.0148],[136.242036,34.014642],[136.242011,34.014484],[136.242274,34.01435],[136.242561,34.01425],[136.242949,34.014184],[136.243874,34.014184],[136.245148,34.014292],[136.246036,34.014334],[136.246536,34.014301],[136.246948,34.014226],[136.246986,34.014192],[136.246761,34.014076],[136.246611,34.014042],[136.246536,34.013951],[136.246611,34.013901],[136.247061,34.013834],[136.247146,34.013639],[136.247286,34.013584],[136.247311,34.013492],[136.247411,34.013426],[136.247611,34.013384],[136.247886,34.013409],[136.248461,34.013551],[136.248561,34.013709],[136.248661,34.013709],[136.249011,34.013751],[136.249211,34.013692],[136.249311,34.013576],[136.249411,34.013601],[136.249861,34.013534],[136.250248,34.013084],[136.250323,34.013084],[136.250423,34.013176],[136.250773,34.013251],[136.250998,34.013001],[136.250923,34.012776],[136.251473,34.012376],[136.251523,34.012393],[136.251723,34.012334],[136.251911,34.012176],[136.252161,34.012134],[136.252486,34.011859],[136.252461,34.011818],[136.252661,34.011459],[136.252786,34.011368],[136.252836,34.011184],[136.253073,34.011143],[136.253598,34.010901],[136.253573,34.010851],[136.253648,34.010701],[136.253873,34.010426],[136.253998,34.010093],[136.254198,34.010135],[136.254261,34.009893],[136.254211,34.009685],[136.254236,34.00966],[136.254461,34.00971],[136.254586,34.009643],[136.254661,34.009485],[136.25506,34.009351],[136.254986,34.009218],[136.255098,34.008968],[136.255123,34.008743],[136.255273,34.008568],[136.255098,34.008518],[136.254948,34.008518],[136.254923,34.008476],[136.254673,34.008426],[136.254523,34.008426],[136.254298,34.00851],[136.254173,34.008468],[136.254148,34.008285],[136.254048,34.00826],[136.253773,34.00806],[136.253698,34.00806],[136.253548,34.008126],[136.253498,34.007943],[136.253373,34.007876],[136.253398,34.007626],[136.253373,34.00756],[136.253786,34.00731],[136.253736,34.00731],[136.253661,34.007085],[136.253511,34.00706],[136.253336,34.006818],[136.253461,34.006518],[136.253661,34.006302],[136.254186,34.006368],[136.254236,34.006485],[136.254486,34.006527],[136.254736,34.00646],[136.255098,34.006285],[136.255348,34.006335],[136.255461,34.006493],[136.255698,34.006427],[136.255823,34.006227],[136.255773,34.006085],[136.256248,34.005885],[136.256248,34.00571],[136.256448,34.005502],[136.256511,34.005277],[136.256786,34.005219],[136.256761,34.00506],[136.256936,34.00506],[136.257336,34.005194],[136.257586,34.005202],[136.257736,34.005244],[136.257811,34.005152],[136.258036,34.005227],[136.258211,34.00516],[136.258361,34.00516],[136.25856,34.005227],[136.25876,34.00516],[136.258935,34.005027],[136.25921,34.005094],[136.25946,34.005102],[136.25966,34.004969],[136.26011,34.005152],[136.260235,34.005244],[136.26046,34.005244],[136.26066,34.005177],[136.26101,34.005244],[136.261285,34.00516],[136.26151,34.005202],[136.261848,34.005052],[136.262098,34.00516],[136.262198,34.005119],[136.262273,34.004935],[136.262348,34.004935],[136.262373,34.004785],[136.262673,34.004785],[136.262823,34.004694],[136.262898,34.004694],[136.262973,34.004535],[136.26336,34.004044],[136.26371,34.004027],[136.26391,34.004185],[136.26416,34.004319],[136.264123,34.004452],[136.264348,34.004635],[136.264398,34.004819],[136.264473,34.004885],[136.264673,34.005319],[136.264797,34.005477],[136.264997,34.005477],[136.265197,34.005544],[136.265172,34.00561],[136.265272,34.005794],[136.265385,34.00611],[136.26531,34.006269],[136.26541,34.006452],[136.265335,34.006677],[136.26551,34.00686],[136.26561,34.006835],[136.266085,34.007085],[136.26631,34.007177],[136.266485,34.007044],[136.26666,34.007135],[136.26691,34.007044],[136.267185,34.00716],[136.26731,34.00716],[136.26816,34.007102],[136.268335,34.007194],[136.26851,34.007102],[136.268685,34.006902],[136.26921,34.006794],[136.269372,34.006685],[136.269647,34.00666],[136.269922,34.006485],[136.270272,34.006235],[136.270497,34.006219],[136.270572,34.005994],[136.270747,34.005927],[136.27096,34.005794],[136.27116,34.005569],[136.27126,34.00541],[136.271485,34.005435],[136.271535,34.005302],[136.271485,34.00516],[136.272009,34.005169],[136.272134,34.005052],[136.272334,34.005011],[136.272484,34.005036],[136.272634,34.004994],[136.272822,34.004719],[136.272697,34.004544],[136.272172,34.004402],[136.271722,34.004194],[136.271647,34.004377],[136.271497,34.004394],[136.271422,34.004236],[136.270997,34.003986],[136.270947,34.003694],[136.270647,34.003602],[136.270647,34.003344],[136.270635,34.003294],[136.270722,34.003227],[136.270635,34.003019],[136.27056,34.002977],[136.270285,34.002236],[136.269722,34.001761],[136.269635,34.001536],[136.269585,34.001494],[136.26961,34.000994],[136.269522,34.000728],[136.26936,34.000861],[136.269335,34.000703],[136.269472,34.000461],[136.269472,34.000303],[136.269335,34.000253],[136.26901,34.000411],[136.268985,34.000528],[136.268685,34.000794],[136.26866,34.000911],[136.268335,34.001136],[136.267985,34.001219],[136.267897,34.001203],[136.267335,34.001361],[136.267098,34.001536],[136.26676,34.001111],[136.266435,34.000528],[136.26641,34.000411],[136.266435,34.000028],[136.266523,33.999894],[136.26646,33.999353],[136.266598,33.999019],[136.266573,33.99882],[136.266598,33.998411],[136.266998,33.998078],[136.267085,33.997578],[136.267023,33.997486],[136.266185,33.99682],[136.265885,33.99637],[136.26591,33.996145],[136.26616,33.995803],[136.266885,33.995445],[136.267098,33.995153],[136.267123,33.994878],[136.267185,33.994812],[136.267285,33.994837],[136.267585,33.99477],[136.267798,33.994678],[136.26791,33.994545],[136.267073,33.993987],[136.266236,33.99362],[136.265398,33.99342],[136.264561,33.993645],[136.264523,33.993845],[136.264586,33.994187],[136.264536,33.994345],[136.264148,33.994612],[136.264073,33.994637],[136.263473,33.994637],[136.263098,33.994812],[136.262636,33.995178],[136.262236,33.995962],[136.261773,33.996078],[136.261473,33.996345],[136.261286,33.99677],[136.260861,33.996903],[136.260798,33.996995],[136.260448,33.997311],[136.259773,33.997561],[136.259611,33.997653],[136.259023,33.997853],[136.258286,33.998053],[136.257773,33.998103],[136.257074,33.997811],[136.257149,33.997628],[136.257586,33.99727],[136.258023,33.997178],[136.258123,33.997136],[136.258236,33.996636],[136.258774,33.995961],[136.259636,33.995562],[136.259748,33.995445],[136.259873,33.994637],[136.260286,33.994387],[136.260898,33.994095],[136.260986,33.994028],[136.261148,33.993537],[136.260923,33.993062],[136.260711,33.992795],[136.260624,33.99252],[136.260899,33.992212],[136.260874,33.991737],[136.260274,33.991087],[136.260136,33.990545],[136.260374,33.990229],[136.260461,33.989512],[136.260274,33.989037],[136.260374,33.988479],[136.260836,33.988454],[136.261811,33.988629],[136.262411,33.98892],[136.263223,33.989512],[136.263761,33.989645],[136.264273,33.989529],[136.265411,33.989195],[136.265598,33.989079],[136.265736,33.989104],[136.266623,33.989129],[136.267111,33.989304],[136.267336,33.989354],[136.267736,33.989579],[136.267873,33.989712],[136.268623,33.989504],[136.269085,33.989554],[136.269685,33.989487],[136.27031,33.989012],[136.270685,33.988762],[136.27106,33.988562],[136.27141,33.988496],[136.271823,33.988296],[136.272035,33.988337],[136.272085,33.988312],[136.27241,33.988404],[136.272623,33.988379],[136.27236,33.988137],[136.272335,33.988004],[136.272435,33.988004],[136.272848,33.988087],[136.272923,33.988071],[136.272923,33.987954],[136.27246,33.987571],[136.272273,33.987212],[136.272623,33.986987],[136.272673,33.986879],[136.272248,33.986721],[136.272223,33.986513],[136.27241,33.986379],[136.272185,33.986138],[136.272348,33.986113],[136.272973,33.986113],[136.273223,33.985979],[136.272923,33.985529],[136.271998,33.984946],[136.27146,33.984788],[136.271348,33.984788],[136.27116,33.984604],[136.271185,33.984563],[136.271135,33.984579],[136.270911,33.984404],[136.270936,33.984313],[136.271073,33.984154],[136.270911,33.984046],[136.270773,33.983996],[136.270698,33.983754],[136.270748,33.983679],[136.270961,33.983613],[136.270911,33.983596],[136.270798,33.983454],[136.270673,33.983388],[136.270261,33.983388],[136.270073,33.983163],[136.269798,33.98238],[136.269911,33.98218],[136.269878,33.981929],[136.267784,33.982654],[136.264041,33.98422],[136.260805,33.985341],[136.257597,33.986926],[136.255404,33.989086],[136.253512,33.991306],[136.251124,33.993497],[136.248545,33.995578],[136.245981,33.997904],[136.2429,34.001646],[136.242231,34.003635],[136.240209,34.006311],[136.238768,34.0087],[136.237476,34.011346],[136.236933,34.012702],[136.235856,34.013805],[136.233847,34.014681],[136.232225,34.015332],[136.230337,34.017205],[136.229243,34.018822],[136.228572,34.020446],[136.227922,34.021987],[136.227101,34.022951],[136.22603,34.023369],[136.224609,34.024587],[136.223143,34.026308],[136.222464,34.027372],[136.221931,34.027798],[136.221193,34.027965],[136.220379,34.028001],[136.21923,34.027855],[136.217231,34.026954],[136.215697,34.025867],[136.214342,34.024549],[136.213783,34.023592],[136.21349,34.022066],[136.21344,34.020028],[136.213298,34.018272],[136.212816,34.017227],[136.212442,34.016808],[136.210652,34.015002],[136.208289,34.012106],[136.205714,34.010435],[136.203296,34.009256],[136.202378,34.008647],[136.200538,34.006719],[136.198462,34.005016],[136.196822,34.003577],[136.19548,34.002243],[136.194142,34.000951],[136.191982,33.999907],[136.189824,33.998543],[136.188135,33.997559],[136.187081,33.997389],[136.185115,33.997397],[136.18285,33.997291],[136.181297,33.997021],[136.179869,33.996396],[136.177842,33.994943],[136.175592,33.994248],[136.173661,33.994029],[136.171478,33.994172],[136.170043,33.993462],[136.167043,33.991173],[136.165768,33.990672],[136.163962,33.991009],[136.162087,33.992519],[136.159429,33.995468],[136.158165,33.997377],[136.157915,33.999147],[136.158035,34.000267],[136.158752,34.001032],[136.159966,34.001852],[136.16038,34.002405],[136.160231,34.002792],[136.159975,34.003101],[136.158064,34.005278],[136.157191,34.007191],[136.156846,34.009638],[136.156888,34.012711],[136.15659,34.013844],[136.15594,34.015265],[136.155196,34.016056],[136.154012,34.01661],[136.153116,34.017517],[136.152529,34.019093],[136.151756,34.020257],[136.151644,34.020548],[136.151406,34.020907],[136.151194,34.021315],[136.149781,34.022698],[136.149144,34.023456],[136.149006,34.023856],[136.148919,34.024348],[136.148569,34.024998],[136.148269,34.025223],[136.147756,34.025415],[136.146831,34.025498],[136.146181,34.025531],[136.146006,34.025564],[136.145556,34.025723],[136.143907,34.026498],[136.143244,34.026698],[136.141569,34.026764],[136.141132,34.026673],[136.140657,34.026773],[136.139694,34.027106],[136.139244,34.027189],[136.138795,34.027156],[136.138432,34.027031],[136.138057,34.026789],[136.137657,34.026722],[136.136595,34.026872],[136.135732,34.026939],[136.13537,34.027006],[136.135045,34.026997],[136.134682,34.026872],[136.13422,34.026847],[136.133833,34.026914],[136.133433,34.027031],[136.132845,34.027047],[136.132495,34.027022],[136.132145,34.026931],[136.13182,34.026756],[136.13142,34.026581],[136.131058,34.026522],[136.130758,34.026356],[136.130433,34.026089],[136.13002,34.026022],[136.129271,34.026347],[136.128946,34.026531],[136.128558,34.026689],[136.127796,34.026664],[136.127383,34.026597],[136.127108,34.026456],[136.126858,34.026514],[136.125608,34.027339],[136.124708,34.027855],[136.124383,34.027955],[136.123984,34.02798],[136.123671,34.027864],[136.123259,34.027572],[136.122946,34.027005],[136.122646,34.02673],[136.122371,34.02658],[136.122156,34.026552],[136.121434,34.026547],[136.120946,34.026339],[136.119596,34.025606],[136.119409,34.025306],[136.118772,34.025014],[136.118497,34.024789],[136.118434,34.024472],[136.118409,34.023756],[136.118309,34.023622],[136.118247,34.023622],[136.117372,34.023797],[136.116872,34.023822],[136.116297,34.023706],[136.115722,34.023547],[136.114509,34.023372],[136.114322,34.023389],[136.113872,34.023506],[136.11346,34.023547],[136.113135,34.023439],[136.112785,34.023164],[136.112372,34.022989],[136.11221,34.022989],[136.111872,34.023056],[136.11141,34.023281],[136.110835,34.023506],[136.110385,34.023597],[136.11006,34.023614],[136.10976,34.023531],[136.109235,34.023439],[136.108222,34.023397],[136.107498,34.023422],[136.106685,34.02353],[136.106298,34.023464],[136.105885,34.023305],[136.105448,34.023264],[136.104923,34.023372],[136.104073,34.023647],[136.103935,34.023714],[136.103685,34.023964],[136.103548,34.02428],[136.10336,34.024505],[136.102923,34.024797],[136.101336,34.025672],[136.101386,34.025763],[136.101598,34.025788],[136.102285,34.025738],[136.102973,34.025897],[136.10331,34.025855],[136.103623,34.025697],[136.10391,34.02548],[136.104198,34.025455],[136.104323,34.025489],[136.104423,34.025655],[136.10451,34.026072],[136.104435,34.02658],[136.104485,34.02718],[136.104485,34.027472],[136.104498,34.02773],[136.10436,34.028155],[136.104248,34.028347],[136.104023,34.028672],[136.10386,34.02893],[136.103685,34.029197],[136.103448,34.02958],[136.10321,34.029963],[136.10301,34.030263],[136.10271,34.031113],[136.10236,34.032855],[136.102385,34.033554],[136.102685,34.034854],[136.10256,34.035138],[136.101661,34.036179],[136.101498,34.036546],[136.101086,34.037012],[136.100973,34.037296],[136.101036,34.037621],[136.101261,34.038321],[136.101348,34.038796],[136.101348,34.039196],[136.101286,34.039379],[136.101148,34.039496],[136.100636,34.039696],[136.100198,34.039962],[136.099748,34.040304],[136.099473,34.04062],[136.099311,34.041045],[136.099098,34.041479],[136.098948,34.041654],[136.098686,34.042195],[136.098411,34.043645],[136.098136,34.044428],[136.097961,34.044745],[136.096598,34.045562],[136.096236,34.04582],[136.095449,34.04657],[136.094861,34.046928],[136.094236,34.04752],[136.093824,34.047645],[136.093336,34.047769],[136.092786,34.047944],[136.092286,34.048169],[136.091899,34.048419],[136.091936,34.048853],[136.092324,34.049294],[136.092836,34.049886],[136.093111,34.050269],[136.093673,34.051127],[136.094348,34.052319],[136.094498,34.053052],[136.094936,34.05341],[136.095473,34.054644],[136.095761,34.05511],[136.096286,34.055552],[136.096298,34.05626],[136.096885,34.057435],[136.096973,34.057935],[136.096923,34.05851],[136.09661,34.05936],[136.096198,34.059976],[136.095973,34.060401],[136.095498,34.061276],[136.09511,34.062034],[136.094586,34.062568],[136.094436,34.062984],[136.094486,34.063184],[136.094861,34.063501],[136.094148,34.064351],[136.094123,34.064809],[136.093811,34.065392],[136.093223,34.065709],[136.093036,34.065967],[136.093136,34.066109],[136.093786,34.06705],[136.094048,34.067867],[136.094123,34.068359],[136.093986,34.06885],[136.093961,34.069192],[136.094023,34.0693],[136.094373,34.069683],[136.094511,34.069775],[136.094486,34.070133],[136.094573,34.070658],[136.094523,34.070883],[136.094323,34.071242],[136.094023,34.071966],[136.093961,34.072325],[136.094098,34.0728],[136.094186,34.073625],[136.094273,34.073899],[136.094523,34.074099],[136.094598,34.074216],[136.094661,34.074508],[136.094661,34.074866],[136.094711,34.075249],[136.095348,34.075791],[136.095535,34.076041],[136.096123,34.076066],[136.096423,34.076132],[136.096698,34.076482],[136.096685,34.077491],[136.096523,34.07874],[136.096335,34.079215],[136.096035,34.079457],[136.095161,34.080182],[136.094698,34.080723],[136.093548,34.081957],[136.093048,34.082723],[136.093073,34.083015],[136.093673,34.083923],[136.094011,34.08424],[136.094098,34.08444],[136.094123,34.084815],[136.094261,34.084998],[136.094348,34.085023],[136.095173,34.085739],[136.095885,34.086556],[136.095973,34.086598],[136.09641,34.086598],[136.097423,34.086664],[136.097398,34.086706],[136.097598,34.086798],[136.09781,34.086864],[136.098048,34.086864],[136.098223,34.086773],[136.09831,34.086681],[136.098273,34.086664],[136.098523,34.086589],[136.09886,34.086656],[136.099123,34.086656],[136.09951,34.086614],[136.09981,34.086456],[136.10091,34.085731],[136.101635,34.085173],[136.102047,34.084723],[136.102472,34.084407],[136.103135,34.084207],[136.104097,34.084065],[136.104647,34.084065],[136.105372,34.084115],[136.105635,34.084065],[136.10591,34.083973],[136.106235,34.083832],[136.106522,34.08374],[136.106685,34.083699],[136.10696,34.083657],[136.107672,34.08364],[136.107922,34.08359],[136.108309,34.083707],[136.108934,34.083324],[136.110209,34.083032],[136.110784,34.082824],[136.111322,34.082582],[136.111709,34.082349],[136.111884,34.082307],[136.112184,34.082441],[136.112534,34.082507],[136.112672,34.082507],[136.112872,34.082557],[136.113309,34.082532],[136.113634,34.082441],[136.113996,34.082466],[136.114359,34.082532],[136.114659,34.082466],[136.115096,34.082241],[136.115484,34.082041],[136.115771,34.081824],[136.116559,34.082007],[136.117496,34.082132],[136.118521,34.082324],[136.118471,34.082391],[136.118184,34.082582],[136.117671,34.082741],[136.117496,34.082899],[136.117346,34.083116],[136.116909,34.084349],[136.116646,34.084499],[136.115796,34.084807],[136.115171,34.085207],[136.114484,34.085649],[136.114197,34.086007],[136.113872,34.086174],[136.113109,34.086365],[136.112797,34.086665],[136.112772,34.08674],[136.112447,34.087073],[136.111859,34.087907],[136.111534,34.088048],[136.111122,34.088315],[136.109984,34.088881],[136.109685,34.089331],[136.109422,34.089823],[136.109185,34.09014],[136.108835,34.090365],[136.10861,34.090481],[136.10831,34.090789],[136.108047,34.091173],[136.107872,34.091248],[136.107222,34.091181],[136.106985,34.091289],[136.106285,34.092772],[136.105935,34.093206],[136.105672,34.093314],[136.104497,34.093564],[136.10421,34.093772],[136.103948,34.094172],[136.10336,34.094356],[136.10321,34.094464],[136.103298,34.094672],[136.103623,34.094914],[136.103648,34.09528],[136.103623,34.095389],[136.103385,34.095614],[136.10221,34.096155],[136.102248,34.096289],[136.102573,34.09643],[136.102985,34.096672],[136.103423,34.097214],[136.10351,34.097239],[136.10381,34.097414],[136.10386,34.097689],[136.10366,34.097955],[136.103398,34.098405],[136.103373,34.098747],[136.103547,34.099213],[136.10381,34.099622],[136.104135,34.099913],[136.10461,34.10003],[136.104872,34.100272],[136.10526,34.100705],[136.10546,34.100813],[136.105997,34.101221],[136.106522,34.101755],[136.10776,34.10288],[136.107935,34.103196],[136.107822,34.103313],[136.107435,34.103554],[136.106822,34.103896],[136.106497,34.104029],[136.106447,34.104146],[136.10606,34.104504],[136.105647,34.104729],[136.105497,34.104888],[136.10486,34.105429],[136.104385,34.105879],[136.104122,34.106262],[136.10401,34.106687],[136.103947,34.107187],[136.10381,34.107704],[136.103897,34.107862],[136.103985,34.108604],[136.10411,34.108787],[136.10451,34.10887],[136.10516,34.109079],[136.105547,34.109345],[136.105722,34.109687],[136.105522,34.110245],[136.105485,34.11067],[136.105347,34.110879],[136.10511,34.111079],[136.105085,34.111145],[136.105135,34.111354],[136.10456,34.112878],[136.104435,34.113378],[136.104535,34.114162],[136.104235,34.114728],[136.104122,34.115153],[136.103972,34.115286],[136.103647,34.115311],[136.10321,34.115295],[136.10286,34.115445],[136.102422,34.115695],[136.101835,34.115945],[136.101622,34.116236],[136.101722,34.116686],[136.101572,34.116844],[136.101247,34.116936],[136.10081,34.116961],[136.100635,34.116936],[136.10016,34.116961],[136.100072,34.117003],[136.100097,34.117319],[136.100285,34.117678],[136.100372,34.117994],[136.10031,34.118194],[136.10016,34.118336],[136.099572,34.118628],[136.099372,34.118852],[136.099397,34.119094],[136.099547,34.119302],[136.099785,34.119502],[136.099847,34.119752],[136.099697,34.120202],[136.099672,34.120469],[136.099697,34.120536],[136.09996,34.120627],[136.100585,34.121486],[136.10106,34.121935],[136.101797,34.122335],[136.102322,34.122469],[136.102884,34.122519],[136.103472,34.122627],[136.104147,34.122877],[136.104759,34.122985],[136.104997,34.123077],[136.105147,34.123277],[136.105322,34.123752],[136.105497,34.123935],[136.105909,34.124135],[136.106272,34.124269],[136.106822,34.12436],[136.107034,34.124652],[136.107121,34.125352],[136.107271,34.125668],[136.107596,34.126068],[136.107984,34.126427],[136.108484,34.12681],[136.108421,34.127018],[136.108046,34.127785],[136.107959,34.128093],[136.108009,34.128435],[136.108159,34.12886],[136.108284,34.129376],[136.108246,34.12956],[136.107759,34.129851],[136.107434,34.130193],[136.107046,34.13066],[136.106759,34.131159],[136.106584,34.131701],[136.106296,34.133009],[136.106059,34.133318],[136.105709,34.133593],[136.105359,34.133951],[136.105146,34.134401],[136.104396,34.136475],[136.104484,34.136792],[136.104484,34.136967],[136.104421,34.137084],[136.104096,34.137084],[136.103659,34.137017],[136.103309,34.137017],[136.103047,34.137059],[136.102897,34.137175],[136.103309,34.138025],[136.103434,34.1385],[136.103484,34.13895],[136.103309,34.1394],[136.102322,34.14035],[136.102059,34.14075],[136.101909,34.141158],[136.101934,34.141541],[136.102147,34.141875],[136.102409,34.142241],[136.102759,34.142441],[136.103534,34.142758],[136.104684,34.143408],[136.105709,34.143766],[136.106096,34.143808],[136.106296,34.143899],[136.106359,34.144174],[136.106658,34.144983],[136.106708,34.145408],[136.106658,34.145699],[136.106421,34.146133],[136.106334,34.146374],[136.106359,34.146757],[136.106546,34.147166],[136.106571,34.147499],[136.106459,34.147882],[136.106196,34.148266],[136.105959,34.148491],[136.105896,34.148791],[136.106346,34.149124],[136.106459,34.149307],[136.106396,34.149574],[136.105871,34.150382],[136.105734,34.150882],[136.105884,34.151215],[136.105884,34.151374],[136.105646,34.152074],[136.105584,34.15239],[136.105709,34.152707],[136.107034,34.153807],[136.107446,34.154007],[136.107858,34.153982],[136.108321,34.153899],[136.108771,34.153915],[136.108946,34.153965],[136.109321,34.15419],[136.109796,34.15439],[136.110383,34.154549],[136.110858,34.154724],[136.111096,34.154974],[136.111633,34.156865],[136.111833,34.15729],[136.112483,34.15774],[136.112833,34.158123],[136.113133,34.158623],[136.113458,34.158982],[136.114433,34.159432],[136.11467,34.159607],[136.11472,34.159723],[136.114758,34.160757],[136.11467,34.161165],[136.114433,34.161498],[136.11402,34.16184],[136.113708,34.162156],[136.113645,34.162556],[136.113795,34.163123],[136.11347,34.163865],[136.113295,34.163956],[136.112683,34.164023],[136.112058,34.164206],[136.111508,34.164456],[136.111096,34.164681],[136.110946,34.164989],[136.111121,34.165556],[136.111808,34.166273],[136.112045,34.166839],[136.11207,34.167172],[136.112133,34.167356],[136.112108,34.167514],[136.112333,34.167514],[136.113045,34.167356],[136.113633,34.167106],[136.11407,34.166973],[136.114458,34.166948],[136.11557,34.167289],[136.115782,34.167306],[136.116245,34.167289],[136.11657,34.167173],[136.116982,34.167106],[136.117482,34.167081],[136.118007,34.166973],[136.118245,34.166881],[136.119807,34.165998],[136.120394,34.165706],[136.120632,34.166048],[136.121069,34.167106],[136.121332,34.167915],[136.121544,34.168298],[136.121757,34.168498],[136.122132,34.168565],[136.122146,34.168439],[136.122332,34.168406],[136.123106,34.168481],[136.124831,34.168923],[136.125356,34.16904],[136.126231,34.169065],[136.126806,34.16914],[136.127506,34.169415],[136.127856,34.169415],[136.127931,34.169373],[136.128144,34.16874],[136.128531,34.167657],[136.128656,34.166648],[136.128769,34.16624],[136.128969,34.165857],[136.129219,34.165615],[136.129606,34.165482],[136.130306,34.165482],[136.131131,34.165374],[136.131531,34.164999],[136.131656,34.16484],[136.131993,34.164665],[136.132368,34.16464],[136.132818,34.164715],[136.133793,34.16519],[136.134218,34.165282],[136.134618,34.165174],[136.135068,34.165132],[136.135468,34.16514],[136.135768,34.165274],[136.136018,34.165682],[136.136231,34.166182],[136.136356,34.166657],[136.136531,34.16704],[136.137855,34.167524],[136.13833,34.167732],[136.13903,34.167957],[136.13943,34.168032],[136.13978,34.167915],[136.13993,34.167832],[136.14038,34.16749],[136.141343,34.167007],[136.141818,34.166599],[136.141993,34.167007],[136.142355,34.168249],[136.14258,34.168499],[136.14293,34.168682],[136.143355,34.168824],[136.14448,34.169215],[136.145005,34.16949],[136.14513,34.16969],[136.145117,34.169915],[136.145192,34.16999],[136.144992,34.170265],[136.14478,34.17069],[136.14488,34.17074],[136.145592,34.170557],[136.146005,34.170532],[136.146592,34.170557],[136.14703,34.170507],[136.146617,34.171482],[136.146255,34.171748],[136.146005,34.172023],[136.14593,34.172407],[136.146042,34.17274],[136.14628,34.173148],[136.146555,34.173732],[136.146505,34.174048],[136.146017,34.174565],[136.146067,34.174815],[136.146155,34.175465],[136.146067,34.176773],[136.14623,34.17714],[136.146755,34.177765],[136.147829,34.178215],[136.148542,34.178731],[136.148867,34.178848],[136.148929,34.178981],[136.148867,34.179206],[136.148592,34.179614],[136.148517,34.179881],[136.148542,34.179973],[136.149004,34.180489],[136.149092,34.180806],[136.149279,34.181231],[136.149529,34.181914],[136.149804,34.182206],[136.150079,34.182747],[136.150054,34.183131],[136.150079,34.183514],[136.150304,34.183822],[136.150742,34.184164],[136.151816,34.184639],[136.152029,34.184881],[136.152229,34.185197],[136.152941,34.185781],[136.153216,34.186081],[136.153491,34.186306],[136.153541,34.186306],[136.153879,34.185831],[136.154154,34.185539],[136.154591,34.185222],[136.155141,34.184997],[136.155854,34.184789],[136.156591,34.184698],[136.156978,34.184606],[136.157303,34.184564],[136.157716,34.184631],[136.158541,34.184856],[136.159116,34.184831],[136.159428,34.185123],[136.159803,34.185598],[136.160078,34.185756],[136.161178,34.186231],[136.161703,34.186406],[136.16214,34.186456],[136.16289,34.186339],[136.163303,34.186314],[136.163653,34.186431],[136.16399,34.186631],[136.164503,34.186831],[136.16539,34.187081],[136.166315,34.187331],[136.16684,34.187439],[136.167665,34.187489],[136.168302,34.187639],[136.16874,34.187556],[136.16909,34.187573],[136.169865,34.187848],[136.170415,34.187823],[136.170827,34.187731],[136.171215,34.187756],[136.171627,34.18789],[136.171952,34.188073],[136.172315,34.18814],[136.172915,34.188156],[136.173077,34.188365],[136.173352,34.188973],[136.173927,34.189123],[136.174377,34.189348],[136.174677,34.189648],[136.174977,34.190006],[136.175614,34.190048],[136.176127,34.190006],[136.176464,34.18989],[136.176764,34.18969],[136.176952,34.189731],[136.177939,34.190156],[136.178214,34.190231],[136.178739,34.190273],[136.179014,34.19034],[136.179039,34.190381],[136.179451,34.190565],[136.180826,34.190656],[136.181164,34.19079],[136.181689,34.191081],[136.182014,34.191081],[136.182364,34.190965],[136.182639,34.190765],[136.182951,34.190607],[136.183226,34.190607],[136.183689,34.190648],[136.184126,34.190607],[136.184488,34.190515],[136.184763,34.19054],[136.185001,34.190765],[136.185276,34.190898],[136.185776,34.191057],[136.186163,34.190898],[136.186438,34.190873],[136.186963,34.191798],[136.187151,34.192023],[136.187426,34.192565],[136.187888,34.192948],[136.188338,34.19344],[136.188575,34.193348],[136.18905,34.193306],[136.189788,34.193398],[136.19095,34.19369],[136.191438,34.193598],[136.191688,34.193506],[136.191775,34.193506],[136.191988,34.193598],[136.192425,34.19364],[136.192513,34.193706],[136.192538,34.194048],[136.192463,34.194364],[136.192488,34.194748],[136.192563,34.195039],[136.192513,34.195289],[136.19215,34.195489],[136.191275,34.195914],[136.190975,34.196281],[136.190925,34.196439],[136.19095,34.197048],[136.19125,34.197831],[136.19125,34.198081],[136.191063,34.198172],[136.190763,34.198147],[136.190488,34.198306],[136.190425,34.198372],[136.18985,34.200155],[136.189875,34.200564],[136.189963,34.201122],[136.189913,34.201414],[136.1898,34.201664],[136.189963,34.202005],[136.190238,34.202205],[136.190288,34.202389],[136.1901,34.202905],[136.18985,34.20308],[136.189688,34.203488],[136.189525,34.204147],[136.189613,34.20448],[136.189825,34.204888],[136.189713,34.205205],[136.189688,34.205513],[136.189888,34.206196],[136.1898,34.20673],[136.189338,34.207121],[136.189113,34.207346],[136.188763,34.207905],[136.1887,34.208221],[136.188813,34.208471],[136.188875,34.208763],[136.188675,34.209438],[136.1887,34.209821],[136.188975,34.210879],[136.1892,34.211262],[136.189538,34.211579],[136.189613,34.211737],[136.1895,34.212387],[136.189775,34.212637],[136.1908,34.213245],[136.190912,34.21347],[136.190937,34.213787],[136.19105,34.214079],[136.191262,34.214329],[136.191375,34.214954],[136.191675,34.215387],[136.191787,34.21577],[136.1916,34.216195],[136.191625,34.216578],[136.191875,34.216845],[136.192262,34.217145],[136.192975,34.217928],[136.193387,34.21827],[136.193937,34.218628],[136.194674,34.219028],[136.194949,34.219328],[136.195199,34.219794],[136.195562,34.220044],[136.196362,34.219994],[136.196662,34.220203],[136.196774,34.220311],[136.197349,34.220469],[136.197787,34.219978],[136.197899,34.219903],[136.198199,34.219836],[136.198449,34.219819],[136.198686,34.219594],[136.198936,34.219503],[136.199186,34.219478],[136.199374,34.219344],[136.199574,34.219294],[136.200036,34.219386],[136.200561,34.219569],[136.201136,34.219678],[136.201661,34.219653],[136.202124,34.219494],[136.202486,34.219253],[136.203011,34.219094],[136.203111,34.21902],[136.203336,34.218753],[136.203748,34.218528],[136.204161,34.218411],[136.204573,34.218345],[136.204961,34.21832],[136.205236,34.218478],[136.205561,34.218795],[136.206061,34.219519],[136.206448,34.219944],[136.20746,34.220803],[136.207573,34.221069],[136.207485,34.221769],[136.207523,34.222152],[136.20766,34.222536],[136.207798,34.222777],[136.207848,34.223011],[136.207685,34.223161],[136.20686,34.223686],[136.206535,34.223977],[136.206473,34.224086],[136.206285,34.225235],[136.206285,34.225619],[136.206335,34.225985],[136.20626,34.22616],[136.205686,34.226594],[136.20571,34.22706],[136.205823,34.228102],[136.205798,34.228935],[136.206148,34.229268],[136.206735,34.229702],[136.207798,34.230377],[136.208185,34.230552],[136.208823,34.230668],[136.209348,34.230843],[136.211347,34.231293],[136.211597,34.231385],[136.212035,34.231652],[136.212372,34.231943],[136.212785,34.232102],[136.213272,34.232152],[136.21361,34.23226],[136.213797,34.23246],[136.21371,34.23271],[136.213797,34.233251],[136.214022,34.233501],[136.214272,34.233701],[136.214372,34.234243],[136.214435,34.234335],[136.214822,34.234626],[136.215172,34.234985],[136.215759,34.235776],[136.216247,34.236243],[136.217022,34.237326],[136.217409,34.237826],[136.217709,34.238568],[136.217959,34.238951],[136.218072,34.239193],[136.218097,34.239801],[136.218047,34.240209],[136.217872,34.240501],[136.217659,34.240726],[136.217572,34.240909],[136.217597,34.241176],[136.217572,34.241517],[136.217409,34.242084],[136.217384,34.242459],[136.217572,34.24325],[136.217609,34.243675],[136.217584,34.244134],[136.217609,34.244442],[136.217447,34.24535],[136.217584,34.245909],[136.217659,34.246042],[136.218047,34.246225],[136.218822,34.246384],[136.219172,34.246334],[136.220359,34.245925],[136.220684,34.245925],[136.221459,34.246175],[136.221921,34.246134],[136.222584,34.246375],[136.223021,34.246359],[136.223384,34.246442],[136.223796,34.246625],[136.224896,34.246575],[136.225496,34.246625],[136.225909,34.246575],[136.226384,34.246375],[136.226571,34.246242],[136.228009,34.245426],[136.228284,34.245359],[136.228521,34.245384],[136.229346,34.245292],[136.230721,34.245917],[136.231171,34.246484],[136.231384,34.246592],[136.232046,34.246684],[136.232371,34.246684],[136.233009,34.246817],[136.233509,34.246976],[136.234109,34.246909],[136.234846,34.246951],[136.235733,34.247201],[136.236196,34.247426],[136.236721,34.247509],[136.237496,34.247509],[136.237983,34.247576],[136.238433,34.247709],[136.238808,34.247759],[136.239121,34.247759],[136.239746,34.247601],[136.240321,34.247509],[136.240433,34.247576],[136.240521,34.247868],[136.240058,34.249084],[136.240133,34.249292],[136.240746,34.249984],[136.240933,34.250367],[136.241158,34.251159],[136.241096,34.251292],[136.240883,34.251609],[136.240246,34.252242],[136.239946,34.252734],[136.239771,34.253317],[136.239708,34.253342],[136.239521,34.253592],[136.239359,34.253884],[136.238946,34.2549],[136.238446,34.255642],[136.238346,34.256025],[136.238421,34.25625],[136.238784,34.256808],[136.238859,34.257125],[136.239859,34.257933],[136.240296,34.2583],[136.240521,34.258367],[136.240759,34.258383],[136.241096,34.258658],[136.241371,34.259083],[136.241759,34.2594],[136.241896,34.259758],[136.242196,34.260033],[136.242834,34.261317],[136.243046,34.261542],[136.243821,34.261808],[136.244346,34.262075],[136.244646,34.262375],[136.244896,34.262683],[136.246234,34.263566],[136.246871,34.2639],[136.247146,34.263983],[136.247709,34.264258],[136.248146,34.264325],[136.248771,34.264367],[136.249146,34.264433],[136.249258,34.264483],[136.249608,34.264733],[136.250096,34.2648],[136.250458,34.264642],[136.250833,34.264392],[136.251296,34.264233],[136.251833,34.263942],[136.252158,34.26365],[136.252658,34.263292],[136.253196,34.2632],[136.253571,34.263067],[136.254096,34.262792],[136.254333,34.262817],[136.254983,34.263267],[136.255345,34.263583],[136.255695,34.263767],[136.256295,34.263858],[136.256695,34.264017],[136.257083,34.264217],[136.257483,34.264267],[136.257783,34.2644],[136.258133,34.264833],[136.25832,34.265142],[136.258733,34.265417],[136.259433,34.265692],[136.259983,34.265983],[136.26077,34.266592],[136.261233,34.267067],[136.26142,34.267408],[136.261745,34.267542],[136.26202,34.267767],[136.262095,34.26815],[136.262257,34.268308],[136.262632,34.268508],[136.262932,34.268733],[136.263257,34.269075],[136.263645,34.26935],[136.264345,34.269775],[136.265245,34.27025],[136.266032,34.270792],[136.26627,34.270842],[136.266595,34.27095],[136.266895,34.271333],[136.267569,34.272308],[136.268007,34.272667],[136.268744,34.2731],[136.269332,34.273842],[136.269857,34.27425]]]}}],"type":"FeatureCollection"}