{"type":"FeatureCollection","features":[{"properties":{"kuni_id":"K57","pref":"和歌山県","name":"東牟婁","yomi":"ひがしむろ","id":"G57007","kuni":"紀伊","kuni_url":"/kg/resource/K57.html","id_url":"G57007.html"},"geometry":{"type":"Polygon","coordinates":[[[135.647928,33.876915],[135.648353,33.877323],[135.648728,33.877573],[135.649203,33.877715],[135.649528,33.878031],[135.64999,33.878756],[135.65029,33.879639],[135.650653,33.880064],[135.651128,33.880473],[135.651328,33.880589],[135.651528,33.880656],[135.652152,33.880706],[135.653102,33.880848],[135.654377,33.881131],[135.654877,33.881289],[135.655402,33.881339],[135.655777,33.881431],[135.655902,33.881664],[135.655877,33.882314],[135.65599,33.883264],[135.65624,33.883514],[135.65644,33.883806],[135.656577,33.884414],[135.656877,33.884964],[135.657077,33.885414],[135.657277,33.885689],[135.659164,33.886331],[135.659564,33.886314],[135.659964,33.886447],[135.660139,33.886589],[135.661677,33.888472],[135.662151,33.888905],[135.662301,33.889239],[135.662201,33.889622],[135.662114,33.890255],[135.662201,33.891155],[135.662476,33.892221],[135.662589,33.89328],[135.662501,33.894229],[135.662164,33.895896],[135.661926,33.896321],[135.661652,33.896654],[135.661252,33.896879],[135.660902,33.897012],[135.660777,33.897171],[135.660614,33.897462],[135.661189,33.897671],[135.661589,33.897946],[135.662414,33.898579],[135.663564,33.899329],[135.664014,33.899446],[135.665864,33.899754],[135.666614,33.899829],[135.667263,33.899879],[135.668563,33.899912],[135.669138,33.900004],[135.669838,33.900054],[135.671113,33.900287],[135.671401,33.900062],[135.672076,33.899462],[135.672913,33.898946],[135.673863,33.898637],[135.674413,33.898662],[135.67535,33.898313],[135.67615,33.898229],[135.6767,33.898204],[135.677625,33.898029],[135.6781,33.898013],[135.678725,33.898063],[135.679425,33.898271],[135.680025,33.898613],[135.680075,33.898679],[135.680525,33.898846],[135.680975,33.898888],[135.68205,33.899104],[135.6825,33.899371],[135.6827,33.899779],[135.68295,33.900096],[135.683637,33.900804],[135.683737,33.901187],[135.683537,33.901662],[135.6835,33.90202],[135.68355,33.902062],[135.68405,33.902295],[135.6845,33.902595],[135.685275,33.903545],[135.686024,33.903912],[135.686474,33.904004],[135.687024,33.904029],[135.688024,33.90392],[135.689812,33.903645],[135.690912,33.903445],[135.691637,33.903387],[135.692511,33.903479],[135.693486,33.903537],[135.694624,33.90352],[135.695824,33.90357],[135.696174,33.903554],[135.696599,33.903462],[135.697124,33.903487],[135.697798,33.903587],[135.698798,33.903637],[135.699248,33.90357],[135.699273,33.903595],[135.699511,33.903529],[135.700061,33.903554],[135.700511,33.903695],[135.701686,33.903745],[135.703535,33.90367],[135.704135,33.903587],[135.70441,33.903587],[135.704873,33.903612],[135.705448,33.903845],[135.705935,33.904203],[135.70631,33.90437],[135.70651,33.904387],[135.707273,33.904303],[135.708148,33.904245],[135.709472,33.904295],[135.710022,33.90417],[135.710522,33.903879],[135.710685,33.903745],[135.711635,33.903095],[135.711835,33.903004],[135.712297,33.902895],[135.712622,33.902787],[135.712697,33.902787],[135.713122,33.902587],[135.713772,33.90257],[135.714797,33.902712],[135.715397,33.902804],[135.716834,33.902729],[135.718509,33.903054],[135.718859,33.902987],[135.719259,33.902787],[135.719934,33.902704],[135.720359,33.902704],[135.721346,33.902646],[135.721821,33.902396],[135.722171,33.902287],[135.722296,33.902287],[135.722521,33.902362],[135.722746,33.902679],[135.723596,33.903287],[135.723696,33.903296],[135.724046,33.903229],[135.725446,33.902737],[135.726033,33.902471],[135.726908,33.902096],[135.727033,33.901988],[135.727745,33.901563],[135.728395,33.901296],[135.72882,33.900938],[135.72897,33.900738],[135.729383,33.90038],[135.730283,33.90018],[135.730432,33.900071],[135.730657,33.89978],[135.73102,33.898946],[135.731257,33.898313],[135.731632,33.89748],[135.732195,33.896497],[135.73222,33.89638],[135.73267,33.896047],[135.733132,33.895822],[135.733532,33.895739],[135.733907,33.895722],[135.734057,33.895789],[135.734782,33.895997],[135.734932,33.89593],[135.735157,33.89568],[135.735282,33.89528],[135.736019,33.894406],[135.736169,33.894156],[135.736619,33.894222],[135.736694,33.894272],[135.736919,33.894681],[135.737269,33.894772],[135.737444,33.894731],[135.738019,33.894556],[135.738456,33.894622],[135.738669,33.894756],[135.738781,33.894714],[135.738806,33.894556],[135.738756,33.894239],[135.738906,33.893881],[135.738994,33.893272],[135.739344,33.893114],[135.739944,33.892964],[135.740269,33.892806],[135.740594,33.892606],[135.740856,33.892248],[135.740531,33.891364],[135.740556,33.891256],[135.740831,33.891056],[135.741543,33.890856],[135.741793,33.890631],[135.741893,33.890565],[135.742168,33.890365],[135.742043,33.889956],[135.742231,33.889756],[135.742906,33.890056],[135.743906,33.890331],[135.744368,33.890631],[135.744756,33.890606],[135.744856,33.890498],[135.745256,33.889598],[135.745318,33.889281],[135.745443,33.889057],[135.745618,33.889032],[135.745968,33.889057],[135.746368,33.889015],[135.746693,33.888932],[135.746843,33.888748],[135.746868,33.888548],[135.746943,33.888548],[135.747193,33.88847],[135.747305,33.888432],[135.748055,33.887932],[135.748293,33.887615],[135.748843,33.888265],[135.74993,33.888757],[135.751305,33.889432],[135.75158,33.889515],[135.751955,33.889582],[135.752092,33.889315],[135.75233,33.888748],[135.752467,33.888257],[135.752705,33.887915],[135.75308,33.88749],[135.753567,33.887282],[135.75413,33.886949],[135.754667,33.886357],[135.754742,33.886224],[135.75523,33.885866],[135.75588,33.885249],[135.756005,33.885182],[135.756067,33.885182],[135.757642,33.885857],[135.760004,33.887266],[135.760779,33.88764],[135.761104,33.887749],[135.761329,33.887749],[135.761917,33.887657],[135.762029,33.887616],[135.762429,33.887566],[135.762867,33.887474],[135.763729,33.887407],[135.763892,33.887424],[135.764167,33.887782],[135.764254,33.88844],[135.764442,33.888932],[135.765154,33.890124],[135.765804,33.890707],[135.766454,33.890907],[135.767004,33.890965],[135.767816,33.89094],[135.768654,33.891007],[135.769379,33.890982],[135.769891,33.890782],[135.770266,33.890507],[135.771004,33.89044],[135.771966,33.89014],[135.773028,33.890474],[135.773566,33.890224],[135.774503,33.889457],[135.775603,33.888732],[135.776178,33.888549],[135.776228,33.888507],[135.776878,33.888457],[135.777366,33.888366],[135.777441,33.888324],[135.777928,33.888432],[135.778391,33.888474],[135.779253,33.888607],[135.780616,33.889124],[135.781565,33.889657],[135.78219,33.890149],[135.782428,33.890282],[135.78289,33.890666],[135.783465,33.891449],[135.783553,33.891632],[135.783853,33.891849],[135.784278,33.891915],[135.784828,33.892115],[135.785453,33.892457],[135.786265,33.892607],[135.787452,33.892782],[135.788102,33.89294],[135.789077,33.892999],[135.78964,33.893382],[135.790077,33.893807],[135.790602,33.894057],[135.791464,33.894298],[135.792689,33.89479],[135.793064,33.894873],[135.793764,33.894898],[135.794977,33.894873],[135.795502,33.895023],[135.796414,33.895582],[135.796876,33.895698],[135.797901,33.895648],[135.798714,33.895707],[135.800014,33.895907],[135.800526,33.895948],[135.801263,33.895948],[135.801638,33.895882],[135.801863,33.896215],[135.802363,33.897881],[135.802676,33.900148],[135.802813,33.900664],[135.803163,33.901223],[135.803151,33.902347],[135.803176,33.902914],[135.803288,33.903181],[135.803638,33.903497],[135.803751,33.903539],[135.804213,33.903781],[135.804813,33.903964],[135.805051,33.904006],[135.805463,33.904139],[135.805888,33.904406],[135.806975,33.90548],[135.807413,33.905839],[135.8079,33.906089],[135.808525,33.906605],[135.808613,33.906597],[135.810038,33.90603],[135.810613,33.905939],[135.811588,33.906005],[135.812687,33.905914],[135.813362,33.90593],[135.814525,33.90613],[135.814937,33.906147],[135.81655,33.905606],[135.816775,33.905489],[135.81725,33.905156],[135.817837,33.904406],[135.818975,33.903306],[135.819075,33.903122],[135.819162,33.903147],[135.819724,33.903164],[135.820212,33.903139],[135.820912,33.902981],[135.821474,33.902664],[135.822174,33.902323],[135.822849,33.901914],[135.823987,33.901264],[135.825299,33.900623],[135.826136,33.900173],[135.827624,33.899606],[135.828024,33.899515],[135.828586,33.899106],[135.829936,33.897982],[135.830636,33.897548],[135.831436,33.897232],[135.832548,33.89714],[135.833198,33.896932],[135.833948,33.89664],[135.835536,33.895773],[135.836536,33.895457],[135.837235,33.895457],[135.83751,33.895498],[135.838023,33.895765],[135.83871,33.896373],[135.83941,33.896823],[135.84006,33.896998],[135.841473,33.897148],[135.84226,33.897123],[135.842822,33.897057],[135.843385,33.896899],[135.844035,33.896649],[135.84466,33.896574],[135.845472,33.896532],[135.846472,33.896707],[135.847034,33.896657],[135.847472,33.896524],[135.847922,33.896207],[135.848297,33.895732],[135.849247,33.894899],[135.849747,33.894582],[135.850372,33.894441],[135.850909,33.894441],[135.851459,33.894324],[135.851559,33.894324],[135.851996,33.893849],[135.852171,33.893466],[135.852234,33.893066],[135.852171,33.892524],[135.851946,33.891691],[135.851946,33.891066],[135.852096,33.890458],[135.852471,33.889958],[135.853384,33.88935],[135.853896,33.889058],[135.854409,33.888833],[135.854734,33.888608],[135.855159,33.888066],[135.855159,33.887991],[135.855296,33.887725],[135.855384,33.8877],[135.855346,33.887525],[135.855159,33.8871],[135.854834,33.886758],[135.854446,33.88645],[135.854284,33.88595],[135.854334,33.8849],[135.854134,33.884675],[135.853484,33.884267],[135.853459,33.883775],[135.853559,33.882992],[135.853371,33.8827],[135.852521,33.882434],[135.852309,33.882142],[135.852221,33.881867],[135.852334,33.881217],[135.852721,33.879234],[135.852921,33.878043],[135.853109,33.877484],[135.853434,33.87676],[135.853534,33.876651],[135.853883,33.876443],[135.854458,33.876193],[135.854883,33.87606],[135.855771,33.875401],[135.856208,33.87491],[135.856608,33.874552],[135.857671,33.873243],[135.857946,33.873035],[135.857858,33.872727],[135.857883,33.87216],[135.857958,33.871577],[135.858221,33.870852],[135.858833,33.868677],[135.858858,33.868336],[135.85877,33.868002],[135.857921,33.866094],[135.857533,33.865619],[135.856908,33.865036],[135.855421,33.863961],[135.854383,33.863453],[135.853983,33.863203],[135.853658,33.862961],[135.853408,33.862578],[135.853271,33.862219],[135.853421,33.86112],[135.853421,33.860553],[135.853221,33.859811],[135.853171,33.859253],[135.853396,33.85797],[135.853583,33.857545],[135.853883,33.85707],[135.854121,33.856553],[135.855083,33.855129],[135.855508,33.854729],[135.85597,33.854387],[135.85662,33.854004],[135.857858,33.853345],[135.85842,33.852962],[135.85917,33.852104],[135.85997,33.850821],[135.860258,33.850213],[135.860533,33.849379],[135.860608,33.848929],[135.860632,33.848305],[135.860207,33.847205],[135.860158,33.847205],[135.859808,33.84648],[135.859633,33.846013],[135.859195,33.845313],[135.858495,33.844397],[135.857833,33.843772],[135.857208,33.842922],[135.856958,33.842489],[135.85677,33.84173],[135.856395,33.839756],[135.855958,33.837706],[135.855758,33.836898],[135.855783,33.836689],[135.855758,33.835648],[135.856108,33.834498],[135.856358,33.83394],[135.856458,33.833773],[135.856795,33.83344],[135.857132,33.833182],[135.857345,33.833065],[135.857782,33.832615],[135.85827,33.831815],[135.858795,33.83054],[135.858857,33.829715],[135.85877,33.828991],[135.858407,33.827274],[135.857657,33.825216],[135.857245,33.824299],[135.856782,33.822858],[135.85617,33.82145],[135.855957,33.820617],[135.85592,33.820008],[135.856045,33.819408],[135.856695,33.818134],[135.857082,33.817484],[135.85777,33.816559],[135.85837,33.815876],[135.859032,33.815284],[135.860745,33.813909],[135.861545,33.813184],[135.862207,33.812526],[135.862607,33.811993],[135.863132,33.811401],[135.863645,33.810935],[135.864407,33.810518],[135.865119,33.810285],[135.867857,33.809635],[135.869319,33.809368],[135.872119,33.80901],[135.872144,33.80901],[135.872181,33.80894],[135.872794,33.808627],[135.873819,33.808019],[135.875219,33.807252],[135.876319,33.806394],[135.876944,33.805986],[135.878106,33.805086],[135.878981,33.804269],[135.880131,33.803161],[135.881256,33.802328],[135.882193,33.80177],[135.882806,33.801453],[135.883406,33.801311],[135.883593,33.801336],[135.884068,33.80147],[135.885031,33.801945],[135.886568,33.802436],[135.887643,33.80262],[135.888405,33.80262],[135.88893,33.802545],[135.89033,33.802028],[135.890943,33.801645],[135.891768,33.800945],[135.892505,33.80022],[135.893468,33.79907],[135.89413,33.798329],[135.89448,33.797854],[135.894893,33.797245],[135.896455,33.794521],[135.898055,33.790821],[135.898192,33.790305],[135.898105,33.789646],[135.89758,33.788588],[135.897068,33.787688],[135.896868,33.787147],[135.89693,33.78663],[135.897343,33.786138],[135.897805,33.785638],[135.89893,33.784105],[135.901018,33.781447],[135.901455,33.780764],[135.901705,33.780314],[135.90198,33.779981],[135.902418,33.779006],[135.902755,33.778064],[135.90343,33.776306],[135.903742,33.775223],[135.904042,33.773873],[135.904392,33.772565],[135.904555,33.77184],[135.905542,33.768907],[135.905905,33.768165],[135.906292,33.767649],[135.906917,33.767149],[135.907417,33.766907],[135.908017,33.766766],[135.90948,33.766591],[135.910992,33.766699],[135.911479,33.766807],[135.912504,33.767099],[135.913929,33.767257],[135.914829,33.767216],[135.915242,33.767149],[135.916366,33.766874],[135.917329,33.766308],[135.918041,33.765766],[135.918704,33.765066],[135.919116,33.764416],[135.919691,33.761375],[135.920541,33.758667],[135.920816,33.758334],[135.921041,33.758175],[135.922328,33.75745],[135.923703,33.756392],[135.926003,33.755176],[135.92834,33.754001],[135.92859,33.753909],[135.929353,33.753792],[135.929628,33.753792],[135.930315,33.753909],[135.93059,33.754017],[135.931803,33.754676],[135.932403,33.755101],[135.933265,33.755776],[135.934052,33.756634],[135.934802,33.757259],[135.935102,33.757417],[135.935952,33.757709],[135.936777,33.757759],[135.937352,33.757667],[135.937964,33.757392],[135.938452,33.757009],[135.938889,33.756467],[135.939002,33.755659],[135.938977,33.754667],[135.938939,33.753368],[135.938877,33.753326],[135.938852,33.752893],[135.938515,33.751226],[135.93849,33.750526],[135.93859,33.749493],[135.93884,33.74791],[135.938977,33.746668],[135.939115,33.744485],[135.939552,33.741127],[135.939789,33.739836],[135.940039,33.738328],[135.940389,33.737378],[135.940814,33.736528],[135.941514,33.735311],[135.941739,33.735036],[135.942564,33.73427],[135.944539,33.732787],[135.945689,33.732137],[135.949839,33.730179],[135.950776,33.729704],[135.952314,33.72912],[135.953338,33.728804],[135.953688,33.728737],[135.955563,33.728196],[135.956001,33.728037],[135.958588,33.726779],[135.960788,33.725613],[135.962263,33.724729],[135.9635,33.724304],[135.9663,33.723971],[135.967537,33.723838],[135.971112,33.72328],[135.973587,33.722846],[135.974562,33.722805],[135.975262,33.722896],[135.975799,33.72303],[135.976312,33.723238],[135.976599,33.72353],[135.976849,33.724138],[135.976874,33.724838],[135.976549,33.726329],[135.976224,33.727413],[135.975849,33.728288],[135.975437,33.728854],[135.974874,33.729346],[135.973562,33.730154],[135.972774,33.730562],[135.972137,33.731012],[135.971674,33.73142],[135.971624,33.731579],[135.971587,33.732412],[135.972149,33.734662],[135.972587,33.735362],[135.972749,33.735453],[135.973949,33.735862],[135.975724,33.736295],[135.977049,33.736561],[135.978499,33.736811],[135.979736,33.736836],[135.981048,33.736703],[135.982636,33.736478],[135.983823,33.736145],[135.984961,33.735737],[135.985436,33.735512],[135.98861,33.734253],[135.989635,33.733804],[135.99001,33.73367],[135.99386,33.731937],[135.99421,33.731737],[135.99641,33.730745],[135.996847,33.730587],[135.997085,33.730562],[135.997171,33.730484],[135.997347,33.73042],[135.997747,33.730262],[135.998534,33.730037],[135.999459,33.729654],[136.000259,33.729387],[136.001459,33.728946],[136.002459,33.728521],[136.003734,33.728121],[136.004921,33.727854],[136.006646,33.727521],[136.007484,33.727387],[136.008084,33.727054],[136.009433,33.725704],[136.009758,33.725479],[136.010608,33.724629],[136.011608,33.72373],[136.010721,33.72213],[136.009746,33.72068],[136.009346,33.720163],[136.008409,33.71953],[136.005446,33.71693],[136.003259,33.714856],[136.001109,33.712456],[136.000109,33.711423],[135.999384,33.710565],[135.998634,33.70984],[135.997422,33.70844],[135.997172,33.707962],[135.997097,33.70779],[135.996535,33.707273],[135.994522,33.704515],[135.99356,33.702849],[135.992785,33.701583],[135.99251,33.700999],[135.992348,33.700341],[135.992373,33.699641],[135.992535,33.699508],[135.99281,33.699375],[135.992885,33.699283],[135.992648,33.698716],[135.992835,33.698358],[135.992998,33.697933],[135.992948,33.697683],[135.992673,33.697616],[135.992298,33.697366],[135.99216,33.6971],[135.992273,33.6968],[135.992598,33.696442],[135.992835,33.696083],[135.993048,33.695567],[135.992973,33.695583],[135.992385,33.69545],[135.99206,33.694867],[135.991735,33.694409],[135.991435,33.693917],[135.991198,33.693417],[135.990873,33.692967],[135.989911,33.692109],[135.989423,33.691476],[135.988886,33.691159],[135.988223,33.690909],[135.987436,33.690576],[135.986986,33.689901],[135.986898,33.689651],[135.986773,33.688768],[135.986798,33.687301],[135.986936,33.686443],[135.987123,33.686043],[135.987598,33.685368],[135.988836,33.685393],[135.988873,33.685001],[135.988711,33.684985],[135.988761,33.684826],[135.988898,33.684826],[135.988998,33.68406],[135.988273,33.68401],[135.988223,33.684352],[135.987124,33.684235],[135.987286,33.683268],[135.986936,33.683202],[135.986824,33.683535],[135.985049,33.683085],[135.985486,33.682002],[135.984811,33.681819],[135.984249,33.683085],[135.982362,33.682452],[135.982899,33.681169],[135.976162,33.679035],[135.97555,33.679469],[135.975387,33.67931],[135.975012,33.679219],[135.974762,33.679194],[135.974362,33.678719],[135.9741,33.678469],[135.9738,33.678019],[135.973563,33.677386],[135.972963,33.676286],[135.97195,33.673961],[135.971788,33.673511],[135.971713,33.673078],[135.971688,33.672561],[135.971763,33.671661],[135.971875,33.67137],[135.972438,33.671078],[135.972725,33.67087],[135.972838,33.67087],[135.973,33.670695],[135.97305,33.670236],[135.973025,33.670045],[135.972925,33.669437],[135.973063,33.668695],[135.973125,33.668603],[135.973225,33.668128],[135.973588,33.667678],[135.973913,33.667545],[135.9741,33.667528],[135.974425,33.667637],[135.97455,33.667728],[135.97485,33.667845],[135.974938,33.66782],[135.974938,33.667645],[135.974725,33.667437],[135.97405,33.667095],[135.973763,33.666479],[135.97355,33.666212],[135.973438,33.665962],[135.973438,33.665504],[135.973475,33.665487],[135.973713,33.665462],[135.973738,33.665445],[135.9735,33.664987],[135.973588,33.664287],[135.9737,33.663904],[135.973925,33.663546],[135.974188,33.663296],[135.974788,33.663121],[135.9751,33.663479],[135.9753,33.663554],[135.975425,33.663529],[135.975588,33.663279],[135.975725,33.663262],[135.976425,33.663471],[135.976238,33.663196],[135.976188,33.663012],[135.975863,33.662737],[135.975838,33.662537],[135.976088,33.662696],[135.976163,33.662696],[135.976113,33.662562],[135.975888,33.662487],[135.976288,33.662271],[135.976,33.661813],[135.975375,33.662046],[135.975475,33.662263],[135.975175,33.662304],[135.975063,33.662529],[135.9749,33.662462],[135.974763,33.662346],[135.9749,33.662279],[135.97445,33.661963],[135.974625,33.661829],[135.974588,33.661438],[135.97545,33.661071],[135.975338,33.660896],[135.975038,33.660313],[135.975725,33.659888],[135.976413,33.659621],[135.97695,33.659263],[135.977188,33.659155],[135.977788,33.65898],[135.978762,33.658846],[135.979462,33.658871],[135.980425,33.659013],[135.980962,33.659196],[135.981725,33.659563],[135.982125,33.659888],[135.982275,33.660138],[135.9823,33.660454],[135.98225,33.660929],[135.982325,33.660996],[135.983887,33.661029],[135.984462,33.660754],[135.984862,33.660779],[135.985749,33.661263],[135.985899,33.661804],[135.986099,33.661763],[135.986562,33.663846],[135.987174,33.664054],[135.986737,33.665137],[135.987012,33.665229],[135.987799,33.663354],[135.988236,33.663379],[135.988349,33.663296],[135.988536,33.662771],[135.988624,33.662071],[135.988786,33.661804],[135.988924,33.661213],[135.988911,33.660696],[135.988874,33.66063],[135.988849,33.660646],[135.988612,33.660671],[135.988287,33.660763],[135.988262,33.660688],[135.988637,33.66063],[135.988637,33.660513],[135.988587,33.660421],[135.988374,33.66033],[135.988162,33.660121],[135.988024,33.660055],[135.987674,33.66028],[135.987374,33.660388],[135.987099,33.660546],[135.986749,33.660838],[135.986712,33.661271],[135.986662,33.661404],[135.986499,33.661379],[135.985774,33.661038],[135.986187,33.660971],[135.986474,33.660863],[135.986749,33.660796],[135.986887,33.660521],[135.986974,33.660255],[135.986974,33.660005],[135.986837,33.65978],[135.986762,33.659121],[135.986599,33.658938],[135.986499,33.659121],[135.986174,33.659321],[135.986224,33.659096],[135.986149,33.658963],[135.985962,33.65878],[135.985962,33.658505],[135.986187,33.657672],[135.986299,33.657288],[135.986162,33.656655],[135.986249,33.656355],[135.986099,33.655455],[135.985912,33.655205],[135.985612,33.654955],[135.985312,33.654955],[135.984649,33.654789],[135.98435,33.654564],[135.983925,33.654447],[135.9839,33.654222],[135.9843,33.65393],[135.984275,33.653772],[135.984037,33.653564],[135.983662,33.653605],[135.9835,33.653739],[135.983387,33.653789],[135.98325,33.653555],[135.983225,33.653222],[135.9831,33.652947],[135.982912,33.652789],[135.982725,33.652739],[135.982537,33.652647],[135.982425,33.652489],[135.98205,33.652105],[135.981675,33.652031],[135.9813,33.651922],[135.98095,33.651756],[135.980737,33.651597],[135.980387,33.651531],[135.980087,33.651414],[135.979875,33.651122],[135.98,33.649622],[135.979975,33.649331],[135.979925,33.649264],[135.979488,33.649056],[135.979413,33.648831],[135.979038,33.648831],[135.978825,33.648914],[135.978763,33.649639],[135.978413,33.649864],[135.9784,33.650139],[135.978488,33.650564],[135.9787,33.650839],[135.978563,33.651064],[135.978613,33.651197],[135.978663,33.651247],[135.978613,33.651272],[135.978525,33.651447],[135.978575,33.65163],[135.977963,33.651647],[135.977938,33.65183],[135.978013,33.652172],[135.9782,33.652355],[135.978413,33.65233],[135.978625,33.652539],[135.978975,33.652564],[135.979038,33.652514],[135.978975,33.652764],[135.979,33.653147],[135.97875,33.65333],[135.978638,33.65398],[135.978775,33.65428],[135.9788,33.654797],[135.978875,33.655022],[135.978712,33.65543],[135.978463,33.655705],[135.976875,33.656072],[135.975575,33.65663],[135.975438,33.656655],[135.975375,33.657355],[135.975138,33.657421],[135.975125,33.657621],[135.974938,33.657621],[135.974863,33.657421],[135.974675,33.657371],[135.974625,33.657146],[135.974925,33.656855],[135.973875,33.65658],[135.972126,33.656563],[135.970788,33.655113],[135.970188,33.655538],[135.969838,33.655263],[135.969676,33.655355],[135.969488,33.655213],[135.969601,33.65513],[135.969526,33.655038],[135.968651,33.655621],[135.968438,33.65548],[135.968438,33.655347],[135.968301,33.655188],[135.968301,33.655055],[135.968826,33.654847],[135.969388,33.654422],[135.969663,33.654197],[135.970063,33.653997],[135.970613,33.653597],[135.971338,33.653172],[135.971476,33.652964],[135.971451,33.652805],[135.971476,33.652739],[135.971938,33.652655],[135.972101,33.652522],[135.972163,33.652405],[135.971701,33.652105],[135.971326,33.651539],[135.971176,33.651405],[135.971088,33.651405],[135.970901,33.651655],[135.970926,33.651897],[135.970463,33.652347],[135.970138,33.652597],[135.969651,33.652772],[135.968726,33.65288],[135.968413,33.652855],[135.968351,33.652697],[135.968463,33.652539],[135.968438,33.652447],[135.968276,33.652247],[135.968038,33.65213],[135.967788,33.65213],[135.967713,33.652314],[135.967738,33.652538],[135.967863,33.652738],[135.967926,33.652763],[135.967901,33.652897],[135.967726,33.653147],[135.967139,33.653413],[135.966239,33.653655],[135.965864,33.65368],[135.964764,33.653855],[135.964139,33.654055],[135.964001,33.654055],[135.963764,33.654188],[135.963351,33.654322],[135.962626,33.65443],[135.962139,33.654421],[135.961676,33.654355],[135.961201,33.654371],[135.960177,33.65428],[135.959639,33.654138],[135.959314,33.654005],[135.958614,33.653405],[135.958427,33.653088],[135.957952,33.652747],[135.957652,33.652497],[135.957477,33.651838],[135.957964,33.651438],[135.958077,33.651122],[135.958289,33.650938],[135.958402,33.650763],[135.958427,33.650555],[135.958327,33.650397],[135.957839,33.650039],[135.957539,33.649872],[135.957014,33.649439],[135.956877,33.64928],[135.956502,33.649414],[135.955989,33.649455],[135.955965,33.649139],[135.955802,33.649097],[135.955665,33.649114],[135.95564,33.649255],[135.955502,33.649455],[135.955365,33.649114],[135.955202,33.649089],[135.95499,33.649155],[135.954965,33.649222],[135.955065,33.649389],[135.954765,33.64963],[135.954365,33.649788],[135.953552,33.649963],[135.952715,33.64973],[135.952102,33.64968],[135.950802,33.649747],[135.95024,33.649697],[135.949028,33.64953],[135.948278,33.649322],[135.94734,33.648863],[135.94634,33.648447],[135.945965,33.648222],[135.94514,33.64733],[135.945065,33.647222],[135.945165,33.647014],[135.945115,33.646905],[135.944978,33.646922],[135.944503,33.646922],[135.943878,33.646697],[135.943578,33.646647],[135.943528,33.64658],[135.943291,33.646489],[135.943016,33.646505],[135.942991,33.646464],[135.942353,33.646139],[135.940353,33.646197],[135.940266,33.646239],[135.939791,33.64608],[135.939441,33.645872],[135.938954,33.645647],[135.938554,33.645347],[135.938041,33.644847],[135.937829,33.644739],[135.937454,33.644414],[135.937266,33.644164],[135.936691,33.643122],[135.936479,33.642672],[135.936166,33.641631],[135.936116,33.641172],[135.936141,33.640381],[135.936204,33.639931],[135.936316,33.639573],[135.936341,33.639189],[135.936516,33.638598],[135.936491,33.638373],[135.937579,33.636906],[135.938291,33.636165],[135.941079,33.63399],[135.943703,33.633807],[135.945753,33.63384],[135.945991,33.633407],[135.946216,33.633523],[135.946178,33.633957],[135.946766,33.634023],[135.946766,33.634073],[135.946878,33.634073],[135.946941,33.633773],[135.947366,33.633557],[135.947203,33.633323],[135.947753,33.633107],[135.947866,33.632882],[135.947828,33.63279],[135.948078,33.63274],[135.948153,33.632899],[135.950003,33.633815],[135.95034,33.633482],[135.950653,33.63364],[135.951303,33.633574],[135.951628,33.63349],[135.951928,33.633082],[135.951953,33.632924],[135.952315,33.632682],[135.952603,33.632774],[135.95279,33.63264],[135.952878,33.632524],[135.952903,33.632024],[135.952878,33.631774],[135.952965,33.63169],[135.953453,33.631665],[135.95359,33.631582],[135.95359,33.631424],[135.95294,33.630782],[135.952628,33.630757],[135.95244,33.630532],[135.952028,33.630349],[135.95209,33.630232],[135.952303,33.630282],[135.952303,33.630191],[135.952115,33.629941],[135.952178,33.629757],[135.95239,33.629849],[135.952515,33.630099],[135.952653,33.630216],[135.952765,33.630191],[135.95279,33.629949],[135.95274,33.629699],[135.95269,33.629632],[135.952503,33.629516],[135.95239,33.629374],[135.952415,33.629266],[135.952765,33.629357],[135.952778,33.629266],[135.95269,33.629132],[135.952428,33.628949],[135.952403,33.628832],[135.952528,33.628832],[135.952828,33.628907],[135.952803,33.628766],[135.952703,33.628566],[135.95264,33.628341],[135.952353,33.628249],[135.952328,33.628024],[135.952165,33.627724],[135.951978,33.627608],[135.951865,33.627591],[135.951703,33.627674],[135.951553,33.627607],[135.951578,33.627341],[135.95179,33.626933],[135.95199,33.626733],[135.952178,33.626891],[135.95244,33.626933],[135.952578,33.626866],[135.952553,33.626441],[135.952615,33.626283],[135.952715,33.626349],[135.952928,33.626374],[135.953065,33.626191],[135.95299,33.626058],[135.952803,33.625899],[135.952778,33.625399],[135.952728,33.625333],[135.95289,33.625291],[135.953103,33.625308],[135.953265,33.625241],[135.953315,33.625108],[135.95324,33.624766],[135.953378,33.624591],[135.953415,33.6243],[135.95339,33.624091],[135.95309,33.623908],[135.952928,33.623325],[135.952803,33.622866],[135.953178,33.622441],[135.953403,33.622375],[135.953703,33.622125],[135.95364,33.621966],[135.953428,33.621625],[135.953303,33.621492],[135.952928,33.621583],[135.952815,33.621242],[135.95279,33.621083],[135.952653,33.620992],[135.952228,33.620967],[135.952153,33.620808],[135.952103,33.620442],[135.952065,33.620333],[135.952128,33.620333],[135.952265,33.620267],[135.952103,33.619767],[135.952053,33.6194],[135.952078,33.619108],[135.952003,33.618542],[135.951928,33.618434],[135.95169,33.618225],[135.951553,33.618017],[135.951578,33.617792],[135.951691,33.617525],[135.951803,33.617459],[135.95194,33.6175],[135.952015,33.617459],[135.952103,33.617234],[135.952053,33.617009],[135.951866,33.61685],[135.951778,33.61685],[135.951728,33.616917],[135.951666,33.617159],[135.951553,33.617384],[135.951366,33.617634],[135.951253,33.617909],[135.951278,33.618084],[135.951466,33.618334],[135.951441,33.618492],[135.950953,33.61935],[135.950916,33.619558],[135.950941,33.619875],[135.951153,33.619917],[135.951078,33.620008],[135.951128,33.620825],[135.951015,33.620958],[135.950928,33.62125],[135.950928,33.621383],[135.950878,33.621408],[135.950628,33.621341],[135.950578,33.621358],[135.950416,33.621583],[135.950391,33.621833],[135.950416,33.622016],[135.950515,33.622225],[135.950678,33.622333],[135.950565,33.622491],[135.950615,33.623333],[135.95059,33.623375],[135.950403,33.623258],[135.950265,33.623258],[135.950528,33.623825],[135.950578,33.624141],[135.950465,33.624958],[135.950603,33.625049],[135.950653,33.625208],[135.95054,33.625299],[135.950053,33.625974],[135.94994,33.626449],[135.94994,33.626516],[135.949428,33.626849],[135.949178,33.627074],[135.949066,33.627274],[135.949203,33.627749],[135.949253,33.627799],[135.94914,33.628299],[135.94914,33.628566],[135.94919,33.628791],[135.949265,33.628882],[135.94979,33.628657],[135.950078,33.628866],[135.94994,33.628982],[135.95069,33.629866],[135.950478,33.630091],[135.950365,33.630132],[135.94999,33.630199],[135.949665,33.630199],[135.949578,33.630332],[135.948965,33.630332],[135.94899,33.629424],[135.948916,33.629174],[135.948378,33.628766],[135.947766,33.628199],[135.947528,33.627882],[135.947341,33.627541],[135.948053,33.627049],[135.948866,33.626149],[135.949341,33.624858],[135.948666,33.624699],[135.948028,33.626574],[135.946916,33.627332],[135.945616,33.627774],[135.945216,33.627866],[135.944853,33.627974],[135.944678,33.627816],[135.944866,33.627707],[135.943929,33.626682],[135.945316,33.625808],[135.944666,33.625124],[135.943416,33.625974],[135.942916,33.625408],[135.943191,33.625208],[135.942066,33.623999],[135.941716,33.624041],[135.941666,33.623841],[135.941991,33.623733],[135.942041,33.623483],[135.942366,33.623124],[135.942404,33.623008],[135.942179,33.622916],[135.942216,33.622491],[135.942591,33.622516],[135.942804,33.622558],[135.943404,33.62245],[135.943429,33.622225],[135.943379,33.622158],[135.943354,33.621933],[135.943266,33.621775],[135.942766,33.621725],[135.941466,33.621783],[135.941366,33.620966],[135.941529,33.620875],[135.941629,33.621058],[135.942254,33.620858],[135.942629,33.620975],[135.942766,33.620775],[135.943254,33.620616],[135.942966,33.620341],[135.941941,33.619866],[135.941754,33.619816],[135.941654,33.619475],[135.941679,33.619342],[135.942079,33.619025],[135.942141,33.618917],[135.942304,33.618867],[135.942566,33.618942],[135.942754,33.619192],[135.943054,33.619691],[135.943366,33.619758],[135.943616,33.619758],[135.943966,33.619467],[135.944804,33.619267],[135.944891,33.619292],[135.945016,33.619275],[135.945241,33.618592],[135.945291,33.61855],[135.945541,33.618525],[135.945566,33.618325],[135.945541,33.617733],[135.945579,33.617692],[135.945704,33.61765],[135.945866,33.617692],[135.946004,33.617675],[135.946066,33.617533],[135.946004,33.6174],[135.945741,33.617308],[135.945529,33.617375],[135.945254,33.617283],[135.945091,33.617325],[135.944766,33.617642],[135.944416,33.617817],[135.944304,33.61775],[135.944304,33.6175],[135.944391,33.617117],[135.944229,33.61705],[135.943966,33.617025],[135.943904,33.61705],[135.943741,33.617342],[135.943529,33.617433],[135.943391,33.617408],[135.943291,33.617267],[135.943391,33.617025],[135.942991,33.616859],[135.942916,33.617],[135.942691,33.617067],[135.942429,33.617108],[135.942316,33.617083],[135.942241,33.6167],[135.942104,33.616567],[135.941754,33.6164],[135.941542,33.616217],[135.941492,33.616017],[135.941517,33.615884],[135.941492,33.615834],[135.941354,33.615834],[135.941279,33.615792],[135.941254,33.615675],[135.940954,33.615625],[135.940792,33.61565],[135.940829,33.615492],[135.940742,33.615425],[135.940579,33.615442],[135.940554,33.6152],[135.940342,33.614992],[135.940204,33.614859],[135.939942,33.6151],[135.939554,33.6163],[135.939354,33.616975],[135.939242,33.617133],[135.939167,33.617158],[135.938892,33.6179],[135.938642,33.617925],[135.938267,33.617758],[135.938329,33.617242],[135.938192,33.617058],[135.938004,33.617058],[135.938067,33.616925],[135.937979,33.616783],[135.937954,33.616833],[135.937604,33.617033],[135.937379,33.617217],[135.937304,33.617417],[135.937279,33.617667],[135.937142,33.617842],[135.936654,33.618133],[135.936429,33.618358],[135.936267,33.618383],[135.936142,33.618225],[135.936167,33.61795],[135.936192,33.617858],[135.93603,33.617542],[135.936117,33.617458],[135.936554,33.61725],[135.936629,33.617117],[135.936442,33.616917],[135.936467,33.616758],[135.936667,33.616533],[135.937129,33.616192],[135.937204,33.616192],[135.937529,33.616017],[135.937529,33.615834],[135.937592,33.615809],[135.938092,33.616],[135.938367,33.616092],[135.938392,33.61595],[135.938292,33.6155],[135.938704,33.615025],[135.938804,33.61485],[135.938729,33.6146],[135.938617,33.61455],[135.938167,33.614592],[135.938054,33.614575],[135.938117,33.614417],[135.938279,33.614259],[135.938329,33.6141],[135.938279,33.613917],[135.938117,33.613734],[135.937954,33.613667],[135.937817,33.613692],[135.937492,33.614117],[135.937467,33.614117],[135.937442,33.613984],[135.937467,33.613825],[135.937417,33.613709],[135.93723,33.613709],[135.937092,33.613909],[135.936955,33.61425],[135.93673,33.614675],[135.936542,33.614834],[135.93643,33.615034],[135.935892,33.61515],[135.93568,33.615125],[135.935567,33.615009],[135.935142,33.614709],[135.934505,33.6141],[135.93453,33.614009],[135.934717,33.613825],[135.935155,33.613759],[135.935392,33.613559],[135.935542,33.613067],[135.935642,33.613017],[135.935805,33.613001],[135.935892,33.612934],[135.93583,33.612859],[135.935617,33.612926],[135.93543,33.612859],[135.93538,33.612767],[135.935805,33.612701],[135.93608,33.612634],[135.936167,33.612342],[135.935942,33.612342],[135.93533,33.612501],[135.93503,33.612634],[135.934642,33.613059],[135.934405,33.61315],[135.934267,33.613309],[135.934192,33.61335],[135.93408,33.613059],[135.933817,33.6131],[135.93368,33.613325],[135.932605,33.612484],[135.932443,33.612326],[135.932418,33.612251],[135.93248,33.612076],[135.932605,33.611942],[135.932768,33.611917],[135.93293,33.612034],[135.93323,33.612009],[135.933417,33.611942],[135.933667,33.611901],[135.93358,33.611534],[135.933717,33.611267],[135.933755,33.611109],[135.933317,33.611059],[135.932968,33.610942],[135.932705,33.610809],[135.932455,33.610742],[135.932055,33.610692],[135.93163,33.610734],[135.931168,33.610734],[135.930143,33.610434],[135.929655,33.610342],[135.929668,33.610251],[135.92958,33.610159],[135.929018,33.610017],[135.928643,33.609834],[135.928218,33.609542],[135.928168,33.609226],[135.927981,33.609059],[135.927918,33.609059],[135.927781,33.609084],[135.927731,33.609351],[135.927218,33.609442],[135.926893,33.609617],[135.926843,33.609617],[135.926731,33.609734],[135.926643,33.609917],[135.926593,33.609917],[135.926406,33.609826],[135.926106,33.609726],[135.925868,33.609592],[135.925281,33.609134],[135.925143,33.608976],[135.925118,33.608593],[135.925268,33.608051],[135.925206,33.607959],[135.925181,33.607709],[135.925381,33.607534],[135.925568,33.607443],[135.925993,33.607426],[135.925993,33.607351],[135.925893,33.607284],[135.925893,33.607243],[135.926081,33.607176],[135.926006,33.606926],[135.925806,33.606951],[135.925618,33.606876],[135.925568,33.606784],[135.925768,33.606493],[135.926056,33.606384],[135.926218,33.606426],[135.926331,33.606409],[135.926381,33.606268],[135.926356,33.60616],[135.926931,33.606026],[135.927193,33.60601],[135.927493,33.606168],[135.927568,33.606026],[135.927406,33.605918],[135.927281,33.605735],[135.927006,33.605576],[135.926931,33.60551],[135.926443,33.605276],[135.926156,33.60496],[135.926181,33.604776],[135.926368,33.604601],[135.926593,33.604485],[135.926856,33.604468],[135.927606,33.604718],[135.928018,33.604951],[135.928493,33.605268],[135.928581,33.605243],[135.929043,33.604951],[135.929556,33.604501],[135.929506,33.604251],[135.929393,33.604168],[135.929156,33.60421],[135.929131,33.604251],[135.929043,33.604276],[135.928968,33.60416],[135.928693,33.604043],[135.928718,33.603818],[135.928668,33.603685],[135.928343,33.603593],[135.927193,33.60361],[135.927106,33.603477],[135.927356,33.602618],[135.927493,33.60246],[135.927718,33.602435],[135.927818,33.602593],[135.927868,33.602802],[135.928081,33.602893],[135.928218,33.602893],[135.928518,33.602802],[135.928768,33.602627],[135.928843,33.602627],[135.929056,33.602785],[135.929268,33.602877],[135.929381,33.60281],[135.929356,33.602602],[135.929218,33.602443],[135.929068,33.60206],[135.928956,33.601927],[135.929018,33.601785],[135.929543,33.602127],[135.929768,33.602335],[135.929868,33.602377],[135.930518,33.602268],[135.93073,33.602185],[135.930755,33.602118],[135.930256,33.602002],[135.930168,33.60191],[135.930168,33.60186],[135.930331,33.601752],[135.930443,33.601569],[135.930605,33.601527],[135.930393,33.601277],[135.930306,33.601227],[135.930018,33.601227],[135.929906,33.60116],[135.929718,33.60111],[135.929581,33.60111],[135.929406,33.60066],[135.929156,33.600569],[135.928993,33.600452],[135.928968,33.60011],[135.929006,33.599885],[135.929143,33.599844],[135.929306,33.599844],[135.929381,33.599777],[135.929406,33.599644],[135.929543,33.599644],[135.929618,33.599802],[135.929818,33.599827],[135.930406,33.599785],[135.930681,33.599827],[135.930756,33.599902],[135.930806,33.60006],[135.930805,33.60026],[135.93088,33.600327],[135.93143,33.600035],[135.931618,33.599569],[135.93183,33.599502],[135.932105,33.599752],[135.932155,33.599994],[135.932205,33.600044],[135.932418,33.600044],[135.932555,33.599935],[135.932693,33.599752],[135.932805,33.599685],[135.933268,33.599736],[135.933418,33.599752],[135.933505,33.599736],[135.933718,33.599461],[135.933718,33.599419],[135.933593,33.599394],[135.93308,33.599461],[135.93278,33.599436],[135.932005,33.599119],[135.931605,33.598844],[135.931355,33.598594],[135.931205,33.598319],[135.931156,33.597977],[135.931093,33.597869],[135.931156,33.597619],[135.931268,33.597436],[135.931293,33.597186],[135.931156,33.596961],[135.930968,33.596844],[135.930918,33.596894],[135.930731,33.596936],[135.930543,33.596844],[135.930243,33.596636],[135.930243,33.596319],[135.930493,33.596344],[135.930543,33.596236],[135.930543,33.595944],[135.930743,33.595561],[135.930881,33.595494],[135.931206,33.595428],[135.93193,33.595403],[135.93223,33.595228],[135.93263,33.594686],[135.932855,33.594553],[135.93353,33.594261],[135.933668,33.594036],[135.93378,33.593745],[135.93383,33.593311],[135.933843,33.592928],[135.934618,33.593478],[135.93493,33.593545],[135.935905,33.593528],[135.935993,33.593553],[135.93618,33.593711],[135.93623,33.594095],[135.936168,33.59432],[135.93598,33.594528],[135.93533,33.594703],[135.935118,33.594795],[135.93503,33.594903],[135.935193,33.595153],[135.935355,33.595294],[135.935618,33.595311],[135.935918,33.595244],[135.936105,33.595319],[135.936318,33.595478],[135.93678,33.595636],[135.93678,33.595819],[135.936343,33.596403],[135.935905,33.596653],[135.935793,33.596811],[135.935905,33.596969],[135.936417,33.596994],[135.93633,33.597628],[135.936217,33.597628],[135.93608,33.597694],[135.936018,33.598394],[135.93608,33.598619],[135.936317,33.598644],[135.936505,33.598869],[135.93688,33.599211],[135.937205,33.599327],[135.937492,33.599552],[135.93773,33.599852],[135.93803,33.600352],[135.93838,33.60051],[135.938567,33.600286],[135.938942,33.600194],[135.93903,33.600219],[135.943929,33.603685],[135.943892,33.604268],[135.943942,33.60441],[135.944317,33.604277],[135.944567,33.60416],[135.944704,33.604235],[135.945329,33.603827],[135.945779,33.603877],[135.946179,33.604018],[135.946579,33.604335],[135.946666,33.60436],[135.946966,33.604335],[135.947104,33.604243],[135.947529,33.604202],[135.947766,33.604135],[135.947991,33.604118],[135.948416,33.603894],[135.948716,33.603777],[135.948779,33.603485],[135.948541,33.602969],[135.948541,33.60276],[135.948704,33.602719],[135.948866,33.602535],[135.948816,33.602269],[135.948629,33.602127],[135.948279,33.60206],[135.948066,33.602102],[135.948029,33.602469],[135.947754,33.602685],[135.947541,33.602777],[135.947429,33.602777],[135.947141,33.60266],[135.946791,33.602635],[135.946279,33.602727],[135.946304,33.602344],[135.946491,33.60221],[135.946716,33.602185],[135.947416,33.60226],[135.947654,33.602235],[135.947691,33.601852],[135.947579,33.601627],[135.947816,33.601652],[135.947904,33.601627],[135.947829,33.60156],[135.947616,33.601244],[135.947616,33.600969],[135.947716,33.600861],[135.947691,33.600786],[135.947454,33.600677],[135.947354,33.600336],[135.947266,33.600177],[135.947429,33.600086],[135.947329,33.599952],[135.947141,33.599902],[135.947004,33.599952],[135.946916,33.599861],[135.946704,33.599744],[135.946417,33.599719],[135.946142,33.599627],[135.945604,33.599711],[135.945579,33.599852],[135.945392,33.599736],[135.945304,33.599602],[135.945392,33.599444],[135.945317,33.599077],[135.945317,33.598761],[135.945529,33.598786],[135.945742,33.598969],[135.946204,33.599194],[135.946279,33.599086],[135.946204,33.598719],[135.946367,33.598728],[135.946667,33.598994],[135.946766,33.599227],[135.946954,33.599244],[135.947329,33.599161],[135.947441,33.599002],[135.947141,33.598886],[135.946879,33.598503],[135.946904,33.598253],[135.946992,33.598211],[135.947041,33.598069],[135.946754,33.597753],[135.946267,33.597778],[135.946292,33.597636],[135.946517,33.597594],[135.946542,33.597436],[135.946492,33.597303],[135.946004,33.597161],[135.946254,33.596394],[135.946442,33.596486],[135.946604,33.596486],[135.946604,33.596353],[135.946692,33.59617],[135.946904,33.596078],[135.947092,33.595903],[135.947117,33.595811],[135.947254,33.595628],[135.947229,33.595178],[135.947617,33.595111],[135.947941,33.595003],[135.947966,33.594936],[135.947879,33.594845],[135.947567,33.594845],[135.947642,33.594503],[135.947729,33.594461],[135.947967,33.594486],[135.948029,33.59437],[135.947654,33.594095],[135.947429,33.59407],[135.947404,33.593912],[135.947542,33.59387],[135.947754,33.593895],[135.947817,33.593845],[135.948029,33.593803],[135.948142,33.593712],[135.948379,33.593737],[135.948516,33.59372],[135.948404,33.593487],[135.948516,33.593287],[135.948416,33.59317],[135.948304,33.593153],[135.948329,33.592928],[135.948741,33.592362],[135.948529,33.592245],[135.948317,33.592203],[135.947829,33.592378],[135.946617,33.592212],[135.946454,33.592437],[135.946229,33.592478],[135.945667,33.593203],[135.945654,33.59372],[135.945529,33.59377],[135.945442,33.593295],[135.945254,33.593428],[135.944954,33.593761],[135.944342,33.59392],[135.943179,33.59387],[135.942804,33.59377],[135.942992,33.593303],[135.943667,33.59342],[135.943992,33.593445],[135.944292,33.593395],[135.944454,33.593262],[135.945079,33.59257],[135.945367,33.592662],[135.945479,33.592387],[135.945417,33.59087],[135.946379,33.590762],[135.946692,33.590762],[135.946654,33.590395],[135.947029,33.590354],[135.947142,33.590737],[135.948404,33.590612],[135.948379,33.589887],[135.949566,33.589837],[135.949591,33.589995],[135.949916,33.590012],[135.949866,33.590304],[135.949516,33.59032],[135.949641,33.590629],[135.950329,33.590654],[135.950604,33.589887],[135.950866,33.59002],[135.951191,33.590045],[135.951516,33.590229],[135.952504,33.590595],[135.952741,33.590712],[135.953529,33.590895],[135.953816,33.591037],[135.954254,33.591104],[135.954516,33.591195],[135.955103,33.59152],[135.955453,33.591629],[135.955678,33.591795],[135.955778,33.591837],[135.956041,33.592154],[135.956428,33.592229],[135.956616,33.592295],[135.956766,33.592495],[135.956828,33.592653],[135.957066,33.592795],[135.957366,33.592862],[135.957578,33.59307],[135.957703,33.593253],[135.958191,33.593453],[135.958378,33.59362],[135.958703,33.593753],[135.959103,33.59387],[135.959178,33.594028],[135.959366,33.594212],[135.959853,33.59442],[135.960228,33.594828],[135.96049,33.594937],[135.96079,33.595028],[135.96089,33.59517],[135.961303,33.59517],[135.961728,33.595353],[135.961865,33.595245],[135.962053,33.595153],[135.962165,33.59502],[135.96214,33.594862],[135.96179,33.594537],[135.961715,33.594245],[135.961203,33.594087],[135.961015,33.593903],[135.960828,33.593853],[135.960753,33.593587],[135.960965,33.593453],[135.961178,33.593229],[135.961215,33.593112],[135.961003,33.59282],[135.96089,33.59282],[135.960753,33.592679],[135.960728,33.592337],[135.96079,33.592254],[135.960978,33.592162],[135.961378,33.592254],[135.96154,33.592254],[135.961703,33.592212],[135.961603,33.592029],[135.961378,33.59182],[135.961578,33.591804],[135.961628,33.591737],[135.961515,33.591554],[135.961115,33.59162],[135.960953,33.591412],[135.961415,33.59117],[135.960903,33.590804],[135.960178,33.590529],[135.959916,33.590504],[135.959803,33.590345],[135.959703,33.589962],[135.959741,33.589462],[135.959716,33.589054],[135.959528,33.588312],[135.959741,33.588196],[135.959778,33.588087],[135.959453,33.587721],[135.959216,33.587021],[135.959278,33.586721],[135.959391,33.586613],[135.959416,33.586521],[135.959278,33.586138],[135.959303,33.586021],[135.959278,33.585838],[135.959303,33.585704],[135.959578,33.585754],[135.959716,33.585754],[135.959766,33.585704],[135.959678,33.585571],[135.959203,33.585321],[135.959178,33.585213],[135.959253,33.584779],[135.959178,33.584621],[135.959178,33.584446],[135.959016,33.584421],[135.958691,33.584446],[135.958641,33.58453],[135.958503,33.584488],[135.958341,33.584621],[135.958203,33.58458],[135.958178,33.584446],[135.958253,33.584396],[135.958528,33.58433],[135.958503,33.584238],[135.958391,33.584221],[135.958066,33.584305],[135.957828,33.583855],[135.957916,33.58363],[135.958128,33.583446],[135.958453,33.583271],[135.958903,33.583113],[135.959041,33.58293],[135.959316,33.582846],[135.959341,33.582755],[135.959316,33.582613],[135.959366,33.582546],[135.959503,33.58248],[135.959853,33.58248],[135.959816,33.582321],[135.959691,33.582055],[135.959553,33.581922],[135.959441,33.581738],[135.959278,33.581697],[135.958966,33.581672],[135.958666,33.581688],[135.958503,33.581397],[135.958391,33.581397],[135.958104,33.581238],[135.957966,33.581105],[135.957916,33.580813],[135.957941,33.580363],[135.957804,33.580113],[135.957616,33.579955],[135.957266,33.57993],[135.957029,33.579888],[135.956816,33.57993],[135.956591,33.57993],[135.956054,33.579663],[135.955841,33.579613],[135.955254,33.579205],[135.955091,33.579005],[135.954691,33.578714],[135.954629,33.578597],[135.954741,33.578214],[135.954691,33.578147],[135.954479,33.578014],[135.954179,33.577922],[135.953879,33.577947],[135.953691,33.578239],[135.953616,33.578305],[135.953367,33.578122],[135.953204,33.578097],[135.952892,33.578305],[135.952404,33.578322],[135.952217,33.57828],[135.952104,33.578214],[135.952079,33.578147],[135.952104,33.57803],[135.952217,33.577872],[135.952192,33.577805],[135.952029,33.57778],[135.951629,33.577847],[135.951404,33.57778],[135.952129,33.577605],[135.951979,33.577489],[135.951754,33.577514],[135.951117,33.577514],[135.951167,33.577622],[135.950817,33.577555],[135.950604,33.577739],[135.950767,33.577939],[135.950792,33.578297],[135.950654,33.57848],[135.950492,33.578772],[135.950254,33.578888],[135.950029,33.57893],[135.949842,33.578772],[135.949742,33.578597],[135.948767,33.579247],[135.948604,33.579272],[135.948342,33.579222],[135.948092,33.579113],[135.947992,33.579113],[135.947779,33.57918],[135.947617,33.579313],[135.947554,33.579447],[135.94718,33.579355],[135.946917,33.579022],[135.946542,33.578788],[135.94643,33.578813],[135.946267,33.579088],[135.946192,33.57938],[135.94613,33.57938],[135.945517,33.579063],[135.945192,33.578947],[135.945055,33.578772],[135.945142,33.578613],[135.945305,33.578522],[135.945305,33.578405],[135.945217,33.578338],[135.94458,33.57823],[135.944305,33.57823],[135.944167,33.578313],[135.944042,33.578205],[135.94393,33.578205],[135.94358,33.578722],[135.94353,33.578988],[135.943367,33.579038],[135.943092,33.579055],[135.94258,33.579147],[135.942417,33.579147],[135.94258,33.578855],[135.942555,33.578747],[135.942505,33.578722],[135.942043,33.57863],[135.941905,33.57888],[135.94178,33.578855],[135.94143,33.578538],[135.941243,33.578497],[135.94108,33.578313],[135.940968,33.578263],[135.940518,33.578222],[135.93998,33.577997],[135.939655,33.57768],[135.93963,33.577138],[135.93973,33.576822],[135.939793,33.57678],[135.939818,33.576664],[135.93968,33.576305],[135.939655,33.575989],[135.93928,33.57558],[135.939118,33.575022],[135.93898,33.574747],[135.93898,33.574655],[135.939368,33.574614],[135.939605,33.574497],[135.93963,33.574339],[135.939418,33.57418],[135.939418,33.574114],[135.93968,33.574164],[135.939843,33.574072],[135.93993,33.573914],[135.939905,33.573797],[135.93968,33.573797],[135.939468,33.573756],[135.939468,33.573664],[135.93963,33.573572],[135.939555,33.573506],[135.939255,33.573397],[135.938768,33.573439],[135.938531,33.573706],[135.938156,33.574005],[135.937943,33.57398],[135.937593,33.574005],[135.937318,33.57398],[135.936993,33.573997],[135.936781,33.574072],[135.936593,33.574047],[135.936456,33.573955],[135.936243,33.573955],[135.936193,33.57398],[135.936081,33.573955],[135.936031,33.573839],[135.935843,33.573797],[135.935656,33.573864],[135.935493,33.573839],[135.935443,33.573297],[135.935331,33.573189],[135.935281,33.573031],[135.935193,33.572939],[135.935006,33.573056],[135.935031,33.573322],[135.934868,33.573256],[135.934768,33.572981],[135.934656,33.572964],[135.934518,33.573006],[135.934493,33.573164],[135.934206,33.572981],[135.934118,33.573047],[135.934118,33.573256],[135.934231,33.57343],[135.934331,33.573522],[135.934656,33.57368],[135.934656,33.573772],[135.934393,33.57373],[135.934143,33.573664],[135.933906,33.573705],[135.933718,33.573797],[135.933556,33.573814],[135.933231,33.57373],[135.933044,33.573722],[135.932069,33.57433],[135.931594,33.574739],[135.931481,33.575147],[135.931369,33.575347],[135.931181,33.575547],[135.930994,33.575547],[135.930894,33.575688],[135.931131,33.575847],[135.931156,33.57593],[135.930831,33.576338],[135.930619,33.576522],[135.930294,33.57663],[135.930081,33.576613],[135.929894,33.576538],[135.930456,33.57593],[135.930594,33.575847],[135.930594,33.57573],[135.930431,33.575772],[135.929994,33.57618],[135.929781,33.576297],[135.929294,33.576338],[135.929244,33.57643],[135.929381,33.57663],[135.929356,33.576763],[135.929006,33.577238],[135.929031,33.577447],[135.928594,33.577463],[135.928494,33.577355],[135.928431,33.577355],[135.928244,33.577238],[135.928006,33.577197],[135.927169,33.577263],[135.926232,33.577255],[135.924482,33.57683],[135.923269,33.576238],[135.923032,33.576105],[135.922869,33.575905],[135.922632,33.575472],[135.92207,33.574797],[135.921482,33.574188],[135.921295,33.573847],[135.92107,33.573197],[135.921045,33.573039],[135.92107,33.572764],[135.921182,33.572539],[135.921432,33.572289],[135.921432,33.572114],[135.92132,33.571889],[135.921295,33.57173],[135.921395,33.571572],[135.921482,33.571522],[135.921882,33.571639],[135.921945,33.571614],[135.921945,33.571547],[135.921807,33.571297],[135.922157,33.571297],[135.922095,33.571147],[135.922045,33.571055],[135.922207,33.57103],[135.92242,33.571055],[135.92267,33.571005],[135.922857,33.570672],[135.922882,33.570539],[135.922745,33.570381],[135.922607,33.570306],[135.92237,33.570331],[135.922207,33.570447],[135.921995,33.570289],[135.921645,33.570239],[135.921157,33.569831],[135.921107,33.569722],[135.921245,33.569589],[135.921432,33.569522],[135.92157,33.569431],[135.92157,33.569381],[135.921482,33.569314],[135.921295,33.569314],[135.921107,33.569364],[135.92097,33.569447],[135.920945,33.569206],[135.920807,33.569206],[135.920595,33.569406],[135.920383,33.569131],[135.91977,33.569047],[135.919545,33.569047],[135.919495,33.569089],[135.919545,33.569272],[135.91982,33.569514],[135.919658,33.569789],[135.919445,33.570014],[135.918933,33.570347],[135.918558,33.570489],[135.91812,33.570572],[135.91772,33.570555],[135.91747,33.570464],[135.917345,33.570239],[135.917158,33.570172],[135.916995,33.570239],[135.91697,33.570305],[135.917045,33.570572],[135.917045,33.570889],[135.916158,33.570955],[135.915246,33.570914],[135.914808,33.570797],[135.914246,33.570364],[135.913496,33.569964],[135.913333,33.569755],[135.913171,33.569622],[135.912771,33.569555],[135.912583,33.569439],[135.912421,33.56928],[135.911746,33.569055],[135.911558,33.568922],[135.911271,33.56883],[135.911109,33.568722],[135.910946,33.568447],[135.911059,33.568264],[135.910996,33.568064],[135.910734,33.567747],[135.910596,33.567839],[135.910459,33.568022],[135.910221,33.567614],[135.910009,33.567406],[135.909821,33.567297],[135.909634,33.566797],[135.909334,33.566481],[135.908746,33.566214],[135.908421,33.566031],[135.907959,33.565873],[135.907372,33.565714],[135.906997,33.565648],[135.906759,33.565648],[135.906534,33.565714],[135.906197,33.565439],[135.905947,33.565198],[135.905784,33.564831],[135.905897,33.564673],[135.905947,33.564498],[135.905847,33.563906],[135.905847,33.563706],[135.905922,33.56344],[135.905922,33.563256],[135.906084,33.562756],[135.905822,33.562581],[135.905309,33.562665],[135.905034,33.562623],[135.904909,33.562531],[135.904747,33.562331],[135.90461,33.562281],[135.904447,33.562331],[135.904147,33.562556],[135.90286,33.562506],[135.902572,33.562556],[135.901572,33.562865],[135.900785,33.563048],[135.900435,33.562998],[135.90001,33.562823],[135.899748,33.562531],[135.899498,33.56244],[135.899148,33.562365],[135.89886,33.562256],[135.898585,33.562098],[135.898423,33.561915],[135.89811,33.561123],[135.897948,33.560898],[135.897485,33.560673],[135.89676,33.560406],[135.896823,33.560198],[135.896248,33.559973],[135.895586,33.559723],[135.895661,33.558873],[135.895798,33.558532],[135.896073,33.55844],[135.896261,33.558415],[135.896423,33.558307],[135.896448,33.558215],[135.896386,33.558107],[135.895936,33.557857],[135.895773,33.557807],[135.895373,33.55819],[135.895186,33.558215],[135.894836,33.558848],[135.894348,33.55864],[135.893623,33.558823],[135.892573,33.558298],[135.892548,33.558148],[135.892486,33.558098],[135.892111,33.558007],[135.891923,33.557807],[135.891736,33.55749],[135.891686,33.55724],[135.891499,33.55699],[135.891386,33.556974],[135.891099,33.55679],[135.890399,33.556024],[135.890161,33.555815],[135.890049,33.555682],[135.890049,33.555507],[135.890111,33.555324],[135.890374,33.555415],[135.890636,33.555615],[135.891336,33.556024],[135.891636,33.556049],[135.891961,33.555865],[135.892198,33.555915],[135.892573,33.556074],[135.894811,33.556457],[135.895186,33.556657],[135.895511,33.556707],[135.895936,33.55659],[135.896311,33.556707],[135.897035,33.557024],[135.897823,33.557249],[135.898648,33.557274],[135.898998,33.557274],[135.899323,33.557315],[135.901423,33.557949],[135.90206,33.558132],[135.902285,33.558224],[135.90271,33.558607],[135.90351,33.559015],[135.903672,33.559148],[135.904322,33.560207],[135.904647,33.560415],[135.90491,33.560457],[135.90521,33.560457],[135.90531,33.56044],[135.905335,33.560482],[135.905847,33.560665],[135.906122,33.560823],[135.906759,33.560798],[135.907109,33.560757],[135.907359,33.560773],[135.907597,33.560982],[135.907872,33.561407],[135.908059,33.561631],[135.908159,33.561548],[135.908184,33.561498],[135.908297,33.561548],[135.908559,33.56179],[135.908834,33.561881],[135.909184,33.561931],[135.910234,33.561773],[135.910371,33.561773],[135.910496,33.561906],[135.910746,33.561998],[135.911359,33.561973],[135.911546,33.561931],[135.911796,33.561707],[135.912009,33.561707],[135.912196,33.561748],[135.912246,33.562065],[135.912434,33.562206],[135.912709,33.562156],[135.913109,33.56184],[135.913271,33.561798],[135.913346,33.56189],[135.913321,33.562523],[135.913371,33.562606],[135.913559,33.562748],[135.913946,33.56329],[135.914096,33.563423],[135.914533,33.563465],[135.914958,33.563381],[135.915208,33.563223],[135.915308,33.563106],[135.915208,33.562856],[135.914883,33.562748],[135.914558,33.562698],[135.914533,33.56254],[135.914558,33.56234],[135.914671,33.562182],[135.914908,33.561982],[135.915183,33.561823],[135.915446,33.561757],[135.915696,33.561732],[135.915983,33.562273],[135.916196,33.562498],[135.916446,33.562656],[135.916708,33.562723],[135.916871,33.562681],[135.917058,33.562482],[135.917358,33.562723],[135.917521,33.562815],[135.917808,33.562906],[135.918033,33.562931],[135.918196,33.562865],[135.918346,33.562748],[135.918383,33.56264],[135.918321,33.562548],[135.918433,33.562523],[135.918695,33.562682],[135.91902,33.56259],[135.919045,33.562457],[135.91897,33.562348],[135.919045,33.562282],[135.919133,33.562098],[135.919245,33.562073],[135.919595,33.562257],[135.91972,33.562257],[135.919833,33.562032],[135.919908,33.561982],[135.92002,33.562007],[135.92032,33.562215],[135.920558,33.56219],[135.920745,33.562123],[135.920795,33.561965],[135.920958,33.561915],[135.92182,33.56194],[135.922308,33.562032],[135.922545,33.56219],[135.92292,33.562173],[135.923333,33.562082],[135.923358,33.562057],[135.923295,33.561923],[135.923495,33.56154],[135.923495,33.561265],[135.923783,33.560798],[135.924195,33.559849],[135.92422,33.559649],[135.92417,33.559507],[135.92422,33.559174],[135.92387,33.558949],[135.923608,33.558807],[135.923383,33.558632],[135.923233,33.558582],[135.923145,33.558765],[135.923145,33.559099],[135.922908,33.559124],[135.922333,33.559282],[135.922145,33.55919],[135.921858,33.55919],[135.921833,33.559257],[135.921933,33.559374],[135.921833,33.55944],[135.921608,33.559415],[135.921483,33.559307],[135.92137,33.559324],[135.921233,33.559465],[135.920995,33.559457],[135.92072,33.559349],[135.920558,33.559415],[135.920395,33.559374],[135.920183,33.559232],[135.919996,33.559165],[135.919783,33.559299],[135.919708,33.55939],[135.919596,33.55939],[135.919246,33.55919],[135.919108,33.559032],[135.919008,33.558757],[135.918408,33.558982],[135.918308,33.559049],[135.918221,33.558849],[135.917933,33.558599],[135.917871,33.558282],[135.917658,33.558349],[135.917608,33.558332],[135.917558,33.558174],[135.917183,33.557924],[135.917046,33.557882],[135.916908,33.557882],[135.916883,33.558149],[135.916771,33.558124],[135.916671,33.557949],[135.916508,33.557874],[135.916421,33.557874],[135.916183,33.55779],[135.916021,33.557674],[135.915759,33.557582],[135.915759,33.557515],[135.915884,33.55729],[135.915946,33.557107],[135.915921,33.557091],[135.915759,33.557091],[135.915409,33.557157],[135.915184,33.556949],[135.915159,33.556707],[135.915409,33.556007],[135.915434,33.555799],[135.915321,33.555691],[135.915359,33.555507],[135.915621,33.554899],[135.915596,33.554699],[135.916321,33.554041],[135.916834,33.553708],[135.917084,33.553591],[135.917159,33.553508],[135.917159,33.553416],[135.916759,33.553433],[135.916509,33.553391],[135.916459,33.553433],[135.916509,33.553366],[135.916946,33.553233],[135.916946,33.553191],[135.917109,33.553116],[135.917209,33.552966],[135.917134,33.552916],[135.916384,33.553049],[135.916359,33.552849],[135.916384,33.552783],[135.916734,33.552808],[135.917059,33.552716],[135.917021,33.552466],[135.916621,33.552466],[135.916359,33.552333],[135.916084,33.552558],[135.916084,33.552599],[135.916009,33.552599],[135.915784,33.552441],[135.915634,33.552258],[135.915409,33.552099],[135.915221,33.552033],[135.915034,33.552083],[135.914909,33.552241],[135.914871,33.552691],[135.914796,33.552799],[135.914709,33.552824],[135.914396,33.552824],[135.913421,33.552666],[135.913134,33.552483],[135.912884,33.552416],[135.912184,33.552441],[135.912022,33.552416],[135.911947,33.552299],[135.912134,33.552058],[135.912159,33.551741],[135.912084,33.551608],[135.911872,33.551516],[135.912034,33.5512],[135.911997,33.55115],[135.912459,33.551266],[135.912534,33.551175],[135.912597,33.551],[135.912534,33.550858],[135.912409,33.550658],[135.912297,33.550225],[135.912384,33.550183],[135.912484,33.550208],[135.912572,33.550158],[135.912197,33.549891],[135.911972,33.5498],[135.911684,33.549758],[135.911384,33.549641],[135.911197,33.549525],[135.910934,33.549441],[135.910497,33.54935],[135.909772,33.549366],[135.909472,33.549258],[135.909397,33.5493],[135.90916,33.549683],[135.909072,33.549733],[135.908935,33.549708],[135.90886,33.549641],[135.90856,33.549658],[135.908435,33.549483],[135.90846,33.549325],[135.908372,33.549258],[135.908322,33.549141],[135.908435,33.549008],[135.908372,33.548875],[135.908297,33.548783],[135.90816,33.548733],[135.90786,33.548916],[135.90746,33.548733],[135.907272,33.548708],[135.906472,33.548825],[135.90641,33.548825],[135.906222,33.548666],[135.906147,33.548466],[135.906247,33.548258],[135.90591,33.547875],[135.905822,33.547425],[135.90561,33.547083],[135.90526,33.547017],[135.904997,33.547017],[135.904772,33.546858],[135.904398,33.546633],[135.90446,33.546367],[135.904398,33.5463],[135.904048,33.546342],[135.903835,33.546317],[135.903623,33.546183],[135.903385,33.545958],[135.903035,33.545842],[135.902548,33.545867],[135.90236,33.545775],[135.902173,33.545642],[135.902124,33.545041],[135.901961,33.544908],[135.901911,33.544908],[135.901685,33.5451],[135.901585,33.545258],[135.90156,33.5455],[135.901285,33.545525],[135.901148,33.545483],[135.90086,33.545325],[135.900673,33.545367],[135.900448,33.545483],[135.90016,33.545867],[135.900073,33.545867],[135.89991,33.545725],[135.899785,33.545658],[135.899623,33.54575],[135.899348,33.545975],[135.899211,33.545975],[135.899086,33.545933],[135.898923,33.545817],[135.898898,33.54575],[135.898998,33.545525],[135.899023,33.545367],[135.898923,33.545275],[135.898861,33.5453],[135.898736,33.545275],[135.898837,33.545016],[135.898674,33.544924],[135.898437,33.544858],[135.898299,33.544858],[135.898136,33.545117],[135.898061,33.545158],[135.898062,33.545041],[135.898112,33.544883],[135.898037,33.544833],[135.897824,33.544858],[135.897787,33.544974],[135.897574,33.545041],[135.897473,33.545142],[135.897311,33.545142],[135.897036,33.54505],[135.897123,33.544733],[135.897061,33.544708],[135.896961,33.544758],[135.896823,33.544908],[135.896748,33.544867],[135.896773,33.544733],[135.896911,33.544617],[135.897061,33.544667],[135.897098,33.544483],[135.896986,33.544417],[135.896911,33.544483],[135.896873,33.544575],[135.896686,33.544642],[135.896748,33.544525],[135.896723,33.544442],[135.896636,33.544392],[135.896523,33.544392],[135.896398,33.544458],[135.896286,33.544442],[135.896123,33.5443],[135.896236,33.544167],[135.896236,33.544075],[135.895961,33.544142],[135.895911,33.544125],[135.895911,33.54385],[135.896211,33.5439],[135.896211,33.543692],[135.896348,33.543517],[135.896311,33.543442],[135.896048,33.543492],[135.896048,33.543425],[135.896286,33.543267],[135.896373,33.543109],[135.896373,33.543017],[135.896261,33.542992],[135.896023,33.543109],[135.895998,33.543059],[135.896098,33.54275],[135.896098,33.542634],[135.895998,33.542567],[135.895911,33.542609],[135.895723,33.543109],[135.895648,33.543175],[135.895561,33.5432],[135.895561,33.543059],[135.895673,33.542817],[135.895673,33.5425],[135.895511,33.542117],[135.895411,33.542134],[135.895348,33.542317],[135.895348,33.542517],[135.895273,33.5427],[135.895323,33.542834],[135.895298,33.5429],[135.895211,33.542859],[135.895161,33.542475],[135.895061,33.542475],[135.894999,33.542742],[135.894949,33.542742],[135.894899,33.542659],[135.894624,33.542675],[135.894436,33.542584],[135.894249,33.542267],[135.894249,33.542159],[135.894436,33.542117],[135.894736,33.542184],[135.894761,33.542117],[135.894649,33.542025],[135.894249,33.541909],[135.894199,33.541909],[135.894086,33.542025],[135.894011,33.5422],[135.893899,33.542184],[135.893761,33.541884],[135.893599,33.541817],[135.893799,33.541617],[135.893761,33.5415],[135.893611,33.5413],[135.893849,33.541367],[135.893899,33.541209],[135.894036,33.541142],[135.894086,33.540984],[135.894061,33.540959],[135.894149,33.540467],[135.894149,33.540242],[135.894099,33.540084],[135.893961,33.539967],[135.893711,33.539834],[135.893449,33.539792],[135.893474,33.539676],[135.893586,33.539517],[135.893611,33.539359],[135.893499,33.539317],[135.892936,33.539359],[135.892986,33.539517],[135.892836,33.539492],[135.892724,33.539409],[135.892511,33.539426],[135.892424,33.539517],[135.892399,33.539676],[135.892211,33.539651],[135.891911,33.539767],[135.891811,33.539834],[135.891649,33.539767],[135.891599,33.539784],[135.891061,33.539809],[135.890836,33.539784],[135.890761,33.539851],[135.890711,33.540009],[135.890599,33.540167],[135.890574,33.540284],[135.890486,33.540325],[135.890324,33.540309],[135.890137,33.54015],[135.889712,33.539967],[135.889637,33.539851],[135.889574,33.539809],[135.889574,33.539717],[135.889387,33.539676],[135.889199,33.539676],[135.888874,33.5399],[135.888712,33.539809],[135.888524,33.539784],[135.888312,33.539825],[135.888149,33.539809],[135.887612,33.539442],[135.887449,33.539267],[135.887399,33.539059],[135.887424,33.538951],[135.887487,33.538926],[135.887937,33.538901],[135.888024,33.538726],[135.887887,33.538567],[135.887749,33.538476],[135.887462,33.538342],[135.887137,33.538359],[135.887087,33.538117],[135.887399,33.537867],[135.887787,33.537351],[135.887812,33.537234],[135.887624,33.537192],[135.887562,33.537051],[135.887912,33.536901],[135.887949,33.536784],[135.887912,33.536717],[135.887862,33.536692],[135.887299,33.536692],[135.887487,33.536534],[135.887462,33.536493],[135.887349,33.536443],[135.887187,33.536468],[135.887137,33.536109],[135.887062,33.535968],[135.887037,33.535793],[135.887062,33.535634],[135.886924,33.535568],[135.886624,33.535543],[135.886312,33.535676],[135.886037,33.536034],[135.885987,33.536059],[135.885925,33.535951],[135.885962,33.535676],[135.885687,33.535726],[135.885587,33.535793],[135.885637,33.535926],[135.885575,33.535876],[135.885362,33.535834],[135.8852,33.535876],[135.885012,33.535993],[135.884937,33.535993],[135.8852,33.535701],[135.88505,33.535634],[135.88485,33.535651],[135.884637,33.535768],[135.884312,33.536059],[135.8841,33.536126],[135.884075,33.536034],[135.884212,33.535859],[135.884212,33.535809],[135.8841,33.535768],[135.883912,33.535834],[135.88375,33.535718],[135.883625,33.535743],[135.883375,33.535851],[135.883462,33.535676],[135.883562,33.535559],[135.883562,33.535468],[135.883512,33.535451],[135.88335,33.535493],[135.883,33.535468],[135.882787,33.535534],[135.882575,33.535651],[135.882325,33.535676],[135.882137,33.535534],[135.882037,33.535268],[135.881525,33.534951],[135.8815,33.534676],[135.881875,33.533893],[135.882037,33.533776],[135.882112,33.533618],[135.8818,33.533443],[135.88155,33.533509],[135.881237,33.533684],[135.8812,33.533643],[135.881312,33.533443],[135.881262,33.533351],[135.88105,33.533301],[135.880987,33.533234],[135.881012,33.533076],[135.881237,33.532834],[135.881237,33.532784],[135.880913,33.532468],[135.880863,33.532335],[135.880963,33.532135],[135.880838,33.531976],[135.880513,33.531993],[135.880488,33.531976],[135.880588,33.53186],[135.88065,33.531701],[135.880538,33.531635],[135.880513,33.53166],[135.8803,33.53166],[135.880213,33.531518],[135.880463,33.531185],[135.880513,33.531051],[135.8804,33.53096],[135.880138,33.531026],[135.880025,33.53096],[135.88005,33.530868],[135.88025,33.53071],[135.880325,33.530526],[135.880488,33.530393],[135.880538,33.530285],[135.880488,33.53026],[135.879975,33.53046],[135.879625,33.530893],[135.879575,33.53091],[135.879513,33.530893],[135.87965,33.530618],[135.879675,33.53046],[135.8796,33.530326],[135.879438,33.530351],[135.879363,33.53051],[135.8792,33.530618],[135.879088,33.530526],[135.8789,33.530485],[135.879063,33.530351],[135.8792,33.530276],[135.879225,33.530235],[135.8792,33.529985],[135.879038,33.529985],[135.878875,33.530101],[135.878688,33.530418],[135.878638,33.530435],[135.87855,33.53021],[135.878688,33.529851],[135.878663,33.529735],[135.878775,33.529285],[135.878613,33.52911],[135.878363,33.529018],[135.878313,33.528968],[135.878475,33.528677],[135.8784,33.528568],[135.878263,33.528543],[135.878125,33.528585],[135.878013,33.528702],[135.877938,33.529018],[135.87775,33.52911],[135.877588,33.52911],[135.8775,33.529176],[135.877563,33.529335],[135.87735,33.52951],[135.877213,33.529851],[135.876988,33.529943],[135.876538,33.52976],[135.876425,33.529826],[135.87645,33.529893],[135.876325,33.53021],[135.876425,33.53041],[135.876775,33.530635],[135.877075,33.530685],[135.87715,33.530776],[135.877175,33.53091],[135.87715,33.530976],[135.876613,33.53086],[135.876538,33.53091],[135.876613,33.531018],[135.877013,33.531335],[135.876913,33.531401],[135.876913,33.531518],[135.877013,33.531651],[135.87685,33.531743],[135.8768,33.531835],[135.876913,33.531943],[135.8768,33.53231],[135.876588,33.53226],[135.876563,33.532326],[135.876688,33.532484],[135.876638,33.532643],[135.876363,33.532826],[135.8762,33.532984],[135.875888,33.533184],[135.875163,33.533459],[135.874913,33.533526],[135.874676,33.533476],[135.874376,33.533568],[135.873951,33.533593],[135.873226,33.533543],[135.872688,33.533426],[135.872251,33.533268],[135.872185,33.533264],[135.871913,33.533059],[135.871388,33.532409],[135.871426,33.532226],[135.871363,33.532093],[135.871201,33.532093],[135.871151,33.531934],[135.871201,33.531593],[135.871176,33.531393],[135.871088,33.531326],[135.870901,33.531301],[135.870838,33.531326],[135.870838,33.531485],[135.870601,33.531593],[135.870401,33.53146],[135.870013,33.531509],[135.869738,33.53126],[135.869501,33.531218],[135.869326,33.531301],[135.868814,33.531101],[135.868639,33.530901],[135.868614,33.530518],[135.868476,33.530318],[135.868226,33.53011],[135.868064,33.530043],[135.868089,33.530243],[135.868039,33.530401],[135.867951,33.530401],[135.867789,33.530293],[135.867601,33.530251],[135.867539,33.53011],[135.867564,33.52991],[135.867351,33.529793],[135.867264,33.529885],[135.867301,33.53016],[135.867214,33.53016],[135.867051,33.530251],[135.867026,33.530401],[135.866751,33.530318],[135.866664,33.530135],[135.866614,33.53011],[135.866476,33.530135],[135.866339,33.530201],[135.866139,33.530093],[135.866064,33.529885],[135.865864,33.529801],[135.865839,33.529501],[135.865864,33.529368],[135.866026,33.529101],[135.866051,33.52901],[135.866001,33.528851],[135.865864,33.52876],[135.865864,33.528518],[135.865676,33.528426],[135.865451,33.528493],[135.865314,33.528468],[135.864951,33.528335],[135.864851,33.528151],[135.864851,33.527976],[135.864651,33.527635],[135.864576,33.527385],[135.864514,33.527368],[135.864376,33.527435],[135.864214,33.527593],[135.864189,33.527276],[135.864264,33.527051],[135.864239,33.527026],[135.863989,33.527143],[135.864026,33.526893],[135.863964,33.526668],[135.863826,33.526668],[135.863776,33.526918],[135.863639,33.526935],[135.863614,33.526693],[135.863739,33.52656],[135.863714,33.526418],[135.863664,33.526402],[135.863464,33.526418],[135.863327,33.52656],[135.863277,33.52671],[135.863114,33.526735],[135.863064,33.526718],[135.863139,33.526535],[135.863089,33.526443],[135.862927,33.526468],[135.862614,33.526693],[135.862564,33.527026],[135.862514,33.527076],[135.862452,33.526626],[135.862289,33.526626],[135.862152,33.526876],[135.862039,33.527276],[135.861827,33.527301],[135.861489,33.527435],[135.861052,33.527435],[135.860727,33.527393],[135.860727,33.527343],[135.860527,33.527276],[135.860477,33.527276],[135.860289,33.527168],[135.860202,33.526851],[135.860227,33.526785],[135.860589,33.526493],[135.860777,33.526218],[135.860552,33.525993],[135.860139,33.526376],[135.860039,33.526201],[135.859977,33.525951],[135.859814,33.525951],[135.859764,33.52606],[135.859789,33.526268],[135.859764,33.526535],[135.859727,33.526493],[135.859539,33.526443],[135.859327,33.526601],[135.859264,33.52656],[135.858964,33.526443],[135.858939,33.526401],[135.858964,33.52611],[135.858827,33.525751],[135.858964,33.525502],[135.858939,33.525143],[135.858764,33.525185],[135.858277,33.52521],[135.858414,33.525002],[135.858739,33.525027],[135.858827,33.524918],[135.858577,33.52471],[135.858527,33.524735],[135.858439,33.524627],[135.858414,33.524418],[135.858327,33.524218],[135.858102,33.523968],[135.857827,33.523877],[135.857827,33.52386],[135.857502,33.523927],[135.857477,33.523902],[135.857527,33.523768],[135.857414,33.523677],[135.857252,33.523702],[135.856952,33.523968],[135.856902,33.523952],[135.856877,33.523835],[135.857152,33.52361],[135.857089,33.523452],[135.856977,33.523427],[135.856677,33.523727],[135.856565,33.523635],[135.856702,33.523502],[135.856677,33.52341],[135.856815,33.523318],[135.856815,33.523252],[135.856702,33.52316],[135.856677,33.522977],[135.85659,33.52296],[135.85654,33.523185],[135.856377,33.523118],[135.856315,33.52291],[135.856102,33.522802],[135.85604,33.523027],[135.855965,33.523002],[135.855877,33.52291],[135.855852,33.522818],[135.855602,33.522802],[135.855527,33.522668],[135.85539,33.522593],[135.855227,33.52271],[135.85509,33.522893],[135.855002,33.522935],[135.854952,33.522868],[135.854915,33.522618],[135.855052,33.522577],[135.855002,33.52246],[135.85464,33.522285],[135.854502,33.521993],[135.854315,33.52181],[135.854065,33.521902],[135.854065,33.52201],[135.854127,33.522127],[135.853677,33.522352],[135.853465,33.521927],[135.853327,33.521902],[135.853265,33.522102],[135.853102,33.522218],[135.853077,33.522327],[135.852552,33.522102],[135.852415,33.521743],[135.852527,33.521268],[135.852665,33.521202],[135.852752,33.521293],[135.85294,33.521202],[135.853052,33.521044],[135.852965,33.520777],[135.853077,33.520552],[135.853102,33.520277],[135.85319,33.520169],[135.85324,33.520344],[135.853327,33.520435],[135.853377,33.52041],[135.853465,33.520277],[135.853465,33.520027],[135.853515,33.519802],[135.853652,33.519627],[135.853677,33.519335],[135.85354,33.51911],[135.85349,33.518885],[135.85329,33.518435],[135.853265,33.518277],[135.853177,33.518094],[135.853102,33.518119],[135.853015,33.518385],[135.85299,33.518277],[135.852827,33.518344],[135.85269,33.518502],[135.852302,33.518635],[135.85219,33.518835],[135.85219,33.518994],[135.852115,33.51911],[135.852002,33.518927],[135.85194,33.518677],[135.851802,33.518702],[135.85164,33.518794],[135.851427,33.518835],[135.851315,33.518794],[135.851202,33.518594],[135.85104,33.518452],[135.850977,33.518477],[135.85099,33.518594],[135.850877,33.518635],[135.850815,33.518752],[135.850715,33.518835],[135.850627,33.518819],[135.850377,33.518502],[135.850352,33.51796],[135.850215,33.517802],[135.850127,33.51776],[135.850102,33.517894],[135.850127,33.518052],[135.850102,33.518077],[135.850127,33.518227],[135.850215,33.518369],[135.85019,33.518477],[135.850102,33.51846],[135.849965,33.518077],[135.849827,33.518077],[135.849827,33.518277],[135.849752,33.51846],[135.849915,33.518569],[135.850127,33.51866],[135.850127,33.518794],[135.849965,33.518952],[135.849665,33.518819],[135.849615,33.518819],[135.849553,33.518927],[135.84969,33.519085],[135.849827,33.519177],[135.849802,33.519469],[135.849865,33.519677],[135.849777,33.51976],[135.849827,33.519969],[135.850002,33.520077],[135.84989,33.52021],[135.849777,33.52021],[135.849665,33.520102],[135.849478,33.519985],[135.84909,33.52006],[135.848728,33.520394],[135.848765,33.520485],[135.848678,33.520394],[135.84849,33.520327],[135.848315,33.520419],[135.848378,33.520577],[135.848428,33.520602],[135.848515,33.52071],[135.848403,33.520868],[135.848128,33.520935],[135.847828,33.52096],[135.84744,33.520893],[135.84719,33.520802],[135.847115,33.520602],[135.84714,33.520577],[135.84709,33.52046],[135.84684,33.52051],[135.846815,33.520085],[135.846703,33.519969],[135.846778,33.51981],[135.846703,33.51961],[135.846728,33.519335],[135.846703,33.519319],[135.846615,33.519385],[135.846453,33.519452],[135.846128,33.519452],[135.84639,33.519094],[135.84629,33.518977],[135.846065,33.518935],[135.846015,33.518952],[135.845978,33.519069],[135.84604,33.519252],[135.845953,33.51936],[135.845903,33.519335],[135.845853,33.519252],[135.845878,33.518977],[135.845815,33.51846],[135.845903,33.518327],[135.846228,33.51821],[135.84634,33.518119],[135.846203,33.518052],[135.845903,33.518077],[135.845603,33.518194],[135.84554,33.518344],[135.845678,33.518685],[135.845678,33.518819],[135.84554,33.518885],[135.845515,33.519044],[135.845465,33.519069],[135.845353,33.519044],[135.845428,33.518885],[135.845265,33.518752],[135.84499,33.518819],[135.84464,33.519002],[135.84444,33.519044],[135.844278,33.518844],[135.84444,33.518735],[135.844503,33.518594],[135.84469,33.518369],[135.844803,33.518194],[135.84469,33.518144],[135.844528,33.518169],[135.844415,33.518302],[135.844415,33.518419],[135.844253,33.518527],[135.844228,33.51846],[135.844278,33.518302],[135.844465,33.51801],[135.844503,33.517827],[135.84444,33.517694],[135.844278,33.51776],[135.84419,33.517877],[135.844115,33.518035],[135.844028,33.51801],[135.84409,33.51776],[135.844303,33.517535],[135.844278,33.517427],[135.844028,33.517444],[135.843815,33.517719],[135.843728,33.517652],[135.843778,33.517535],[135.843753,33.517269],[135.843503,33.517335],[135.84309,33.517177],[135.842928,33.517335],[135.84274,33.517269],[135.842603,33.517452],[135.842303,33.517269],[135.842078,33.517069],[135.841591,33.516885],[135.841641,33.516752],[135.84194,33.516502],[135.841803,33.516252],[135.84194,33.516185],[135.842128,33.51621],[135.842328,33.516144],[135.84244,33.515985],[135.84244,33.515852],[135.842303,33.515827],[135.842103,33.515852],[135.842053,33.515602],[135.842165,33.515327],[135.842128,33.514877],[135.842403,33.514811],[135.842678,33.514927],[135.84279,33.514719],[135.842903,33.514677],[135.842978,33.514494],[135.843178,33.514294],[135.843115,33.514136],[135.84329,33.513911],[135.843365,33.513661],[135.84339,33.513211],[135.843365,33.513102],[135.843278,33.513077],[135.843178,33.513119],[135.843003,33.513052],[135.842953,33.513169],[135.842865,33.513236],[135.84284,33.513194],[135.842953,33.512736],[135.842903,33.512652],[135.842765,33.512627],[135.84259,33.512694],[135.842453,33.512811],[135.84229,33.513052],[135.84219,33.513144],[135.842103,33.513102],[135.84224,33.512986],[135.84224,33.512744],[135.842178,33.512652],[135.842015,33.512602],[135.841803,33.512811],[135.841778,33.513052],[135.841641,33.513127],[135.841503,33.512586],[135.841366,33.512427],[135.841278,33.512427],[135.841191,33.512652],[135.841191,33.512786],[135.841253,33.512944],[135.841141,33.513011],[135.840953,33.512877],[135.840916,33.513011],[135.840816,33.513102],[135.840478,33.513261],[135.840291,33.513144],[135.840266,33.512944],[135.840128,33.512852],[135.839953,33.512902],[135.840066,33.513144],[135.839953,33.513236],[135.839853,33.513036],[135.839678,33.512902],[135.839628,33.513077],[135.839491,33.513036],[135.839491,33.512836],[135.839578,33.512627],[135.839628,33.512202],[135.839578,33.512202],[135.839378,33.512336],[135.839216,33.512761],[135.839241,33.512561],[135.839128,33.512561],[135.838916,33.512611],[135.838866,33.512611],[135.838778,33.512494],[135.838891,33.512361],[135.838991,33.512311],[135.839028,33.512161],[135.838966,33.511977],[135.838716,33.512202],[135.838641,33.511794],[135.838578,33.511777],[135.838391,33.511911],[135.838203,33.512386],[135.838091,33.512769],[135.838003,33.512677],[135.838116,33.512402],[135.838041,33.512336],[135.838041,33.512244],[135.837866,33.512227],[135.837678,33.512244],[135.837491,33.512227],[135.837316,33.512294],[135.837128,33.512319],[135.837078,33.512427],[135.836903,33.512702],[135.836803,33.512719],[135.836716,33.512786],[135.836741,33.512927],[135.836053,33.513086],[135.836466,33.512319],[135.836716,33.512269],[135.836628,33.512161],[135.836416,33.512136],[135.836216,33.512336],[135.836166,33.512494],[135.836028,33.512702],[135.835816,33.512477],[135.835703,33.512544],[135.835816,33.512994],[135.835816,33.513127],[135.835753,33.513127],[135.835616,33.512769],[135.835541,33.512811],[135.835453,33.513036],[135.835478,33.513219],[135.835128,33.513286],[135.834928,33.513352],[135.834766,33.513377],[135.834741,33.513194],[135.834653,33.513152],[135.834603,33.513194],[135.834516,33.513286],[135.834491,33.513419],[135.834241,33.513444],[135.834241,33.513352],[135.834166,33.513336],[135.834078,33.513402],[135.834028,33.513536],[135.833941,33.513486],[135.833891,33.513377],[135.833803,33.513377],[135.833666,33.513494],[135.833616,33.513627],[135.833204,33.513736],[135.833179,33.513286],[135.833066,33.513152],[135.832979,33.513127],[135.832704,33.513511],[135.832591,33.513402],[135.832566,33.513194],[135.832591,33.512969],[135.832491,33.512819],[135.832404,33.512886],[135.832266,33.513469],[135.832379,33.513736],[135.831554,33.513736],[135.831604,33.513561],[135.831366,33.513494],[135.831366,33.513536],[135.831254,33.513586],[135.831116,33.513494],[135.831091,33.513269],[135.831141,33.513086],[135.831329,33.512769],[135.831329,33.512611],[135.831141,33.512727],[135.831116,33.512861],[135.831029,33.512819],[135.830941,33.512836],[135.830866,33.512952],[135.830679,33.513044],[135.830504,33.513219],[135.830366,33.513311],[135.830266,33.512994],[135.830129,33.512911],[135.829991,33.512977],[135.830129,33.513269],[135.830066,33.513469],[135.829991,33.513427],[135.829854,33.513044],[135.829766,33.512952],[135.829716,33.513019],[135.829654,33.513269],[135.829766,33.513602],[135.829604,33.513719],[135.829441,33.513719],[135.829404,33.513494],[135.829304,33.513377],[135.829129,33.513336],[135.829079,33.513361],[135.829079,33.513452],[135.829191,33.513586],[135.829241,33.513719],[135.829129,33.513811],[135.829104,33.513944],[135.828754,33.513986],[135.828454,33.513694],[135.828254,33.513744],[135.828091,33.514077],[135.827954,33.514061],[135.827866,33.514077],[135.827791,33.514552],[135.827679,33.514827],[135.827516,33.515069],[135.827266,33.515319],[135.826329,33.515344],[135.825429,33.515052],[135.825291,33.51496],[135.825204,33.514535],[135.825154,33.514535],[135.823479,33.513719],[135.823029,33.513494],[135.822679,33.513269],[135.821904,33.512686],[135.821629,33.512419],[135.821354,33.512077],[135.821192,33.511761],[135.821029,33.511561],[135.820429,33.511427],[135.820204,33.511311],[135.819879,33.511044],[135.819492,33.510552],[135.819129,33.509669],[135.818579,33.508003],[135.818329,33.507103],[135.818079,33.506903],[135.817342,33.50652],[135.816704,33.506003],[135.815829,33.505753],[135.815329,33.505528],[135.815092,33.505345],[135.814292,33.505011],[135.813992,33.504786],[135.813029,33.503861],[135.812729,33.50357],[135.812454,33.503395],[135.812267,33.503186],[135.812079,33.502828],[135.811942,33.502736],[135.811667,33.502686],[135.811304,33.502536],[135.810929,33.50217],[135.810429,33.502245],[135.810242,33.502311],[135.810017,33.502645],[135.809717,33.502786],[135.809055,33.50272],[135.808755,33.502536],[135.80818,33.50202],[135.807767,33.50177],[135.80793,33.502695],[135.80773,33.502736],[135.80768,33.502628],[135.807017,33.502786],[135.80688,33.503103],[135.806717,33.503053],[135.806605,33.50297],[135.806467,33.50292],[135.806217,33.502761],[135.805892,33.502678],[135.805455,33.502453],[135.804767,33.501978],[135.803905,33.501145],[135.803667,33.50092],[135.803417,33.50047],[135.803167,33.500287],[135.802705,33.500153],[135.802292,33.499953],[135.801955,33.499837],[135.801655,33.499795],[135.80108,33.499995],[135.800805,33.500112],[135.800467,33.500178],[135.80028,33.500178],[135.800005,33.500137],[135.79923,33.499687],[135.79858,33.499095],[135.79833,33.498737],[135.798055,33.49842],[135.797142,33.49687],[135.797005,33.496395],[135.797167,33.495495],[135.797117,33.49527],[135.797055,33.495245],[135.796955,33.49507],[135.796955,33.494887],[135.797055,33.494704],[135.79708,33.494545],[135.796942,33.49412],[135.79678,33.49392],[135.796505,33.493787],[135.79588,33.493379],[135.79563,33.493129],[135.79543,33.492862],[135.794992,33.492029],[135.79483,33.491462],[135.794855,33.491196],[135.795155,33.490537],[135.795317,33.490446],[135.795405,33.490271],[135.79543,33.490021],[135.795492,33.489888],[135.795355,33.489454],[135.79513,33.489529],[135.794392,33.489638],[135.79428,33.489688],[135.794142,33.489796],[135.794005,33.490271],[135.79378,33.491012],[135.79373,33.492054],[135.79373,33.492904],[135.79378,33.493129],[135.793893,33.493287],[135.794505,33.493804],[135.794743,33.494104],[135.794918,33.49437],[135.79503,33.494887],[135.795055,33.495112],[135.794943,33.495429],[135.794805,33.495587],[135.794393,33.495812],[135.79423,33.495995],[135.794093,33.496312],[135.793755,33.496195],[135.793343,33.496262],[135.792718,33.496579],[135.792355,33.49672],[135.79203,33.496737],[135.791755,33.496878],[135.791505,33.497078],[135.791393,33.497345],[135.791368,33.497728],[135.79128,33.49787],[135.790868,33.497978],[135.790843,33.498203],[135.790868,33.498412],[135.790793,33.498545],[135.790293,33.498837],[135.790043,33.499037],[135.789943,33.499195],[135.789943,33.499495],[135.790243,33.499895],[135.790293,33.500145],[135.790218,33.500395],[135.790106,33.500553],[135.790131,33.500753],[135.790543,33.501136],[135.790568,33.501228],[135.790493,33.50132],[135.790268,33.501453],[135.790156,33.501628],[135.789943,33.502511],[135.789918,33.502803],[135.789993,33.503386],[135.790056,33.503394],[135.789843,33.503469],[135.789643,33.503586],[135.789506,33.503586],[135.789343,33.503519],[135.789181,33.503394],[135.789306,33.503386],[135.789056,33.502961],[135.788981,33.502869],[135.788918,33.502894],[135.788681,33.502869],[135.788293,33.502894],[135.787106,33.502878],[135.786306,33.502736],[135.786069,33.502828],[135.785756,33.503036],[135.785594,33.503194],[135.785181,33.503303],[135.785044,33.503286],[135.784856,33.503369],[135.784869,33.503394],[135.784481,33.503503],[135.784319,33.503503],[135.784269,33.503728],[135.783881,33.504194],[135.783769,33.504736],[135.782694,33.504986],[135.782456,33.505102],[135.782231,33.505552],[135.781844,33.506027],[135.781432,33.506252],[135.780282,33.506769],[135.779069,33.50756],[135.778857,33.507602],[135.778107,33.50756],[135.777894,33.508052],[135.777644,33.508194],[135.776907,33.508169],[135.776407,33.50826],[135.77592,33.508302],[135.775232,33.508302],[135.77512,33.508327],[135.775057,33.50851],[135.775095,33.508777],[135.775057,33.509027],[135.77482,33.509435],[135.77462,33.509927],[135.77457,33.510285],[135.77432,33.510918],[135.77432,33.511168],[135.77457,33.511843],[135.774545,33.512318],[135.77457,33.51261],[135.775007,33.513151],[135.775145,33.513443],[135.775207,33.513801],[135.775145,33.514551],[135.775032,33.515135],[135.774595,33.515768],[135.774545,33.516284],[135.774707,33.517568],[135.774932,33.518109],[135.775207,33.518401],[135.775507,33.518626],[135.775757,33.518876],[135.775645,33.519351],[135.77542,33.519709],[135.775257,33.520251],[135.775557,33.5216],[135.775233,33.521734],[135.774958,33.521917],[135.774658,33.522234],[135.774433,33.522525],[135.774108,33.522617],[135.77372,33.522642],[135.773283,33.522575],[135.773058,33.522434],[135.77292,33.522392],[135.77227,33.522367],[135.771495,33.521559],[135.771358,33.521375],[135.771195,33.521242],[135.770995,33.521309],[135.770783,33.521267],[135.770558,33.521084],[135.770208,33.521042],[135.769845,33.521042],[135.76957,33.521242],[135.769245,33.5214],[135.768833,33.521359],[135.768058,33.521384],[135.767846,33.5217],[135.767408,33.521859],[135.766996,33.521875],[135.766583,33.521967],[135.766196,33.522125],[135.765696,33.522417],[135.765508,33.522442],[135.764796,33.522017],[135.764358,33.521925],[135.763771,33.521883],[135.762983,33.521658],[135.762646,33.521725],[135.762071,33.522058],[135.761659,33.52215],[135.760971,33.522108],[135.760446,33.522242],[135.760034,33.5224],[135.759734,33.522467],[135.759546,33.522467],[135.759296,33.522333],[135.759109,33.522158],[135.758884,33.522067],[135.758446,33.522175],[135.757534,33.522633],[135.757396,33.52265],[135.757296,33.522633],[135.756846,33.522333],[135.756409,33.522158],[135.756021,33.522092],[135.755509,33.522092],[135.754409,33.522158],[135.753859,33.522158],[135.753472,33.522117],[135.753334,33.522025],[135.753147,33.521733],[135.752759,33.52135],[135.752259,33.521167],[135.751984,33.5211],[135.751934,33.521008],[135.752122,33.520425],[135.752147,33.520225],[135.751709,33.519859],[135.751547,33.519409],[135.751247,33.518867],[135.751084,33.518509],[135.750784,33.518017],[135.750534,33.518242],[135.750472,33.518375],[135.749847,33.5188],[135.749734,33.519034],[135.748547,33.519617],[135.748384,33.519642],[135.747997,33.519167],[135.747922,33.518967],[135.747972,33.518825],[135.747897,33.5186],[135.747597,33.518467],[135.74726,33.517992],[135.747196,33.51799],[135.747147,33.518134],[135.746747,33.518067],[135.746522,33.517884],[135.746422,33.517725],[135.746035,33.517159],[135.745735,33.516934],[135.74536,33.516842],[135.74451,33.516925],[135.743835,33.517009],[135.743222,33.517159],[135.742747,33.517359],[135.741772,33.517467],[135.741398,33.5176],[135.740985,33.518],[135.740735,33.5185],[135.740398,33.519308],[135.740173,33.519467],[135.740048,33.519483],[135.739698,33.519508],[135.738598,33.519858],[135.738185,33.520033],[135.737935,33.520258],[135.737085,33.52055],[135.736985,33.520617],[135.736835,33.520975],[135.736748,33.521291],[135.736498,33.52185],[135.736623,33.522325],[135.736536,33.522641],[135.736286,33.522949],[135.736136,33.523333],[135.736173,33.524216],[135.736311,33.525233],[135.736336,33.525566],[135.736211,33.525841],[135.736061,33.525882],[135.735686,33.525882],[135.734911,33.525966],[135.734348,33.526141],[135.734073,33.526391],[135.733648,33.527199],[135.733261,33.527649],[135.732786,33.528049],[135.732111,33.528382],[135.731549,33.52869],[135.731199,33.529415],[135.730911,33.529815],[135.729611,33.530057],[135.729261,33.53019],[135.728886,33.530182],[135.728411,33.530065],[135.727937,33.52984],[135.727537,33.529748],[135.726987,33.529765],[135.726612,33.529832],[135.726074,33.530073],[135.724774,33.53074],[135.724162,33.530848],[135.723537,33.530865],[135.723037,33.530957],[135.722487,33.531248],[135.722062,33.53129],[135.721575,33.531465],[135.72075,33.53184],[135.720625,33.531973],[135.720675,33.531731],[135.721012,33.530832],[135.721037,33.530357],[135.72095,33.529448],[135.721225,33.529615],[135.721325,33.529615],[135.72135,33.529232],[135.7213,33.528848],[135.721162,33.528415],[135.720887,33.528074],[135.719837,33.527507],[135.719687,33.52714],[135.71955,33.52649],[135.719325,33.525857],[135.7192,33.525674],[135.717425,33.525457],[135.716875,33.525274],[135.71645,33.524682],[135.7161,33.524566],[135.7155,33.524674],[135.71365,33.525207],[135.713163,33.525407],[135.712488,33.52619],[135.712113,33.52614],[135.711788,33.526024],[135.711063,33.526024],[135.710463,33.525882],[135.710013,33.525632],[135.709488,33.525515],[135.709213,33.525624],[135.708876,33.525915],[135.708901,33.52594],[135.708226,33.526607],[135.707364,33.52719],[135.707139,33.527482],[135.705501,33.527715],[135.705051,33.527757],[135.704726,33.527665],[135.704626,33.527398],[135.704639,33.527082],[135.704564,33.526832],[135.704264,33.52654],[135.703814,33.526307],[135.703389,33.526149],[135.702927,33.525515],[135.702552,33.525174],[135.702052,33.524449],[135.701802,33.524149],[135.701689,33.523699],[135.701389,33.523174],[135.701039,33.522949],[135.700914,33.522674],[135.700914,33.522524],[135.701227,33.521507],[135.701252,33.521057],[135.701164,33.520133],[135.701039,33.519724],[135.700864,33.519608],[135.700614,33.519608],[135.699914,33.519741],[135.699214,33.519824],[135.69784,33.519683],[135.697665,33.519699],[135.697152,33.520083],[135.696927,33.520507],[135.696602,33.520824],[135.696065,33.521132],[135.695515,33.521241],[135.69489,33.521466],[135.69434,33.521574],[135.69379,33.521632],[135.692903,33.521941],[135.692328,33.521966],[135.692153,33.521916],[135.691278,33.521891],[135.690728,33.521749],[135.690228,33.521699],[135.689678,33.521541],[135.688828,33.521082],[135.688478,33.520849],[135.688378,33.520741],[135.688191,33.520624],[135.687978,33.520691],[135.687503,33.520866],[135.687353,33.520891],[135.686753,33.520866],[135.686153,33.520857],[135.685704,33.520899],[135.685504,33.521149],[135.684991,33.521707],[135.684541,33.521907],[135.684041,33.522057],[135.683666,33.522332],[135.683279,33.522732],[135.682854,33.522957],[135.681954,33.523265],[135.681816,33.523357],[135.682241,33.524324],[135.682241,33.52464],[135.682204,33.524799],[135.681679,33.525607],[135.681416,33.526173],[135.681141,33.526623],[135.681016,33.527073],[135.680254,33.527065],[135.679679,33.527015],[135.679179,33.526873],[135.678829,33.526832],[135.678054,33.527048],[135.677429,33.52709],[135.676879,33.526948],[135.676329,33.526723],[135.676154,33.526698],[135.675754,33.52674],[135.675405,33.526848],[135.675192,33.527165],[135.674817,33.527973],[135.674492,33.528215],[135.67413,33.528306],[135.67378,33.528465],[135.673555,33.528706],[135.673455,33.528998],[135.672642,33.529856],[135.672267,33.529915],[135.671467,33.529915],[135.670967,33.529998],[135.670567,33.529973],[135.669942,33.529898],[135.669505,33.52999],[135.668155,33.530523],[135.66763,33.530565],[135.667155,33.530515],[135.66673,33.530281],[135.666668,33.530573],[135.666718,33.531164],[135.666555,33.531881],[135.66658,33.532264],[135.666505,33.532739],[135.666668,33.533648],[135.666818,33.533981],[135.666718,33.534297],[135.66648,33.534614],[135.666505,33.535022],[135.666417,33.536372],[135.665905,33.53838],[135.665742,33.538739],[135.665267,33.53943],[135.665055,33.53968],[135.66488,33.539814],[135.664955,33.540064],[135.665155,33.540197],[135.66533,33.540447],[135.665305,33.540722],[135.665167,33.541122],[135.664742,33.541705],[135.664567,33.542088],[135.66463,33.54243],[135.664905,33.542972],[135.665042,33.544055],[135.664842,33.544413],[135.664405,33.544863],[135.66418,33.544996],[135.663655,33.545155],[135.66353,33.545263],[135.66323,33.545646],[135.663042,33.54603],[135.662892,33.546546],[135.662792,33.546721],[135.66268,33.547313],[135.66278,33.548013],[135.662655,33.548254],[135.662417,33.548463],[135.662317,33.548504],[135.662142,33.548663],[135.662142,33.549604],[135.66208,33.550371],[135.662142,33.551229],[135.661992,33.55182],[135.662017,33.552045],[135.662492,33.55232],[135.66273,33.552545],[135.662905,33.552862],[135.66293,33.553179],[135.662842,33.554103],[135.662892,33.554503],[135.662767,33.555003],[135.662505,33.55552],[135.662055,33.55592],[135.661292,33.556278],[135.660767,33.556703],[135.660592,33.55677],[135.660392,33.55672],[135.660142,33.556628],[135.659942,33.556628],[135.659617,33.556736],[135.659267,33.556695],[135.658817,33.556512],[135.658392,33.55642],[135.658267,33.556595],[135.65823,33.557095],[135.65798,33.557428],[135.65753,33.55772],[135.656967,33.558011],[135.656318,33.558228],[135.656118,33.558361],[135.655818,33.558678],[135.65568,33.558745],[135.655255,33.558895],[135.65493,33.55912],[135.65468,33.559461],[135.654443,33.559928],[135.654193,33.560603],[135.654142,33.560894],[135.653505,33.561278],[135.653355,33.561594],[135.653355,33.561927],[135.653167,33.562377],[135.652867,33.562652],[135.652692,33.563011],[135.65233,33.564269],[135.65228,33.564336],[135.652142,33.564835],[135.651892,33.56526],[135.65168,33.565777],[135.651205,33.566085],[135.65038,33.566285],[135.650105,33.566169],[135.64993,33.565877],[135.64968,33.565694],[135.648955,33.565644],[135.64838,33.565552],[135.647705,33.565611],[135.646893,33.565811],[135.645843,33.566319],[135.644793,33.566361],[135.643956,33.566761],[135.643706,33.566827],[135.642406,33.566819],[135.642231,33.566836],[135.641931,33.566994],[135.641718,33.567286],[135.641393,33.567644],[135.641293,33.56771],[135.640843,33.567844],[135.640006,33.567927],[135.639606,33.568061],[135.639081,33.568352],[135.638856,33.568685],[135.638318,33.56956],[135.637956,33.570394],[135.637581,33.570302],[135.636656,33.57041],[135.636031,33.570635],[135.634894,33.57071],[135.634044,33.570727],[135.633594,33.570819],[135.633444,33.570885],[135.633031,33.571402],[135.632806,33.571893],[135.632531,33.572302],[135.632169,33.572518],[135.631944,33.57261],[135.631794,33.572793],[135.631519,33.573152],[135.631269,33.57346],[135.630931,33.57371],[135.630731,33.574093],[135.630469,33.57486],[135.630057,33.576368],[135.630031,33.576751],[135.630269,33.577334],[135.630344,33.577834],[135.630519,33.578084],[135.630769,33.578334],[135.630981,33.578693],[135.631331,33.579151],[135.631606,33.579651],[135.631906,33.579742],[135.632331,33.579634],[135.633956,33.579867],[135.634431,33.579826],[135.634843,33.579717],[135.635368,33.579651],[135.635893,33.579701],[135.636493,33.579842],[135.636968,33.580042],[135.637318,33.580292],[135.638018,33.579984],[135.638768,33.579676],[135.639306,33.579434],[135.639931,33.579342],[135.640655,33.579417],[135.64103,33.579534],[135.64123,33.579559],[135.641242,33.57955],[135.641968,33.578776],[135.642368,33.578642],[135.642993,33.578459],[135.643243,33.578309],[135.643593,33.578176],[135.64418,33.578159],[135.64478,33.578159],[135.645155,33.577984],[135.64553,33.577642],[135.645818,33.577243],[135.646243,33.576409],[135.646443,33.576251],[135.646955,33.576118],[135.64773,33.576018],[135.64803,33.576043],[135.648505,33.576226],[135.64908,33.576543],[135.649155,33.576543],[135.64978,33.576318],[135.651292,33.575926],[135.651742,33.575751],[135.652517,33.575659],[135.653492,33.575876],[135.654492,33.576192],[135.654592,33.576192],[135.655079,33.575842],[135.655329,33.575792],[135.655679,33.576026],[135.655942,33.576409],[135.656342,33.576751],[135.656642,33.576817],[135.657567,33.576784],[135.658304,33.576626],[135.659029,33.576434],[135.659866,33.575801],[135.660166,33.575692],[135.660516,33.575784],[135.660616,33.575876],[135.660729,33.576192],[135.660754,33.577325],[135.660916,33.577642],[135.661266,33.5778],[135.661566,33.577934],[135.661791,33.578209],[135.662041,33.578684],[135.662654,33.579925],[135.662629,33.580134],[135.662329,33.580492],[135.662141,33.58085],[135.662116,33.580984],[135.662366,33.58135],[135.662491,33.581667],[135.662478,33.582117],[135.662403,33.582542],[135.662228,33.583042],[135.661941,33.58365],[135.661741,33.584008],[135.661628,33.584408],[135.661728,33.584658],[135.661703,33.58495],[135.661528,33.585492],[135.661566,33.585767],[135.661791,33.586033],[135.662016,33.586492],[135.661966,33.586717],[135.661916,33.586958],[135.661966,33.587583],[135.661941,33.587991],[135.662103,33.589616],[135.662328,33.589908],[135.662541,33.590308],[135.663703,33.591799],[135.663916,33.591933],[135.664191,33.591999],[135.664441,33.591974],[135.664991,33.591816],[135.665041,33.591774],[135.665103,33.591574],[135.664853,33.590625],[135.664391,33.589791],[135.664116,33.5895],[135.663978,33.589183],[135.663978,33.588983],[135.664141,33.589091],[135.664553,33.589183],[135.664716,33.58925],[135.665153,33.589366],[135.665928,33.589433],[135.666803,33.589633],[135.667703,33.5897],[135.667878,33.590058],[135.667928,33.590425],[135.668253,33.591433],[135.668153,33.591749],[135.667815,33.592041],[135.667515,33.592424],[135.66744,33.592716],[135.667403,33.593241],[135.667215,33.593933],[135.666828,33.594591],[135.666503,33.595016],[135.665865,33.595332],[135.665465,33.595741],[135.665215,33.595874],[135.665078,33.595874],[135.664603,33.595991],[135.664191,33.596191],[135.664116,33.596257],[135.663616,33.597049],[135.663178,33.597316],[135.662741,33.597407],[135.661503,33.597591],[135.660241,33.597616],[135.660053,33.597641],[135.660241,33.597774],[135.660403,33.597974],[135.660403,33.598265],[135.659941,33.59919],[135.659853,33.599557],[135.659828,33.59994],[135.659716,33.600524],[135.659366,33.601065],[135.659091,33.601382],[135.658378,33.60224],[135.658103,33.602707],[135.657766,33.603565],[135.657466,33.60384],[135.657191,33.603973],[135.657029,33.604106],[135.656979,33.604306],[135.656979,33.604781],[135.656804,33.605148],[135.656529,33.60539],[135.656204,33.605598],[135.655929,33.605931],[135.655466,33.606748],[135.655304,33.607173],[135.655241,33.607914],[135.655079,33.608747],[135.654916,33.609181],[135.654479,33.609972],[135.653679,33.61123],[135.653104,33.611747],[135.651817,33.612605],[135.651454,33.612972],[135.649779,33.615313],[135.649642,33.61583],[135.649642,33.616171],[135.649554,33.616505],[135.649367,33.616913],[135.648842,33.617679],[135.648329,33.618221],[135.648129,33.618671],[135.648079,33.619413],[135.647742,33.619954],[135.647417,33.620929],[135.647308,33.621098],[135.647304,33.621104],[135.647142,33.621154],[135.646892,33.621287],[135.646517,33.621696],[135.646105,33.622012],[135.644392,33.622845],[135.643767,33.623095],[135.643955,33.623495],[135.644042,33.62402],[135.644005,33.624579],[135.643817,33.625029],[135.643405,33.625662],[135.64278,33.62652],[135.642367,33.62697],[135.641567,33.627712],[135.641067,33.628753],[135.640792,33.629086],[135.64063,33.629386],[135.640493,33.629853],[135.640305,33.630236],[135.640055,33.630553],[135.640005,33.630711],[135.64058,33.631186],[135.640793,33.631569],[135.64088,33.631886],[135.640793,33.632244],[135.64063,33.632561],[135.640518,33.632903],[135.640905,33.633577],[135.641068,33.633711],[135.641543,33.633977],[135.641817,33.634269],[135.641892,33.634544],[135.641818,33.634902],[135.641793,33.635286],[135.641843,33.635336],[135.642005,33.635352],[135.643355,33.635469],[135.644267,33.635327],[135.644642,33.635302],[135.645167,33.635486],[135.645767,33.635802],[135.646792,33.636385],[135.64723,33.636544],[135.647592,33.63661],[135.64783,33.636927],[135.648005,33.637219],[135.648279,33.637335],[135.648717,33.637419],[135.649617,33.637444],[135.649754,33.63731],[135.650029,33.63726],[135.650304,33.637285],[135.650804,33.63746],[135.651629,33.637685],[135.652292,33.637802],[135.652954,33.637752],[135.653054,33.637777],[135.653854,33.638135],[135.654329,33.638252],[135.655204,33.638385],[135.655866,33.638769],[135.656254,33.63886],[135.656491,33.639085],[135.657216,33.639894],[135.657291,33.640677],[135.657566,33.64111],[135.658004,33.641652],[135.658366,33.641985],[135.660291,33.643518],[135.660653,33.643852],[135.661441,33.645026],[135.661666,33.645276],[135.662103,33.646085],[135.662466,33.646351],[135.663266,33.646735],[135.663591,33.646985],[135.663916,33.647318],[135.664366,33.647568],[135.664878,33.647818],[135.665566,33.64791],[135.665903,33.647976],[135.666041,33.648268],[135.666291,33.648626],[135.666616,33.648826],[135.66714,33.649009],[135.667503,33.649393],[135.668078,33.650134],[135.668053,33.650251],[135.667415,33.651692],[135.667278,33.652234],[135.666815,33.653134],[135.666615,33.653384],[135.666341,33.653492],[135.665441,33.653476],[135.664753,33.653609],[135.664341,33.653834],[135.663953,33.653992],[135.663316,33.654192],[135.662803,33.654492],[135.662466,33.654825],[135.662003,33.6555],[135.661866,33.655617],[135.661753,33.655642],[135.661228,33.655525],[135.660653,33.655592],[135.660516,33.655684],[135.659579,33.656117],[135.659116,33.656342],[135.658341,33.656608],[135.657691,33.656608],[135.657716,33.657217],[135.658016,33.6579],[135.657991,33.658191],[135.657879,33.65835],[135.657716,33.658775],[135.657716,33.659183],[135.657766,33.659475],[135.657716,33.659608],[135.657466,33.6597],[135.656754,33.659833],[135.656454,33.660016],[135.655266,33.660808],[135.654554,33.661391],[135.654229,33.661866],[135.654166,33.662049],[135.653866,33.662541],[135.653704,33.662632],[135.653429,33.662682],[135.653017,33.662699],[135.652679,33.662632],[135.652492,33.662632],[135.651992,33.662749],[135.650929,33.663107],[135.650567,33.663332],[135.650179,33.663649],[135.650067,33.663807],[135.650017,33.664082],[135.650042,33.664349],[135.650242,33.664774],[135.650179,33.665499],[135.650292,33.665907],[135.650429,33.666107],[135.650867,33.666965],[135.650867,33.66714],[135.650792,33.668448],[135.651117,33.669332],[135.651567,33.67004],[135.651779,33.670481],[135.651841,33.670681],[135.652004,33.67084],[135.652004,33.670881],[135.652166,33.671081],[135.652641,33.671448],[135.652966,33.67174],[135.653316,33.67214],[135.654941,33.673331],[135.655041,33.673673],[135.655041,33.673939],[135.654891,33.674164],[135.654266,33.674614],[135.653104,33.676072],[135.652616,33.676389],[135.651816,33.676789],[135.651466,33.677122],[135.651541,33.677597],[135.651729,33.678047],[135.652029,33.679238],[135.652516,33.680047],[135.652704,33.680722],[135.652704,33.681147],[135.652516,33.681505],[135.652466,33.681755],[135.652491,33.682271],[135.652616,33.683371],[135.652979,33.685254],[135.653166,33.685796],[135.653454,33.686246],[135.654241,33.687187],[135.654566,33.687771],[135.655028,33.688804],[135.655291,33.689187],[135.656178,33.689079],[135.656716,33.689096],[135.657641,33.689321],[135.658578,33.689704],[135.659065,33.68982],[135.65944,33.689862],[135.660253,33.689887],[135.663003,33.690271],[135.663603,33.690296],[135.66414,33.690112],[135.664515,33.689862],[135.664977,33.689646],[135.665515,33.689571],[135.666515,33.689687],[135.667502,33.689754],[135.667965,33.689729],[135.668527,33.689779],[135.669102,33.690004],[135.670177,33.689871],[135.671064,33.689937],[135.672302,33.690137],[135.672952,33.690162],[135.673414,33.690054],[135.673927,33.690137],[135.674602,33.690496],[135.675139,33.691287],[135.675377,33.691579],[135.675514,33.691671],[135.676002,33.691762],[135.677301,33.691912],[135.677451,33.691987],[135.677776,33.692279],[135.678026,33.692837],[135.678539,33.69342],[135.678914,33.693779],[135.679314,33.69407],[135.679639,33.694654],[135.679914,33.695262],[135.680401,33.695445],[135.681426,33.695762],[135.682101,33.69607],[135.683263,33.696945],[135.683476,33.697153],[135.683776,33.697578],[135.684176,33.69832],[135.684413,33.698653],[135.684763,33.698995],[135.684901,33.699087],[135.685251,33.699445],[135.685713,33.70032],[135.686713,33.701711],[135.687038,33.702003],[135.687951,33.702611],[135.688325,33.703011],[135.689138,33.703394],[135.68925,33.703686],[135.689225,33.704653],[135.689363,33.705286],[135.689525,33.705686],[135.689763,33.706136],[135.6899,33.706294],[135.690163,33.706902],[135.690113,33.707461],[135.690388,33.707935],[135.690525,33.708294],[135.69025,33.708585],[135.690088,33.708902],[135.6902,33.709194],[135.690788,33.710427],[135.691438,33.711435],[135.691713,33.71171],[135.692113,33.712018],[135.69265,33.71231],[135.694062,33.713102],[135.695137,33.713502],[135.6957,33.713818],[135.696025,33.714093],[135.696437,33.714268],[135.696975,33.71436],[135.697562,33.714243],[135.698587,33.713843],[135.6991,33.713593],[135.7001,33.713885],[135.700662,33.71396],[135.701074,33.71411],[135.701499,33.714335],[135.701874,33.714677],[135.702174,33.715351],[135.702337,33.715526],[135.702962,33.71571],[135.703587,33.715801],[135.703799,33.715776],[135.703937,33.715735],[135.704524,33.715393],[135.705624,33.71486],[135.706199,33.714677],[135.706649,33.714502],[135.706974,33.714185],[135.707574,33.71331],[135.708186,33.71266],[135.708786,33.711269],[135.708861,33.711285],[135.709974,33.711335],[135.710536,33.711402],[135.710961,33.711535],[135.711424,33.711944],[135.711649,33.712502],[135.711811,33.713285],[135.712611,33.714185],[135.712911,33.714385],[135.713423,33.714635],[135.713961,33.714952],[135.714373,33.71531],[135.714636,33.715643],[135.714661,33.715735],[135.714536,33.716077],[135.714373,33.716277],[135.714286,33.71661],[135.714323,33.716727],[135.714473,33.716951],[135.714861,33.717151],[135.715348,33.717485],[135.715586,33.717785],[135.715748,33.718926],[135.715936,33.719218],[135.716511,33.719551],[135.716723,33.719776],[135.716798,33.71996],[135.716673,33.720251],[135.716323,33.720359],[135.715998,33.720634],[135.715911,33.722068],[135.715786,33.722409],[135.715561,33.722717],[135.715323,33.722901],[135.714598,33.723484],[135.714436,33.723751],[135.714298,33.724201],[135.714186,33.724784],[135.713998,33.725459],[135.713898,33.726742],[135.713848,33.726917],[135.713736,33.727192],[135.712798,33.728467],[135.712436,33.728875],[135.711686,33.729541],[135.711261,33.729725],[135.710799,33.729858],[135.710261,33.72995],[135.709636,33.72995],[135.708261,33.729858],[135.707236,33.729925],[135.706774,33.729991],[135.706236,33.73015],[135.705886,33.730416],[135.705624,33.730733],[135.704511,33.731716],[135.703924,33.732058],[135.703349,33.732258],[135.702737,33.732733],[135.702349,33.732816],[135.701899,33.733],[135.701412,33.733333],[135.700762,33.733941],[135.700462,33.734324],[135.700337,33.734616],[135.700362,33.735533],[135.700174,33.736008],[135.699849,33.736416],[135.699287,33.736883],[135.698587,33.737666],[135.698337,33.738116],[135.698174,33.738974],[135.698149,33.739557],[135.698312,33.740341],[135.698237,33.740899],[135.698237,33.741482],[135.698124,33.741932],[135.697887,33.742382],[135.697449,33.742565],[135.696837,33.742607],[135.696262,33.742699],[135.69575,33.742899],[135.695375,33.743149],[135.6953,33.74339],[135.695425,33.74364],[135.695787,33.74389],[135.69605,33.744157],[135.696137,33.744582],[135.696075,33.745057],[135.696237,33.745598],[135.696212,33.745865],[135.695537,33.746157],[135.695025,33.746448],[135.694575,33.746648],[135.694412,33.746698],[135.693925,33.746715],[135.693462,33.746781],[135.693225,33.746915],[135.692812,33.747415],[135.692512,33.747681],[135.692387,33.747748],[135.691875,33.747881],[135.691525,33.748014],[135.691437,33.748173],[135.691462,33.748381],[135.691437,33.748781],[135.691737,33.750148],[135.692012,33.750889],[135.692387,33.751697],[135.692112,33.752797],[135.692062,33.752872],[135.692012,33.753314],[135.692012,33.753364],[135.691875,33.753489],[135.691712,33.75353],[135.6911,33.753489],[135.69075,33.75353],[135.689637,33.753889],[135.68885,33.754247],[135.688775,33.754272],[135.688638,33.754247],[135.6878,33.753847],[135.686963,33.753664],[135.68685,33.753622],[135.686538,33.753705],[135.686238,33.753847],[135.68575,33.75443],[135.685425,33.75488],[135.685125,33.755397],[135.684913,33.755572],[135.684163,33.755597],[135.68365,33.75573],[135.683376,33.756113],[135.683001,33.756313],[135.682351,33.756496],[135.681788,33.756788],[135.681138,33.756946],[135.680563,33.757121],[135.680188,33.757171],[135.680113,33.757213],[135.680001,33.757613],[135.679838,33.757979],[135.679701,33.758404],[135.679863,33.758896],[135.680001,33.759504],[135.680226,33.759821],[135.680926,33.760379],[135.681463,33.760946],[135.682163,33.762495],[135.682526,33.763104],[135.682601,33.763345],[135.681738,33.763504],[135.681388,33.76362],[135.680688,33.764362],[135.680301,33.764587],[135.679713,33.764895],[135.679413,33.765187],[135.678988,33.765503],[135.678551,33.765637],[135.678176,33.765953],[135.677614,33.766628],[135.676876,33.76672],[135.675801,33.767186],[135.675401,33.767278],[135.675126,33.767461],[135.674889,33.76777],[135.674664,33.76827],[135.674589,33.768736],[135.674614,33.769211],[135.674751,33.769769],[135.674801,33.770203],[135.674726,33.770761],[135.674476,33.771253],[135.674126,33.771611],[135.673751,33.771902],[135.673514,33.772444],[135.673539,33.772719],[135.673514,33.773052],[135.674426,33.773544],[135.676326,33.774469],[135.677076,33.774669],[135.677514,33.774827],[135.678239,33.775569],[135.678539,33.77611],[135.678889,33.776627],[135.679288,33.777102],[135.679888,33.778402],[135.680188,33.779235],[135.680301,33.779593],[135.680513,33.779793],[135.680463,33.780018],[135.680076,33.780135],[135.679301,33.780218],[135.678701,33.780218],[135.678301,33.78031],[135.677514,33.78081],[135.676839,33.78101],[135.676164,33.781168],[135.675676,33.781343],[135.675064,33.781526],[135.674814,33.781543],[135.673764,33.781393],[135.673351,33.781476],[135.672789,33.781726],[135.671739,33.782376],[135.671202,33.782643],[135.670577,33.783301],[135.670277,33.783659],[135.669789,33.783926],[135.669739,33.783968],[135.669689,33.784401],[135.669852,33.784826],[135.669927,33.785184],[135.669802,33.785501],[135.669527,33.785451],[135.669314,33.785501],[135.669177,33.785634],[135.668714,33.786334],[135.668064,33.787026],[135.667914,33.787517],[135.667314,33.788309],[135.666639,33.788575],[135.666177,33.788667],[135.665915,33.788775],[135.665802,33.788959],[135.665852,33.789342],[135.665752,33.790017],[135.665777,33.790467],[135.665889,33.79085],[135.665914,33.791209],[135.665702,33.791634],[135.665214,33.792192],[135.66489,33.792708],[135.664802,33.79325],[135.664539,33.79395],[135.664702,33.794283],[135.665077,33.7946],[135.665427,33.794983],[135.665614,33.795292],[135.665589,33.795367],[135.665814,33.79615],[135.665864,33.7966],[135.666002,33.796983],[135.665977,33.797475],[135.665789,33.798058],[135.665652,33.798824],[135.665377,33.799224],[135.664927,33.799291],[135.663814,33.799158],[135.663115,33.799133],[135.662327,33.799066],[135.661765,33.798908],[135.661002,33.799049],[135.660627,33.799224],[135.660465,33.799674],[135.660165,33.800124],[135.659902,33.800258],[135.659065,33.800283],[135.657715,33.800258],[135.656978,33.800216],[135.656365,33.800008],[135.655553,33.799674],[135.65504,33.799741],[135.654715,33.799849],[135.653928,33.799966],[135.65334,33.799899],[135.652716,33.799691],[135.652091,33.799649],[135.651878,33.799674],[135.650991,33.800007],[135.649991,33.800232],[135.649766,33.800257],[135.648928,33.800524],[135.648528,33.800591],[135.648341,33.800857],[135.648066,33.801466],[135.647766,33.80194],[135.647454,33.802749],[135.647553,33.803515],[135.647803,33.804299],[135.647753,33.804815],[135.647778,33.805173],[135.647916,33.805557],[135.648341,33.80594],[135.648553,33.806048],[135.648916,33.806365],[135.649266,33.80679],[135.649366,33.807373],[135.649478,33.808098],[135.649591,33.808482],[135.649941,33.808973],[135.650266,33.80924],[135.650216,33.809556],[135.649966,33.809848],[135.649566,33.810498],[135.649378,33.81104],[135.649266,33.811848],[135.649353,33.812656],[135.649316,33.812998],[135.649103,33.813464],[135.649078,33.813756],[135.649353,33.813939],[135.649641,33.814098],[135.649916,33.814323],[135.650078,33.815081],[135.650291,33.815531],[135.650728,33.815981],[135.65124,33.816339],[135.651753,33.816856],[135.652165,33.817131],[135.652753,33.817331],[135.652978,33.817356],[135.653728,33.817622],[135.655128,33.817556],[135.655565,33.817689],[135.655815,33.818031],[135.656003,33.818139],[135.65719,33.818297],[135.658215,33.817989],[135.658702,33.818006],[135.65924,33.817964],[135.66019,33.817714],[135.660677,33.817489],[135.661077,33.817156],[135.661315,33.816839],[135.661664,33.816681],[135.662177,33.816639],[135.662777,33.816639],[135.663427,33.816531],[135.663752,33.816439],[135.664239,33.816398],[135.664852,33.816506],[135.665402,33.816798],[135.666401,33.817498],[135.667051,33.817764],[135.667451,33.817789],[135.667939,33.817764],[135.669076,33.818239],[135.670776,33.818264],[135.671263,33.818373],[135.671776,33.818648],[135.672151,33.818889],[135.672451,33.819139],[135.672776,33.819764],[135.673151,33.820356],[135.673151,33.820372],[135.673238,33.820356],[135.672888,33.820756],[135.672701,33.821047],[135.671751,33.821681],[135.671638,33.822014],[135.671751,33.822489],[135.671801,33.822939],[135.671701,33.825005],[135.671751,33.825538],[135.671863,33.826063],[135.672001,33.826463],[135.672051,33.827021],[135.672188,33.827546],[135.672401,33.827905],[135.673088,33.82853],[135.673301,33.828805],[135.673413,33.830196],[135.673701,33.830754],[135.673863,33.831229],[135.674063,33.831454],[135.675738,33.831654],[135.676301,33.832171],[135.676788,33.832738],[135.677088,33.832604],[135.678063,33.831929],[135.6786,33.831188],[135.678838,33.830646],[135.67975,33.829505],[135.680138,33.829138],[135.68065,33.828221],[135.6814,33.826938],[135.68165,33.826605],[135.68175,33.826105],[135.681887,33.82573],[135.682937,33.825455],[135.683512,33.825213],[135.684125,33.82483],[135.684587,33.824472],[135.685237,33.823614],[135.685662,33.822872],[135.686012,33.822089],[135.686149,33.821572],[135.685774,33.820181],[135.685687,33.819531],[135.685899,33.819164],[135.686199,33.818989],[135.686849,33.818497],[135.687287,33.818114],[135.687824,33.817706],[135.688474,33.817414],[135.688874,33.817306],[135.689899,33.816789],[135.690387,33.816448],[135.690974,33.816181],[135.691874,33.815864],[135.692786,33.815415],[135.693674,33.814815],[135.694061,33.814631],[135.694461,33.814498],[135.695061,33.813981],[135.695436,33.813731],[135.695899,33.813331],[135.697049,33.81279],[135.697486,33.812748],[135.697886,33.812523],[135.698349,33.812115],[135.698836,33.811957],[135.699073,33.811848],[135.699648,33.811732],[135.700186,33.811715],[135.701111,33.811915],[135.701511,33.811807],[135.701886,33.811448],[135.702186,33.811448],[135.702623,33.81169],[135.703723,33.811848],[135.704136,33.811965],[135.704536,33.812007],[135.705398,33.812657],[135.705373,33.812907],[135.704861,33.81349],[135.704811,33.813782],[135.704836,33.813848],[135.704761,33.81414],[135.704436,33.814456],[135.703948,33.815015],[135.703761,33.815356],[135.703648,33.816031],[135.703536,33.816431],[135.703348,33.816723],[135.702761,33.817289],[135.702548,33.817848],[135.702273,33.818323],[135.702036,33.818614],[135.701548,33.819356],[135.701111,33.819781],[135.700898,33.820272],[135.700986,33.821014],[135.700986,33.821489],[135.700823,33.821806],[135.700411,33.822122],[135.700311,33.822497],[135.700249,33.822931],[135.701036,33.823622],[135.700911,33.824522],[135.700849,33.824639],[135.700499,33.824905],[135.700011,33.82538],[135.699474,33.826005],[135.698849,33.826522],[135.697986,33.827013],[135.697861,33.82708],[135.697561,33.827397],[135.697187,33.827622],[135.697374,33.828338],[135.697349,33.829105],[135.697212,33.829671],[135.697237,33.830655],[135.697212,33.831155],[135.697099,33.831513],[135.696862,33.831871],[135.696724,33.832229],[135.697137,33.833304],[135.697299,33.833463],[135.697724,33.833779],[135.697812,33.834071],[135.698237,33.834296],[135.698699,33.834679],[135.698924,33.835246],[135.698699,33.836387],[135.698737,33.836612],[135.698812,33.836687],[135.698399,33.837254],[135.698324,33.837529],[135.699137,33.838571],[135.700999,33.840612],[135.701099,33.841154],[135.701049,33.841603],[135.701186,33.842078],[135.701761,33.842537],[135.702286,33.842987],[135.702361,33.843328],[135.702324,33.843687],[135.702024,33.844228],[135.701774,33.84452],[135.701736,33.844795],[135.701811,33.845336],[135.701749,33.846211],[135.701749,33.846753],[135.701649,33.847094],[135.701449,33.847228],[135.701024,33.847203],[135.700561,33.847261],[135.700036,33.847303],[135.699962,33.847286],[135.699037,33.847369],[135.698662,33.847653],[135.698287,33.847786],[135.697862,33.847828],[135.697574,33.848103],[135.697374,33.848394],[135.696874,33.848836],[135.696087,33.849286],[135.695262,33.849502],[135.695012,33.849544],[135.695162,33.849977],[135.694612,33.851485],[135.694787,33.851752],[135.694987,33.851869],[135.695087,33.852094],[135.695137,33.852252],[135.695549,33.853094],[135.695499,33.853477],[135.695549,33.853927],[135.695662,33.854402],[135.695587,33.85476],[135.695187,33.85496],[135.694937,33.855277],[135.695024,33.856002],[135.695149,33.85636],[135.694449,33.85606],[135.693974,33.85606],[135.6929,33.855893],[135.6923,33.855618],[135.691425,33.855093],[135.6909,33.85486],[135.690675,33.854835],[135.6902,33.854702],[135.6898,33.854652],[135.689325,33.854652],[135.68875,33.854468],[135.688475,33.854643],[135.688525,33.855052],[135.688275,33.855343],[135.688287,33.855901],[135.687962,33.856443],[135.687825,33.856868],[135.6876,33.857001],[135.6871,33.857135],[135.686625,33.857085],[135.686125,33.85686],[135.685975,33.85681],[135.68535,33.85656],[135.68465,33.856418],[135.684225,33.856443],[135.6838,33.856326],[135.682925,33.855818],[135.68245,33.855843],[135.6815,33.85626],[135.68135,33.85631],[135.680888,33.856593],[135.680088,33.856951],[135.679663,33.85706],[135.679563,33.857218],[135.679688,33.857376],[135.679775,33.857826],[135.67955,33.858234],[135.679088,33.858701],[135.678688,33.859201],[135.678488,33.859643],[135.67855,33.860276],[135.6785,33.861026],[135.678338,33.861559],[135.678113,33.861992],[135.678088,33.862442],[135.678125,33.862925],[135.677675,33.863209],[135.677176,33.863425],[135.677076,33.863517],[135.676588,33.863784],[135.675338,33.864267],[135.675188,33.864292],[135.674813,33.864425],[135.674676,33.864625],[135.674651,33.865234],[135.674501,33.865592],[135.674013,33.865909],[135.673513,33.866467],[135.672951,33.866892],[135.672626,33.866958],[135.672251,33.866958],[135.671601,33.867042],[135.670763,33.867533],[135.670338,33.867708],[135.670063,33.86775],[135.669663,33.867525],[135.669501,33.867158],[135.669401,33.866842],[135.669201,33.86655],[135.668051,33.866225],[135.667226,33.865792],[135.666776,33.865425],[135.666676,33.8652],[135.666814,33.864817],[135.666839,33.864342],[135.666726,33.863784],[135.666801,33.863242],[135.666776,33.862992],[135.666651,33.862942],[135.666226,33.862625],[135.665564,33.861834],[135.665439,33.861675],[135.665389,33.861559],[135.665489,33.861292],[135.665464,33.861067],[135.665039,33.860817],[135.664851,33.860584],[135.664726,33.860134],[135.664352,33.859634],[135.664102,33.859409],[135.663677,33.859134],[135.663414,33.858842],[135.663339,33.858118],[135.662764,33.857684],[135.662377,33.857459],[135.662002,33.857159],[135.661702,33.856843],[135.661402,33.856459],[135.660602,33.855843],[135.659964,33.855384],[135.659739,33.855093],[135.659864,33.854776],[135.660502,33.854193],[135.661102,33.853318],[135.661389,33.852551],[135.661689,33.85231],[135.661764,33.852193],[135.662102,33.850752],[135.662358,33.850247],[135.662614,33.849743],[135.663077,33.849385],[135.662302,33.849177],[135.661877,33.849019],[135.661527,33.848769],[135.661227,33.848285],[135.661002,33.84806],[135.660439,33.847627],[135.65949,33.847377],[135.658965,33.847144],[135.658065,33.847002],[135.657215,33.846727],[135.657065,33.846635],[135.656027,33.847327],[135.655602,33.847793],[135.654865,33.848402],[135.653902,33.849068],[135.652328,33.84976],[135.651765,33.850026],[135.651263,33.850369],[135.65124,33.850385],[135.65084,33.850518],[135.65039,33.850535],[135.649753,33.850668],[135.649178,33.85091],[135.648428,33.85131],[135.648165,33.851668],[135.64804,33.852009],[135.64804,33.852501],[135.648128,33.853068],[135.648603,33.854293],[135.64889,33.854559],[135.64914,33.854742],[135.649265,33.854926],[135.648753,33.855867],[135.648428,33.856251],[135.648078,33.856359],[135.647678,33.856384],[135.647528,33.856467],[135.647766,33.857467],[135.648115,33.857917],[135.648515,33.858234],[135.648753,33.858625],[135.648878,33.859142],[135.649103,33.861175],[135.649378,33.861583],[135.649778,33.861992],[135.65039,33.863058],[135.65074,33.863508],[135.650853,33.864258],[135.650978,33.8645],[135.651503,33.865116],[135.651678,33.865458],[135.651428,33.867149],[135.65114,33.868208],[135.650665,33.869349],[135.650353,33.869957],[135.649978,33.870249],[135.64954,33.870649],[135.649315,33.870966],[135.649703,33.872074],[135.649628,33.872882],[135.64914,33.874057],[135.648953,33.875048],[135.648578,33.875498],[135.648115,33.876665],[135.647928,33.876915]]]},"type":"Feature"}]}