{"type":"FeatureCollection","features":[{"geometry":{"coordinates":[[[134.03295,33.828369],[134.03353,33.828611],[134.034105,33.828944],[134.035093,33.829786],[134.035705,33.830278],[134.036193,33.831069],[134.036543,33.831352],[134.03703,33.831969],[134.037605,33.832711],[134.037755,33.833027],[134.037817,33.833869],[134.03808,33.834119],[134.038767,33.834652],[134.039042,33.834819],[134.039367,33.834927],[134.039705,33.834969],[134.040267,33.834785],[134.041242,33.834377],[134.041604,33.834269],[134.042992,33.834127],[134.044492,33.833844],[134.045092,33.833844],[134.046416,33.834061],[134.047179,33.834144],[134.048179,33.834169],[134.049166,33.834111],[134.049304,33.834144],[134.049616,33.834294],[134.050116,33.834961],[134.050341,33.835136],[134.050679,33.835227],[134.051516,33.835319],[134.052066,33.835477],[134.052466,33.835677],[134.053428,33.836402],[134.053716,33.836635],[134.053766,33.836669],[134.053978,33.836869],[134.054091,33.836919],[134.054428,33.83696],[134.054891,33.83696],[134.055966,33.83716],[134.056866,33.837385],[134.057716,33.837519],[134.05824,33.837519],[134.059015,33.837452],[134.059453,33.837452],[134.06044,33.837677],[134.061703,33.838152],[134.06239,33.83851],[134.06299,33.838869],[134.06354,33.839252],[134.064365,33.839569],[134.064702,33.839635],[134.064815,33.83986],[134.06489,33.840719],[134.06514,33.841077],[134.066515,33.841552],[134.067477,33.84191],[134.06814,33.842202],[134.068739,33.84256],[134.069127,33.842852],[134.069539,33.842968],[134.070577,33.842919],[134.071264,33.843127],[134.072039,33.843419],[134.072777,33.843802],[134.073527,33.844093],[134.075039,33.844477],[134.075589,33.844768],[134.076876,33.84526],[134.077589,33.845618],[134.077814,33.845777],[134.078301,33.84596],[134.078439,33.845935],[134.078964,33.84566],[134.079701,33.845368],[134.080776,33.845193],[134.081788,33.845143],[134.082676,33.845052],[134.083113,33.844944],[134.083251,33.84476],[134.083388,33.844485],[134.083501,33.844377],[134.083826,33.844219],[134.084563,33.844035],[134.08545,33.843944],[134.08555,33.84386],[134.085825,33.843319],[134.086188,33.842886],[134.086575,33.842569],[134.0867,33.841561],[134.087063,33.840811],[134.087275,33.840186],[134.0872,33.839869],[134.087063,33.839578],[134.087063,33.839461],[134.087175,33.839236],[134.087413,33.83897],[134.08745,33.838903],[134.087338,33.838445],[134.086888,33.837303],[134.086763,33.836636],[134.086688,33.836461],[134.085788,33.835295],[134.084763,33.834012],[134.083813,33.833003],[134.083775,33.832787],[134.084138,33.832404],[134.084488,33.831745],[134.084975,33.83127],[134.085288,33.831087],[134.085537,33.83067],[134.085637,33.830271],[134.085862,33.829762],[134.086212,33.829121],[134.086325,33.828771],[134.086337,33.827913],[134.08645,33.827563],[134.086625,33.827338],[134.086887,33.827154],[134.0872,33.826996],[134.087537,33.826779],[134.087887,33.826221],[134.0883,33.825771],[134.08865,33.825563],[134.090187,33.825813],[134.091012,33.82578],[134.091399,33.825871],[134.092399,33.826271],[134.094074,33.826821],[134.094574,33.826946],[134.095424,33.826788],[134.095874,33.826696],[134.096086,33.826696],[134.096574,33.826621],[134.097561,33.826346],[134.098211,33.82613],[134.098849,33.82598],[134.099374,33.825905],[134.099999,33.825913],[134.100486,33.825863],[134.100849,33.825796],[134.101186,33.82558],[134.101573,33.825397],[134.102023,33.825238],[134.103348,33.824413],[134.103836,33.824163],[134.104211,33.824013],[134.104548,33.823797],[134.104723,33.823538],[134.104998,33.822947],[134.105211,33.822664],[134.105361,33.822555],[134.105761,33.822405],[134.106323,33.822297],[134.107361,33.822222],[134.107661,33.82208],[134.107998,33.821772],[134.108235,33.821505],[134.108585,33.821239],[134.109885,33.820631],[134.11041,33.820522],[134.110985,33.820464],[134.111448,33.820522],[134.112173,33.820839],[134.112923,33.820789],[134.113335,33.820797],[134.113748,33.820681],[134.11411,33.820689],[134.114685,33.820797],[134.11511,33.820731],[134.115523,33.820589],[134.116397,33.820156],[134.116672,33.819889],[134.116797,33.819556],[134.116822,33.818856],[134.116685,33.818298],[134.116797,33.818214],[134.117297,33.818214],[134.117772,33.818248],[134.118197,33.818306],[134.118622,33.818423],[134.119035,33.818589],[134.11956,33.818614],[134.121122,33.818456],[134.121835,33.818356],[134.122348,33.818295],[134.122697,33.818214],[134.12391,33.817823],[134.124647,33.817639],[134.12521,33.817623],[134.12666,33.817873],[134.127085,33.817914],[134.12791,33.817864],[134.128847,33.817881],[134.12936,33.817856],[134.129935,33.817631],[134.130322,33.817414],[134.13076,33.817331],[134.13191,33.817364],[134.13266,33.817231],[134.133522,33.816948],[134.133985,33.816831],[134.134447,33.816689],[134.134997,33.816431],[134.135497,33.816248],[134.136297,33.816056],[134.136735,33.81599],[134.137147,33.816015],[134.13746,33.816115],[134.137622,33.816115],[134.138597,33.815948],[134.139585,33.815706],[134.139872,33.815681],[134.140122,33.815815],[134.141097,33.816681],[134.14166,33.817381],[134.142047,33.817739],[134.143385,33.818714],[134.143735,33.819014],[134.144447,33.819797],[134.144822,33.820122],[134.145135,33.820306],[134.145522,33.820431],[134.145972,33.820497],[134.146759,33.820522],[134.147572,33.820706],[134.148384,33.820789],[134.148847,33.820897],[134.149334,33.821064],[134.149747,33.821106],[134.150172,33.821072],[134.151459,33.820847],[134.152222,33.820764],[134.153172,33.820847],[134.154147,33.820772],[134.154909,33.820864],[134.155347,33.820972],[134.155697,33.820997],[134.156097,33.820956],[134.156522,33.821023],[134.157959,33.821339],[134.158709,33.821414],[134.160021,33.821456],[134.160796,33.821448],[134.161171,33.821506],[134.162196,33.821948],[134.162584,33.822081],[134.163309,33.822239],[134.163884,33.822273],[134.164734,33.822139],[134.165609,33.821889],[134.166371,33.821606],[134.166671,33.821548],[134.166921,33.821564],[134.167083,33.821664],[134.167633,33.823239],[134.167633,33.824089],[134.167571,33.824372],[134.167271,33.825039],[134.167171,33.825347],[134.167196,33.826647],[134.167046,33.826772],[134.166946,33.826989],[134.166721,33.827997],[134.166696,33.828255],[134.166758,33.828438],[134.166846,33.828538],[134.167121,33.828672],[134.167371,33.828755],[134.167696,33.82893],[134.168196,33.829372],[134.169021,33.829247],[134.169858,33.82913],[134.171171,33.829122],[134.172546,33.829005],[134.173458,33.828739],[134.173995,33.828614],[134.175058,33.82823],[134.175508,33.828147],[134.175895,33.828222],[134.176158,33.828322],[134.176458,33.828355],[134.17717,33.828355],[134.177583,33.828422],[134.178232,33.828655],[134.179032,33.82878],[134.18022,33.828789],[134.180882,33.828855],[134.181407,33.828947],[134.18187,33.829097],[134.182507,33.829405],[134.183557,33.829514],[134.184132,33.829622],[134.184394,33.829772],[134.184619,33.830039],[134.184882,33.830739],[134.184994,33.830872],[134.185257,33.830997],[134.185869,33.831047],[134.186644,33.831014],[134.186982,33.831114],[134.187806,33.831247],[134.188206,33.831272],[134.188419,33.83123],[134.188819,33.831014],[134.189706,33.830755],[134.190544,33.830539],[134.191469,33.83028],[134.191844,33.830255],[134.192219,33.83033],[134.192981,33.830589],[134.193481,33.83068],[134.194681,33.83078],[134.196218,33.831355],[134.196806,33.831622],[134.198155,33.831714],[134.198493,33.831805],[134.198743,33.831972],[134.19883,33.832097],[134.198918,33.832322],[134.199255,33.832089],[134.200205,33.830905],[134.20058,33.830639],[134.200893,33.830464],[134.20123,33.830322],[134.20188,33.830172],[134.202118,33.830031],[134.202218,33.829764],[134.20248,33.829506],[134.202755,33.829331],[134.20308,33.829264],[134.203505,33.829231],[134.204417,33.829322],[134.204867,33.829331],[134.20523,33.829264],[134.205755,33.828864],[134.206567,33.828256],[134.207429,33.827631],[134.207717,33.827531],[134.207942,33.827523],[134.208854,33.828098],[134.209804,33.828406],[134.211142,33.828381],[134.211766,33.828331],[134.212154,33.828314],[134.212466,33.828389],[134.212879,33.828598],[134.213154,33.828764],[134.213416,33.829081],[134.213804,33.829348],[134.214354,33.829664],[134.214554,33.829873],[134.214654,33.830097],[134.214679,33.830414],[134.214803,33.830739],[134.215078,33.830956],[134.215403,33.831022],[134.216041,33.830997],[134.216416,33.831031],[134.216753,33.831147],[134.217028,33.831297],[134.217753,33.831339],[134.21839,33.831614],[134.219115,33.831806],[134.21979,33.831981],[134.22019,33.832147],[134.220915,33.832664],[134.22119,33.832839],[134.221828,33.833056],[134.222265,33.833031],[134.22309,33.832731],[134.22339,33.832739],[134.223752,33.832806],[134.22414,33.832839],[134.224652,33.832722],[134.225002,33.832564],[134.225327,33.832489],[134.226065,33.832572],[134.226989,33.832772],[134.227827,33.833039],[134.228039,33.833206],[134.228914,33.834297],[134.229177,33.834505],[134.229502,33.834622],[134.229952,33.834714],[134.230551,33.834922],[134.231289,33.835305],[134.231701,33.835405],[134.232539,33.835322],[134.232876,33.835322],[134.233201,33.835372],[134.233701,33.835414],[134.234351,33.83558],[134.234801,33.835739],[134.235238,33.836072],[134.235726,33.836522],[134.235813,33.836672],[134.236051,33.83683],[134.236851,33.83713],[134.236988,33.837263],[134.237101,33.837555],[134.237351,33.837805],[134.237813,33.838072],[134.238263,33.838722],[134.23845,33.838863],[134.238863,33.838813],[134.2396,33.838838],[134.239963,33.838772],[134.240538,33.838613],[134.241712,33.83823],[134.242737,33.838072],[134.2429,33.837997],[134.243012,33.837863],[134.242875,33.83748],[134.242812,33.837163],[134.242962,33.836672],[134.243125,33.836322],[134.243375,33.836055],[134.243612,33.835889],[134.24435,33.835464],[134.244575,33.835205],[134.244787,33.835022],[134.245699,33.834631],[134.246587,33.834364],[134.246862,33.834239],[134.247274,33.833931],[134.247325,33.833683],[134.247449,33.833489],[134.247962,33.833247],[134.248637,33.833022],[134.249124,33.832773],[134.249612,33.832589],[134.250724,33.832323],[134.250961,33.832181],[134.251424,33.831714],[134.251849,33.831348],[134.252074,33.831239],[134.252199,33.831081],[134.252449,33.830581],[134.252724,33.83049],[134.253124,33.830565],[134.253824,33.830631],[134.254011,33.830581],[134.254311,33.830381],[134.254586,33.830331],[134.255336,33.830398],[134.255611,33.830381],[134.256198,33.830065],[134.256573,33.829748],[134.256773,33.829431],[134.257036,33.829207],[134.257198,33.829115],[134.258148,33.828823],[134.25876,33.828782],[134.259273,33.828848],[134.259798,33.828957],[134.26076,33.829273],[134.261173,33.829365],[134.261923,33.82934],[134.26276,33.829382],[134.263247,33.829365],[134.26371,33.829207],[134.26501,33.828865],[134.265597,33.828665],[134.26676,33.827965],[134.266922,33.827782],[134.267222,33.827649],[134.26781,33.82774],[134.268322,33.827874],[134.268947,33.82814],[134.269484,33.828299],[134.269947,33.828324],[134.270997,33.828191],[134.271347,33.828032],[134.271484,33.827807],[134.271922,33.826949],[134.272159,33.826658],[134.272434,33.826499],[134.273022,33.826224],[134.273584,33.825508],[134.274909,33.824808],[134.275321,33.824358],[134.276209,33.82345],[134.276721,33.823025],[134.277071,33.822775],[134.277659,33.822417],[134.277746,33.822233],[134.278146,33.821925],[134.278209,33.821925],[134.278659,33.821625],[134.279096,33.821425],[134.279559,33.821517],[134.279771,33.821517],[134.280146,33.821375],[134.280359,33.821042],[134.280771,33.820925],[134.281146,33.820725],[134.281496,33.820025],[134.281708,33.819775],[134.282058,33.819642],[134.282683,33.819617],[134.283546,33.819709],[134.284821,33.819826],[134.286058,33.819601],[134.286196,33.819509],[134.286408,33.818384],[134.286733,33.817209],[134.286946,33.816759],[134.287358,33.816284],[134.287646,33.816018],[134.288196,33.815793],[134.289021,33.815634],[134.289458,33.815518],[134.289995,33.815293],[134.290408,33.815176],[134.290595,33.815043],[134.291108,33.813693],[134.291558,33.812885],[134.291945,33.812093],[134.292395,33.811843],[134.292745,33.811868],[134.293908,33.81146],[134.294958,33.810985],[134.296183,33.81051],[134.296658,33.810402],[134.296745,33.810443],[134.297333,33.810468],[134.297933,33.810193],[134.298445,33.80986],[134.29877,33.80941],[134.29917,33.808868],[134.30017,33.808193],[134.300632,33.807743],[134.30127,33.807202],[134.302657,33.80666],[134.302782,33.806568],[134.30297,33.806294],[134.303032,33.805802],[134.303132,33.805485],[134.303245,33.805302],[134.303707,33.805327],[134.304382,33.80546],[134.305507,33.80551],[134.30622,33.805418],[134.306545,33.805302],[134.307532,33.805077],[134.308107,33.804827],[134.30867,33.804493],[134.30907,33.804427],[134.313048,33.802475],[134.31674,33.797633],[134.322508,33.793483],[134.328507,33.790025],[134.336351,33.788181],[134.345119,33.789334],[134.353195,33.790256],[134.362424,33.789795],[134.368192,33.788181],[134.375344,33.787259],[134.379959,33.787489],[134.387425,33.789746],[134.388887,33.789563],[134.38975,33.789521],[134.391187,33.789338],[134.391624,33.789155],[134.392049,33.78873],[134.392237,33.788055],[134.392262,33.78758],[134.392187,33.78708],[134.391912,33.786447],[134.391675,33.786063],[134.391325,33.78573],[134.390675,33.78528],[134.390375,33.78498],[134.390887,33.784463],[134.391325,33.784055],[134.392,33.783197],[134.392349,33.782639],[134.393212,33.781664],[134.393912,33.780897],[134.394212,33.780405],[134.394824,33.779797],[134.395962,33.778756],[134.396499,33.778189],[134.396961,33.777606],[134.397124,33.777247],[134.397399,33.776997],[134.398011,33.776547],[134.398499,33.776098],[134.398661,33.775781],[134.398849,33.775123],[134.398936,33.774648],[134.398749,33.774248],[134.398749,33.773656],[134.399199,33.77289],[134.399499,33.772306],[134.400261,33.771381],[134.400423,33.770773],[134.400386,33.770631],[134.400548,33.770298],[134.400686,33.770231],[134.400736,33.769848],[134.400261,33.768782],[134.400148,33.768198],[134.400473,33.76759],[134.400736,33.767207],[134.400823,33.766682],[134.400923,33.766299],[134.401285,33.765832],[134.401598,33.765224],[134.401985,33.763666],[134.401948,33.762899],[134.40171,33.761991],[134.401685,33.761449],[134.400548,33.760658],[134.40011,33.760574],[134.399523,33.760391],[134.398923,33.760074],[134.398435,33.759891],[134.398085,33.759716],[134.397785,33.759333],[134.396598,33.758633],[134.396198,33.758333],[134.395198,33.757208],[134.394761,33.756942],[134.393623,33.756417],[134.393136,33.755967],[134.392548,33.755067],[134.392036,33.754659],[134.391323,33.754234],[134.390274,33.753825],[134.389549,33.753667],[134.388949,33.7536],[134.388036,33.75335],[134.387874,33.753267],[134.387686,33.753067],[134.387461,33.753],[134.386599,33.752842],[134.386037,33.752817],[134.385687,33.752725],[134.385549,33.752634],[134.385499,33.752525],[134.385587,33.752251],[134.385824,33.751809],[134.385687,33.751467],[134.385612,33.751134],[134.385424,33.750417],[134.385312,33.749718],[134.385137,33.748801],[134.385074,33.748459],[134.385167,33.748406],[134.385261,33.748351],[134.385624,33.748243],[134.385999,33.748059],[134.386374,33.747834],[134.387049,33.747301],[134.387748,33.746918],[134.388373,33.746635],[134.388886,33.746251],[134.389073,33.746026],[134.389348,33.745918],[134.389561,33.745735],[134.389648,33.74556],[134.389698,33.744951],[134.389786,33.744635],[134.389998,33.744435],[134.390185,33.74421],[134.390185,33.74401],[134.39011,33.74381],[134.390085,33.74356],[134.39021,33.743427],[134.390535,33.743227],[134.390723,33.743002],[134.39111,33.742394],[134.391223,33.74211],[134.391248,33.74186],[134.391435,33.74146],[134.391673,33.741277],[134.39246,33.740877],[134.392622,33.740694],[134.392672,33.740402],[134.392835,33.740202],[134.392972,33.740135],[134.393672,33.740069],[134.39411,33.739935],[134.394759,33.739469],[134.394897,33.739469],[134.395247,33.739377],[134.395509,33.739269],[134.395759,33.739269],[134.395859,33.739336],[134.395997,33.739336],[134.396209,33.739294],[134.396647,33.739244],[134.397022,33.739319],[134.397484,33.739519],[134.398047,33.739652],[134.398184,33.739635],[134.399334,33.73986],[134.400209,33.73966],[134.400521,33.739544],[134.400771,33.739527],[134.401521,33.739569],[134.401746,33.73966],[134.401871,33.739819],[134.402121,33.740019],[134.403433,33.740744],[134.403846,33.741102],[134.404296,33.741368],[134.404621,33.741393],[134.405345,33.741352],[134.40602,33.741402],[134.406158,33.741468],[134.406533,33.74176],[134.406883,33.741693],[134.407133,33.741643],[134.40767,33.741852],[134.40812,33.741893],[134.408695,33.742035],[134.409045,33.742077],[134.409395,33.741943],[134.410045,33.741518],[134.410495,33.741385],[134.410607,33.74141],[134.411907,33.741343],[134.412282,33.741168],[134.412357,33.741185],[134.412469,33.741277],[134.412769,33.74146],[134.412707,33.741393],[134.412957,33.741552],[134.413332,33.741977],[134.413407,33.742202],[134.413594,33.742493],[134.413969,33.742918],[134.414482,33.743835],[134.414757,33.744243],[134.414894,33.744335],[134.415082,33.744401],[134.415082,33.744426],[134.415432,33.744784],[134.415782,33.745076],[134.415857,33.745101],[134.416482,33.745476],[134.416994,33.745709],[134.417144,33.747409],[134.417332,33.747609],[134.417544,33.747751],[134.417607,33.747834],[134.418007,33.748151],[134.418681,33.748376],[134.418731,33.748442],[134.419169,33.748626],[134.419169,33.748759],[134.419056,33.749051],[134.419081,33.749317],[134.420294,33.749634],[134.420356,33.749684],[134.420381,33.749775],[134.420544,33.74995],[134.420756,33.750084],[134.420831,33.750175],[134.420944,33.750359],[134.421019,33.750892],[134.421181,33.751009],[134.421644,33.751209],[134.421781,33.7513],[134.422044,33.751684],[134.422181,33.751992],[134.422281,33.752717],[134.422181,33.753233],[134.422131,33.753425],[134.421456,33.754841],[134.421432,33.755183],[134.421457,33.75545],[134.421407,33.755991],[134.420969,33.756991],[134.420969,33.75715],[134.421319,33.757258],[134.421807,33.757483],[134.422207,33.757733],[134.423994,33.759624],[134.424919,33.760307],[134.425831,33.761007],[134.426356,33.761499],[134.426994,33.761841],[134.428518,33.762332],[134.429056,33.762699],[134.429406,33.762857],[134.429781,33.763374],[134.430031,33.763374],[134.43148,33.763057],[134.432218,33.763332],[134.432568,33.763424],[134.433155,33.763624],[134.433568,33.76344],[134.43378,33.763399],[134.434567,33.763465],[134.435542,33.763199],[134.436542,33.762832],[134.436917,33.76274],[134.437404,33.762499],[134.437804,33.762407],[134.438054,33.762499],[134.438292,33.762765],[134.438729,33.762949],[134.439154,33.763199],[134.439642,33.763374],[134.439804,33.763307],[134.440291,33.763265],[134.441704,33.763332],[134.442591,33.76344],[134.443966,33.76374],[134.444666,33.764007],[134.445128,33.764299],[134.445566,33.76439],[134.446678,33.764823],[134.447565,33.765407],[134.447865,33.765457],[134.448515,33.765632],[134.449003,33.765923],[134.449478,33.766107],[134.449615,33.766223],[134.44994,33.766898],[134.45019,33.767282],[134.450003,33.767398],[134.449265,33.767098],[134.449165,33.767123],[134.449003,33.767373],[134.448428,33.767756],[134.447978,33.768206],[134.447653,33.768615],[134.447516,33.769898],[134.447466,33.770056],[134.446816,33.770939],[134.446541,33.771406],[134.446353,33.771931],[134.446416,33.772356],[134.446541,33.772764],[134.447191,33.773914],[134.447953,33.774006],[134.448928,33.774006],[134.449928,33.773956],[134.450628,33.774006],[134.451465,33.774322],[134.452165,33.774639],[134.452715,33.775089],[134.452927,33.775131],[134.453715,33.775064],[134.454715,33.774814],[134.455489,33.774906],[134.456202,33.775131],[134.456389,33.775156],[134.456814,33.775339],[134.456952,33.775431],[134.457464,33.775589],[134.458252,33.775655],[134.458876,33.77563],[134.459551,33.775364],[134.459651,33.775364],[134.460439,33.775522],[134.460576,33.775655],[134.461001,33.77583],[134.461226,33.77588],[134.461301,33.775972],[134.461926,33.776397],[134.462488,33.776489],[134.463013,33.776672],[134.463201,33.776847],[134.463388,33.777189],[134.463501,33.777914],[134.463626,33.777997],[134.464113,33.77823],[134.464338,33.778363],[134.464576,33.778838],[134.465038,33.77913],[134.465313,33.77938],[134.465601,33.779513],[134.465826,33.779513],[134.466413,33.779447],[134.466951,33.778972],[134.4675,33.778905],[134.468113,33.778947],[134.468925,33.77893],[134.469575,33.778705],[134.469763,33.778588],[134.470013,33.778547],[134.47025,33.778455],[134.4706,33.778472],[134.471313,33.778705],[134.47185,33.77863],[134.472112,33.778388],[134.472687,33.778247],[134.47325,33.778247],[134.4739,33.778114],[134.474312,33.778097],[134.474762,33.777939],[134.474987,33.777939],[134.47585,33.778364],[134.476987,33.779338],[134.478449,33.779722],[134.478874,33.779922],[134.479037,33.780038],[134.479387,33.780488],[134.479987,33.781388],[134.480099,33.781747],[134.480449,33.782113],[134.480562,33.782472],[134.479937,33.784638],[134.479887,33.785154],[134.480049,33.786213],[134.480374,33.786779],[134.480699,33.786871],[134.481349,33.787213],[134.481999,33.787754],[134.482261,33.788046],[134.482324,33.788046],[134.483186,33.788429],[134.483586,33.788771],[134.484111,33.789262],[134.484486,33.789712],[134.485111,33.790279],[134.485299,33.790729],[134.485599,33.791045],[134.486161,33.791362],[134.487648,33.792195],[134.488036,33.792737],[134.488523,33.793237],[134.488948,33.793412],[134.489036,33.793504],[134.490111,33.79387],[134.490573,33.794095],[134.490948,33.794203],[134.491573,33.794003],[134.492198,33.79407],[134.492335,33.794137],[134.49276,33.793912],[134.492973,33.793754],[134.494173,33.793487],[134.495035,33.792879],[134.495198,33.792854],[134.49606,33.792945],[134.49671,33.792787],[134.497135,33.792812],[134.497314,33.792762],[134.49756,33.79272],[134.49791,33.792587],[134.498635,33.79247],[134.499372,33.79242],[134.499885,33.792604],[134.500372,33.792829],[134.500985,33.79292],[134.502259,33.793229],[134.502859,33.793345],[134.503322,33.79357],[134.503834,33.793862],[134.504259,33.79372],[134.504809,33.793704],[134.505347,33.793837],[134.505372,33.793945],[134.505584,33.794329],[134.505947,33.79467],[134.506646,33.795053],[134.507409,33.795278],[134.507921,33.795345],[134.508159,33.795478],[134.508459,33.79572],[134.508709,33.795678],[134.509346,33.79577],[134.509996,33.795995],[134.510384,33.796078],[134.510759,33.796078],[134.510921,33.796145],[134.511434,33.796437],[134.511733,33.796462],[134.512458,33.796595],[134.512683,33.796662],[134.513433,33.797161],[134.513683,33.797161],[134.514221,33.79727],[134.514983,33.797561],[134.515171,33.797678],[134.516033,33.797736],[134.516495,33.797853],[134.51717,33.798436],[134.517658,33.798778],[134.51912,33.799403],[134.520308,33.799561],[134.521232,33.799603],[134.521932,33.799919],[134.522932,33.800436],[134.52337,33.800386],[134.524095,33.800069],[134.524295,33.800028],[134.524807,33.800161],[134.525395,33.800411],[134.526107,33.800636],[134.526782,33.801169],[134.527619,33.802344],[134.528032,33.802836],[134.528082,33.803177],[134.528144,33.804169],[134.528357,33.804127],[134.529032,33.803894],[134.530244,33.803561],[134.531081,33.803152],[134.531406,33.803086],[134.531819,33.803152],[134.532381,33.803327],[134.532519,33.803327],[134.533544,33.803552],[134.534094,33.803711],[134.534794,33.803594],[134.535443,33.803594],[134.536381,33.803819],[134.537843,33.80411],[134.538256,33.803835],[134.539631,33.803885],[134.540068,33.803927],[134.540555,33.804019],[134.541255,33.804327],[134.542018,33.804777],[134.542205,33.805002],[134.54253,33.805527],[134.542643,33.80561],[134.543068,33.805635],[134.543968,33.80536],[134.544155,33.80536],[134.544718,33.805452],[134.544905,33.805427],[134.545392,33.80556],[134.545455,33.805544],[134.545992,33.805877],[134.546367,33.80606],[134.546805,33.806127],[134.548592,33.806052],[134.54883,33.805694],[134.548855,33.805269],[134.54883,33.804794],[134.548967,33.804635],[134.549692,33.804252],[134.549904,33.803977],[134.550179,33.803802],[134.550579,33.803686],[134.551879,33.802986],[134.552367,33.802536],[134.552717,33.802077],[134.552842,33.801969],[134.553254,33.801786],[134.554329,33.801561],[134.555929,33.801311],[134.556579,33.801178],[134.556904,33.801061],[134.557091,33.800861],[134.557066,33.800786],[134.557141,33.800478],[134.557116,33.800428],[134.557141,33.799978],[134.557266,33.799236],[134.557328,33.799186],[134.557516,33.798645],[134.557542,33.798608],[134.557566,33.798578],[134.557678,33.798353],[134.558191,33.798103],[134.558616,33.797245],[134.559828,33.796728],[134.559991,33.79657],[134.560716,33.795212],[134.561153,33.794629],[134.561178,33.794512],[134.561415,33.793929],[134.561853,33.793587],[134.563115,33.793587],[134.564228,33.793429],[134.564665,33.793429],[134.564903,33.793537],[134.565315,33.793812],[134.565928,33.794129],[134.56644,33.793987],[134.566877,33.793671],[134.56734,33.793221],[134.56769,33.793196],[134.568315,33.793329],[134.569115,33.793237],[134.56969,33.793287],[134.570527,33.793196],[134.570689,33.793196],[134.570827,33.793037],[134.570789,33.792671],[134.570902,33.792562],[134.571202,33.791929],[134.571377,33.790979],[134.571789,33.790579],[134.571977,33.789696],[134.572239,33.78938],[134.572377,33.789338],[134.573452,33.789446],[134.573589,33.789405],[134.574352,33.789513],[134.574839,33.789688],[134.575327,33.789805],[134.576139,33.78953],[134.576726,33.789196],[134.577214,33.788655],[134.577264,33.788471],[134.577101,33.787297],[134.577151,33.786713],[134.577416,33.786481],[134.577801,33.786305],[134.577989,33.786263],[134.578614,33.786188],[134.579126,33.786213],[134.579576,33.785988],[134.579964,33.785897],[134.580526,33.786005],[134.581126,33.786072],[134.581738,33.785847],[134.582338,33.785664],[134.583776,33.786297],[134.584388,33.786047],[134.585126,33.786047],[134.5858,33.78598],[134.586013,33.785905],[134.58675,33.785955],[134.58785,33.785972],[134.5881,33.785947],[134.588825,33.786963],[134.589125,33.787122],[134.589263,33.787147],[134.589663,33.787097],[134.59005,33.787122],[134.591675,33.787838],[134.592375,33.787863],[134.592675,33.788197],[134.5933,33.788422],[134.594087,33.788938],[134.594675,33.789438],[134.595162,33.789571],[134.596299,33.789638],[134.596574,33.789347],[134.596899,33.788797],[134.597587,33.787805],[134.598237,33.787263],[134.598399,33.787263],[134.598649,33.787422],[134.598912,33.787672],[134.599374,33.787872],[134.600112,33.788363],[134.600624,33.788705],[134.601549,33.789447],[134.601949,33.789513],[134.602486,33.78933],[134.603136,33.78938],[134.603686,33.789355],[134.604224,33.78888],[134.604811,33.788447],[134.605249,33.788247],[134.606136,33.788605],[134.606223,33.788722],[134.606623,33.78903],[134.606973,33.789188],[134.607461,33.78928],[134.608036,33.789372],[134.609011,33.789388],[134.609298,33.789322],[134.609761,33.789297],[134.610223,33.789388],[134.610411,33.789455],[134.610735,33.78973],[134.61106,33.790155],[134.611285,33.790721],[134.61131,33.79108],[134.611173,33.791621],[134.611185,33.79178],[134.611448,33.792096],[134.61151,33.792205],[134.61211,33.792971],[134.612373,33.793063],[134.61291,33.793063],[134.613235,33.793196],[134.613623,33.793554],[134.613835,33.793896],[134.614297,33.794388],[134.614385,33.794571],[134.61466,33.794888],[134.61511,33.795204],[134.61576,33.795496],[134.616572,33.795987],[134.61701,33.796187],[134.618072,33.796479],[134.618659,33.796704],[134.618934,33.796862],[134.618959,33.796954],[134.618934,33.797246],[134.619097,33.797587],[134.619447,33.797987],[134.620184,33.798329],[134.620534,33.798737],[134.620946,33.79887],[134.621671,33.799004],[134.622109,33.799162],[134.622346,33.799379],[134.622646,33.799579],[134.622971,33.799729],[134.623559,33.799812],[134.624484,33.799737],[134.625483,33.799937],[134.625696,33.799862],[134.626421,33.799245],[134.626633,33.79922],[134.628796,33.799612],[134.630183,33.799979],[134.632358,33.800679],[134.63287,33.800904],[134.633195,33.801329],[134.633745,33.801545],[134.634095,33.801612],[134.634933,33.80187],[134.635832,33.802245],[134.636695,33.802329],[134.63757,33.802587],[134.638757,33.803053],[134.63947,33.803387],[134.639607,33.803653],[134.639532,33.804037],[134.639532,33.804237],[134.639707,33.804487],[134.640645,33.804253],[134.641719,33.804245],[134.642457,33.80437],[134.642894,33.804612],[134.643407,33.804587],[134.644032,33.804695],[134.644319,33.80467],[134.644732,33.804845],[134.645307,33.805287],[134.646282,33.805937],[134.646744,33.80597],[134.647744,33.805945],[134.648669,33.80582],[134.649531,33.805787],[134.650094,33.805603],[134.650519,33.805262],[134.651325,33.805444],[134.651806,33.806087],[134.653381,33.807261],[134.654231,33.807545],[134.654668,33.807903],[134.654881,33.808328],[134.654968,33.808378],[134.65673,33.808895],[134.657243,33.808895],[134.658005,33.808953],[134.659955,33.809611],[134.661905,33.809703],[134.662442,33.809519],[134.663942,33.810294],[134.663855,33.810503],[134.66378,33.810569],[134.66368,33.810819],[134.663817,33.811419],[134.664179,33.812161],[134.664579,33.813486],[134.665067,33.813777],[134.665754,33.814085],[134.666542,33.814577],[134.666654,33.814569],[134.667354,33.814427],[134.668179,33.814335],[134.668454,33.814169],[134.669179,33.813627],[134.669416,33.813619],[134.670016,33.81391],[134.670266,33.814135],[134.670704,33.814719],[134.671441,33.815319],[134.672179,33.81576],[134.672416,33.815869],[134.673016,33.815952],[134.673891,33.816168],[134.674703,33.81641],[134.674941,33.816435],[134.675341,33.816318],[134.675641,33.815885],[134.675841,33.815369],[134.675728,33.814852],[134.675866,33.814552],[134.676291,33.814419],[134.677341,33.814385],[134.677666,33.814177],[134.677066,33.813644],[134.676916,33.813127],[134.677291,33.812427],[134.677803,33.811086],[134.677778,33.810819],[134.677528,33.810144],[134.677403,33.809628],[134.677653,33.809378],[134.678578,33.808736],[134.678978,33.808086],[134.679803,33.806836],[134.679928,33.806336],[134.679541,33.805962],[134.679103,33.80567],[134.678916,33.805378],[134.678953,33.804887],[134.678953,33.804412],[134.678816,33.804412],[134.678078,33.80422],[134.677291,33.803795],[134.676553,33.803329],[134.676116,33.802795],[134.676078,33.802387],[134.675966,33.802145],[134.675516,33.802054],[134.674704,33.802037],[134.674166,33.801979],[134.673666,33.801762],[134.673216,33.801737],[134.672429,33.80177],[134.672216,33.801745],[134.671741,33.80137],[134.671366,33.800812],[134.671329,33.80072],[134.671066,33.800637],[134.670467,33.800912],[134.670367,33.800929],[134.670229,33.801337],[134.670154,33.801429],[134.669417,33.800762],[134.669254,33.800879],[134.670017,33.801587],[134.669892,33.80222],[134.669567,33.802179],[134.669592,33.801995],[134.669029,33.801912],[134.668917,33.801962],[134.668729,33.801804],[134.668592,33.801554],[134.668617,33.801312],[134.668579,33.801087],[134.668192,33.800529],[134.667517,33.800079],[134.666942,33.800112],[134.666354,33.800271],[134.66543,33.799987],[134.66513,33.799721],[134.66453,33.798912],[134.664255,33.798629],[134.663767,33.798629],[134.66303,33.798321],[134.662342,33.797829],[134.661493,33.796804],[134.660793,33.796404],[134.660293,33.796046],[134.659868,33.795871],[134.65918,33.795429],[134.658493,33.794896],[134.657356,33.794455],[134.656756,33.794013],[134.656206,33.793546],[134.655693,33.79323],[134.655343,33.793188],[134.654306,33.792546],[134.653431,33.792196],[134.652831,33.791747],[134.652581,33.791322],[134.652419,33.790763],[134.652056,33.790222],[134.650969,33.789647],[134.650469,33.789272],[134.650006,33.789122],[134.649306,33.789172],[134.648582,33.789089],[134.648044,33.789089],[134.647582,33.789322],[134.647132,33.789663],[134.646357,33.789963],[134.645332,33.790263],[134.644007,33.789963],[134.643182,33.789613],[134.642695,33.78923],[134.642857,33.789138],[134.642245,33.788155],[134.642107,33.788222],[134.64267,33.789097],[134.642332,33.78933],[134.642257,33.78933],[134.642207,33.789272],[134.642107,33.789113],[134.64197,33.788963],[134.641882,33.788905],[134.641707,33.78893],[134.641745,33.788864],[134.64182,33.788755],[134.641845,33.788605],[134.641832,33.788505],[134.641707,33.78858],[134.641595,33.78868],[134.641432,33.78878],[134.64122,33.788947],[134.641007,33.789113],[134.640932,33.789097],[134.640707,33.789013],[134.640482,33.788913],[134.64042,33.788839],[134.640457,33.78868],[134.64052,33.788489],[134.640632,33.788489],[134.64097,33.788547],[134.641132,33.788572],[134.641345,33.788539],[134.64142,33.788447],[134.641507,33.788255],[134.64192,33.787639],[134.64167,33.78708],[134.641407,33.786364],[134.640907,33.785489],[134.64077,33.784772],[134.641257,33.783439],[134.64217,33.783064],[134.642757,33.782764],[134.642895,33.782589],[134.642757,33.782314],[134.642507,33.782181],[134.642507,33.781623],[134.641682,33.780798],[134.641495,33.780548],[134.641032,33.780689],[134.641195,33.780848],[134.640932,33.781273],[134.640307,33.781398],[134.63977,33.781556],[134.639583,33.781698],[134.639645,33.781831],[134.63962,33.782281],[134.639732,33.782706],[134.639582,33.783314],[134.639295,33.784014],[134.638633,33.784881],[134.63727,33.785997],[134.63652,33.786339],[134.635958,33.786505],[134.63577,33.786597],[134.635233,33.786489],[134.634195,33.786114],[134.63387,33.785597],[134.633433,33.785314],[134.633208,33.785114],[134.632346,33.784939],[134.632258,33.784981],[134.632233,33.785139],[134.631296,33.785222],[134.631083,33.785289],[134.631108,33.785397],[134.631246,33.785581],[134.631083,33.785714],[134.630846,33.78583],[134.630933,33.786147],[134.630658,33.786305],[134.630171,33.786422],[134.629421,33.786497],[134.628958,33.786322],[134.628046,33.786214],[134.627071,33.786155],[134.626309,33.78623],[134.625634,33.786172],[134.624859,33.786247],[134.624584,33.78623],[134.624071,33.786055],[134.623122,33.786172],[134.622634,33.786289],[134.622427,33.786324],[134.622297,33.786362],[134.621722,33.786797],[134.621297,33.786822],[134.620484,33.78678],[134.620047,33.786647],[134.619509,33.786264],[134.618885,33.785497],[134.618935,33.784864],[134.618822,33.784347],[134.618585,33.783847],[134.617522,33.782231],[134.617485,33.781914],[134.617622,33.781756],[134.61751,33.781164],[134.61706,33.781481],[134.616922,33.781239],[134.617022,33.780648],[134.61656,33.780606],[134.616185,33.780698],[134.61611,33.780739],[134.61646,33.781014],[134.616485,33.781373],[134.614523,33.782281],[134.613685,33.782547],[134.613135,33.782439],[134.612973,33.782322],[134.61281,33.782006],[134.612634,33.78176],[134.612575,33.781485],[134.612485,33.781264],[134.612235,33.780998],[134.611535,33.780681],[134.610911,33.780498],[134.610811,33.780414],[134.610473,33.779889],[134.610348,33.779756],[134.609911,33.77969],[134.609261,33.779831],[134.609098,33.779739],[134.608911,33.779448],[134.609048,33.779398],[134.609211,33.779148],[134.608848,33.779198],[134.608748,33.779131],[134.608548,33.778456],[134.608573,33.777756],[134.608761,33.777215],[134.609011,33.777215],[134.609711,33.77714],[134.609761,33.777073],[134.609848,33.77644],[134.609573,33.776107],[134.609111,33.775907],[134.609061,33.776015],[134.608598,33.776132],[134.608061,33.776015],[134.607573,33.775523],[134.607486,33.775365],[134.607398,33.774957],[134.606999,33.774665],[134.606949,33.77469],[134.606424,33.774149],[134.606261,33.773857],[134.605799,33.773424],[134.605424,33.772999],[134.604286,33.772799],[134.603424,33.772732],[134.602587,33.772732],[134.602287,33.772557],[134.601799,33.772082],[134.601287,33.771424],[134.600949,33.770816],[134.600812,33.770141],[134.600862,33.769424],[134.601812,33.768316],[134.601974,33.768066],[134.602499,33.766333],[134.602549,33.765516],[134.602387,33.764791],[134.601949,33.764233],[134.600924,33.763941],[134.600012,33.76385],[134.599649,33.763875],[134.598687,33.764241],[134.597875,33.764416],[134.597037,33.764508],[134.596412,33.764808],[134.595662,33.764966],[134.59545,33.7651],[134.595337,33.765683],[134.595312,33.766316],[134.5951,33.767133],[134.594837,33.767833],[134.594562,33.768233],[134.59395,33.768707],[134.593812,33.768782],[134.594137,33.769024],[134.593762,33.770107],[134.593225,33.770316],[134.59311,33.770471],[134.593787,33.770332],[134.594012,33.771465],[134.59385,33.771532],[134.5939,33.771782],[134.594412,33.771465],[134.594612,33.772499],[134.59415,33.772632],[134.594012,33.772749],[134.592875,33.772799],[134.591613,33.77289],[134.591238,33.772865],[134.591125,33.77174],[134.591338,33.771674],[134.591738,33.771649],[134.592088,33.771532],[134.592088,33.771465],[134.591738,33.77149],[134.591063,33.771199],[134.590975,33.770699],[134.59085,33.770657],[134.59055,33.769732],[134.590463,33.769349],[134.589975,33.769032],[134.589538,33.769124],[134.588488,33.769057],[134.588075,33.768741],[134.58775,33.768674],[134.587676,33.768382],[134.586913,33.768141],[134.586788,33.768224],[134.586926,33.769149],[134.586576,33.769516],[134.586488,33.770057],[134.586276,33.770707],[134.585951,33.77109],[134.585013,33.771724],[134.584088,33.772065],[134.582826,33.771907],[134.581801,33.771532],[134.580876,33.770924],[134.580139,33.770065],[134.579814,33.769274],[134.579764,33.768957],[134.580301,33.768891],[134.580726,33.768732],[134.580676,33.768466],[134.580539,33.768374],[134.580426,33.767899],[134.580701,33.767174],[134.580476,33.766816],[134.580239,33.766141],[134.580364,33.765416],[134.580764,33.764633],[134.581339,33.764358],[134.581601,33.764041],[134.581439,33.763408],[134.581139,33.763075],[134.580739,33.762441],[134.580026,33.762241],[134.579739,33.762333],[134.578376,33.761858],[134.577889,33.761633],[134.577277,33.761633],[134.575864,33.762383],[134.575189,33.762791],[134.574602,33.763216],[134.573739,33.764216],[134.573602,33.764299],[134.572927,33.764283],[134.572764,33.764391],[134.572739,33.764483],[134.572877,33.764758],[134.572964,33.764799],[134.573389,33.764891],[134.574039,33.765224],[134.573939,33.765408],[134.573414,33.765183],[134.573414,33.765074],[134.573289,33.764999],[134.573102,33.765141],[134.572714,33.765774],[134.572077,33.765724],[134.571877,33.765208],[134.57199,33.764691],[134.571827,33.764441],[134.571902,33.764216],[134.572015,33.764191],[134.571852,33.763766],[134.571527,33.763316],[134.571002,33.763091],[134.570277,33.762683],[134.56989,33.761875],[134.56984,33.76115],[134.570002,33.760366],[134.570402,33.759708],[134.571052,33.7593],[134.571315,33.759192],[134.571852,33.759208],[134.572427,33.7595],[134.57289,33.759592],[134.57294,33.75955],[134.572777,33.759167],[134.572852,33.7588],[134.57264,33.758375],[134.572102,33.758033],[134.571965,33.758017],[134.571802,33.7579],[134.571802,33.757767],[134.571927,33.757183],[134.572252,33.756592],[134.57344,33.756275],[134.574277,33.755892],[134.574464,33.755259],[134.574627,33.754359],[134.574752,33.754334],[134.575264,33.754151],[134.575489,33.753976],[134.575377,33.753926],[134.574777,33.753859],[134.574752,33.753792],[134.574839,33.753351],[134.574789,33.753192],[134.574402,33.753009],[134.573965,33.752901],[134.573577,33.752992],[134.57319,33.752767],[134.572777,33.752409],[134.572427,33.751126],[134.57234,33.750451],[134.572302,33.749793],[134.572477,33.749184],[134.57289,33.749051],[134.572915,33.748718],[134.572715,33.748376],[134.572452,33.748151],[134.572415,33.747951],[134.572127,33.747993],[134.571827,33.747835],[134.571615,33.747385],[134.571652,33.746918],[134.571352,33.745876],[134.571352,33.745476],[134.571377,33.745476],[134.571315,33.745135],[134.571202,33.744935],[134.57099,33.74421],[134.571165,33.744143],[134.571377,33.74401],[134.57114,33.74376],[134.570902,33.743602],[134.570615,33.743677],[134.570252,33.743627],[134.569903,33.743693],[134.569553,33.743835],[134.569115,33.743743],[134.568578,33.74336],[134.568578,33.743227],[134.568465,33.742752],[134.568253,33.742368],[134.568278,33.742102],[134.567403,33.741827],[134.56714,33.741602],[134.566953,33.74086],[134.567165,33.740685],[134.567365,33.740569],[134.567603,33.740385],[134.567715,33.740185],[134.568215,33.74021],[134.568578,33.740119],[134.568578,33.739935],[134.568215,33.739852],[134.567453,33.739935],[134.566978,33.739577],[134.566653,33.739127],[134.566628,33.738794],[134.56689,33.738519],[134.566865,33.738427],[134.566503,33.738027],[134.566565,33.737961],[134.567178,33.737869],[134.56724,33.737711],[134.567715,33.737486],[134.567678,33.737036],[134.567915,33.737127],[134.568128,33.737127],[134.56809,33.736919],[134.568178,33.736761],[134.56794,33.736611],[134.567478,33.735711],[134.567378,33.735211],[134.56724,33.734828],[134.566265,33.733861],[134.565765,33.733053],[134.56594,33.732936],[134.566378,33.733003],[134.56699,33.732936],[134.567028,33.73287],[134.56699,33.732803],[134.566665,33.732486],[134.566403,33.732328],[134.565578,33.732178],[134.564928,33.731995],[134.564553,33.732061],[134.564384,33.732062],[134.564141,33.731995],[134.563753,33.732045],[134.563578,33.73227],[134.563703,33.732603],[134.563878,33.732919],[134.564078,33.732944],[134.564141,33.733011],[134.564028,33.733303],[134.563591,33.733503],[134.563028,33.733661],[134.562528,33.733886],[134.562266,33.734111],[134.562091,33.734178],[134.561828,33.734178],[134.561853,33.734244],[134.561766,33.734586],[134.561466,33.734811],[134.561241,33.734678],[134.561091,33.734361],[134.561053,33.733753],[134.560903,33.733711],[134.560528,33.733778],[134.560416,33.733869],[134.560291,33.734044],[134.560091,33.733936],[134.560054,33.733869],[134.559766,33.733936],[134.559504,33.733869],[134.559116,33.733911],[134.559004,33.733953],[134.558941,33.733353],[134.558641,33.733394],[134.558529,33.733578],[134.558379,33.733594],[134.558116,33.733528],[134.557966,33.733778],[134.557729,33.734003],[134.557554,33.734319],[134.557091,33.734453],[134.556591,33.734386],[134.556329,33.734478],[134.556091,33.734636],[134.556116,33.734878],[134.556241,33.735127],[134.556266,33.735469],[134.556354,33.735577],[134.556504,33.736002],[134.557041,33.736611],[134.557741,33.737269],[134.557741,33.737577],[134.557566,33.738169],[134.557391,33.738435],[134.556779,33.738552],[134.556716,33.738685],[134.556479,33.738752],[134.556041,33.739019],[134.555979,33.73911],[134.555954,33.739427],[134.556166,33.739785],[134.556166,33.739994],[134.556041,33.740235],[134.556604,33.740669],[134.556779,33.741093],[134.556991,33.741793],[134.557254,33.74251],[134.557616,33.742552],[134.558116,33.742802],[134.558579,33.743118],[134.559254,33.743293],[134.559579,33.743477],[134.559704,33.743727],[134.559579,33.74386],[134.559204,33.744043],[134.558466,33.744243],[134.558354,33.744585],[134.558616,33.744601],[134.558554,33.744693],[134.558004,33.745051],[134.557441,33.745118],[134.557116,33.745051],[134.556591,33.745035],[134.556316,33.74476],[134.556229,33.744218],[134.556791,33.743993],[134.556816,33.743885],[134.556616,33.743635],[134.556466,33.743318],[134.556141,33.743052],[134.556079,33.742918],[134.556166,33.742602],[134.556429,33.74251],[134.556904,33.742418],[134.556904,33.742327],[134.556991,33.742177],[134.556779,33.741702],[134.556641,33.74116],[134.556516,33.74096],[134.556341,33.74096],[134.556316,33.741202],[134.556191,33.741385],[134.555691,33.741768],[134.554579,33.742018],[134.553879,33.741902],[134.553292,33.741768],[134.552904,33.741477],[134.552579,33.740802],[134.552667,33.740469],[134.552717,33.739944],[134.552454,33.738869],[134.552217,33.738394],[134.552067,33.737969],[134.552017,33.737902],[134.551867,33.737494],[134.551654,33.737086],[134.551179,33.736936],[134.551067,33.736486],[134.551092,33.736419],[134.551454,33.736436],[134.551629,33.736411],[134.551504,33.735827],[134.551354,33.735511],[134.551267,33.735444],[134.550892,33.735377],[134.550329,33.735136],[134.549979,33.735152],[134.549654,33.735311],[134.549592,33.735494],[134.549242,33.735244],[134.54903,33.735294],[134.54898,33.735336],[134.548942,33.735627],[134.549392,33.735919],[134.550242,33.736077],[134.549867,33.736577],[134.54898,33.737177],[134.54863,33.737319],[134.547867,33.737336],[134.547605,33.737386],[134.547155,33.737677],[134.546655,33.737952],[134.546105,33.737902],[134.545517,33.737744],[134.54543,33.737702],[134.545392,33.737027],[134.545042,33.736736],[134.544592,33.736711],[134.544155,33.736911],[134.54378,33.736761],[134.54318,33.736261],[134.54268,33.736019],[134.542355,33.735519],[134.54183,33.734261],[134.541355,33.732936],[134.54138,33.732394],[134.54158,33.731853],[134.541468,33.729961],[134.541555,33.729736],[134.541518,33.729262],[134.540993,33.728228],[134.540868,33.728095],[134.540755,33.727845],[134.540755,33.727445],[134.541218,33.727062],[134.541718,33.726429],[134.54178,33.726295],[134.542243,33.72602],[134.542805,33.725554],[134.54313,33.725662],[134.543393,33.72582],[134.543455,33.72582],[134.54463,33.72492],[134.544567,33.724604],[134.544367,33.724487],[134.543043,33.724579],[134.542593,33.724579],[134.542505,33.72447],[134.543005,33.724312],[134.542918,33.724154],[134.542655,33.724062],[134.542218,33.724154],[134.542043,33.724087],[134.541893,33.72377],[134.54198,33.723321],[134.54218,33.722737],[134.54253,33.722537],[134.54283,33.722554],[134.54303,33.722537],[134.54298,33.722287],[134.542743,33.722171],[134.54288,33.721971],[134.543118,33.721746],[134.543593,33.721812],[134.543593,33.721771],[134.543268,33.721496],[134.543293,33.721454],[134.544005,33.721404],[134.543918,33.721204],[134.543293,33.721071],[134.543593,33.720729],[134.54338,33.720438],[134.543205,33.719921],[134.542968,33.719721],[134.542943,33.719521],[134.54323,33.719363],[134.54338,33.719221],[134.543318,33.719046],[134.543118,33.719046],[134.543255,33.718996],[134.543343,33.718913],[134.543255,33.718821],[134.542793,33.718888],[134.54273,33.718929],[134.542818,33.719071],[134.542668,33.719229],[134.542293,33.719338],[134.541993,33.719154],[134.541705,33.718304],[134.541555,33.718013],[134.541105,33.717738],[134.540405,33.717496],[134.539693,33.717496],[134.539555,33.71743],[134.539818,33.717088],[134.539843,33.716821],[134.539555,33.716638],[134.539168,33.716238],[134.538756,33.716321],[134.538318,33.716305],[134.537493,33.71603],[134.537131,33.715655],[134.537193,33.71543],[134.537043,33.715205],[134.536931,33.715205],[134.536693,33.71543],[134.536456,33.715496],[134.536081,33.715471],[134.535581,33.715588],[134.535218,33.715363],[134.534931,33.714997],[134.534931,33.714955],[134.535281,33.714688],[134.535518,33.714413],[134.535431,33.714238],[134.535168,33.714238],[134.534868,33.714322],[134.534718,33.714255],[134.534518,33.713897],[134.534193,33.713647],[134.533656,33.713472],[134.533019,33.713313],[134.532369,33.713113],[134.531894,33.712797],[134.531394,33.71228],[134.531394,33.711939],[134.531069,33.711672],[134.530981,33.711355],[134.530719,33.711064],[134.530594,33.711022],[134.530569,33.710972],[134.529956,33.710589],[134.529244,33.71023],[134.529044,33.710139],[134.528856,33.709939],[134.529094,33.709581],[134.529069,33.709356],[134.528706,33.709172],[134.528119,33.708997],[134.528006,33.709089],[134.527894,33.709472],[134.527681,33.709581],[134.527569,33.709581],[134.526657,33.708956],[134.526507,33.708522],[134.526619,33.708297],[134.526657,33.708056],[134.526294,33.707939],[134.525919,33.707981],[134.525707,33.708139],[134.525532,33.708139],[134.525419,33.708006],[134.525619,33.707897],[134.525744,33.707756],[134.525657,33.707672],[134.525032,33.707381],[134.524769,33.707381],[134.524682,33.707489],[134.524507,33.707314],[134.524357,33.707356],[134.524294,33.707622],[134.524032,33.707514],[134.523857,33.707197],[134.523594,33.707106],[134.523469,33.707172],[134.523357,33.707314],[134.522569,33.707089],[134.521969,33.706839],[134.521295,33.706681],[134.521057,33.706481],[134.52077,33.706323],[134.520882,33.706123],[134.521207,33.705806],[134.521057,33.705448],[134.520732,33.705264],[134.520445,33.705198],[134.520145,33.704789],[134.519882,33.704798],[134.51947,33.704973],[134.519145,33.704839],[134.518645,33.704731],[134.51847,33.704748],[134.518382,33.704814],[134.518207,33.705089],[134.51827,33.705448],[134.518145,33.705698],[134.51777,33.705673],[134.51747,33.705789],[134.517207,33.705806],[134.516882,33.705648],[134.516532,33.705181],[134.51642,33.704823],[134.51662,33.704664],[134.51712,33.704456],[134.51732,33.704139],[134.517295,33.703806],[134.517145,33.703623],[134.516995,33.703648],[134.516857,33.704006],[134.516732,33.704031],[134.516495,33.703806],[134.516582,33.703556],[134.516557,33.703448],[134.51632,33.703223],[134.516383,33.702906],[134.51662,33.702365],[134.517057,33.701665],[134.516907,33.70144],[134.516383,33.701465],[134.515583,33.701715],[134.515058,33.702206],[134.514758,33.702548],[134.513708,33.701831],[134.51302,33.701606],[134.51217,33.701107],[134.511733,33.700432],[134.511696,33.700257],[134.511846,33.699873],[134.512083,33.699465],[134.51217,33.69904],[134.511933,33.698857],[134.511496,33.698698],[134.511171,33.698698],[134.510958,33.69879],[134.510371,33.698474],[134.510521,33.698299],[134.510408,33.69814],[134.509933,33.698074],[134.509908,33.698207],[134.510021,33.69839],[134.509933,33.698482],[134.509346,33.698657],[134.509133,33.698482],[134.509021,33.698274],[134.508996,33.697957],[134.508933,33.697874],[134.508608,33.697715],[134.508283,33.697757],[134.508171,33.697915],[134.508346,33.69839],[134.508371,33.698682],[134.507958,33.698973],[134.507433,33.699157],[134.507233,33.699398],[134.506996,33.699582],[134.506346,33.699632],[134.506021,33.699582],[134.505234,33.699407],[134.504609,33.69909],[134.504059,33.698732],[134.503646,33.698373],[134.503559,33.698232],[134.503134,33.697132],[134.503196,33.69684],[134.503459,33.69664],[134.503609,33.696299],[134.503609,33.696099],[134.503259,33.695757],[134.503109,33.695757],[134.502896,33.695874],[134.502784,33.695757],[134.502759,33.695624],[134.502571,33.695291],[134.502371,33.695082],[134.502434,33.694857],[134.503346,33.694791],[134.503484,33.694699],[134.503484,33.694632],[134.503221,33.694432],[134.502809,33.694324],[134.501284,33.694074],[134.500959,33.694116],[134.500934,33.694324],[134.501222,33.694566],[134.501259,33.694657],[134.501197,33.694841],[134.500897,33.694866],[134.500347,33.694816],[134.499847,33.694932],[134.499497,33.695407],[134.499172,33.695516],[134.498547,33.695566],[134.498084,33.695474],[134.497759,33.695266],[134.497584,33.695091],[134.497697,33.694816],[134.497759,33.694366],[134.498022,33.694257],[134.498022,33.694166],[134.497897,33.694074],[134.497311,33.693966],[134.497184,33.694016],[134.496397,33.693766],[134.49621,33.693658],[134.495785,33.693583],[134.495647,33.693674],[134.495372,33.693808],[134.495235,33.693791],[134.495022,33.693674],[134.494922,33.693541],[134.494435,33.693291],[134.494135,33.693041],[134.493622,33.692749],[134.49301,33.692616],[134.492647,33.692683],[134.492497,33.692791],[134.492497,33.692974],[134.492547,33.693133],[134.492647,33.693266],[134.492647,33.693358],[134.492197,33.693333],[134.491872,33.693266],[134.49171,33.693308],[134.491522,33.693308],[134.491273,33.693241],[134.49101,33.693083],[134.490848,33.692858],[134.490798,33.692499],[134.490898,33.692183],[134.49106,33.691941],[134.49136,33.69165],[134.491735,33.691558],[134.49196,33.69145],[134.49196,33.691383],[134.491872,33.691316],[134.491635,33.6912],[134.491472,33.691066],[134.491122,33.69095],[134.490123,33.690775],[134.489798,33.690766],[134.488985,33.69095],[134.488748,33.691033],[134.48856,33.691191],[134.488473,33.69135],[134.488398,33.691416],[134.48796,33.69135],[134.487373,33.69115],[134.487135,33.690991],[134.486973,33.690833],[134.48676,33.690516],[134.486698,33.6902],[134.486785,33.689841],[134.48686,33.689775],[134.487585,33.689375],[134.488323,33.6894],[134.488423,33.689358],[134.48891,33.688842],[134.488885,33.688367],[134.488773,33.688258],[134.488623,33.688208],[134.48851,33.688275],[134.488273,33.688167],[134.488023,33.688117],[134.48776,33.688208],[134.487248,33.688142],[134.487185,33.68805],[134.487298,33.687958],[134.487273,33.687783],[134.487135,33.687667],[134.486835,33.687667],[134.486648,33.687717],[134.486673,33.687533],[134.486873,33.687242],[134.486873,33.687109],[134.48681,33.687042],[134.485705,33.686477],[134.485455,33.686452],[134.485355,33.686502],[134.485192,33.686518],[134.48508,33.686452],[134.484917,33.686252],[134.484611,33.686159],[134.484148,33.686092],[134.483961,33.685984],[134.483798,33.685825],[134.483398,33.685909],[134.483198,33.685892],[134.482886,33.685775],[134.482536,33.686067],[134.482473,33.6862],[134.482211,33.686517],[134.482148,33.686534],[134.481961,33.686467],[134.480399,33.685975],[134.480211,33.685859],[134.479674,33.685434],[134.478974,33.685292],[134.478624,33.685117],[134.478386,33.684917],[134.478199,33.684667],[134.478111,33.684334],[134.478011,33.684109],[134.477661,33.683884],[134.477111,33.683659],[134.477061,33.683584],[134.476761,33.683476],[134.475962,33.683117],[134.475612,33.682843],[134.475262,33.682618],[134.474912,33.682509],[134.474612,33.682351],[134.474474,33.682234],[134.473837,33.682059],[134.473262,33.681851],[134.472912,33.681784],[134.472562,33.681668],[134.472349,33.681651],[134.472299,33.681601],[134.472112,33.681601],[134.471837,33.681534],[134.471275,33.681268],[134.470737,33.681259],[134.470437,33.681218],[134.46915,33.680926],[134.46855,33.680718],[134.468262,33.68056],[134.467662,33.68036],[134.466588,33.680176],[134.466075,33.680151],[134.465638,33.679951],[134.465538,33.679818],[134.46495,33.678826],[134.464513,33.678202],[134.46425,33.677952],[134.463788,33.677618],[134.463013,33.67741],[134.462688,33.67741],[134.462438,33.677343],[134.462088,33.677143],[134.461413,33.676577],[134.461063,33.676377],[134.460401,33.675702],[134.460026,33.675544],[134.459638,33.675452],[134.458751,33.675427],[134.458301,33.67556],[134.458026,33.67556],[134.457814,33.675519],[134.457301,33.675269],[134.456464,33.674702],[134.456251,33.674435],[134.455814,33.674052],[134.455389,33.673511],[134.455114,33.673402],[134.454852,33.673444],[134.454664,33.673536],[134.454364,33.673561],[134.453752,33.673444],[134.453527,33.673327],[134.453202,33.673086],[134.453014,33.672861],[134.452889,33.672477],[134.452589,33.672294],[134.452214,33.671894],[134.452164,33.671619],[134.452239,33.671486],[134.452514,33.671403],[134.452539,33.671311],[134.452452,33.671244],[134.452514,33.671153],[134.452639,33.671128],[134.452864,33.671153],[134.452889,33.671086],[134.452564,33.670953],[134.452302,33.670728],[134.452139,33.670678],[134.452002,33.670678],[134.451727,33.670953],[134.451402,33.671378],[134.451264,33.671669],[134.451077,33.671736],[134.450702,33.671686],[134.450352,33.671577],[134.449952,33.671236],[134.449815,33.670878],[134.449627,33.670694],[134.449365,33.670536],[134.449065,33.670469],[134.448877,33.670469],[134.44879,33.670586],[134.448715,33.670894],[134.448627,33.670944],[134.44809,33.670919],[134.447952,33.671053],[134.447765,33.671094],[134.447527,33.671028],[134.447127,33.670778],[134.447015,33.670603],[134.44694,33.670028],[134.446627,33.669811],[134.446415,33.669719],[134.44614,33.669411],[134.44604,33.669361],[134.44579,33.669361],[134.44544,33.669278],[134.445278,33.669186],[134.444903,33.668803],[134.44449,33.668328],[134.44444,33.668153],[134.444465,33.667928],[134.44444,33.667811],[134.444165,33.66752],[134.444115,33.667386],[134.444065,33.667003],[134.444115,33.666753],[134.44409,33.666487],[134.443928,33.666328],[134.443678,33.666237],[134.443515,33.666078],[134.443353,33.665653],[134.44319,33.66552],[134.443003,33.665495],[134.44284,33.665603],[134.442728,33.665762],[134.442603,33.665787],[134.442378,33.66572],[134.442066,33.665812],[134.441978,33.66592],[134.440628,33.665653],[134.440766,33.66507],[134.440578,33.665028],[134.440441,33.665478],[134.440228,33.665428],[134.440091,33.66532],[134.439741,33.664912],[134.439491,33.664595],[134.439416,33.664287],[134.439491,33.663604],[134.439403,33.663362],[134.439303,33.663229],[134.439241,33.66327],[134.439028,33.663312],[134.438816,33.663204],[134.438566,33.663112],[134.438466,33.663162],[134.438404,33.663245],[134.438441,33.663562],[134.438416,33.663679],[134.438254,33.663904],[134.437866,33.664037],[134.437354,33.664129],[134.437004,33.664129],[134.436491,33.664179],[134.435391,33.664204],[134.435204,33.664154],[134.434954,33.663837],[134.434766,33.663929],[134.434466,33.663929],[134.434042,33.663862],[134.433854,33.663795],[134.433342,33.663437],[134.433117,33.663345],[134.432604,33.66342],[134.432279,33.663395],[134.431854,33.663687],[134.431392,33.663962],[134.430667,33.664095],[134.43013,33.664095],[134.429667,33.664004],[134.428692,33.663512],[134.42853,33.663337],[134.428392,33.662879],[134.428267,33.662704],[134.428205,33.662096],[134.42813,33.662029],[134.42788,33.662096],[134.427642,33.662004],[134.426992,33.661512],[134.426967,33.661154],[134.426905,33.661104],[134.42683,33.661196],[134.426667,33.661196],[134.42653,33.661087],[134.426018,33.660837],[134.42553,33.660679],[134.425293,33.660654],[134.425105,33.660729],[134.425018,33.660887],[134.425155,33.661337],[134.424968,33.661512],[134.42488,33.661671],[134.425293,33.662571],[134.42538,33.663137],[134.425293,33.663295],[134.425105,33.66347],[134.425105,33.663679],[134.424805,33.663945],[134.424843,33.66442],[134.425293,33.663995],[134.425455,33.664079],[134.425968,33.664487],[134.426292,33.664845],[134.425405,33.665254],[134.425218,33.66507],[134.423143,33.665912],[134.422843,33.665595],[134.421868,33.665937],[134.421281,33.666028],[134.420681,33.666045],[134.420043,33.666003],[134.418906,33.665762],[134.418368,33.665487],[134.417981,33.665104],[134.417881,33.664879],[134.417881,33.664795],[134.418368,33.66477],[134.418331,33.663129],[134.417581,33.663129],[134.417581,33.662654],[134.418331,33.662654],[134.418331,33.662221],[134.417631,33.662204],[134.417894,33.662137],[134.417844,33.661771],[134.417919,33.661479],[134.418081,33.661346],[134.418193,33.661346],[134.418193,33.661229],[134.418306,33.661162],[134.418268,33.661096],[134.417894,33.661004],[134.417781,33.660829],[134.417406,33.660788],[134.417106,33.660629],[134.416794,33.660696],[134.416544,33.660496],[134.416381,33.660271],[134.416269,33.659838],[134.416331,33.659454],[134.416406,33.659363],[134.416681,33.659279],[134.416944,33.658963],[134.417319,33.658804],[134.417356,33.658776],[134.417344,33.658754],[134.417319,33.658555],[134.417381,33.658421],[134.417431,33.658196],[134.417506,33.657655],[134.417456,33.657471],[134.417481,33.657246],[134.417456,33.657021],[134.417369,33.656838],[134.417369,33.656771],[134.417231,33.656638],[134.417106,33.656571],[134.416619,33.656555],[134.415644,33.656122],[134.414406,33.655563],[134.414019,33.655313],[134.413994,33.654955],[134.413919,33.654888],[134.413507,33.654938],[134.412994,33.654847],[134.412644,33.65473],[134.412132,33.654488],[134.411994,33.654372],[134.411694,33.654238],[134.411019,33.654305],[134.410319,33.65438],[134.410132,33.65438],[134.409944,33.654447],[134.410007,33.654988],[134.410107,33.655188],[134.410194,33.655572],[134.410107,33.655838],[134.409944,33.656088],[134.409632,33.656288],[134.409407,33.65638],[134.409195,33.65643],[134.408707,33.656455],[134.40857,33.656388],[134.407932,33.655938],[134.40782,33.655938],[134.407682,33.656005],[134.407632,33.656205],[134.40752,33.65623],[134.407545,33.656405],[134.40752,33.65648],[134.40742,33.656497],[134.407232,33.65668],[134.407257,33.656721],[134.407195,33.657038],[134.40707,33.657196],[134.40712,33.65738],[134.406932,33.657471],[134.406907,33.657605],[134.406932,33.657646],[134.406795,33.657763],[134.406632,33.657805],[134.406395,33.65783],[134.405907,33.657763],[134.405857,33.657963],[134.40567,33.658171],[134.40572,33.658555],[134.405607,33.659271],[134.405645,33.659363],[134.405507,33.659471],[134.404833,33.659904],[134.40462,33.659946],[134.404595,33.659929],[134.403645,33.660021],[134.403458,33.659996],[134.403108,33.660021],[134.402533,33.659996],[134.402183,33.659863],[134.401995,33.659729],[134.401595,33.659346],[134.40157,33.659238],[134.401883,33.658738],[134.40192,33.658621],[134.401883,33.65838],[134.401595,33.658313],[134.401345,33.658313],[134.401158,33.658263],[134.40092,33.658038],[134.400783,33.657838],[134.40062,33.65748],[134.400458,33.656963],[134.400345,33.656597],[134.40037,33.656305],[134.400045,33.656063],[134.399908,33.655838],[134.399808,33.655772],[134.399646,33.655788],[134.399346,33.656288],[134.398946,33.656855],[134.398696,33.656938],[134.398508,33.65708],[134.398408,33.657096],[134.398058,33.657121],[134.397921,33.657171],[134.397783,33.65728],[134.397058,33.656921],[134.396671,33.656538],[134.395996,33.656222],[134.395733,33.656047],[134.395246,33.655147],[134.395183,33.654922],[134.395108,33.654288],[134.395208,33.65413],[134.395671,33.653722],[134.396558,33.653364],[134.396583,33.652872],[134.396721,33.65273],[134.396808,33.65253],[134.396696,33.652397],[134.396283,33.652347],[134.396233,33.652105],[134.396371,33.652014],[134.396446,33.651855],[134.396421,33.651672],[134.396446,33.65163],[134.396583,33.651564],[134.396746,33.651539],[134.396833,33.651497],[134.396908,33.651422],[134.396796,33.651131],[134.396608,33.650889],[134.396496,33.650439],[134.396258,33.650147],[134.396046,33.650006],[134.395696,33.649989],[134.395396,33.650097],[134.395146,33.650306],[134.395071,33.650481],[134.395071,33.650547],[134.394809,33.650822],[134.394534,33.650847],[134.394209,33.650797],[134.393971,33.650714],[134.393884,33.650572],[134.393646,33.650464],[134.393484,33.650506],[134.393396,33.650714],[134.393259,33.650847],[134.393071,33.650847],[134.392621,33.650806],[134.392134,33.650781],[134.391809,33.650397],[134.391696,33.650356],[134.391484,33.650447],[134.391434,33.650647],[134.391321,33.650847],[134.390921,33.650989],[134.390534,33.650989],[134.390321,33.650939],[134.390184,33.650872],[134.390109,33.650789],[134.390022,33.650489],[134.389834,33.650514],[134.389547,33.650514],[134.389322,33.650472],[134.389222,33.650381],[134.388922,33.649931],[134.388859,33.649522],[134.388972,33.649139],[134.389084,33.649056],[134.389272,33.648981],[134.389434,33.648981],[134.389759,33.648806],[134.389809,33.648806],[134.390234,33.648914],[134.390346,33.648914],[134.390421,33.648822],[134.390771,33.648148],[134.390909,33.648039],[134.391121,33.647964],[134.391584,33.647964],[134.391609,33.647948],[134.391484,33.647856],[134.391184,33.647764],[134.390959,33.647498],[134.390859,33.647473],[134.390609,33.647498],[134.390209,33.647656],[134.389909,33.647814],[134.389234,33.648014],[134.388947,33.647998],[134.388559,33.647906],[134.388322,33.647789],[134.387884,33.647414],[134.387397,33.646756],[134.387272,33.646714],[134.386922,33.646448],[134.386597,33.646015],[134.386397,33.645456],[134.386422,33.645006],[134.386509,33.644798],[134.386622,33.644756],[134.386884,33.644731],[134.387347,33.644798],[134.387397,33.644706],[134.387372,33.644531],[134.387484,33.644281],[134.387397,33.644031],[134.387259,33.64394],[134.386909,33.643648],[134.386722,33.643565],[134.386122,33.643498],[134.385972,33.643382],[134.385909,33.643248],[134.385697,33.643065],[134.38551,33.642482],[134.385285,33.64199],[134.38531,33.641673],[134.385285,33.641557],[134.385185,33.641473],[134.385072,33.64149],[134.384672,33.641448],[134.384022,33.641565],[134.383972,33.641515],[134.383672,33.64134],[134.383135,33.641273],[134.382722,33.641157],[134.382535,33.641048],[134.38216,33.640549],[134.381972,33.640149],[134.38186,33.640057],[134.381535,33.63999],[134.38081,33.639924],[134.379648,33.639882],[134.37941,33.639832],[134.37911,33.639724],[134.378598,33.639315],[134.378023,33.638732],[134.37786,33.638466],[134.37776,33.638349],[134.377648,33.638082],[134.37776,33.637857],[134.377723,33.637724],[134.377348,33.637541],[134.376948,33.637274],[134.376511,33.636957],[134.376348,33.636624],[134.376323,33.636466],[134.376186,33.636149],[134.376211,33.636099],[134.376161,33.635966],[134.375973,33.635924],[134.374898,33.635858],[134.375298,33.634799],[134.375536,33.634908],[134.375698,33.634933],[134.375861,33.634799],[134.376586,33.634733],[134.376835,33.634499],[134.37691,33.634483],[134.377023,33.634366],[134.377135,33.634324],[134.377423,33.634274],[134.37756,33.633983],[134.37751,33.633758],[134.377348,33.633666],[134.37726,33.633508],[134.377448,33.633283],[134.377473,33.6332],[134.377285,33.632925],[134.377235,33.632725],[134.377073,33.632633],[134.376773,33.6327],[134.376373,33.632658],[134.375811,33.632475],[134.375261,33.63225],[134.375186,33.632075],[134.375023,33.631941],[134.374623,33.631916],[134.374261,33.631966],[134.374211,33.632008],[134.374186,33.632141],[134.374348,33.632325],[134.374486,33.632366],[134.374561,33.632433],[134.374623,33.632683],[134.374598,33.633475],[134.374511,33.633716],[134.374273,33.633633],[134.373598,33.633541],[134.373348,33.633566],[134.373136,33.633633],[134.372861,33.633675],[134.372736,33.633766],[134.372324,33.634215],[134.372111,33.634383],[134.371661,33.634383],[134.371274,33.634291],[134.370779,33.63451],[134.370449,33.634649],[134.369986,33.634383],[134.370011,33.634133],[134.369411,33.633816],[134.368899,33.633483],[134.368549,33.632983],[134.368411,33.63265],[134.368436,33.632241],[134.368661,33.631925],[134.368711,33.6315],[134.368899,33.631167],[134.369224,33.630942],[134.369786,33.630825],[134.370186,33.630717],[134.370436,33.630492],[134.370411,33.6304],[134.370024,33.630125],[134.369736,33.630017],[134.369386,33.630108],[134.368836,33.630308],[134.368624,33.630558],[134.368411,33.630983],[134.368361,33.631025],[134.368361,33.631117],[134.367412,33.6311],[134.367199,33.631275],[134.366037,33.630375],[134.366687,33.6293],[134.363662,33.628825],[134.363624,33.628867],[134.363274,33.628825],[134.362987,33.6286],[134.362787,33.6284],[134.362625,33.628334],[134.362475,33.628125],[134.362437,33.627975],[134.3625,33.627542],[134.362462,33.62745],[134.3625,33.627159],[134.362337,33.627184],[134.362362,33.626801],[134.362512,33.625792],[134.362387,33.625701],[134.362575,33.625067],[134.363112,33.625117],[134.363787,33.625226],[134.364274,33.625276],[134.364462,33.624709],[134.364512,33.624351],[134.364724,33.624284],[134.365349,33.624234],[134.365537,33.624326],[134.365837,33.624667],[134.366162,33.624801],[134.367287,33.624959],[134.368799,33.625092],[134.369236,33.625092],[134.369911,33.624909],[134.370374,33.624684],[134.370774,33.624367],[134.371336,33.624034],[134.371499,33.624034],[134.371661,33.624142],[134.372261,33.624326],[134.372336,33.624284],[134.372473,33.624284],[134.372636,33.624192],[134.372748,33.624242],[134.373073,33.624284],[134.373261,33.624576],[134.373361,33.624642],[134.373523,33.624692],[134.373661,33.624667],[134.373773,33.624484],[134.373798,33.624509],[134.374036,33.624442],[134.374223,33.624351],[134.375548,33.623876],[134.375686,33.623876],[134.375873,33.623834],[134.376298,33.624167],[134.376648,33.624117],[134.376848,33.624034],[134.37716,33.624076],[134.377323,33.624117],[134.377673,33.624342],[134.37806,33.624701],[134.378273,33.624634],[134.378735,33.624609],[134.378898,33.624659],[134.378998,33.624751],[134.379135,33.624976],[134.379323,33.624884],[134.37946,33.625042],[134.379485,33.625151],[134.379573,33.625201],[134.379698,33.625351],[134.379923,33.625401],[134.380997,33.625284],[134.381697,33.625101],[134.381972,33.624942],[134.382135,33.624942],[134.382347,33.625059],[134.38291,33.625126],[134.38326,33.624917],[134.383472,33.624984],[134.383635,33.624901],[134.383797,33.624942],[134.384185,33.624917],[134.384335,33.624826],[134.384624,33.624529],[134.384685,33.624559],[134.38501,33.624492],[134.385634,33.624442],[134.386497,33.624467],[134.387009,33.624601],[134.387359,33.624601],[134.387822,33.624484],[134.388272,33.624234],[134.388734,33.623692],[134.388947,33.623467],[134.389034,33.623517],[134.389297,33.623442],[134.389672,33.623442],[134.389872,33.623351],[134.389897,33.623284],[134.389759,33.623201],[134.389597,33.623176],[134.389484,33.623042],[134.389434,33.622767],[134.389434,33.622517],[134.389534,33.622276],[134.389647,33.622184],[134.389297,33.622001],[134.389272,33.621776],[134.389434,33.621534],[134.389372,33.621418],[134.389272,33.621376],[134.389059,33.621351],[134.388972,33.621084],[134.388572,33.620584],[134.388572,33.620476],[134.388209,33.620201],[134.388209,33.620118],[134.388434,33.61971],[134.388372,33.619551],[134.388184,33.619393],[134.388022,33.619393],[134.387784,33.619285],[134.387622,33.61926],[134.387484,33.619301],[134.387322,33.619326],[134.387159,33.619535],[134.387022,33.619618],[134.386997,33.619776],[134.387059,33.620093],[134.386947,33.620209],[134.386759,33.620143],[134.386622,33.619934],[134.386597,33.61971],[134.386434,33.619376],[134.386322,33.619285],[134.386159,33.619218],[134.385897,33.619443],[134.385759,33.619485],[134.385522,33.61976],[134.385172,33.620009],[134.385085,33.619943],[134.384897,33.61956],[134.38471,33.619376],[134.383985,33.619043],[134.38331,33.618818],[134.383197,33.618726],[134.383272,33.618635],[134.38376,33.61841],[134.383822,33.618276],[134.383897,33.61821],[134.383922,33.618051],[134.383847,33.617935],[134.38371,33.617868],[134.38336,33.617826],[134.383272,33.617643],[134.383172,33.617352],[134.38301,33.617193],[134.382785,33.616835],[134.382785,33.616702],[134.383085,33.616677],[134.383272,33.616635],[134.383385,33.616477],[134.38341,33.616293],[134.38336,33.616252],[134.38306,33.616118],[134.382785,33.615893],[134.382522,33.615777],[134.382385,33.615752],[134.382297,33.615685],[134.382297,33.615485],[134.38236,33.615418],[134.382597,33.615285],[134.38306,33.615168],[134.383222,33.615102],[134.383297,33.61501],[134.383485,33.614902],[134.383535,33.614785],[134.383485,33.614694],[134.383297,33.614585],[134.382972,33.614494],[134.382922,33.614427],[134.382897,33.614177],[134.38241,33.61416],[134.382247,33.614069],[134.382085,33.614019],[134.381785,33.61411],[134.381547,33.613977],[134.38106,33.613644],[134.380922,33.613594],[134.380735,33.613619],[134.380385,33.613894],[134.380272,33.613935],[134.380173,33.613894],[134.380085,33.613802],[134.380085,33.613735],[134.380035,33.613235],[134.37976,33.612994],[134.37966,33.612969],[134.379498,33.613035],[134.378948,33.612702],[134.378848,33.612835],[134.37876,33.61286],[134.378498,33.61286],[134.378223,33.613085],[134.378173,33.61306],[134.377848,33.61311],[134.37766,33.613244],[134.377629,33.613292],[134.372324,33.610209],[134.372248,33.610178],[134.372061,33.610111],[134.370461,33.608919],[134.369899,33.608403],[134.368436,33.606828],[134.366811,33.605237],[134.365761,33.603837],[134.364599,33.60247],[134.363974,33.601637],[134.363387,33.600762],[134.362512,33.599187],[134.361999,33.597679],[134.361649,33.596871],[134.361562,33.596554],[134.361649,33.596104],[134.361699,33.595988],[134.362212,33.594929],[134.362499,33.594396],[134.362287,33.594346],[134.362149,33.593963],[134.362199,33.593113],[134.362524,33.592638],[134.362962,33.59248],[134.363012,33.592438],[134.362687,33.592346],[134.362124,33.592413],[134.361749,33.592638],[134.361637,33.592663],[134.361399,33.592863],[134.361012,33.592838],[134.360962,33.592863],[134.360862,33.594238],[134.360212,33.594305],[134.360124,33.594013],[134.359987,33.593088],[134.359749,33.593046],[134.359637,33.592821],[134.359662,33.592755],[134.360049,33.592613],[134.360474,33.592388],[134.360662,33.592255],[134.360637,33.592213],[134.360424,33.592238],[134.360124,33.592321],[134.360099,33.592305],[134.360312,33.591872],[134.360562,33.591788],[134.360799,33.59203],[134.361587,33.59208],[134.362962,33.592013],[134.363124,33.591963],[134.363761,33.591605],[134.363899,33.591563],[134.364274,33.591605],[134.364361,33.59158],[134.364249,33.59138],[134.364486,33.590997],[134.363974,33.590888],[134.363736,33.590522],[134.364111,33.590097],[134.364249,33.590097],[134.364436,33.590005],[134.364461,33.58983],[134.364574,33.589738],[134.363949,33.589422],[134.364061,33.589313],[134.363811,33.589064],[134.363836,33.588722],[134.363461,33.588614],[134.363136,33.588772],[134.362974,33.588705],[134.362624,33.588322],[134.362649,33.588005],[134.361899,33.588055],[134.361649,33.58803],[134.361087,33.587714],[134.360437,33.587622],[134.359849,33.58758],[134.359574,33.587489],[134.358849,33.58733],[134.357962,33.587289],[134.356262,33.587264],[134.355425,33.587222],[134.354562,33.587222],[134.354287,33.587105],[134.353612,33.586705],[134.3532,33.586389],[134.352825,33.586256],[134.351912,33.586139],[134.351375,33.585981],[134.351075,33.586089],[134.350538,33.586139],[134.349375,33.585864],[134.3493,33.585822],[134.34755,33.585597],[134.3466,33.585431],[134.3465,33.585389],[134.346388,33.585072],[134.345951,33.585231],[134.345763,33.584914],[134.345101,33.584914],[134.344501,33.584956],[134.344288,33.585364],[134.344176,33.585364],[134.344076,33.585297],[134.343613,33.585272],[134.343288,33.585231],[134.343076,33.585314],[134.342126,33.585047],[134.341839,33.584997],[134.341326,33.585089],[134.340814,33.585022],[134.340726,33.584997],[134.340164,33.585605],[134.340089,33.585697],[134.339864,33.585739],[134.339726,33.585722],[134.339764,33.58563],[134.339701,33.585247],[134.339626,33.585131],[134.339139,33.585022],[134.338739,33.584997],[134.338627,33.585022],[134.338439,33.585222],[134.338652,33.585605],[134.338627,33.585722],[134.338114,33.585722],[134.337852,33.585564],[134.337664,33.585089],[134.337414,33.584972],[134.337364,33.585039],[134.337277,33.585405],[134.337227,33.585489],[134.337014,33.585514],[134.336764,33.58538],[134.336714,33.585105],[134.336452,33.584997],[134.335989,33.584972],[134.335939,33.584947],[134.335877,33.585172],[134.335827,33.585222],[134.335664,33.585239],[134.335639,33.584972],[134.335452,33.584839],[134.33534,33.584905],[134.335127,33.585222],[134.334827,33.585289],[134.33454,33.584947],[134.334477,33.584947],[134.334452,33.584905],[134.333802,33.585105],[134.333327,33.58488],[134.332702,33.584672],[134.33249,33.584539],[134.33214,33.584206],[134.331865,33.583481],[134.331815,33.583139],[134.331952,33.582672],[134.332115,33.582489],[134.332377,33.582289],[134.333627,33.581548],[134.333815,33.581406],[134.334165,33.581656],[134.334452,33.581773],[134.33524,33.582222],[134.335689,33.582447],[134.336264,33.582564],[134.336614,33.582831],[134.337389,33.582881],[134.338252,33.582831],[134.338902,33.583014],[134.339364,33.583014],[134.339876,33.582947],[134.340251,33.582947],[134.340976,33.583331],[134.341351,33.583356],[134.341489,33.583331],[134.341626,33.583539],[134.341976,33.583539],[134.342264,33.583472],[134.342614,33.583472],[134.342839,33.583514],[134.343701,33.583422],[134.344051,33.583606],[134.344313,33.583722],[134.344563,33.583764],[134.344663,33.583722],[134.345038,33.583831],[134.345613,33.583739],[134.346151,33.583747],[134.346601,33.583589],[134.346688,33.583606],[134.346875,33.583747],[134.347113,33.583831],[134.347763,33.583814],[134.349063,33.583772],[134.349138,33.583722],[134.34965,33.583772],[134.349838,33.583747],[134.350325,33.583614],[134.35075,33.583564],[134.351213,33.583456],[134.351563,33.583523],[134.351675,33.583572],[134.35215,33.583614],[134.3531,33.583364],[134.353562,33.583523],[134.354612,33.583481],[134.354962,33.583323],[134.355087,33.582989],[134.3562,33.582648],[134.356975,33.582489],[134.357437,33.582314],[134.357712,33.582114],[134.358112,33.582131],[134.358374,33.582114],[134.358674,33.582181],[134.359049,33.582048],[134.359112,33.581839],[134.359462,33.581639],[134.360537,33.581414],[134.361024,33.581348],[134.361512,33.581214],[134.361799,33.581031],[134.362074,33.580806],[134.362399,33.580856],[134.362687,33.580806],[134.362724,33.580764],[134.362662,33.580673],[134.362962,33.580565],[134.363336,33.58054],[134.363686,33.580565],[134.363774,33.580515],[134.363611,33.580198],[134.363286,33.58029],[134.362962,33.580315],[134.363012,33.580131],[134.362849,33.580065],[134.362824,33.579998],[134.362637,33.579881],[134.362287,33.579773],[134.361999,33.579748],[134.361912,33.579773],[134.361049,33.579565],[134.361099,33.57934],[134.360862,33.579248],[134.360699,33.579323],[134.360324,33.57939],[134.359349,33.579456],[134.358924,33.579381],[134.358574,33.579381],[134.358487,33.579365],[134.358549,33.579365],[134.358599,33.579248],[134.358574,33.579223],[134.358324,33.579223],[134.358112,33.579448],[134.358037,33.579431],[134.357974,33.579365],[134.357625,33.579206],[134.357362,33.579156],[134.357275,33.578998],[134.357175,33.578998],[134.357112,33.57889],[134.3569,33.578773],[134.35685,33.578773],[134.3566,33.578906],[134.356475,33.578906],[134.35575,33.578706],[134.355337,33.578656],[134.355362,33.578573],[134.354937,33.57859],[134.354825,33.578656],[134.354537,33.578565],[134.354025,33.578523],[134.352862,33.578631],[134.352513,33.578565],[134.35227,33.578244],[134.352157,33.578203],[134.351975,33.578498],[134.351538,33.57854],[134.351275,33.578681],[134.35095,33.578765],[134.349225,33.578723],[134.348625,33.57879],[134.34825,33.578923],[134.3478,33.578923],[134.347413,33.578831],[134.346688,33.578765],[134.346151,33.578673],[134.345726,33.578673],[134.345263,33.578623],[134.344613,33.578465],[134.344026,33.578373],[134.343439,33.578398],[134.343051,33.578306],[134.342726,33.578173],[134.342326,33.578356],[134.340276,33.578106],[134.339064,33.578165],[134.337827,33.578456],[134.337377,33.578481],[134.336827,33.578665],[134.336727,33.578731],[134.336402,33.578681],[134.334727,33.579156],[134.333977,33.579314],[134.333627,33.579381],[134.33309,33.579698],[134.33309,33.579764],[134.332977,33.579898],[134.331677,33.580598],[134.33109,33.580981],[134.329553,33.582081],[134.329065,33.582189],[134.32834,33.582056],[134.327178,33.581672],[134.325966,33.581289],[134.325241,33.581264],[134.324678,33.581147],[134.323816,33.580748],[134.323578,33.580723],[134.322841,33.581239],[134.322766,33.581372],[134.322879,33.581597],[134.322953,33.581597],[134.323141,33.581714],[134.323091,33.581806],[134.322766,33.582097],[134.322391,33.582522],[134.321954,33.582681],[134.321816,33.582706],[134.321279,33.582706],[134.318779,33.582181],[134.318179,33.582022],[134.317729,33.581822],[134.317129,33.581139],[134.316942,33.580531],[134.316917,33.580131],[134.317004,33.579723],[134.317217,33.579406],[134.317567,33.579248],[134.318429,33.579181],[134.318754,33.579206],[134.318991,33.579023],[134.318804,33.578731],[134.318941,33.578398],[134.319054,33.578306],[134.319266,33.578239],[134.319704,33.578331],[134.319891,33.578214],[134.319754,33.578081],[134.319479,33.577965],[134.319616,33.577881],[134.319616,33.577831],[134.319316,33.57779],[134.319291,33.577565],[134.319191,33.57749],[134.318941,33.577581],[134.318354,33.577315],[134.317542,33.57704],[134.317492,33.576881],[134.317254,33.576656],[134.317142,33.576656],[134.316954,33.57679],[134.316979,33.576881],[134.316192,33.576698],[134.316167,33.576631],[134.315954,33.576498],[134.315792,33.576473],[134.314904,33.57659],[134.314742,33.576656],[134.313879,33.57654],[134.313692,33.57674],[134.313554,33.576973],[134.313254,33.577306],[134.313104,33.577598],[134.312805,33.577623],[134.31213,33.577398],[134.311992,33.577331],[134.311342,33.576715],[134.311317,33.576515],[134.311405,33.576406],[134.31178,33.576315],[134.312317,33.576406],[134.31248,33.576381],[134.312405,33.576181],[134.312267,33.575998],[134.311805,33.575998],[134.311355,33.576223],[134.311267,33.576248],[134.31108,33.576156],[134.310892,33.575415],[134.310517,33.575048],[134.310405,33.574757],[134.310005,33.574148],[134.309605,33.573182],[134.309417,33.572932],[134.30923,33.57259],[134.309167,33.57239],[134.30893,33.572007],[134.308767,33.571574],[134.308767,33.571332],[134.30893,33.570607],[134.308767,33.569549],[134.308667,33.569349],[134.308555,33.569257],[134.308342,33.568874],[134.308267,33.568216],[134.308242,33.567449],[134.30848,33.565174],[134.308642,33.564024],[134.30873,33.563691],[134.309105,33.563216],[134.309455,33.562991],[134.309855,33.562808],[134.310342,33.5629],[134.310805,33.563041],[134.310905,33.562991],[134.310755,33.562883],[134.309755,33.562633],[134.309592,33.562491],[134.309455,33.562425],[134.309105,33.562408],[134.308492,33.56225],[134.308405,33.5622],[134.308405,33.562041],[134.30833,33.562016],[134.308005,33.562041],[134.306955,33.562225],[134.30693,33.561683],[134.306955,33.561433],[134.308917,33.561075],[134.309867,33.560917],[134.31003,33.561258],[134.31043,33.561508],[134.31078,33.561616],[134.31118,33.561683],[134.311455,33.561575],[134.311455,33.56135],[134.311367,33.561075],[134.311367,33.560917],[134.311742,33.5609],[134.311942,33.560967],[134.31218,33.561616],[134.31258,33.561683],[134.31288,33.561666],[134.31328,33.561283],[134.313467,33.561125],[134.313467,33.560833],[134.313342,33.56065],[134.313255,33.56065],[134.31293,33.560558],[134.312742,33.560467],[134.312617,33.560292],[134.312805,33.559233],[134.313092,33.559075],[134.313317,33.558892],[134.313392,33.558642],[134.313417,33.558017],[134.313367,33.557409],[134.313392,33.557317],[134.313317,33.557225],[134.313052,33.557254],[134.31288,33.55725],[134.312855,33.5568],[134.312617,33.556417],[134.312667,33.556209],[134.312892,33.556192],[134.313367,33.556775],[134.313717,33.556684],[134.313905,33.556734],[134.314155,33.557184],[134.314442,33.557475],[134.314742,33.5575],[134.314792,33.557817],[134.314742,33.557925],[134.314717,33.558267],[134.314817,33.558442],[134.315279,33.558359],[134.315767,33.5582],[134.316142,33.557975],[134.316817,33.557792],[134.317092,33.557475],[134.317329,33.557384],[134.317354,33.557234],[134.317767,33.557075],[134.317867,33.556825],[134.317729,33.5566],[134.317167,33.556034],[134.317279,33.555859],[134.317379,33.555834],[134.317979,33.555876],[134.318654,33.555876],[134.319217,33.555926],[134.319567,33.555834],[134.319804,33.555609],[134.319917,33.555184],[134.319892,33.555092],[134.318729,33.554817],[134.318567,33.554751],[134.318092,33.554642],[134.317954,33.554642],[134.317717,33.554367],[134.317117,33.554276],[134.316717,33.554142],[134.316554,33.554117],[134.315992,33.553917],[134.315954,33.553867],[134.316117,33.553709],[134.316179,33.553376],[134.315717,33.552859],[134.315667,33.552743],[134.315692,33.552334],[134.316229,33.551659],[134.315855,33.551143],[134.315317,33.550868],[134.31483,33.550868],[134.314267,33.550485],[134.31408,33.550126],[134.31378,33.54986],[134.313617,33.549626],[134.31373,33.549135],[134.313867,33.548951],[134.314592,33.548818],[134.314892,33.548685],[134.315217,33.548418],[134.315517,33.548102],[134.315517,33.54801],[134.315405,33.547852],[134.315405,33.547335],[134.31533,33.54706],[134.315055,33.546677],[134.314917,33.546319],[134.314467,33.54591],[134.314005,33.545685],[134.313767,33.545619],[134.313117,33.545552],[134.312605,33.545527],[134.312017,33.545685],[134.311605,33.54566],[134.311255,33.545844],[134.31093,33.546135],[134.310805,33.546202],[134.309693,33.546152],[134.309555,33.546177],[134.308505,33.546602],[134.308055,33.54676],[134.307805,33.547035],[134.30768,33.547077],[134.30768,33.547302],[134.307805,33.547752],[134.307943,33.548793],[134.30813,33.549035],[134.308618,33.54911],[134.308618,33.549601],[134.308393,33.549943],[134.308018,33.550168],[134.307568,33.550276],[134.306893,33.550168],[134.306168,33.549918],[134.30608,33.549576],[134.305918,33.549393],[134.305731,33.548676],[134.305681,33.548701],[134.305243,33.54906],[134.305168,33.549285],[134.305218,33.549693],[134.305493,33.550026],[134.305518,33.550251],[134.305406,33.550501],[134.305268,33.551043],[134.304893,33.552034],[134.304843,33.552593],[134.304943,33.552617],[134.305193,33.552751],[134.305355,33.552776],[134.30583,33.552776],[134.306293,33.552842],[134.30653,33.552934],[134.30683,33.553226],[134.306855,33.553609],[134.306593,33.553834],[134.306155,33.553884],[134.305593,33.553884],[134.30513,33.553834],[134.30483,33.553884],[134.304618,33.553951],[134.304131,33.554017],[134.303706,33.554017],[134.303406,33.554084],[134.303143,33.554192],[134.302443,33.554667],[134.301956,33.554892],[134.300931,33.555209],[134.300656,33.55525],[134.300556,33.555225],[134.300231,33.554984],[134.299956,33.554551],[134.299981,33.554284],[134.300231,33.553967],[134.300018,33.553834],[134.299481,33.553692],[134.298906,33.553667],[134.297344,33.553534],[134.296406,33.553192],[134.296381,33.553309],[134.296431,33.554076],[134.296619,33.55495],[134.296856,33.555475],[134.297044,33.555967],[134.296994,33.556325],[134.296919,33.556575],[134.296594,33.557],[134.295694,33.557767],[134.295081,33.557817],[134.293656,33.557742],[134.293169,33.557767],[134.292119,33.557992],[134.291707,33.558125],[134.291144,33.558192],[134.290582,33.558167],[134.289957,33.558192],[134.289532,33.558258],[134.289344,33.558375],[134.288744,33.559342],[134.288394,33.559542],[134.287507,33.559792],[134.286807,33.559858],[134.28632,33.559858],[134.286157,33.559875],[134.284682,33.559675],[134.283658,33.559767],[134.283083,33.559875],[134.282733,33.560483],[134.281845,33.560975],[134.28152,33.561066],[134.281308,33.561],[134.280795,33.560658],[134.28072,33.56055],[134.280345,33.560416],[134.279933,33.560458],[134.27937,33.5605],[134.279071,33.560341],[134.278858,33.559983],[134.278758,33.559691],[134.278408,33.559483],[134.277971,33.559625],[134.277483,33.559825],[134.275521,33.560341],[134.273821,33.560633],[134.273609,33.560583],[134.273496,33.560266],[134.273096,33.55955],[134.272284,33.558875],[134.271646,33.558442],[134.270834,33.55765],[134.270671,33.557267],[134.270622,33.556883],[134.270709,33.556258],[134.270871,33.555717],[134.270847,33.555375],[134.270522,33.555034],[134.270109,33.555017],[134.269709,33.5551],[134.269222,33.555309],[134.268822,33.555534],[134.267909,33.555917],[134.267422,33.556092],[134.265185,33.556292],[134.26446,33.55645],[134.263297,33.556492],[134.26286,33.556558],[134.262547,33.556675],[134.262297,33.556808],[134.262222,33.556742],[134.26171,33.555725],[134.261335,33.55525],[134.260773,33.554775],[134.260685,33.554642],[134.260148,33.554234],[134.259635,33.553992],[134.259098,33.553675],[134.258535,33.553425],[134.257973,33.553217],[134.257398,33.553442],[134.257023,33.553442],[134.256035,33.553309],[134.255298,33.553176],[134.254898,33.553126],[134.254336,33.553017],[134.253423,33.552942],[134.252473,33.552926],[134.251748,33.552809],[134.250861,33.553034],[134.250486,33.553076],[134.250048,33.553034],[134.249623,33.552876],[134.249299,33.552851],[134.249186,33.552876],[134.248974,33.553167],[134.248886,33.553459],[134.248674,33.553801],[134.248374,33.553909],[134.247924,33.553976],[134.247674,33.554042],[134.247286,33.554126],[134.245886,33.554492],[134.245699,33.554584],[134.245399,33.555101],[134.244986,33.555142],[134.244874,33.555192],[134.244624,33.555484],[134.244249,33.555642],[134.243911,33.555734],[134.243336,33.555984],[134.241849,33.556159],[134.241299,33.556275],[134.241187,33.556275],[134.240912,33.554792],[134.240799,33.554451],[134.240199,33.553751],[134.239287,33.553434],[134.238462,33.552992],[134.238162,33.552651],[134.237862,33.552176],[134.237587,33.552017],[134.237562,33.552159],[134.237674,33.552742],[134.237587,33.553351],[134.237174,33.553909],[134.235499,33.554592],[134.234762,33.554659],[134.234399,33.554792],[134.234287,33.554925],[134.233937,33.555225],[134.233162,33.555425],[134.232362,33.555675],[134.2319,33.555859],[134.23155,33.556259],[134.230962,33.556642],[134.230862,33.556983],[134.230062,33.55755],[134.2299,33.557775],[134.229487,33.558042],[134.22885,33.559233],[134.2288,33.559691],[134.228912,33.560116],[134.228887,33.560683],[134.228612,33.5612],[134.228088,33.561649],[134.227563,33.562191],[134.22705,33.562824],[134.226713,33.563066],[134.226525,33.563116],[134.2249,33.563233],[134.224488,33.563408],[134.223588,33.564516],[134.22345,33.564582],[134.2229,33.564607],[134.22235,33.564766],[134.222013,33.565374],[134.2216,33.565774],[134.220226,33.566924],[134.219713,33.566999],[134.219163,33.56724],[134.218588,33.567624],[134.218338,33.567715],[134.217726,33.567715],[134.217126,33.567582],[134.216276,33.56754],[134.214013,33.567157],[134.212776,33.567024],[134.211739,33.567007],[134.211676,33.567024],[134.211301,33.566532],[134.210801,33.566082],[134.210089,33.565807],[134.208789,33.565815],[134.208276,33.565607],[134.207176,33.56554],[134.206789,33.565274],[134.206564,33.565007],[134.206126,33.564982],[134.205851,33.564849],[134.205576,33.564557],[134.205102,33.564332],[134.204277,33.56424],[134.203127,33.563249],[134.202552,33.562982],[134.202389,33.562616],[134.202252,33.562482],[134.201589,33.562257],[134.200839,33.562082],[134.200077,33.562082],[134.199364,33.561991],[134.19779,33.561382],[134.196065,33.560849],[134.195865,33.560757],[134.194852,33.561316],[134.19449,33.561432],[134.193252,33.561707],[134.193177,33.562174],[134.193227,33.56274],[134.193777,33.563549],[134.193777,33.563774],[134.19389,33.564923],[134.194215,33.565148],[134.194915,33.565465],[134.195377,33.565915],[134.195565,33.566498],[134.195402,33.567132],[134.195377,33.567673],[134.19544,33.568256],[134.195302,33.568756],[134.19489,33.569298],[134.194115,33.570156],[134.193765,33.570848],[134.193628,33.571373],[134.19354,33.571548],[134.193103,33.572139],[134.192803,33.572764],[134.192665,33.573464],[134.192503,33.573964],[134.192028,33.574297],[134.191403,33.574639],[134.191203,33.574681],[134.190403,33.574531],[134.189665,33.574464],[134.189003,33.574731],[134.188728,33.575206],[134.188316,33.575522],[134.187741,33.575747],[134.187441,33.576672],[134.186953,33.578988],[134.187003,33.579422],[134.187253,33.579672],[134.187666,33.579872],[134.188491,33.580997],[134.188566,33.581221],[134.188578,33.58163],[134.187616,33.582488],[134.187391,33.582955],[134.187141,33.583271],[134.186653,33.583788],[134.186403,33.584379],[134.185878,33.584896],[134.185666,33.585396],[134.185353,33.586296],[134.185278,33.586704],[134.185253,33.586937],[134.184953,33.587254],[134.184803,33.587587],[134.184803,33.587796],[134.184903,33.588379],[134.184716,33.588721],[134.184154,33.589104],[134.183779,33.589579],[134.182704,33.59032],[134.182316,33.590679],[134.181779,33.590837],[134.181216,33.591245],[134.180591,33.591878],[134.180241,33.59237],[134.179954,33.592912],[134.179279,33.59377],[134.178742,33.594203],[134.178392,33.59427],[134.177442,33.594228],[134.176929,33.594153],[134.176767,33.594086],[134.176367,33.59402],[134.176154,33.59402],[134.175479,33.594428],[134.17483,33.594945],[134.173755,33.595445],[134.17243,33.595961],[134.171817,33.596328],[134.171167,33.596753],[134.170567,33.597069],[134.170792,33.597703],[134.171355,33.598469],[134.171605,33.599302],[134.17158,33.600069],[134.17068,33.600519],[134.170092,33.601152],[134.170117,33.601694],[134.170392,33.602252],[134.170767,33.602794],[134.171305,33.603269],[134.171855,33.603627],[134.172605,33.604235],[134.173042,33.60471],[134.173392,33.60541],[134.173717,33.605652],[134.174505,33.606085],[134.175042,33.606327],[134.175579,33.606668],[134.175904,33.607077],[134.175767,33.607527],[134.17523,33.607685],[134.174992,33.60786],[134.174717,33.608268],[134.174342,33.60856],[134.173642,33.608651],[134.173505,33.608743],[134.173342,33.609018],[134.172917,33.60951],[134.17248,33.609693],[134.171917,33.609668],[134.170755,33.609718],[134.169968,33.609718],[134.169455,33.609785],[134.169055,33.610126],[134.168468,33.610484],[134.16793,33.610734],[134.166793,33.610893],[134.16533,33.610759],[134.164631,33.610576],[134.164493,33.610693],[134.163181,33.611276],[134.161993,33.612334],[134.161206,33.612651],[134.160456,33.612901],[134.160268,33.612859],[134.159481,33.612026],[134.158831,33.611868],[134.157594,33.611759],[134.156709,33.611759],[134.156106,33.611734],[134.155706,33.612209],[134.155081,33.613134],[134.154544,33.613717],[134.154031,33.614167],[134.153682,33.614734],[134.153419,33.614934],[134.153307,33.615076],[134.153069,33.615751],[134.152769,33.616176],[134.152344,33.616675],[134.152182,33.616942],[134.152019,33.617575],[134.152069,33.618117],[134.152132,33.6183],[134.152744,33.619059],[134.153132,33.61965],[134.153619,33.620908],[134.154319,33.621717],[134.154394,33.6224],[134.154619,33.622783],[134.154881,33.623167],[134.154781,33.6233],[134.154344,33.623683],[134.153856,33.624016],[134.153406,33.625058],[134.153132,33.625441],[134.152457,33.626025],[134.151682,33.626525],[134.151007,33.626841],[134.150282,33.627108],[134.149632,33.627066],[134.149419,33.627091],[134.149282,33.627183],[134.149307,33.627699],[134.149694,33.629324],[134.149857,33.629749],[134.150444,33.630741],[134.150582,33.630782],[134.151307,33.631299],[134.152257,33.631799],[134.152282,33.631841],[134.153819,33.632316],[134.154419,33.632541],[134.154906,33.632874],[134.155706,33.633216],[134.156306,33.633399],[134.156469,33.633416],[134.156819,33.633282],[134.158356,33.632607],[134.158494,33.632649],[134.160243,33.634182],[134.161456,33.634965],[134.162106,33.63519],[134.163193,33.635174],[134.163968,33.63544],[134.164131,33.635532],[134.164481,33.635932],[134.164918,33.63609],[134.165106,33.636249],[134.165356,33.636949],[134.165518,33.637149],[134.165806,33.637357],[134.166193,33.637515],[134.16708,33.638165],[134.167355,33.638615],[134.167405,33.638957],[134.167618,33.63929],[134.16843,33.639923],[134.168843,33.640307],[134.169568,33.64109],[134.170593,33.641857],[134.171105,33.642082],[134.17208,33.642673],[134.172805,33.643006],[134.173617,33.64314],[134.174217,33.643165],[134.174805,33.643231],[134.175042,33.643415],[134.17588,33.644106],[134.17673,33.644765],[134.17713,33.64454],[134.177555,33.644515],[134.178505,33.644606],[134.17883,33.644715],[134.179017,33.645215],[134.17923,33.645598],[134.17983,33.646115],[134.180642,33.646698],[134.181154,33.646948],[134.181992,33.647623],[134.182504,33.647914],[134.183104,33.648339],[134.183579,33.648548],[134.183685,33.648611],[134.183742,33.648656],[134.184017,33.649014],[134.184042,33.649131],[134.183992,33.649448],[134.183479,33.650031],[134.183054,33.650639],[134.182754,33.650864],[134.182055,33.651072],[134.181542,33.651406],[134.18068,33.652106],[134.18038,33.652314],[134.179955,33.652672],[134.179092,33.653255],[134.178467,33.653597],[134.177655,33.653714],[134.17688,33.65353],[134.176443,33.65353],[134.17628,33.653622],[134.175605,33.654189],[134.175343,33.654588],[134.174793,33.655113],[134.173718,33.655763],[134.173668,33.655763],[134.17348,33.656122],[134.172643,33.65678],[134.171618,33.65728],[134.171293,33.657571],[134.171506,33.657955],[134.171968,33.658313],[134.173356,33.659754],[134.173706,33.659979],[134.174268,33.660229],[134.174755,33.660588],[134.17503,33.661104],[134.175243,33.661646],[134.17513,33.661713],[134.174805,33.661829],[134.174268,33.662121],[134.174056,33.662279],[134.173781,33.662662],[134.173731,33.662796],[134.173381,33.663246],[134.172893,33.663971],[134.172581,33.664354],[134.171906,33.665029],[134.171493,33.66537],[134.171418,33.665504],[134.171368,33.665845],[134.171118,33.666537],[134.170719,33.667262],[134.170181,33.667987],[134.170044,33.668387],[134.170094,33.668528],[134.170156,33.668978],[134.170019,33.66922],[134.169481,33.669812],[134.169494,33.670028],[134.169469,33.67017],[134.169006,33.670528],[134.168969,33.670736],[134.169631,33.671861],[134.170044,33.67227],[134.170619,33.672495],[134.171031,33.672761],[134.171944,33.673594],[134.172331,33.674269],[134.172744,33.675128],[134.173156,33.675261],[134.173644,33.675219],[134.174119,33.675303],[134.174694,33.675594],[134.175319,33.675869],[134.175706,33.676136],[134.175769,33.676427],[134.175569,33.676861],[134.175469,33.677469],[134.175569,33.678461],[134.175219,33.678935],[134.174969,33.679177],[134.174807,33.679769],[134.174807,33.680419],[134.174757,33.681093],[134.174782,33.681752],[134.174894,33.682677],[134.174807,33.683735],[134.174757,33.684135],[134.174482,33.684426],[134.173682,33.684743],[134.172782,33.685151],[134.171732,33.685693],[134.171094,33.685968],[134.170444,33.686076],[134.169557,33.686143],[134.168657,33.686151],[134.167745,33.686326],[134.167057,33.686643],[134.16607,33.687184],[134.165382,33.687476],[134.164007,33.688159],[134.16382,33.688201],[134.163595,33.688067],[134.162945,33.687909],[134.162195,33.687642],[134.161682,33.687234],[134.16107,33.686918],[134.160545,33.686784],[134.160032,33.686851],[134.159532,33.686876],[134.158932,33.686693],[134.15722,33.686676],[134.157007,33.686609],[134.156432,33.686334],[134.155745,33.686176],[134.154257,33.686043],[134.153457,33.686159],[134.153432,33.686184],[134.152857,33.686134],[134.152557,33.686051],[134.151208,33.685909],[134.150195,33.685934],[134.149258,33.685893],[134.14857,33.685668],[134.147933,33.685034],[134.147658,33.684968],[134.14717,33.685576],[134.14637,33.686142],[134.14577,33.686501],[134.144833,33.686801],[134.144195,33.687109],[134.142658,33.687476],[134.141945,33.687834],[134.14132,33.688242],[134.140708,33.68905],[134.139671,33.689775],[134.138958,33.69005],[134.138758,33.690067],[134.138208,33.690225],[134.137083,33.690725],[134.136396,33.690792],[134.135771,33.690925],[134.135496,33.691225],[134.135358,33.691758],[134.135133,33.692075],[134.134496,33.692375],[134.134033,33.692775],[134.133734,33.693274],[134.133596,33.693908],[134.133371,33.694016],[134.132959,33.693908],[134.132334,33.693858],[134.132084,33.693908],[134.131584,33.694083],[134.130621,33.694158],[134.130046,33.694383],[134.129309,33.694608],[134.128759,33.694966],[134.127984,33.695374],[134.127134,33.695624],[134.126509,33.695874],[134.125797,33.695916],[134.125134,33.695782],[134.124384,33.695716],[134.123734,33.695849],[134.123422,33.695941],[134.122847,33.696057],[134.122522,33.696074],[134.122215,33.6961],[134.121572,33.695816],[134.120284,33.695182],[134.119785,33.695049],[134.119022,33.695257],[134.118272,33.695641],[134.117622,33.695932],[134.116847,33.695999],[134.114847,33.696066],[134.113223,33.695916],[134.112285,33.695757],[134.111685,33.695574],[134.111073,33.695107],[134.11031,33.694632],[134.109485,33.694407],[134.108498,33.694249],[134.106898,33.693799],[134.105986,33.693624],[134.104973,33.693641],[134.102561,33.693982],[134.101511,33.694232],[134.100611,33.694524],[134.099886,33.694682],[134.099199,33.694574],[134.098374,33.694215],[134.096899,33.693249],[134.095761,33.692591],[134.095211,33.692457],[134.094611,33.692549],[134.092574,33.692524],[134.091787,33.692641],[134.091124,33.692891],[134.090624,33.693116],[134.089562,33.692799],[134.088537,33.692691],[134.0876,33.692624],[134.08645,33.692349],[134.086312,33.692266],[134.086175,33.691974],[134.085987,33.691749],[134.085325,33.691541],[134.082762,33.691007],[134.08145,33.690557],[134.080563,33.690374],[134.078863,33.690149],[134.078063,33.690291],[134.077138,33.690516],[134.07625,33.690624],[134.074463,33.690382],[134.073751,33.690382],[134.073451,33.689882],[134.073038,33.689616],[134.072276,33.689574],[134.071476,33.689432],[134.070701,33.689257],[134.069938,33.689349],[134.069576,33.689324],[134.067301,33.688716],[134.066339,33.688699],[134.065401,33.688807],[134.064739,33.689057],[134.064489,33.689216],[134.063939,33.689716],[134.063426,33.689649],[134.062789,33.689732],[134.062027,33.689982],[134.060127,33.690432],[134.059027,33.690615],[134.058064,33.690957],[134.057814,33.691524],[134.057264,33.692423],[134.056889,33.69314],[134.056639,33.693798],[134.056664,33.694115],[134.057002,33.694381],[134.057577,33.694698],[134.057927,33.695173],[134.058377,33.695373],[134.060152,33.695598],[134.061289,33.695956],[134.061889,33.696406],[134.062689,33.697173],[134.064001,33.697639],[134.064364,33.697981],[134.064914,33.698298],[134.064964,33.698298],[134.064589,33.698814],[134.063626,33.699989],[134.063676,33.700372],[134.063951,33.700839],[134.064176,33.701406],[134.064289,33.702264],[134.064676,33.70343],[134.064726,33.70388],[134.064564,33.704805],[134.064651,33.706088],[134.064864,33.706771],[134.065139,33.707263],[134.065276,33.70783],[134.066514,33.709629],[134.067039,33.709896],[134.067951,33.710096],[134.068876,33.710413],[134.069901,33.710888],[134.070176,33.711287],[134.070288,33.711987],[134.070451,33.712487],[134.070426,33.712554],[134.070039,33.712846],[134.069739,33.713587],[134.069301,33.714129],[134.068501,33.714695],[134.067726,33.71517],[134.066964,33.715528],[134.066639,33.715978],[134.066601,33.716612],[134.065951,33.717878],[134.065726,33.718461],[134.065201,33.718953],[134.065039,33.719453],[134.065376,33.720778],[134.065451,33.721369],[134.065651,33.721977],[134.065789,33.722269],[134.066001,33.722919],[134.066039,33.723461],[134.066114,33.723911],[134.066451,33.72436],[134.067001,33.724635],[134.067464,33.724944],[134.067601,33.725152],[134.067764,33.72571],[134.067826,33.726319],[134.067964,33.72691],[134.068239,33.727518],[134.068464,33.728235],[134.068464,33.72891],[134.068376,33.729226],[134.067639,33.73056],[134.067501,33.731276],[134.067226,33.731709],[134.066764,33.732184],[134.066489,33.732793],[134.066289,33.733959],[134.065939,33.734092],[134.065189,33.734251],[134.064451,33.734592],[134.063714,33.734976],[134.062114,33.735042],[134.061814,33.735184],[134.061452,33.735992],[134.061214,33.7371],[134.061314,33.73775],[134.061402,33.739017],[134.061539,33.739667],[134.061514,33.740341],[134.061264,33.741016],[134.060364,33.742124],[134.059839,33.742641],[134.059339,33.742983],[134.058902,33.743366],[134.058852,33.743541],[134.059589,33.745324],[134.059539,33.745907],[134.059152,33.746449],[134.058852,33.74704],[134.05844,33.747665],[134.058252,33.748182],[134.058277,33.748482],[134.058227,33.74909],[134.058027,33.74974],[134.057915,33.750323],[134.05764,33.750598],[134.056602,33.750873],[134.056402,33.750981],[134.056102,33.751456],[134.056102,33.751815],[134.056327,33.752331],[134.056927,33.753306],[134.056927,33.753348],[134.05674,33.753823],[134.05669,33.754073],[134.056752,33.754731],[134.056727,33.755064],[134.05684,33.75653],[134.056877,33.757622],[134.057077,33.758455],[134.057402,33.759188],[134.057915,33.75983],[134.058377,33.760271],[134.058827,33.760871],[134.059002,33.761171],[134.059115,33.761563],[134.059165,33.762205],[134.059052,33.762896],[134.058927,33.763271],[134.05854,33.763879],[134.058377,33.764229],[134.058115,33.764529],[134.057815,33.764729],[134.05784,33.764929],[134.058152,33.765271],[134.05864,33.765629],[134.058865,33.765854],[134.05894,33.766112],[134.05864,33.767129],[134.058577,33.767512],[134.058565,33.767879],[134.058765,33.768678],[134.05874,33.769178],[134.05864,33.76992],[134.058627,33.770295],[134.05839,33.770928],[134.058352,33.771936],[134.058452,33.772828],[134.058852,33.774644],[134.058802,33.776535],[134.05874,33.776894],[134.058677,33.777002],[134.057815,33.77761],[134.05759,33.777885],[134.057365,33.778718],[134.057377,33.779135],[134.057502,33.779651],[134.057527,33.78006],[134.05744,33.780343],[134.057465,33.780635],[134.057715,33.780885],[134.057952,33.781076],[134.05794,33.781193],[134.057315,33.781418],[134.056853,33.781668],[134.056528,33.781751],[134.05639,33.781876],[134.05614,33.782576],[134.05584,33.783184],[134.055815,33.783642],[134.055728,33.784009],[134.055553,33.784334],[134.055315,33.784592],[134.054128,33.784976],[134.053266,33.7853],[134.052891,33.785392],[134.052441,33.785384],[134.051191,33.785517],[134.050678,33.785584],[134.050341,33.785667],[134.050178,33.785825],[134.050028,33.786142],[134.049829,33.786375],[134.049729,33.786434],[134.049554,33.786625],[134.049454,33.787033],[134.049454,33.787308],[134.049366,33.7875],[134.048166,33.788158],[134.047716,33.788475],[134.047104,33.789183],[134.046666,33.789408],[134.046329,33.7895],[134.046179,33.7895],[134.045991,33.789641],[134.045891,33.789866],[134.045929,33.79025],[134.046304,33.791449],[134.046429,33.791816],[134.046491,33.792233],[134.046316,33.793574],[134.046191,33.793957],[134.045866,33.794591],[134.045891,33.794824],[134.046091,33.795107],[134.046666,33.795757],[134.046766,33.796124],[134.046779,33.796474],[134.046866,33.79689],[134.047041,33.79749],[134.047066,33.797815],[134.047041,33.798257],[134.046779,33.798982],[134.046579,33.799149],[134.045829,33.79949],[134.044867,33.799923],[134.043829,33.800623],[134.042667,33.801215],[134.041642,33.801631],[134.04128,33.801706],[134.040967,33.80184],[134.04078,33.801998],[134.040442,33.80274],[134.039255,33.804498],[134.03888,33.804781],[134.03808,33.805148],[134.037493,33.805564],[134.036843,33.806173],[134.036555,33.806539],[134.035868,33.807206],[134.035155,33.807964],[134.034768,33.808231],[134.033906,33.808705],[134.033556,33.808997],[134.033193,33.809464],[134.033068,33.809789],[134.033018,33.810114],[134.033081,33.810647],[134.033256,33.811038],[134.033831,33.812088],[134.034068,33.812397],[134.034806,33.813105],[134.03518,33.813438],[134.035518,33.813688],[134.036355,33.814088],[134.03663,33.814313],[134.036843,33.814638],[134.036955,33.815038],[134.036893,33.815505],[134.03658,33.816338],[134.03648,33.816788],[134.036455,33.817229],[134.036493,33.817746],[134.036668,33.818629],[134.036755,33.819737],[134.036843,33.820296],[134.036805,33.820754],[134.03663,33.821204],[134.03628,33.821862],[134.035968,33.82232],[134.035655,33.822704],[134.035205,33.823378],[134.035055,33.823728],[134.03503,33.82397],[134.035205,33.824295],[134.035155,33.824653],[134.034518,33.825761],[134.03423,33.826186],[134.033655,33.827428],[134.03295,33.828369]]],"type":"Polygon"},"properties":{"kuni":"阿波","id":"G59010","kuni_url":"/kg/resource/K59.html","id_url":"G59010.html","kuni_id":"K59","pref":"徳島県","name":"海部","yomi":"かいふ"},"type":"Feature"}]}