{"type":"FeatureCollection","features":[{"geometry":{"type":"Polygon","coordinates":[[[132.895722,33.312288],[132.896272,33.311646],[132.896559,33.311055],[132.896972,33.310338],[132.897634,33.309688],[132.898372,33.309063],[132.898497,33.308422],[132.898659,33.307813],[132.898859,33.307438],[132.899371,33.307338],[132.899959,33.306738],[132.900209,33.306514],[132.900971,33.305964],[132.901521,33.305622],[132.902384,33.305205],[132.903284,33.305164],[132.904121,33.30513],[132.904883,33.30508],[132.905708,33.304839],[132.906483,33.304922],[132.907358,33.305155],[132.907746,33.304905],[132.908346,33.30478],[132.908671,33.304514],[132.908858,33.304355],[132.909146,33.304122],[132.909896,33.303722],[132.910883,33.303247],[132.91102,33.303047],[132.910883,33.302781],[132.910795,33.302014],[132.91077,33.301348],[132.910658,33.300606],[132.910158,33.300173],[132.909783,33.299748],[132.909633,33.299406],[132.909433,33.299081],[132.909408,33.298523],[132.909121,33.29824],[132.909133,33.29789],[132.909458,33.29754],[132.909871,33.29724],[132.909971,33.296815],[132.909796,33.296398],[132.909621,33.296015],[132.909596,33.295657],[132.909733,33.295082],[132.910058,33.294482],[132.910308,33.294007],[132.910296,33.293799],[132.910221,33.293624],[132.910146,33.293341],[132.910046,33.292832],[132.909858,33.292399],[132.909958,33.291891],[132.910158,33.291233],[132.910121,33.290549],[132.910246,33.289841],[132.910421,33.289683],[132.910783,33.289499],[132.910908,33.289108],[132.910633,33.288533],[132.910321,33.287975],[132.910046,33.2876],[132.909858,33.287425],[132.909321,33.287075],[132.908883,33.28685],[132.908383,33.28655],[132.907721,33.286292],[132.907283,33.286258],[132.906933,33.286225],[132.906608,33.286258],[132.906421,33.286292],[132.906096,33.286183],[132.905409,33.285508],[132.905146,33.285092],[132.904859,33.284767],[132.904496,33.284667],[132.904171,33.284517],[132.904034,33.28435],[132.903784,33.284034],[132.903684,33.2837],[132.903696,33.283459],[132.903721,33.28315],[132.903759,33.282634],[132.903809,33.282026],[132.903909,33.281909],[132.904059,33.281784],[132.904284,33.281426],[132.904471,33.281092],[132.904659,33.280667],[132.904934,33.280118],[132.905046,33.279626],[132.905021,33.279334],[132.904996,33.279143],[132.905134,33.278934],[132.905384,33.278551],[132.905421,33.27826],[132.905234,33.277976],[132.905121,33.277718],[132.905059,33.27736],[132.905134,33.277051],[132.905309,33.276693],[132.905234,33.276335],[132.905034,33.276126],[132.904809,33.27566],[132.904796,33.275468],[132.904796,33.27506],[132.904734,33.274493],[132.904771,33.274168],[132.904934,33.273735],[132.905096,33.273277],[132.905171,33.27316],[132.905396,33.273019],[132.905746,33.272744],[132.905896,33.272519],[132.906071,33.271994],[132.906246,33.271452],[132.906334,33.271011],[132.906496,33.270536],[132.906671,33.270244],[132.906784,33.269727],[132.906746,33.269277],[132.906821,33.268753],[132.906934,33.267978],[132.907034,33.267361],[132.907071,33.266919],[132.907121,33.266886],[132.907246,33.266928],[132.907509,33.266953],[132.908058,33.266994],[132.908421,33.266986],[132.908733,33.267019],[132.909071,33.267144],[132.909296,33.267378],[132.909658,33.267678],[132.909933,33.267769],[132.910296,33.267711],[132.910721,33.267611],[132.911321,33.267469],[132.911946,33.267353],[132.912521,33.267344],[132.912983,33.267411],[132.913408,33.267269],[132.913895,33.266986],[132.914383,33.266695],[132.914633,33.266478],[132.914845,33.266286],[132.915233,33.26572],[132.915483,33.265295],[132.91567,33.265161],[132.915958,33.265053],[132.91647,33.264903],[132.91712,33.264761],[132.917733,33.264678],[132.918308,33.264411],[132.918633,33.264103],[132.918995,33.26362],[132.919482,33.26302],[132.919745,33.262628],[132.919882,33.262478],[132.920295,33.262137],[132.920545,33.26162],[132.92062,33.26127],[132.920832,33.261095],[132.921032,33.26102],[132.92122,33.261045],[132.921807,33.260987],[132.922407,33.260912],[132.922782,33.26082],[132.923432,33.260637],[132.923807,33.260512],[132.92447,33.26077],[132.92517,33.261178],[132.925569,33.261645],[132.925994,33.261653],[132.926319,33.261553],[132.926982,33.261387],[132.927657,33.261378],[132.928482,33.26162],[132.929107,33.261812],[132.929382,33.261612],[132.929782,33.26107],[132.930232,33.260737],[132.930994,33.260453],[132.931619,33.260395],[132.932219,33.259945],[132.932431,33.259687],[132.932631,33.259479],[132.933156,33.25917],[132.934031,33.258745],[132.934906,33.258345],[132.935681,33.258029],[132.936294,33.257687],[132.936693,33.257412],[132.937093,33.257196],[132.937218,33.257162],[132.937918,33.257162],[132.938418,33.257029],[132.938618,33.256779],[132.938781,33.256321],[132.938818,33.256021],[132.939131,33.255629],[132.939543,33.255262],[132.939718,33.254946],[132.939906,33.254538],[132.940168,33.254321],[132.940531,33.254121],[132.941031,33.253813],[132.941468,33.253446],[132.941681,33.253388],[132.944018,33.253271],[132.944205,33.252913],[132.944505,33.252171],[132.94518,33.251271],[132.945318,33.25098],[132.945618,33.249655],[132.945805,33.24923],[132.94648,33.248213],[132.94673,33.247605],[132.946805,33.247222],[132.946868,33.246322],[132.946818,33.246097],[132.946868,33.245714],[132.947143,33.245355],[132.947193,33.245089],[132.946955,33.244389],[132.94698,33.244006],[132.94718,33.243714],[132.947318,33.243264],[132.947643,33.242772],[132.947955,33.242364],[132.948768,33.241489],[132.949155,33.240881],[132.949343,33.240523],[132.949505,33.240073],[132.950392,33.239156],[132.950855,33.238615],[132.95093,33.238298],[132.950855,33.237623],[132.950892,33.236498],[132.950867,33.235707],[132.95103,33.235349],[132.951592,33.234515],[132.95228,33.233032],[132.952605,33.232649],[132.952842,33.232291],[132.953005,33.231866],[132.953067,33.231166],[132.953005,33.230849],[132.953367,33.230358],[132.95368,33.230041],[132.954092,33.229774],[132.95463,33.229483],[132.955055,33.228808],[132.955792,33.228266],[132.95598,33.228066],[132.956005,33.227775],[132.955905,33.227117],[132.955955,33.22685],[132.95628,33.226267],[132.956305,33.22595],[132.956205,33.225525],[132.955667,33.22455],[132.95498,33.224075],[132.954417,33.223217],[132.954117,33.223009],[132.953642,33.222809],[132.953242,33.222534],[132.95263,33.222034],[132.952755,33.221884],[132.952918,33.221567],[132.95303,33.22145],[132.953143,33.221225],[132.953143,33.220217],[132.95328,33.219242],[132.953418,33.218726],[132.953368,33.218301],[132.953255,33.217942],[132.953205,33.217576],[132.953218,33.217176],[132.953055,33.216343],[132.95303,33.215576],[132.953443,33.215035],[132.953893,33.214226],[132.954892,33.21306],[132.955192,33.212543],[132.95608,33.212343],[132.956755,33.212227],[132.957317,33.212093],[132.957742,33.211943],[132.958092,33.211743],[132.961154,33.210919],[132.961367,33.210852],[132.961079,33.21026],[132.960605,33.20961],[132.959905,33.208277],[132.959692,33.207936],[132.95988,33.207736],[132.960967,33.206886],[132.961017,33.206794],[132.960967,33.205011],[132.961005,33.204294],[132.96088,33.202919],[132.960792,33.202736],[132.960255,33.202303],[132.960155,33.202236],[132.959542,33.201586],[132.959217,33.201178],[132.958742,33.200703],[132.958467,33.200361],[132.958317,33.200045],[132.958105,33.199253],[132.957968,33.199011],[132.957618,33.19862],[132.957468,33.198103],[132.957405,33.197678],[132.957393,33.19702],[132.957305,33.196528],[132.957393,33.195804],[132.957318,33.195337],[132.957293,33.19477],[132.957318,33.194454],[132.95743,33.194095],[132.957405,33.19382],[132.957268,33.193504],[132.95733,33.192537],[132.957568,33.192071],[132.95768,33.191187],[132.957555,33.190554],[132.95793,33.189904],[132.95798,33.189879],[132.958093,33.189571],[132.958155,33.189029],[132.95813,33.188329],[132.958243,33.187429],[132.958193,33.187021],[132.95808,33.186796],[132.958168,33.186479],[132.95838,33.186188],[132.958405,33.186096],[132.95833,33.185846],[132.958305,33.185513],[132.95833,33.185313],[132.957793,33.18468],[132.957505,33.184446],[132.95673,33.184088],[132.956193,33.183771],[132.955793,33.183321],[132.955493,33.183138],[132.955231,33.182888],[132.954931,33.182455],[132.954831,33.181647],[132.954831,33.181222],[132.954968,33.18093],[132.954868,33.180747],[132.954168,33.180605],[132.953418,33.18063],[132.953118,33.180472],[132.952968,33.180172],[132.952718,33.179855],[132.951818,33.178888],[132.951656,33.17868],[132.951956,33.177963],[132.951981,33.177514],[132.951319,33.177289],[132.951044,33.177055],[132.950381,33.176764],[132.949681,33.176289],[132.949119,33.175855],[132.948856,33.175747],[132.948531,33.175672],[132.948269,33.175655],[132.948156,33.175697],[132.947519,33.175763],[132.946307,33.17573],[132.945282,33.175913],[132.945157,33.175797],[132.944669,33.175213],[132.942957,33.174322],[132.942694,33.174413],[132.942369,33.174597],[132.942107,33.17468],[132.941766,33.174708],[132.941669,33.174863],[132.941594,33.17513],[132.941207,33.175513],[132.94057,33.176005],[132.940245,33.176297],[132.939645,33.17693],[132.939307,33.176996],[132.938845,33.177038],[132.938445,33.177146],[132.938007,33.177305],[132.937257,33.177371],[132.93697,33.177521],[132.936695,33.177796],[132.936345,33.178063],[132.936082,33.178221],[132.935545,33.178263],[132.935482,33.178755],[132.935045,33.179746],[132.934832,33.179946],[132.93432,33.180263],[132.934083,33.180463],[132.933733,33.180963],[132.933508,33.181113],[132.933408,33.181096],[132.93287,33.181113],[132.93247,33.181204],[132.93207,33.181338],[132.930933,33.182004],[132.930445,33.182162],[132.929695,33.182296],[132.928358,33.182379],[132.927896,33.182337],[132.927746,33.182271],[132.927533,33.182087],[132.927396,33.181879],[132.927258,33.181546],[132.927233,33.181046],[132.927383,33.179971],[132.927358,33.179046],[132.927683,33.178413],[132.927708,33.178054],[132.927608,33.177538],[132.927371,33.176855],[132.927208,33.176546],[132.926458,33.175771],[132.926171,33.175346],[132.925821,33.175096],[132.925158,33.174713],[132.924533,33.17428],[132.924083,33.173921],[132.923608,33.173646],[132.923283,33.17353],[132.922959,33.173463],[132.922534,33.173463],[132.922209,33.173505],[132.921834,33.173663],[132.921559,33.173838],[132.921246,33.173905],[132.920921,33.173521],[132.920709,33.173205],[132.920471,33.173071],[132.920121,33.173005],[132.919584,33.172955],[132.919071,33.17298],[132.918884,33.173021],[132.918371,33.173063],[132.917809,33.173038],[132.915672,33.172488],[132.915084,33.172355],[132.914709,33.17233],[132.914059,33.172438],[132.913609,33.172596],[132.913234,33.172005],[132.913184,33.171738],[132.913234,33.171471],[132.913322,33.171288],[132.913372,33.171021],[132.913272,33.170521],[132.913159,33.170205],[132.913022,33.169721],[132.912997,33.169563],[132.913234,33.168438],[132.913209,33.168188],[132.913047,33.168122],[132.912609,33.167788],[132.912247,33.167313],[132.911972,33.16673],[132.911534,33.166205],[132.910922,33.16578],[132.910434,33.165488],[132.910234,33.164997],[132.909997,33.163622],[132.910072,33.16303],[132.909959,33.162422],[132.910209,33.161972],[132.910434,33.161655],[132.910209,33.161255],[132.909609,33.160689],[132.909197,33.160172],[132.909159,33.15983],[132.909334,33.159314],[132.909547,33.158822],[132.910434,33.157739],[132.910922,33.157056],[132.911397,33.156606],[132.911772,33.155998],[132.912297,33.155456],[132.912984,33.155098],[132.913484,33.154756],[132.913559,33.154106],[132.913922,33.15314],[132.913922,33.152615],[132.914084,33.152123],[132.914334,33.151582],[132.914434,33.151223],[132.914522,33.150723],[132.914709,33.15039],[132.914659,33.150115],[132.913509,33.14854],[132.913097,33.147616],[132.912647,33.147257],[132.912297,33.146649],[132.912185,33.146016],[132.912047,33.144733],[132.91191,33.144216],[132.91191,33.143924],[132.91196,33.143174],[132.912122,33.142791],[132.91226,33.142658],[132.912485,33.142633],[132.913222,33.142683],[132.914247,33.142949],[132.914759,33.142975],[132.915484,33.142525],[132.915922,33.14245],[132.916472,33.14245],[132.917734,33.142025],[132.918309,33.141891],[132.918947,33.141508],[132.920146,33.140983],[132.921496,33.140125],[132.922159,33.139742],[132.922321,33.1397],[132.922821,33.13965],[132.923346,33.139425],[132.924059,33.139067],[132.924609,33.138975],[132.925046,33.139],[132.925671,33.138884],[132.926421,33.138925],[132.927458,33.13915],[132.927958,33.138975],[132.928758,33.138384],[132.929633,33.138067],[132.930346,33.137934],[132.931533,33.137934],[132.932246,33.137867],[132.932883,33.137659],[132.934258,33.137684],[132.934608,33.137617],[132.935245,33.137434],[132.935509,33.137445],[132.935845,33.137951],[132.936458,33.138517],[132.937108,33.139009],[132.937583,33.13955],[132.937908,33.140175],[132.938045,33.140784],[132.937833,33.141534],[132.937908,33.141892],[132.938658,33.142384],[132.93907,33.143242],[132.939457,33.143717],[132.940032,33.145025],[132.940057,33.145317],[132.940257,33.145475],[132.94067,33.14545],[132.941299,33.145471],[132.94262,33.145467],[132.943545,33.145675],[132.944595,33.145942],[132.945469,33.146233],[132.945994,33.146342],[132.946194,33.146342],[132.946544,33.1465],[132.946907,33.147333],[132.947157,33.147675],[132.947894,33.147742],[132.948607,33.147942],[132.949357,33.1481],[132.949794,33.148458],[132.949957,33.148867],[132.950094,33.149025],[132.951057,33.149358],[132.951282,33.149383],[132.951744,33.1492],[132.952519,33.148658],[132.952844,33.148325],[132.953206,33.14785],[132.953581,33.147559],[132.953781,33.147484],[132.955406,33.147259],[132.955544,33.147259],[132.956169,33.1471],[132.957269,33.146742],[132.958344,33.146559],[132.958844,33.146651],[132.959469,33.147209],[132.959831,33.147192],[132.960518,33.146959],[132.960818,33.147034],[132.961343,33.147342],[132.962006,33.147592],[132.962743,33.147634],[132.962993,33.147842],[132.963293,33.148359],[132.963456,33.148967],[132.963843,33.14955],[132.964043,33.150184],[132.963843,33.150742],[132.963593,33.151192],[132.963606,33.1516],[132.963843,33.15205],[132.964706,33.15295],[132.964981,33.153533],[132.965393,33.154283],[132.965643,33.154592],[132.96633,33.155117],[132.967093,33.155317],[132.968193,33.155425],[132.96888,33.155675],[132.969043,33.155783],[132.96938,33.156217],[132.969605,33.1568],[132.969818,33.157208],[132.97023,33.157516],[132.970387,33.157785],[132.971092,33.158691],[132.971255,33.158941],[132.972055,33.15955],[132.972155,33.159683],[132.972242,33.1602],[132.97238,33.160674],[132.972655,33.160874],[132.972905,33.160916],[132.97398,33.160758],[132.974667,33.160583],[132.97543,33.160191],[132.976317,33.159858],[132.976692,33.159833],[132.977142,33.1601],[132.977692,33.160325],[132.978317,33.160375],[132.979029,33.16015],[132.979892,33.159742],[132.980817,33.1592],[132.981592,33.158817],[132.982079,33.158475],[132.982329,33.158183],[132.982941,33.157867],[132.984729,33.1573],[132.985054,33.157392],[132.985441,33.157817],[132.985904,33.158184],[132.986154,33.1582],[132.986729,33.158134],[132.987229,33.158],[132.987804,33.158017],[132.988379,33.157842],[132.989041,33.1575],[132.989541,33.157434],[132.989978,33.1577],[132.990553,33.15815],[132.991653,33.159434],[132.992041,33.15975],[132.993166,33.159934],[132.993828,33.160109],[132.99449,33.159859],[132.995778,33.15925],[132.996215,33.159142],[132.996578,33.158984],[132.99699,33.158892],[132.997411,33.158907],[132.997478,33.158884],[132.99819,33.158526],[132.998715,33.158367],[132.999265,33.158092],[133.000202,33.157734],[133.000415,33.157459],[133.000577,33.157143],[133.001052,33.156784],[133.00234,33.156043],[133.00264,33.155768],[133.002702,33.155634],[133.00264,33.155001],[133.00234,33.154393],[133.001877,33.153851],[133.001627,33.153626],[133.001265,33.153135],[133.001165,33.152543],[133.000828,33.151802],[133.000528,33.151243],[133.000553,33.15086],[133.000853,33.150402],[133.00174,33.149343],[133.002252,33.148852],[133.00289,33.148327],[133.003302,33.147927],[133.003552,33.147202],[133.00394,33.146777],[133.004427,33.146569],[133.004627,33.146544],[133.005452,33.146636],[133.006215,33.146861],[133.006602,33.146911],[133.007064,33.146819],[133.007589,33.146636],[133.008552,33.146611],[133.009352,33.146519],[133.010914,33.146069],[133.011277,33.146044],[133.012376,33.146652],[133.013139,33.146786],[133.013639,33.146969],[133.014376,33.148094],[133.014489,33.148319],[133.015039,33.148836],[133.015676,33.149177],[133.016276,33.149627],[133.016801,33.149919],[133.016988,33.149935],[133.018176,33.149919],[133.02015,33.150002],[133.021975,33.150202],[133.022275,33.150161],[133.023238,33.149661],[133.024588,33.148219],[133.025075,33.147636],[133.025275,33.147228],[133.025238,33.146753],[133.0253,33.146169],[133.02535,33.146053],[133.025737,33.145853],[133.02645,33.145603],[133.026887,33.145245],[133.027362,33.145103],[133.028125,33.145128],[133.029287,33.144653],[133.029912,33.144653],[133.030737,33.144745],[133.031262,33.144562],[133.031749,33.144153],[133.032224,33.143528],[133.032162,33.142462],[133.032224,33.142062],[133.032474,33.141679],[133.032937,33.141204],[133.033987,33.140845],[133.034424,33.140437],[133.034837,33.139329],[133.035024,33.139129],[133.035112,33.139104],[133.035711,33.139221],[133.036674,33.139687],[133.037249,33.139621],[133.039099,33.138987],[133.039811,33.138246],[133.040136,33.138154],[133.040636,33.138246],[133.041124,33.138129],[133.041698,33.137946],[133.041898,33.137946],[133.042473,33.138129],[133.042836,33.138196],[133.043386,33.137929],[133.044098,33.137496],[133.044698,33.137246],[133.045498,33.136771],[133.047148,33.135846],[133.047635,33.135621],[133.048385,33.135622],[133.049423,33.13558],[133.05036,33.135488],[133.051573,33.135188],[133.052748,33.134605],[133.05336,33.134605],[133.054597,33.134355],[133.055285,33.134264],[133.05561,33.134014],[133.056022,33.133772],[133.056597,33.133564],[133.05696,33.133364],[133.057172,33.132864],[133.057422,33.131606],[133.05726,33.130706],[133.05696,33.130164],[133.05681,33.129689],[133.056485,33.129148],[133.054972,33.127506],[133.054747,33.127098],[133.054672,33.126648],[133.054647,33.125565],[133.054335,33.124981],[133.053923,33.12379],[133.053648,33.123498],[133.051886,33.122788],[133.051473,33.12264],[133.051885,33.122148],[133.05271,33.121623],[133.053185,33.121174],[133.053648,33.12084],[133.05456,33.120632],[133.054997,33.120299],[133.05521,33.11989],[133.055522,33.119682],[133.056197,33.119574],[133.056472,33.119324],[133.05686,33.119099],[133.057572,33.118399],[133.058122,33.118149],[133.05885,33.117929],[133.05901,33.117908],[133.05966,33.118308],[133.061559,33.119249],[133.062884,33.119974],[133.064372,33.121666],[133.064834,33.122024],[133.065472,33.122091],[133.067559,33.122582],[133.068321,33.122849],[133.069646,33.123032],[133.071159,33.123191],[133.071321,33.123299],[133.071596,33.123616],[133.072096,33.12454],[133.071758,33.12569],[133.071591,33.1264],[133.071458,33.127082],[133.071433,33.127673],[133.071908,33.12864],[133.071933,33.129565],[133.072071,33.129723],[133.072871,33.130265],[133.073808,33.131231],[133.074358,33.131748],[133.074683,33.132381],[133.074821,33.132873],[133.074796,33.132898],[133.074821,33.133056],[133.074608,33.134023],[133.074433,33.134381],[133.073808,33.135081],[133.072846,33.135914],[133.072796,33.136122],[133.073233,33.136414],[133.073621,33.136747],[133.073646,33.137039],[133.073421,33.137514],[133.073346,33.137947],[133.073533,33.138305],[133.073483,33.138755],[133.073508,33.139247],[133.073708,33.139747],[133.073646,33.13988],[133.073208,33.140555],[133.073121,33.140963],[133.073208,33.141888],[133.073408,33.142363],[133.073846,33.143013],[133.074308,33.143846],[133.074645,33.144613],[133.075083,33.145104],[133.07517,33.145238],[133.075245,33.146213],[133.075053,33.146437],[133.07497,33.146771],[133.075108,33.146821],[133.075745,33.147338],[133.076158,33.147496],[133.076845,33.147496],[133.077395,33.147446],[133.077807,33.147579],[133.07827,33.148146],[133.07847,33.148212],[133.078907,33.147854],[133.079295,33.147404],[133.079482,33.146771],[133.07967,33.146721],[133.080195,33.146946],[133.080745,33.147038],[133.081495,33.147038],[133.082319,33.146921],[133.083282,33.146946],[133.084044,33.147129],[133.084407,33.146988],[133.084782,33.146696],[133.085419,33.146563],[133.085969,33.146355],[133.086494,33.146063],[133.086744,33.145996],[133.088144,33.145905],[133.088694,33.145813],[133.089406,33.14523],[133.090206,33.144797],[133.090531,33.14448],[133.091306,33.144213],[133.091956,33.143805],[133.092431,33.143314],[133.092531,33.143264],[133.093056,33.143239],[133.093718,33.143264],[133.094456,33.143239],[133.095093,33.143264],[133.095256,33.143305],[133.095556,33.14358],[133.095556,33.143822],[133.095481,33.144363],[133.095043,33.144972],[133.094518,33.14678],[133.094381,33.147455],[133.094468,33.14793],[133.094656,33.148605],[133.094656,33.14883],[133.09438,33.149979],[133.09438,33.150271],[133.093918,33.150971],[133.093368,33.151512],[133.093043,33.151579],[133.092793,33.151671],[133.092306,33.152029],[133.091368,33.152612],[133.090593,33.153046],[133.090106,33.153404],[133.089993,33.153454],[133.089556,33.15377],[133.089418,33.154062],[133.089856,33.15467],[133.090131,33.156112],[133.090518,33.157395],[133.09063,33.157936],[133.090743,33.158178],[133.090993,33.158545],[133.092743,33.159353],[133.092943,33.159461],[133.093355,33.159911],[133.093655,33.160478],[133.09413,33.160928],[133.094317,33.161036],[133.094755,33.161644],[133.094867,33.161711],[133.09633,33.161686],[133.09698,33.161844],[133.097542,33.162253],[133.097954,33.162728],[133.098254,33.163286],[133.098479,33.164502],[133.098617,33.164819],[133.099267,33.164886],[133.100891,33.164819],[133.101554,33.164744],[133.101991,33.164453],[133.102466,33.164003],[133.103141,33.163619],[133.104304,33.163236],[133.104691,33.163169],[133.104879,33.163211],[133.106003,33.163819],[133.106228,33.163844],[133.106441,33.163686],[133.106641,33.163619],[133.107741,33.163544],[133.108291,33.163594],[133.109028,33.163503],[133.109328,33.163503],[133.110265,33.163611],[133.110903,33.163661],[133.111503,33.163545],[133.112353,33.163045],[133.113219,33.162434],[133.113219,33.162239],[133.112578,33.16197],[133.112215,33.161561],[133.11224,33.160953],[133.11274,33.160053],[133.112903,33.159828],[133.11384,33.15942],[133.114278,33.158987],[133.114553,33.158854],[133.115078,33.159012],[133.115653,33.159012],[133.116915,33.158829],[133.11719,33.158895],[133.117352,33.159279],[133.117552,33.159554],[133.11794,33.159779],[133.11859,33.160337],[133.119152,33.160745],[133.119839,33.161078],[133.120802,33.161778],[133.121177,33.161753],[133.121677,33.161595],[133.122002,33.16162],[133.122276,33.16182],[133.122864,33.161962],[133.123551,33.162087],[133.124476,33.162078],[133.124926,33.161928],[133.125076,33.161978],[133.126076,33.162487],[133.126438,33.163095],[133.126776,33.163387],[133.126988,33.16377],[133.127338,33.164078],[133.127738,33.164911],[133.1278,33.165911],[133.128,33.166236],[133.128625,33.166578],[133.129,33.166869],[133.129525,33.168028],[133.130062,33.169019],[133.130412,33.169444],[133.130687,33.169686],[133.13095,33.169702],[133.131025,33.169677],[133.131425,33.169219],[133.13195,33.168236],[133.13235,33.167861],[133.1328,33.167844],[133.133412,33.168178],[133.133487,33.168161],[133.133837,33.167861],[133.134224,33.167261],[133.134499,33.166953],[133.134812,33.166895],[133.135149,33.167128],[133.135262,33.167244],[133.135574,33.167378],[133.136262,33.167311],[133.136962,33.167203],[133.137612,33.167269],[133.138874,33.167245],[133.139524,33.167669],[133.140149,33.168203],[133.140799,33.168661],[133.141536,33.169003],[133.142736,33.169419],[133.143398,33.169761],[133.143561,33.170069],[133.143623,33.170402],[133.143748,33.170719],[133.144085,33.170936],[133.145035,33.171052],[133.14541,33.171161],[133.145823,33.171502],[133.146085,33.171911],[133.14626,33.172369],[133.14626,33.17251],[133.146473,33.17301],[133.146785,33.173469],[133.146985,33.173919],[133.147247,33.174352],[133.14766,33.174827],[133.14816,33.175227],[133.148822,33.175568],[133.14921,33.175935],[133.149609,33.176235],[133.150547,33.177026],[133.150834,33.177443],[133.151322,33.178418],[133.151622,33.17886],[133.152047,33.179126],[133.152634,33.179393],[133.153084,33.179701],[133.153471,33.179826],[133.153959,33.179826],[133.154409,33.17991],[133.155171,33.18026],[133.155509,33.180584],[133.155734,33.181309],[133.155946,33.181768],[133.156271,33.182109],[133.156833,33.182459],[133.157421,33.182751],[133.157996,33.182968],[133.158558,33.183143],[133.159783,33.183326],[133.160395,33.183501],[133.160633,33.183626],[133.16092,33.184009],[133.16132,33.184209],[133.161933,33.185034],[133.162383,33.185426],[133.16307,33.185942],[133.163345,33.186292],[133.16362,33.186884],[133.164232,33.18805],[133.164445,33.188209],[133.16492,33.188267],[133.166095,33.188],[133.166632,33.187959],[133.167032,33.18805],[133.167432,33.188242],[133.167957,33.188317],[133.169144,33.18885],[133.169732,33.1889],[133.171419,33.189175],[133.172844,33.189642],[133.173231,33.189734],[133.173731,33.189742],[133.174244,33.189692],[133.174494,33.189642],[133.174994,33.189459],[133.175456,33.189176],[133.175969,33.188984],[133.176544,33.188884],[133.176969,33.188776],[133.177394,33.188492],[133.178556,33.187584],[133.178931,33.187101],[133.179256,33.186168],[133.179369,33.185993],[133.180444,33.18481],[133.181618,33.183976],[133.181943,33.183652],[133.182343,33.183368],[133.182881,33.183177],[133.183056,33.182993],[133.183231,33.18256],[133.183181,33.182135],[133.182981,33.18181],[133.182668,33.18101],[133.182393,33.18051],[133.182331,33.180102],[133.182406,33.17936],[133.182581,33.179002],[133.182681,33.178044],[133.182519,33.177469],[133.182206,33.176894],[133.181906,33.176561],[133.181569,33.176319],[133.181019,33.176069],[133.179756,33.175344],[133.179356,33.175286],[133.178969,33.175161],[133.178169,33.174611],[133.177982,33.174336],[133.176507,33.173211],[133.175644,33.173095],[133.175469,33.173003],[133.175269,33.172628],[133.175182,33.17237],[133.17482,33.172045],[133.174007,33.171153],[133.173745,33.17077],[133.173582,33.170337],[133.173482,33.17002],[133.17357,33.169278],[133.17372,33.168928],[133.17367,33.168587],[133.17307,33.16777],[133.172645,33.16727],[133.172133,33.166979],[133.171645,33.16682],[133.171145,33.16677],[133.17097,33.166712],[133.170933,33.166595],[133.171033,33.165729],[133.17102,33.165321],[133.170983,33.165221],[133.17067,33.165071],[133.16982,33.164937],[133.169283,33.164671],[133.16887,33.164212],[133.168758,33.163979],[133.168558,33.163187],[133.167833,33.162554],[133.167471,33.162038],[133.167271,33.161538],[133.167258,33.161071],[133.166958,33.160704],[133.166508,33.160496],[133.166209,33.160121],[133.165821,33.159838],[133.165434,33.159746],[133.165196,33.159455],[133.164584,33.159005],[133.163984,33.158621],[133.163496,33.158121],[133.162972,33.15773],[133.162522,33.157346],[133.162484,33.157188],[133.162209,33.156755],[133.161634,33.156113],[133.161334,33.155572],[133.160884,33.154872],[133.160397,33.154713],[133.159835,33.15468],[133.159172,33.154705],[133.15861,33.154597],[133.158322,33.154438],[133.157472,33.153597],[133.157172,33.153122],[133.156985,33.152505],[133.156598,33.152297],[133.156185,33.151972],[133.15601,33.151564],[133.155773,33.150756],[133.155523,33.150156],[133.15526,33.149639],[133.154798,33.149023],[133.154173,33.148598],[133.153111,33.147698],[133.152598,33.147356],[133.151911,33.146998],[133.152011,33.146764],[133.152536,33.146673],[133.152773,33.146673],[133.153248,33.146598],[133.153448,33.146465],[133.153898,33.145956],[133.154761,33.144898],[133.155148,33.144282],[133.155373,33.14379],[133.155523,33.143323],[133.155761,33.143082],[133.155973,33.142099],[133.156186,33.141557],[133.156086,33.141032],[133.156698,33.140432],[133.156936,33.139982],[133.156911,33.139657],[133.157248,33.139332],[133.157523,33.138974],[133.157561,33.138749],[133.157836,33.138366],[133.158123,33.138108],[133.158686,33.137974],[133.159323,33.137683],[133.15996,33.137774],[133.16006,33.137766],[133.160635,33.137441],[133.160748,33.137166],[133.160573,33.136875],[133.160648,33.136675],[133.16101,33.136583],[133.161498,33.136391],[133.161923,33.135908],[133.16226,33.135833],[133.162785,33.136058],[133.16283,33.136006],[133.162835,33.135766],[133.162773,33.135408],[133.162873,33.135225],[133.164073,33.135308],[133.163973,33.135075],[133.163848,33.135042],[133.16341,33.1348],[133.163248,33.134633],[133.162585,33.134267],[133.16211,33.134125],[133.162073,33.134075],[133.162023,33.13385],[133.16181,33.133717],[133.16161,33.133492],[133.161585,33.1334],[133.161548,33.133392],[133.161148,33.132575],[133.161086,33.132542],[133.161098,33.13235],[133.161023,33.132242],[133.160636,33.1319],[133.160611,33.131609],[133.160523,33.13145],[133.160173,33.131159],[133.160173,33.131092],[133.159886,33.130742],[133.159523,33.130425],[133.159261,33.130117],[133.159123,33.12985],[133.159098,33.129559],[133.159161,33.129401],[133.159161,33.129042],[133.159036,33.128759],[133.159036,33.128467],[133.158936,33.128034],[133.158774,33.127842],[133.158724,33.127492],[133.158499,33.127001],[133.158399,33.126426],[133.158424,33.126101],[133.158611,33.126051],[133.158749,33.126109],[133.159086,33.125909],[133.158911,33.125343],[133.158749,33.125326],[133.158574,33.125143],[133.158274,33.125176],[133.158099,33.125143],[133.157849,33.125409],[133.157711,33.125434],[133.157761,33.125059],[133.157724,33.124834],[133.157511,33.124951],[133.157436,33.125143],[133.157286,33.125334],[133.157186,33.125343],[133.157036,33.125526],[133.156986,33.125768],[133.156699,33.125926],[133.156212,33.125984],[133.155774,33.125809],[133.154787,33.125209],[133.154699,33.124984],[133.154537,33.124851],[133.154587,33.124759],[133.154399,33.124201],[133.154312,33.124068],[133.154187,33.123301],[133.154,33.12286],[133.15365,33.122501],[133.153225,33.121935],[133.153149,33.121625],[133.153193,33.121091],[133.153287,33.120277],[133.153637,33.11921],[133.15385,33.11881],[133.153925,33.118169],[133.153787,33.117827],[133.153725,33.117702],[133.153544,33.117572],[133.153125,33.117319],[133.15295,33.117069],[133.1528,33.117002],[133.152675,33.11686],[133.152488,33.116211],[133.15235,33.115919],[133.151838,33.115411],[133.151375,33.115044],[133.150775,33.114486],[133.150375,33.114319],[133.1503,33.114102],[133.150275,33.113877],[133.150113,33.113744],[133.150025,33.113552],[133.149963,33.113486],[133.149888,33.113161],[133.149726,33.112878],[133.149426,33.112711],[133.149488,33.112628],[133.149413,33.112486],[133.149226,33.112444],[133.149138,33.112394],[133.149313,33.111953],[133.149101,33.111628],[133.148588,33.111669],[133.148363,33.111586],[133.148213,33.111586],[133.147838,33.111411],[133.147538,33.111069],[133.147438,33.110436],[133.147601,33.110294],[133.147751,33.110095],[133.147813,33.110061],[133.148101,33.10947],[133.148251,33.108436],[133.148363,33.108103],[133.148301,33.10807],[133.148238,33.107795],[133.148013,33.10737],[133.148013,33.107253],[133.147726,33.106903],[133.147551,33.106537],[133.147539,33.106253],[133.147589,33.106028],[133.147701,33.105903],[133.147714,33.10572],[133.147851,33.105378],[133.147964,33.105237],[133.147951,33.105187],[133.147814,33.105045],[133.147714,33.10482],[133.147639,33.10477],[133.147576,33.104803],[133.147389,33.10472],[133.147301,33.10472],[133.147226,33.104887],[133.147314,33.105045],[133.146851,33.10527],[133.146564,33.105278],[133.145476,33.104303],[133.145214,33.104128],[133.145064,33.104112],[133.144664,33.103937],[133.144364,33.103545],[133.144189,33.102887],[133.144264,33.102645],[133.144602,33.102362],[133.144489,33.102079],[133.144389,33.102037],[133.144414,33.10182],[133.144064,33.10147],[133.144064,33.10112],[133.143839,33.100946],[133.143602,33.100862],[133.143539,33.100754],[133.142952,33.100671],[133.142864,33.100637],[133.142702,33.100437],[133.142677,33.100037],[133.142989,33.099721],[133.142839,33.099421],[133.142777,33.099071],[133.142889,33.098937],[133.143227,33.098846],[133.143627,33.098812],[133.143677,33.098637],[133.143427,33.098487],[133.14343,33.098341],[133.143591,33.09833],[133.143577,33.098096],[133.143152,33.097654],[133.142889,33.097588],[133.14275,33.097593],[133.142566,33.097581],[133.142213,33.097506],[133.14164,33.097354],[133.141302,33.097338],[133.141115,33.097388],[133.140715,33.097413],[133.140277,33.097321],[133.140115,33.097321],[133.139802,33.097254],[133.13964,33.096471],[133.13954,33.096296],[133.13894,33.095763],[133.138828,33.095413],[133.138628,33.095304],[133.138528,33.095154],[133.138603,33.094713],[133.138728,33.094704],[133.138765,33.094729],[133.138865,33.094979],[133.13909,33.094988],[133.139153,33.094963],[133.139228,33.094604],[133.138878,33.094479],[133.13859,33.094096],[133.13834,33.093988],[133.137953,33.094005],[133.13744,33.094071],[133.13714,33.094046],[133.137103,33.094046],[133.137165,33.093888],[133.13714,33.093788],[133.13704,33.093788],[133.13694,33.09388],[133.136728,33.093721],[133.136653,33.093596],[133.13644,33.093405],[133.136403,33.093205],[133.136453,33.09318],[133.13659,33.093196],[133.136778,33.093138],[133.136803,33.093088],[133.136678,33.093013],[133.136328,33.093088],[133.136078,33.092896],[133.136178,33.09283],[133.136115,33.09273],[133.135566,33.092646],[133.135453,33.092538],[133.135853,33.09253],[133.135865,33.09238],[133.135803,33.092321],[133.135603,33.092255],[133.135403,33.092055],[133.134428,33.091596],[133.134228,33.091371],[133.133978,33.091296],[133.133753,33.091455],[133.133541,33.091363],[133.133228,33.091346],[133.132816,33.091505],[133.132353,33.091438],[133.132303,33.091446],[133.132141,33.091346],[133.131903,33.091313],[133.131366,33.091371],[133.131091,33.09123],[133.131091,33.091063],[133.131179,33.091038],[133.131379,33.090896],[133.131429,33.090813],[133.131354,33.090571],[133.131116,33.090396],[133.130766,33.090071],[133.130291,33.089947],[133.130191,33.090046],[133.129929,33.089847],[133.129666,33.089763],[133.129541,33.08983],[133.129541,33.089921],[133.129941,33.090388],[133.129929,33.09073],[133.129854,33.090921],[133.129366,33.091213],[133.129154,33.091296],[133.128516,33.091305],[133.128241,33.091155],[133.127816,33.091138],[133.127591,33.091055],[133.127479,33.09083],[133.127666,33.09063],[133.127579,33.090405],[133.127479,33.090346],[133.127117,33.090296],[133.127029,33.090138],[133.127079,33.089971],[133.126967,33.08988],[133.126579,33.089771],[133.126492,33.089613],[133.125817,33.089305],[133.125192,33.089121],[133.124429,33.088988],[133.123954,33.088838],[133.123479,33.088463],[133.122817,33.087872],[133.122453,33.087799],[133.12233,33.087888],[133.122005,33.08778],[133.121755,33.087647],[133.121417,33.087213],[133.121117,33.087013],[133.120842,33.08688],[133.12068,33.086747],[133.120555,33.08663],[133.120292,33.086563],[133.119755,33.086563],[133.11873,33.08668],[133.118318,33.086297],[133.11788,33.086138],[133.11773,33.086005],[133.117668,33.085597],[133.117555,33.085305],[133.117168,33.085038],[133.116818,33.084855],[133.11643,33.08418],[133.11608,33.084089],[133.115368,33.083639],[133.115255,33.08353],[133.114893,33.082514],[133.114831,33.082089],[133.114868,33.081414],[133.114593,33.081122],[133.114156,33.080756],[133.113768,33.080264],[133.113393,33.080197],[133.112918,33.080222],[133.112768,33.080172],[133.112181,33.079589],[133.112031,33.078756],[133.112131,33.078714],[133.114618,33.077114],[133.114693,33.076389],[133.115268,33.074606],[133.114718,33.074556],[133.11457,33.075607],[133.114356,33.076831],[133.114022,33.076837],[133.114043,33.076756],[133.114131,33.076464],[133.113418,33.076356],[133.112806,33.076239],[133.113131,33.075431],[133.113381,33.074206],[133.113056,33.07409],[133.112806,33.074023],[133.112681,33.074823],[133.112544,33.075323],[133.112331,33.075064],[133.111994,33.074831],[133.112044,33.075273],[133.111769,33.075681],[133.111781,33.075964],[133.111406,33.076323],[133.110669,33.076823],[133.110494,33.077364],[133.110144,33.077764],[133.109906,33.077947],[133.109819,33.077972],[133.108819,33.077814],[133.108944,33.077522],[133.109206,33.077381],[133.109531,33.077156],[133.108906,33.077272],[133.108494,33.077314],[133.107707,33.076464],[133.107844,33.076281],[133.108056,33.076531],[133.108731,33.076464],[133.109381,33.076348],[133.109969,33.076189],[133.110344,33.076064],[133.110644,33.076048],[133.110706,33.075973],[133.111056,33.075614],[133.110969,33.075523],[133.110694,33.075314],[133.110256,33.075756],[133.109969,33.075864],[133.109381,33.075998],[133.109256,33.076006],[133.109044,33.075748],[133.108819,33.075514],[133.108481,33.075789],[133.108282,33.075481],[133.108132,33.075548],[133.107457,33.075339],[133.106407,33.074439],[133.105957,33.073989],[133.104957,33.072706],[133.104745,33.072273],[133.104807,33.071873],[133.104957,33.071331],[133.105032,33.070856],[133.105332,33.070765],[133.105894,33.070456],[133.106032,33.070231],[133.106507,33.07034],[133.107794,33.069598],[133.107507,33.06919],[133.107682,33.068832],[133.108144,33.068332],[133.108232,33.06829],[133.108532,33.06829],[133.108682,33.068448],[133.108994,33.068515],[133.109207,33.068448],[133.109382,33.068315],[133.109382,33.068198],[133.109057,33.067865],[133.108707,33.067932],[133.108582,33.068107],[133.108232,33.068132],[133.108144,33.067798],[133.108169,33.067615],[133.108232,33.067615],[133.108344,33.067365],[133.108532,33.067257],[133.108469,33.067032],[133.108519,33.066982],[133.108607,33.066757],[133.108994,33.06669],[133.109107,33.066424],[133.109019,33.066149],[133.108782,33.066015],[133.108782,33.065765],[133.108907,33.06579],[133.109232,33.065749],[133.109257,33.065682],[133.108869,33.065524],[133.108457,33.065407],[133.108369,33.065499],[133.108319,33.065499],[133.108194,33.065382],[133.107669,33.065157],[133.107545,33.06444],[133.107643,33.064157],[133.107695,33.064149],[133.107957,33.064099],[133.108282,33.063791],[133.108282,33.063449],[133.108394,33.063199],[133.108719,33.062999],[133.108694,33.062749],[133.108569,33.062549],[133.108282,33.062457],[133.108195,33.062482],[133.107832,33.062416],[133.10772,33.062299],[133.107595,33.061807],[133.107332,33.061449],[133.107132,33.061291],[133.106507,33.061266],[133.106095,33.061091],[133.105157,33.061107],[133.104507,33.061249],[133.104157,33.061182],[133.103595,33.061132],[133.103183,33.061041],[133.10292,33.060574],[133.10262,33.060366],[133.102033,33.060074],[133.101745,33.059966],[133.10127,33.059899],[133.10127,33.059874],[133.100858,33.059691],[133.100708,33.059582],[133.100383,33.059174],[133.099971,33.058841],[133.099533,33.058657],[133.099408,33.058416],[133.099121,33.057983],[133.098971,33.057558],[133.098971,33.057108],[133.098796,33.056274],[133.098846,33.054875],[133.098608,33.054583],[133.098258,33.054291],[133.098021,33.054275],[133.097783,33.053825],[133.097783,33.053616],[133.097983,33.053233],[133.097958,33.053216],[133.098158,33.052741],[133.098246,33.052425],[133.098246,33.052291],[133.098096,33.051725],[133.098008,33.051183],[133.098096,33.050667],[133.097946,33.050375],[133.097309,33.0502],[133.096834,33.049975],[133.096446,33.049592],[133.096209,33.049183],[133.096121,33.048733],[133.096209,33.048308],[133.096209,33.04795],[133.095909,33.046525],[133.096059,33.046167],[133.096059,33.045334],[133.095934,33.045017],[133.095671,33.044842],[133.095546,33.044592],[133.095496,33.044184],[133.095521,33.043784],[133.095934,33.042992],[133.096046,33.042567],[133.096109,33.042067],[133.096097,33.041667],[133.096009,33.041217],[133.095859,33.040809],[133.095572,33.040384],[133.095072,33.039959],[133.094922,33.039884],[133.094484,33.039551],[133.094072,33.039126],[133.094034,33.038901],[133.094184,33.038626],[133.094272,33.038309],[133.094209,33.037593],[133.093997,33.037051],[133.093709,33.036559],[133.093584,33.036218],[133.093472,33.035676],[133.093285,33.035118],[133.093085,33.034018],[133.09311,33.03386],[133.093485,33.033335],[133.093547,33.032935],[133.093522,33.032302],[133.093572,33.03181],[133.093872,33.031518],[133.094547,33.031218],[133.095072,33.03106],[133.095484,33.030835],[133.096122,33.030185],[133.096572,33.029802],[133.096834,33.029394],[133.096947,33.028969],[133.096859,33.028627],[133.096772,33.028477],[133.096822,33.027485],[133.096972,33.026336],[133.097109,33.026044],[133.097085,33.025661],[133.096647,33.024936],[133.095785,33.024336],[133.095135,33.023902],[133.09431,33.023569],[133.093897,33.023636],[133.09326,33.023861],[133.092935,33.023819],[133.092873,33.023752],[133.092135,33.023911],[133.09161,33.024136],[133.091198,33.024452],[133.090823,33.02501],[133.09006,33.025685],[133.089648,33.026027],[133.089385,33.026185],[133.088585,33.02641],[133.087735,33.026544],[133.087123,33.026593],[133.086711,33.026452],[133.086298,33.025869],[133.086086,33.025802],[133.085823,33.025552],[133.085361,33.025352],[133.084973,33.025444],[133.084098,33.025785],[133.083473,33.026077],[133.082948,33.026368],[133.082511,33.026552],[133.082011,33.026818],[133.081686,33.027093],[133.081186,33.027385],[133.080986,33.02756],[133.080686,33.028035],[133.080549,33.028393],[133.080598,33.02876],[133.080598,33.029068],[133.080311,33.029518],[133.080073,33.030018],[133.079786,33.031143],[133.079611,33.031618],[133.079373,33.031934],[133.078699,33.032226],[133.078374,33.032401],[133.077699,33.032676],[133.076674,33.032968],[133.076124,33.033243],[133.075561,33.033867],[133.074624,33.034684],[133.075099,33.035017],[133.074711,33.035267],[133.074186,33.034884],[133.074124,33.034909],[133.073974,33.035109],[133.073711,33.035201],[133.073449,33.035559],[133.073186,33.036009],[133.073036,33.036459],[133.072811,33.036909],[133.072486,33.037225],[133.071986,33.037492],[133.071399,33.03765],[133.070961,33.037834],[133.070549,33.03795],[133.069374,33.037592],[133.068962,33.037517],[133.068487,33.037634],[133.068249,33.037525],[133.067899,33.037409],[133.067724,33.03745],[133.066549,33.037608],[133.064899,33.03775],[133.064399,33.037617],[133.063462,33.036942],[133.062225,33.036742],[133.061812,33.036783],[133.061337,33.0369],[133.060787,33.036942],[133.06025,33.036717],[133.0596,33.036083],[133.059275,33.036],[133.059012,33.036075],[133.058613,33.036067],[133.058438,33.036117],[133.059238,33.037128],[133.05915,33.037142],[133.058662,33.037233],[133.058675,33.037558],[133.059225,33.037575],[133.0596,33.038625],[133.058912,33.038883],[133.058812,33.038716],[133.058512,33.038875],[133.058387,33.038675],[133.058225,33.038691],[133.058225,33.0388],[133.058275,33.039158],[133.057637,33.039216],[133.056913,33.039308],[133.056438,33.039241],[133.056025,33.039425],[133.055675,33.039441],[133.055263,33.039375],[133.053201,33.0383],[133.052638,33.038166],[133.051876,33.0381],[133.050413,33.037849],[133.049763,33.037824],[133.049201,33.037849],[133.048151,33.038191],[133.047701,33.038416],[133.047501,33.038458],[133.047289,33.038299],[133.047001,33.038258],[133.046976,33.038433],[133.046764,33.038591],[133.045476,33.038683],[133.044739,33.038666],[133.044064,33.038574],[133.043589,33.038391],[133.043114,33.038083],[133.042764,33.037924],[133.042439,33.037899],[133.042289,33.037583],[133.041914,33.037274],[133.041377,33.037183],[133.040964,33.037199],[133.040558,33.036931],[133.040564,33.037049],[133.040614,33.037608],[133.040414,33.037633],[133.040289,33.037766],[133.040202,33.038057],[133.040152,33.038466],[133.040089,33.038666],[133.039914,33.038666],[133.039714,33.038491],[133.03924,33.037857],[133.03889,33.037657],[133.038565,33.037432],[133.038177,33.037432],[133.03744,33.037299],[133.03689,33.037024],[133.03674,33.037116],[133.036852,33.037366],[133.037065,33.037566],[133.037065,33.037607],[133.036977,33.037607],[133.036702,33.037499],[133.03659,33.037207],[133.036027,33.036916],[133.035378,33.036466],[133.034915,33.036332],[133.034493,33.03607],[133.034028,33.035766],[133.033503,33.035474],[133.032728,33.034849],[133.032361,33.034675],[133.032003,33.034333],[133.031503,33.034016],[133.031116,33.033724],[133.030878,33.033608],[133.030028,33.033449],[133.029616,33.033408],[133.029353,33.033408],[133.029116,33.033316],[133.029185,33.033031],[133.029266,33.032708],[133.029141,33.032283],[133.028841,33.031741],[133.027604,33.030891],[133.026466,33.030166],[133.025729,33.029649],[133.025316,33.029474],[133.024954,33.029025],[133.024748,33.028828],[133.024541,33.028641],[133.024254,33.0283],[133.024006,33.028141],[133.023779,33.027991],[133.022992,33.027383],[133.021929,33.026458],[133.021454,33.0261],[133.020929,33.025766],[133.020734,33.025554],[133.02048,33.025225],[133.01983,33.024458],[133.019417,33.02405],[133.01913,33.023833],[133.019042,33.023717],[133.018367,33.0232],[133.017917,33.022525],[133.017767,33.022458],[133.01713,33.021875],[133.01698,33.021517],[133.016655,33.021217],[133.016118,33.020925],[133.01568,33.020592],[133.015505,33.0203],[133.01533,33.019875],[133.014768,33.019442],[133.014618,33.0192],[133.014618,33.019108],[133.01438,33.018725],[133.014118,33.018475],[133.013318,33.017442],[133.012993,33.01695],[133.012268,33.016],[133.011756,33.015259],[133.011393,33.014859],[133.011781,33.014642],[133.013356,33.013859],[133.013231,33.013701],[133.012831,33.013117],[133.012968,33.013034],[133.013143,33.012884],[133.013118,33.012742],[133.012993,33.012726],[133.012756,33.012792],[133.012656,33.012876],[133.012281,33.012342],[133.012356,33.012217],[133.012356,33.012084],[133.012318,33.012034],[133.012156,33.011801],[133.012042,33.011713],[133.011967,33.011705],[133.011881,33.011759],[133.011693,33.011809],[133.011381,33.012017],[133.011443,33.012151],[133.011556,33.012334],[133.011468,33.012426],[133.011343,33.012501],[133.011468,33.012792],[133.011618,33.012692],[133.011743,33.012651],[133.012168,33.013192],[133.012243,33.013142],[133.012431,33.013042],[133.012506,33.013167],[133.012831,33.013776],[133.011443,33.014476],[133.011143,33.014184],[133.011218,33.014109],[133.011343,33.014026],[133.010768,33.013226],[133.011131,33.013034],[133.011076,33.012894],[133.010993,33.012684],[133.010631,33.012917],[133.009769,33.011426],[133.009406,33.011609],[133.009369,33.011609],[133.009344,33.011459],[133.009394,33.010626],[133.009519,33.009909],[133.009456,33.009618],[133.008631,33.009326],[133.008331,33.008893],[133.008219,33.008443],[133.008306,33.008334],[133.008606,33.008218],[133.009069,33.007926],[133.009219,33.007451],[133.009131,33.007276],[133.008806,33.007026],[133.00866,33.006819],[133.008631,33.006576],[133.008594,33.006376],[133.008307,33.006035],[133.007944,33.00581],[133.007507,33.005435],[133.007307,33.005051],[133.007182,33.004601],[133.007157,33.004151],[133.007269,33.003701],[133.007269,33.003418],[133.006882,33.001985],[133.006744,33.00176],[133.006282,33.001827],[133.006032,33.001985],[133.005782,33.001785],[133.005382,33.001535],[133.005719,33.001402],[133.00537,32.999952],[133.00537,32.999643],[133.006107,32.999452],[133.006332,32.999293],[133.005832,32.998694],[133.00617,32.998602],[133.006557,32.998335],[133.006495,32.998194],[133.00547,32.997077],[133.00557,32.996835],[133.006132,32.996594],[133.00632,32.996544],[133.006295,32.996427],[133.006295,32.996319],[133.006457,32.996302],[133.007544,32.998202],[133.007669,32.998352],[133.008046,32.998209],[133.007619,32.997394],[133.007482,32.997152],[133.007769,32.997427],[133.008532,32.999102],[133.008669,32.999119],[133.008507,32.998735],[133.009082,32.99851],[133.009107,32.998244],[133.008969,32.998085],[133.008419,32.998085],[133.008094,32.997835],[133.008069,32.997585],[133.008257,32.997569],[133.008282,32.997494],[133.008207,32.997477],[133.008007,32.997319],[133.007957,32.997319],[133.007707,32.997135],[133.007657,32.996844],[133.007494,32.99651],[133.00727,32.996194],[133.007045,32.995469],[133.007132,32.994886],[133.007107,32.994594],[133.006907,32.994477],[133.006745,32.994436],[133.00617,32.994477],[133.005982,32.994569],[133.005807,32.994502],[133.00512,32.994327],[133.004545,32.994077],[133.004057,32.993444],[133.003308,32.993086],[133.00317,32.992969],[133.00282,32.992436],[133.002233,32.991261],[133.002183,32.991036],[133.002158,32.990086],[133.001795,32.988828],[133.001445,32.987878],[133.00152,32.987186],[133.001445,32.986211],[133.001545,32.986053],[133.001745,32.985878],[133.00177,32.985628],[133.001633,32.985353],[133.001133,32.985178],[133.000808,32.98477],[133.000508,32.984278],[133.000396,32.983911],[132.999821,32.982811],[132.999321,32.981345],[132.999108,32.980828],[132.998814,32.980521],[132.998308,32.980337],[132.999399,32.980222],[133.000233,32.979837],[133.000696,32.979703],[133.000946,32.97952],[133.000996,32.97927],[133.001221,32.979095],[133.001246,32.978887],[133.000696,32.978412],[133.000746,32.978328],[133.000883,32.978328],[133.001083,32.978437],[133.001221,32.978412],[133.001221,32.978237],[133.001083,32.977945],[133.000858,32.977828],[133.000833,32.977628],[133.000996,32.977512],[133.001383,32.97747],[133.001408,32.977404],[133.001358,32.977195],[133.001408,32.977179],[133.001571,32.977179],[133.001771,32.977537],[133.001933,32.977487],[133.001958,32.977329],[133.001908,32.977287],[133.001796,32.977037],[133.001821,32.97697],[133.001933,32.976879],[133.002208,32.97702],[133.002296,32.977445],[133.002508,32.977404],[133.003308,32.976945],[133.003583,32.976679],[133.004295,32.976587],[133.004658,32.976312],[133.00482,32.976045],[133.005008,32.97582],[133.00507,32.97577],[133.00512,32.975529],[133.005208,32.975479],[133.005345,32.975279],[133.005233,32.975146],[133.004633,32.975054],[133.004408,32.975054],[133.004321,32.974937],[133.004383,32.974604],[133.004183,32.974562],[133.003971,32.974671],[133.002896,32.974579],[133.002296,32.97447],[133.001658,32.974112],[133.000946,32.973296],[133.000258,32.972537],[132.999784,32.971612],[132.999509,32.970954],[132.999459,32.970462],[132.999546,32.970096],[132.999371,32.969737],[132.999071,32.969262],[132.998909,32.968271],[132.998634,32.967846],[132.998746,32.967438],[132.998909,32.967129],[132.999409,32.966854],[132.999784,32.966538],[133.000096,32.965679],[132.999984,32.965363],[132.999734,32.965229],[132.999209,32.965296],[132.998971,32.965371],[132.998796,32.965479],[132.998634,32.965504],[132.998521,32.965279],[132.997946,32.965071],[132.997809,32.965054],[132.997596,32.964938],[132.997366,32.964788],[132.997247,32.964671],[132.997197,32.964379],[132.997334,32.964146],[132.997059,32.963655],[132.996947,32.963563],[132.996209,32.963471],[132.995934,32.963496],[132.995659,32.963338],[132.995409,32.962796],[132.994859,32.961113],[132.994384,32.960121],[132.994197,32.959355],[132.994134,32.95863],[132.994022,32.958388],[132.994084,32.958255],[132.994522,32.958247],[132.994597,32.958072],[132.994222,32.957755],[132.994247,32.957572],[132.994084,32.957413],[132.993997,32.957263],[132.99381,32.957147],[132.993772,32.957105],[132.993497,32.956947],[132.993397,32.956405],[132.99331,32.955663],[132.992997,32.954155],[132.992647,32.953005],[132.992785,32.951897],[132.992972,32.951222],[132.993322,32.950639],[132.99371,32.950297],[132.99456,32.950031],[132.994697,32.949872],[132.994647,32.949306],[132.994722,32.949147],[132.99511,32.948947],[132.995085,32.948881],[132.99481,32.948747],[132.994747,32.948522],[132.994785,32.948206],[132.994947,32.948089],[132.995335,32.948064],[132.995797,32.947864],[132.996322,32.947373],[132.996835,32.947281],[132.997197,32.947164],[132.997422,32.946981],[132.997534,32.946864],[132.998334,32.946364],[132.998607,32.946306],[132.998866,32.946283],[132.999159,32.946256],[132.999597,32.946365],[132.999922,32.946365],[133.000059,32.946165],[132.999984,32.945965],[132.999572,32.94574],[132.999409,32.94574],[132.999372,32.94569],[132.999409,32.945423],[132.999709,32.94504],[132.999647,32.944406],[133.000059,32.943973],[133.000309,32.943665],[133.000284,32.943365],[133.000197,32.943298],[132.999897,32.943323],[132.999847,32.943232],[132.998222,32.942623],[132.998085,32.942715],[132.997785,32.942648],[132.99741,32.942498],[132.997297,32.942415],[132.996935,32.941848],[132.996172,32.939415],[132.995747,32.937457],[132.995447,32.936649],[132.994922,32.934574],[132.994972,32.934016],[132.994872,32.933924],[132.99421,32.933766],[132.994148,32.933716],[132.99401,32.933874],[132.993798,32.934532],[132.99361,32.934932],[132.99361,32.935274],[132.993773,32.935565],[132.99366,32.93674],[132.993822,32.937032],[132.99306,32.938723],[132.993197,32.938815],[132.992923,32.93899],[132.99276,32.938898],[132.991823,32.939623],[132.991685,32.939848],[132.992373,32.94129],[132.992573,32.941223],[132.99331,32.941965],[132.993485,32.942348],[132.992272,32.942798],[132.991723,32.941873],[132.991498,32.941806],[132.991448,32.941715],[132.991885,32.941381],[132.991448,32.940706],[132.991635,32.940573],[132.99136,32.940207],[132.990923,32.940232],[132.990785,32.940007],[132.988585,32.941581],[132.988885,32.941923],[132.988335,32.942306],[132.987985,32.941898],[132.987548,32.942198],[132.987685,32.942331],[132.987548,32.942506],[132.98741,32.942465],[132.98581,32.944064],[132.984936,32.943348],[132.984848,32.943323],[132.984635,32.943225],[132.984523,32.943164],[132.984986,32.942739],[132.985511,32.942148],[132.987073,32.940731],[132.988385,32.939606],[132.990373,32.938382],[132.991598,32.937798],[132.988019,32.933398],[132.989073,32.933074],[132.989173,32.932999],[132.989173,32.932691],[132.989648,32.932457],[132.99016,32.932299],[132.990685,32.932299],[132.991298,32.932441],[132.992148,32.932366],[132.993048,32.932232],[132.993898,32.931966],[132.995197,32.931716],[132.99626,32.931624],[132.996972,32.931508],[132.997422,32.931483],[132.997672,32.931333],[132.998035,32.931266],[132.999072,32.931158],[132.999735,32.931174],[133.000197,32.931041],[133.000647,32.930816],[133.000809,32.930591],[133.000722,32.930366],[133.000397,32.930275],[133.000422,32.930116],[133.000609,32.930025],[133.000809,32.929983],[133.000859,32.929733],[133.000784,32.929533],[133.000097,32.929166],[132.99996,32.929125],[132.99951,32.929083],[132.998685,32.929125],[132.998251,32.929103],[132.997972,32.928991],[132.997735,32.928966],[132.997535,32.9289],[132.997385,32.92885],[132.997288,32.928763],[132.997197,32.92865],[132.996922,32.928175],[132.99681,32.927566],[132.99681,32.927075],[132.99686,32.926733],[132.996947,32.926733],[132.99741,32.926891],[132.997469,32.926871],[132.997735,32.926716],[132.998197,32.926217],[132.998497,32.926058],[132.998747,32.925858],[132.998772,32.925767],[132.99861,32.925725],[132.998335,32.925742],[132.99811,32.925725],[132.997785,32.925658],[132.997485,32.925658],[132.997385,32.925633],[132.997297,32.925608],[132.99711,32.925383],[132.997047,32.924867],[132.997185,32.924142],[132.997372,32.92385],[132.997897,32.923017],[132.998135,32.922592],[132.998472,32.922317],[132.999485,32.922184],[133.00006,32.92205],[133.000447,32.921842],[133.00061,32.9216],[133.00061,32.921325],[133.00081,32.921034],[133.001085,32.920676],[133.00166,32.921051],[133.002047,32.921684],[133.002122,32.921684],[133.002234,32.921526],[133.002097,32.920984],[133.002235,32.920876],[133.002484,32.920809],[133.002922,32.920376],[133.003272,32.920109],[133.003359,32.919526],[133.003484,32.919251],[133.004397,32.918243],[133.004659,32.917859],[133.004972,32.917476],[133.005422,32.917251],[133.005684,32.917201],[133.006409,32.917135],[133.006534,32.91711],[133.007134,32.916801],[133.007059,32.916185],[133.006797,32.915568],[133.006559,32.915718],[133.006497,32.915751],[133.006809,32.916601],[133.006734,32.916635],[133.006584,32.916685],[133.006534,32.916568],[133.006459,32.91641],[133.006122,32.916493],[133.005884,32.915918],[133.006034,32.915676],[133.006447,32.915626],[133.006597,32.915468],[133.006497,32.91536],[133.006234,32.915401],[133.006084,32.91536],[133.006084,32.915293],[133.006234,32.915018],[133.006644,32.91474],[133.006901,32.914565],[133.006997,32.91446],[133.007122,32.914168],[133.007234,32.913402],[133.007472,32.913085],[133.008109,32.912835],[133.009109,32.91266],[133.009196,32.91266],[133.009196,32.912502],[133.009018,32.912385],[133.008924,32.912181],[133.008871,32.911935],[133.008546,32.91131],[133.008346,32.911102],[133.007722,32.910677],[133.007134,32.91036],[133.006847,32.909894],[133.006809,32.909752],[133.006872,32.909552],[133.007047,32.909485],[133.007397,32.909219],[133.007659,32.909077],[133.007846,32.908836],[133.007696,32.908536],[133.007522,32.908294],[133.007272,32.906944],[133.007509,32.906827],[133.007746,32.906652],[133.007684,32.906536],[133.007184,32.906511],[133.006684,32.905994],[133.006272,32.905319],[133.006334,32.904894],[133.006972,32.904328],[133.007384,32.904036],[133.007184,32.903811],[133.007384,32.903636],[133.007296,32.903544],[133.007296,32.903478],[133.007446,32.903319],[133.007421,32.903253],[133.007271,32.903203],[133.007122,32.902911],[133.006909,32.902061],[133.006996,32.901853],[133.007049,32.901606],[133.006709,32.901361],[133.006497,32.90132],[133.006335,32.901285],[133.006084,32.901045],[133.005884,32.900728],[133.005884,32.900328],[133.005909,32.900278],[133.006522,32.900145],[133.007109,32.900078],[133.007521,32.899945],[133.007434,32.899878],[133.006884,32.899812],[133.006522,32.899653],[133.006472,32.899428],[133.006696,32.899087],[133.006971,32.898928],[133.007109,32.898795],[133.007146,32.898462],[133.007321,32.898053],[133.007671,32.897695],[133.008084,32.897129],[133.008221,32.896995],[133.008196,32.896929],[133.007896,32.896904],[133.007609,32.89652],[133.007196,32.896362],[133.006809,32.896295],[133.006246,32.895579],[133.006371,32.894929],[133.006809,32.894429],[133.006953,32.894316],[133.007096,32.894204],[133.007272,32.894018],[133.007334,32.893821],[133.007334,32.893371],[133.007096,32.892829],[133.007071,32.892679],[133.007246,32.892271],[133.007596,32.891688],[133.007884,32.891029],[133.008534,32.890155],[133.008733,32.889571],[133.008771,32.888555],[133.008433,32.887005],[133.008521,32.886397],[133.008696,32.885789],[133.009021,32.885314],[133.009283,32.884531],[133.009196,32.883722],[133.008608,32.883272],[133.008671,32.883089],[133.008896,32.882823],[133.009108,32.882389],[133.009308,32.882139],[133.009396,32.882123],[133.009571,32.882006],[133.009483,32.881781],[133.009396,32.881198],[133.009133,32.880998],[133.008008,32.881064],[133.007483,32.880998],[133.007096,32.880798],[133.006071,32.879756],[133.005446,32.879356],[133.004921,32.879356],[133.004246,32.879581],[133.003834,32.879781],[133.003509,32.879856],[133.002634,32.879806],[133.002046,32.879672],[133.001746,32.879422],[133.001596,32.879064],[133.001596,32.878731],[133.001534,32.878323],[133.001184,32.878073],[133.000859,32.877606],[133.000009,32.876931],[132.999684,32.876456],[132.999296,32.875981],[132.999121,32.875598],[132.999064,32.875305],[132.999059,32.874815],[132.999034,32.87439],[132.999271,32.87414],[132.999646,32.873982],[132.999734,32.873915],[132.999821,32.87364],[132.999621,32.873332],[132.998559,32.873124],[132.997971,32.872924],[132.997821,32.872832],[132.997734,32.87234],[132.997671,32.872024],[132.997421,32.871941],[132.997309,32.871907],[132.996984,32.871049],[132.996721,32.870749],[132.996221,32.870582],[132.995859,32.870591],[132.995584,32.870441],[132.995709,32.870374],[132.996171,32.870241],[132.996271,32.870107],[132.996046,32.869882],[132.995959,32.869866],[132.995372,32.869991],[132.995147,32.869891],[132.994772,32.869374],[132.994134,32.868691],[132.993884,32.868208],[132.993872,32.867816],[132.993972,32.867558],[132.994397,32.867325],[132.994771,32.8672],[132.995121,32.867208],[132.995534,32.867158],[132.995871,32.866967],[132.996246,32.866608],[132.996546,32.866067],[132.996646,32.865775],[132.996746,32.865117],[132.996771,32.864576],[132.996634,32.864226],[132.996359,32.864034],[132.995909,32.863892],[132.995146,32.863742],[132.994909,32.863667],[132.994596,32.863284],[132.994259,32.863092],[132.993771,32.862534],[132.993446,32.862384],[132.992959,32.862409],[132.992372,32.862567],[132.992072,32.862859],[132.991472,32.864316],[132.991234,32.864991],[132.990922,32.865341],[132.990247,32.865624],[132.989585,32.866124],[132.989247,32.866491],[132.988735,32.86679],[132.988147,32.867074],[132.987672,32.867407],[132.987311,32.867544],[132.986943,32.867631],[132.986495,32.867706],[132.986073,32.867681],[132.985685,32.867615],[132.98416,32.867173],[132.983623,32.866848],[132.983523,32.866648],[132.983698,32.866265],[132.983735,32.865823],[132.983844,32.865665],[132.984031,32.865422],[132.98391,32.865198],[132.983548,32.864965],[132.983348,32.864682],[132.983136,32.864573],[132.982323,32.864315],[132.982023,32.864465],[132.981973,32.864531],[132.981673,32.864556],[132.981011,32.864431],[132.980311,32.864398],[132.979773,32.864589],[132.979461,32.864573],[132.979286,32.864514],[132.978599,32.864489],[132.977424,32.864547],[132.976761,32.864347],[132.976186,32.864397],[132.975762,32.864564],[132.975187,32.864972],[132.974549,32.865197],[132.973862,32.86538],[132.972724,32.865522],[132.9723,32.865388],[132.972275,32.865322],[132.972137,32.865205],[132.971737,32.86523],[132.9714,32.865363],[132.97085,32.865488],[132.970175,32.865488],[132.969562,32.865388],[132.969437,32.865313],[132.969075,32.865255],[132.968512,32.865305],[132.968088,32.865496],[132.967638,32.865629],[132.967425,32.865654],[132.964938,32.865304],[132.963875,32.865021],[132.963151,32.864812],[132.962563,32.864762],[132.962113,32.864629],[132.961826,32.864596],[132.961051,32.864654],[132.960638,32.864579],[132.960188,32.864387],[132.960576,32.864071],[132.960763,32.863654],[132.960738,32.863479],[132.960563,32.863412],[132.960263,32.863412],[132.959763,32.863504],[132.959801,32.863104],[132.959763,32.862771],[132.959826,32.862346],[132.959563,32.862354],[132.959488,32.862271],[132.959226,32.862121],[132.959101,32.861804],[132.959114,32.861346],[132.959526,32.860713],[132.959464,32.859913],[132.959301,32.859771],[132.959239,32.859596],[132.958926,32.85943],[132.958851,32.859196],[132.958764,32.859146],[132.958014,32.859055],[132.957639,32.858355],[132.957414,32.858371],[132.957376,32.858388],[132.957451,32.858546],[132.957389,32.858788],[132.957289,32.858763],[132.957151,32.858546],[132.956901,32.85848],[132.956714,32.858588],[132.956776,32.858746],[132.956901,32.858863],[132.956864,32.859104],[132.956626,32.859546],[132.956589,32.859746],[132.956439,32.860104],[132.956514,32.860446],[132.956639,32.860763],[132.956651,32.861279],[132.956876,32.861662],[132.957126,32.861746],[132.957276,32.861862],[132.957451,32.862237],[132.957551,32.862721],[132.957376,32.862929],[132.956976,32.863021],[132.956689,32.862812],[132.956039,32.864287],[132.954914,32.865287],[132.954714,32.865145],[132.954926,32.864887],[132.954689,32.864762],[132.953852,32.864029],[132.954089,32.863362],[132.954389,32.863195],[132.954864,32.862979],[132.954914,32.862696],[132.955164,32.862596],[132.955639,32.862487],[132.955839,32.862379],[132.955776,32.862129],[132.955851,32.861812],[132.955864,32.861079],[132.955689,32.861004],[132.955276,32.861021],[132.954864,32.861079],[132.954289,32.861046],[132.953614,32.860962],[132.952402,32.860646],[132.951727,32.860387],[132.951177,32.860129],[132.951059,32.860054],[132.951439,32.859837],[132.951464,32.859804],[132.951285,32.859548],[132.951189,32.859362],[132.951027,32.858971],[132.951252,32.858179],[132.951202,32.858138],[132.950877,32.858146],[132.950677,32.858204],[132.950402,32.857888],[132.949977,32.857663],[132.94934,32.857471],[132.949265,32.856688],[132.949427,32.855904],[132.94964,32.85578],[132.95009,32.855771],[132.950552,32.855805],[132.950715,32.855788],[132.951277,32.855621],[132.951477,32.855246],[132.951565,32.854738],[132.951577,32.85443],[132.951777,32.854355],[132.952014,32.85408],[132.952002,32.853947],[132.952202,32.853747],[132.953289,32.853788],[132.953689,32.853755],[132.953814,32.853505],[132.954464,32.853313],[132.954377,32.852914],[132.953964,32.85233],[132.953889,32.852014],[132.954089,32.851789],[132.955139,32.851372],[132.955339,32.851314],[132.956264,32.851422],[132.956552,32.851197],[132.956764,32.850722],[132.957326,32.850272],[132.957189,32.850014],[132.956802,32.849956],[132.955777,32.850006],[132.955639,32.849797],[132.955664,32.849639],[132.955627,32.849339],[132.955489,32.849022],[132.955652,32.848656],[132.955627,32.848364],[132.955164,32.847948],[132.955489,32.846673],[132.955439,32.846031],[132.955127,32.845615],[132.954589,32.845356],[132.954127,32.845348],[132.95344,32.845431],[132.95294,32.845439],[132.952515,32.845281],[132.95254,32.845139],[132.952652,32.845081],[132.95269,32.845014],[132.95259,32.84484],[132.952502,32.844831],[132.952427,32.844673],[132.952465,32.844406],[132.952677,32.84404],[132.95304,32.843631],[132.953315,32.843498],[132.953577,32.843681],[132.953727,32.84369],[132.95399,32.843765],[132.954277,32.843906],[132.954452,32.84379],[132.954515,32.843565],[132.95459,32.843473],[132.954927,32.843532],[132.955214,32.843482],[132.955464,32.843223],[132.955852,32.843157],[132.956252,32.842348],[132.956027,32.841865],[132.956289,32.840899],[132.956627,32.840849],[132.956689,32.840482],[132.956864,32.840357],[132.957114,32.840324],[132.957302,32.840107],[132.957364,32.839757],[132.957177,32.839691],[132.956964,32.839532],[132.957077,32.839249],[132.956852,32.838866],[132.957052,32.838749],[132.957052,32.838699],[132.956902,32.838591],[132.956627,32.838166],[132.956727,32.837749],[132.956827,32.837549],[132.956777,32.837457],[132.95649,32.837391],[132.955777,32.837366],[132.955565,32.837241],[132.95534,32.837007],[132.955227,32.836766],[132.955002,32.836699],[132.954727,32.836582],[132.953877,32.836466],[132.953627,32.836324],[132.953552,32.835916],[132.953727,32.835424],[132.95394,32.835357],[132.954165,32.835341],[132.95419,32.835199],[132.954065,32.835133],[132.95389,32.835091],[132.953865,32.835041],[132.953865,32.834858],[132.95404,32.834591],[132.954315,32.834366],[132.954765,32.834308],[132.954865,32.834391],[132.95524,32.834533],[132.956252,32.834383],[132.956627,32.834225],[132.956902,32.834091],[132.957127,32.834208],[132.957377,32.834258],[132.957477,32.834166],[132.957427,32.834033],[132.957377,32.834008],[132.957352,32.83385],[132.957402,32.8336],[132.957615,32.833441],[132.957865,32.833425],[132.95804,32.833358],[132.95794,32.833175],[132.957715,32.833083],[132.957703,32.832992],[132.95779,32.832925],[132.958065,32.833041],[132.95814,32.833],[132.957965,32.832592],[132.958365,32.83255],[132.958402,32.832258],[132.958602,32.832117],[132.958952,32.831967],[132.958927,32.831783],[132.958277,32.831733],[132.958177,32.831642],[132.958477,32.831508],[132.958602,32.8314],[132.958552,32.831375],[132.958252,32.831433],[132.958127,32.831083],[132.958227,32.831025],[132.95809,32.830958],[132.958013,32.830989],[132.957977,32.830933],[132.958052,32.8308],[132.957977,32.83075],[132.957689,32.830687],[132.957865,32.830558],[132.95794,32.830608],[132.958865,32.830675],[132.959214,32.830684],[132.959289,32.830617],[132.959439,32.83055],[132.959664,32.830592],[132.959964,32.830734],[132.960114,32.830734],[132.959989,32.830509],[132.959739,32.830275],[132.959652,32.829784],[132.959802,32.829742],[132.960002,32.829784],[132.960327,32.829784],[132.960752,32.8297],[132.960927,32.829567],[132.960927,32.829476],[132.960777,32.829134],[132.960764,32.828934],[132.960814,32.828817],[132.960739,32.828801],[132.960177,32.828909],[132.960102,32.828859],[132.959939,32.828659],[132.959977,32.828374],[132.959789,32.828359],[132.959614,32.828267],[132.959739,32.827801],[132.959715,32.827551],[132.959277,32.827009],[132.959052,32.826484],[132.958852,32.826417],[132.958277,32.826709],[132.957927,32.826659],[132.957677,32.826501],[132.957277,32.826476],[132.957102,32.826384],[132.956602,32.826242],[132.956053,32.826192],[132.955953,32.826101],[132.955603,32.825917],[132.955128,32.825867],[132.954465,32.825867],[132.95389,32.825842],[132.953415,32.8257],[132.952441,32.82585],[132.952266,32.82585],[132.952116,32.825717],[132.951916,32.825309],[132.951666,32.825034],[132.951528,32.824942],[132.951303,32.82465],[132.950853,32.823676],[132.950666,32.822617],[132.950616,32.822117],[132.950603,32.821626],[132.950728,32.821126],[132.950941,32.820476],[132.951178,32.818651],[132.951291,32.817343],[132.951253,32.816577],[132.951378,32.816102],[132.951428,32.81556],[132.951416,32.815202],[132.951828,32.813486],[132.952078,32.813036],[132.952078,32.812969],[132.952378,32.812952],[132.952878,32.812977],[132.953166,32.812819],[132.953441,32.812911],[132.953591,32.812844],[132.953566,32.812711],[132.953741,32.812577],[132.953841,32.812469],[132.953741,32.812461],[132.953641,32.812394],[132.953616,32.812103],[132.953816,32.812061],[132.954216,32.812128],[132.954541,32.812061],[132.954428,32.811928],[132.954216,32.811878],[132.954128,32.811836],[132.954303,32.811478],[132.954728,32.811186],[132.954753,32.810894],[132.954991,32.810603],[132.955066,32.810353],[132.955316,32.81022],[132.95522,32.810065],[132.955291,32.81002],[132.955441,32.810045],[132.955491,32.809795],[132.955366,32.80957],[132.955453,32.809203],[132.955553,32.809053],[132.955628,32.808978],[132.955853,32.808961],[132.956003,32.809095],[132.956103,32.80912],[132.956253,32.809053],[132.956678,32.80897],[132.956778,32.80892],[132.957065,32.808403],[132.95694,32.807995],[132.95709,32.807637],[132.957315,32.807278],[132.957528,32.807104],[132.957878,32.806445],[132.958003,32.806112],[132.95799,32.805862],[132.95794,32.80577],[132.95799,32.805529],[132.95814,32.805345],[132.958765,32.804971],[132.95884,32.804812],[132.958703,32.804629],[132.959153,32.804537],[132.959428,32.804637],[132.959678,32.804612],[132.959928,32.804054],[132.960153,32.804096],[132.960628,32.804412],[132.960653,32.804646],[132.960753,32.804687],[132.960903,32.804512],[132.961003,32.804512],[132.961353,32.804646],[132.961677,32.804787],[132.962027,32.804854],[132.962227,32.804921],[132.962302,32.805129],[132.962802,32.805196],[132.963027,32.805112],[132.963077,32.805062],[132.962927,32.804479],[132.963215,32.804321],[132.96359,32.804188],[132.963715,32.804079],[132.963715,32.803988],[132.96354,32.803921],[132.963215,32.803913],[132.963223,32.803683],[132.963227,32.803421],[132.963552,32.803421],[132.963827,32.803429],[132.964202,32.803079],[132.965015,32.802338],[132.96534,32.802396],[132.965452,32.80243],[132.965515,32.802146],[132.96494,32.802105],[132.964127,32.802621],[132.963765,32.802971],[132.963427,32.802679],[132.963015,32.802155],[132.963852,32.80118],[132.963923,32.801111],[132.964715,32.801455],[132.964952,32.801105],[132.965302,32.800822],[132.96484,32.800688],[132.964527,32.800497],[132.964152,32.800222],[132.964902,32.799555],[132.965302,32.799847],[132.965477,32.799688],[132.965065,32.799372],[132.96549,32.798947],[132.965865,32.799288],[132.965652,32.799622],[132.965777,32.799763],[132.965452,32.799988],[132.965602,32.800122],[132.96644,32.79963],[132.96624,32.799247],[132.966265,32.799088],[132.966865,32.798797],[132.968027,32.798605],[132.968102,32.798789],[132.968339,32.799055],[132.968639,32.799197],[132.969039,32.799172],[132.969502,32.798955],[132.970902,32.798605],[132.971476,32.798497],[132.971776,32.798589],[132.972326,32.79868],[132.972889,32.798597],[132.973739,32.798422],[132.975163,32.798206],[132.975413,32.798097],[132.975201,32.797373],[132.975151,32.796939],[132.975301,32.796714],[132.975776,32.796631],[132.976338,32.796698],[132.976713,32.796656],[132.977088,32.796506],[132.977413,32.796281],[132.977763,32.795881],[132.97825,32.79514],[132.978425,32.795073],[132.978825,32.795273],[132.978925,32.795031],[132.978725,32.794823],[132.97865,32.794665],[132.978763,32.794307],[132.978888,32.794123],[132.979488,32.793932],[132.980013,32.793615],[132.980413,32.793615],[132.98115,32.79349],[132.982175,32.793199],[132.982425,32.793157],[132.98255,32.793232],[132.983412,32.792849],[132.984062,32.792699],[132.984837,32.792566],[132.985287,32.792549],[132.985762,32.792507],[132.986337,32.792282],[132.987599,32.791733],[132.988199,32.791558],[132.988824,32.791516],[132.989036,32.791333],[132.989236,32.791041],[132.989561,32.790891],[132.989761,32.790933],[132.990086,32.790933],[132.990536,32.790691],[132.990674,32.790425],[132.991099,32.790308],[132.991774,32.7905],[132.991774,32.790566],[132.992373,32.790683],[132.992748,32.790616],[132.993548,32.790416],[132.994123,32.790225],[132.995073,32.7905],[132.996448,32.788317],[132.996823,32.788275],[132.996823,32.788075],[132.996473,32.788142],[132.996148,32.788],[132.996073,32.788184],[132.996223,32.78825],[132.995636,32.789175],[132.995486,32.789083],[132.995548,32.788875],[132.995098,32.788675],[132.995598,32.788],[132.995923,32.788117],[132.996023,32.787934],[132.995723,32.787817],[132.995773,32.787709],[132.995723,32.787592],[132.996111,32.787259],[132.996461,32.7871],[132.996686,32.787442],[132.99691,32.787375],[132.996786,32.787242],[132.99701,32.786925],[132.99706,32.78695],[132.996985,32.787242],[132.997135,32.787309],[132.997535,32.786676],[132.997698,32.786309],[132.997823,32.786276],[132.99786,32.786334],[132.998485,32.786751],[132.99821,32.787109],[132.99911,32.787717],[132.998635,32.788575],[132.998098,32.788242],[132.997935,32.788492],[132.998848,32.788909],[132.999885,32.787509],[133.000248,32.787409],[133.001385,32.787442],[133.001735,32.787501],[133.002247,32.787692],[133.002372,32.787692],[133.00251,32.787384],[133.002572,32.787351],[133.002724,32.787163],[133.002697,32.787101],[133.002622,32.786976],[133.002498,32.785918],[133.002685,32.785701],[133.002748,32.785459],[133.00266,32.785143],[133.00266,32.784951],[133.002498,32.784451],[133.001698,32.782951],[133.001773,32.78266],[133.00196,32.78231],[133.002535,32.781427],[133.002923,32.781102],[133.003273,32.780635],[133.003798,32.779643],[133.00446,32.778885],[133.004635,32.77851],[133.00536,32.777594],[133.005398,32.777461],[133.005773,32.776994],[133.006235,32.776569],[133.00656,32.776069],[133.00706,32.774961],[133.007597,32.774253],[133.007997,32.773969],[133.008385,32.773786],[133.008572,32.773369],[133.008547,32.772694],[133.008985,32.772345],[133.008947,32.77207],[133.009222,32.772028],[133.009235,32.771836],[133.008897,32.771728],[133.008873,32.771453],[133.008923,32.77127],[133.009597,32.770553],[133.009935,32.770003],[133.009997,32.769612],[133.01001,32.769087],[133.010173,32.768153],[133.010385,32.767837],[133.010535,32.767512],[133.010523,32.767337],[133.010515,32.767229],[133.010873,32.767054],[133.01131,32.767237],[133.011535,32.766754],[133.01181,32.766445],[133.012072,32.766412],[133.012235,32.766329],[133.013147,32.765637],[133.01371,32.765154],[133.014347,32.764987],[133.01576,32.764504],[133.015847,32.764454],[133.01596,32.763929],[133.01591,32.763646],[133.015997,32.763613],[133.016772,32.763638],[133.016835,32.763463],[133.01666,32.763363],[133.016222,32.763229],[133.016147,32.763004],[133.01631,32.762504],[133.016585,32.762138],[133.017322,32.761896],[133.017897,32.761613],[133.01781,32.761388],[133.017485,32.761046],[133.017172,32.760488],[133.016697,32.760071],[133.015985,32.759821],[133.015722,32.759621],[133.015422,32.75933],[133.015235,32.758697],[133.015297,32.758272],[133.015435,32.758005],[133.015435,32.757613],[133.015535,32.75718],[133.015173,32.756647],[133.014735,32.756339],[133.014385,32.755889],[133.014223,32.755405],[133.014185,32.754897],[133.01421,32.754414],[133.014285,32.753947],[133.014448,32.753447],[133.014548,32.753247],[133.014585,32.752589],[133.01456,32.752389],[133.01461,32.751689],[133.014773,32.751331],[133.014848,32.751264],[133.014923,32.751039],[133.014823,32.750789],[133.014848,32.750539],[133.01506,32.750023],[133.015435,32.749598],[133.015973,32.749198],[133.016073,32.748631],[133.01676,32.747823],[133.01741,32.747173],[133.017673,32.746856],[133.017773,32.746656],[133.017773,32.746498],[133.017573,32.746407],[133.017548,32.745915],[133.017635,32.745548],[133.017835,32.745323],[133.01796,32.745307],[133.018085,32.745148],[133.01821,32.74499],[133.01831,32.744898],[133.018648,32.744765],[133.018598,32.744632],[133.018623,32.74454],[133.018723,32.744498],[133.018948,32.744548],[133.019023,32.744523],[133.019048,32.744432],[133.019148,32.744365],[133.019223,32.74439],[133.019323,32.744257],[133.019398,32.744257],[133.019373,32.744032],[133.019223,32.74389],[133.018898,32.743957],[133.018673,32.74389],[133.018248,32.74339],[133.018135,32.743024],[133.018185,32.742665],[133.018173,32.741807],[133.018323,32.740882],[133.018485,32.740616],[133.018585,32.740141],[133.01856,32.739824],[133.018723,32.739441],[133.018773,32.739399],[133.018823,32.739241],[133.018723,32.738991],[133.018948,32.738816],[133.018973,32.738725],[133.018748,32.738608],[133.018886,32.738],[133.019023,32.736558],[133.019073,32.736308],[133.019298,32.735842],[133.019561,32.735483],[133.019686,32.735183],[133.019773,32.735072],[133.019973,32.734425],[133.020273,32.733817],[133.020748,32.733934],[133.020973,32.733959],[133.021023,32.733892],[133.020673,32.733684],[133.020573,32.733434],[133.020736,32.732326],[133.020786,32.732259],[133.021098,32.732084],[133.021723,32.731501],[133.021848,32.731526],[133.021898,32.731526],[133.021998,32.731184],[133.021936,32.731009],[133.021936,32.730576],[133.021861,32.730192],[133.021886,32.729859],[133.022223,32.729568],[133.022461,32.729237],[133.022223,32.728959],[133.021973,32.728659],[133.021686,32.728076],[133.021386,32.727284],[133.021432,32.727272],[133.021486,32.727259],[133.021736,32.727151],[133.022048,32.726901],[133.022323,32.72681],[133.022562,32.726729],[133.022587,32.726712],[133.022373,32.72661],[133.022198,32.726651],[133.022048,32.72661],[133.021898,32.726401],[133.021723,32.726385],[133.021548,32.726493],[133.021223,32.726285],[133.020748,32.726151],[133.02066,32.726069],[133.020673,32.72606],[133.020923,32.725926],[133.021048,32.725793],[133.021186,32.725318],[133.021161,32.72516],[133.020611,32.724926],[133.020511,32.724818],[133.020436,32.724501],[133.020498,32.724051],[133.020623,32.72391],[133.020523,32.723752],[133.020174,32.723527],[133.019924,32.72341],[133.019699,32.72341],[133.019499,32.723502],[133.019186,32.72386],[133.019061,32.723968],[133.018361,32.72401],[133.018336,32.72406],[133.018161,32.724035],[133.017386,32.723618],[133.016811,32.723501],[133.016711,32.723568],[133.016286,32.723435],[133.015886,32.723343],[133.014962,32.723218],[133.014512,32.723218],[133.014412,32.723085],[133.014262,32.722993],[133.013712,32.723076],[133.013437,32.723093],[133.013262,32.72321],[133.013074,32.723793],[133.012949,32.723976],[133.012099,32.724034],[133.011774,32.723984],[133.011324,32.723668],[133.011249,32.723551],[133.011199,32.723326],[133.011249,32.723243],[133.011349,32.723218],[133.011437,32.723084],[133.010912,32.722943],[133.010812,32.722826],[133.010387,32.722626],[133.010112,32.722551],[133.009512,32.722551],[133.009337,32.722593],[133.00915,32.722843],[133.00895,32.723426],[133.008825,32.723534],[133.008312,32.723734],[133.008187,32.723809],[133.007962,32.723651],[133.007762,32.723759],[133.007375,32.723443],[133.007587,32.723184],[133.006975,32.722893],[133.0067,32.722601],[133.0067,32.722526],[133.0069,32.722259],[133.006987,32.722009],[133.006675,32.722059],[133.00625,32.722168],[133.006,32.722184],[133.005932,32.722189],[133.00595,32.722076],[133.00615,32.722051],[133.006587,32.721901],[133.006637,32.721809],[133.006025,32.721784],[133.006037,32.721734],[133.006212,32.721693],[133.006337,32.721576],[133.006712,32.721518],[133.007087,32.721493],[133.007162,32.721451],[133.007187,32.721334],[133.007062,32.721226],[133.006087,32.721309],[133.005887,32.721443],[133.005812,32.721618],[133.005175,32.721659],[133.005125,32.721684],[133.004625,32.721634],[133.0043,32.721793],[133.004225,32.721901],[133.003875,32.721876],[133.003675,32.721834],[133.00355,32.721743],[133.0035,32.721676],[133.003425,32.721626],[133.003375,32.721651],[133.002775,32.721443],[133.002675,32.721418],[133.002625,32.721484],[133.002625,32.721618],[133.0027,32.721893],[133.00325,32.721968],[133.003575,32.722076],[133.0036,32.722126],[133.003575,32.722151],[133.00315,32.722143],[133.00315,32.722193],[133.0034,32.722368],[133.003863,32.722559],[133.003913,32.722643],[133.003738,32.723184],[133.003513,32.723476],[133.003488,32.723476],[133.002888,32.723251],[133.002763,32.723226],[133.002713,32.723176],[133.002563,32.723134],[133.002463,32.723134],[133.002463,32.723226],[133.002588,32.723268],[133.002577,32.723309],[133.002538,32.723293],[133.002138,32.723359],[133.002425,32.723693],[133.0024,32.723743],[133.0022,32.723668],[133.002025,32.723559],[133.0016,32.723418],[133.001425,32.723459],[133.00135,32.723576],[133.00145,32.723893],[133.001414,32.723937],[133.00125,32.723843],[133.001075,32.723193],[133.000863,32.722959],[133.000513,32.722709],[133.000213,32.722618],[133.000063,32.722643],[132.999913,32.722618],[132.999838,32.722643],[132.999776,32.722843],[132.999376,32.723001],[132.999276,32.723109],[132.999276,32.723176],[132.999526,32.723176],[133.0003,32.723051],[133.000475,32.723051],[133.000481,32.723118],[133.00025,32.723143],[133.000051,32.723252],[133.000051,32.723318],[132.999826,32.723318],[132.999626,32.723384],[132.999576,32.723492],[132.999751,32.723517],[132.999301,32.723717],[132.999413,32.724351],[132.998813,32.724367],[132.998838,32.724484],[132.998913,32.724592],[132.998913,32.724667],[132.998688,32.724709],[132.998738,32.724976],[132.998688,32.725026],[132.998426,32.725109],[132.997876,32.725042],[132.997451,32.724903],[132.997226,32.724892],[132.997076,32.724826],[132.996976,32.724892],[132.997026,32.725076],[132.997226,32.725209],[132.997451,32.725237],[132.997801,32.725376],[132.998001,32.725401],[132.998076,32.725517],[132.998051,32.725584],[132.998276,32.725676],[132.998251,32.725767],[132.998001,32.725917],[132.998176,32.726059],[132.998401,32.726351],[132.998263,32.726417],[132.997876,32.726234],[132.997451,32.726095],[132.997151,32.725976],[132.99659,32.725868],[132.996576,32.725901],[132.996413,32.726376],[132.996488,32.726759],[132.996113,32.726784],[132.996038,32.726867],[132.995988,32.727142],[132.996038,32.727209],[132.996476,32.727434],[132.996576,32.727525],[132.996626,32.727642],[132.996551,32.727734],[132.996176,32.727884],[132.995451,32.728442],[132.995313,32.728717],[132.995113,32.728917],[132.995013,32.729142],[132.994963,32.729275],[132.995088,32.729658],[132.994826,32.729908],[132.994576,32.7302],[132.994476,32.73035],[132.994351,32.730442],[132.994076,32.730242],[132.993701,32.730142],[132.993401,32.730275],[132.993362,32.730293],[132.993551,32.730592],[132.993726,32.730775],[132.993751,32.730917],[132.993663,32.730983],[132.993563,32.731092],[132.993338,32.7312],[132.993188,32.731225],[132.992813,32.731175],[132.992364,32.731175],[132.991989,32.730941],[132.991714,32.730716],[132.991714,32.730675],[132.991839,32.730608],[132.991889,32.730517],[132.991801,32.730358],[132.991176,32.730108],[132.990751,32.730033],[132.990701,32.729967],[132.990751,32.729875],[132.990776,32.729742],[132.990676,32.729517],[132.990301,32.729358],[132.990201,32.729333],[132.990126,32.72935],[132.989901,32.729058],[132.989842,32.729103],[132.989776,32.72915],[132.989501,32.728875],[132.989351,32.728783],[132.989251,32.728783],[132.989176,32.728825],[132.989076,32.728917],[132.989176,32.729258],[132.989256,32.729436],[132.989351,32.7296],[132.989539,32.729891],[132.989539,32.729983],[132.989414,32.729958],[132.989214,32.729775],[132.989076,32.72955],[132.988876,32.729342],[132.988701,32.729325],[132.988576,32.729408],[132.988564,32.729616],[132.988639,32.729816],[132.98864,32.730036],[132.988589,32.730041],[132.988239,32.730058],[132.988114,32.7302],[132.987939,32.730716],[132.987851,32.730758],[132.987876,32.7308],[132.988051,32.730891],[132.988351,32.731166],[132.988651,32.7314],[132.988701,32.731575],[132.988601,32.731758],[132.988401,32.731916],[132.988176,32.731774],[132.987801,32.731641],[132.987376,32.731591],[132.987401,32.731683],[132.987576,32.731816],[132.987626,32.732016],[132.987914,32.732474],[132.987839,32.732699],[132.987514,32.733099],[132.987051,32.733416],[132.986726,32.733483],[132.986277,32.733383],[132.986008,32.733327],[132.985477,32.733224],[132.985227,32.733199],[132.985002,32.733266],[132.984902,32.732991],[132.984502,32.732791],[132.984527,32.732716],[132.984664,32.732649],[132.984689,32.732516],[132.984664,32.732249],[132.984789,32.732041],[132.984664,32.731341],[132.984439,32.731324],[132.984439,32.731341],[132.984289,32.731408],[132.984164,32.731316],[132.984327,32.730983],[132.984377,32.730691],[132.984352,32.730533],[132.984227,32.730391],[132.983752,32.730141],[132.983552,32.730099],[132.983402,32.730166],[132.983302,32.730341],[132.983189,32.730908],[132.983214,32.731608],[132.983164,32.731741],[132.982789,32.731899],[132.982589,32.731916],[132.982165,32.731691],[132.98194,32.731733],[132.98184,32.731866],[132.981702,32.731958],[132.98169,32.731749],[132.981915,32.731391],[132.981865,32.731258],[132.981565,32.731258],[132.98119,32.731341],[132.98109,32.731474],[132.98094,32.731591],[132.980827,32.731608],[132.980427,32.731541],[132.98029,32.731249],[132.98019,32.731316],[132.979977,32.731624],[132.979877,32.731541],[132.98004,32.731316],[132.97999,32.731108],[132.979915,32.731016],[132.979965,32.730791],[132.97989,32.730566],[132.979615,32.730833],[132.979515,32.730724],[132.97959,32.730674],[132.979615,32.730366],[132.979565,32.730183],[132.979715,32.730066],[132.97944,32.729974],[132.979265,32.730116],[132.97909,32.730133],[132.978915,32.730224],[132.978857,32.730288],[132.978815,32.730358],[132.978915,32.730741],[132.979252,32.731441],[132.979252,32.731574],[132.979352,32.731599],[132.979427,32.731716],[132.979427,32.731824],[132.979352,32.731849],[132.979177,32.731574],[132.978802,32.731233],[132.978577,32.731124],[132.978377,32.731099],[132.978427,32.731208],[132.978352,32.731324],[132.978202,32.731274],[132.978102,32.731299],[132.978127,32.731549],[132.978027,32.731566],[132.977928,32.731482],[132.977778,32.731524],[132.977803,32.731682],[132.977703,32.731749],[132.977515,32.732132],[132.97739,32.732307],[132.977315,32.732082],[132.977165,32.732041],[132.977053,32.731807],[132.976803,32.731766],[132.976553,32.731766],[132.976529,32.731762],[132.976503,32.731757],[132.976403,32.731649],[132.976353,32.731674],[132.976228,32.731624],[132.976203,32.731532],[132.975978,32.731557],[132.97589,32.731874],[132.976015,32.732141],[132.97584,32.732141],[132.97554,32.731982],[132.97539,32.731799],[132.97539,32.731732],[132.975465,32.731641],[132.975453,32.731532],[132.975428,32.731507],[132.975365,32.731682],[132.975265,32.731799],[132.975215,32.731907],[132.97509,32.731799],[132.97494,32.731482],[132.974878,32.731274],[132.974928,32.731232],[132.974878,32.731207],[132.974828,32.731274],[132.974728,32.731249],[132.974503,32.731141],[132.974353,32.731116],[132.974028,32.731132],[132.973815,32.731224],[132.973641,32.731491],[132.973416,32.732099],[132.973228,32.732482],[132.973128,32.732999],[132.973053,32.73309],[132.972903,32.733065],[132.972503,32.732232],[132.972328,32.732141],[132.972153,32.732249],[132.971903,32.732315],[132.971878,32.732224],[132.972116,32.731891],[132.972316,32.731507],[132.972216,32.731349],[132.972116,32.731324],[132.971566,32.731457],[132.971191,32.731524],[132.971162,32.731517],[132.971166,32.731499],[132.971366,32.731341],[132.971341,32.731316],[132.971441,32.731232],[132.971591,32.731232],[132.971641,32.731032],[132.971416,32.730866],[132.971166,32.730866],[132.970966,32.730824],[132.970916,32.73084],[132.970816,32.730799],[132.970641,32.73064],[132.970391,32.730565],[132.970341,32.730682],[132.970491,32.731024],[132.970491,32.731132],[132.970341,32.731474],[132.970368,32.732204],[132.970303,32.73219],[132.970253,32.732032],[132.970178,32.73194],[132.970154,32.731674],[132.970166,32.731465],[132.970016,32.731357],[132.970091,32.730999],[132.970066,32.730765],[132.969885,32.730715],[132.969791,32.731332],[132.969729,32.731424],[132.969504,32.731557],[132.969479,32.731349],[132.969791,32.73054],[132.969716,32.730449],[132.969491,32.730924],[132.969441,32.730949],[132.969491,32.730474],[132.969366,32.730107],[132.969391,32.729999],[132.969504,32.729815],[132.969504,32.72959],[132.969329,32.72914],[132.969204,32.728957],[132.969054,32.728824],[132.968804,32.728707],[132.968579,32.728749],[132.968529,32.72884],[132.968354,32.728865],[132.968254,32.728999],[132.968254,32.729474],[132.968191,32.729557],[132.968054,32.72949],[132.967979,32.729399],[132.968029,32.729199],[132.967954,32.728999],[132.967904,32.72904],[132.967879,32.729382],[132.967741,32.729604],[132.967592,32.729398],[132.967454,32.729332],[132.967367,32.729348],[132.967242,32.72964],[132.967167,32.730023],[132.967142,32.73014],[132.967017,32.730165],[132.966967,32.730007],[132.966917,32.729348],[132.966842,32.72919],[132.966492,32.729098],[132.966342,32.729115],[132.966342,32.729232],[132.966392,32.729323],[132.966342,32.729432],[132.966192,32.729365],[132.966117,32.729232],[132.965967,32.729207],[132.965967,32.729298],[132.965767,32.729298],[132.965667,32.729315],[132.965717,32.729382],[132.966317,32.72964],[132.966467,32.729773],[132.966567,32.729907],[132.966517,32.729973],[132.966417,32.729957],[132.965717,32.729631],[132.965742,32.729906],[132.966154,32.730204],[132.966167,32.730331],[132.965867,32.73029],[132.965754,32.73029],[132.965904,32.73074],[132.966104,32.731081],[132.966179,32.731306],[132.966154,32.731348],[132.965954,32.731281],[132.965704,32.730806],[132.965604,32.730756],[132.965404,32.73074],[132.965179,32.730848],[132.965204,32.73119],[132.965179,32.731231],[132.964704,32.731156],[132.964604,32.731206],[132.964542,32.731381],[132.964617,32.731789],[132.964767,32.732064],[132.964892,32.732173],[132.965667,32.732473],[132.965717,32.732564],[132.965667,32.732606],[132.964967,32.732489],[132.964892,32.732514],[132.964792,32.732623],[132.964892,32.732764],[132.965779,32.733106],[132.965954,32.733156],[132.966017,32.733039],[132.966217,32.733156],[132.966154,32.733631],[132.966229,32.734106],[132.966204,32.734331],[132.965929,32.734239],[132.965654,32.734256],[132.965504,32.734348],[132.965642,32.734481],[132.965981,32.734683],[132.965742,32.734823],[132.965697,32.735113],[132.965617,32.735089],[132.965392,32.735022],[132.965392,32.735222],[132.965842,32.735472],[132.965917,32.735656],[132.965929,32.735947],[132.965941,32.735996],[132.965904,32.736039],[132.965554,32.736289],[132.965479,32.736372],[132.965479,32.736439],[132.966004,32.736331],[132.966054,32.736356],[132.966029,32.736514],[132.965704,32.736764],[132.965665,32.736764],[132.965629,32.736756],[132.965504,32.736672],[132.965379,32.736664],[132.965404,32.736806],[132.965504,32.736914],[132.965679,32.736939],[132.965729,32.736872],[132.965904,32.736922],[132.965954,32.736989],[132.965791,32.737456],[132.965616,32.737614],[132.965591,32.737797],[132.965658,32.737952],[132.965641,32.737981],[132.965292,32.737772],[132.965267,32.737814],[132.965292,32.738022],[132.965866,32.738497],[132.966379,32.739089],[132.966604,32.739406],[132.966464,32.739429],[132.966379,32.739447],[132.966129,32.739472],[132.966129,32.739539],[132.966279,32.739789],[132.966504,32.739972],[132.966554,32.740056],[132.966904,32.740264],[132.967329,32.740406],[132.967407,32.740438],[132.967366,32.740564],[132.967341,32.740697],[132.967391,32.740831],[132.967591,32.741014],[132.967616,32.741081],[132.967516,32.741197],[132.968066,32.741672],[132.968291,32.742031],[132.968191,32.742147],[132.968053,32.742189],[132.968103,32.742322],[132.968503,32.742464],[132.969778,32.743264],[132.969853,32.743356],[132.969778,32.743422],[132.969753,32.743556],[132.970178,32.743806],[132.970253,32.743964],[132.970453,32.744031],[132.970578,32.744014],[132.970928,32.744264],[132.971065,32.744531],[132.97119,32.744989],[132.97119,32.745256],[132.97114,32.745547],[132.970878,32.746064],[132.970753,32.746181],[132.970903,32.746339],[132.971228,32.747064],[132.971315,32.74738],[132.971315,32.747605],[132.97104,32.748164],[132.970378,32.748855],[132.970278,32.74908],[132.97019,32.750255],[132.97014,32.750413],[132.96999,32.750522],[132.96974,32.750547],[132.96954,32.750655],[132.969053,32.751238],[132.968628,32.751646],[132.968353,32.751755],[132.96774,32.751863],[132.967515,32.752038],[132.967515,32.752196],[132.96739,32.752288],[132.966891,32.752221],[132.966216,32.752055],[132.965641,32.75183],[132.965416,32.751646],[132.965366,32.751555],[132.965541,32.751421],[132.965503,32.751196],[132.965403,32.751038],[132.965403,32.750605],[132.965478,32.750405],[132.965503,32.75018],[132.965428,32.750063],[132.965128,32.74993],[132.964803,32.749921],[132.964678,32.749971],[132.964578,32.750513],[132.964353,32.750846],[132.964066,32.751005],[132.963266,32.75118],[132.962991,32.751196],[132.962616,32.75113],[132.962541,32.750971],[132.962541,32.750788],[132.962366,32.750696],[132.962016,32.750655],[132.961591,32.750621],[132.961316,32.75058],[132.961216,32.75058],[132.961166,32.750671],[132.961191,32.75078],[132.961341,32.750846],[132.961466,32.751096],[132.961441,32.75123],[132.960966,32.751163],[132.961029,32.751413],[132.961004,32.751638],[132.960879,32.751813],[132.962254,32.752679],[132.962454,32.752821],[132.962654,32.753046],[132.962829,32.753163],[132.963191,32.754096],[132.963203,32.754479],[132.963353,32.754979],[132.963328,32.755312],[132.963228,32.755429],[132.963003,32.755429],[132.963003,32.755537],[132.963141,32.755762],[132.963491,32.755971],[132.963766,32.756246],[132.964016,32.756604],[132.964116,32.756945],[132.963703,32.757687],[132.963678,32.75782],[132.963678,32.758004],[132.963653,32.758045],[132.963078,32.758154],[132.962428,32.758062],[132.962378,32.758195],[132.962003,32.758104],[132.962028,32.757945],[132.961429,32.757804],[132.960904,32.757554],[132.960504,32.757487],[132.960129,32.757479],[132.960029,32.757612],[132.959866,32.757679],[132.959466,32.75772],[132.959379,32.75752],[132.958766,32.757445],[132.958654,32.757312],[132.958604,32.757129],[132.958404,32.757037],[132.957367,32.757395],[132.956917,32.757728],[132.956742,32.757978],[132.956542,32.758087],[132.956217,32.758153],[132.956067,32.758103],[132.955842,32.757878],[132.955567,32.757762],[132.955217,32.757153],[132.955142,32.756812],[132.954917,32.756587],[132.954592,32.756562],[132.954367,32.756645],[132.954167,32.756987],[132.953917,32.756937],[132.953842,32.75712],[132.953692,32.757187],[132.953592,32.757295],[132.953655,32.758336],[132.953855,32.758536],[132.953955,32.758586],[132.95403,32.758745],[132.953867,32.759195],[132.953692,32.759395],[132.953542,32.759486],[132.953117,32.759395],[132.953067,32.75957],[132.953092,32.760161],[132.952955,32.760386],[132.95288,32.760403],[132.95228,32.760194],[132.95218,32.760219],[132.95238,32.760853],[132.95248,32.760853],[132.952605,32.760719],[132.95283,32.760919],[132.952955,32.760994],[132.95323,32.760878],[132.953505,32.761353],[132.953405,32.761561],[132.953042,32.761936],[132.952692,32.762253],[132.952642,32.762477],[132.952417,32.762702],[132.952132,32.762768],[132.952117,32.762794],[132.952405,32.763044],[132.952755,32.763136],[132.952955,32.763044],[132.953192,32.762911],[132.953317,32.762911],[132.953517,32.763069],[132.95323,32.763361],[132.95323,32.763427],[132.95358,32.763452],[132.953405,32.763744],[132.953405,32.764044],[132.953629,32.763927],[132.953677,32.76397],[132.953579,32.764044],[132.95343,32.764352],[132.95318,32.764444],[132.95303,32.764444],[132.953367,32.764985],[132.953392,32.765144],[132.953317,32.765169],[132.952917,32.765077],[132.952842,32.765277],[132.952892,32.765544],[132.952867,32.765594],[132.953042,32.765777],[132.953329,32.765935],[132.953604,32.76621],[132.954604,32.76646],[132.955029,32.767118],[132.955054,32.767252],[132.955279,32.767502],[132.955554,32.767418],[132.955804,32.76726],[132.956229,32.767243],[132.956604,32.767427],[132.956954,32.767902],[132.957216,32.768485],[132.957316,32.768943],[132.957329,32.76966],[132.957254,32.769843],[132.957154,32.770451],[132.957266,32.770993],[132.957441,32.771351],[132.957466,32.771693],[132.957541,32.771959],[132.957716,32.772051],[132.958091,32.772168],[132.958616,32.772426],[132.958891,32.772693],[132.959078,32.773193],[132.959553,32.773418],[132.961528,32.773659],[132.962453,32.773709],[132.96384,32.773768],[132.965665,32.773851],[132.966215,32.773851],[132.966815,32.774576],[132.967065,32.774576],[132.968002,32.775667],[132.968952,32.775651],[132.969077,32.775901],[132.969352,32.776176],[132.969702,32.776467],[132.969764,32.777534],[132.969739,32.777892],[132.969239,32.777934],[132.969064,32.777184],[132.968915,32.776851],[132.968452,32.776392],[132.968252,32.776326],[132.96794,32.776684],[132.96769,32.776884],[132.967415,32.776951],[132.966965,32.776676],[132.966477,32.775926],[132.966127,32.775584],[132.965253,32.775109],[132.964753,32.775034],[132.964553,32.775101],[132.964528,32.775326],[132.964453,32.775417],[132.96389,32.775617],[132.961653,32.776617],[132.961203,32.777],[132.961107,32.777072],[132.960978,32.777042],[132.960728,32.777017],[132.960128,32.777034],[132.959141,32.77725],[132.958991,32.777317],[132.958716,32.7775],[132.958616,32.777792],[132.958666,32.778108],[132.958716,32.778125],[132.959066,32.778175],[132.960041,32.778592],[132.960266,32.778542],[132.960341,32.778367],[132.960266,32.778117],[132.960236,32.77804],[132.960791,32.778008],[132.960953,32.77905],[132.960653,32.779042],[132.960178,32.77915],[132.959728,32.779108],[132.959028,32.779058],[132.957129,32.778858],[132.956329,32.7789],[132.955904,32.778991],[132.955691,32.778983],[132.955604,32.778533],[132.956479,32.778383],[132.956504,32.775834],[132.956404,32.774975],[132.956191,32.774567],[132.956016,32.774342],[132.955816,32.774159],[132.955566,32.773776],[132.955404,32.773301],[132.955154,32.772851],[132.954629,32.772351],[132.954492,32.771126],[132.954417,32.770901],[132.954292,32.770768],[132.954042,32.770809],[132.953892,32.770584],[132.953742,32.770559],[132.953492,32.770601],[132.953417,32.770826],[132.953017,32.770918],[132.952417,32.771001],[132.952017,32.770951],[132.951642,32.770609],[132.95068,32.768893],[132.950355,32.76846],[132.95003,32.768143],[132.949368,32.767685],[132.948918,32.767143],[132.948618,32.76671],[132.948268,32.766368],[132.948168,32.766302],[132.948018,32.766102],[132.94803,32.765735],[132.94793,32.765535],[132.947405,32.76551],[132.94713,32.765577],[132.94693,32.765552],[132.946455,32.765368],[132.946106,32.765185],[132.945956,32.764802],[132.945756,32.764793],[132.945706,32.764843],[132.945531,32.76486],[132.945356,32.764835],[132.945281,32.764927],[132.945256,32.76511],[132.945393,32.76556],[132.945493,32.765993],[132.945443,32.766285],[132.945243,32.76671],[132.945081,32.767451],[132.944906,32.767568],[132.944848,32.767603],[132.945006,32.767901],[132.945006,32.768018],[132.944893,32.768309],[132.945268,32.768693],[132.945043,32.769168],[132.944481,32.769684],[132.944131,32.769792],[132.943731,32.769651],[132.943581,32.769517],[132.943606,32.769226],[132.943581,32.769176],[132.943331,32.769109],[132.943256,32.769201],[132.943256,32.769292],[132.943181,32.769426],[132.943056,32.769059],[132.943043,32.769018],[132.942756,32.769151],[132.942681,32.769376],[132.942756,32.769626],[132.942656,32.770051],[132.942756,32.770117],[132.942806,32.770259],[132.942543,32.770617],[132.942243,32.770767],[132.941868,32.770609],[132.941718,32.770676],[132.941718,32.770742],[132.941668,32.770875],[132.941469,32.770875],[132.941469,32.7711],[132.941618,32.771309],[132.941306,32.771617],[132.941031,32.771734],[132.940981,32.771959],[132.941006,32.772292],[132.940881,32.772359],[132.940506,32.772384],[132.940894,32.772975],[132.940944,32.773108],[132.940969,32.773425],[132.940719,32.773692],[132.940306,32.773933],[132.940006,32.773958],[132.939731,32.773933],[132.939631,32.774117],[132.939831,32.774541],[132.939431,32.775033],[132.939469,32.775825],[132.939569,32.776233],[132.939619,32.776258],[132.939819,32.776141],[132.940094,32.776258],[132.940144,32.776483],[132.940344,32.776549],[132.940543,32.776491],[132.940843,32.776425],[132.941068,32.776466],[132.941118,32.776691],[132.940906,32.777058],[132.941006,32.777258],[132.941281,32.777416],[132.941031,32.777799],[132.940831,32.777866],[132.940306,32.777724],[132.940031,32.777524],[132.939906,32.777499],[132.939756,32.777608],[132.939681,32.777741],[132.939819,32.778308],[132.939844,32.778557],[132.940393,32.778832],[132.940868,32.779241],[132.941256,32.779649],[132.941481,32.779699],[132.942143,32.779524],[132.94378,32.778699],[132.94388,32.778833],[132.94433,32.778558],[132.944418,32.778733],[132.944418,32.778933],[132.945168,32.778858],[132.945068,32.778349],[132.945043,32.778124],[132.945105,32.778074],[132.94548,32.778124],[132.94618,32.778133],[132.94708,32.778275],[132.947617,32.779966],[132.945843,32.780382],[132.945568,32.779408],[132.944818,32.779583],[132.94508,32.780532],[132.942706,32.781082],[132.942868,32.781424],[132.943505,32.783165],[132.94353,32.783323],[132.943205,32.783498],[132.942905,32.78354],[132.942556,32.783515],[132.942456,32.783423],[132.942181,32.783465],[132.941806,32.783623],[132.941431,32.783757],[132.941043,32.783823],[132.940868,32.783982],[132.940518,32.783973],[132.940168,32.784015],[132.940018,32.784148],[132.940081,32.784923],[132.940056,32.785056],[132.939806,32.785573],[132.939368,32.78604],[132.939143,32.786198],[132.938643,32.786464],[132.938243,32.786556],[132.937294,32.786323],[132.937169,32.786323],[132.936794,32.786564],[132.936381,32.786764],[132.935756,32.786898],[132.935156,32.786848],[132.934581,32.786639],[132.934032,32.786298],[132.933857,32.786139],[132.933594,32.785706],[132.933294,32.784898],[132.932707,32.784281],[132.932557,32.783965],[132.932219,32.783498],[132.932732,32.782923],[132.932744,32.782748],[132.932294,32.782507],[132.932444,32.78224],[132.932194,32.782057],[132.934082,32.780382],[132.933407,32.77974],[132.934544,32.778782],[132.934332,32.778566],[132.932732,32.779974],[132.931132,32.781248],[132.930895,32.782465],[132.931095,32.782465],[132.931157,32.782806],[132.930957,32.782848],[132.931007,32.782981],[132.930007,32.783223],[132.929707,32.783248],[132.929407,32.783081],[132.928957,32.782248],[132.92927,32.781998],[132.929245,32.78189],[132.92897,32.781773],[132.92867,32.781773],[132.928245,32.781815],[132.927958,32.781965],[132.927833,32.78224],[132.927508,32.782348],[132.927208,32.782548],[132.926683,32.78259],[132.926483,32.782748],[132.926045,32.782948],[132.925645,32.782948],[132.925595,32.782898],[132.92542,32.782698],[132.92512,32.782556],[132.925045,32.782581],[132.92512,32.782964],[132.923971,32.782773],[132.923446,32.782548],[132.923271,32.78239],[132.922933,32.781931],[132.922758,32.781481],[132.922883,32.781006],[132.922783,32.78094],[132.922558,32.781006],[132.922071,32.780456],[132.921796,32.780098],[132.921746,32.77974],[132.921646,32.779307],[132.921409,32.778857],[132.921084,32.778515],[132.920269,32.778246],[132.920094,32.778196],[132.919644,32.778354],[132.919496,32.77859],[132.919446,32.778798],[132.919271,32.778907],[132.919196,32.779015],[132.919321,32.779132],[132.919596,32.779673],[132.919584,32.779923],[132.919634,32.780081],[132.920059,32.78049],[132.920359,32.780898],[132.920534,32.781398],[132.920546,32.781806],[132.920271,32.782564],[132.920271,32.782706],[132.920508,32.783314],[132.920658,32.783881],[132.920696,32.784306],[132.920671,32.784489],[132.920471,32.784889],[132.920121,32.785231],[132.919608,32.785522],[132.918983,32.785739],[132.918708,32.78603],[132.918683,32.786147],[132.918483,32.78623],[132.918383,32.786097],[132.918258,32.786164],[132.918109,32.786097],[132.917746,32.786297],[132.917646,32.786205],[132.917296,32.786447],[132.917121,32.786222],[132.916771,32.786539],[132.916771,32.786739],[132.916696,32.78678],[132.915696,32.78698],[132.913784,32.787572],[132.913184,32.787755],[132.912222,32.787855],[132.911997,32.78783],[132.911947,32.787722],[132.911984,32.787405],[132.911884,32.78718],[132.911984,32.787113],[132.911984,32.786955],[132.911809,32.78688],[132.911434,32.786855],[132.911134,32.786905],[132.910522,32.78728],[132.910197,32.787372],[132.909822,32.787413],[132.909522,32.787613],[132.909522,32.787705],[132.909447,32.787863],[132.909172,32.787813],[132.909122,32.787813],[132.909022,32.788063],[132.908747,32.787897],[132.908422,32.787805],[132.90811,32.787922],[132.90796,32.787988],[132.907697,32.787555],[132.907597,32.78728],[132.907372,32.787188],[132.907272,32.787238],[132.907322,32.78753],[132.906685,32.787588],[132.90651,32.787797],[132.906535,32.787971],[132.906685,32.788113],[132.90661,32.788271],[132.90626,32.78833],[132.906135,32.788221],[132.90586,32.788063],[132.90571,32.788171],[132.90571,32.788396],[132.90546,32.788396],[132.90511,32.788346],[132.905085,32.788305],[132.905335,32.787963],[132.905185,32.78783],[132.90501,32.787763],[132.90481,32.78778],[132.90446,32.78798],[132.904435,32.787913],[132.90456,32.787596],[132.904435,32.78753],[132.90376,32.787771],[132.903385,32.787705],[132.903085,32.787813],[132.902723,32.788063],[132.902523,32.788038],[132.902098,32.788121],[132.901573,32.788438],[132.901223,32.788271],[132.900973,32.788096],[132.900723,32.787621],[132.900523,32.787546],[132.900473,32.78748],[132.900248,32.787363],[132.899773,32.787405],[132.898848,32.78713],[132.898473,32.78708],[132.898148,32.78708],[132.897823,32.787146],[132.897073,32.787838],[132.896661,32.788579],[132.896386,32.788938],[132.896048,32.789121],[132.894924,32.789446],[132.894724,32.789496],[132.892536,32.789546],[132.892136,32.789696],[132.891761,32.789629],[132.891112,32.789696],[132.890912,32.789829],[132.890512,32.789962],[132.889874,32.790404],[132.889474,32.790579],[132.888999,32.790696],[132.888624,32.790712],[132.887549,32.790571],[132.886974,32.790337],[132.88645,32.790046],[132.885975,32.789479],[132.8856,32.789179],[132.885012,32.788879],[132.884487,32.788471],[132.883837,32.787879],[132.883487,32.787787],[132.883263,32.787812],[132.883063,32.788104],[132.882875,32.788779],[132.88265,32.789112],[132.8822,32.789537],[132.881663,32.789787],[132.881088,32.789937],[132.880363,32.789979],[132.879663,32.789945],[132.878988,32.789787],[132.878188,32.789487],[132.877488,32.789079],[132.877063,32.788712],[132.876751,32.788262],[132.876376,32.787537],[132.876213,32.786837],[132.875976,32.786921],[132.875876,32.787421],[132.875876,32.788071],[132.875451,32.788045],[132.875451,32.787529],[132.875526,32.787187],[132.875713,32.786721],[132.875538,32.786537],[132.875763,32.786404],[132.875888,32.786562],[132.877226,32.785671],[132.877301,32.785446],[132.877901,32.785063],[132.878401,32.784838],[132.879438,32.784063],[132.879901,32.783771],[132.8802,32.783455],[132.880425,32.783096],[132.880301,32.782713],[132.880463,32.782555],[132.880413,32.782463],[132.880163,32.782421],[132.879913,32.782096],[132.879763,32.781647],[132.879763,32.781313],[132.879926,32.78113],[132.879876,32.78093],[132.879676,32.78068],[132.879151,32.780472],[132.878926,32.780263],[132.878926,32.779905],[132.878813,32.779363],[132.878413,32.778772],[132.878413,32.778572],[132.878463,32.778414],[132.878201,32.778114],[132.877676,32.777772],[132.877276,32.77748],[132.876951,32.777047],[132.876589,32.776097],[132.876264,32.775464],[132.875939,32.775147],[132.876051,32.774581],[132.876301,32.774022],[132.876589,32.773731],[132.877089,32.773414],[132.878126,32.772681],[132.878401,32.772339],[132.878651,32.771939],[132.879013,32.771531],[132.879238,32.770681],[132.879051,32.76984],[132.878626,32.769273],[132.878289,32.769048],[132.877889,32.768998],[132.877301,32.769065],[132.876826,32.768948],[132.876026,32.769006],[132.874276,32.76884],[132.873802,32.768656],[132.873402,32.768515],[132.872877,32.768448],[132.872579,32.768356],[132.872488,32.768359],[132.872302,32.768465],[132.872089,32.76824],[132.871939,32.767581],[132.871664,32.767157],[132.871227,32.766865],[132.871039,32.766682],[132.871014,32.76644],[132.870764,32.766057],[132.870539,32.76599],[132.870127,32.765965],[132.86969,32.766057],[132.86944,32.766007],[132.869277,32.765832],[132.869165,32.765623],[132.868365,32.765673],[132.868227,32.76574],[132.86834,32.76599],[132.86859,32.76619],[132.86909,32.766373],[132.86919,32.766532],[132.869202,32.76684],[132.869439,32.767656],[132.869577,32.767898],[132.869577,32.768056],[132.869339,32.768715],[132.868902,32.768848],[132.868865,32.76889],[132.869064,32.769498],[132.869039,32.769998],[132.868902,32.770356],[132.868977,32.770698],[132.868927,32.771031],[132.868627,32.771281],[132.86819,32.771481],[132.867302,32.771664],[132.867202,32.771556],[132.867065,32.771256],[132.86689,32.771214],[132.86684,32.771281],[132.866865,32.771506],[132.86679,32.771639],[132.866702,32.771622],[132.86654,32.771414],[132.865965,32.771056],[132.865902,32.771214],[132.865912,32.771361],[132.865765,32.771372],[132.865527,32.771239],[132.865302,32.771347],[132.865115,32.771281],[132.865027,32.771347],[132.865115,32.771556],[132.865277,32.771731],[132.865327,32.772031],[132.86544,32.772139],[132.865715,32.772006],[132.86599,32.772047],[132.866177,32.772272],[132.865965,32.772564],[132.866015,32.772614],[132.86624,32.772656],[132.866437,32.772655],[132.866427,32.772839],[132.866402,32.773172],[132.866015,32.773289],[132.86599,32.773331],[132.866052,32.773539],[132.86624,32.773739],[132.866602,32.773922],[132.8669,32.773913],[132.866952,32.774122],[132.866765,32.77428],[132.86679,32.774439],[132.866902,32.774505],[132.867364,32.774572],[132.867614,32.774664],[132.867839,32.774705],[132.868002,32.774505],[132.867977,32.773897],[132.868103,32.773851],[132.868239,32.773897],[132.868352,32.774189],[132.868389,32.774505],[132.868527,32.774639],[132.868827,32.774614],[132.869014,32.774572],[132.869334,32.77433],[132.869427,32.774364],[132.869702,32.77448],[132.870027,32.774455],[132.870002,32.774905],[132.869727,32.775089],[132.869702,32.775222],[132.869764,32.775489],[132.869727,32.775539],[132.869539,32.775514],[132.869152,32.775339],[132.868827,32.775247],[132.867864,32.775405],[132.867727,32.775605],[132.868302,32.775964],[132.868464,32.775964],[132.868827,32.775897],[132.869514,32.776255],[132.869902,32.776189],[132.870339,32.776464],[132.870552,32.776414],[132.871027,32.776189],[132.871077,32.776214],[132.871352,32.777472],[132.871439,32.778288],[132.871302,32.778438],[132.870814,32.778447],[132.870502,32.778555],[132.870364,32.778713],[132.870477,32.778913],[132.870702,32.779138],[132.871364,32.779122],[132.871339,32.780021],[132.871227,32.780063],[132.870889,32.780088],[132.870839,32.780063],[132.870677,32.779813],[132.870402,32.77973],[132.870339,32.779771],[132.870456,32.780018],[132.870377,32.780113],[132.870177,32.780088],[132.870239,32.780246],[132.870564,32.780605],[132.870539,32.780646],[132.870127,32.780988],[132.870314,32.781105],[132.870864,32.781121],[132.871339,32.781188],[132.871501,32.781396],[132.871565,32.781492],[132.871664,32.782021],[132.871726,32.783196],[132.871526,32.784188],[132.871426,32.784296],[132.871401,32.784504],[132.871476,32.785654],[132.871401,32.785962],[132.870901,32.786462],[132.870439,32.786845],[132.869526,32.787412],[132.869176,32.78752],[132.868701,32.787587],[132.868327,32.787545],[132.867502,32.787504],[132.867002,32.78752],[132.867002,32.787795],[132.866927,32.78777],[132.866814,32.78757],[132.866477,32.787345],[132.866402,32.787029],[132.866539,32.786354],[132.866402,32.786062],[132.866314,32.78572],[132.865977,32.785179],[132.865739,32.785004],[132.865489,32.784912],[132.865489,32.785096],[132.865927,32.785521],[132.866039,32.78577],[132.865989,32.785787],[132.865814,32.785629],[132.865539,32.785496],[132.865464,32.785545],[132.865514,32.78572],[132.865627,32.785904],[132.865566,32.785999],[132.865464,32.785879],[132.865264,32.785837],[132.865239,32.786037],[132.865296,32.786149],[132.865264,32.786195],[132.864827,32.785995],[132.864689,32.786037],[132.864752,32.78622],[132.865027,32.786512],[132.865103,32.786594],[132.864964,32.786695],[132.864802,32.786554],[132.864577,32.786554],[132.864527,32.786579],[132.864577,32.78667],[132.864827,32.786854],[132.864964,32.787079],[132.864914,32.787229],[132.864614,32.787162],[132.864139,32.786962],[132.863952,32.787012],[132.863789,32.786854],[132.863564,32.786737],[132.863427,32.786854],[132.863539,32.787029],[132.863489,32.787437],[132.863764,32.787637],[132.863789,32.787953],[132.864502,32.788695],[132.864639,32.788987],[132.864589,32.78917],[132.864202,32.789553],[132.863464,32.79007],[132.863239,32.790295],[132.862989,32.790361],[132.862889,32.790361],[132.862477,32.790453],[132.861977,32.790528],[132.861789,32.790411],[132.861702,32.790145],[132.861564,32.78987],[132.861477,32.789828],[132.861239,32.78987],[132.860902,32.789853],[132.860414,32.789553],[132.861102,32.789153],[132.861127,32.789103],[132.860902,32.788612],[132.86079,32.788203],[132.86024,32.787578],[132.860077,32.78717],[132.859965,32.786495],[132.85974,32.785912],[132.859527,32.785929],[132.859252,32.786045],[132.859115,32.786404],[132.85909,32.786745],[132.859115,32.78692],[132.859002,32.787103],[132.85889,32.78717],[132.858377,32.787328],[132.858127,32.787328],[132.857052,32.786903],[132.856477,32.786587],[132.85609,32.786203],[132.855865,32.786137],[132.855677,32.786228],[132.855677,32.786428],[132.85579,32.786612],[132.855765,32.786678],[132.855402,32.786862],[132.854853,32.787012],[132.854603,32.787037],[132.853953,32.78702],[132.852678,32.78677],[132.852165,32.78652],[132.85114,32.785512],[132.850153,32.783954],[132.849716,32.783754],[132.849403,32.783487],[132.849191,32.783145],[132.849103,32.782737],[132.849128,32.782579],[132.849403,32.782495],[132.849903,32.78222],[132.850016,32.781971],[132.849841,32.781746],[132.849767,32.781607],[132.849678,32.781437],[132.849569,32.781259],[132.849291,32.781504],[132.848966,32.781729],[132.848828,32.782337],[132.848478,32.782604],[132.847866,32.782587],[132.847378,32.782337],[132.847128,32.78202],[132.847016,32.781595],[132.846991,32.780671],[132.847228,32.780012],[132.847128,32.779704],[132.846953,32.779387],[132.846628,32.779004],[132.846491,32.778937],[132.846516,32.778688],[132.846429,32.778421],[132.846129,32.778304],[132.845966,32.778196],[132.845641,32.778121],[132.845166,32.778129],[132.844679,32.778171],[132.844479,32.778512],[132.844429,32.779137],[132.844566,32.779521],[132.844616,32.779954],[132.844729,32.780354],[132.844679,32.780629],[132.844404,32.780804],[132.843991,32.781254],[132.843666,32.781029],[132.843466,32.780987],[132.843329,32.78137],[132.842866,32.781729],[132.842616,32.78182],[132.841991,32.781937],[132.841216,32.781912],[132.840554,32.781804],[132.839904,32.781554],[132.839454,32.781237],[132.839129,32.780879],[132.838579,32.779637],[132.836842,32.776579],[132.835767,32.776154],[132.835192,32.775787],[132.834505,32.775021],[132.83448,32.774871],[132.834469,32.774618],[132.83448,32.774371],[132.83458,32.774171],[132.83483,32.773854],[132.835192,32.773646],[132.83568,32.773538],[132.836017,32.773338],[132.836255,32.772971],[132.836317,32.772796],[132.835792,32.772163],[132.83598,32.771938],[132.83588,32.771646],[132.836017,32.77133],[132.83598,32.771013],[132.83588,32.77088],[132.83593,32.770588],[132.835842,32.76973],[132.835655,32.769413],[132.835542,32.769097],[132.835317,32.768922],[132.835292,32.76878],[132.83508,32.768472],[132.834992,32.768397],[132.834493,32.768172],[132.834055,32.768088],[132.833568,32.768063],[132.833318,32.767955],[132.83318,32.767772],[132.83353,32.766872],[132.833318,32.766555],[132.833343,32.766264],[132.833205,32.765947],[132.832905,32.765697],[132.832455,32.76583],[132.831743,32.766014],[132.831418,32.765947],[132.830706,32.76543],[132.830843,32.765114],[132.830952,32.764965],[132.830781,32.764864],[132.830406,32.764822],[132.829818,32.764822],[132.829268,32.765047],[132.829218,32.765297],[132.828993,32.765522],[132.828506,32.765747],[132.827981,32.765863],[132.827518,32.765772],[132.827081,32.765455],[132.826743,32.76498],[132.826831,32.764622],[132.827043,32.764122],[132.827106,32.763739],[132.827243,32.763472],[132.827019,32.762797],[132.827106,32.762255],[132.827244,32.762322],[132.827481,32.762256],[132.827319,32.761964],[132.827644,32.761781],[132.827781,32.761606],[132.828056,32.761606],[132.828118,32.761581],[132.828093,32.761306],[132.827981,32.761239],[132.827431,32.761422],[132.827319,32.761106],[132.827181,32.761222],[132.827019,32.761647],[132.826331,32.761806],[132.825806,32.76183],[132.825394,32.761647],[132.824731,32.761539],[132.824431,32.761264],[132.824106,32.760906],[132.823719,32.760747],[132.823256,32.760797],[132.822956,32.760972],[132.822681,32.761064],[132.822369,32.761089],[132.822269,32.760905],[132.822269,32.760614],[132.822132,32.760189],[132.822044,32.760139],[132.821857,32.760297],[132.821719,32.760639],[132.821444,32.761064],[132.821107,32.761272],[132.820669,32.761247],[132.820182,32.76113],[132.819569,32.761064],[132.818769,32.761089],[132.818082,32.761247],[132.817732,32.761472],[132.817432,32.761788],[132.817457,32.761922],[132.817369,32.76213],[132.817094,32.762263],[132.816932,32.762147],[132.816957,32.761947],[132.816932,32.761813],[132.816245,32.761905],[132.815645,32.761813],[132.81537,32.761747],[132.814907,32.761455],[132.81457,32.761163],[132.81432,32.76073],[132.81432,32.760397],[132.814595,32.759447],[132.814732,32.759405],[132.815695,32.759197],[132.81567,32.759022],[132.815807,32.758864],[132.816245,32.758522],[132.816632,32.758097],[132.816795,32.757781],[132.81682,32.757464],[132.816682,32.757172],[132.816357,32.756831],[132.816107,32.756381],[132.815907,32.755597],[132.815582,32.754831],[132.81542,32.754514],[132.815495,32.754039],[132.815532,32.753498],[132.815216,32.753088],[132.815204,32.752913],[132.815067,32.752897],[132.814479,32.753288],[132.813754,32.753321],[132.813333,32.753456],[132.812583,32.753881],[132.81207,32.753956],[132.81152,32.753839],[132.811045,32.753614],[132.810833,32.753439],[132.810667,32.75328],[132.810654,32.752821],[132.810592,32.75268],[132.810529,32.752697],[132.810367,32.75283],[132.810367,32.753255],[132.810329,32.753313],[132.810154,32.753371],[132.809496,32.753314],[132.809333,32.753256],[132.808696,32.753389],[132.808683,32.753439],[132.808658,32.753572],[132.808496,32.753772],[132.807858,32.753756],[132.807283,32.753531],[132.806933,32.753439],[132.806233,32.753347],[132.805246,32.752947],[132.804721,32.752906],[132.804234,32.752905],[132.803809,32.752755],[132.803684,32.752689],[132.803234,32.752089],[132.803171,32.751889],[132.803696,32.751222],[132.803746,32.750847],[132.803709,32.750681],[132.803459,32.750256],[132.803309,32.749822],[132.803109,32.749539],[132.802834,32.749406],[132.802546,32.748656],[132.802659,32.748314],[132.803034,32.747706],[132.802959,32.747373],[132.802809,32.747156],[132.802521,32.747031],[132.802396,32.746881],[132.802309,32.746873],[132.802096,32.747539],[132.801846,32.747831],[132.801671,32.747964],[132.801334,32.748139],[132.801159,32.748356],[132.800772,32.748706],[132.800272,32.748772],[132.800122,32.748722],[132.799734,32.748689],[132.799247,32.748697],[132.799147,32.748656],[132.799022,32.748664],[132.798534,32.748881],[132.798047,32.749172],[132.797647,32.749147],[132.796897,32.748847],[132.796447,32.748814],[132.796209,32.748581],[132.796134,32.748372],[132.796084,32.748339],[132.795897,32.748306],[132.795822,32.748522],[132.795697,32.748539],[132.795447,32.748347],[132.794997,32.747931],[132.794972,32.747647],[132.794797,32.747506],[132.794547,32.747389],[132.794297,32.747506],[132.794235,32.747639],[132.79436,32.748197],[132.79431,32.748406],[132.793972,32.748497],[132.793035,32.748622],[132.79261,32.748639],[132.79206,32.748197],[132.79156,32.74798],[132.791322,32.74783],[132.791147,32.747855],[132.79111,32.74818],[132.790885,32.748397],[132.790785,32.748789],[132.790635,32.749039],[132.790435,32.749189],[132.790298,32.749189],[132.789935,32.74908],[132.789685,32.748955],[132.789648,32.749255],[132.78976,32.749447],[132.789598,32.749547],[132.789248,32.749688],[132.789223,32.74973],[132.789335,32.750338],[132.789298,32.750755],[132.78901,32.751272],[132.788623,32.752013],[132.78856,32.752388],[132.788473,32.752663],[132.788373,32.75323],[132.788385,32.753746],[132.788497,32.75428],[132.788635,32.75458],[132.788522,32.754821],[132.788335,32.755046],[132.787448,32.755679],[132.78731,32.755813],[132.787285,32.756113],[132.787148,32.756538],[132.787048,32.756654],[132.78646,32.756987],[132.78586,32.757196],[132.784735,32.757529],[132.784373,32.757554],[132.783935,32.757104],[132.783823,32.756921],[132.78366,32.756246],[132.783635,32.755863],[132.783498,32.755613],[132.783248,32.755413],[132.783035,32.755004],[132.782673,32.754896],[132.782211,32.754804],[132.781623,32.754629],[132.781136,32.754379],[132.780423,32.754179],[132.779811,32.754113],[132.779598,32.754129],[132.779298,32.754246],[132.779098,32.754512],[132.778986,32.754896],[132.778748,32.755421],[132.778223,32.756137],[132.777348,32.756879],[132.776223,32.757654],[132.776136,32.757654],[132.775911,32.75772],[132.775811,32.757787],[132.775636,32.757829],[132.775286,32.757962],[132.774849,32.758237],[132.774461,32.75887],[132.774186,32.759453],[132.773524,32.759995],[132.772536,32.76117],[132.772261,32.761395],[132.771661,32.761503],[132.770949,32.76187],[132.770311,32.762003],[132.769711,32.762003],[132.768774,32.761844],[132.767149,32.761261],[132.766387,32.760878],[132.765587,32.760228],[132.765587,32.760178],[132.765862,32.759861],[132.765862,32.759753],[132.765637,32.759728],[132.76543,32.75983],[132.765362,32.759761],[132.765424,32.759703],[132.765137,32.759478],[132.76505,32.759586],[132.764837,32.75902],[132.764725,32.758761],[132.765225,32.758345],[132.765487,32.758186],[132.765475,32.758061],[132.7654,32.757945],[132.765362,32.757961],[132.765725,32.756553],[132.765862,32.756012],[132.76545,32.755853],[132.765125,32.755878],[132.76405,32.756037],[132.763525,32.75592],[132.763175,32.755678],[132.762975,32.75527],[132.762812,32.75507],[132.7627,32.755045],[132.762262,32.755087],[132.761762,32.755428],[132.761438,32.75547],[132.760913,32.755337],[132.759625,32.75462],[132.759438,32.754345],[132.759325,32.754103],[132.759025,32.753962],[132.758688,32.753895],[132.758525,32.753437],[132.75835,32.753203],[132.758025,32.75307],[132.757651,32.753053],[132.757276,32.753253],[132.757076,32.753437],[132.756326,32.754012],[132.756251,32.754037],[132.755676,32.754395],[132.755563,32.754645],[132.755588,32.754978],[132.755363,32.755386],[132.755201,32.755611],[132.754926,32.755611],[132.754713,32.755753],[132.754238,32.75647],[132.753363,32.757261],[132.752701,32.758503],[132.752263,32.758928],[132.751351,32.759628],[132.750888,32.759944],[132.750314,32.760211],[132.749951,32.760261],[132.749676,32.760802],[132.749764,32.761094],[132.749764,32.761344],[132.749514,32.761569],[132.749514,32.762219],[132.749326,32.763052],[132.749301,32.763277],[132.748714,32.763035],[132.748664,32.763052],[132.748689,32.763235],[132.748889,32.763527],[132.748964,32.763802],[132.748714,32.764452],[132.748439,32.765535],[132.748363,32.765985],[132.748226,32.766327],[132.747814,32.76671],[132.747839,32.767135],[132.747726,32.76736],[132.747626,32.767477],[132.74743,32.76747],[132.746476,32.768285],[132.746426,32.768377],[132.745951,32.768843],[132.745814,32.769068],[132.745564,32.769343],[132.745039,32.769835],[132.744226,32.770776],[132.743764,32.771718],[132.743614,32.772235],[132.743489,32.772434],[132.743351,32.772868],[132.743151,32.773043],[132.742951,32.773176],[132.742576,32.773334],[132.742176,32.773418],[132.741226,32.773393],[132.741126,32.773409],[132.740827,32.773384],[132.740702,32.773293],[132.740427,32.773251],[132.740377,32.772934],[132.740202,32.772659],[132.739852,32.772618],[132.739727,32.772543],[132.739502,32.772226],[132.739327,32.772134],[132.739227,32.772134],[132.739052,32.772176],[132.738852,32.772559],[132.738827,32.772851],[132.738764,32.772943],[132.738514,32.773034],[132.738414,32.772984],[132.738339,32.772984],[132.738239,32.773034],[132.738114,32.773326],[132.738114,32.773568],[132.737889,32.773751],[132.737664,32.773843],[132.737027,32.774259],[132.736577,32.774642],[132.736474,32.774735],[132.736102,32.775001],[132.73539,32.775742],[132.735277,32.776367],[132.735177,32.776459],[132.734677,32.776634],[132.734327,32.7767],[132.734002,32.776675],[132.733427,32.776625],[132.733402,32.776492],[132.733277,32.776376],[132.733102,32.776309],[132.732802,32.776326],[132.732627,32.776509],[132.732527,32.776667],[132.732527,32.776892],[132.732677,32.777009],[132.73289,32.777259],[132.732915,32.777684],[132.73279,32.778159],[132.73294,32.77845],[132.732752,32.778992],[132.732452,32.779217],[132.732002,32.779417],[132.731652,32.779433],[132.731202,32.779383],[132.730852,32.779292],[132.730577,32.779133],[132.730278,32.778834],[132.729978,32.778067],[132.729553,32.778134],[132.729478,32.778292],[132.729478,32.778492],[132.729378,32.778767],[132.729228,32.778875],[132.72899,32.779233],[132.72859,32.779775],[132.728115,32.77995],[132.727828,32.780175],[132.727728,32.780625],[132.727665,32.781641],[132.72754,32.781883],[132.72734,32.782083],[132.72689,32.7824],[132.72674,32.782575],[132.726528,32.782716],[132.726578,32.783141],[132.726628,32.783166],[132.726653,32.783341],[132.726553,32.783391],[132.726353,32.783408],[132.726278,32.783566],[132.726256,32.783616],[132.726103,32.783766],[132.72609,32.784083],[132.726165,32.784308],[132.72639,32.784583],[132.726565,32.784699],[132.72669,32.784808],[132.72629,32.785099],[132.72639,32.785149],[132.72649,32.785149],[132.72669,32.785033],[132.726915,32.784949],[132.72719,32.784991],[132.727315,32.785083],[132.727215,32.785424],[132.727028,32.785649],[132.726353,32.785866],[132.726028,32.785866],[132.724778,32.785583],[132.724378,32.785874],[132.724003,32.786058],[132.723678,32.786008],[132.723303,32.785866],[132.723028,32.785933],[132.722291,32.786024],[132.721941,32.786016],[132.721616,32.785949],[132.721516,32.786057],[132.721516,32.786216],[132.721716,32.786674],[132.721791,32.786757],[132.721916,32.787057],[132.722353,32.787799],[132.722828,32.788349],[132.722953,32.788599],[132.72294,32.788932],[132.72279,32.789832],[132.722815,32.78999],[132.722703,32.790757],[132.722578,32.791415],[132.722171,32.791948],[132.722115,32.792065],[132.72204,32.792224],[132.721915,32.792423],[132.72189,32.792532],[132.721928,32.792832],[132.721903,32.793257],[132.721653,32.793707],[132.721428,32.793973],[132.72104,32.794132],[132.720765,32.794107],[132.72064,32.794173],[132.72059,32.794373],[132.720665,32.794557],[132.72069,32.79474],[132.720665,32.794873],[132.72069,32.795123],[132.720628,32.795298],[132.720528,32.795456],[132.720253,32.79564],[132.719978,32.795906],[132.719878,32.796081],[132.719703,32.79629],[132.71944,32.796348],[132.71924,32.796465],[132.718865,32.796931],[132.718615,32.797089],[132.718403,32.797814],[132.718203,32.797831],[132.717803,32.797806],[132.717728,32.797848],[132.717535,32.797837],[132.717378,32.797714],[132.716853,32.797548],[132.716778,32.797189],[132.716741,32.796806],[132.716866,32.796356],[132.716741,32.796306],[132.716516,32.796848],[132.716516,32.796981],[132.716553,32.797098],[132.716628,32.797598],[132.716478,32.797548],[132.716403,32.797481],[132.716353,32.797364],[132.716278,32.796981],[132.716341,32.796464],[132.716466,32.796106],[132.717003,32.79534],[132.717178,32.794956],[132.717253,32.794465],[132.717241,32.794265],[132.717116,32.794106],[132.716716,32.793806],[132.716516,32.793756],[132.716091,32.793798],[132.715678,32.793998],[132.715228,32.794131],[132.714978,32.79429],[132.714679,32.79424],[132.714129,32.794198],[132.714004,32.794265],[132.713954,32.794398],[132.713854,32.794531],[132.713904,32.794715],[132.714054,32.794873],[132.714466,32.795231],[132.714641,32.79544],[132.714658,32.795517],[132.714572,32.79559],[132.714345,32.795669],[132.714116,32.795731],[132.713816,32.795681],[132.713566,32.795614],[132.713441,32.795631],[132.713241,32.795764],[132.713191,32.795898],[132.713291,32.795989],[132.713254,32.796173],[132.712941,32.796014],[132.712816,32.795989],[132.712704,32.796173],[132.712729,32.796214],[132.712479,32.796798],[132.712304,32.797064],[132.712091,32.797247],[132.711916,32.797222],[132.711841,32.797247],[132.711566,32.797556],[132.711466,32.797781],[132.711466,32.798164],[132.711541,32.798322],[132.711554,32.798547],[132.711404,32.798756],[132.711104,32.798956],[132.710854,32.799039],[132.710304,32.798881],[132.710179,32.798656],[132.709341,32.797772],[132.708991,32.797606],[132.708766,32.797697],[132.708716,32.797739],[132.708504,32.797989],[132.708329,32.798147],[132.707954,32.797914],[132.707804,32.797714],[132.708067,32.797331],[132.708242,32.797222],[132.708417,32.797039],[132.708492,32.796747],[132.708392,32.796406],[132.708454,32.796139],[132.708354,32.796023],[132.708204,32.796022],[132.708004,32.795981],[132.707904,32.795864],[132.707879,32.795706],[132.707754,32.795506],[132.707379,32.795389],[132.707179,32.795156],[132.706754,32.795048],[132.706454,32.795039],[132.70548,32.795031],[132.70488,32.795056],[132.70448,32.794981],[132.704055,32.794756],[132.70378,32.794664],[132.703255,32.794681],[132.70263,32.794698],[132.702117,32.794856],[132.701668,32.794872],[132.701293,32.794806],[132.700918,32.794822],[132.700643,32.794914],[132.700368,32.795114],[132.69963,32.795831],[132.699605,32.795897],[132.699455,32.795989],[132.699255,32.796031],[132.699005,32.79618],[132.69883,32.79623],[132.698155,32.795931],[132.69798,32.795797],[132.698005,32.795614],[132.697855,32.795006],[132.697893,32.794797],[132.697818,32.794572],[132.697593,32.794481],[132.697118,32.794414],[132.696893,32.794431],[132.696743,32.794339],[132.696743,32.794181],[132.696668,32.794006],[132.696543,32.793981],[132.696468,32.793997],[132.695993,32.793956],[132.695368,32.793814],[132.695044,32.793789],[132.694894,32.793881],[132.694744,32.793897],[132.694231,32.794072],[132.693906,32.794189],[132.693556,32.794164],[132.693231,32.794047],[132.692606,32.793772],[132.692571,32.793759],[132.692531,32.793747],[132.692356,32.793706],[132.692231,32.793789],[132.692006,32.793856],[132.691731,32.793789],[132.691432,32.793648],[132.691157,32.793423],[132.691044,32.792948],[132.690944,32.792906],[132.690719,32.792948],[132.690544,32.792923],[132.690444,32.792948],[132.690294,32.792923],[132.690019,32.792989],[132.689819,32.792939],[132.689544,32.792714],[132.689569,32.792506],[132.68937,32.792331],[132.68907,32.792098],[132.688845,32.792031],[132.688619,32.791995],[132.68836,32.791898],[132.68812,32.791731],[132.68777,32.791598],[132.68737,32.791523],[132.686945,32.79154],[132.686745,32.791606],[132.686595,32.791748],[132.686383,32.792173],[132.686233,32.792281],[132.686008,32.792531],[132.685907,32.792823],[132.685295,32.793814],[132.68502,32.794122],[132.684182,32.794772],[132.683807,32.795131],[132.68327,32.795714],[132.683207,32.795214],[132.68442,32.793914],[132.683845,32.793573],[132.68337,32.793997],[132.68292,32.793881],[132.682945,32.793772],[132.683145,32.793481],[132.684008,32.792831],[132.684108,32.792406],[132.684133,32.792023],[132.68442,32.791456],[132.685295,32.791281],[132.685745,32.790815],[132.685545,32.790606],[132.685683,32.790365],[132.685383,32.790115],[132.686271,32.789057],[132.686296,32.788965],[132.686271,32.788807],[132.686296,32.788673],[132.686546,32.788607],[132.686971,32.78859],[132.68742,32.78864],[132.688545,32.78869],[132.68867,32.78874],[132.68927,32.788782],[132.689445,32.788857],[132.690345,32.790215],[132.690432,32.790556],[132.690532,32.790648],[132.690657,32.79069],[132.69112,32.790448],[132.69142,32.790448],[132.691994,32.79029],[132.692544,32.789956],[132.695356,32.789823],[132.695656,32.78969],[132.696256,32.789373],[132.696794,32.788973],[132.697344,32.788615],[132.697956,32.787948],[132.698181,32.787857],[132.698706,32.787773],[132.698931,32.787657],[132.699056,32.787257],[132.698994,32.78664],[132.698844,32.786374],[132.698594,32.78599],[132.698419,32.785874],[132.698069,32.785507],[132.697682,32.78494],[132.697482,32.784757],[132.696882,32.784465],[132.696782,32.784465],[132.696057,32.784682],[132.695807,32.78479],[132.695569,32.78504],[132.695469,32.785449],[132.695319,32.785449],[132.695144,32.785374],[132.694895,32.785307],[132.694745,32.785374],[132.694445,32.78564],[132.694445,32.785774],[132.694332,32.785865],[132.694182,32.786065],[132.694182,32.786432],[132.694132,32.786632],[132.693745,32.787107],[132.693595,32.787398],[132.693395,32.787465],[132.692795,32.787482],[132.692495,32.787523],[132.692195,32.787632],[132.69182,32.787815],[132.691632,32.788057],[132.691382,32.788098],[132.691332,32.788082],[132.691057,32.788098],[132.690882,32.788165],[132.690433,32.788048],[132.690383,32.788007],[132.689895,32.787457],[132.689595,32.78719],[132.68927,32.786757],[132.688821,32.786549],[132.688096,32.786457],[132.687546,32.786515],[132.687346,32.786382],[132.686696,32.785765],[132.686321,32.785315],[132.686009,32.785082],[132.684884,32.78469],[132.684684,32.784557],[132.684534,32.784282],[132.684659,32.783907],[132.684534,32.783816],[132.684059,32.783807],[132.683834,32.783557],[132.683884,32.783332],[132.684021,32.783132],[132.684396,32.782841],[132.684571,32.782616],[132.684596,32.782441],[132.684521,32.782282],[132.684346,32.782116],[132.684359,32.781957],[132.684434,32.781849],[132.684434,32.781666],[132.684284,32.781441],[132.683934,32.781149],[132.683609,32.781033],[132.683259,32.781008],[132.682609,32.781249],[132.681984,32.781132],[132.681784,32.781291],[132.681471,32.781532],[132.681446,32.781691],[132.681346,32.781916],[132.681246,32.781982],[132.680921,32.782024],[132.680171,32.782041],[132.679771,32.782091],[132.679384,32.782216],[132.677809,32.782707],[132.677409,32.782949],[132.677384,32.783015],[132.677221,32.783107],[132.677096,32.783057],[132.676796,32.783174],[132.676646,32.783257],[132.676371,32.783374],[132.675496,32.783432],[132.674871,32.783407],[132.674521,32.783582],[132.673959,32.783757],[132.673509,32.783865],[132.673234,32.783957],[132.672384,32.783999],[132.672059,32.784107],[132.671309,32.784173],[132.670547,32.784323],[132.669472,32.784315],[132.668147,32.784282],[132.667572,32.78419],[132.667447,32.783873],[132.667472,32.783623],[132.667459,32.783198],[132.667309,32.783015],[132.667209,32.782857],[132.667009,32.782607],[132.666759,32.782532],[132.666534,32.782424],[132.666459,32.782332],[132.666259,32.78219],[132.666134,32.782082],[132.665934,32.78194],[132.665734,32.78199],[132.665659,32.781915],[132.665647,32.781532],[132.665422,32.78149],[132.665284,32.781599],[132.664984,32.781624],[132.664834,32.781549],[132.664459,32.781457],[132.664272,32.781032],[132.664047,32.780982],[132.663697,32.78109],[132.663547,32.781065],[132.663272,32.780907],[132.663097,32.780774],[132.663047,32.78064],[132.662947,32.780549],[132.662822,32.780524],[132.662522,32.78054],[132.662222,32.780632],[132.662047,32.780674],[132.661722,32.780649],[132.66146,32.780674],[132.66126,32.780807],[132.66111,32.781074],[132.660385,32.78134],[132.660085,32.781382],[132.65981,32.781382],[132.65956,32.78129],[132.65901,32.78124],[132.658647,32.781373],[132.658297,32.781682],[132.658022,32.781773],[132.657722,32.781748],[132.657647,32.781707],[132.657572,32.78159],[132.65766,32.781048],[132.65771,32.780732],[132.657585,32.78064],[132.657435,32.780707],[132.657185,32.780957],[132.657022,32.781407],[132.656872,32.781423],[132.656247,32.781398],[132.655897,32.781307],[132.655597,32.78119],[132.655297,32.78099],[132.655072,32.780915],[132.654372,32.781073],[132.653997,32.780757],[132.653847,32.780457],[132.653847,32.780207],[132.653935,32.779782],[132.653885,32.779665],[132.65386,32.779532],[132.653935,32.779398],[132.653885,32.77899],[132.653922,32.778832],[132.654122,32.778632],[132.654322,32.77854],[132.654322,32.77834],[132.654222,32.778274],[132.653997,32.778249],[132.653797,32.778273],[132.653572,32.777974],[132.653298,32.777749],[132.653048,32.777632],[132.652698,32.777607],[132.652373,32.777623],[132.651823,32.778032],[132.651573,32.77814],[132.651448,32.778165],[132.65111,32.778273],[132.650835,32.778315],[132.65036,32.778248],[132.649498,32.777607],[132.649248,32.777473],[132.649123,32.777198],[132.649098,32.77679],[132.648923,32.77654],[132.648635,32.776132],[132.648535,32.775907],[132.64836,32.775707],[132.648135,32.77554],[132.64821,32.775165],[132.648173,32.774732],[132.647873,32.774324],[132.647898,32.774215],[132.647873,32.773982],[132.647823,32.773899],[132.647773,32.773874],[132.647773,32.773757],[132.648185,32.77254],[132.648373,32.77209],[132.648523,32.77189],[132.648373,32.771707],[132.648198,32.771665],[132.648123,32.771574],[132.647998,32.771324],[132.64831,32.770624],[132.648461,32.770357],[132.648636,32.770199],[132.648711,32.770066],[132.648836,32.770024],[132.64891,32.770024],[132.64911,32.769841],[132.649248,32.769574],[132.649623,32.769241],[132.650198,32.768882],[132.650398,32.768974],[132.650548,32.768949],[132.65096,32.768591],[132.651035,32.768591],[132.651185,32.768524],[132.65131,32.768349],[132.65131,32.768233],[132.65121,32.768141],[132.65131,32.767916],[132.651185,32.767599],[132.651248,32.767424],[132.651173,32.767333],[132.651073,32.767283],[132.650923,32.767283],[132.650848,32.767174],[132.650798,32.767149],[132.650873,32.767033],[132.650873,32.766833],[132.650648,32.766783],[132.650773,32.766608],[132.650873,32.766491],[132.650898,32.766333],[132.650798,32.766266],[132.650623,32.766224],[132.650573,32.766241],[132.650123,32.766283],[132.649898,32.766258],[132.649873,32.766174],[132.650061,32.765741],[132.650011,32.765633],[132.649911,32.765633],[132.649473,32.766058],[132.649288,32.766051],[132.649223,32.765916],[132.649186,32.765783],[132.649061,32.765691],[132.648873,32.766008],[132.648698,32.766074],[132.648548,32.766049],[132.648398,32.766091],[132.648198,32.766091],[132.647898,32.766024],[132.647748,32.765908],[132.647523,32.765683],[132.647561,32.765408],[132.647511,32.765299],[132.647436,32.765233],[132.647261,32.765183],[132.646823,32.765474],[132.646598,32.765516],[132.646048,32.765583],[132.645348,32.765483],[132.645048,32.765508],[132.644848,32.765549],[132.643948,32.765657],[132.643723,32.765741],[132.643498,32.765832],[132.642886,32.765782],[132.642861,32.765807],[132.642786,32.765741],[132.642748,32.765599],[132.642548,32.765374],[132.642036,32.765732],[132.641661,32.765774],[132.641011,32.765749],[132.640886,32.765474],[132.640811,32.765407],[132.640636,32.765357],[132.640411,32.765382],[132.640336,32.765316],[132.640311,32.765224],[132.640598,32.764907],[132.640623,32.764799],[132.640573,32.764657],[132.640273,32.764524],[132.640048,32.764457],[132.639898,32.764449],[132.639398,32.764832],[132.638836,32.765257],[132.638861,32.765524],[132.638536,32.765866],[132.638461,32.766066],[132.638498,32.766249],[132.638073,32.766674],[132.637898,32.766782],[132.637548,32.766874],[132.637098,32.76689],[132.636998,32.766549],[132.636798,32.766215],[132.636398,32.766099],[132.636273,32.76594],[132.636323,32.765757],[132.636186,32.765507],[132.635961,32.765465],[132.635611,32.765299],[132.635461,32.765165],[132.635311,32.76519],[132.635236,32.765165],[132.635036,32.765207],[132.635011,32.765115],[132.635036,32.764865],[132.634961,32.764774],[132.634736,32.76464],[132.634536,32.764257],[132.634461,32.764166],[132.634236,32.764182],[132.633711,32.764049],[132.633586,32.763957],[132.633536,32.763891],[132.633624,32.763666],[132.633474,32.763591],[132.633574,32.763391],[132.633474,32.763124],[132.633324,32.763116],[132.633074,32.763232],[132.632624,32.763341],[132.632499,32.763291],[132.632424,32.763132],[132.632449,32.762907],[132.632249,32.762816],[132.632149,32.762257],[132.631999,32.762091],[132.631349,32.761974],[132.631324,32.761957],[132.630911,32.761724],[132.630674,32.761766],[132.630474,32.761857],[132.630349,32.761991],[132.630174,32.762107],[132.629849,32.762349],[132.629749,32.762324],[132.629324,32.762432],[132.629249,32.762482],[132.629174,32.762682],[132.629124,32.762724],[132.628911,32.76279],[132.628686,32.762949],[132.628636,32.763199],[132.628736,32.763715],[132.628724,32.763965],[132.628824,32.764282],[132.628711,32.765407],[132.628661,32.76559],[132.628711,32.765948],[132.628786,32.766065],[132.629111,32.766065],[132.629236,32.765957],[132.629861,32.765915],[132.629961,32.766073],[132.630661,32.76619],[132.630661,32.76644],[132.630761,32.766707],[132.630936,32.766848],[132.630986,32.766848],[132.631061,32.76694],[132.630949,32.767298],[132.630874,32.767407],[132.630974,32.767723],[132.631074,32.767798],[132.631224,32.76784],[132.631848,32.767848],[132.632023,32.767798],[132.632248,32.767807],[132.632373,32.767873],[132.632423,32.76799],[132.632498,32.768323],[132.632898,32.768373],[132.633298,32.768173],[132.633323,32.768198],[132.633848,32.768173],[132.634298,32.768115],[132.634348,32.768157],[132.634573,32.768248],[132.634898,32.768049],[132.635311,32.76794],[132.635986,32.768015],[132.636186,32.768082],[132.636673,32.76849],[132.637148,32.768949],[132.637548,32.768924],[132.638398,32.768749],[132.638911,32.768665],[132.639636,32.768465],[132.639761,32.768465],[132.640136,32.76894],[132.640273,32.769215],[132.640348,32.769532],[132.640023,32.770024],[132.639286,32.77099],[132.639136,32.771257],[132.638998,32.77189],[132.638548,32.772498],[132.638461,32.772948],[132.638486,32.773198],[132.638461,32.773532],[132.638573,32.774098],[132.638923,32.774715],[132.638848,32.775231],[132.638661,32.775431],[132.638086,32.775856],[132.636798,32.776481],[132.636573,32.776656],[132.636498,32.776881],[132.636136,32.777489],[132.636086,32.777514],[132.635861,32.778031],[132.635936,32.778189],[132.63611,32.778298],[132.636335,32.778306],[132.636485,32.778348],[132.63656,32.778439],[132.63651,32.778706],[132.636198,32.778956],[132.636173,32.779114],[132.636323,32.779314],[132.636123,32.779789],[132.63576,32.780172],[132.63526,32.780822],[132.635048,32.781539],[132.635023,32.781906],[132.635148,32.782039],[132.635398,32.782247],[132.635335,32.782514],[132.63526,32.782647],[132.635135,32.782739],[132.634785,32.782872],[132.634235,32.783389],[132.633998,32.783747],[132.633873,32.783839],[132.633898,32.783972],[132.633648,32.78408],[132.633573,32.784147],[132.633748,32.784422],[132.634073,32.784447],[132.634148,32.784489],[132.634323,32.784489],[132.634348,32.784514],[132.634423,32.784472],[132.634423,32.78438],[132.634548,32.784314],[132.634673,32.784339],[132.635248,32.784655],[132.635498,32.78473],[132.635723,32.78473],[132.635998,32.784639],[132.636548,32.784306],[132.63691,32.784147],[132.637685,32.783881],[132.637885,32.783864],[132.63831,32.784072],[132.638535,32.784139],[132.638735,32.784164],[132.638935,32.784389],[132.63906,32.784322],[132.63891,32.784006],[132.639085,32.783622],[132.639035,32.783447],[132.63911,32.783397],[132.639298,32.783397],[132.639435,32.783514],[132.639735,32.783539],[132.640023,32.783497],[132.640273,32.783314],[132.640548,32.783322],[132.640623,32.783297],[132.641623,32.782623],[132.641748,32.782573],[132.641898,32.782573],[132.642248,32.782656],[132.642623,32.782864],[132.642935,32.783156],[132.643148,32.783439],[132.643335,32.783764],[132.643498,32.784148],[132.643598,32.784489],[132.643673,32.784781],[132.64371,32.785123],[132.643735,32.785406],[132.643785,32.785581],[132.644023,32.785639],[132.644335,32.785714],[132.644435,32.785939],[132.64441,32.786097],[132.644572,32.786622],[132.644522,32.787072],[132.644135,32.787606],[132.643635,32.787872],[132.64326,32.788031],[132.642735,32.788164],[132.642197,32.788181],[132.641448,32.788039],[132.641248,32.787972],[132.640823,32.78788],[132.640598,32.78788],[132.639698,32.787889],[132.639423,32.787955],[132.638848,32.788247],[132.638373,32.788314],[132.638248,32.788247],[132.638098,32.788264],[132.63786,32.788355],[132.637585,32.788714],[132.637135,32.788938],[132.63646,32.788997],[132.636135,32.788972],[132.635885,32.789038],[132.635573,32.789172],[132.635073,32.789713],[132.634873,32.789822],[132.634598,32.790046],[132.634635,32.79063],[132.634535,32.790746],[132.634135,32.791213],[132.633898,32.791505],[132.633873,32.791638],[132.633948,32.791888],[132.633798,32.792271],[132.633573,32.792455],[132.632985,32.792563],[132.632735,32.792646],[132.63256,32.792763],[132.632185,32.793254],[132.631948,32.793771],[132.631723,32.794038],[132.631398,32.794354],[132.631273,32.794512],[132.63121,32.794762],[132.631285,32.794921],[132.63141,32.795096],[132.63156,32.795187],[132.63161,32.795412],[132.63156,32.795554],[132.631223,32.795996],[132.630873,32.796204],[132.630273,32.796379],[132.630048,32.796329],[132.629523,32.795962],[132.629223,32.795854],[132.628848,32.795621],[132.628448,32.795412],[132.627873,32.795346],[132.627673,32.795429],[132.627248,32.795495],[132.627173,32.795545],[132.626773,32.795945],[132.626623,32.796037],[132.626536,32.796212],[132.626423,32.796587],[132.626486,32.796637],[132.626723,32.79677],[132.626973,32.796804],[132.627323,32.796929],[132.627423,32.796929],[132.627798,32.79692],[132.628073,32.796945],[132.628448,32.796862],[132.628848,32.796687],[132.628998,32.796645],[132.629473,32.796845],[132.629573,32.79732],[132.629773,32.798012],[132.629573,32.798479],[132.629185,32.798903],[132.62901,32.799195],[132.629098,32.799303],[132.62916,32.79937],[132.628935,32.799687],[132.628685,32.79992],[132.628585,32.800128],[132.62871,32.800587],[132.628698,32.800662],[132.629448,32.800987],[132.629635,32.801078],[132.63001,32.801153],[132.630435,32.801228],[132.63051,32.801328],[132.630948,32.801462],[132.631073,32.80147],[132.631173,32.801545],[132.631497,32.801512],[132.631797,32.801412],[132.631872,32.80137],[132.63221,32.801195],[132.632385,32.801137],[132.632522,32.801137],[132.632872,32.801095],[132.633247,32.800903],[132.633672,32.800879],[132.634097,32.800729],[132.634247,32.800662],[132.634747,32.800545],[132.634985,32.800504],[132.635535,32.800295],[132.635997,32.799979],[132.636247,32.79967],[132.636485,32.799354],[132.636772,32.799204],[132.637047,32.799129],[132.63741,32.798987],[132.637785,32.798946],[132.638135,32.798987],[132.638735,32.799146],[132.638847,32.799429],[132.638772,32.799721],[132.638822,32.800271],[132.63886,32.800537],[132.639022,32.800721],[132.639272,32.800921],[132.639347,32.801187],[132.639372,32.801279],[132.639384,32.801445],[132.639484,32.801545],[132.639597,32.801662],[132.639759,32.801737],[132.639959,32.801729],[132.640634,32.801737],[132.640997,32.801704],[132.641484,32.801737],[132.641772,32.801729],[132.642434,32.801779],[132.642622,32.801829],[132.642959,32.801596],[132.643159,32.801354],[132.643322,32.801162],[132.643622,32.800904],[132.643809,32.800762],[132.644122,32.800721],[132.644334,32.800721],[132.644822,32.800771],[132.645134,32.800821],[132.645509,32.800838],[132.645959,32.800738],[132.646272,32.800596],[132.646572,32.800413],[132.646797,32.800379],[132.647209,32.800396],[132.647709,32.800496],[132.648259,32.800588],[132.648909,32.800754],[132.649334,32.800921],[132.649746,32.801204],[132.649934,32.801463],[132.650046,32.801779],[132.649971,32.802063],[132.649784,32.802287],[132.649671,32.802479],[132.649496,32.802871],[132.649209,32.803279],[132.648809,32.803579],[132.648659,32.803787],[132.648546,32.804162],[132.648509,32.80432],[132.648493,32.804391],[132.648834,32.804437],[132.648924,32.804439],[132.648996,32.804454],[132.649184,32.804504],[132.649346,32.804504],[132.649484,32.804395],[132.649646,32.804329],[132.649796,32.804295],[132.649871,32.80432],[132.650046,32.80432],[132.650146,32.804312],[132.650233,32.804312],[132.650358,32.804287],[132.650533,32.804179],[132.650683,32.804071],[132.650808,32.803996],[132.650971,32.803979],[132.65101,32.804109],[132.651783,32.804029],[132.651796,32.803687],[132.651846,32.803629],[132.652158,32.803412],[132.652483,32.803204],[132.652683,32.803062],[132.652933,32.802862],[132.653333,32.802362],[132.653471,32.802154],[132.653708,32.801954],[132.654033,32.801729],[132.654433,32.801538],[132.654796,32.801304],[132.655196,32.801138],[132.655496,32.801046],[132.655833,32.801104],[132.656346,32.801188],[132.656771,32.801288],[132.657083,32.801479],[132.657133,32.801721],[132.657133,32.801929],[132.656971,32.802154],[132.656721,32.802429],[132.656296,32.802996],[132.655958,32.803504],[132.655846,32.803646],[132.655733,32.803854],[132.655683,32.803954],[132.655721,32.804054],[132.655996,32.804437],[132.656033,32.804745],[132.655958,32.80507],[132.655833,32.805337],[132.65562,32.805687],[132.655433,32.80607],[132.655395,32.806154],[132.654958,32.805962],[132.654758,32.80602],[132.654646,32.805937],[132.654583,32.805804],[132.654537,32.805603],[132.653358,32.806045],[132.653408,32.806195],[132.653471,32.806637],[132.653333,32.806703],[132.652983,32.806728],[132.652258,32.806595],[132.651846,32.806695],[132.651583,32.806962],[132.651246,32.807345],[132.650871,32.807712],[132.650358,32.80802],[132.649821,32.808395],[132.649608,32.80852],[132.649083,32.808403],[132.648583,32.808395],[132.647858,32.808328],[132.647271,32.808336],[132.646596,32.808036],[132.646009,32.807853],[132.645471,32.807703],[132.644859,32.807695],[132.643884,32.807945],[132.643034,32.808286],[132.642059,32.808353],[132.641384,32.808461],[132.640659,32.808678],[132.640271,32.808836],[132.640171,32.808919],[132.640246,32.809011],[132.640596,32.809219],[132.640996,32.809336],[132.641821,32.809411],[132.642221,32.809386],[132.642771,32.809553],[132.643159,32.809436],[132.643509,32.809286],[132.643709,32.809244],[132.644284,32.80902],[132.644584,32.808953],[132.644784,32.808953],[132.645234,32.809136],[132.645459,32.809295],[132.646158,32.809486],[132.646633,32.809711],[132.646733,32.809803],[132.647033,32.809919],[132.647196,32.810686],[132.646971,32.811336],[132.646696,32.811536],[132.645733,32.812027],[132.645208,32.812344],[132.644696,32.812927],[132.644521,32.813235],[132.644421,32.813602],[132.644383,32.813919],[132.644508,32.814344],[132.644483,32.81441],[132.644533,32.814685],[132.644458,32.814777],[132.644383,32.815002],[132.644421,32.815069],[132.644733,32.815135],[132.644921,32.815727],[132.644758,32.816627],[132.644783,32.816785],[132.644858,32.816943],[132.644833,32.816985],[132.644733,32.81721],[132.644558,32.817435],[132.644521,32.817818],[132.644271,32.817976],[132.644246,32.818085],[132.644171,32.818151],[132.644171,32.818268],[132.644221,32.81836],[132.644421,32.81836],[132.644522,32.818337],[132.644546,32.818518],[132.644371,32.818718],[132.644158,32.819126],[132.644108,32.819284],[132.644033,32.819826],[132.644308,32.819984],[132.644558,32.820184],[132.644733,32.820193],[132.645583,32.820101],[132.646183,32.819926],[132.646358,32.820068],[132.646433,32.820159],[132.646383,32.820268],[132.646408,32.820426],[132.646483,32.820543],[132.646608,32.820493],[132.647183,32.820134],[132.647333,32.819868],[132.647445,32.819776],[132.647845,32.819576],[132.648445,32.819135],[132.648745,32.819018],[132.649258,32.818818],[132.649483,32.818826],[132.649757,32.818868],[132.650445,32.819485],[132.65047,32.819576],[132.65042,32.819893],[132.650545,32.820251],[132.650495,32.820451],[132.650357,32.820609],[132.650157,32.820834],[132.649882,32.821376],[132.64962,32.822234],[132.649545,32.822751],[132.649595,32.822951],[132.649757,32.823359],[132.650082,32.823884],[132.650395,32.824469],[132.650395,32.825075],[132.650345,32.8256],[132.65037,32.825867],[132.650482,32.826025],[132.651032,32.826142],[132.651269,32.826142],[132.651357,32.826234],[132.651357,32.826392],[132.651232,32.826709],[132.651307,32.826908],[132.651732,32.827392],[132.651807,32.827408],[132.652494,32.827825],[132.652844,32.828008],[132.653044,32.828167],[132.653319,32.82835],[132.653344,32.828442],[132.653519,32.8288],[132.653494,32.828867],[132.653544,32.829],[132.653819,32.8293],[132.654244,32.829483],[132.654469,32.829392],[132.654544,32.829325],[132.654569,32.8291],[132.654444,32.828875],[132.654469,32.828742],[132.654519,32.828625],[132.654581,32.828358],[132.654756,32.827908],[132.654706,32.82775],[132.654557,32.827384],[132.654694,32.82705],[132.654719,32.826959],[132.654419,32.8268],[132.655069,32.8259],[132.655057,32.825717],[132.654932,32.825467],[132.654957,32.825384],[132.655132,32.825176],[132.655407,32.825384],[132.655507,32.825292],[132.655232,32.825042],[132.655257,32.824951],[132.655694,32.824459],[132.655844,32.824301],[132.656194,32.823859],[132.656219,32.823767],[132.657069,32.823767],[132.657819,32.824117],[132.657919,32.824051],[132.658069,32.824026],[132.658094,32.824076],[132.65785,32.824465],[132.657819,32.824451],[132.657744,32.824609],[132.657794,32.824634],[132.657744,32.824817],[132.657669,32.824792],[132.657506,32.825534],[132.657831,32.825584],[132.657856,32.825651],[132.658156,32.825676],[132.658456,32.825584],[132.658681,32.825701],[132.658956,32.825926],[132.658956,32.825976],[132.659106,32.826226],[132.659081,32.826267],[132.659106,32.826384],[132.659381,32.826451],[132.659881,32.826742],[132.660081,32.826992],[132.660093,32.827359],[132.660043,32.827492],[132.659968,32.827534],[132.659743,32.827892],[132.659227,32.828382],[132.659206,32.8285],[132.659168,32.828642],[132.659156,32.82885],[132.659181,32.829042],[132.659293,32.829192],[132.659531,32.829433],[132.659931,32.829667],[132.660343,32.829758],[132.660743,32.829858],[132.661081,32.829925],[132.661018,32.830117],[132.661056,32.830358],[132.660918,32.830642],[132.661168,32.830858],[132.661143,32.831042],[132.660818,32.831117],[132.660456,32.831325],[132.660343,32.831808],[132.660356,32.832017],[132.660556,32.832192],[132.660831,32.832125],[132.661006,32.832033],[132.661118,32.831992],[132.661393,32.832075],[132.661656,32.832125],[132.661868,32.832],[132.662118,32.8317],[132.662381,32.831283],[132.662468,32.831108],[132.662618,32.831025],[132.662793,32.830983],[132.66323,32.831067],[132.663705,32.8313],[132.664068,32.83155],[132.664155,32.831975],[132.66443,32.832358],[132.664455,32.832492],[132.664343,32.832667],[132.664068,32.832717],[132.663893,32.832892],[132.66388,32.833058],[132.663943,32.833191],[132.66428,32.833283],[132.66473,32.833275],[132.664918,32.833516],[132.664893,32.83365],[132.664705,32.833816],[132.664368,32.833816],[132.663905,32.833791],[132.66368,32.833975],[132.663655,32.834075],[132.66358,32.834275],[132.66343,32.8345],[132.66343,32.834583],[132.663355,32.834683],[132.663043,32.834683],[132.662805,32.8348],[132.662655,32.834908],[132.662555,32.835091],[132.662605,32.835266],[132.66258,32.835316],[132.662355,32.8354],[132.662155,32.835491],[132.661905,32.835516],[132.66183,32.835599],[132.661755,32.835624],[132.661393,32.835849],[132.661293,32.836024],[132.661193,32.836074],[132.660943,32.836116],[132.660943,32.836141],[132.660743,32.836383],[132.660743,32.836433],[132.660668,32.836499],[132.660343,32.836566],[132.660231,32.836699],[132.660056,32.836716],[132.659781,32.837041],[132.659506,32.837291],[132.659456,32.837633],[132.659506,32.837791],[132.659218,32.837857],[132.658893,32.837882],[132.658768,32.837949],[132.658868,32.838174],[132.658918,32.838191],[132.659056,32.838782],[132.659268,32.839141],[132.659668,32.839474],[132.66133,32.840399],[132.66168,32.840549],[132.661943,32.840774],[132.662343,32.841049],[132.662593,32.841066],[132.663043,32.840932],[132.663443,32.840866],[132.66438,32.840632],[132.66488,32.840541],[132.665555,32.840591],[132.665742,32.840632],[132.66593,32.840724],[132.665955,32.840791],[132.66628,32.840924],[132.666805,32.840941],[132.66713,32.840874],[132.667242,32.840941],[132.66753,32.841232],[132.66783,32.841282],[132.668205,32.841232],[132.669055,32.840941],[132.669617,32.840558],[132.669855,32.840333],[132.67028,32.840083],[132.670655,32.839966],[132.670917,32.839991],[132.671267,32.840099],[132.671379,32.840191],[132.671742,32.840216],[132.672117,32.840141],[132.672367,32.840141],[132.672679,32.840258],[132.672767,32.840324],[132.673242,32.840458],[132.673829,32.840458],[132.674129,32.840724],[132.673492,32.841133],[132.673517,32.841399],[132.673917,32.841516],[132.673992,32.841558],[132.674292,32.842099],[132.673967,32.841983],[132.673754,32.841874],[132.673704,32.841674],[132.673592,32.841624],[132.672767,32.841699],[132.671729,32.841358],[132.671517,32.841516],[132.671479,32.841791],[132.671642,32.842107],[132.671829,32.842257],[132.672042,32.842507],[132.672267,32.843341],[132.672029,32.843632],[132.671704,32.843791],[132.671442,32.844157],[132.671354,32.844357],[132.671379,32.844449],[132.670667,32.844566],[132.67013,32.843707],[132.669705,32.843391],[132.668605,32.842857],[132.668392,32.843057],[132.667667,32.843282],[132.66743,32.843582],[132.66743,32.843757],[132.667805,32.843982],[132.66783,32.844165],[132.66778,32.844299],[132.66773,32.844724],[132.66778,32.844907],[132.667867,32.844974],[132.668009,32.844973],[132.668017,32.84504],[132.668055,32.845332],[132.667942,32.845582],[132.66738,32.845924],[132.667142,32.846099],[132.66698,32.846174],[132.666692,32.84624],[132.666505,32.846332],[132.666505,32.846423],[132.666742,32.846798],[132.66643,32.84714],[132.66613,32.847232],[132.665842,32.846982],[132.665405,32.846873],[132.665305,32.847165],[132.664792,32.84699],[132.664667,32.846965],[132.664255,32.84699],[132.663755,32.847098],[132.663755,32.847148],[132.663942,32.847323],[132.664317,32.847415],[132.664342,32.847598],[132.66458,32.84784],[132.664717,32.84814],[132.664617,32.848565],[132.664267,32.84854],[132.66413,32.848681],[132.663967,32.848948],[132.663205,32.849331],[132.661918,32.848681],[132.661568,32.848706],[132.66128,32.84889],[132.661193,32.849065],[132.661218,32.849131],[132.661468,32.849181],[132.661543,32.849223],[132.661543,32.849498],[132.661355,32.849723],[132.661305,32.849856],[132.661468,32.849881],[132.661568,32.850148],[132.661568,32.850331],[132.661655,32.850665],[132.662105,32.851073],[132.662143,32.851631],[132.661955,32.851931],[132.661468,32.852239],[132.661104,32.852672],[132.660918,32.853398],[132.660543,32.853256],[132.660405,32.853239],[132.65963,32.852923],[132.65928,32.852831],[132.658905,32.852839],[132.658318,32.853106],[132.657868,32.852881],[132.657355,32.852723],[132.65698,32.852773],[132.656693,32.853039],[132.656643,32.853197],[132.656643,32.853631],[132.656693,32.853964],[132.656905,32.854331],[132.657493,32.854706],[132.657768,32.854981],[132.657743,32.855022],[132.657843,32.855431],[132.658218,32.855739],[132.658543,32.855947],[132.65868,32.855964],[132.659318,32.855939],[132.659818,32.855989],[132.660543,32.856547],[132.66098,32.856681],[132.66143,32.856747],[132.661505,32.856722],[132.661617,32.856497],[132.661667,32.856072],[132.662305,32.856022],[132.662517,32.856364],[132.663542,32.856989],[132.663805,32.857056],[132.664042,32.857189],[132.66413,32.857531],[132.664505,32.857781],[132.664667,32.858047],[132.665042,32.858431],[132.664805,32.859306],[132.66478,32.85978],[132.664967,32.86048],[132.665367,32.860772],[132.665742,32.860797],[132.665792,32.860772],[132.665792,32.860614],[132.665725,32.860434],[132.66598,32.860414],[132.666192,32.860272],[132.666455,32.860339],[132.66668,32.860322],[132.667054,32.860814],[132.667179,32.860972],[132.667129,32.861239],[132.666992,32.861397],[132.66678,32.861489],[132.666655,32.861689],[132.666842,32.861939],[132.667154,32.86178],[132.667642,32.861805],[132.667717,32.86178],[132.668067,32.861847],[132.668329,32.86198],[132.668892,32.861555],[132.669454,32.861889],[132.669854,32.862297],[132.670017,32.86263],[132.670079,32.863197],[132.669992,32.863505],[132.669829,32.863464],[132.669054,32.863422],[132.668817,32.863447],[132.668579,32.863539],[132.668442,32.863697],[132.668367,32.86403],[132.668392,32.864097],[132.668342,32.864189],[132.668079,32.864214],[132.667779,32.864397],[132.667679,32.864572],[132.668042,32.864689],[132.668292,32.864639],[132.668717,32.865022],[132.668929,32.865064],[132.669654,32.864972],[132.669942,32.865197],[132.670242,32.865172],[132.670292,32.864947],[132.670404,32.864772],[132.670367,32.864547],[132.670533,32.864369],[132.670642,32.86443],[132.670804,32.864522],[132.672267,32.86443],[132.672317,32.86443],[132.672479,32.864605],[132.672567,32.86463],[132.672779,32.864789],[132.673179,32.864964],[132.673716,32.865097],[132.674379,32.865072],[132.674541,32.865122],[132.674891,32.865522],[132.675129,32.865955],[132.675079,32.866022],[132.675079,32.866314],[132.675404,32.866722],[132.676091,32.867189],[132.676604,32.867389],[132.676816,32.867597],[132.676866,32.86768],[132.677404,32.868089],[132.677816,32.868697],[132.677966,32.868855],[132.678054,32.869172],[132.678079,32.869547],[132.678404,32.869505],[132.678429,32.869597],[132.678316,32.87018],[132.678566,32.870522],[132.678641,32.870539],[132.679041,32.870289],[132.679203,32.87013],[132.679766,32.869814],[132.679903,32.87013],[132.680141,32.870514],[132.680353,32.870472],[132.680516,32.87038],[132.680866,32.870264],[132.681016,32.870397],[132.681266,32.870989],[132.681366,32.87128],[132.681741,32.871547],[132.682391,32.871864],[132.682891,32.871997],[132.683566,32.872064],[132.68378,32.872082],[132.684041,32.87213],[132.684416,32.872197],[132.684503,32.872372],[132.684978,32.872739],[132.685728,32.873097],[132.68664,32.873247],[132.686828,32.873205],[132.68709,32.87338],[132.687065,32.873472],[132.687315,32.873747],[132.687678,32.873789],[132.68784,32.873722],[132.68784,32.873672],[132.688053,32.873514],[132.688265,32.873422],[132.688665,32.87358],[132.689178,32.87408],[132.689428,32.874389],[132.68974,32.874572],[132.689878,32.874597],[132.689978,32.874572],[132.690203,32.874747],[132.690327,32.874822],[132.69044,32.874955],[132.690277,32.87588],[132.690302,32.876147],[132.690502,32.876397],[132.690627,32.876463],[132.690902,32.876505],[132.69114,32.87648],[132.691175,32.876482],[132.691215,32.876547],[132.691302,32.87718],[132.691302,32.877497],[132.69119,32.877522],[132.691165,32.87763],[132.691277,32.877922],[132.691227,32.87813],[132.690927,32.878738],[132.69064,32.879072],[132.690315,32.878963],[132.690027,32.878988],[132.68949,32.878855],[132.689002,32.878788],[132.688815,32.878722],[132.68869,32.878946],[132.688415,32.879121],[132.688452,32.879346],[132.688315,32.879738],[132.68824,32.880113],[132.68812,32.880119],[132.688027,32.880121],[132.688027,32.880271],[132.688215,32.880546],[132.688477,32.880571],[132.68874,32.880521],[132.688927,32.880363],[132.68909,32.880521],[132.689202,32.880788],[132.68939,32.881038],[132.689952,32.88158],[132.69014,32.881821],[132.690352,32.88203],[132.69054,32.882388],[132.69084,32.882638],[132.691215,32.882788],[132.691502,32.882721],[132.691577,32.88268],[132.69214,32.882905],[132.692252,32.882996],[132.692415,32.883238],[132.692414,32.883671],[132.692364,32.884005],[132.693402,32.88448],[132.693589,32.884613],[132.694027,32.884838],[132.694552,32.884946],[132.695177,32.885196],[132.695277,32.885263],[132.695864,32.885438],[132.696077,32.885555],[132.696427,32.885888],[132.696452,32.886179],[132.696402,32.886388],[132.696277,32.886429],[132.696139,32.886404],[132.696089,32.886679],[132.696198,32.886804],[132.696573,32.886896],[132.697036,32.886887],[132.697373,32.886804],[132.697876,32.886471],[132.698064,32.886205],[132.697951,32.885863],[132.697839,32.885188],[132.698451,32.884871],[132.699039,32.884896],[132.699789,32.885005],[132.699976,32.885071],[132.700489,32.88568],[132.701164,32.88608],[132.701689,32.886171],[132.701776,32.886171],[132.701989,32.886396],[132.702338,32.886938],[132.702738,32.88718],[132.703251,32.887388],[132.703676,32.887521],[132.704076,32.887696],[132.704588,32.888055],[132.704826,32.888196],[132.705006,32.888256],[132.705251,32.88833],[132.705901,32.888188],[132.706326,32.888388],[132.707075,32.888638],[132.70715,32.888613],[132.707388,32.888255],[132.707475,32.887755],[132.707438,32.886338],[132.707226,32.885688],[132.707276,32.885255],[132.707513,32.884713],[132.707776,32.883972],[132.708126,32.883563],[132.708526,32.883297],[132.708851,32.883205],[132.709001,32.883089],[132.709213,32.882689],[132.709426,32.881714],[132.709213,32.881489],[132.708813,32.881764],[132.708151,32.88233],[132.708101,32.882305],[132.708113,32.881564],[132.707988,32.881314],[132.708113,32.88118],[132.708874,32.880744],[132.708676,32.880339],[132.708301,32.879805],[132.708088,32.879755],[132.708001,32.879664],[132.708088,32.879489],[132.708063,32.879214],[132.707926,32.878922],[132.707688,32.878789],[132.707551,32.878789],[132.707176,32.878406],[132.706993,32.878162],[132.706776,32.877889],[132.706264,32.876856],[132.706051,32.876047],[132.706339,32.875839],[132.707189,32.875522],[132.707438,32.875772],[132.707788,32.876247],[132.707726,32.876556],[132.707863,32.876856],[132.708888,32.877797],[132.709876,32.878489],[132.710113,32.878806],[132.710276,32.879389],[132.710413,32.879506],[132.710975,32.879639],[132.711188,32.880605],[132.711425,32.880964],[132.7118,32.881172],[132.712025,32.881239],[132.712475,32.881464],[132.713675,32.882205],[132.713822,32.882233],[132.714,32.882272],[132.714537,32.882289],[132.714775,32.882264],[132.715312,32.881864],[132.71555,32.881522],[132.7156,32.881005],[132.715575,32.880689],[132.715787,32.88033],[132.715837,32.879897],[132.715725,32.879514],[132.71565,32.879406],[132.715213,32.879089],[132.714363,32.878597],[132.714088,32.878256],[132.713613,32.877406],[132.713524,32.877266],[132.713525,32.877131],[132.713575,32.876272],[132.71355,32.876047],[132.713575,32.875556],[132.713591,32.875327],[132.713788,32.875373],[132.71505,32.875706],[132.71745,32.876247],[132.717912,32.876314],[132.718575,32.876239],[132.718762,32.876172],[132.7197,32.875989],[132.719837,32.876039],[132.720662,32.876556],[132.7213,32.877089],[132.721175,32.877314],[132.720162,32.878472],[132.719387,32.879306],[132.719287,32.879489],[132.718987,32.879797],[132.71885,32.880005],[132.718887,32.880097],[132.719762,32.881039],[132.720087,32.880997],[132.720562,32.880855],[132.721499,32.880655],[132.721962,32.880697],[132.722362,32.880897],[132.722437,32.881189],[132.722224,32.881439],[132.721774,32.881372],[132.721349,32.881422],[132.720624,32.881647],[132.719799,32.882005],[132.719687,32.882214],[132.719749,32.882322],[132.719799,32.88268],[132.720124,32.882997],[132.720012,32.883155],[132.719562,32.882955],[132.719187,32.883072],[132.718812,32.883247],[132.718437,32.88393],[132.717937,32.88458],[132.717475,32.884672],[132.716362,32.885105],[132.716273,32.885125],[132.716175,32.885147],[132.71575,32.885213],[132.714975,32.88513],[132.7146,32.885155],[132.713929,32.885306],[132.7138,32.88533],[132.713475,32.885447],[132.712962,32.885763],[132.712437,32.886213],[132.712462,32.886305],[132.712625,32.886422],[132.712926,32.8864],[132.712862,32.886688],[132.712925,32.886955],[132.713,32.887097],[132.71335,32.887088],[132.713475,32.887005],[132.713512,32.886847],[132.713725,32.886822],[132.713775,32.886913],[132.713912,32.886913],[132.714412,32.886772],[132.714712,32.88673],[132.714862,32.886372],[132.714925,32.886322],[132.71575,32.886163],[132.716012,32.886163],[132.715962,32.886347],[132.715562,32.886705],[132.715137,32.887272],[132.715137,32.887513],[132.715412,32.887788],[132.715937,32.887855],[132.715962,32.888013],[132.715837,32.888143],[132.71565,32.888171],[132.714662,32.888371],[132.714362,32.888213],[132.714287,32.88813],[132.714125,32.888171],[132.71405,32.888288],[132.714312,32.888713],[132.714212,32.888755],[132.713612,32.888488],[132.713212,32.888355],[132.712975,32.88833],[132.712412,32.888488],[132.7121,32.888646],[132.711947,32.888706],[132.7118,32.888763],[132.711825,32.889055],[132.711725,32.889438],[132.71165,32.890071],[132.711537,32.890338],[132.711462,32.89043],[132.711087,32.890655],[132.710787,32.89068],[132.7106,32.890638],[132.71055,32.890588],[132.710412,32.890613],[132.709775,32.890905],[132.709538,32.891405],[132.70925,32.891763],[132.708925,32.89208],[132.708475,32.892379],[132.707038,32.893029],[132.706263,32.893279],[132.7058,32.893554],[132.70525,32.893963],[132.704663,32.894729],[132.704263,32.895496],[132.704125,32.895971],[132.703913,32.896146],[132.703888,32.896237],[132.703938,32.896462],[132.7041,32.896662],[132.7049,32.896795],[132.705088,32.896887],[132.705338,32.897095],[132.705363,32.897612],[132.705413,32.897679],[132.705625,32.897654],[132.706025,32.897337],[132.706213,32.897087],[132.706563,32.896796],[132.706638,32.896771],[132.706988,32.896454],[132.707388,32.896187],[132.707525,32.896137],[132.70755,32.896071],[132.708,32.895754],[132.70805,32.895662],[132.708562,32.895346],[132.709012,32.894963],[132.709125,32.894738],[132.709287,32.894579],[132.709687,32.894404],[132.7107,32.893838],[132.711037,32.893538],[132.71125,32.893521],[132.711712,32.893296],[132.711925,32.893063],[132.712275,32.893138],[132.71265,32.893354],[132.7127,32.893538],[132.713212,32.893604],[132.713524,32.893538],[132.713824,32.893379],[132.714412,32.893396],[132.714462,32.893446],[132.715074,32.893646],[132.715349,32.893596],[132.715374,32.893263],[132.715287,32.893013],[132.715262,32.892721],[132.715429,32.892398],[132.716062,32.892788],[132.716387,32.893596],[132.716599,32.893804],[132.717437,32.894296],[132.717774,32.894454],[132.718074,32.894521],[132.718661,32.894446],[132.719274,32.894288],[132.719536,32.894038],[132.719624,32.894021],[132.720024,32.894179],[132.720399,32.894421],[132.720449,32.894579],[132.720536,32.895304],[132.720724,32.895912],[132.720798,32.896404],[132.720861,32.897262],[132.721048,32.897287],[132.721161,32.897595],[132.721373,32.897737],[132.721773,32.89857],[132.721861,32.898879],[132.721773,32.899262],[132.721623,32.899712],[132.720848,32.90152],[132.720582,32.902167],[132.720236,32.902337],[132.719573,32.902787],[132.719011,32.902428],[132.719161,32.902178],[132.719436,32.902087],[132.719748,32.901837],[132.719936,32.901453],[132.719836,32.901187],[132.719861,32.90107],[132.720261,32.900645],[132.720261,32.900528],[132.719486,32.900304],[132.718873,32.90067],[132.718061,32.90092],[132.717399,32.900987],[132.716949,32.90092],[132.716199,32.900537],[132.715849,32.900245],[132.715424,32.899954],[132.714886,32.899504],[132.714537,32.899554],[132.713599,32.89982],[132.712537,32.899987],[132.712399,32.900054],[132.712162,32.900029],[132.711837,32.89992],[132.711674,32.899895],[132.711362,32.899937],[132.711224,32.900095],[132.711299,32.900412],[132.711624,32.90077],[132.711599,32.900845],[132.711224,32.901295],[132.711037,32.901362],[132.711099,32.901587],[132.711337,32.901853],[132.711362,32.90197],[132.711599,32.902287],[132.711899,32.902437],[132.712462,32.902353],[132.712724,32.902212],[132.712887,32.902262],[132.713074,32.902462],[132.713187,32.902687],[132.713424,32.902887],[132.713961,32.902978],[132.714086,32.903295],[132.714149,32.903761],[132.713849,32.903836],[132.713586,32.903995],[132.713586,32.904128],[132.713886,32.904303],[132.713861,32.904736],[132.713749,32.904961],[132.713424,32.904986],[132.713161,32.905078],[132.713061,32.905145],[132.713136,32.905345],[132.713436,32.905678],[132.713461,32.905953],[132.713299,32.906403],[132.713061,32.906761],[132.712899,32.907144],[132.712824,32.907461],[132.712874,32.907686],[132.713124,32.907869],[132.713224,32.908361],[132.713649,32.908227],[132.713949,32.908044],[132.714136,32.908044],[132.716136,32.908519],[132.717073,32.908444],[132.716973,32.908877],[132.716673,32.909977],[132.716461,32.910544],[132.716303,32.910561],[132.716123,32.910586],[132.715723,32.910677],[132.715611,32.910677],[132.715161,32.910794],[132.715086,32.910887],[132.714998,32.911019],[132.714836,32.911469],[132.714873,32.911902],[132.715536,32.913027],[132.715598,32.91336],[132.715223,32.913543],[132.714823,32.913793],[132.714548,32.914018],[132.714423,32.913968],[132.713936,32.913977],[132.713086,32.914043],[132.712973,32.914202],[132.713161,32.914293],[132.714261,32.914627],[132.714311,32.914668],[132.713673,32.91551],[132.712498,32.915443],[132.711911,32.915035],[132.711823,32.91456],[132.711698,32.914402],[132.711423,32.91436],[132.711211,32.914477],[132.711136,32.914793],[132.711323,32.915085],[132.711398,32.915152],[132.711511,32.915327],[132.712098,32.916026],[132.712186,32.916318],[132.712098,32.916451],[132.712348,32.916726],[132.712423,32.916768],[132.712536,32.916976],[132.712323,32.917243],[132.711573,32.918101],[132.711548,32.918235],[132.711761,32.918893],[132.711498,32.919676],[132.711298,32.920109],[132.711186,32.920626],[132.711023,32.920876],[132.710911,32.920959],[132.710773,32.921192],[132.710773,32.921434],[132.710886,32.921659],[132.710973,32.921751],[132.710998,32.922001],[132.710748,32.923084],[132.710723,32.923734],[132.71086,32.924075],[132.708223,32.926075],[132.707711,32.926667],[132.702512,32.925],[132.702574,32.924842],[132.702674,32.924684],[132.702699,32.924284],[132.702674,32.9239],[132.702487,32.923742],[132.702349,32.923359],[132.702512,32.923067],[132.702049,32.922634],[132.701774,32.922317],[132.701712,32.922025],[132.701849,32.921642],[132.702537,32.920717],[132.702674,32.920359],[132.702537,32.920084],[132.702387,32.919384],[132.702437,32.918818],[132.702512,32.918659],[132.702462,32.918551],[132.702224,32.918593],[132.702037,32.918568],[132.701387,32.918393],[132.70085,32.918209],[132.7008,32.918126],[132.69995,32.917851],[132.699887,32.917768],[132.699725,32.917768],[132.699012,32.917943],[132.698712,32.918084],[132.698475,32.918259],[132.698687,32.918642],[132.698687,32.919159],[132.698775,32.919526],[132.698962,32.919726],[132.699287,32.919884],[132.6996,32.920092],[132.69935,32.920542],[132.6991,32.920817],[132.6988,32.920901],[132.698112,32.920542],[132.697725,32.920367],[132.69745,32.920675],[132.69765,32.920817],[132.697175,32.921292],[132.696688,32.920992],[132.6965,32.92115],[132.69515,32.920234],[132.694075,32.9205],[132.694325,32.921384],[132.694419,32.921523],[132.694513,32.92165],[132.694713,32.922125],[132.694575,32.922217],[132.695675,32.9251],[132.694488,32.925483],[132.694625,32.926608],[132.696858,32.926608],[132.696687,32.926925],[132.6965,32.927825],[132.696337,32.928183],[132.696275,32.928416],[132.696212,32.928525],[132.695212,32.927891],[132.693962,32.927666],[132.69395,32.9274],[132.6937,32.9271],[132.693588,32.927058],[132.692238,32.927016],[132.691388,32.926966],[132.691,32.925775],[132.690888,32.92535],[132.69065,32.92535],[132.690538,32.925483],[132.689626,32.926408],[132.689213,32.926316],[132.688301,32.925533],[132.688526,32.925258],[132.689026,32.925125],[132.690126,32.92465],[132.690451,32.924358],[132.690726,32.92375],[132.690751,32.923525],[132.690563,32.923392],[132.689876,32.9235],[132.689238,32.923708],[132.688913,32.923883],[132.688588,32.924133],[132.688313,32.924158],[132.687763,32.924133],[132.687676,32.924092],[132.687788,32.923975],[132.688426,32.923567],[132.688913,32.9233],[132.689488,32.92305],[132.689713,32.92285],[132.689713,32.922667],[132.689488,32.922483],[132.689376,32.922442],[132.689276,32.922258],[132.689351,32.922242],[132.689576,32.92235],[132.689688,32.922308],[132.689851,32.9221],[132.689901,32.9221],[132.690063,32.922308],[132.690176,32.922625],[132.690376,32.92285],[132.690613,32.922892],[132.690701,32.922733],[132.690638,32.921967],[132.690863,32.922017],[132.690888,32.921634],[132.690701,32.921584],[132.690776,32.92125],[132.691113,32.921092],[132.691351,32.920867],[132.691351,32.920684],[132.691213,32.92055],[132.690913,32.920459],[132.690401,32.920459],[132.690038,32.920642],[132.689326,32.9208],[132.688963,32.921117],[132.688638,32.921067],[132.688313,32.920775],[132.687951,32.920484],[132.687401,32.920392],[132.687014,32.920259],[132.686901,32.920084],[132.686614,32.92],[132.686289,32.919817],[132.686101,32.919684],[132.685601,32.919617],[132.685226,32.919734],[132.684801,32.9198],[132.684289,32.919825],[132.684151,32.919892],[132.684061,32.920124],[132.684189,32.920442],[132.684376,32.920733],[132.684489,32.921208],[132.684326,32.921908],[132.684326,32.922175],[132.684324,32.92231],[132.683501,32.923167],[132.681639,32.923283],[132.681639,32.92285],[132.682189,32.922333],[132.682151,32.922042],[132.682039,32.921708],[132.681826,32.921633],[132.681364,32.921725],[132.680864,32.92175],[132.680364,32.921642],[132.680014,32.921142],[132.679952,32.921117],[132.679739,32.921192],[132.679577,32.921367],[132.679102,32.921433],[132.679052,32.921525],[132.679352,32.922158],[132.679277,32.92245],[132.679002,32.9227],[132.678452,32.922966],[132.678252,32.923191],[132.678277,32.923333],[132.678527,32.923558],[132.678177,32.923941],[132.678114,32.92425],[132.678227,32.9245],[132.677539,32.925399],[132.677405,32.925568],[132.677164,32.925924],[132.676002,32.925649],[132.676227,32.925249],[132.676389,32.925041],[132.676689,32.924866],[132.676739,32.924408],[132.676714,32.924325],[132.676527,32.92405],[132.676227,32.924008],[132.675977,32.924033],[132.675864,32.923941],[132.675752,32.923175],[132.675614,32.922658],[132.675227,32.922591],[132.674927,32.9225],[132.674352,32.922591],[132.67424,32.922566],[132.674052,32.922408],[132.673827,32.922341],[132.673727,32.922225],[132.67364,32.922208],[132.673415,32.9223],[132.673202,32.922591],[132.673202,32.922658],[132.67309,32.922858],[132.672602,32.923266],[132.672352,32.923083],[132.67194,32.92295],[132.67194,32.923333],[132.671277,32.923291],[132.670177,32.9225],[132.669927,32.922141],[132.669877,32.922008],[132.669902,32.921333],[132.67009,32.921283],[132.670202,32.921191],[132.67064,32.921258],[132.670752,32.9209],[132.671715,32.92045],[132.671877,32.920083],[132.671965,32.91985],[132.67199,32.91955],[132.671752,32.918942],[132.671615,32.9187],[132.671377,32.918675],[132.671102,32.918742],[132.671002,32.91915],[132.67079,32.919442],[132.67049,32.919558],[132.670202,32.919583],[132.669965,32.919533],[132.669665,32.919308],[132.669503,32.919358],[132.66929,32.919583],[132.66919,32.920083],[132.66889,32.920183],[132.668665,32.920183],[132.668478,32.920083],[132.668415,32.919992],[132.668328,32.919492],[132.668278,32.9194],[132.668465,32.919042],[132.668303,32.919],[132.668165,32.919108],[132.66809,32.919265],[132.66804,32.919292],[132.667815,32.919317],[132.667128,32.9192],[132.666853,32.919117],[132.66664,32.91925],[132.666565,32.919342],[132.66659,32.9195],[132.66654,32.919675],[132.66654,32.919925],[132.66649,32.920083],[132.66649,32.920275],[132.666765,32.920925],[132.66754,32.920791],[132.667628,32.920725],[132.667903,32.920633],[132.668065,32.920725],[132.668315,32.920966],[132.66834,32.921108],[132.66779,32.921125],[132.667678,32.921108],[132.667153,32.921508],[132.667043,32.922125],[132.66674,32.9223],[132.666715,32.922391],[132.666778,32.92275],[132.666665,32.923066],[132.666578,32.923158],[132.665915,32.923341],[132.665478,32.923724],[132.66559,32.924374],[132.665565,32.924491],[132.664828,32.924533],[132.664828,32.924058],[132.665103,32.923966],[132.665228,32.923674],[132.665228,32.923541],[132.664853,32.92235],[132.664765,32.921966],[132.66424,32.922125],[132.664103,32.921966],[132.661191,32.922933],[132.661366,32.923766],[132.661191,32.923883],[132.660728,32.924066],[132.660178,32.924199],[132.659716,32.924174],[132.659436,32.924123],[132.659328,32.923932],[132.658666,32.922716],[132.658341,32.922716],[132.658003,32.922783],[132.657928,32.922983],[132.657953,32.923258],[132.657628,32.923391],[132.657103,32.923682],[132.656691,32.924041],[132.656328,32.923999],[132.656004,32.923799],[132.655566,32.924091],[132.655641,32.924357],[132.655566,32.924674],[132.655366,32.925032],[132.655291,32.925082],[132.655404,32.925149],[132.655816,32.925482],[132.655779,32.925707],[132.655341,32.92639],[132.655104,32.926882],[132.655291,32.927332],[132.655516,32.927673],[132.655516,32.928215],[132.655704,32.928732],[132.655866,32.929365],[132.655953,32.929857],[132.656341,32.930623],[132.656253,32.931431],[132.656391,32.931773],[132.656366,32.932115],[132.656141,32.932565],[132.655429,32.933731],[132.655404,32.934048],[132.655241,32.934906],[132.655016,32.935381],[132.654666,32.935697],[132.654166,32.935939],[132.653874,32.936594],[132.653641,32.93698],[132.653066,32.937747],[132.652766,32.938447],[132.652491,32.939255],[132.652581,32.939498],[132.652991,32.93973],[132.653266,32.940088],[132.653929,32.94043],[132.654366,32.940497],[132.654529,32.940605],[132.654804,32.940897],[132.655566,32.940897],[132.657553,32.940405],[132.658866,32.940155],[132.659341,32.940172],[132.659641,32.94038],[132.659828,32.940739],[132.659803,32.941147],[132.659891,32.941347],[132.660128,32.941547],[132.660441,32.94198],[132.660516,32.942363],[132.660716,32.942497],[132.661153,32.942405],[132.661915,32.94198],[132.66239,32.941888],[132.66304,32.941997],[132.663978,32.942247],[132.664503,32.942264],[132.665765,32.941814],[132.666615,32.942289],[132.66719,32.94233],[132.667527,32.942447],[132.667827,32.94278],[132.668102,32.942989],[132.668377,32.942989],[132.668815,32.942805],[132.669202,32.942555],[132.669527,32.942489],[132.669865,32.94258],[132.670165,32.94278],[132.670515,32.94278],[132.670852,32.94258],[132.671127,32.942239],[132.671477,32.942264],[132.671815,32.942664],[132.672277,32.942689],[132.673164,32.942955],[132.674452,32.943022],[132.674752,32.943272],[132.674802,32.943855],[132.675802,32.944305],[132.676014,32.943947],[132.676239,32.943814],[132.676764,32.943564],[132.677139,32.943181],[132.677526,32.942914],[132.677689,32.942839],[132.678051,32.942839],[132.678626,32.943406],[132.679264,32.94428],[132.679614,32.944555],[132.679776,32.944597],[132.680414,32.94503],[132.681239,32.945772],[132.682151,32.946155],[132.683001,32.946647],[132.683251,32.946847],[132.683801,32.947439],[132.684151,32.948339],[132.684463,32.949688],[132.684463,32.950272],[132.683988,32.95178],[132.683613,32.952438],[132.683501,32.952863],[132.683301,32.953155],[132.683301,32.953613],[132.683026,32.953855],[132.682813,32.953946],[132.682901,32.954396],[132.682813,32.954779],[132.682376,32.955029],[132.682426,32.955596],[132.682351,32.955679],[132.682038,32.955863],[132.682076,32.956179],[132.682126,32.956313],[132.682076,32.956854],[132.681851,32.957421],[132.681776,32.958254],[132.681913,32.958704],[132.682351,32.959287],[132.682738,32.959404],[132.683013,32.959446],[132.683038,32.959487],[132.682876,32.96057],[132.682988,32.961204],[132.6832,32.961812],[132.683475,32.962937],[132.683338,32.963278],[132.68285,32.963478],[132.681413,32.963612],[132.681313,32.963662],[132.681176,32.963912],[132.681613,32.964762],[132.68205,32.96512],[132.682213,32.96517],[132.682788,32.96492],[132.6834,32.964495],[132.68425,32.964037],[132.685238,32.963362],[132.685813,32.963045],[132.68625,32.963004],[132.686388,32.963045],[132.686638,32.963454],[132.686937,32.96467],[132.686837,32.965462],[132.6864,32.966628],[132.6862,32.967328],[132.686225,32.96787],[132.686587,32.968253],[132.68725,32.968703],[132.68785,32.969378],[132.688462,32.969869],[132.689037,32.970211],[132.689774,32.970461],[132.689774,32.970594],[132.689949,32.971086],[132.690524,32.972053],[132.691262,32.972961],[132.691487,32.973519],[132.691437,32.974102],[132.691099,32.974786],[132.690962,32.975169],[132.690912,32.975594],[132.690687,32.975685],[132.689624,32.975485],[132.688762,32.975502],[132.687524,32.975752],[132.687199,32.976344],[132.686625,32.977377],[132.686737,32.977877],[132.687562,32.979068],[132.687587,32.979652],[132.687174,32.981093],[132.687149,32.98166],[132.687037,32.982176],[132.686787,32.98236],[132.686187,32.982451],[132.685862,32.982451],[132.684725,32.98236],[132.684487,32.982451],[132.684425,32.982543],[132.684512,32.982926],[132.685224,32.984184],[132.685312,32.984659],[132.685062,32.985059],[132.684399,32.985851],[132.684074,32.986392],[132.684074,32.986892],[132.684187,32.988484],[132.684099,32.989434],[132.683687,32.990475],[132.682837,32.991983],[132.68235,32.992475],[132.681737,32.99295],[132.681437,32.993542],[132.681412,32.994008],[132.681662,32.994508],[132.682325,32.994983],[132.684849,32.99615],[132.685624,32.996533],[132.686224,32.996891],[132.686662,32.997366],[132.686862,32.997791],[132.686812,32.998333],[132.686399,32.998808],[132.685787,32.999299],[132.685324,32.999799],[132.684937,33.000474],[132.684224,33.002732],[132.684062,33.003157],[132.684062,33.003407],[132.683874,33.003891],[132.683587,33.004407],[132.683237,33.00479],[132.681862,33.005724],[132.68125,33.006349],[132.680175,33.008648],[132.6798,33.009073],[132.6793,33.009432],[132.678712,33.009548],[132.678287,33.009415],[132.677987,33.009398],[132.677637,33.009581],[132.677325,33.009873],[132.67695,33.010506],[132.676925,33.010748],[132.67715,33.011173],[132.677687,33.011623],[132.677987,33.011731],[132.678462,33.011973],[132.678687,33.012223],[132.678762,33.012648],[132.678662,33.013323],[132.678375,33.013973],[132.678087,33.014331],[132.677687,33.014764],[132.67745,33.014923],[132.676762,33.015281],[132.67615,33.015531],[132.675937,33.015664],[132.675875,33.015756],[132.67585,33.015914],[132.67565,33.016564],[132.67565,33.016906],[132.675812,33.017639],[132.675875,33.018697],[132.6758,33.019305],[132.675862,33.019747],[132.675925,33.020539],[132.676012,33.02083],[132.676087,33.020872],[132.676275,33.021097],[132.676412,33.02143],[132.676362,33.021855],[132.6762,33.021989],[132.675912,33.021997],[132.675537,33.02193],[132.6753,33.021955],[132.675237,33.021997],[132.675212,33.022089],[132.675375,33.022289],[132.6757,33.022622],[132.676112,33.023138],[132.67625,33.023363],[132.676325,33.023672],[132.676337,33.024122],[132.676437,33.02428],[132.67665,33.024438],[132.676812,33.02448],[132.677037,33.024638],[132.677087,33.024788],[132.67715,33.025288],[132.677125,33.025663],[132.67715,33.026163],[132.677237,33.026405],[132.677399,33.026605],[132.677587,33.026763],[132.677674,33.02703],[132.677612,33.02723],[132.677649,33.027346],[132.677624,33.027571],[132.677699,33.027771],[132.678274,33.02813],[132.678387,33.028713],[132.678349,33.028796],[132.678524,33.029655],[132.678449,33.02983],[132.678074,33.030305],[132.678049,33.030755],[132.678137,33.031804],[132.677987,33.032054],[132.677987,33.032279],[132.678099,33.032413],[132.678224,33.032479],[132.678424,33.032879],[132.678337,33.033221],[132.678024,33.033913],[132.678024,33.034163],[132.678137,33.034496],[132.678174,33.034788],[132.678274,33.035104],[132.678412,33.035346],[132.678474,33.035554],[132.678249,33.037212],[132.678062,33.037662],[132.677662,33.038112],[132.677074,33.038337],[132.676812,33.038495],[132.676574,33.038745],[132.676387,33.039087],[132.676312,33.039487],[132.676074,33.03987],[132.675937,33.039962],[132.675412,33.040212],[132.674774,33.040554],[132.674562,33.040795],[132.674424,33.041028],[132.674299,33.041678],[132.674012,33.042062],[132.673924,33.042103],[132.673749,33.04242],[132.673562,33.042737],[132.673449,33.043003],[132.673324,33.043545],[132.672749,33.044286],[132.672237,33.044786],[132.671687,33.045478],[132.671237,33.045978],[132.670937,33.046161],[132.670649,33.046295],[132.669424,33.046461],[132.669362,33.046528],[132.669099,33.046661],[132.668324,33.047203],[132.667475,33.048086],[132.666837,33.048511],[132.666225,33.048719],[132.666125,33.048852],[132.666125,33.049052],[132.666025,33.049302],[132.665862,33.050069],[132.665787,33.050177],[132.66505,33.050877],[132.664675,33.051261],[132.664275,33.051619],[132.663637,33.052452],[132.662625,33.05331],[132.66245,33.053519],[132.662125,33.054035],[132.661787,33.05471],[132.661362,33.055252],[132.660987,33.055585],[132.6603,33.055635],[132.659362,33.055643],[132.658987,33.05571],[132.657688,33.057176],[132.657825,33.057376],[132.658237,33.058251],[132.65875,33.059193],[132.659562,33.060217],[132.66005,33.060726],[132.660512,33.061309],[132.661775,33.062826],[132.662512,33.06345],[132.663049,33.063809],[132.663499,33.06405],[132.664287,33.064409],[132.664962,33.064784],[132.666137,33.065767],[132.666736,33.066209],[132.666849,33.066342],[132.667986,33.068425],[132.668999,33.070233],[132.669449,33.070866],[132.669649,33.071241],[132.669411,33.071875],[132.668624,33.074232],[132.668336,33.074974],[132.668249,33.076815],[132.668099,33.077415],[132.668149,33.077799],[132.668261,33.077932],[132.668561,33.078115],[132.668536,33.078249],[132.668399,33.078499],[132.668061,33.078948],[132.667661,33.079348],[132.667099,33.079648],[132.666836,33.079915],[132.666736,33.080615],[132.666686,33.080681],[132.666649,33.080856],[132.666761,33.081131],[132.667086,33.081481],[132.667199,33.081981],[132.667611,33.083031],[132.668073,33.083539],[132.669073,33.084431],[132.669498,33.084923],[132.669723,33.085131],[132.669886,33.085398],[132.669911,33.086064],[132.669736,33.086656],[132.669773,33.087181],[132.669798,33.087272],[132.669773,33.087339],[132.669736,33.088872],[132.669623,33.089597],[132.669648,33.090222],[132.669561,33.090589],[132.669361,33.091055],[132.669298,33.09153],[132.669348,33.092322],[132.669136,33.093405],[132.668961,33.093963],[132.668623,33.094688],[132.668523,33.094821],[132.668398,33.095088],[132.668036,33.09563],[132.667448,33.096663],[132.667223,33.096979],[132.666998,33.097354],[132.666711,33.097946],[132.666311,33.098637],[132.665798,33.099854],[132.665373,33.10152],[132.665348,33.102129],[132.665486,33.103479],[132.665436,33.103862],[132.665198,33.104612],[132.664611,33.105662],[132.664361,33.106203],[132.664098,33.106878],[132.664023,33.107803],[132.663861,33.108345],[132.663373,33.109153],[132.663023,33.109353],[132.662773,33.10942],[132.662473,33.109578],[132.661648,33.109836],[132.661261,33.109878],[132.660436,33.109878],[132.660061,33.109828],[132.658886,33.109753],[132.658486,33.109769],[132.657711,33.109928],[132.657161,33.110169],[132.653749,33.110636],[132.653674,33.110711],[132.653361,33.110819],[132.653036,33.111061],[132.652174,33.111894],[132.651549,33.112586],[132.650862,33.113127],[132.649937,33.113569],[132.649374,33.114085],[132.648724,33.114552],[132.647412,33.115219],[132.646399,33.115977],[132.646174,33.116202],[132.646174,33.11636],[132.646299,33.116677],[132.646312,33.11711],[132.646187,33.117352],[132.645637,33.118093],[132.644637,33.119643],[132.644412,33.120051],[132.644387,33.120385],[132.644399,33.120768],[132.644437,33.121943],[132.644312,33.122351],[132.643937,33.122818],[132.643624,33.123109],[132.643324,33.123451],[132.643074,33.123693],[132.642462,33.124117],[132.642337,33.124317],[132.642112,33.124526],[132.641387,33.124942],[132.6406,33.125909],[132.639337,33.12705],[132.638675,33.127542],[132.638475,33.127742],[132.638325,33.128108],[132.638187,33.129617],[132.638025,33.13045],[132.637837,33.131758],[132.63765,33.13225],[132.637425,33.132541],[132.636625,33.132833],[132.63635,33.132966],[132.636075,33.133049],[132.635838,33.133074],[132.6355,33.132916],[132.635275,33.132683],[132.63465,33.132275],[132.63385,33.132066],[132.632775,33.132058],[132.631863,33.132166],[132.630863,33.132158],[132.630538,33.132199],[132.629938,33.132358],[132.629538,33.132533],[132.629251,33.132758],[132.628651,33.133583],[132.628338,33.134124],[132.628288,33.134482],[132.628313,33.134982],[132.628551,33.136449],[132.628663,33.136791],[132.628863,33.137199],[132.628963,33.137449],[132.629063,33.137874],[132.629326,33.138424],[132.629401,33.13844],[132.629601,33.138649],[132.629751,33.138874],[132.630088,33.14039],[132.630325,33.141899],[132.630463,33.142332],[132.630363,33.142807],[132.630413,33.143207],[132.63055,33.143732],[132.6308,33.14439],[132.631213,33.145065],[132.631513,33.145698],[132.631488,33.146082],[132.6315,33.146465],[132.631475,33.146832],[132.631575,33.14739],[132.631688,33.147823],[132.632212,33.148973],[132.6322,33.149248],[132.63195,33.149673],[132.631425,33.150256],[132.631187,33.150598],[132.630688,33.151265],[132.6302,33.151714],[132.629925,33.152123],[132.629638,33.152431],[132.629288,33.152614],[132.628463,33.152898],[132.627888,33.153231],[132.6274,33.153614],[132.6272,33.153906],[132.627125,33.154172],[132.626988,33.155256],[132.6268,33.155664],[132.626525,33.156022],[132.62635,33.156405],[132.626138,33.157189],[132.625913,33.15778],[132.6257,33.158138],[132.625025,33.159055],[132.624988,33.159147],[132.624763,33.159413],[132.624163,33.159888],[132.623676,33.160063],[132.623126,33.160146],[132.622701,33.160346],[132.622413,33.160363],[132.622213,33.160455],[132.621676,33.160946],[132.621451,33.161238],[132.620476,33.162129],[132.620101,33.162371],[132.619176,33.162746],[132.618851,33.163212],[132.618826,33.163346],[132.618651,33.163637],[132.618576,33.163687],[132.618326,33.163954],[132.618163,33.164246],[132.618051,33.164829],[132.617663,33.165121],[132.616851,33.165629],[132.616201,33.16637],[132.615564,33.167353],[132.615076,33.16827],[132.614851,33.168811],[132.614864,33.169486],[132.615026,33.16967],[132.615189,33.170061],[132.615539,33.170311],[132.617363,33.171386],[132.618013,33.171911],[132.618651,33.172503],[132.619101,33.172953],[132.619426,33.173478],[132.619526,33.173728],[132.619563,33.174444],[132.619513,33.175128],[132.619601,33.175553],[132.619726,33.175778],[132.619863,33.176911],[132.619526,33.178486],[132.619388,33.179861],[132.619413,33.180494],[132.619551,33.181035],[132.6198,33.181444],[132.6202,33.181802],[132.6207,33.182035],[132.621975,33.182427],[132.622475,33.182677],[132.622538,33.182727],[132.6235,33.183044],[132.6242,33.183477],[132.624725,33.184019],[132.624937,33.184086],[132.626362,33.184044],[132.626525,33.184094],[132.627625,33.184519],[132.62835,33.184686],[132.628724,33.184844],[132.629249,33.184952],[132.629974,33.185027],[132.633936,33.185894],[132.635174,33.186394],[132.635524,33.186469],[132.635616,33.186456],[132.636461,33.185411],[132.637111,33.184736],[132.637249,33.18467],[132.637324,33.184511],[132.637249,33.183403],[132.637049,33.182436],[132.636936,33.182228],[132.636274,33.181661],[132.635924,33.181503],[132.634886,33.180845],[132.634624,33.179787],[132.634487,33.179378],[132.634474,33.178437],[132.635337,33.177712],[132.635949,33.177337],[132.636461,33.177087],[132.636761,33.17637],[132.636974,33.176054],[132.637549,33.175487],[132.637949,33.174945],[132.638161,33.174296],[132.638386,33.173979],[132.638686,33.173662],[132.639436,33.173104],[132.639811,33.172879],[132.640299,33.172721],[132.640674,33.172704],[132.641261,33.172754],[132.642061,33.172779],[132.643024,33.172871],[132.643349,33.172821],[132.643673,33.172829],[132.644023,33.172921],[132.644336,33.172937],[132.644536,33.172829],[132.644773,33.172488],[132.645423,33.172246],[132.646386,33.171979],[132.647111,33.171871],[132.647136,33.171621],[132.647086,33.170829],[132.647173,33.170604],[132.647398,33.170054],[132.647723,33.169455],[132.648061,33.169005],[132.648361,33.168471],[132.648648,33.168038],[132.648873,33.167838],[132.649198,33.167663],[132.650048,33.16733],[132.65121,33.167088],[132.651735,33.166822],[132.652035,33.166488],[132.652798,33.165997],[132.653223,33.16573],[132.65346,33.16528],[132.653585,33.165122],[132.653935,33.164922],[132.654235,33.164805],[132.654973,33.164339],[132.655773,33.163531],[132.656985,33.162639],[132.657322,33.162256],[132.657772,33.161631],[132.65816,33.161273],[132.658635,33.161006],[132.65886,33.160781],[132.65916,33.160606],[132.659385,33.160381],[132.659597,33.160131],[132.659872,33.15919],[132.66026,33.158581],[132.66056,33.158265],[132.660722,33.157865],[132.660697,33.156731],[132.66081,33.156482],[132.661185,33.155898],[132.661597,33.155457],[132.661697,33.155232],[132.661972,33.154957],[132.662097,33.154715],[132.662347,33.154423],[132.66261,33.154307],[132.66296,33.154248],[132.664334,33.153782],[132.666197,33.152932],[132.666659,33.152624],[132.667184,33.152132],[132.667384,33.152015],[132.667797,33.151682],[132.668097,33.151507],[132.668972,33.151307],[132.669647,33.151174],[132.670684,33.150941],[132.671059,33.150874],[132.671509,33.150832],[132.672084,33.150832],[132.672859,33.150999],[132.673159,33.150999],[132.673234,33.150974],[132.673371,33.150482],[132.673421,33.150141],[132.673571,33.149916],[132.674709,33.148841],[132.674984,33.148624],[132.675521,33.148424],[132.676071,33.148041],[132.677408,33.146766],[132.678296,33.145667],[132.679358,33.144858],[132.680183,33.144375],[132.680396,33.144217],[132.681283,33.142917],[132.681858,33.142034],[132.681971,33.141792],[132.682196,33.1415],[132.682371,33.140984],[132.682833,33.140259],[132.683321,33.139342],[132.683696,33.138851],[132.684658,33.137751],[132.68497,33.137251],[132.685295,33.136809],[132.68537,33.136668],[132.685695,33.136426],[132.685883,33.136134],[132.685933,33.135934],[132.685983,33.135434],[132.686108,33.135276],[132.686595,33.134985],[132.686595,33.134943],[132.68687,33.134901],[132.687295,33.134951],[132.687545,33.134993],[132.68762,33.135043],[132.68817,33.135135],[132.688495,33.135135],[132.68882,33.13521],[132.68912,33.13521],[132.689595,33.135418],[132.68987,33.135551],[132.68992,33.135618],[132.69052,33.135918],[132.691045,33.135943],[132.69167,33.136151],[132.69217,33.136451],[132.692407,33.136651],[132.692507,33.136859],[132.692682,33.137034],[132.693032,33.137201],[132.693482,33.137268],[132.694057,33.137293],[132.694107,33.137276],[132.694282,33.137276],[132.694582,33.137234],[132.694932,33.137259],[132.695682,33.137376],[132.696107,33.137601],[132.696232,33.137784],[132.696257,33.137943],[132.696207,33.138168],[132.696182,33.138526],[132.696069,33.138868],[132.695232,33.140301],[132.695832,33.141484],[132.695944,33.142609],[132.695994,33.142792],[132.696182,33.143134],[132.696732,33.143834],[132.696932,33.143992],[132.697256,33.144134],[132.697481,33.144292],[132.697906,33.144792],[132.698019,33.145125],[132.698269,33.145467],[132.698394,33.145808],[132.698569,33.146308],[132.698981,33.1466],[132.699581,33.146783],[132.699956,33.146967],[132.701056,33.147992],[132.701506,33.148242],[132.701756,33.148308],[132.702281,33.148383],[132.702781,33.148608],[132.704018,33.149383],[132.705443,33.150075],[132.705868,33.150283],[132.706468,33.150466],[132.707043,33.150741],[132.707243,33.150875],[132.707493,33.151125],[132.70798,33.15185],[132.708105,33.152008],[132.70823,33.1521],[132.70853,33.152216],[132.708855,33.152241],[132.70993,33.152608],[132.710205,33.152766],[132.710505,33.153066],[132.710805,33.153583],[132.711067,33.154241],[132.711567,33.155191],[132.711929,33.155733],[132.712029,33.155982],[132.712429,33.156141],[132.713129,33.156282],[132.714454,33.156591],[132.714479,33.156674],[132.714229,33.156882],[132.714254,33.157124],[132.714479,33.157666],[132.715566,33.159007],[132.715691,33.159141],[132.716466,33.159599],[132.716766,33.15969],[132.717178,33.159899],[132.717378,33.160032],[132.717453,33.16019],[132.717353,33.160665],[132.717478,33.16094],[132.717703,33.161165],[132.717953,33.16139],[132.718116,33.161732],[132.718166,33.162007],[132.718516,33.162748],[132.718591,33.163023],[132.719103,33.16379],[132.719178,33.164173],[132.719178,33.164382],[132.719065,33.164715],[132.71904,33.165032],[132.71919,33.165756],[132.719278,33.16634],[132.719328,33.166548],[132.719403,33.166681],[132.719653,33.16684],[132.720528,33.167165],[132.720703,33.16714],[132.720953,33.166965],[132.721153,33.166848],[132.721553,33.166806],[132.722277,33.16699],[132.723052,33.16734],[132.723377,33.167523],[132.724477,33.167981],[132.724727,33.168023],[132.725427,33.168006],[132.725702,33.168098],[132.725902,33.168373],[132.726302,33.168848],[132.726577,33.168981],[132.726977,33.169056],[132.727177,33.169123],[132.727802,33.169715],[132.727952,33.169831],[132.728277,33.16994],[132.728477,33.170056],[132.728478,33.170261],[132.728489,33.170423],[132.728539,33.170939],[132.728689,33.171439],[132.729064,33.172023],[132.729514,33.172614],[132.730564,33.173473],[132.731014,33.173748],[132.731464,33.174198],[132.731526,33.174331],[132.731489,33.174698],[132.731276,33.175006],[132.731251,33.175389],[132.731376,33.175981],[132.731664,33.176522],[132.732251,33.177381],[132.733563,33.178806],[132.733926,33.179464],[132.735126,33.180705],[132.735663,33.181089],[132.736063,33.18123],[132.736413,33.181272],[132.736788,33.18128],[132.737188,33.181439],[132.737675,33.18173],[132.737838,33.181955],[132.737825,33.182139],[132.737725,33.182339],[132.737375,33.18268],[132.737213,33.183239],[132.736913,33.184097],[132.736901,33.184438],[132.737175,33.18498],[132.7372,33.185247],[132.737138,33.185972],[132.737163,33.186238],[132.7374,33.18658],[132.737913,33.186988],[132.738525,33.187513],[132.738575,33.188071],[132.738738,33.188213],[132.739538,33.188396],[132.739888,33.188571],[132.740313,33.188871],[132.740987,33.189255],[132.741175,33.189321],[132.74165,33.189596],[132.741912,33.189796],[132.7417,33.189888],[132.741512,33.19018],[132.741137,33.191196],[132.741,33.191354],[132.740787,33.191513],[132.740437,33.191671],[132.740088,33.191913],[132.739325,33.192113],[132.739275,33.192454],[132.7393,33.192788],[132.7394,33.193288],[132.73945,33.194029],[132.739375,33.194346],[132.739288,33.194437],[132.73915,33.194729],[132.738638,33.195546],[132.7385,33.195929],[132.738538,33.196062],[132.738588,33.196062],[132.738775,33.196171],[132.739063,33.196537],[132.739413,33.197329],[132.739963,33.198437],[132.739825,33.199062],[132.73985,33.199295],[132.7402,33.199787],[132.740625,33.201187],[132.740775,33.201437],[132.741075,33.201345],[132.741375,33.20097],[132.741587,33.200853],[132.741887,33.200828],[132.742287,33.200854],[132.742612,33.200945],[132.74285,33.201103],[132.743162,33.201645],[132.743325,33.20167],[132.74405,33.201587],[132.744375,33.201695],[132.744687,33.201995],[132.744962,33.202312],[132.745249,33.20247],[132.745737,33.202587],[132.745874,33.202653],[132.746237,33.202945],[132.746374,33.20317],[132.746587,33.203237],[132.746699,33.203237],[132.747287,33.203037],[132.747487,33.203008],[132.747849,33.20342],[132.748212,33.203678],[132.748349,33.20372],[132.748424,33.203703],[132.748861,33.203345],[132.749111,33.20312],[132.749411,33.203037],[132.749811,33.202995],[132.750674,33.202778],[132.750836,33.202645],[132.750836,33.202395],[132.750786,33.20217],[132.750874,33.202012],[132.751061,33.201904],[132.751324,33.201904],[132.751836,33.20202],[132.752911,33.202145],[132.753361,33.202112],[132.753873,33.201779],[132.754123,33.201804],[132.754498,33.201895],[132.754623,33.201987],[132.754923,33.202054],[132.755486,33.20197],[132.756123,33.201979],[132.756536,33.201937],[132.756673,33.201829],[132.757261,33.20177],[132.757548,33.20177],[132.757723,33.20157],[132.757748,33.201479],[132.758198,33.201462],[132.758685,33.201512],[132.75906,33.201587],[132.759648,33.20177],[132.759935,33.20202],[132.76066,33.20237],[132.761023,33.202512],[132.761323,33.202737],[132.761635,33.203145],[132.76251,33.203445],[132.763185,33.203612],[132.764072,33.203737],[132.765247,33.204112],[132.765647,33.204229],[132.765985,33.204229],[132.766372,33.204145],[132.766747,33.203987],[132.767884,33.203279],[132.768984,33.203521],[132.769159,33.20377],[132.769722,33.20427],[132.770122,33.204545],[132.770384,33.204779],[132.770784,33.205045],[132.771797,33.205487],[132.772197,33.205604],[132.773021,33.205479],[132.773884,33.205445],[132.774346,33.205495],[132.775146,33.205704],[132.775571,33.205937],[132.775646,33.206095],[132.775646,33.206362],[132.775359,33.207195],[132.775434,33.207512],[132.775646,33.207812],[132.775959,33.208395],[132.775446,33.208728],[132.775146,33.208862],[132.774821,33.209128],[132.774659,33.209303],[132.774134,33.210136],[132.773884,33.210811],[132.773709,33.211686],[132.773621,33.211886],[132.773134,33.212353],[132.773034,33.213819],[132.773096,33.214477],[132.773196,33.214811],[132.773409,33.215111],[132.773459,33.215269],[132.773246,33.215444],[132.773134,33.215669],[132.773071,33.215986],[132.772934,33.216211],[132.772634,33.216502],[132.772609,33.216702],[132.773346,33.217544],[132.773609,33.218069],[132.773634,33.218152],[132.773596,33.218427],[132.773296,33.219277],[132.772884,33.219885],[132.772684,33.219968],[132.772071,33.220052],[132.771959,33.220052],[132.771346,33.220385],[132.770984,33.220743],[132.770846,33.220968],[132.770846,33.221235],[132.770896,33.221526],[132.770996,33.221826],[132.771146,33.222118],[132.771284,33.222526],[132.771109,33.223043],[132.771134,33.223626],[132.771021,33.223943],[132.771009,33.224259],[132.771234,33.225118],[132.771121,33.225976],[132.771146,33.226201],[132.771296,33.226242],[132.771759,33.226451],[132.772234,33.226617],[132.772658,33.226709],[132.773121,33.226759],[132.773308,33.226876],[132.773458,33.227126],[132.773533,33.227401],[132.773671,33.227559],[132.774546,33.228284],[132.774596,33.228442],[132.774558,33.228667],[132.774508,33.228759],[132.774408,33.229909],[132.774496,33.2309],[132.774583,33.231175],[132.774758,33.231359],[132.774895,33.231675],[132.775033,33.232575],[132.77502,33.233367],[132.774933,33.233816],[132.77477,33.234125],[132.774333,33.234758],[132.774133,33.235158],[132.774058,33.235475],[132.77407,33.235874],[132.774045,33.236283],[132.773933,33.236641],[132.773433,33.237291],[132.773021,33.237757],[132.772758,33.237957],[132.772208,33.238516],[132.772071,33.238741],[132.772033,33.239415],[132.771908,33.240724],[132.771971,33.24129],[132.772108,33.24149],[132.772346,33.241673],[132.772608,33.241748],[132.773095,33.241815],[132.773445,33.241915],[132.773658,33.24214],[132.773908,33.24264],[132.77417,33.243365],[132.774408,33.243657],[132.77502,33.243915],[132.77502,33.24394],[132.775183,33.243982],[132.775658,33.244307],[132.775795,33.244348],[132.776345,33.24474],[132.776695,33.245015],[132.77722,33.245607],[132.777507,33.24604],[132.778207,33.247556],[132.778357,33.248073],[132.778382,33.248298],[132.778295,33.248573],[132.777907,33.24929],[132.777745,33.249831],[132.777857,33.250839],[132.777845,33.251698],[132.778182,33.252314],[132.778557,33.252856],[132.778832,33.253381],[132.779045,33.253747],[132.779407,33.254564],[132.779545,33.255581],[132.77962,33.255897],[132.77972,33.256081],[132.779932,33.256239],[132.780745,33.256397],[132.78162,33.256656],[132.782345,33.256972],[132.78277,33.257272],[132.783332,33.257906],[132.783682,33.258497],[132.78387,33.258722],[132.784644,33.259355],[132.785257,33.259989],[132.785495,33.26049],[132.785519,33.260714],[132.785669,33.261122],[132.785944,33.261463],[132.786419,33.261913],[132.787069,33.262322],[132.787382,33.262647],[132.787644,33.26348],[132.787694,33.26398],[132.787644,33.264588],[132.787669,33.264972],[132.787894,33.266146],[132.787707,33.266613],[132.787332,33.267046],[132.787569,33.26743],[132.787707,33.267771],[132.787732,33.268079],[132.787832,33.268221],[132.788282,33.268263],[132.788419,33.268338],[132.788632,33.268521],[132.788794,33.269038],[132.788794,33.269488],[132.788869,33.269829],[132.789057,33.270146],[132.789369,33.270504],[132.790144,33.271121],[132.790819,33.271754],[132.791194,33.272296],[132.791369,33.272662],[132.791456,33.272979],[132.791506,33.273021],[132.791581,33.273321],[132.792031,33.273862],[132.792381,33.274046],[132.792756,33.274496],[132.793369,33.274796],[132.793931,33.274704],[132.794468,33.274554],[132.794931,33.274371],[132.796093,33.273996],[132.796706,33.273996],[132.797081,33.274087],[132.797693,33.274362],[132.798705,33.274979],[132.799893,33.275171],[132.800555,33.275371],[132.801493,33.275787],[132.801893,33.276012],[132.80248,33.27647],[132.803467,33.277195],[132.80403,33.277495],[132.804467,33.277629],[132.805992,33.27802],[132.806929,33.278428],[132.807429,33.278978],[132.807679,33.279087],[132.808242,33.27927],[132.808479,33.279478],[132.808742,33.279637],[132.809842,33.279962],[132.810192,33.280003],[132.811079,33.279787],[132.811666,33.279678],[132.812104,33.27972],[132.812666,33.279887],[132.814166,33.280387],[132.814479,33.280529],[132.814779,33.280729],[132.814929,33.281095],[132.814904,33.281429],[132.814979,33.282154],[132.815216,33.282495],[132.815941,33.283103],[132.816154,33.28322],[132.816579,33.28347],[132.817016,33.283654],[132.817391,33.283745],[132.818353,33.283637],[132.820178,33.283312],[132.820578,33.283287],[132.821066,33.283362],[132.821228,33.283312],[132.821853,33.282887],[132.822253,33.282804],[132.822415,33.282829],[132.823053,33.282696],[132.823428,33.282563],[132.823728,33.282288],[132.824028,33.282113],[132.824378,33.282096],[132.824503,33.282113],[132.824778,33.282271],[132.825528,33.282821],[132.825815,33.282954],[132.82654,33.282804],[132.828227,33.283196],[132.829252,33.283588],[132.82954,33.283771],[132.829865,33.283904],[132.830402,33.284246],[132.830852,33.284813],[132.831115,33.285038],[132.831415,33.285179],[132.832652,33.285229],[132.832864,33.285346],[132.833077,33.285588],[132.833177,33.285887],[132.833602,33.286787],[132.833689,33.286854],[132.834139,33.287112],[132.834377,33.287312],[132.834614,33.287604],[132.834939,33.287879],[132.835389,33.288129],[132.835877,33.28827],[132.836177,33.288387],[132.836677,33.289037],[132.836914,33.289404],[132.837052,33.289404],[132.837452,33.289312],[132.837777,33.289137],[132.838014,33.288871],[132.838239,33.288462],[132.838639,33.288012],[132.838889,33.287904],[132.839201,33.287838],[132.839801,33.287654],[132.840226,33.287613],[132.841164,33.287646],[132.841776,33.288004],[132.842026,33.288096],[132.842339,33.288079],[132.843201,33.288129],[132.843851,33.288246],[132.844463,33.288246],[132.845051,33.288321],[132.845238,33.288388],[132.845701,33.288755],[132.845851,33.288796],[132.846201,33.288796],[132.846988,33.288671],[132.847526,33.288855],[132.848001,33.289146],[132.84845,33.289355],[132.849338,33.28938],[132.849688,33.289446],[132.850113,33.289771],[132.850488,33.290221],[132.850975,33.290738],[132.851313,33.291288],[132.8515,33.291513],[132.851713,33.291646],[132.8522,33.291671],[132.85255,33.291763],[132.85335,33.292155],[132.853725,33.292654],[132.853988,33.292696],[132.854338,33.292629],[132.854613,33.292496],[132.854825,33.29243],[132.855288,33.292388],[132.856162,33.292488],[132.856787,33.29253],[132.857637,33.292946],[132.857875,33.293196],[132.858012,33.293446],[132.858087,33.293779],[132.85825,33.293938],[132.858737,33.293988],[132.859062,33.294104],[132.859325,33.294354],[132.859562,33.294513],[132.8602,33.295104],[132.86165,33.296329],[132.862212,33.296804],[132.862825,33.297554],[132.86325,33.297871],[132.863787,33.298029],[132.864025,33.298079],[132.864425,33.298279],[132.864887,33.298621],[132.865575,33.299237],[132.8659,33.299579],[132.866487,33.300029],[132.866775,33.300212],[132.867424,33.300371],[132.868149,33.300671],[132.868787,33.301146],[132.869137,33.301354],[132.869449,33.30167],[132.870099,33.302212],[132.870449,33.302395],[132.871087,33.30267],[132.871437,33.30292],[132.871862,33.303379],[132.872149,33.304262],[132.872149,33.304487],[132.872387,33.304887],[132.872724,33.304895],[132.873412,33.305054],[132.874211,33.304979],[132.874711,33.304829],[132.875399,33.304979],[132.875624,33.30512],[132.875999,33.305312],[132.876674,33.305471],[132.878074,33.305746],[132.879074,33.306054],[132.879598,33.306137],[132.880311,33.305904],[132.880886,33.305813],[132.881123,33.305913],[132.881461,33.306313],[132.881711,33.306613],[132.881973,33.306846],[132.882411,33.307029],[132.883398,33.307188],[132.884285,33.307213],[132.884798,33.307163],[132.88494,33.307281],[132.885185,33.307488],[132.885548,33.307663],[132.886285,33.307971],[132.88726,33.308438],[132.88831,33.309013],[132.888985,33.309413],[132.889822,33.309904],[132.890385,33.310438],[132.891335,33.310979],[132.892147,33.311429],[132.892572,33.311746],[132.893097,33.312013],[132.893984,33.312046],[132.894547,33.311938],[132.895422,33.312021],[132.895722,33.312288]]]},"properties":{"kuni_id":"K62","pref":"高知県","name":"幡多","yomi":"はた","id":"G62007","kuni":"土佐","kuni_url":"/kg/resource/K62.html","id_url":"G62007.html"},"type":"Feature"}]}