{"features":[{"type":"Feature","properties":{"name":"西彼杵","yomi":"にしたかき","kuni_id":"K67","pref":"長崎県","kuni_url":"/kg/resource/K67.html","id_url":"G67011.html","id":"G67011","kuni":"肥前"},"geometry":{"coordinates":[[[129.717464,33.069753],[129.717739,33.070053],[129.717877,33.070162],[129.718039,33.070387],[129.718039,33.070545],[129.717852,33.070887],[129.717664,33.071062],[129.717552,33.07122],[129.717502,33.071403],[129.717527,33.071537],[129.717827,33.07167],[129.718052,33.07172],[129.718239,33.071695],[129.719064,33.071445],[129.719314,33.071128],[129.719489,33.070603],[129.719927,33.07072],[129.720064,33.070945],[129.719989,33.07142],[129.720014,33.07162],[129.720226,33.072095],[129.720264,33.072561],[129.720401,33.072678],[129.720614,33.072703],[129.720701,33.072811],[129.720989,33.072878],[129.721401,33.072878],[129.721876,33.072761],[129.722314,33.072603],[129.722476,33.07247],[129.722926,33.07217],[129.723164,33.07177],[129.723601,33.071837],[129.723576,33.072736],[129.723689,33.073003],[129.723826,33.073136],[129.723964,33.073211],[129.724064,33.07332],[129.724101,33.073728],[129.724314,33.073953],[129.724564,33.074311],[129.725126,33.07467],[129.725326,33.075161],[129.725401,33.075228],[129.725651,33.075753],[129.725651,33.075836],[129.725738,33.075995],[129.725838,33.076111],[129.726063,33.076195],[129.726538,33.076311],[129.726976,33.076261],[129.727513,33.076236],[129.728001,33.076145],[129.728188,33.076011],[129.728263,33.075403],[129.729076,33.075378],[129.729288,33.075511],[129.729501,33.075511],[129.729663,33.075445],[129.729726,33.075378],[129.729851,33.07497],[129.730276,33.074678],[129.730526,33.07407],[129.730601,33.07332],[129.731213,33.072978],[129.7314,33.072462],[129.7315,33.072353],[129.731663,33.072128],[129.731988,33.071287],[129.73255,33.070995],[129.732813,33.070562],[129.732813,33.070412],[129.732725,33.069554],[129.733025,33.068962],[129.7331,33.068695],[129.733175,33.068604],[129.7335,33.067812],[129.733663,33.067562],[129.733713,33.067404],[129.733713,33.06702],[129.733575,33.06687],[129.733388,33.066779],[129.732038,33.066537],[129.731688,33.066404],[129.731301,33.066354],[129.730551,33.06627],[129.730463,33.06622],[129.730526,33.06622],[129.730713,33.066112],[129.731038,33.066087],[129.731438,33.066037],[129.731976,33.065854],[129.732251,33.065696],[129.733426,33.065154],[129.733838,33.065112],[129.734313,33.065087],[129.734638,33.065012],[129.734938,33.065012],[129.735125,33.064946],[129.7352,33.064812],[129.73545,33.064654],[129.735638,33.064654],[129.736125,33.064854],[129.736125,33.064879],[129.73645,33.064962],[129.736575,33.064946],[129.736713,33.064871],[129.736775,33.064787],[129.737038,33.064554],[129.7373,33.064221],[129.737275,33.064012],[129.736925,33.063787],[129.73695,33.063479],[129.7369,33.063337],[129.736763,33.063271],[129.736513,33.063321],[129.736,33.063504],[129.7356,33.063529],[129.735438,33.063454],[129.735138,33.063187],[129.734925,33.062762],[129.734888,33.062246],[129.734975,33.062063],[129.735075,33.061929],[129.735213,33.061838],[129.73545,33.061771],[129.735563,33.061771],[129.7358,33.061679],[129.735913,33.061471],[129.73585,33.061296],[129.735538,33.061229],[129.735363,33.060529],[129.735225,33.060371],[129.734613,33.060013],[129.734451,33.059988],[129.734313,33.060038],[129.733551,33.060038],[129.733451,33.059929],[129.733413,33.059046],[129.733363,33.058863],[129.733226,33.058754],[129.733063,33.058688],[129.732688,33.058646],[129.732176,33.058513],[129.731876,33.058463],[129.731526,33.05838],[129.731463,33.05833],[129.730876,33.058221],[129.730551,33.058221],[129.730251,33.05818],[129.729988,33.058205],[129.729876,33.058155],[129.729689,33.057796],[129.729714,33.057638],[129.729901,33.057438],[129.730001,33.057163],[129.730001,33.056871],[129.729951,33.056688],[129.729839,33.056538],[129.729701,33.056446],[129.729464,33.05638],[129.728764,33.056246],[129.728701,33.05618],[129.728726,33.055505],[129.728839,33.05543],[129.729426,33.055296],[129.729451,33.055205],[129.729201,33.053538],[129.728714,33.053113],[129.728226,33.052755],[129.727389,33.052438],[129.727089,33.052372],[129.726364,33.052397],[129.725576,33.052555],[129.725551,33.052713],[129.724202,33.052988],[129.723877,33.052138],[129.724502,33.051838],[129.725252,33.051572],[129.725352,33.051497],[129.726026,33.051113],[129.726164,33.051088],[129.726376,33.051005],[129.726701,33.05093],[129.727701,33.050797],[129.728051,33.050838],[129.729264,33.05088],[129.729314,33.050947],[129.729339,33.05108],[129.729426,33.051147],[129.729539,33.051172],[129.729664,33.051355],[129.729864,33.051372],[129.730339,33.051347],[129.730614,33.05128],[129.730664,33.051188],[129.730801,33.05108],[129.730901,33.05063],[129.730431,33.050175],[129.730251,33.049972],[129.729626,33.048989],[129.729951,33.048755],[129.728976,33.048039],[129.728464,33.048422],[129.728189,33.048197],[129.728251,33.04813],[129.728139,33.047997],[129.728091,33.048008],[129.727951,33.047997],[129.727839,33.047797],[129.727601,33.047614],[129.727139,33.047439],[129.727052,33.046739],[129.727127,33.046647],[129.727214,33.04663],[129.727564,33.046622],[129.727864,33.04658],[129.728639,33.046372],[129.729689,33.045922],[129.730064,33.045806],[129.730739,33.045672],[129.731064,33.045556],[129.731489,33.045572],[129.731601,33.045664],[129.731901,33.046089],[129.732439,33.046339],[129.733139,33.046539],[129.733414,33.046539],[129.733489,33.046355],[129.733439,33.046022],[129.733489,33.045839],[129.733601,33.045772],[129.733888,33.045797],[129.734076,33.045905],[129.734863,33.046222],[129.735626,33.04628],[129.736026,33.046264],[129.736163,33.046305],[129.736401,33.04653],[129.736276,33.04673],[129.735301,33.047297],[129.735138,33.047522],[129.734963,33.04793],[129.734901,33.048222],[129.734938,33.048922],[129.734888,33.049305],[129.734963,33.049422],[129.735188,33.049505],[129.735238,33.049597],[129.735401,33.049664],[129.735451,33.049889],[129.735701,33.050005],[129.735813,33.050005],[129.735938,33.050089],[129.736101,33.050338],[129.735888,33.050788],[129.735763,33.05138],[129.735788,33.05158],[129.735988,33.052122],[129.736013,33.052613],[129.736201,33.052838],[129.736363,33.05318],[129.736476,33.053247],[129.736526,33.053355],[129.736726,33.053563],[129.736776,33.05358],[129.736988,33.05383],[129.737375,33.053938],[129.737538,33.053938],[129.73775,33.053897],[129.737988,33.05378],[129.73815,33.053672],[129.738338,33.053438],[129.738275,33.052813],[129.7383,33.052538],[129.738388,33.05243],[129.7386,33.05198],[129.7386,33.051822],[129.738513,33.051572],[129.738463,33.051547],[129.738375,33.051372],[129.738513,33.051122],[129.73875,33.05103],[129.739513,33.050913],[129.7405,33.050239],[129.740575,33.04978],[129.74055,33.04958],[129.740738,33.049155],[129.74065,33.048705],[129.7407,33.048589],[129.740888,33.048497],[129.741138,33.048522],[129.741375,33.04863],[129.741625,33.04883],[129.741763,33.049147],[129.741738,33.049739],[129.741663,33.050205],[129.741525,33.05048],[129.7414,33.050955],[129.7411,33.051405],[129.741075,33.051538],[129.7411,33.051563],[129.742213,33.051713],[129.742513,33.051855],[129.742588,33.051938],[129.742613,33.052122],[129.742425,33.052388],[129.742188,33.05248],[129.741913,33.05248],[129.740925,33.053005],[129.740975,33.053097],[129.740813,33.053163],[129.740788,33.053138],[129.7405,33.053255],[129.740463,33.053388],[129.740175,33.053572],[129.740363,33.054247],[129.740588,33.054222],[129.740663,33.054272],[129.740875,33.054605],[129.74115,33.054805],[129.7415,33.054872],[129.741588,33.055122],[129.741375,33.055255],[129.740963,33.055397],[129.740638,33.055438],[129.740325,33.05558],[129.740138,33.055871],[129.74,33.055896],[129.739913,33.055805],[129.73975,33.055805],[129.739675,33.056005],[129.739713,33.056438],[129.73985,33.057113],[129.739788,33.057313],[129.7398,33.057496],[129.739988,33.057813],[129.7401,33.057921],[129.740413,33.057963],[129.74055,33.057855],[129.741138,33.057488],[129.742025,33.05713],[129.743162,33.057188],[129.7437,33.057463],[129.743787,33.057638],[129.744137,33.058063],[129.744575,33.058246],[129.744812,33.058263],[129.7449,33.058313],[129.745037,33.058605],[129.745137,33.058696],[129.745812,33.05903],[129.746037,33.059071],[129.746175,33.059055],[129.7462,33.059005],[129.746362,33.058938],[129.74655,33.05878],[129.746675,33.058596],[129.747112,33.058713],[129.747137,33.05878],[129.747062,33.059205],[129.747087,33.059321],[129.747337,33.059746],[129.747424,33.059841],[129.747524,33.059905],[129.747747,33.059977],[129.747837,33.060021],[129.748187,33.059821],[129.748487,33.059913],[129.748774,33.060046],[129.748887,33.059955],[129.749187,33.059905],[129.749612,33.06018],[129.750062,33.06018],[129.750362,33.059905],[129.750199,33.059546],[129.750087,33.05948],[129.750174,33.059163],[129.750862,33.05898],[129.750887,33.058888],[129.750387,33.058555],[129.750249,33.058196],[129.749812,33.05783],[129.749924,33.057671],[129.749874,33.057222],[129.749949,33.056838],[129.749837,33.056547],[129.749487,33.05608],[129.749462,33.055963],[129.749812,33.055922],[129.750212,33.055755],[129.750887,33.055147],[129.750537,33.05468],[129.750187,33.05393],[129.750312,33.053863],[129.750899,33.053863],[129.752162,33.05413],[129.752999,33.053947],[129.753874,33.05388],[129.754574,33.053655],[129.754899,33.053339],[129.755399,33.052747],[129.755861,33.05268],[129.756311,33.052455],[129.756824,33.052522],[129.757599,33.052205],[129.758161,33.052047],[129.758961,33.052022],[129.759449,33.05213],[129.759611,33.05213],[129.760136,33.051997],[129.760324,33.051589],[129.760374,33.050172],[129.760536,33.049964],[129.761149,33.049789],[129.761849,33.049447],[129.762411,33.048947],[129.762411,33.048473],[129.762136,33.047939],[129.762024,33.047398],[129.761974,33.046698],[129.761886,33.046248],[129.761411,33.045839],[129.760974,33.045639],[129.760011,33.044673],[129.759524,33.044064],[129.759261,33.043548],[129.759099,33.043073],[129.758986,33.043006],[129.758474,33.042898],[129.758324,33.04294],[129.757911,33.043165],[129.757512,33.043173],[129.757137,33.042806],[129.756874,33.042431],[129.756474,33.042181],[129.755262,33.042156],[129.754862,33.041823],[129.754699,33.04164],[129.754487,33.041306],[129.755074,33.040965],[129.754862,33.040473],[129.754349,33.039998],[129.753974,33.039798],[129.753137,33.03944],[129.75215,33.038581],[129.751175,33.038273],[129.749737,33.037915],[129.749225,33.03789],[129.748875,33.038115],[129.748825,33.038481],[129.748637,33.038748],[129.748475,33.039156],[129.748394,33.039395],[129.748187,33.039606],[129.748262,33.039856],[129.748375,33.039965],[129.748537,33.040415],[129.748562,33.040623],[129.748262,33.040714],[129.747862,33.040781],[129.747747,33.040887],[129.747287,33.040923],[129.747237,33.040948],[129.747075,33.040948],[129.746912,33.041106],[129.746825,33.041089],[129.7468,33.041023],[129.74685,33.040564],[129.747287,33.040431],[129.747387,33.040314],[129.747475,33.04014],[129.747437,33.039915],[129.747462,33.039598],[129.747525,33.039573],[129.747575,33.039348],[129.747625,33.039215],[129.747625,33.039056],[129.747512,33.03899],[129.747325,33.038965],[129.747163,33.039015],[129.74695,33.038765],[129.746975,33.038631],[129.746863,33.038423],[129.746675,33.03834],[129.746588,33.038131],[129.746538,33.037823],[129.746425,33.037773],[129.746325,33.037548],[129.746213,33.037481],[129.746163,33.037481],[129.74605,33.037281],[129.746125,33.036898],[129.74575,33.03654],[129.745663,33.036331],[129.745663,33.036131],[129.745738,33.035998],[129.7458,33.035973],[129.74585,33.035857],[129.74585,33.035657],[129.745738,33.035365],[129.745325,33.034573],[129.745325,33.034465],[129.745225,33.034282],[129.74495,33.034107],[129.744838,33.033632],[129.744988,33.032798],[129.744963,33.03264],[129.744638,33.032257],[129.744338,33.031674],[129.74415,33.031332],[129.744088,33.03129],[129.743738,33.030507],[129.743688,33.030457],[129.743601,33.03019],[129.743513,33.02969],[129.743488,33.029082],[129.743301,33.028841],[129.743001,33.028682],[129.742676,33.028616],[129.742051,33.028432],[129.741676,33.028349],[129.741438,33.028257],[129.740951,33.028191],[129.740651,33.027674],[129.740588,33.027516],[129.740563,33.027266],[129.740338,33.026749],[129.740476,33.026682],[129.740239,33.026274],[129.740126,33.026274],[129.739964,33.025516],[129.739989,33.025266],[129.739901,33.024991],[129.739926,33.024974],[129.737726,33.022433],[129.737639,33.022208],[129.737751,33.021641],[129.737689,33.021483],[129.737526,33.021375],[129.737339,33.021191],[129.737201,33.020516],[129.737339,33.020475],[129.737201,33.020025],[129.737014,33.020025],[129.736902,33.01955],[129.736839,33.019391],[129.736652,33.019217],[129.736439,33.01915],[129.736327,33.018925],[129.736789,33.018242],[129.736652,33.018108],[129.735864,33.017642],[129.735702,33.0175],[129.735377,33.01735],[129.735214,33.0173],[129.734564,33.017325],[129.734514,33.01735],[129.733839,33.017283],[129.733514,33.017192],[129.733164,33.016992],[129.733002,33.01675],[129.732889,33.0165],[129.732914,33.016342],[129.732964,33.016317],[129.733427,33.015325],[129.733152,33.014984],[129.733277,33.01465],[129.733414,33.014534],[129.733739,33.0146],[129.734064,33.014284],[129.734627,33.0144],[129.734727,33.012867],[129.735314,33.012592],[129.735589,33.012592],[129.735802,33.012659],[129.735989,33.012792],[129.736152,33.012834],[129.736402,33.012701],[129.736527,33.012451],[129.736552,33.012317],[129.736477,33.012184],[129.736127,33.012117],[129.735964,33.012051],[129.735714,33.011867],[129.735477,33.011776],[129.735439,33.011509],[129.735252,33.011376],[129.734927,33.011034],[129.734789,33.010967],[129.734689,33.010834],[129.73439,33.010834],[129.734252,33.010817],[129.734065,33.010384],[129.73414,33.010251],[129.73409,33.009776],[129.734165,33.009643],[129.734115,33.009376],[129.733977,33.009259],[129.73389,33.009234],[129.733865,33.009126],[129.73319,33.008743],[129.732952,33.008659],[129.732465,33.008609],[129.732027,33.008701],[129.731927,33.008684],[129.731602,33.008409],[129.731402,33.008209],[129.731327,33.007534],[129.731615,33.007326],[129.73164,33.007085],[129.73159,33.006793],[129.731665,33.006251],[129.731602,33.00571],[129.731665,33.005576],[129.731765,33.005551],[129.73204,33.005593],[129.732065,33.005726],[129.73204,33.005868],[129.731927,33.005976],[129.731905,33.006145],[129.73204,33.00636],[129.732015,33.006835],[129.73204,33.006901],[129.732152,33.006993],[129.73234,33.00701],[129.732502,33.006968],[129.732902,33.006693],[129.733602,33.005951],[129.73409,33.00561],[129.734277,33.005493],[129.734602,33.005493],[129.735677,33.005826],[129.735977,33.005801],[129.736377,33.005693],[129.736514,33.005626],[129.737077,33.005035],[129.737202,33.004902],[129.737364,33.00481],[129.737502,33.004677],[129.737852,33.004602],[129.738064,33.004585],[129.738202,33.004602],[129.738414,33.00456],[129.738718,33.004508],[129.739089,33.004443],[129.739514,33.004352],[129.740002,33.004168],[129.740161,33.004115],[129.740319,33.004053],[129.740489,33.003943],[129.740589,33.00376],[129.740727,33.003335],[129.740839,33.003152],[129.740952,33.002652],[129.740902,33.002135],[129.740477,33.001885],[129.739752,33.001969],[129.738739,33.002394],[129.738039,33.002269],[129.737627,33.001752],[129.737302,33.001144],[129.736977,33.00091],[129.736477,33.001269],[129.73569,33.00151],[129.734565,33.001685],[129.733465,33.001927],[129.732452,33.00226],[129.732277,33.002343],[129.731752,33.002277],[129.731915,33.001394],[129.73234,33.00156],[129.73239,33.000452],[129.732328,32.999619],[129.732703,32.999577],[129.733202,32.999627],[129.733552,32.999335],[129.734015,32.999136],[129.73459,32.999094],[129.735265,32.999236],[129.73544,32.999211],[129.735465,32.998669],[129.735765,32.998536],[129.73639,32.998627],[129.73659,32.998969],[129.736965,32.999061],[129.737327,32.998861],[129.737177,32.998211],[129.737002,32.998161],[129.735602,32.998152],[129.735452,32.997902],[129.735702,32.997069],[129.73569,32.996686],[129.734865,32.996594],[129.73479,32.995778],[129.73554,32.995603],[129.735502,32.994994],[129.735802,32.994953],[129.736002,32.995519],[129.736227,32.995494],[129.73624,32.996128],[129.736565,32.996244],[129.736952,32.995794],[129.737502,32.995953],[129.73749,32.996228],[129.73744,32.996403],[129.73744,32.996786],[129.73774,32.997019],[129.737865,32.996769],[129.73804,32.996278],[129.738127,32.995869],[129.738052,32.995394],[129.738477,32.995061],[129.738815,32.993953],[129.73864,32.993753],[129.738565,32.993753],[129.738395,32.993723],[129.738265,32.993686],[129.73814,32.993636],[129.73734,32.993653],[129.737315,32.993628],[129.73784,32.993428],[129.738177,32.993253],[129.738152,32.993136],[129.737852,32.992778],[129.737527,32.992278],[129.737577,32.992236],[129.737927,32.992211],[129.738102,32.992553],[129.738327,32.99262],[129.738827,32.992578],[129.739552,32.993195],[129.739877,32.992811],[129.740102,32.99297],[129.740515,32.992436],[129.740815,32.992478],[129.74084,32.991828],[129.74009,32.991278],[129.740227,32.990628],[129.739577,32.99022],[129.738952,32.99037],[129.738152,32.990137],[129.738052,32.989578],[129.738415,32.989012],[129.73859,32.988878],[129.738657,32.988787],[129.738715,32.988678],[129.739365,32.98832],[129.73984,32.988303],[129.73989,32.988462],[129.741377,32.988428],[129.741727,32.988587],[129.742177,32.988453],[129.742477,32.988053],[129.742727,32.987937],[129.743152,32.988145],[129.743827,32.988012],[129.744539,32.98782],[129.744964,32.987437],[129.745214,32.987595],[129.745489,32.988162],[129.745377,32.988478],[129.744602,32.988695],[129.744427,32.98892],[129.743464,32.989503],[129.743489,32.989662],[129.742664,32.990128],[129.742552,32.990462],[129.742827,32.990803],[129.742977,32.990945],[129.743277,32.991395],[129.743702,32.991686],[129.743639,32.992186],[129.743389,32.992228],[129.743214,32.992453],[129.743289,32.992728],[129.743264,32.993061],[129.743364,32.993128],[129.743589,32.993378],[129.743964,32.993653],[129.744089,32.993653],[129.744314,32.993203],[129.744489,32.992436],[129.744802,32.992378],[129.745089,32.993303],[129.745114,32.993503],[129.744989,32.993845],[129.745089,32.993911],[129.745514,32.993936],[129.745739,32.993895],[129.745914,32.993761],[129.745877,32.992586],[129.746127,32.992295],[129.746527,32.99277],[129.747001,32.992911],[129.746964,32.993136],[129.747164,32.993586],[129.747589,32.993861],[129.747489,32.99402],[129.747114,32.993878],[129.746739,32.993895],[129.746739,32.994211],[129.747201,32.994869],[129.747101,32.995594],[129.747351,32.996044],[129.747576,32.996003],[129.747651,32.995819],[129.747526,32.995486],[129.747576,32.995369],[129.747726,32.995344],[129.747791,32.995435],[129.748189,32.995678],[129.748251,32.995678],[129.748364,32.995569],[129.748389,32.994919],[129.748564,32.994778],[129.748864,32.994828],[129.749126,32.994828],[129.749389,32.994761],[129.749476,32.994803],[129.749451,32.995028],[129.749539,32.995228],[129.749689,32.995319],[129.749839,32.995344],[129.749626,32.995544],[129.749539,32.995769],[129.749539,32.995953],[129.749626,32.996036],[129.749801,32.996036],[129.750014,32.995969],[129.750664,32.996103],[129.750888,32.996128],[129.750926,32.996219],[129.750863,32.996444],[129.750713,32.996553],[129.750576,32.996853],[129.750538,32.997461],[129.750638,32.997836],[129.750926,32.998044],[129.751138,32.998136],[129.751338,32.998352],[129.751838,32.999102],[129.751963,32.999211],[129.751988,32.999369],[129.751463,32.999844],[129.751426,33.000002],[129.751751,33.000136],[129.751926,33.000294],[129.752113,33.000627],[129.752401,33.000652],[129.752726,33.000452],[129.753113,33.000427],[129.753376,33.000311],[129.753401,33.000227],[129.753226,32.999861],[129.752838,32.999394],[129.752813,32.999327],[129.752926,32.999211],[129.753288,32.999144],[129.754013,32.999394],[129.754425,32.999661],[129.754488,32.999661],[129.7547,32.999436],[129.7549,32.999077],[129.755225,32.998244],[129.755163,32.997836],[129.755038,32.997478],[129.754901,32.997211],[129.754813,32.997161],[129.754626,32.996986],[129.754513,32.996686],[129.754101,32.996311],[129.753776,32.995861],[129.753976,32.995836],[129.754301,32.995903],[129.754426,32.995786],[129.754513,32.995478],[129.754476,32.995161],[129.754538,32.994911],[129.754713,32.994845],[129.755101,32.995161],[129.755126,32.99527],[129.755063,32.995611],[129.755101,32.996011],[129.755213,32.996236],[129.755601,32.996236],[129.75595,32.996169],[129.7563,32.996144],[129.756363,32.996169],[129.756425,32.996869],[129.756575,32.996978],[129.756688,32.996894],[129.756925,32.996419],[129.757038,32.996061],[129.757033,32.99592],[129.75705,32.995844],[129.757163,32.995811],[129.757288,32.995786],[129.75755,32.995703],[129.757763,32.995453],[129.7577,32.995261],[129.757638,32.995111],[129.757675,32.995028],[129.757838,32.994911],[129.757963,32.99487],[129.758063,32.994878],[129.758188,32.994986],[129.758238,32.99512],[129.75825,32.995236],[129.758238,32.995353],[129.758238,32.995503],[129.758325,32.995628],[129.7586,32.995503],[129.75865,32.995311],[129.758788,32.995086],[129.758913,32.99492],[129.758938,32.99482],[129.758913,32.994678],[129.758888,32.99457],[129.758838,32.994528],[129.7595,32.994028],[129.759625,32.994011],[129.759563,32.994211],[129.7593,32.994503],[129.7593,32.994703],[129.759425,32.994928],[129.759363,32.995045],[129.758925,32.995453],[129.758775,32.995745],[129.758863,32.995986],[129.759388,32.996211],[129.759388,32.996353],[129.759163,32.996461],[129.758863,32.996419],[129.7583,32.996236],[129.758125,32.996236],[129.757888,32.996511],[129.7579,32.996819],[129.757963,32.997344],[129.757763,32.997419],[129.75765,32.997436],[129.7575,32.997503],[129.7573,32.997619],[129.757125,32.997778],[129.757038,32.997928],[129.756975,32.998011],[129.756875,32.998094],[129.7568,32.998269],[129.7569,32.998453],[129.756988,32.998577],[129.756963,32.998644],[129.756838,32.998761],[129.756688,32.998919],[129.75655,32.998852],[129.756375,32.998819],[129.7563,32.998852],[129.756263,32.998927],[129.75625,32.999036],[129.75625,32.999186],[129.756138,33.000061],[129.75625,33.000244],[129.75655,33.000219],[129.756925,32.999927],[129.757225,32.999769],[129.757663,32.999677],[129.758788,32.999794],[129.759375,32.999677],[129.759637,32.999677],[129.759725,33.000036],[129.7599,33.000286],[129.760137,33.000286],[129.760225,33.000244],[129.760337,33.000086],[129.7604,32.999769],[129.760637,32.999611],[129.7609,32.999811],[129.7614,33.000536],[129.761725,33.000802],[129.762025,33.000869],[129.762162,33.000761],[129.762112,33.000194],[129.7624,32.999861],[129.7627,32.999719],[129.763725,32.999652],[129.7639,32.999702],[129.764162,33.000377],[129.764487,33.000377],[129.764724,33.000261],[129.765312,32.999836],[129.765724,32.999386],[129.766049,32.999136],[129.766462,32.998978],[129.766899,32.998886],[129.767074,32.999003],[129.767099,32.999069],[129.767099,32.999469],[129.766987,32.999786],[129.766549,33.000061],[129.765574,33.000619],[129.764987,33.001027],[129.764662,33.001294],[129.764199,33.001952],[129.764049,33.002244],[129.763674,33.002469],[129.763349,33.002719],[129.763224,33.002944],[129.762562,33.003335],[129.7623,33.003477],[129.761925,33.003777],[129.76195,33.004044],[129.762078,33.004398],[129.762137,33.004652],[129.762162,33.004919],[129.762434,33.005254],[129.762787,33.005443],[129.762037,33.006027],[129.761637,33.005693],[129.76,33.004635],[129.759562,33.00416],[129.759187,33.003577],[129.758825,33.003327],[129.7585,33.002269],[129.7582,33.002227],[129.758138,33.002269],[129.75755,33.002919],[129.757438,33.003169],[129.757425,33.003335],[129.757475,33.003427],[129.757425,33.003694],[129.756888,33.003669],[129.7563,33.003785],[129.755688,33.003852],[129.754988,33.00386],[129.7548,33.003835],[129.754663,33.003635],[129.754638,33.003335],[129.754788,33.002994],[129.754763,33.00281],[129.75435,33.002519],[129.754438,33.002135],[129.7542,33.001977],[129.753788,33.001819],[129.753525,33.001844],[129.753263,33.001802],[129.753051,33.002027],[129.752813,33.002477],[129.752376,33.002877],[129.752038,33.00341],[129.751988,33.003843],[129.752288,33.004152],[129.752825,33.00436],[129.753275,33.004627],[129.753275,33.004893],[129.753088,33.005368],[129.752938,33.006002],[129.753013,33.006477],[129.753175,33.00686],[129.7531,33.007326],[129.753075,33.007785],[129.753313,33.008526],[129.753588,33.008793],[129.754225,33.009243],[129.755188,33.009718],[129.755487,33.010143],[129.755387,33.010909],[129.755575,33.011293],[129.7559,33.011468],[129.756212,33.011451],[129.756237,33.011043],[129.75645,33.010501],[129.75715,33.010051],[129.758,33.009843],[129.758412,33.009935],[129.75865,33.010784],[129.75865,33.011893],[129.758925,33.012609],[129.759112,33.012909],[129.760099,33.013376],[129.760187,33.013559],[129.760562,33.014051],[129.760587,33.014459],[129.760487,33.014792],[129.760212,33.014976],[129.760812,33.015676],[129.760999,33.015534],[129.761124,33.015584],[129.761799,33.015942],[129.762124,33.016276],[129.762074,33.017159],[129.761512,33.017384],[129.760924,33.017567],[129.760812,33.018017],[129.760599,33.0186],[129.760124,33.01935],[129.759799,33.019975],[129.760149,33.020342],[129.760962,33.0207],[129.761837,33.020833],[129.762886,33.020875],[129.763686,33.020983],[129.763799,33.021275],[129.763824,33.021725],[129.764199,33.021908],[129.764549,33.021683],[129.764899,33.021233],[129.765486,33.020734],[129.765768,33.020538],[129.766039,33.020305],[129.766286,33.020159],[129.766474,33.020034],[129.766636,33.019942],[129.766736,33.019825],[129.766786,33.019667],[129.766786,33.019442],[129.766686,33.019242],[129.766524,33.019217],[129.766386,33.019042],[129.766461,33.018834],[129.766461,33.018567],[129.766899,33.018209],[129.767861,33.018042],[129.768573,33.017726],[129.769161,33.017167],[129.769698,33.016084],[129.770073,33.014934],[129.770286,33.014034],[129.770573,33.013351],[129.771023,33.013018],[129.771611,33.012943],[129.771936,33.013151],[129.772311,33.013259],[129.772961,33.013301],[129.773923,33.013276],[129.774748,33.013301],[129.775098,33.013343],[129.775773,33.013609],[129.776623,33.013859],[129.777274,33.013888],[129.777935,33.013901],[129.778423,33.013834],[129.779135,33.013518],[129.779673,33.013218],[129.779885,33.012793],[129.77996,33.012318],[129.77981,33.012026],[129.779777,33.011798],[129.779862,33.011299],[129.780098,33.010693],[129.781135,33.009252],[129.78116,33.00876],[129.781348,33.007877],[129.781473,33.007719],[129.782248,33.00756],[129.782391,33.007591],[129.782523,33.007652],[129.782623,33.007719],[129.782564,33.008275],[129.782572,33.008435],[129.782735,33.008843],[129.782847,33.008868],[129.782947,33.008935],[129.783035,33.00891],[129.783297,33.00871],[129.78341,33.008235],[129.783672,33.007894],[129.784235,33.007602],[129.784772,33.007085],[129.78506,33.007152],[129.785272,33.007419],[129.785572,33.007285],[129.785672,33.006877],[129.785622,33.006744],[129.785597,33.006244],[129.785547,33.00611],[129.785885,33.005661],[129.786497,33.005386],[129.78666,33.005527],[129.786747,33.005886],[129.78661,33.006244],[129.78701,33.006285],[129.787522,33.006177],[129.78801,33.006219],[129.788247,33.006535],[129.788785,33.006735],[129.789235,33.006619],[129.789322,33.006894],[129.789297,33.00696],[129.789135,33.007094],[129.78846,33.007319],[129.787872,33.007594],[129.787472,33.00811],[129.787135,33.008769],[129.787185,33.00886],[129.78756,33.008852],[129.788735,33.008377],[129.78881,33.008377],[129.790209,33.00946],[129.791097,33.00966],[129.792009,33.009569],[129.793747,33.009202],[129.794472,33.009202],[129.794822,33.009535],[129.795034,33.009494],[129.795247,33.00936],[129.796284,33.00931],[129.796746,33.009194],[129.797034,33.008677],[129.797459,33.008519],[129.797571,33.008519],[129.797621,33.008477],[129.797484,33.007869],[129.797571,33.007752],[129.798046,33.007727],[129.798371,33.00811],[129.798984,33.00856],[129.799634,33.008694],[129.800196,33.008602],[129.800734,33.008311],[129.801071,33.007744],[129.801046,33.007636],[129.800909,33.006327],[129.801121,33.006011],[129.801709,33.005736],[129.802384,33.005578],[129.802646,33.005353],[129.802809,33.004994],[129.803096,33.004861],[129.803634,33.004744],[129.803959,33.004586],[129.804196,33.004111],[129.804621,33.003636],[129.804909,33.003328],[129.804996,33.00267],[129.805134,33.002445],[129.805759,33.00202],[129.806021,33.00197],[129.806396,33.002036],[129.806696,33.001903],[129.807071,33.001186],[129.807109,33.000845],[129.807009,33.000487],[129.807071,33.000237],[129.807159,33.000153],[129.807484,33.000037],[129.807871,32.999787],[129.808133,32.99952],[129.808421,32.999337],[129.808721,32.999337],[129.808858,32.999403],[129.809183,32.999653],[129.809421,32.99992],[129.809746,32.99992],[129.810658,32.999695],[129.811221,32.999678],[129.811396,32.999453],[129.811983,32.998145],[129.812033,32.99767],[129.812208,32.997354],[129.812833,32.996704],[129.812796,32.996654],[129.812471,32.99652],[129.812033,32.996387],[129.811646,32.99632],[129.811183,32.996362],[129.809971,32.996745],[129.809596,32.997112],[129.809333,32.997537],[129.809071,32.997787],[129.808709,32.997762],[129.808484,32.997654],[129.808421,32.997537],[129.808471,32.997129],[129.808596,32.996704],[129.808821,32.996212],[129.808884,32.99587],[129.809034,32.995487],[129.809234,32.995221],[129.809671,32.994071],[129.809846,32.993421],[129.809909,32.993354],[129.810084,32.993329],[129.81041,32.993431],[129.810672,32.993536],[129.810671,32.993687],[129.810621,32.994112],[129.810758,32.994704],[129.811908,32.995446],[129.812183,32.995671],[129.812321,32.995687],[129.813121,32.995512],[129.815033,32.995262],[129.815233,32.995079],[129.815233,32.994971],[129.814996,32.994854],[129.814446,32.994696],[129.814471,32.994562],[129.814583,32.994362],[129.815171,32.994246],[129.815496,32.994137],[129.815583,32.993979],[129.815408,32.993729],[129.815233,32.993663],[129.814521,32.993529],[129.814283,32.993188],[129.814371,32.992579],[129.814133,32.992379],[129.813696,32.992288],[129.812846,32.992429],[129.812146,32.992446],[129.811871,32.992738],[129.811583,32.992746],[129.811258,32.992788],[129.811146,32.992829],[129.810909,32.992746],[129.810734,32.992521],[129.810734,32.992221],[129.810821,32.991913],[129.811046,32.991638],[129.811846,32.991321],[129.812046,32.991346],[129.812171,32.991321],[129.812721,32.990696],[129.812983,32.989588],[129.813071,32.989413],[129.813458,32.988938],[129.813771,32.988738],[129.814183,32.98853],[129.814633,32.988238],[129.815008,32.987855],[129.815271,32.987521],[129.815396,32.98718],[129.815183,32.986772],[129.814883,32.986438],[129.814121,32.985788],[129.813734,32.985672],[129.813359,32.985497],[129.813184,32.985355],[129.812559,32.985113],[129.811996,32.984822],[129.811496,32.984413],[129.811384,32.984213],[129.811471,32.983922],[129.811534,32.983855],[129.811734,32.983872],[129.813121,32.984505],[129.813559,32.98468],[129.814296,32.984863],[129.815096,32.985288],[129.815508,32.985405],[129.815921,32.985472],[129.816533,32.985488],[129.817271,32.98533],[129.817771,32.98533],[129.818408,32.985422],[129.819058,32.985422],[129.819821,32.985064],[129.821233,32.98418],[129.821583,32.984005],[129.821883,32.98333],[129.822521,32.982314],[129.822696,32.981822],[129.822671,32.981256],[129.822433,32.980764],[129.821633,32.979706],[129.821458,32.979164],[129.821508,32.978214],[129.821771,32.977298],[129.822158,32.976573],[129.822471,32.976056],[129.823008,32.975515],[129.823471,32.975181],[129.824271,32.974731],[129.824471,32.974956],[129.824708,32.974948],[129.824946,32.974748],[129.824733,32.974273],[129.824671,32.974256],[129.824621,32.974165],[129.824321,32.972948],[129.824296,32.972682],[129.824433,32.972115],[129.824696,32.971507],[129.824758,32.970965],[129.824633,32.97079],[129.824108,32.970632],[129.823458,32.970182],[129.823108,32.970223],[129.822846,32.970498],[129.822758,32.97079],[129.822846,32.970898],[129.823233,32.971123],[129.823521,32.971373],[129.823646,32.971848],[129.823608,32.972298],[129.823408,32.972565],[129.823083,32.972773],[129.821383,32.973265],[129.820346,32.973198],[129.819909,32.973223],[129.819559,32.97354],[129.818996,32.973856],[129.818321,32.973873],[129.817321,32.973831],[129.817034,32.97379],[129.817059,32.973673],[129.817759,32.973356],[129.817996,32.973198],[129.818084,32.972798],[129.817909,32.972481],[129.817709,32.972323],[129.817234,32.972073],[129.816821,32.972123],[129.816559,32.972323],[129.816409,32.972323],[129.815971,32.972215],[129.815934,32.97199],[129.815975,32.971804],[129.816021,32.971398],[129.816041,32.971284],[129.816259,32.97124],[129.817434,32.971423],[129.817934,32.971465],[129.818259,32.971423],[129.818409,32.971357],[129.818371,32.971132],[129.818171,32.970907],[129.818134,32.970815],[129.818196,32.970523],[129.818196,32.970182],[129.818142,32.969978],[129.818109,32.96969],[129.818634,32.969215],[129.818459,32.968673],[129.818221,32.968657],[129.817484,32.968832],[129.816934,32.96879],[129.816696,32.968657],[129.816309,32.968632],[129.816159,32.96899],[129.816221,32.969507],[129.816434,32.969665],[129.816496,32.969823],[129.816371,32.96994],[129.816371,32.970115],[129.816196,32.970323],[129.816021,32.97034],[129.815759,32.969557],[129.815484,32.969173],[129.815284,32.969215],[129.814934,32.970048],[129.814759,32.97019],[129.814371,32.97019],[129.813634,32.969898],[129.813347,32.96969],[129.813084,32.969582],[129.812759,32.969515],[129.812284,32.969623],[129.811784,32.969782],[129.811522,32.969782],[129.811259,32.969557],[129.810934,32.96884],[129.810334,32.967782],[129.809934,32.96794],[129.809784,32.967823],[129.809722,32.966749],[129.809597,32.966615],[129.809247,32.966457],[129.809045,32.966227],[129.808984,32.966007],[129.808984,32.965757],[129.808897,32.965624],[129.808684,32.965624],[129.808422,32.965732],[129.808134,32.965665],[129.80786,32.96549],[129.807722,32.965307],[129.808097,32.965215],[129.808359,32.965057],[129.808397,32.964449],[129.808485,32.964157],[129.808447,32.963457],[129.80851,32.962874],[129.808322,32.962449],[129.808185,32.962249],[129.807947,32.962266],[129.807147,32.962157],[129.807031,32.96211],[129.806938,32.962055],[129.80686,32.962024],[129.806987,32.961856],[129.80741,32.961641],[129.807647,32.961457],[129.80771,32.961391],[129.807647,32.961191],[129.807497,32.961141],[129.807322,32.961207],[129.807122,32.961207],[129.80676,32.961141],[129.807035,32.961007],[129.807322,32.960716],[129.807585,32.960532],[129.807735,32.960599],[129.807935,32.960757],[129.808147,32.960807],[129.808535,32.960666],[129.808847,32.960374],[129.809085,32.960307],[129.809385,32.960307],[129.809497,32.960374],[129.80926,32.960624],[129.809085,32.961032],[129.809172,32.961482],[129.809447,32.961591],[129.809497,32.961657],[129.809497,32.961749],[129.809297,32.962066],[129.809122,32.962199],[129.809184,32.962449],[129.809384,32.962849],[129.809534,32.963032],[129.809709,32.963032],[129.809884,32.962807],[129.810034,32.962466],[129.810122,32.962016],[129.810172,32.961974],[129.810797,32.961566],[129.810884,32.961366],[129.810759,32.961074],[129.810584,32.960874],[129.810022,32.960599],[129.809884,32.960441],[129.809934,32.960374],[129.810022,32.960332],[129.810822,32.960399],[129.810909,32.960374],[129.811084,32.960199],[129.811284,32.959816],[129.811284,32.959749],[129.811459,32.959474],[129.811697,32.959366],[129.811822,32.959408],[129.811872,32.959474],[129.811972,32.959791],[129.812147,32.959816],[129.812259,32.959541],[129.812522,32.958958],[129.813172,32.958441],[129.813309,32.958258],[129.813134,32.958216],[129.813022,32.958233],[129.813372,32.957624],[129.813634,32.957316],[129.813747,32.956641],[129.813984,32.956683],[129.814047,32.957016],[129.814134,32.957241],[129.814284,32.957241],[129.814547,32.957041],[129.814659,32.956858],[129.814634,32.956366],[129.814809,32.956325],[129.815484,32.95655],[129.815722,32.9565],[129.815809,32.956433],[129.815834,32.9563],[129.815359,32.955691],[129.815272,32.9554],[129.815334,32.954991],[129.815534,32.9545],[129.815797,32.954358],[129.816247,32.954317],[129.816622,32.954183],[129.817059,32.953892],[129.816447,32.953033],[129.816297,32.952875],[129.815922,32.952808],[129.815709,32.952808],[129.815622,32.952542],[129.815797,32.952317],[129.815859,32.952],[129.815997,32.951642],[129.816234,32.951275],[129.816234,32.95015],[129.815759,32.949859],[129.815497,32.949009],[129.815347,32.948575],[129.815109,32.9484],[129.815109,32.948109],[129.815672,32.947967],[129.815722,32.9479],[129.815784,32.947659],[129.815522,32.946934],[129.815634,32.946959],[129.815872,32.947067],[129.815959,32.947067],[129.816222,32.947184],[129.816434,32.947384],[129.816847,32.948192],[129.817084,32.948284],[129.817372,32.948467],[129.817759,32.9486],[129.817847,32.94855],[129.818109,32.948192],[129.818459,32.947492],[129.818522,32.946726],[129.818334,32.946551],[129.817959,32.946034],[129.817984,32.945559],[129.817922,32.945042],[129.817772,32.945017],[129.817459,32.945584],[129.817134,32.945692],[129.816809,32.945692],[129.816459,32.945851],[129.816009,32.945809],[129.815722,32.945901],[129.815372,32.945876],[129.815222,32.945809],[129.815072,32.945626],[129.815222,32.945401],[129.815572,32.945067],[129.815809,32.944884],[129.816247,32.945201],[129.816509,32.945267],[129.816659,32.945201],[129.817047,32.944934],[129.817534,32.944634],[129.817722,32.944409],[129.817709,32.944009],[129.817572,32.943576],[129.817359,32.943268],[129.817059,32.942951],[129.817009,32.942926],[129.816359,32.942901],[129.816209,32.942543],[129.816097,32.942384],[129.815884,32.942276],[129.815772,32.942251],[129.815797,32.942226],[129.815822,32.941918],[129.815997,32.941443],[129.816734,32.941018],[129.816909,32.94081],[129.817147,32.940718],[129.817409,32.941259],[129.817684,32.941284],[129.817859,32.941085],[129.817909,32.940251],[129.817797,32.940001],[129.817584,32.939935],[129.817234,32.939885],[129.817147,32.939843],[129.816997,32.939643],[129.817172,32.93946],[129.817084,32.938826],[129.817109,32.938676],[129.816959,32.938151],[129.817134,32.937818],[129.81711,32.937618],[129.816722,32.936802],[129.816572,32.936627],[129.816285,32.936693],[129.815822,32.937393],[129.815347,32.937635],[129.815235,32.937843],[129.815172,32.938043],[129.814872,32.938135],[129.814522,32.938093],[129.814372,32.93811],[129.814085,32.938268],[129.813697,32.938743],[129.81321,32.939551],[129.813035,32.939735],[129.81276,32.939693],[129.81256,32.939601],[129.81256,32.93926],[129.812647,32.93886],[129.812847,32.938385],[129.813172,32.938093],[129.81326,32.937685],[129.81346,32.937551],[129.813822,32.937485],[129.814085,32.937368],[129.81461,32.937035],[129.814697,32.93676],[129.81461,32.936402],[129.81431,32.93586],[129.814347,32.935635],[129.814485,32.935543],[129.814785,32.935543],[129.815047,32.935635],[129.815635,32.935527],[129.815935,32.935568],[129.81616,32.935543],[129.816335,32.935343],[129.816685,32.934552],[129.816985,32.934193],[129.817272,32.93336],[129.817272,32.933027],[129.81721,32.933027],[129.81666,32.93336],[129.816335,32.93336],[129.816097,32.93311],[129.81601,32.932844],[129.815835,32.932594],[129.81551,32.93251],[129.81516,32.932777],[129.814422,32.932669],[129.813335,32.932802],[129.813222,32.93271],[129.813122,32.93246],[129.813247,32.932302],[129.813622,32.932035],[129.81371,32.931319],[129.813835,32.93111],[129.814097,32.931019],[129.814422,32.931002],[129.814647,32.930935],[129.814772,32.93086],[129.815235,32.930435],[129.815147,32.930277],[129.814647,32.929894],[129.814622,32.929444],[129.814647,32.929044],[129.814622,32.928727],[129.814535,32.928611],[129.81456,32.928227],[129.81491,32.927986],[129.81506,32.927802],[129.815147,32.927577],[129.815022,32.927061],[129.81541,32.926636],[129.815635,32.926653],[129.815997,32.926586],[129.816285,32.926386],[129.816372,32.926269],[129.816435,32.926094],[129.81626,32.925794],[129.815522,32.925236],[129.814847,32.924786],[129.814548,32.924678],[129.81431,32.924494],[129.814048,32.924111],[129.813573,32.923011],[129.81351,32.92222],[129.813398,32.92182],[129.813073,32.92092],[129.812923,32.920762],[129.812835,32.920712],[129.81271,32.920712],[129.812748,32.920828],[129.81271,32.92087],[129.81251,32.92067],[129.81186,32.92042],[129.81166,32.920403],[129.811573,32.920337],[129.811485,32.920312],[129.811448,32.92022],[129.811623,32.920195],[129.811885,32.920087],[129.811948,32.920012],[129.811873,32.919903],[129.811548,32.91977],[129.810948,32.919653],[129.810848,32.919603],[129.810773,32.91947],[129.810598,32.919378],[129.810398,32.919403],[129.810123,32.919537],[129.809873,32.919578],[129.809523,32.919528],[129.809348,32.919395],[129.809223,32.919187],[129.809123,32.918762],[129.809286,32.918312],[129.809411,32.918104],[129.809886,32.918087],[129.809986,32.917912],[129.809711,32.917229],[129.809848,32.917004],[129.809498,32.916954],[129.809373,32.916979],[129.808998,32.916862],[129.808561,32.916954],[129.808023,32.916679],[129.807748,32.916604],[129.807261,32.916537],[129.807036,32.916579],[129.806536,32.916962],[129.805936,32.917295],[129.805374,32.917562],[129.805124,32.91772],[129.804924,32.917445],[129.804624,32.917537],[129.804874,32.917895],[129.804674,32.918054],[129.804499,32.91812],[129.804324,32.918095],[129.803999,32.917845],[129.803799,32.917754],[129.803649,32.917754],[129.803199,32.917837],[129.802536,32.918237],[129.802086,32.918462],[129.801961,32.918553],[129.801911,32.918803],[129.802011,32.919045],[129.801899,32.919162],[129.801874,32.919387],[129.801924,32.91952],[129.802149,32.919903],[129.802074,32.919928],[129.801574,32.919862],[129.801099,32.91972],[129.800874,32.919695],[129.800699,32.91972],[129.800474,32.919945],[129.800486,32.920012],[129.800611,32.92032],[129.800524,32.920503],[129.800549,32.920886],[129.800486,32.920995],[129.800199,32.92077],[129.799849,32.920745],[129.799636,32.920637],[129.799461,32.920478],[129.799286,32.920453],[129.799224,32.920478],[129.799161,32.920703],[129.799261,32.921061],[129.799761,32.921445],[129.800049,32.921603],[129.800086,32.92167],[129.799811,32.921736],[129.799724,32.921853],[129.799786,32.922411],[129.799786,32.922461],[129.799636,32.922528],[129.799349,32.922236],[129.798911,32.922036],[129.798411,32.921986],[129.798199,32.922195],[129.798024,32.92242],[129.797999,32.92262],[129.798174,32.922886],[129.798199,32.923228],[129.798149,32.923495],[129.797699,32.923703],[129.797674,32.923744],[129.797761,32.923944],[129.797936,32.924169],[129.798174,32.924261],[129.798711,32.924303],[129.799061,32.924303],[129.799386,32.924436],[129.799849,32.924844],[129.800124,32.925203],[129.800086,32.925228],[129.799849,32.925161],[129.799586,32.925186],[129.798886,32.924819],[129.798586,32.924819],[129.798386,32.924894],[129.798149,32.925053],[129.797911,32.925136],[129.797624,32.925186],[129.797061,32.925119],[129.797036,32.925319],[129.797086,32.925453],[129.796974,32.925728],[129.796974,32.925994],[129.797211,32.926153],[129.797361,32.926153],[129.797624,32.926336],[129.797911,32.926311],[129.798036,32.926336],[129.798999,32.926327],[129.799474,32.926244],[129.799886,32.926019],[129.800149,32.926061],[129.800274,32.926169],[129.800274,32.926377],[129.800211,32.926469],[129.799886,32.926694],[129.799511,32.926844],[129.799449,32.927052],[129.799686,32.927369],[129.800211,32.927594],[129.800886,32.927677],[129.801036,32.927744],[129.801124,32.927836],[129.801211,32.928152],[129.801248,32.928486],[129.800986,32.928852],[129.800686,32.92896],[129.800511,32.929185],[129.800486,32.92946],[129.800536,32.929794],[129.800399,32.930044],[129.800136,32.930044],[129.799899,32.929935],[129.799661,32.929685],[129.799224,32.929619],[129.798724,32.929327],[129.798574,32.929435],[129.798274,32.929869],[129.798224,32.930177],[129.798374,32.930585],[129.798636,32.930677],[129.798749,32.930677],[129.799136,32.930585],[129.799311,32.930494],[129.799511,32.930719],[129.799661,32.930985],[129.799424,32.931169],[129.799249,32.93126],[129.799311,32.931369],[129.799661,32.931527],[129.800074,32.931644],[129.800161,32.93171],[129.800461,32.931752],[129.800811,32.93196],[129.800898,32.93211],[129.800898,32.932185],[129.800636,32.932718],[129.800636,32.933127],[129.800873,32.933643],[129.801636,32.93416],[129.802323,32.934477],[129.802611,32.934652],[129.802698,32.934743],[129.802673,32.934877],[129.802461,32.93526],[129.802286,32.935285],[129.802173,32.935177],[129.801998,32.935085],[129.801736,32.93506],[129.801523,32.935177],[129.801411,32.935177],[129.800586,32.934927],[129.800261,32.93486],[129.800148,32.934885],[129.799873,32.935043],[129.799736,32.935285],[129.799886,32.93576],[129.800061,32.936076],[129.800236,32.936168],[129.800473,32.936168],[129.800623,32.936326],[129.800623,32.936526],[129.800736,32.936818],[129.800948,32.937018],[129.801648,32.937293],[129.801911,32.937535],[129.802148,32.937876],[129.802273,32.938118],[129.802148,32.938351],[129.801948,32.938576],[129.801773,32.938684],[129.801511,32.938643],[129.801061,32.938776],[129.800923,32.938909],[129.800598,32.939476],[129.800061,32.938976],[129.799623,32.938868],[129.799386,32.938368],[129.799236,32.938285],[129.798861,32.938218],[129.798736,32.938443],[129.798561,32.938459],[129.798473,32.938376],[129.798386,32.938126],[129.798273,32.937968],[129.798148,32.937926],[129.798011,32.93826],[129.797861,32.938284],[129.797711,32.938193],[129.797686,32.938126],[129.797711,32.938085],[129.797711,32.937743],[129.797974,32.937268],[129.797824,32.936418],[129.797561,32.936168],[129.797324,32.935876],[129.797124,32.935918],[129.796886,32.935918],[129.796886,32.935835],[129.797436,32.935176],[129.797386,32.934977],[129.797236,32.934843],[129.796849,32.934077],[129.796736,32.933535],[129.796611,32.933202],[129.796411,32.932993],[129.796111,32.932818],[129.795636,32.932702],[129.795136,32.93246],[129.794699,32.932368],[129.794349,32.932477],[129.794261,32.932568],[129.794174,32.93286],[129.794199,32.933068],[129.794824,32.933085],[129.795174,32.93306],[129.795411,32.933177],[129.795324,32.933268],[129.794911,32.933493],[129.794674,32.93381],[129.794786,32.93401],[129.795586,32.93421],[129.795761,32.934277],[129.795786,32.934435],[129.795349,32.934502],[129.795024,32.934685],[129.794886,32.934935],[129.794936,32.93516],[129.795174,32.93536],[129.795474,32.935543],[129.795561,32.935626],[129.795649,32.935901],[129.795561,32.935876],[129.795236,32.935901],[129.795086,32.93606],[129.795149,32.936351],[129.795361,32.93651],[129.795561,32.936576],[129.795774,32.937385],[129.795774,32.937793],[129.795686,32.93806],[129.795536,32.938126],[129.795336,32.938284],[129.795186,32.938484],[129.795186,32.938576],[129.795424,32.938759],[129.795661,32.938776],[129.795574,32.939051],[129.795661,32.939251],[129.795986,32.939343],[129.796161,32.940151],[129.796186,32.940584],[129.796311,32.940918],[129.796361,32.940984],[129.796599,32.941118],[129.796811,32.941026],[129.797098,32.940734],[129.797486,32.940576],[129.797773,32.940576],[129.797836,32.940668],[129.797598,32.941009],[129.797773,32.941143],[129.798511,32.941168],[129.798548,32.941276],[129.797686,32.941751],[129.797636,32.941817],[129.797636,32.941884],[129.797986,32.942334],[129.797836,32.942451],[129.797611,32.942401],[129.797198,32.942451],[129.796873,32.942517],[129.796698,32.942626],[129.796661,32.942834],[129.796873,32.943126],[129.796611,32.943751],[129.796673,32.944042],[129.796723,32.944134],[129.797023,32.944226],[129.797373,32.944159],[129.797936,32.943934],[129.798198,32.943884],[129.798311,32.944067],[129.798373,32.944359],[129.797611,32.944651],[129.797373,32.944925],[129.796961,32.945617],[129.797023,32.9458],[129.797261,32.945917],[129.797561,32.945867],[129.797823,32.945892],[129.797873,32.945934],[129.797786,32.946225],[129.796998,32.946542],[129.796673,32.946884],[129.796623,32.947284],[129.796719,32.94738],[129.796823,32.947467],[129.797061,32.94765],[129.797298,32.947942],[129.797623,32.947875],[129.797848,32.947917],[129.798123,32.948142],[129.798236,32.948342],[129.798411,32.948433],[129.798798,32.948475],[129.799036,32.948542],[129.799261,32.948658],[129.799498,32.949042],[129.799648,32.9494],[129.799623,32.949783],[129.799423,32.950075],[129.799123,32.950325],[129.799011,32.950525],[129.799011,32.950592],[129.799248,32.950817],[129.799773,32.951],[129.80001,32.951158],[129.800073,32.951317],[129.799885,32.951625],[129.799535,32.951966],[129.799423,32.95215],[129.799448,32.952375],[129.799685,32.952975],[129.79966,32.953133],[129.79946,32.953383],[129.79871,32.954102],[129.798604,32.954423],[129.798449,32.954476],[129.798136,32.954333],[129.797898,32.954083],[129.797873,32.953966],[129.797573,32.953975],[129.797486,32.954058],[129.797373,32.954058],[129.797161,32.953975],[129.797136,32.953433],[129.795898,32.952016],[129.791836,32.952058],[129.788361,32.950058],[129.788311,32.950108],[129.787574,32.949592],[129.787749,32.949458],[129.786949,32.948958],[129.786774,32.94905],[129.785837,32.94815],[129.785449,32.947658],[129.785124,32.947092],[129.784737,32.945225],[129.784349,32.944059],[129.78435,32.94385],[129.784393,32.943572],[129.784462,32.943042],[129.784462,32.942659],[129.784437,32.942592],[129.783912,32.942776],[129.783762,32.942634],[129.783759,32.942397],[129.783762,32.941667],[129.783637,32.941584],[129.7835,32.941584],[129.7834,32.940976],[129.783575,32.940526],[129.783812,32.940342],[129.783962,32.939934],[129.783987,32.939643],[129.78405,32.939576],[129.784225,32.938651],[129.784312,32.938568],[129.78425,32.938159],[129.78405,32.937959],[129.783662,32.937893],[129.7836,32.937843],[129.783575,32.937643],[129.783625,32.937459],[129.7839,32.937259],[129.784187,32.937101],[129.784625,32.937076],[129.7849,32.936968],[129.785037,32.93676],[129.78445,32.935951],[129.784062,32.93591],[129.783975,32.935526],[129.783925,32.93496],[129.78395,32.934851],[129.7843,32.934851],[129.784362,32.93456],[129.784275,32.934468],[129.784,32.934401],[129.783887,32.934335],[129.783775,32.93411],[129.783737,32.933768],[129.783775,32.933685],[129.783847,32.933725],[129.784037,32.933635],[129.7838,32.933343],[129.783675,32.933093],[129.783712,32.93296],[129.783912,32.93321],[129.784175,32.933302],[129.785125,32.933435],[129.785712,32.933318],[129.785975,32.933052],[129.786062,32.932443],[129.785937,32.932085],[129.785562,32.931702],[129.785325,32.931294],[129.785375,32.931202],[129.785825,32.931002],[129.786112,32.931002],[129.786375,32.931177],[129.786825,32.93136],[129.787087,32.931385],[129.787087,32.931094],[129.786875,32.930619],[129.786675,32.930485],[129.786381,32.930322],[129.7862,32.930194],[129.78555,32.93026],[129.7855,32.930302],[129.785262,32.930369],[129.784912,32.930394],[129.78415,32.930735],[129.784,32.930552],[129.784225,32.930352],[129.78435,32.930127],[129.784412,32.930077],[129.784937,32.930035],[129.785787,32.929677],[129.786025,32.929402],[129.786201,32.929349],[129.786612,32.929427],[129.786787,32.92936],[129.786812,32.929152],[129.786162,32.928702],[129.785812,32.928686],[129.785639,32.928688],[129.785437,32.928636],[129.785025,32.928411],[129.784313,32.928302],[129.784288,32.928186],[129.784483,32.928195],[129.785462,32.928027],[129.785837,32.928011],[129.78605,32.927827],[129.786637,32.926836],[129.786775,32.927111],[129.786812,32.927444],[129.786962,32.927602],[129.787375,32.927602],[129.78755,32.927444],[129.78745,32.926611],[129.787425,32.926544],[129.787421,32.926436],[129.787425,32.926361],[129.787662,32.926344],[129.7879,32.925869],[129.78825,32.925444],[129.788212,32.925194],[129.787925,32.924519],[129.78815,32.923953],[129.788562,32.923619],[129.788825,32.923278],[129.788825,32.923028],[129.7885,32.922736],[129.788275,32.92272],[129.788212,32.922761],[129.788175,32.922653],[129.7883,32.92227],[129.788387,32.922203],[129.788712,32.922128],[129.788937,32.921995],[129.788975,32.921795],[129.788912,32.921661],[129.788712,32.921478],[129.788387,32.921386],[129.788437,32.921028],[129.788912,32.920803],[129.789,32.92062],[129.788762,32.920245],[129.788562,32.920128],[129.788262,32.920062],[129.788137,32.920012],[129.788012,32.919903],[129.787962,32.919587],[129.787962,32.919378],[129.787875,32.919153],[129.787625,32.918995],[129.7872,32.918853],[129.78655,32.918787],[129.786313,32.918787],[129.785813,32.918912],[129.785538,32.918912],[129.785388,32.918845],[129.7851,32.918345],[129.78505,32.918095],[129.785225,32.91812],[129.7856,32.918262],[129.7858,32.918237],[129.785925,32.918145],[129.786,32.917679],[129.786075,32.917612],[129.78665,32.917745],[129.78685,32.917728],[129.787163,32.917254],[129.787313,32.917095],[129.787538,32.917029],[129.788038,32.917079],[129.788388,32.917037],[129.788713,32.916929],[129.789,32.916795],[129.789175,32.916637],[129.7894,32.916504],[129.789975,32.916395],[129.79015,32.916304],[129.790287,32.91572],[129.790362,32.915562],[129.790562,32.915495],[129.790762,32.915587],[129.79125,32.916287],[129.7914,32.916679],[129.7916,32.917037],[129.791825,32.917287],[129.7921,32.917312],[129.7928,32.917162],[129.793225,32.917045],[129.793425,32.916962],[129.793537,32.916737],[129.793487,32.916395],[129.793337,32.916054],[129.793062,32.915854],[129.7933,32.915221],[129.79345,32.915087],[129.793775,32.914979],[129.793875,32.914887],[129.793875,32.914754],[129.79355,32.914454],[129.79325,32.914029],[129.793137,32.913754],[129.792962,32.913662],[129.792562,32.913571],[129.792337,32.913346],[129.792012,32.912871],[129.791862,32.912779],[129.791512,32.913112],[129.791237,32.913112],[129.791012,32.913062],[129.790587,32.912562],[129.790412,32.912313],[129.790238,32.912204],[129.789438,32.912154],[129.789013,32.912146],[129.788938,32.912213],[129.788913,32.912438],[129.789238,32.912646],[129.789388,32.912804],[129.789425,32.913004],[129.7893,32.913279],[129.789375,32.913546],[129.789475,32.913729],[129.789425,32.913796],[129.789,32.914087],[129.788763,32.914446],[129.788313,32.914762],[129.787763,32.915029],[129.7874,32.915112],[129.787175,32.915112],[129.787075,32.915137],[129.787025,32.914979],[129.786175,32.914904],[129.78595,32.914837],[129.78595,32.914679],[129.78545,32.914537],[129.785288,32.913971],[129.785013,32.913429],[129.784863,32.913246],[129.784663,32.913154],[129.784613,32.912954],[129.784626,32.912729],[129.785051,32.912229],[129.784901,32.912096],[129.784776,32.911779],[129.784838,32.911513],[129.784963,32.911221],[129.785338,32.910704],[129.785526,32.910388],[129.785526,32.910229],[129.785326,32.909954],[129.785076,32.909771],[129.784726,32.909663],[129.784701,32.909388],[129.784763,32.908821],[129.783926,32.908771],[129.783826,32.90873],[129.783688,32.90843],[129.783563,32.908388],[129.783513,32.908321],[129.783488,32.908096],[129.783863,32.907671],[129.784651,32.906905],[129.785413,32.906238],[129.785788,32.905805],[129.785863,32.905672],[129.785813,32.905447],[129.786051,32.90518],[129.787001,32.904238],[129.787238,32.903947],[129.787713,32.903497],[129.787963,32.903164],[129.788175,32.902755],[129.788325,32.902239],[129.78825,32.901922],[129.788113,32.901655],[129.787888,32.901555],[129.787738,32.901422],[129.787838,32.901264],[129.788113,32.901131],[129.788363,32.900931],[129.789275,32.899764],[129.7895,32.899514],[129.789663,32.899431],[129.789888,32.899456],[129.790088,32.899564],[129.790175,32.899706],[129.790175,32.900039],[129.7901,32.900514],[129.789713,32.901031],[129.789688,32.901056],[129.789688,32.901414],[129.789838,32.901572],[129.790088,32.902164],[129.790113,32.902272],[129.79005,32.902564],[129.789775,32.902564],[129.789525,32.90268],[129.7894,32.903039],[129.789625,32.90333],[129.789625,32.903447],[129.789438,32.903647],[129.789288,32.904139],[129.789013,32.904097],[129.788763,32.904164],[129.788663,32.904388],[129.788738,32.904613],[129.788625,32.90488],[129.7886,32.905155],[129.78865,32.905355],[129.7888,32.90558],[129.78925,32.905672],[129.789775,32.905855],[129.790025,32.905813],[129.7901,32.905572],[129.790025,32.90523],[129.789813,32.904755],[129.790138,32.904463],[129.790313,32.904197],[129.790513,32.90383],[129.79055,32.903339],[129.79075,32.903272],[129.791025,32.903339],[129.79135,32.903297],[129.7915,32.903189],[129.7915,32.903005],[129.791125,32.902664],[129.791438,32.902214],[129.791863,32.902014],[129.792263,32.901997],[129.792488,32.901839],[129.7929,32.901414],[129.79315,32.901306],[129.7942,32.901131],[129.794925,32.900956],[129.7951,32.901522],[129.7953,32.90188],[129.79545,32.902064],[129.795575,32.90213],[129.795237,32.902489],[129.795137,32.902489],[129.794862,32.902397],[129.794562,32.902397],[129.794237,32.902464],[129.793812,32.902439],[129.793487,32.902347],[129.793262,32.902339],[129.792863,32.90263],[129.792588,32.902605],[129.792413,32.902672],[129.79235,32.902947],[129.792375,32.90308],[129.792225,32.903555],[129.792775,32.903989],[129.792825,32.904072],[129.792675,32.904097],[129.79205,32.904047],[129.791613,32.904139],[129.791363,32.904272],[129.791263,32.904513],[129.791313,32.904788],[129.791763,32.905105],[129.791638,32.905147],[129.7914,32.905438],[129.791275,32.90573],[129.791275,32.905913],[129.791425,32.906097],[129.791525,32.906138],[129.7918,32.906122],[129.79225,32.905963],[129.792475,32.906013],[129.792525,32.906213],[129.792325,32.906438],[129.792175,32.90653],[129.792125,32.906622],[129.792,32.906688],[129.79155,32.906755],[129.791288,32.906813],[129.791213,32.90693],[129.791263,32.907288],[129.791513,32.907671],[129.791563,32.90768],[129.792037,32.908021],[129.792512,32.908021],[129.792737,32.90843],[129.793062,32.908455],[129.793512,32.908363],[129.793762,32.90828],[129.794112,32.908013],[129.794312,32.90808],[129.794637,32.90813],[129.794887,32.907988],[129.795125,32.90768],[129.795175,32.907405],[129.7949,32.906347],[129.794787,32.906097],[129.794837,32.905688],[129.794962,32.90533],[129.795137,32.905538],[129.795337,32.906097],[129.795462,32.906305],[129.795687,32.90633],[129.795912,32.906213],[129.795962,32.906147],[129.796037,32.906263],[129.796137,32.906513],[129.7961,32.906805],[129.7959,32.907072],[129.795925,32.907188],[129.7961,32.907305],[129.796425,32.907397],[129.796425,32.907596],[129.796325,32.907938],[129.796525,32.907871],[129.79685,32.908071],[129.797649,32.907963],[129.797774,32.908038],[129.797924,32.90828],[129.797924,32.908488],[129.797862,32.908596],[129.797737,32.908621],[129.797537,32.90853],[129.797312,32.908546],[129.796987,32.908796],[129.796862,32.908796],[129.796587,32.90873],[129.796537,32.908746],[129.796487,32.908838],[129.796512,32.909421],[129.796624,32.90963],[129.796849,32.909788],[129.797099,32.909721],[129.797287,32.909496],[129.797487,32.909338],[129.797637,32.909496],[129.797712,32.90968],[129.797724,32.909863],[129.797799,32.909971],[129.798049,32.909913],[129.798512,32.909913],[129.799162,32.910096],[129.799437,32.91003],[129.799612,32.909788],[129.799637,32.909538],[129.799762,32.909405],[129.800062,32.909446],[129.800337,32.90938],[129.800649,32.90918],[129.800624,32.909113],[129.800699,32.908938],[129.800849,32.90878],[129.800999,32.908755],[129.801124,32.908938],[129.801374,32.908938],[129.801599,32.908463],[129.801749,32.908355],[129.802174,32.90843],[129.802624,32.90843],[129.803036,32.908388],[129.803486,32.908121],[129.803736,32.908096],[129.804011,32.908213],[129.804236,32.908213],[129.804436,32.90808],[129.805011,32.907971],[129.805311,32.907971],[129.805361,32.908088],[129.805536,32.90818],[129.805961,32.908246],[129.806111,32.908338],[129.806061,32.908546],[129.805911,32.908588],[129.805486,32.908588],[129.804936,32.908538],[129.804611,32.90858],[129.804411,32.908755],[129.804324,32.909005],[129.804349,32.909096],[129.804499,32.909055],[129.804749,32.90903],[129.805124,32.909171],[129.805374,32.909196],[129.805686,32.909146],[129.806011,32.908996],[129.806161,32.908971],[129.806586,32.908996],[129.806836,32.90893],[129.807336,32.908505],[129.807424,32.908238],[129.807074,32.908121],[129.806824,32.907963],[129.806549,32.907888],[129.805874,32.906605],[129.804861,32.905013],[129.804699,32.904522],[129.804899,32.903997],[129.804574,32.903639],[129.804437,32.903297],[129.804412,32.903047],[129.804312,32.902955],[129.804137,32.903022],[129.803862,32.903047],[129.803612,32.90293],[129.803562,32.902839],[129.803362,32.90273],[129.803237,32.902547],[129.803262,32.90243],[129.803387,32.902364],[129.803987,32.90228],[129.804324,32.902014],[129.804249,32.901789],[129.803924,32.901447],[129.804024,32.901156],[129.804149,32.901022],[129.804349,32.900972],[129.804499,32.900889],[129.804887,32.900231],[129.805012,32.900097],[129.805037,32.899964],[129.805012,32.899847],[129.805149,32.899222],[129.805299,32.899089],[129.805599,32.898731],[129.805612,32.898273],[129.805287,32.898006],[129.805012,32.897998],[129.804499,32.898273],[129.804224,32.898289],[129.804024,32.898064],[129.803912,32.897723],[129.803937,32.897381],[129.804437,32.897364],[129.804662,32.897281],[129.804787,32.897189],[129.804649,32.896556],[129.804399,32.895964],[129.804449,32.895698],[129.804549,32.895606],[129.805024,32.895789],[129.805374,32.895881],[129.805774,32.895889],[129.805899,32.895839],[129.805912,32.895706],[129.805787,32.895481],[129.805312,32.895023],[129.804762,32.89459],[129.804687,32.894348],[129.804837,32.894165],[129.804987,32.894165],[129.805162,32.894215],[129.805324,32.894148],[129.805299,32.894015],[129.805474,32.893698],[129.805524,32.893673],[129.805824,32.893748],[129.806174,32.894106],[129.806524,32.894223],[129.806624,32.89404],[129.806699,32.893481],[129.806812,32.893165],[129.806987,32.89314],[129.807262,32.892965],[129.807412,32.892898],[129.807637,32.892948],[129.807837,32.893281],[129.807887,32.893356],[129.808337,32.893581],[129.808424,32.893698],[129.808424,32.893781],[129.808299,32.893848],[129.808149,32.893873],[129.808099,32.893965],[129.808249,32.894148],[129.808424,32.894281],[129.808649,32.894331],[129.808674,32.894173],[129.809249,32.894081],[129.809461,32.893881],[129.809736,32.89314],[129.809836,32.893048],[129.809886,32.893048],[129.810036,32.893273],[129.810086,32.893956],[129.810024,32.894131],[129.809999,32.894673],[129.810424,32.89524],[129.810624,32.895381],[129.810824,32.895381],[129.810924,32.895181],[129.810874,32.894773],[129.810636,32.893823],[129.810561,32.893256],[129.810624,32.892831],[129.810799,32.892331],[129.810799,32.89209],[129.810499,32.891923],[129.810099,32.891898],[129.809774,32.89179],[129.809424,32.891582],[129.808762,32.890898],[129.808587,32.890648],[129.808487,32.890357],[129.808512,32.889907],[129.809012,32.889865],[129.809199,32.889707],[129.809499,32.889148],[129.809299,32.888782],[129.808849,32.888332],[129.808662,32.888082],[129.808337,32.887899],[129.808137,32.887824],[129.807662,32.887799],[129.807637,32.88764],[129.807987,32.887532],[129.808462,32.88729],[129.808562,32.887174],[129.808612,32.887015],[129.807999,32.886182],[129.807749,32.886182],[129.807524,32.88629],[129.807187,32.88674],[129.806962,32.886824],[129.805987,32.886774],[129.805687,32.886707],[129.805512,32.88659],[129.805387,32.886315],[129.805275,32.885757],[129.805075,32.885524],[129.804575,32.88539],[129.80445,32.885274],[129.804475,32.884916],[129.8043,32.884774],[129.803975,32.884774],[129.803925,32.884616],[129.804312,32.884216],[129.804262,32.884057],[129.804037,32.884007],[129.803412,32.884007],[129.803237,32.883932],[129.803062,32.883799],[129.802862,32.883232],[129.802412,32.882874],[129.802337,32.882782],[129.8023,32.882482],[129.802575,32.882057],[129.803212,32.881316],[129.803512,32.881183],[129.803662,32.880983],[129.803662,32.880783],[129.803512,32.880574],[129.803037,32.880233],[129.802987,32.880191],[129.802637,32.880099],[129.802437,32.880074],[129.802237,32.880091],[129.801987,32.879958],[129.801762,32.879774],[129.801613,32.879708],[129.801488,32.879774],[129.801687,32.880158],[129.801662,32.880183],[129.801388,32.880174],[129.800838,32.880108],[129.800613,32.880108],[129.800288,32.880174],[129.800138,32.880241],[129.800013,32.880391],[129.800175,32.881049],[129.800075,32.881549],[129.8001,32.881633],[129.80035,32.881841],[129.801112,32.882249],[129.801187,32.882324],[129.801212,32.882591],[129.801137,32.882657],[129.800787,32.882766],[129.800462,32.882674],[129.800238,32.882541],[129.799988,32.882466],[129.799813,32.882491],[129.799638,32.882599],[129.799513,32.882741],[129.799488,32.882941],[129.799675,32.883299],[129.799675,32.883416],[129.7996,32.883507],[129.799425,32.883432],[129.7994,32.883257],[129.799138,32.882849],[129.799063,32.882782],[129.798888,32.882732],[129.798788,32.882616],[129.798613,32.882349],[129.798463,32.881874],[129.798313,32.881758],[129.798038,32.881691],[129.797788,32.881666],[129.797688,32.881708],[129.797613,32.882049],[129.797513,32.882157],[129.797163,32.882041],[129.796938,32.882091],[129.796813,32.882132],[129.796589,32.882234],[129.796388,32.882357],[129.795975,32.882666],[129.795775,32.882957],[129.795475,32.883382],[129.79525,32.883432],[129.794975,32.883266],[129.79485,32.883066],[129.79455,32.882907],[129.7945,32.882974],[129.794475,32.883199],[129.794563,32.883557],[129.794613,32.884324],[129.794663,32.884374],[129.794888,32.884374],[129.795113,32.884441],[129.795163,32.884557],[129.795138,32.884624],[129.794825,32.884866],[129.7948,32.884957],[129.794875,32.885049],[129.79505,32.885074],[129.795175,32.885324],[129.7951,32.885482],[129.794775,32.885791],[129.794425,32.885791],[129.794188,32.885974],[129.793988,32.886374],[129.793913,32.886915],[129.794063,32.88719],[129.794475,32.887757],[129.794725,32.887865],[129.795675,32.887965],[129.795875,32.887874],[129.796063,32.887632],[129.796238,32.887499],[129.796863,32.887324],[129.797038,32.887182],[129.797263,32.886874],[129.79775,32.886399],[129.79795,32.886315],[129.798075,32.886332],[129.798075,32.886449],[129.7979,32.886674],[129.797838,32.886899],[129.797988,32.88724],[129.798288,32.887757],[129.798238,32.888007],[129.798163,32.888074],[129.797725,32.888207],[129.79765,32.888207],[129.79735,32.88829],[129.79725,32.88854],[129.79725,32.888674],[129.797125,32.88879],[129.79685,32.888874],[129.796675,32.889032],[129.7966,32.88919],[129.796413,32.889282],[129.796163,32.889298],[129.795813,32.88914],[129.795563,32.889115],[129.795288,32.889207],[129.795038,32.88934],[129.794938,32.889357],[129.794613,32.889332],[129.794263,32.889174],[129.794013,32.888832],[129.79375,32.888132],[129.79365,32.888024],[129.793125,32.887857],[129.7927,32.887449],[129.791088,32.885499],[129.790913,32.885316],[129.790713,32.885249],[129.790638,32.885157],[129.790626,32.884974],[129.790576,32.884882],[129.790626,32.884682],[129.790476,32.884407],[129.790401,32.884007],[129.790488,32.883416],[129.790838,32.882899],[129.790688,32.882674],[129.790613,32.882608],[129.789888,32.882374],[129.789763,32.882266],[129.789713,32.882108],[129.789801,32.881949],[129.790351,32.881524],[129.790401,32.881316],[129.790251,32.881224],[129.789926,32.881116],[129.789726,32.880974],[129.789763,32.880458],[129.789913,32.880349],[129.790213,32.880233],[129.790313,32.880058],[129.790313,32.879808],[129.790151,32.8792],[129.790251,32.879066],[129.790851,32.878933],[129.791076,32.878416],[129.791238,32.878283],[129.791338,32.878141],[129.791438,32.877675],[129.791513,32.877516],[129.791513,32.877466],[129.791163,32.877125],[129.790376,32.876808],[129.790088,32.876808],[129.789588,32.876958],[129.789388,32.876891],[129.789001,32.876458],[129.788901,32.8761],[129.788976,32.875941],[129.789076,32.875825],[129.789001,32.875691],[129.788776,32.875558],[129.788728,32.875486],[129.788701,32.87535],[129.788939,32.875058],[129.788914,32.874833],[129.788514,32.874608],[129.788314,32.874558],[129.788364,32.874358],[129.788614,32.874158],[129.788539,32.873792],[129.788276,32.873383],[129.788226,32.87325],[129.788326,32.87305],[129.788426,32.872708],[129.788564,32.87215],[129.788814,32.871492],[129.789176,32.871],[129.789476,32.870058],[129.789489,32.869467],[129.789364,32.869217],[129.789139,32.8689],[129.788864,32.8687],[129.788589,32.868625],[129.788439,32.868625],[129.788339,32.868334],[129.788876,32.868109],[129.788614,32.866934],[129.789089,32.866784],[129.789614,32.866992],[129.789864,32.867059],[129.789914,32.8671],[129.790226,32.867917],[129.790726,32.868258],[129.791554,32.870631],[129.791551,32.871133],[129.791326,32.871333],[129.791289,32.871917],[129.791339,32.872167],[129.791463,32.872392],[129.791813,32.872575],[129.791963,32.872825],[129.792163,32.872958],[129.792588,32.8731],[129.792838,32.873258],[129.793026,32.873483],[129.793101,32.873533],[129.793588,32.873533],[129.793838,32.873383],[129.794213,32.873],[129.794313,32.872933],[129.794538,32.872958],[129.794738,32.873091],[129.794788,32.873475],[129.794863,32.873633],[129.794963,32.873683],[129.795138,32.873683],[129.795588,32.873458],[129.795963,32.873083],[129.796151,32.872783],[129.796076,32.872558],[129.796101,32.872383],[129.796251,32.872267],[129.796401,32.872025],[129.796326,32.871617],[129.796338,32.871417],[129.796563,32.870967],[129.796738,32.870917],[129.796988,32.870925],[129.797063,32.870875],[129.797063,32.870742],[129.796988,32.870533],[129.796676,32.87015],[129.796551,32.870042],[129.796401,32.869808],[129.796501,32.86965],[129.796651,32.869567],[129.797076,32.869658],[129.797426,32.869708],[129.797676,32.869708],[129.797726,32.869667],[129.797801,32.8693],[129.797688,32.869142],[129.797563,32.869075],[129.797013,32.868867],[129.796888,32.868775],[129.796913,32.8686],[129.796963,32.868575],[129.797138,32.868575],[129.797563,32.868375],[129.797838,32.868133],[129.798001,32.867792],[129.798151,32.867725],[129.798451,32.867683],[129.798851,32.867525],[129.799426,32.867167],[129.799976,32.867108],[129.800138,32.867042],[129.800113,32.866833],[129.799938,32.866725],[129.799713,32.866725],[129.799613,32.866633],[129.799838,32.866067],[129.799788,32.865975],[129.799338,32.866],[129.799163,32.866109],[129.798938,32.866267],[129.798763,32.866017],[129.798738,32.865675],[129.798788,32.865567],[129.798976,32.865434],[129.799351,32.86525],[129.799526,32.864942],[129.799476,32.864667],[129.799351,32.864617],[129.799351,32.864484],[129.799626,32.86435],[129.799763,32.864242],[129.799963,32.863975],[129.800288,32.863842],[129.800838,32.86375],[129.800888,32.863775],[129.801013,32.864025],[129.801163,32.864342],[129.801313,32.864525],[129.801463,32.864592],[129.801663,32.86455],[129.801788,32.864434],[129.801638,32.86385],[129.801638,32.863667],[129.801863,32.863442],[129.802126,32.863309],[129.802451,32.863242],[129.8031,32.863317],[129.80385,32.863117],[129.804425,32.863167],[129.8055,32.863359],[129.80595,32.863517],[129.806625,32.863842],[129.806775,32.863975],[129.806875,32.863934],[129.806925,32.863859],[129.807075,32.863975],[129.807525,32.863959],[129.807675,32.864],[129.80775,32.863934],[129.80785,32.863917],[129.808075,32.863917],[129.808325,32.864325],[129.80855,32.86455],[129.808775,32.86455],[129.8089,32.864467],[129.809025,32.864325],[129.809162,32.863809],[129.8098,32.864109],[129.8103,32.864225],[129.81055,32.864317],[129.81095,32.864567],[129.811225,32.864725],[129.811675,32.864867],[129.81195,32.864867],[129.812275,32.8648],[129.812737,32.864651],[129.813037,32.864651],[129.813337,32.864717],[129.813587,32.864834],[129.813812,32.864901],[129.813987,32.864884],[129.814087,32.864751],[129.814087,32.864684],[129.813937,32.864434],[129.813512,32.863959],[129.813412,32.863751],[129.81345,32.863167],[129.813275,32.862401],[129.8134,32.862192],[129.813912,32.861909],[129.814162,32.861884],[129.814437,32.861934],[129.814637,32.862042],[129.815225,32.862842],[129.8159,32.863317],[129.816274,32.863409],[129.816424,32.863234],[129.816649,32.863259],[129.817099,32.863484],[129.817324,32.863467],[129.817499,32.863309],[129.817487,32.862967],[129.817412,32.862701],[129.816937,32.861976],[129.816562,32.861634],[129.816775,32.861184],[129.81675,32.861109],[129.81635,32.860818],[129.816325,32.860684],[129.81635,32.860501],[129.816425,32.860368],[129.816725,32.860184],[129.817237,32.859968],[129.817787,32.859809],[129.818212,32.859726],[129.818812,32.859684],[129.819837,32.859718],[129.820437,32.859743],[129.820949,32.859701],[129.821224,32.859568],[129.821549,32.859251],[129.821599,32.859143],[129.821899,32.858785],[129.822537,32.858176],[129.823187,32.85766],[129.823849,32.857285],[129.823999,32.85706],[129.824074,32.856652],[129.824087,32.85636],[129.823987,32.856202],[129.823737,32.856002],[129.823512,32.85541],[129.823462,32.855118],[129.823524,32.854285],[129.823449,32.853985],[129.823324,32.85376],[129.823199,32.853693],[129.823024,32.853735],[129.822849,32.853735],[129.822774,32.853627],[129.822849,32.853552],[129.823099,32.85356],[129.823424,32.853518],[129.823612,32.853427],[129.824424,32.851602],[129.824399,32.851469],[129.824524,32.851377],[129.824674,32.851535],[129.826212,32.850352],[129.826212,32.850244],[129.827062,32.849794],[129.827999,32.849402],[129.827399,32.848736],[129.827637,32.848677],[129.828012,32.848427],[129.828262,32.848411],[129.828386,32.848519],[129.829836,32.848286],[129.829836,32.848077],[129.830549,32.847994],[129.830749,32.847836],[129.833811,32.849686],[129.841823,32.84417],[129.841848,32.844128],[129.841598,32.844061],[129.841573,32.844128],[129.841173,32.844053],[129.841223,32.843895],[129.840748,32.843786],[129.841136,32.842703],[129.843536,32.843353],[129.843636,32.843328],[129.843973,32.84252],[129.840923,32.841645],[129.840873,32.841253],[129.840848,32.841212],[129.843211,32.836687],[129.843948,32.835337],[129.845136,32.835587],[129.846336,32.833646],[129.846386,32.833554],[129.846411,32.833437],[129.846408,32.833265],[129.846386,32.833129],[129.847223,32.833137],[129.847736,32.832663],[129.847523,32.830996],[129.847848,32.830971],[129.847986,32.831288],[129.84976,32.831221],[129.850435,32.832371],[129.850623,32.832371],[129.84986,32.834987],[129.849835,32.835196],[129.849598,32.835262],[129.849485,32.835121],[129.849273,32.835237],[129.849348,32.835421],[129.849085,32.835596],[129.848998,32.835937],[129.848194,32.836113],[129.847735,32.836687],[129.84936,32.84157],[129.851197,32.841629],[129.851372,32.841737],[129.85146,32.842054],[129.851885,32.842037],[129.852222,32.841629],[129.852322,32.841587],[129.852597,32.841704],[129.852697,32.841862],[129.852597,32.842045],[129.85241,32.842262],[129.85236,32.842404],[129.85241,32.842787],[129.85261,32.843078],[129.852935,32.843328],[129.853485,32.843578],[129.854422,32.844353],[129.854572,32.844578],[129.854597,32.844695],[129.854547,32.844803],[129.854047,32.845187],[129.853735,32.845453],[129.853535,32.845703],[129.85346,32.845995],[129.853435,32.846312],[129.853347,32.846603],[129.853272,32.846712],[129.852972,32.846845],[129.852322,32.846887],[129.852172,32.846928],[129.851997,32.84702],[129.851897,32.847203],[129.851722,32.847286],[129.851685,32.847561],[129.85176,32.847811],[129.85176,32.848036],[129.85171,32.848195],[129.85151,32.848278],[129.85131,32.848328],[129.851285,32.848411],[129.85141,32.84862],[129.85171,32.848895],[129.851747,32.84952],[129.851697,32.84982],[129.851285,32.850603],[129.85111,32.850761],[129.850985,32.850936],[129.85096,32.851228],[129.851022,32.851636],[129.851147,32.851886],[129.851172,32.852019],[129.851122,32.852178],[129.850772,32.852561],[129.850622,32.852669],[129.849735,32.852869],[129.848185,32.853444],[129.848085,32.853578],[129.848085,32.853644],[129.848735,32.853719],[129.84891,32.853786],[129.849122,32.854061],[129.849222,32.854128],[129.849347,32.854086],[129.84956,32.853794],[129.849835,32.853769],[129.84986,32.853794],[129.84981,32.853794],[129.849935,32.853953],[129.85011,32.853928],[129.850285,32.853869],[129.850385,32.853778],[129.85056,32.853778],[129.85076,32.853911],[129.851035,32.853894],[129.851185,32.853936],[129.851335,32.854278],[129.851285,32.854394],[129.851022,32.854528],[129.850222,32.855103],[129.850172,32.855311],[129.850197,32.855377],[129.850747,32.855586],[129.850922,32.855694],[129.85101,32.855944],[129.851035,32.856089],[129.851085,32.856152],[129.85151,32.856111],[129.85156,32.856177],[129.851559,32.856944],[129.851647,32.857577],[129.851622,32.857711],[129.851297,32.858002],[129.851122,32.858227],[129.850809,32.858944],[129.850834,32.859169],[129.850934,32.859194],[129.851334,32.859152],[129.851709,32.859044],[129.851934,32.859086],[129.852034,32.859244],[129.852134,32.859469],[129.852184,32.86031],[129.852272,32.860535],[129.852447,32.860627],[129.852622,32.860644],[129.852772,32.860535],[129.852984,32.860152],[129.853184,32.859952],[129.853484,32.859952],[129.853809,32.860002],[129.854059,32.85991],[129.854184,32.859777],[129.854234,32.859536],[129.854172,32.859327],[129.853972,32.859144],[129.853222,32.858761],[129.853172,32.858669],[129.853147,32.857877],[129.853084,32.857602],[129.853109,32.857311],[129.853459,32.857136],[129.853584,32.856911],[129.853509,32.856636],[129.853584,32.856527],[129.853859,32.856619],[129.854309,32.856694],[129.854497,32.856311],[129.854547,32.856261],[129.854822,32.856377],[129.855172,32.856586],[129.855522,32.856452],[129.855597,32.856228],[129.855547,32.856003],[129.855572,32.855844],[129.855922,32.855803],[129.856197,32.855844],[129.856297,32.855736],[129.856484,32.855311],[129.856684,32.855336],[129.857184,32.855469],[129.857609,32.855478],[129.857684,32.855561],[129.857984,32.855586],[129.858059,32.855586],[129.858484,32.855078],[129.858672,32.854828],[129.858697,32.854628],[129.858622,32.854511],[129.858422,32.854378],[129.858172,32.853811],[129.857922,32.853694],[129.857347,32.853553],[129.856322,32.853161],[129.855772,32.853069],[129.855747,32.852936],[129.855772,32.852886],[129.856459,32.852853],[129.856734,32.852803],[129.857009,32.852694],[129.857009,32.852561],[129.856759,32.852353],[129.855809,32.851945],[129.855772,32.851061],[129.855797,32.850678],[129.855897,32.850253],[129.855947,32.850203],[129.856197,32.850186],[129.857122,32.850236],[129.857334,32.850153],[129.857309,32.849945],[129.857134,32.849811],[129.856634,32.849536],[129.856359,32.849486],[129.856234,32.849445],[129.856109,32.849145],[129.856259,32.848878],[129.856597,32.848561],[129.856747,32.848345],[129.856972,32.848278],[129.857372,32.848278],[129.857472,32.848145],[129.857472,32.848053],[129.857272,32.847712],[129.857322,32.847537],[129.857609,32.847195],[129.857934,32.846887],[129.858409,32.846595],[129.858834,32.846437],[129.859222,32.846462],[129.859334,32.846512],[129.859847,32.846562],[129.860572,32.846562],[129.861772,32.846412],[129.862222,32.846353],[129.862422,32.846262],[129.862547,32.846012],[129.862509,32.84572],[129.862509,32.845387],[129.862584,32.84507],[129.862709,32.844937],[129.862934,32.844804],[129.863234,32.844737],[129.863559,32.844762],[129.864059,32.84492],[129.864409,32.84492],[129.864721,32.844837],[129.864971,32.84472],[129.865246,32.844362],[129.865471,32.843912],[129.865621,32.84387],[129.866096,32.84392],[129.866809,32.843945],[129.867959,32.844045],[129.868534,32.844187],[129.869034,32.844395],[129.868746,32.844795],[129.868821,32.845879],[129.867434,32.845962],[129.867184,32.846345],[129.867346,32.850653],[129.870071,32.850695],[129.870096,32.851028],[129.870196,32.851328],[129.870471,32.851436],[129.871396,32.85147],[129.871621,32.85147],[129.871871,32.851536],[129.872196,32.851853],[129.872308,32.85247],[129.872208,32.852736],[129.871758,32.853386],[129.871608,32.853678],[129.871396,32.853878],[129.870971,32.854195],[129.870721,32.854436],[129.870671,32.854661],[129.870683,32.855003],[129.870908,32.855294],[129.871658,32.855753],[129.871883,32.856028],[129.872108,32.856161],[129.872408,32.856278],[129.872683,32.856753],[129.872808,32.856994],[129.872983,32.857219],[129.87322,32.858053],[129.873245,32.858486],[129.873095,32.858844],[129.872958,32.859019],[129.872808,32.859161],[129.872383,32.859319],[129.872083,32.859386],[129.871433,32.859294],[129.87082,32.859494],[129.870495,32.859736],[129.870195,32.860252],[129.870133,32.860636],[129.870233,32.860886],[129.870533,32.861136],[129.870933,32.861319],[129.871608,32.861552],[129.872033,32.861669],[129.872383,32.861852],[129.872608,32.861919],[129.872958,32.861936],[129.873258,32.861752],[129.873908,32.861852],[129.875033,32.862244],[129.876432,32.862927],[129.877057,32.863186],[129.877807,32.863302],[129.878782,32.863377],[129.879657,32.863494],[129.880307,32.863727],[129.880857,32.864086],[129.881132,32.864361],[129.881194,32.864744],[129.881094,32.865102],[129.880819,32.865536],[129.880582,32.86596],[129.880532,32.866569],[129.880732,32.867177],[129.880869,32.868219],[129.881157,32.86926],[129.881132,32.869752],[129.880819,32.870202],[129.880619,32.870585],[129.880382,32.871285],[129.878982,32.873526],[129.878782,32.874001],[129.878632,32.874568],[129.878594,32.874835],[129.878744,32.875585],[129.878841,32.876114],[129.878832,32.87651],[129.878757,32.876893],[129.878919,32.877526],[129.879032,32.878693],[129.878982,32.879326],[129.879007,32.879868],[129.879169,32.880459],[129.879519,32.880884],[129.880406,32.881592],[129.880731,32.882251],[129.881006,32.882251],[129.881406,32.882184],[129.882344,32.881676],[129.882419,32.881543],[129.882469,32.880818],[129.882531,32.880643],[129.883006,32.880259],[129.883831,32.880084],[129.884119,32.879751],[129.883969,32.879134],[129.883131,32.87796],[129.883006,32.877685],[129.882731,32.877501],[129.882606,32.877076],[129.882619,32.87656],[129.882956,32.875226],[129.883156,32.874843],[129.883581,32.874552],[129.884194,32.874218],[129.884744,32.874018],[129.885344,32.87396],[129.885969,32.87396],[129.886469,32.874127],[129.887344,32.874718],[129.887894,32.874902],[129.888494,32.87506],[129.888919,32.875043],[129.889094,32.875002],[129.889294,32.874752],[129.889531,32.874168],[129.889694,32.873202],[129.890406,32.871177],[129.890544,32.870569],[129.890769,32.870027],[129.891306,32.869577],[129.891731,32.869127],[129.892319,32.868435],[129.892644,32.868144],[129.893269,32.868102],[129.894294,32.868335],[129.894593,32.86856],[129.894743,32.868902],[129.894656,32.86956],[129.894681,32.86976],[129.895281,32.870419],[129.895293,32.870685],[129.895168,32.871069],[129.895168,32.871452],[129.895606,32.872227],[129.895731,32.872635],[129.895468,32.873535],[129.895393,32.87441],[129.895506,32.874977],[129.895806,32.875743],[129.896118,32.876335],[129.896743,32.87681],[129.896968,32.877043],[129.897093,32.877451],[129.89713,32.877943],[129.89723,32.87831],[129.89713,32.878643],[129.896893,32.879993],[129.897218,32.88011],[129.897568,32.88011],[129.898243,32.879985],[129.898868,32.879785],[129.899455,32.879493],[129.901143,32.878268],[129.901668,32.877843],[129.902368,32.87796],[129.903268,32.878168],[129.903667,32.878218],[129.90403,32.87806],[129.904205,32.87761],[129.90433,32.87716],[129.904693,32.876152],[129.905043,32.875743],[129.905255,32.875093],[129.905318,32.873893],[129.905293,32.873352],[129.905205,32.872969],[129.90523,32.872677],[129.905505,32.872135],[129.905943,32.87171],[129.906468,32.871377],[129.906943,32.870885],[129.90778,32.869811],[129.908068,32.869311],[129.908193,32.868819],[129.908455,32.868302],[129.90858,32.868211],[129.90903,32.868077],[129.909455,32.868127],[129.909805,32.868111],[129.910055,32.868361],[129.91018,32.868852],[129.910242,32.869419],[129.910042,32.870052],[129.91013,32.870477],[129.91033,32.870844],[129.910605,32.87111],[129.910955,32.87116],[129.91128,32.871027],[129.91143,32.870602],[129.911742,32.870244],[129.912242,32.869727],[129.91258,32.868919],[129.91258,32.868644],[129.912342,32.867427],[129.912355,32.866661],[129.912355,32.866569],[129.912605,32.866411],[129.91258,32.866236],[129.913005,32.865919],[129.914005,32.865953],[129.91448,32.866986],[129.914917,32.867419],[129.915567,32.867677],[129.916267,32.867744],[129.916667,32.867927],[129.917267,32.868094],[129.917542,32.868386],[129.918092,32.868636],[129.918692,32.868736],[129.919292,32.868577],[129.919504,32.868177],[129.919604,32.867861],[129.919679,32.867769],[129.920179,32.867636],[129.920617,32.867194],[129.920942,32.867036],[129.921592,32.866811],[129.921742,32.866636],[129.921592,32.866253],[129.922254,32.865961],[129.922354,32.865561],[129.922229,32.865378],[129.922279,32.865061],[129.922792,32.864611],[129.923392,32.864411],[129.924367,32.864236],[129.925354,32.864295],[129.925867,32.864569],[129.925941,32.864794],[129.925891,32.865111],[129.926316,32.865678],[129.926616,32.865811],[129.927441,32.865886],[129.927616,32.865686],[129.928141,32.865819],[129.928616,32.866094],[129.928966,32.866436],[129.929741,32.866536],[129.930016,32.866628],[129.930316,32.866586],[129.930516,32.866494],[129.930816,32.866228],[129.930991,32.86587],[129.931003,32.865753],[129.930928,32.865553],[129.930753,32.865411],[129.930579,32.865095],[129.930429,32.864486],[129.930366,32.864011],[129.930266,32.863745],[129.929866,32.863561],[129.929691,32.863261],[129.929341,32.862903],[129.928891,32.862628],[129.928579,32.862286],[129.928529,32.861903],[129.928229,32.861403],[129.927941,32.861108],[129.927516,32.860678],[129.927609,32.860475],[129.927916,32.860295],[129.929779,32.85902],[129.930004,32.859478],[129.930129,32.859637],[129.930254,32.859587],[129.930279,32.859453],[129.930204,32.858945],[129.933403,32.857762],[129.933266,32.857454],[129.933591,32.857354],[129.933841,32.857329],[129.935816,32.858837],[129.936666,32.859295],[129.936941,32.859612],[129.93769,32.860137],[129.938615,32.860437],[129.939515,32.860854],[129.939978,32.861195],[129.940503,32.861578],[129.941003,32.861878],[129.941378,32.86197],[129.942027,32.861978],[129.94234,32.86162],[129.94309,32.861579],[129.94394,32.861537],[129.945065,32.86182],[129.945765,32.861712],[129.94644,32.861845],[129.94704,32.86212],[129.947389,32.862012],[129.947689,32.86217],[129.947689,32.862829],[129.947777,32.863029],[129.948227,32.863212],[129.948752,32.863329],[129.948877,32.863512],[129.949002,32.863562],[129.949302,32.863404],[129.949964,32.863229],[129.950614,32.86312],[129.951114,32.863079],[129.951689,32.86322],[129.951739,32.86297],[129.951464,32.862604],[129.950989,32.862562],[129.950539,32.862487],[129.950252,32.86212],[129.949977,32.861129],[129.950914,32.860096],[129.951527,32.859496],[129.952077,32.859046],[129.952502,32.858821],[129.952789,32.858604],[129.953189,32.858354],[129.953289,32.857862],[129.953439,32.857546],[129.954102,32.857121],[129.954801,32.856829],[129.956189,32.856438],[129.956864,32.856063],[129.958076,32.855229],[129.958301,32.854579],[129.958339,32.854063],[129.958264,32.853563],[129.957626,32.851805],[129.957239,32.85108],[129.956414,32.850013],[129.956202,32.849472],[129.956152,32.849238],[129.956127,32.848747],[129.956289,32.848247],[129.956714,32.847488],[129.957177,32.847105],[129.958052,32.846689],[129.958552,32.846597],[129.958826,32.846739],[129.959101,32.846714],[129.959501,32.846605],[129.959976,32.846589],[129.960201,32.846697],[129.960526,32.84693],[129.960851,32.847047],[129.961326,32.84698],[129.961826,32.84703],[129.962376,32.847164],[129.962901,32.84753],[129.963701,32.847514],[129.964838,32.847414],[129.966188,32.846814],[129.966688,32.846839],[129.967313,32.846955],[129.967688,32.847139],[129.967763,32.847389],[129.967663,32.847814],[129.967613,32.848172],[129.967776,32.848422],[129.968651,32.849063],[129.968801,32.849105],[129.9694,32.848822],[129.9698,32.848914],[129.9702,32.849255],[129.9705,32.849663],[129.970925,32.849913],[129.971825,32.849938],[129.972475,32.849988],[129.97275,32.850063],[129.973275,32.850088],[129.974475,32.849847],[129.974862,32.849555],[129.975362,32.848997],[129.975675,32.848297],[129.9758,32.847739],[129.9757,32.847372],[129.975538,32.847014],[129.974963,32.846739],[129.974888,32.846555],[129.9753,32.845589],[129.9755,32.845206],[129.975675,32.845122],[129.976075,32.845097],[129.9771,32.845514],[129.9774,32.845339],[129.977713,32.844931],[129.978288,32.844597],[129.979087,32.844381],[129.979537,32.844156],[129.9797,32.843864],[129.979575,32.843547],[129.979275,32.843456],[129.977875,32.842681],[129.977213,32.841906],[129.976613,32.841339],[129.975938,32.840839],[129.975863,32.840748],[129.976113,32.838248],[129.976138,32.83759],[129.976851,32.837531],[129.977063,32.838115],[129.977238,32.838323],[129.977338,32.838365],[129.977638,32.838323],[129.977688,32.83814],[129.978063,32.838056],[129.978075,32.837473],[129.977926,32.836698],[129.977901,32.83654],[129.977963,32.836473],[129.978276,32.836265],[129.978926,32.83579],[129.979163,32.835857],[129.978838,32.836281],[129.979275,32.836398],[129.9804,32.83614],[129.980488,32.83619],[129.980538,32.836323],[129.980813,32.83664],[129.980988,32.836656],[129.981188,32.836615],[129.982625,32.83604],[129.9831,32.836015],[129.983425,32.836107],[129.984038,32.836215],[129.984363,32.836232],[129.984688,32.83619],[129.985438,32.835282],[129.986388,32.83589],[129.98605,32.836715],[129.986475,32.841656],[129.994112,32.841823],[129.994349,32.838148],[129.993087,32.836698],[129.992087,32.835673],[129.992087,32.835207],[129.991981,32.834995],[129.991787,32.83464],[129.991337,32.833515],[129.991187,32.832907],[129.991087,32.831732],[129.990962,32.831149],[129.99095,32.83054],[129.991037,32.829999],[129.99115,32.829816],[129.991262,32.829732],[129.991475,32.829707],[129.991737,32.829591],[129.9918,32.829457],[129.991787,32.829232],[129.991375,32.828441],[129.990913,32.826957],[129.990913,32.826616],[129.990975,32.826441],[129.9917,32.825483],[129.991813,32.825166],[129.9921,32.824691],[129.992363,32.824399],[129.9925,32.823949],[129.9923,32.823658],[129.99185,32.823408],[129.991613,32.823141],[129.991525,32.822666],[129.99155,32.822283],[129.991775,32.8219],[129.992125,32.821541],[129.992563,32.821291],[129.992538,32.821083],[129.99215,32.820725],[129.99205,32.820391],[129.9922,32.820025],[129.992138,32.819508],[129.991563,32.817975],[129.991375,32.817325],[129.9914,32.8164],[129.991275,32.815909],[129.990888,32.815459],[129.990238,32.814825],[129.990026,32.814467],[129.989901,32.814017],[129.989601,32.813409],[129.989338,32.812984],[129.989326,32.812601],[129.989451,32.812326],[129.989651,32.812126],[129.990063,32.811942],[129.990526,32.811851],[129.990738,32.811642],[129.990551,32.811284],[129.990338,32.810992],[129.990276,32.810542],[129.990276,32.809934],[129.990213,32.809351],[129.990226,32.808493],[129.990313,32.808351],[129.990788,32.808176],[129.991138,32.807993],[129.991226,32.807743],[129.991076,32.807426],[129.990888,32.806818],[129.989513,32.806918],[129.988951,32.806918],[129.988388,32.806743],[129.987651,32.806384],[129.987301,32.806251],[129.986889,32.806384],[129.986564,32.806618],[129.986014,32.807093],[129.985776,32.807434],[129.985551,32.807976],[129.985176,32.808334],[129.984651,32.808476],[129.983301,32.809317],[129.982514,32.809567],[129.982101,32.809842],[129.981689,32.810201],[129.980414,32.810842],[129.980176,32.811342],[129.979976,32.812042],[129.979401,32.8136],[129.979414,32.814792],[129.979339,32.815334],[129.979189,32.815559],[129.978789,32.816033],[129.978376,32.81635],[129.978089,32.816783],[129.977914,32.817392],[129.977593,32.817573],[129.977126,32.817667],[129.976414,32.8174],[129.976276,32.817533],[129.975952,32.817967],[129.975602,32.818333],[129.97547,32.818472],[129.975072,32.818185],[129.974764,32.817317],[129.974414,32.817025],[129.973439,32.816375],[129.972789,32.815708],[129.971864,32.815192],[129.970877,32.814544],[129.970327,32.814342],[129.97004,32.81405],[129.969377,32.812925],[129.969115,32.8127],[129.96849,32.8125],[129.96714,32.812175],[129.966752,32.811834],[129.966303,32.811542],[129.96474,32.811126],[129.963915,32.810992],[129.96339,32.810951],[129.962865,32.810776],[129.962328,32.810551],[129.961353,32.810376],[129.961215,32.810692],[129.961003,32.810667],[129.959953,32.810476],[129.959716,32.810492],[129.959741,32.810792],[129.959866,32.811126],[129.959903,32.811467],[129.959816,32.811867],[129.959403,32.812392],[129.959091,32.812525],[129.958378,32.8121],[129.957703,32.811792],[129.957166,32.811909],[129.956991,32.8122],[129.956591,32.813309],[129.955928,32.8143],[129.955791,32.814867],[129.955553,32.815542],[129.955216,32.816108],[129.954778,32.816516],[129.954341,32.816725],[129.954078,32.816925],[129.953516,32.81745],[129.953103,32.81745],[129.952403,32.817408],[129.951666,32.817458],[129.950816,32.817325],[129.950691,32.817483],[129.950553,32.817983],[129.950416,32.818724],[129.950103,32.819583],[129.949691,32.819633],[129.949216,32.819616],[129.948666,32.819733],[129.948391,32.819683],[129.947779,32.819283],[129.947154,32.818949],[129.946304,32.819199],[129.945541,32.819358],[129.944891,32.819316],[129.944304,32.819116],[129.943654,32.818808],[129.943067,32.818183],[129.942228,32.816426],[129.941582,32.81518],[129.941305,32.814026],[129.941212,32.81301],[129.940981,32.811071],[129.941305,32.809225],[129.94172,32.807378],[129.94172,32.806316],[129.941997,32.805209],[129.942598,32.803639],[129.943106,32.802762],[129.943477,32.801467],[129.943541,32.800543],[129.943413,32.799555],[129.943158,32.798153],[129.943254,32.796273],[129.943254,32.794838],[129.943028,32.791047],[129.942928,32.787219],[129.943299,32.784016],[129.944339,32.780407],[129.945747,32.776554],[129.947827,32.77264],[129.950152,32.76787],[129.951927,32.764139],[129.953144,32.761811],[129.951331,32.76093],[129.949543,32.760538],[129.947406,32.758963],[129.947319,32.758788],[129.946856,32.756314],[129.946319,32.755614],[129.946431,32.755455],[129.947044,32.754889],[129.947806,32.753806],[129.948206,32.753364],[129.948494,32.753056],[129.949131,32.753289],[129.949144,32.753364],[129.949006,32.753614],[129.948944,32.753839],[129.948681,32.754297],[129.948456,32.754456],[129.948369,32.754564],[129.948394,32.754697],[129.948519,32.754839],[129.948669,32.754906],[129.948844,32.754881],[129.949368,32.754647],[129.949743,32.754197],[129.949881,32.753839],[129.950143,32.753364],[129.950343,32.752814],[129.950506,32.752206],[129.950918,32.751231],[129.952018,32.749723],[129.952581,32.749548],[129.953018,32.749181],[129.953118,32.748731],[129.953231,32.747948],[129.953631,32.747631],[129.953743,32.747581],[129.954143,32.747198],[129.954556,32.746482],[129.955043,32.745082],[129.955468,32.744657],[129.956031,32.743998],[129.956606,32.743215],[129.956568,32.742807],[129.956656,32.74249],[129.956468,32.741974],[129.956043,32.741632],[129.955556,32.74134],[129.955231,32.74089],[129.955018,32.740324],[129.954506,32.740032],[129.953831,32.739782],[129.953294,32.739215],[129.953194,32.738699],[129.953194,32.738049],[129.953331,32.737616],[129.953381,32.737232],[129.952981,32.736466],[129.952706,32.736282],[129.952144,32.736599],[129.951631,32.736507],[129.951069,32.736257],[129.950719,32.735741],[129.950531,32.735741],[129.950456,32.736057],[129.950106,32.736216],[129.949344,32.735924],[129.948994,32.735699],[129.948706,32.735649],[129.948569,32.736082],[129.948356,32.736124],[129.948194,32.735924],[129.947944,32.735716],[129.947794,32.735782],[129.947819,32.736007],[129.947407,32.736032],[129.946844,32.736124],[129.946232,32.735941],[129.945694,32.735741],[129.945232,32.735107],[129.944807,32.734724],[129.944407,32.734674],[129.944294,32.734649],[129.943544,32.733882],[129.942919,32.733657],[129.942732,32.733707],[129.942219,32.733407],[129.941582,32.732824],[129.940957,32.732349],[129.940645,32.731941],[129.939732,32.730433],[129.939457,32.729824],[129.939407,32.729233],[129.939645,32.728358],[129.940157,32.728425],[129.939995,32.728808],[129.940157,32.728783],[129.940832,32.728541],[129.94172,32.728133],[129.942445,32.72755],[129.94307,32.726875],[129.943395,32.72635],[129.943145,32.725883],[129.942645,32.725475],[129.941995,32.725133],[129.941482,32.724792],[129.940757,32.724525],[129.939845,32.724117],[129.93907,32.723667],[129.93847,32.7231],[129.937945,32.722492],[129.937695,32.721975],[129.937858,32.720775],[129.93767,32.720825],[129.937295,32.720975],[129.936495,32.720933],[129.93552,32.719875],[129.935795,32.719717],[129.93577,32.719267],[129.935333,32.718967],[129.935333,32.718859],[129.935471,32.718584],[129.934883,32.718409],[129.934583,32.71795],[129.934071,32.71755],[129.933596,32.717434],[129.933246,32.717567],[129.932971,32.718134],[129.932621,32.71865],[129.932321,32.718992],[129.932271,32.7198],[129.932021,32.720433],[129.931808,32.720817],[129.931783,32.721175],[129.931483,32.721608],[129.931508,32.722167],[129.931858,32.722933],[129.931696,32.723],[129.930621,32.723291],[129.930496,32.723091],[129.929258,32.723],[129.929358,32.7223],[129.929171,32.721808],[129.928234,32.721491],[129.927696,32.721175],[129.928209,32.721017],[129.927809,32.720092],[129.927271,32.72025],[129.927596,32.719817],[129.927834,32.719617],[129.928446,32.719525],[129.928771,32.719433],[129.928884,32.719033],[129.928696,32.718667],[129.928234,32.718125],[129.927134,32.7179],[129.926971,32.717808],[129.926571,32.717333],[129.926471,32.716909],[129.926596,32.716659],[129.926659,32.716684],[129.926821,32.716642],[129.926921,32.7165],[129.926796,32.716409],[129.926634,32.716434],[129.926546,32.716342],[129.926796,32.716142],[129.927871,32.716075],[129.928221,32.715892],[129.928134,32.7156],[129.927309,32.714792],[129.926684,32.714409],[129.926172,32.713884],[129.926147,32.713592],[129.926309,32.713484],[129.926822,32.713409],[129.926847,32.713301],[129.926797,32.712917],[129.926097,32.712217],[129.926072,32.711992],[129.926309,32.711809],[129.926659,32.711701],[129.926659,32.711634],[129.926472,32.711426],[129.926209,32.711226],[129.926134,32.710792],[129.926209,32.710526],[129.926772,32.710301],[129.926859,32.710101],[129.926747,32.709917],[129.926484,32.709959],[129.926234,32.709959],[129.925859,32.709801],[129.925859,32.709734],[129.926047,32.709442],[129.926347,32.709351],[129.926647,32.709126],[129.926647,32.708951],[129.926484,32.708543],[129.926047,32.708293],[129.925672,32.708026],[129.925522,32.707726],[129.925272,32.707634],[129.924872,32.707859],[129.924334,32.708109],[129.923635,32.708151],[129.923422,32.707976],[129.923122,32.707409],[129.922797,32.707051],[129.922397,32.706709],[129.92156,32.706776],[129.921347,32.706826],[129.920972,32.707201],[129.92086,32.707743],[129.920572,32.707993],[129.920035,32.708109],[129.919685,32.708018],[129.919197,32.707993],[129.918522,32.708217],[129.91826,32.708509],[129.918497,32.708984],[129.91766,32.709476],[129.917522,32.709476],[129.917123,32.709234],[129.916773,32.709076],[129.916448,32.709076],[129.915998,32.709634],[129.915998,32.710151],[129.915885,32.710376],[129.915235,32.710492],[129.915323,32.711592],[129.91456,32.712067],[129.913835,32.71245],[129.913223,32.712542],[129.913098,32.712175],[129.913135,32.712034],[129.913148,32.711909],[129.91316,32.711667],[129.913185,32.711492],[129.913098,32.711317],[129.913048,32.711176],[129.91301,32.711084],[129.91306,32.710959],[129.91306,32.710701],[129.913048,32.710592],[129.913035,32.710526],[129.912935,32.710459],[129.91281,32.710409],[129.91281,32.708176],[129.913735,32.707651],[129.91366,32.707467],[129.91466,32.706976],[129.914548,32.706501],[129.913073,32.706659],[129.913023,32.706518],[129.912535,32.706568],[129.911998,32.706251],[129.911298,32.706293],[129.911161,32.704484],[129.911273,32.704468],[129.911248,32.703809],[129.911461,32.703268],[129.911336,32.703184],[129.911573,32.702685],[129.913236,32.703093],[129.914098,32.703135],[129.91496,32.704401],[129.915435,32.704493],[129.915548,32.704401],[129.914448,32.702735],[129.914635,32.70201],[129.914823,32.701493],[129.914936,32.700476],[129.915335,32.700476],[129.915473,32.700093],[129.915885,32.699576],[129.915985,32.699127],[129.91591,32.698585],[129.915536,32.697777],[129.914998,32.697368],[129.914536,32.696935],[129.914411,32.696485],[129.914761,32.694927],[129.914711,32.694252],[129.914523,32.693619],[129.914223,32.693102],[129.913798,32.692494],[129.913536,32.691885],[129.913123,32.691344],[129.912698,32.690869],[129.912249,32.689827],[129.911811,32.689377],[129.911299,32.689269],[129.911036,32.689061],[129.910849,32.688502],[129.910774,32.687911],[129.910586,32.687369],[129.910236,32.686894],[129.909861,32.686561],[129.909511,32.686536],[129.909136,32.686602],[129.908786,32.686311],[129.908599,32.685861],[129.908461,32.685386],[129.908786,32.685361],[129.908811,32.685228],[129.908711,32.685028],[129.908575,32.684877],[129.908411,32.684778],[129.908086,32.684778],[129.907899,32.684978],[129.907474,32.684952],[129.906636,32.684594],[129.906312,32.684094],[129.905699,32.682969],[129.905562,32.682811],[129.904549,32.682153],[129.904121,32.68175],[129.903687,32.681361],[129.902637,32.680278],[129.901999,32.679736],[129.901649,32.679178],[129.901462,32.67857],[129.901387,32.678003],[129.901487,32.677711],[129.901999,32.677145],[129.902112,32.67697],[129.902012,32.676286],[129.901762,32.675811],[129.901799,32.675345],[129.902012,32.674753],[129.902124,32.674212],[129.901449,32.67347],[129.901212,32.672862],[129.90105,32.672587],[129.900775,32.671962],[129.900437,32.671487],[129.899862,32.67112],[129.899387,32.670695],[129.899087,32.670262],[129.898975,32.670037],[129.898862,32.669887],[129.898662,32.669845],[129.898525,32.669704],[129.898112,32.66942],[129.897625,32.669262],[129.897162,32.668779],[129.896825,32.668887],[129.896737,32.668862],[129.896425,32.668504],[129.895975,32.667745],[129.895437,32.666945],[129.895175,32.666029],[129.895188,32.665487],[129.895063,32.664762],[129.8952,32.664329],[129.89525,32.663829],[129.895388,32.663629],[129.896,32.662979],[129.8961,32.662712],[129.895913,32.661796],[129.89575,32.661696],[129.895188,32.661779],[129.8949,32.661704],[129.894538,32.661529],[129.89435,32.661304],[129.89425,32.661029],[129.894238,32.660654],[129.894125,32.660546],[129.893838,32.660713],[129.893763,32.660663],[129.89375,32.660346],[129.893613,32.660304],[129.893525,32.660329],[129.893438,32.660521],[129.8933,32.660679],[129.893063,32.660713],[129.89245,32.660379],[129.892013,32.660288],[129.891825,32.660104],[129.8916,32.659613],[129.890963,32.658554],[129.89065,32.658229],[129.889363,32.657671],[129.888001,32.656521],[129.887751,32.656046],[129.887438,32.656063],[129.887176,32.65618],[129.886826,32.65608],[129.886126,32.655463],[129.885901,32.65533],[129.885513,32.655346],[129.884863,32.654613],[129.884276,32.653471],[129.883676,32.652555],[129.883451,32.652513],[129.882489,32.652821],[129.882176,32.652996],[129.881751,32.653105],[129.881339,32.653121],[129.881076,32.653038],[129.880776,32.652988],[129.879989,32.653113],[129.879576,32.653263],[129.879214,32.65343],[129.879001,32.65358],[129.878614,32.653605],[129.877689,32.653371],[129.877414,32.653105],[129.877201,32.652555],[129.877001,32.652171],[129.876789,32.651963],[129.876189,32.651696],[129.875789,32.651588],[129.875377,32.651605],[129.874039,32.651905],[129.873677,32.651855],[129.872902,32.65133],[129.872777,32.651238],[129.872677,32.651196],[129.872152,32.650796],[129.871964,32.650571],[129.871964,32.650188],[129.871902,32.649846],[129.871952,32.649422],[129.871902,32.648363],[129.872039,32.648022],[129.872452,32.647463],[129.872727,32.647213],[129.872977,32.646988],[129.873139,32.646755],[129.873402,32.646463],[129.873402,32.646347],[129.873339,32.646214],[129.873289,32.645889],[129.873227,32.645772],[129.872978,32.645884],[129.872747,32.645976],[129.872414,32.645997],[129.872039,32.645797],[129.871977,32.645572],[129.872002,32.64528],[129.872064,32.645189],[129.872089,32.644822],[129.87179,32.644447],[129.871652,32.644239],[129.871427,32.644264],[129.87124,32.64433],[129.870965,32.644489],[129.870765,32.64478],[129.870802,32.645189],[129.870602,32.645455],[129.870527,32.645888],[129.87019,32.64618],[129.870077,32.64643],[129.869777,32.646588],[129.869315,32.646722],[129.868902,32.646522],[129.86879,32.646455],[129.868427,32.646113],[129.868307,32.645937],[129.86824,32.645663],[129.86819,32.645413],[129.868127,32.645372],[129.867852,32.645463],[129.867715,32.645572],[129.867665,32.645505],[129.86764,32.645172],[129.867665,32.644764],[129.86749,32.644447],[129.867252,32.644447],[129.867115,32.644514],[129.866777,32.644764],[129.866502,32.644855],[129.866402,32.644805],[129.866527,32.644155],[129.866477,32.644022],[129.866177,32.643889],[129.865961,32.643819],[129.865765,32.643747],[129.86524,32.643755],[129.864853,32.643839],[129.864578,32.644064],[129.864203,32.644538],[129.863428,32.644922],[129.863065,32.645197],[129.862828,32.645305],[129.862578,32.645263],[129.86214,32.645013],[129.861728,32.64463],[129.86164,32.644247],[129.861365,32.643597],[129.861478,32.64328],[129.86139,32.643014],[129.861203,32.642922],[129.860953,32.642964],[129.860403,32.643039],[129.860015,32.643039],[129.85919,32.643488],[129.858728,32.64353],[129.858615,32.643513],[129.85804,32.643288],[129.857153,32.642838],[129.856803,32.642522],[129.856628,32.641939],[129.856603,32.641597],[129.856441,32.640947],[129.856441,32.640739],[129.856103,32.64063],[129.855753,32.640672],[129.855366,32.640805],[129.854978,32.64058],[129.854491,32.640764],[129.853941,32.640747],[129.853391,32.640672],[129.853191,32.640605],[129.852728,32.639997],[129.852591,32.639439],[129.852453,32.639164],[129.852291,32.639122],[129.852228,32.638855],[129.851978,32.638805],[129.851629,32.638855],[129.851491,32.638989],[129.851429,32.639239],[129.851266,32.63948],[129.850716,32.639689],[129.850279,32.639572],[129.849679,32.63928],[129.849454,32.639039],[129.849341,32.638764],[129.849204,32.638672],[129.849266,32.638764],[129.848991,32.639014],[129.848791,32.639122],[129.848104,32.638922],[129.847754,32.63863],[129.847529,32.638314],[129.847204,32.638089],[129.846679,32.638005],[129.846154,32.637955],[129.845904,32.638072],[129.845191,32.638614],[129.844666,32.63893],[129.844454,32.638997],[129.844066,32.639222],[129.843329,32.639738],[129.842442,32.640213],[129.842029,32.640505],[129.841954,32.640913],[129.841729,32.641072],[129.841454,32.641138],[129.841242,32.64123],[129.840117,32.641863],[129.839804,32.641905],[129.839092,32.64173],[129.838679,32.641521],[129.838192,32.64123],[129.837717,32.640805],[129.837354,32.640305],[129.836917,32.639472],[129.836667,32.638847],[129.836892,32.638438],[129.838654,32.637222],[129.838979,32.63688],[129.839029,32.636747],[129.839004,32.63668],[129.838367,32.636164],[129.837629,32.635372],[129.837379,32.635355],[129.837304,32.635397],[129.836967,32.635464],[129.836504,32.635039],[129.836004,32.634297],[129.835342,32.633397],[129.83493,32.632647],[129.834767,32.63218],[129.836254,32.629831],[129.836467,32.629631],[129.836629,32.629381],[129.83578,32.628056],[129.835342,32.626922],[129.835167,32.626323],[129.835092,32.625506],[129.835192,32.624806],[129.83533,32.624473],[129.835555,32.624089],[129.835967,32.623523],[129.837005,32.622623],[129.83726,32.622355],[129.837505,32.622148],[129.837855,32.621698],[129.83783,32.62129],[129.837642,32.620998],[129.836817,32.620373],[129.836317,32.620098],[129.83588,32.61994],[129.83533,32.619831],[129.834617,32.619765],[129.834342,32.619698],[129.833492,32.618906],[129.833242,32.618615],[129.832967,32.618123],[129.832692,32.617373],[129.832717,32.616607],[129.832418,32.616048],[129.832168,32.615465],[129.831968,32.615123],[129.83153,32.614673],[129.831393,32.614582],[129.831068,32.614157],[129.83048,32.613273],[129.830043,32.612807],[129.82988,32.612715],[129.82938,32.612532],[129.828968,32.612332],[129.82853,32.61204],[129.82828,32.611924],[129.82738,32.61134],[129.827018,32.611207],[129.826493,32.611115],[129.826143,32.61089],[129.82587,32.610732],[129.825531,32.610557],[129.825068,32.610215],[129.824681,32.61004],[129.823968,32.609607],[129.823581,32.609224],[129.823056,32.608465],[129.822918,32.608057],[129.822756,32.606907],[129.822506,32.606366],[129.822318,32.606116],[129.821843,32.605705],[129.821631,32.605532],[129.820993,32.605132],[129.820393,32.604832],[129.819543,32.604499],[129.818719,32.603957],[129.818244,32.603399],[129.818056,32.603082],[129.817806,32.602966],[129.817256,32.602807],[129.816594,32.602699],[129.816019,32.602341],[129.815581,32.601957],[129.814781,32.601391],[129.814506,32.601007],[129.814119,32.600291],[129.813931,32.600199],[129.813794,32.600199],[129.813681,32.600291],[129.813106,32.600174],[129.812744,32.599974],[129.812257,32.599499],[129.811732,32.598849],[129.811507,32.598424],[129.811207,32.598199],[129.810957,32.597924],[129.810082,32.596758],[129.809757,32.59615],[129.809669,32.595783],[129.809807,32.5954],[129.809832,32.594908],[129.809532,32.594616],[129.809207,32.594408],[129.808844,32.594341],[129.808432,32.594183],[129.807332,32.593691],[129.806807,32.593375],[129.805545,32.592633],[129.805495,32.592475],[129.805495,32.5923],[129.805508,32.59208],[129.805495,32.591866],[129.805382,32.5916],[129.804995,32.591375],[129.80422,32.590675],[129.803732,32.590583],[129.802332,32.590225],[129.80192,32.590183],[129.801282,32.589892],[129.800157,32.589283],[129.799608,32.58885],[129.799283,32.588692],[129.79857,32.588425],[129.79752,32.588133],[129.797195,32.588092],[129.79697,32.588025],[129.796439,32.587552],[129.795958,32.58735],[129.79557,32.587075],[129.795545,32.587008],[129.795408,32.586892],[129.795158,32.58685],[129.795045,32.586808],[129.794958,32.586708],[129.79497,32.586508],[129.79487,32.586375],[129.79462,32.586034],[129.794445,32.586034],[129.794295,32.586009],[129.793845,32.586092],[129.793645,32.586025],[129.793495,32.585892],[129.793121,32.585684],[129.792921,32.585659],[129.792621,32.58575],[129.792071,32.585659],[129.791608,32.58565],[129.791158,32.585675],[129.790758,32.585575],[129.789696,32.585034],[129.789596,32.584892],[129.789058,32.584909],[129.788658,32.5848],[129.787671,32.584275],[129.787171,32.583934],[129.786171,32.583609],[129.786071,32.583467],[129.785946,32.58315],[129.785796,32.583017],[129.785471,32.58295],[129.785121,32.582967],[129.784921,32.582875],[129.784736,32.582819],[129.784596,32.582742],[129.784984,32.582067],[129.785084,32.581775],[129.784484,32.581767],[129.784384,32.581884],[129.783546,32.583134],[129.783396,32.583159],[129.782434,32.583359],[129.782084,32.583667],[129.781559,32.583642],[129.780909,32.583392],[129.780609,32.583342],[129.779859,32.583],[129.779459,32.582617],[129.779197,32.58205],[129.778922,32.581367],[129.778772,32.580759],[129.778784,32.580442],[129.778809,32.579717],[129.778972,32.578726],[129.779559,32.577176],[129.779797,32.576909],[129.779972,32.576818],[129.780247,32.576751],[129.780497,32.576776],[129.780847,32.576893],[129.780872,32.576959],[129.780834,32.577343],[129.782196,32.577601],[129.782184,32.577801],[129.782609,32.577876],[129.782721,32.577743],[129.783759,32.578084],[129.783971,32.578084],[129.784221,32.577659],[129.784396,32.577168],[129.784484,32.576851],[129.784109,32.576484],[129.783834,32.576393],[129.783609,32.576209],[129.783584,32.576143],[129.783734,32.575743],[129.783759,32.575584],[129.783609,32.575534],[129.783384,32.575493],[129.783234,32.575893],[129.783109,32.576209],[129.781659,32.576018],[129.781334,32.575951],[129.781184,32.575968],[129.781047,32.576018],[129.780934,32.575943],[129.780709,32.575584],[129.780684,32.575309],[129.780784,32.575001],[129.780909,32.574859],[129.781309,32.574776],[129.781597,32.574668],[129.781897,32.574618],[129.782372,32.574668],[129.782572,32.574651],[129.782647,32.574493],[129.782597,32.574268],[129.782297,32.573901],[129.782272,32.573676],[129.782559,32.573585],[129.782984,32.57361],[129.783134,32.573593],[129.783184,32.573501],[129.783134,32.573393],[129.782984,32.573185],[129.782734,32.573026],[129.782509,32.57296],[129.782209,32.572818],[129.782084,32.57266],[129.782009,32.57241],[129.781897,32.572118],[129.781547,32.571777],[129.781322,32.57166],[129.781097,32.571752],[129.780947,32.57186],[129.780534,32.571993],[129.780559,32.57236],[129.780559,32.572626],[129.780634,32.572943],[129.780609,32.573168],[129.780522,32.573393],[129.780397,32.573551],[129.780222,32.573618],[129.779947,32.573635],[129.779697,32.573593],[129.779222,32.57341],[129.779097,32.573426],[129.778647,32.573876],[129.778534,32.574218],[129.778534,32.574418],[129.778659,32.574618],[129.778784,32.574709],[129.779109,32.574651],[129.779634,32.574759],[129.779734,32.574851],[129.779784,32.574851],[129.779547,32.575601],[129.779297,32.575934],[129.778647,32.576584],[129.778134,32.577259],[129.777497,32.577701],[129.775984,32.578959],[129.775559,32.579292],[129.773985,32.58075],[129.773385,32.581109],[129.772272,32.581642],[129.770897,32.582242],[129.769735,32.582775],[129.76846,32.583075],[129.76821,32.583058],[129.767685,32.582891],[129.767385,32.582866],[129.766898,32.582958],[129.766348,32.582925],[129.765923,32.582975],[129.765548,32.58315],[129.765173,32.583191],[129.764748,32.583191],[129.763698,32.583116],[129.763398,32.583066],[129.762548,32.582633],[129.762123,32.582541],[129.761898,32.58245],[129.760223,32.581625],[129.759998,32.581325],[129.759898,32.581125],[129.759936,32.580717],[129.759886,32.580517],[129.759736,32.580333],[129.759486,32.580283],[129.759411,32.580308],[129.758323,32.580616],[129.757924,32.580775],[129.757549,32.580858],[129.757149,32.580883],[129.756599,32.580808],[129.755474,32.5806],[129.755124,32.580483],[129.754449,32.580158],[129.753724,32.579908],[129.753299,32.579658],[129.752974,32.57925],[129.752837,32.578775],[129.752887,32.578483],[129.753137,32.5783],[129.753262,32.578125],[129.753162,32.577808],[129.752387,32.576242],[129.752337,32.576017],[129.752387,32.575817],[129.752562,32.5755],[129.752562,32.5753],[129.752087,32.574909],[129.752062,32.574909],[129.751687,32.575109],[129.751262,32.575175],[129.751087,32.575109],[129.750412,32.574834],[129.749862,32.574692],[129.749612,32.574692],[129.748787,32.574617],[129.747744,32.574666],[129.747287,32.574759],[129.746475,32.574842],[129.745875,32.57475],[129.745112,32.574559],[129.744787,32.574417],[129.744088,32.573875],[129.743725,32.573525],[129.743038,32.572667],[129.742588,32.572159],[129.7417,32.571375],[129.7411,32.570059],[129.740713,32.569634],[129.740463,32.569517],[129.739701,32.569359],[129.739113,32.569359],[129.738876,32.569451],[129.738726,32.569667],[129.738638,32.570142],[129.738751,32.570475],[129.738801,32.570867],[129.738776,32.57185],[129.738838,32.5724],[129.738838,32.572792],[129.738701,32.573009],[129.738338,32.573308],[129.738013,32.573658],[129.737751,32.574033],[129.737513,32.574508],[129.737276,32.575225],[129.737263,32.576075],[129.737438,32.577533],[129.737301,32.577916],[129.737126,32.578183],[129.736876,32.578458],[129.736251,32.578575],[129.736076,32.578908],[129.736013,32.579383],[129.736026,32.579741],[129.735976,32.580191],[129.735738,32.580374],[129.735601,32.580599],[129.735751,32.580916],[129.736001,32.581099],[129.736526,32.581091],[129.736676,32.581041],[129.737163,32.581658],[129.737263,32.581833],[129.7375,32.581949],[129.738063,32.582008],[129.738725,32.582224],[129.7391,32.582408],[129.7393,32.582799],[129.739313,32.583116],[129.739263,32.583207],[129.739363,32.583247],[129.74005,32.583382],[129.740738,32.583249],[129.741525,32.583274],[129.741987,32.583357],[129.742237,32.583507],[129.74265,32.583849],[129.743212,32.584816],[129.74335,32.585399],[129.743625,32.585574],[129.744537,32.585999],[129.744787,32.586207],[129.7454,32.586457],[129.745624,32.586666],[129.745737,32.586732],[129.746037,32.587165],[129.746087,32.587349],[129.746012,32.58764],[129.745799,32.58779],[129.745624,32.587882],[129.745549,32.587999],[129.745799,32.588107],[129.745949,32.588224],[129.745924,32.588382],[129.746074,32.588449],[129.746299,32.588524],[129.746549,32.588699],[129.746699,32.588932],[129.746974,32.588957],[129.747099,32.589024],[129.747149,32.589224],[129.747537,32.589699],[129.747744,32.589765],[129.747962,32.59004],[129.747987,32.590265],[129.747799,32.59049],[129.747612,32.590624],[129.747562,32.590765],[129.747662,32.590848],[129.747744,32.590865],[129.747804,32.590879],[129.747887,32.590898],[129.748562,32.590824],[129.748899,32.590965],[129.749199,32.591032],[129.749361,32.59114],[129.749361,32.591323],[129.749174,32.591432],[129.748836,32.591482],[129.748811,32.591573],[129.748699,32.591682],[129.748736,32.591732],[129.749011,32.591748],[129.749311,32.591957],[129.749499,32.59204],[129.749661,32.591973],[129.749886,32.592023],[129.749974,32.592065],[129.749886,32.592198],[129.749724,32.592357],[129.749836,32.592473],[129.750024,32.592357],[129.750049,32.592382],[129.750024,32.592498],[129.750186,32.592582],[129.751586,32.592315],[129.751924,32.592065],[129.751999,32.59184],[129.752161,32.59159],[129.752411,32.591324],[129.752911,32.591024],[129.753436,32.590982],[129.753836,32.590915],[129.754636,32.590549],[129.754973,32.590374],[129.755323,32.590057],[129.755461,32.589832],[129.755486,32.589699],[129.755436,32.58954],[129.754749,32.589449],[129.754561,32.589249],[129.754499,32.588999],[129.754524,32.588774],[129.754611,32.588549],[129.754799,32.588366],[129.754936,32.588166],[129.754936,32.587916],[129.754836,32.587507],[129.754611,32.587124],[129.754199,32.586724],[129.753899,32.586529],[129.753811,32.586474],[129.754111,32.586074],[129.754086,32.585982],[129.754199,32.585799],[129.754124,32.585507],[129.753999,32.585482],[129.753086,32.585657],[129.752736,32.585699],[129.752586,32.585632],[129.751574,32.584658],[129.751599,32.584566],[129.751949,32.584408],[129.751999,32.584408],[129.752161,32.583916],[129.752386,32.583916],[129.752486,32.583624],[129.752311,32.583483],[129.752361,32.583283],[129.752536,32.583283],[129.752636,32.582991],[129.752599,32.582291],[129.752574,32.582108],[129.752224,32.582108],[129.751849,32.582624],[129.751537,32.582649],[129.751349,32.581991],[129.752099,32.5817],[129.752162,32.581383],[129.752736,32.581258],[129.753199,32.582383],[129.753449,32.582974],[129.753336,32.583108],[129.753361,32.583291],[129.753561,32.583674],[129.754061,32.583499],[129.754261,32.583458],[129.754074,32.582733],[129.754174,32.5823],[129.754174,32.582283],[129.754574,32.582558],[129.754699,32.582733],[129.754924,32.583191],[129.755486,32.584074],[129.755536,32.584208],[129.755411,32.584341],[129.755436,32.584433],[129.755736,32.584483],[129.755861,32.584591],[129.755936,32.584683],[129.755761,32.584816],[129.755899,32.585249],[129.756099,32.585316],[129.756124,32.585608],[129.756274,32.585816],[129.756473,32.585974],[129.756673,32.586291],[129.756561,32.586707],[129.756261,32.586949],[129.756198,32.587032],[129.756236,32.587174],[129.756473,32.587599],[129.756611,32.587757],[129.756923,32.587866],[129.757498,32.587691],[129.757711,32.587666],[129.758123,32.588249],[129.757773,32.588366],[129.757548,32.588524],[129.757498,32.588791],[129.757548,32.589082],[129.758023,32.589557],[129.758073,32.589849],[129.757886,32.58999],[129.757773,32.590149],[129.758023,32.59089],[129.758023,32.591157],[129.757886,32.591207],[129.756423,32.591299],[129.756261,32.591249],[129.756123,32.59114],[129.756311,32.590915],[129.756511,32.590532],[129.756473,32.590324],[129.756123,32.58999],[129.755898,32.590032],[129.755761,32.590307],[129.755736,32.590574],[129.755461,32.591232],[129.755273,32.59134],[129.754861,32.591457],[129.754386,32.591499],[129.754061,32.59159],[129.753736,32.591857],[129.753399,32.59224],[129.753352,32.592318],[129.753299,32.592398],[129.753211,32.59254],[129.753261,32.592607],[129.753349,32.592623],[129.753624,32.592515],[129.753836,32.592557],[129.754361,32.592582],[129.755111,32.592307],[129.755548,32.592199],[129.755961,32.592174],[129.756373,32.59224],[129.756448,32.59229],[129.756536,32.592623],[129.756836,32.592898],[129.757273,32.593207],[129.757473,32.593507],[129.757636,32.593573],[129.757911,32.593548],[129.758298,32.593365],[129.758536,32.59339],[129.759523,32.594132],[129.759998,32.594265],[129.760898,32.594448],[129.761285,32.594698],[129.761373,32.59474],[129.76186,32.594698],[129.76236,32.594515],[129.762848,32.594423],[129.763123,32.594423],[129.76381,32.59449],[129.76431,32.594582],[129.765022,32.594648],[129.766372,32.59489],[129.76711,32.595098],[129.767585,32.595257],[129.76816,32.595565],[129.768922,32.596132],[129.769397,32.596423],[129.769641,32.59663],[129.769972,32.596848],[129.770084,32.596873],[129.770659,32.597323],[129.771284,32.59789],[129.771422,32.598273],[129.771972,32.598832],[129.772222,32.59924],[129.772034,32.599532],[129.772084,32.599598],[129.772422,32.599532],[129.772797,32.599507],[129.773184,32.599307],[129.773346,32.599307],[129.773409,32.599573],[129.773646,32.59994],[129.773959,32.600007],[129.774334,32.599865],[129.774371,32.599757],[129.774584,32.599623],[129.775059,32.599532],[129.775334,32.59969],[129.775959,32.600382],[129.776209,32.60104],[129.776321,32.601623],[129.776534,32.602098],[129.777146,32.602506],[129.777496,32.602798],[129.777771,32.603198],[129.777971,32.603248],[129.778246,32.603115],[129.778683,32.603106],[129.779008,32.602973],[129.779308,32.60304],[129.779533,32.603448],[129.779808,32.603673],[129.780408,32.604006],[129.78065,32.60402],[129.780883,32.603965],[129.781021,32.60394],[129.781758,32.605115],[129.782258,32.605948],[129.782721,32.606981],[129.782921,32.607656],[129.782396,32.608448],[129.782121,32.608606],[129.780958,32.608948],[129.780583,32.609039],[129.779896,32.609106],[129.779646,32.609214],[129.779508,32.609489],[129.779458,32.609889],[129.779146,32.610189],[129.779071,32.610389],[129.779096,32.610656],[129.779233,32.610931],[129.779458,32.611089],[129.779808,32.611222],[129.780146,32.611222],[129.780696,32.611131],[129.781271,32.611314],[129.781683,32.611381],[129.782558,32.611847],[129.782833,32.612097],[129.782973,32.612299],[129.783295,32.612389],[129.784158,32.612189],[129.78462,32.612214],[129.785033,32.612322],[129.785858,32.612347],[129.786108,32.612206],[129.786758,32.612097],[129.78717,32.611872],[129.787533,32.611781],[129.787833,32.611822],[129.78822,32.611981],[129.788545,32.612231],[129.78872,32.612456],[129.788608,32.612656],[129.788358,32.612906],[129.787858,32.613172],[129.787645,32.613406],[129.787808,32.613831],[129.788033,32.614147],[129.788133,32.614239],[129.788745,32.614306],[129.789183,32.614214],[129.78937,32.614147],[129.789957,32.614389],[129.790445,32.614506],[129.79067,32.614522],[129.790745,32.614664],[129.790857,32.614956],[129.79092,32.616105],[129.790882,32.616214],[129.790607,32.61658],[129.790532,32.61703],[129.790645,32.61748],[129.790807,32.617905],[129.790945,32.619055],[129.790807,32.620338],[129.790807,32.620722],[129.790895,32.620855],[129.791582,32.620763],[129.791745,32.620905],[129.791932,32.621488],[129.792045,32.622055],[129.792045,32.622455],[129.791932,32.622838],[129.791445,32.62343],[129.791382,32.623763],[129.791307,32.623947],[129.79142,32.624213],[129.791557,32.624421],[129.791495,32.62503],[129.791357,32.625321],[129.791082,32.625571],[129.790904,32.625722],[129.790633,32.625773],[129.79042,32.62568],[129.790257,32.625613],[129.790207,32.62568],[129.790157,32.625996],[129.790045,32.626246],[129.790095,32.626446],[129.790295,32.626788],[129.790395,32.626855],[129.790595,32.626855],[129.791257,32.627121],[129.791945,32.627188],[129.79232,32.62728],[129.79287,32.627821],[129.793257,32.628071],[129.79372,32.628138],[129.793807,32.628605],[129.793807,32.629104],[129.793757,32.629579],[129.793532,32.629754],[129.793086,32.629859],[129.792657,32.629754],[129.79232,32.629804],[129.792106,32.629838],[129.791915,32.629928],[129.791745,32.630004],[129.791695,32.630029],[129.791695,32.630188],[129.791832,32.630479],[129.792382,32.631154],[129.792457,32.631288],[129.792682,32.631354],[129.79287,32.631471],[129.79312,32.631763],[129.793507,32.632371],[129.793782,32.632596],[129.794144,32.632796],[129.794657,32.633046],[129.795069,32.633404],[129.795407,32.633588],[129.795554,32.633744],[129.795932,32.634104],[129.796119,32.634104],[129.796394,32.633988],[129.796619,32.634038],[129.796869,32.634529],[129.797032,32.634779],[129.797244,32.634937],[129.797332,32.635046],[129.797282,32.635346],[129.797144,32.635637],[129.796757,32.636112],[129.796457,32.636271],[129.796094,32.636354],[129.796044,32.636404],[129.796144,32.636579],[129.796225,32.636711],[129.796282,32.636804],[129.796369,32.636946],[129.796619,32.636854],[129.796807,32.636696],[129.796944,32.636671],[129.797244,32.636829],[129.797444,32.636987],[129.797357,32.637396],[129.797494,32.637596],[129.797794,32.637596],[129.798294,32.637479],[129.798681,32.637821],[129.798794,32.638296],[129.798731,32.638612],[129.798544,32.63897],[129.798269,32.639379],[129.798319,32.639604],[129.798544,32.639712],[129.798844,32.639979],[129.798981,32.640029],[129.799319,32.640004],[129.799619,32.640054],[129.800244,32.639962],[129.800606,32.640029],[129.800694,32.640137],[129.800494,32.640362],[129.800831,32.640454],[129.801106,32.640412],[129.801344,32.64032],[129.801544,32.64032],[129.801619,32.640562],[129.801519,32.640795],[129.801106,32.640795],[129.800994,32.640995],[129.801011,32.641073],[129.801019,32.641179],[129.800994,32.641337],[129.801131,32.641404],[129.801869,32.64142],[129.802031,32.641579],[129.802344,32.642079],[129.802506,32.642687],[129.802781,32.64302],[129.802669,32.64322],[129.802481,32.643312],[129.802169,32.64352],[129.802119,32.643587],[129.802119,32.643745],[129.802556,32.643904],[129.802618,32.643945],[129.802668,32.644262],[129.802806,32.644462],[129.803056,32.64442],[129.803331,32.644262],[129.803631,32.644528],[129.803581,32.64507],[129.803606,32.645187],[129.803768,32.64532],[129.803793,32.645495],[129.803906,32.64572],[129.803743,32.64602],[129.803931,32.646062],[129.804131,32.646062],[129.804456,32.646153],[129.804706,32.646403],[129.804681,32.646603],[129.804568,32.646737],[129.804206,32.64687],[129.803768,32.646987],[129.803556,32.64712],[129.803581,32.647253],[129.804043,32.647478],[129.804106,32.647553],[129.804106,32.64762],[129.803718,32.647862],[129.803493,32.647912],[129.802981,32.647937],[129.802706,32.648095],[129.802843,32.648403],[129.803881,32.64847],[129.804381,32.64872],[129.804843,32.649078],[129.805093,32.649353],[129.805506,32.649645],[129.806031,32.649845],[129.806606,32.650203],[129.807105,32.650611],[129.807205,32.650745],[129.807155,32.651195],[129.80738,32.65187],[129.807543,32.652161],[129.807518,32.652411],[129.807568,32.652845],[129.80818,32.653903],[129.808455,32.653986],[129.808743,32.654057],[129.808893,32.654195],[129.808868,32.654511],[129.808918,32.654578],[129.808968,32.655295],[129.80903,32.655428],[129.80928,32.655411],[129.809443,32.655478],[129.80983,32.655811],[129.810218,32.655994],[129.81063,32.656086],[129.811005,32.656103],[129.811205,32.656086],[129.811555,32.655928],[129.812268,32.655311],[129.812493,32.655086],[129.812559,32.655021],[129.812665,32.654926],[129.812793,32.65482],[129.813618,32.654303],[129.813543,32.654161],[129.813593,32.653986],[129.814367,32.653461],[129.814692,32.653395],[129.815405,32.653553],[129.815905,32.653711],[129.816342,32.653895],[129.81673,32.654186],[129.81698,32.654453],[129.817167,32.654836],[129.817255,32.655128],[129.817217,32.655286],[129.817167,32.655378],[129.816805,32.655645],[129.81653,32.655736],[129.81618,32.655511],[129.816117,32.655511],[129.816067,32.655895],[129.81593,32.656186],[129.815955,32.656345],[129.816892,32.656911],[129.817117,32.657111],[129.817305,32.657453],[129.817305,32.657811],[129.81723,32.657878],[129.81698,32.657995],[129.81698,32.658286],[129.817367,32.65892],[129.81748,32.659211],[129.817342,32.659953],[129.817255,32.660044],[129.817092,32.659911],[129.816842,32.659819],[129.816817,32.659836],[129.816867,32.660044],[129.817092,32.660536],[129.817167,32.661103],[129.817667,32.662953],[129.817692,32.663311],[129.817367,32.663669],[129.816905,32.663919],[129.816792,32.664077],[129.816905,32.664211],[129.817505,32.664661],[129.817842,32.665111],[129.817867,32.665227],[129.817729,32.666036],[129.817642,32.666219],[129.817092,32.666461],[129.817042,32.666536],[129.817067,32.666669],[129.817204,32.666827],[129.817504,32.667069],[129.817817,32.667727],[129.817817,32.667969],[129.817729,32.668402],[129.817454,32.669485],[129.817504,32.66966],[129.817479,32.669935],[129.817517,32.67031],[129.817404,32.670627],[129.817167,32.671644],[129.817004,32.672135],[129.816979,32.672519],[129.817167,32.672969],[129.817217,32.673035],[129.817217,32.673418],[129.817104,32.674077],[129.816917,32.67471],[129.816892,32.67516],[129.817479,32.675585],[129.817754,32.67631],[129.817692,32.67771],[129.817717,32.67816],[129.817804,32.678318],[129.818067,32.678543],[129.818204,32.67881],[129.818092,32.68021],[129.818179,32.68071],[129.818392,32.681185],[129.818467,32.68161],[129.818254,32.682718],[129.818167,32.682793],[129.818179,32.682935],[129.818167,32.683043],[129.818229,32.683243],[129.818267,32.683368],[129.818517,32.683401],[129.818779,32.683443],[129.819242,32.683468],[129.819592,32.683884],[129.819642,32.684043],[129.819704,32.684609],[129.819867,32.684659],[129.820017,32.684409],[129.820529,32.684818],[129.820367,32.685059],[129.819967,32.685426],[129.817167,32.686409],[129.815042,32.687109],[129.814754,32.687134],[129.814779,32.686859],[129.814354,32.686792],[129.814217,32.687242],[129.813429,32.687876],[129.812679,32.687717],[129.812092,32.687334],[129.811092,32.687667],[129.810955,32.687576],[129.811092,32.687509],[129.81093,32.687284],[129.810642,32.687392],[129.809455,32.685884],[129.810055,32.685551],[129.810855,32.685884],[129.812255,32.685418],[129.81228,32.685143],[129.812717,32.685009],[129.812904,32.683568],[129.81263,32.683201],[129.81213,32.682818],[129.81178,32.682484],[129.810292,32.682251],[129.809217,32.681959],[129.80858,32.681918],[129.808205,32.682051],[129.807692,32.682343],[129.807367,32.682476],[129.806792,32.682309],[129.806792,32.682251],[129.80683,32.682076],[129.806755,32.681868],[129.806617,32.681784],[129.806517,32.681651],[129.806392,32.681468],[129.806292,32.681251],[129.806292,32.681026],[129.80633,32.680918],[129.806405,32.680768],[129.806567,32.680576],[129.80668,32.680426],[129.806755,32.680384],[129.80748,32.679726],[129.807755,32.67961],[129.808292,32.679568],[129.808367,32.679526],[129.808205,32.67916],[129.807905,32.679026],[129.806867,32.67921],[129.805917,32.67891],[129.805067,32.678593],[129.804443,32.678276],[129.803668,32.67776],[129.80353,32.67776],[129.803268,32.677643],[129.802968,32.677601],[129.802805,32.677893],[129.802593,32.678409],[129.801243,32.680551],[129.800243,32.682442],[129.799918,32.682917],[129.799568,32.682826],[129.799068,32.682759],[129.798393,32.682809],[129.797418,32.682984],[129.796855,32.683209],[129.796268,32.683567],[129.79578,32.684017],[129.79543,32.684517],[129.795293,32.684926],[129.795355,32.685217],[129.795593,32.685417],[129.795668,32.685709],[129.795318,32.686092],[129.794293,32.686859],[129.794031,32.687267],[129.793981,32.687442],[129.794156,32.688417],[129.794268,32.68875],[129.794243,32.689317],[129.794056,32.689725],[129.793706,32.68995],[129.793106,32.689884],[129.792493,32.689675],[129.792331,32.689409],[129.792518,32.688959],[129.792543,32.688617],[129.792468,32.68855],[129.791818,32.688325],[129.791581,32.688275],[129.791393,32.687959],[129.791131,32.6878],[129.790743,32.688117],[129.790506,32.688592],[129.790393,32.689225],[129.790818,32.691075],[129.791143,32.692108],[129.791281,32.692225],[129.791768,32.692267],[129.792193,32.692267],[129.792543,32.69245],[129.792706,32.692992],[129.792968,32.692992],[129.793368,32.692925],[129.793668,32.693108],[129.793743,32.693467],[129.793693,32.69385],[129.793506,32.694208],[129.793431,32.694458],[129.793456,32.694483],[129.793718,32.694508],[129.794018,32.694483],[129.794443,32.694592],[129.795093,32.694192],[129.795543,32.694033],[129.795868,32.693783],[129.796093,32.693517],[129.796518,32.69345],[129.797268,32.693717],[129.797893,32.693742],[129.798343,32.69365],[129.798593,32.693767],[129.798718,32.694467],[129.79883,32.694558],[129.799118,32.694375],[129.799205,32.694017],[129.79928,32.693833],[129.799668,32.693633],[129.800205,32.693608],[129.800768,32.693542],[129.801143,32.693292],[129.801518,32.693542],[129.801543,32.693517],[129.801468,32.693],[129.801468,32.692483],[129.801543,32.692034],[129.802055,32.691809],[129.80238,32.6919],[129.802568,32.692142],[129.80283,32.692234],[129.802943,32.692075],[129.802993,32.691809],[129.803342,32.691584],[129.803667,32.691175],[129.803992,32.69095],[129.804317,32.691134],[129.804642,32.691109],[129.805042,32.69095],[129.805392,32.690909],[129.806142,32.691609],[129.806467,32.6917],[129.806542,32.691792],[129.806442,32.692109],[129.806542,32.692242],[129.806592,32.692667],[129.806567,32.692917],[129.806867,32.693117],[129.807267,32.693209],[129.80748,32.692875],[129.808155,32.693075],[129.80883,32.693142],[129.809417,32.693284],[129.809692,32.693142],[129.810167,32.693059],[129.81068,32.693167],[129.810955,32.693392],[129.811055,32.694025],[129.811542,32.6943],[129.811942,32.694275],[129.812342,32.694209],[129.812804,32.694342],[129.812942,32.6945],[129.812879,32.69455],[129.812504,32.695492],[129.812554,32.695833],[129.812642,32.695925],[129.812554,32.696308],[129.812017,32.697183],[129.812267,32.69755],[129.812767,32.697708],[129.813204,32.697908],[129.813442,32.698183],[129.814092,32.69825],[129.814304,32.698342],[129.813979,32.698567],[129.813679,32.698875],[129.813817,32.699191],[129.814217,32.699175],[129.814979,32.698992],[129.815804,32.698675],[129.816379,32.698225],[129.816917,32.698158],[129.817179,32.6983],[129.817204,32.698567],[129.817342,32.698925],[129.817529,32.699108],[129.817954,32.699625],[129.817391,32.700283],[129.817067,32.700166],[129.816854,32.700391],[129.817154,32.700666],[129.817366,32.700983],[129.817604,32.70125],[129.817979,32.701433],[129.818029,32.7015],[129.817679,32.701766],[129.816104,32.702108],[129.817654,32.706524],[129.818129,32.706733],[129.821141,32.705899],[129.822191,32.706441],[129.822541,32.706374],[129.823453,32.706824],[129.823478,32.707458],[129.823853,32.707841],[129.824291,32.707891],[129.824528,32.707707],[129.824528,32.707616],[129.824691,32.707416],[129.824966,32.707616],[129.825316,32.707774],[129.825791,32.707824],[129.826328,32.707932],[129.826491,32.707999],[129.826953,32.708074],[129.827278,32.707916],[129.827591,32.707824],[129.827891,32.707941],[129.828128,32.707941],[129.828291,32.707174],[129.828428,32.707124],[129.828803,32.707174],[129.829016,32.707283],[129.829291,32.707624],[129.829428,32.707666],[129.829666,32.707558],[129.829641,32.707241],[129.829316,32.706883],[129.828966,32.706583],[129.829566,32.706383],[129.829053,32.704941],[129.828916,32.704958],[129.828866,32.704758],[129.828678,32.704783],[129.828216,32.703425],[129.828916,32.70325],[129.828816,32.702866],[129.828091,32.703041],[129.827628,32.7016],[129.828378,32.701375],[129.828303,32.701175],[129.828066,32.701216],[129.827978,32.701058],[129.827741,32.701058],[129.825791,32.695575],[129.823529,32.696159],[129.823041,32.694942],[129.820304,32.695725],[129.819904,32.695184],[129.820466,32.694734],[129.820379,32.694692],[129.820841,32.694217],[129.821004,32.694334],[129.822104,32.693384],[129.821966,32.693275],[129.822666,32.692734],[129.822916,32.692842],[129.823104,32.692667],[129.824904,32.691176],[129.824691,32.691017],[129.828778,32.687618],[129.828753,32.687459],[129.828478,32.687443],[129.828478,32.687126],[129.828803,32.687218],[129.828803,32.686984],[129.828353,32.686743],[129.828941,32.685993],[129.829053,32.686626],[129.830553,32.687101],[129.830366,32.687284],[129.830316,32.687259],[129.829341,32.689651],[129.829616,32.689718],[129.830253,32.688076],[129.831891,32.688659],[129.832003,32.688459],[129.832403,32.688551],[129.832428,32.688684],[129.832941,32.688793],[129.832866,32.688976],[129.833291,32.689068],[129.833216,32.689409],[129.834291,32.689743],[129.834666,32.689343],[129.834928,32.688893],[129.835503,32.688326],[129.836915,32.688601],[129.837115,32.688843],[129.837403,32.689434],[129.83719,32.689726],[129.836703,32.689568],[129.836328,32.690243],[129.836815,32.690584],[129.836815,32.690943],[129.837703,32.691484],[129.837453,32.691759],[129.837215,32.691601],[129.836278,32.691142],[129.835928,32.691301],[129.835865,32.692092],[129.835578,32.692092],[129.835515,32.692251],[129.835165,32.692276],[129.83514,32.692067],[129.834628,32.692092],[129.834553,32.693851],[129.833291,32.693851],[129.833203,32.697409],[129.834065,32.697884],[129.83409,32.697617],[129.83489,32.697659],[129.834953,32.698025],[129.835328,32.697975],[129.835378,32.698517],[129.834728,32.698567],[129.83529,32.699733],[129.835965,32.699717],[129.83739,32.699042],[129.837178,32.698767],[129.837503,32.698675],[129.837528,32.69805],[129.838303,32.698067],[129.838507,32.698003],[129.83881,32.697939],[129.839603,32.697917],[129.840428,32.697759],[129.840465,32.696134],[129.841427,32.696025],[129.841915,32.695817],[129.841865,32.695576],[129.84259,32.695617],[129.84274,32.696025],[129.84304,32.696275],[129.84339,32.696434],[129.843952,32.696475],[129.843927,32.696725],[129.84419,32.696725],[129.844227,32.696475],[129.844277,32.696484],[129.84429,32.6965],[129.84454,32.696492],[129.84474,32.696509],[129.845052,32.696584],[129.845315,32.696659],[129.845552,32.696767],[129.84569,32.696959],[129.845965,32.697309],[129.845727,32.697492],[129.84599,32.697767],[129.846315,32.69765],[129.84659,32.697942],[129.846215,32.698234],[129.846377,32.698484],[129.846527,32.698442],[129.84664,32.698575],[129.846452,32.698759],[129.846752,32.698984],[129.846965,32.698867],[129.847477,32.699234],[129.847552,32.699475],[129.84669,32.699817],[129.845615,32.697925],[129.845352,32.697992],[129.845077,32.697467],[129.84419,32.697784],[129.84489,32.699025],[129.84529,32.698959],[129.845727,32.699909],[129.845965,32.699859],[129.846127,32.700084],[129.846102,32.700334],[129.845865,32.700384],[129.84594,32.700675],[129.84599,32.700717],[129.84624,32.700692],[129.846265,32.700783],[129.84669,32.701375],[129.84664,32.701483],[129.84589,32.701708],[129.844915,32.699567],[129.84414,32.699542],[129.844077,32.702475],[129.842227,32.703308],[129.84289,32.705675],[129.847414,32.705116],[129.847839,32.70485],[129.848164,32.704958],[129.848652,32.704625],[129.849102,32.70485],[129.849327,32.704642],[129.849777,32.704942],[129.849727,32.705325],[129.848439,32.705591],[129.848464,32.705775],[129.847739,32.706041],[129.849714,32.711549],[129.850021,32.712952],[129.850302,32.714791],[129.850389,32.71624],[129.850576,32.717365],[129.850764,32.717999],[129.850864,32.718765],[129.851026,32.718832],[129.851114,32.719215],[129.852214,32.720573],[129.852851,32.721273],[129.853339,32.721473],[129.853926,32.721432],[129.854814,32.721223],[129.855088,32.72159],[129.855063,32.721948],[129.855676,32.722357],[129.855726,32.722515],[129.855813,32.722532],[129.856076,32.722532],[129.856138,32.722465],[129.856751,32.722607],[129.857376,32.722648],[129.857501,32.722807],[129.857988,32.722673],[129.857963,32.72254],[129.858313,32.722382],[129.858387,32.722299],[129.858476,32.722223],[129.859038,32.721799],[129.859551,32.721815],[129.860888,32.721974],[129.861001,32.722115],[129.861113,32.722632],[129.859976,32.722765],[129.859413,32.72299],[129.859176,32.723148],[129.858688,32.723573],[129.858338,32.724098],[129.858063,32.724682],[129.857963,32.725315],[129.857926,32.726573],[129.857663,32.726623],[129.857776,32.726931],[129.858013,32.726915],[129.858601,32.727323],[129.859813,32.727656],[129.8603,32.728181],[129.860275,32.728406],[129.86105,32.72944],[129.861238,32.729398],[129.86145,32.729623],[129.861663,32.729556],[129.86185,32.729756],[129.862013,32.72974],[129.862038,32.72969],[129.862525,32.729781],[129.862425,32.729873],[129.862763,32.730681],[129.863225,32.730931],[129.863363,32.731064],[129.864038,32.731989],[129.864113,32.731948],[129.864275,32.731973],[129.864438,32.732131],[129.865,32.732898],[129.864975,32.732923],[129.865075,32.733081],[129.865162,32.733081],[129.865425,32.733639],[129.865375,32.733664],[129.865512,32.733798],[129.865612,32.733689],[129.866562,32.734864],[129.866075,32.735197],[129.8664,32.735697],[129.8683,32.737856],[129.868412,32.737956],[129.868862,32.737681],[129.868962,32.737464],[129.86925,32.737189],[129.869512,32.737322],[129.869675,32.737231],[129.869999,32.737481],[129.869862,32.737639],[129.870024,32.737864],[129.869949,32.737972],[129.871024,32.739514],[129.871174,32.739489],[129.871337,32.739831],[129.871124,32.739872],[129.871424,32.741155],[129.870724,32.741314],[129.870424,32.745147],[129.870424,32.745505],[129.867737,32.745505],[129.867762,32.746205],[129.870749,32.74623],[129.871149,32.746363],[129.871199,32.747588],[129.871287,32.74828],[129.871287,32.749005],[129.870799,32.750696],[129.870362,32.750671],[129.870499,32.749321],[129.870337,32.749138],[129.868962,32.749746],[129.868674,32.750313],[129.868349,32.750313],[129.868299,32.748913],[129.866924,32.748913],[129.866837,32.750354],[129.867162,32.750538],[129.867162,32.750738],[129.866599,32.750738],[129.866599,32.751371],[129.865475,32.751454],[129.865475,32.750013],[129.865362,32.749538],[129.865037,32.748979],[129.8641,32.748121],[129.863603,32.747586],[129.862537,32.746405],[129.862375,32.745363],[129.86405,32.745205],[129.86405,32.74498],[129.861088,32.745271],[129.860738,32.74543],[129.860638,32.745388],[129.859775,32.74523],[129.861138,32.74453],[129.8601,32.743171],[129.859938,32.743288],[129.858888,32.741913],[129.858838,32.741255],[129.856763,32.741097],[129.856738,32.740305],[129.857488,32.739922],[129.8576,32.739722],[129.857888,32.739788],[129.8591,32.73708],[129.858888,32.736905],[129.8586,32.737197],[129.857925,32.736789],[129.857763,32.736922],[129.855238,32.735297],[129.857925,32.734489],[129.856688,32.731372],[129.854976,32.729998],[129.853038,32.729772],[129.850801,32.731389],[129.849963,32.731414],[129.849426,32.731189],[129.849863,32.730764],[129.850051,32.730897],[129.851288,32.729881],[129.852038,32.729614],[129.852251,32.728823],[129.851738,32.728373],[129.851501,32.728098],[129.850751,32.727714],[129.850263,32.727514],[129.849914,32.727173],[129.849251,32.726839],[129.847714,32.726406],[129.847462,32.72606],[129.847289,32.725456],[129.847251,32.724964],[129.846964,32.723315],[129.846914,32.721173],[129.846701,32.720815],[129.846027,32.72074],[129.845727,32.720565],[129.845564,32.720115],[129.844977,32.720132],[129.844602,32.72049],[129.844489,32.720898],[129.843339,32.721506],[129.842964,32.721415],[129.842077,32.72184],[129.842127,32.722048],[129.841639,32.722523],[129.841314,32.722473],[129.841239,32.722765],[129.841402,32.72304],[129.840564,32.724639],[129.840466,32.725221],[129.840264,32.725739],[129.840077,32.725964],[129.839989,32.726464],[129.840614,32.728447],[129.840264,32.728181],[129.839964,32.727256],[129.839639,32.727164],[129.839427,32.726531],[129.839289,32.726281],[129.838602,32.725723],[129.838002,32.725381],[129.837627,32.724973],[129.838627,32.724706],[129.838414,32.724323],[129.837977,32.724481],[129.837373,32.724365],[129.837177,32.724339],[129.837152,32.723848],[129.837552,32.723781],[129.837627,32.723573],[129.837365,32.721865],[129.837152,32.721815],[129.837102,32.721773],[129.837252,32.721498],[129.837315,32.721298],[129.837152,32.720981],[129.83664,32.720848],[129.836077,32.720465],[129.83584,32.720623],[129.83519,32.720281],[129.834915,32.720415],[129.835615,32.724681],[129.833465,32.725014],[129.831902,32.724089],[129.831765,32.724181],[129.82989,32.723023],[129.829753,32.723164],[129.82959,32.723231],[129.829328,32.723023],[129.829303,32.722531],[129.82959,32.721965],[129.830153,32.72199],[129.830128,32.721698],[129.829815,32.720931],[129.829653,32.721015],[129.829278,32.720748],[129.829328,32.720631],[129.82914,32.720456],[129.82924,32.720365],[129.82909,32.720181],[129.828465,32.719665],[129.828165,32.719706],[129.82804,32.719773],[129.82774,32.719323],[129.827853,32.719123],[129.827242,32.718271],[129.827153,32.718173],[129.82699,32.718065],[129.826965,32.717815],[129.827015,32.717207],[129.827153,32.71684],[129.826915,32.716548],[129.826191,32.716232],[129.825941,32.716215],[129.825941,32.71644],[129.826241,32.716707],[129.826615,32.716932],[129.826403,32.717623],[129.826315,32.717873],[129.82619,32.718082],[129.826078,32.71824],[129.825716,32.718423],[129.825228,32.718606],[129.824903,32.71864],[129.824666,32.718523],[129.824353,32.718523],[129.824303,32.718598],[129.824203,32.718773],[129.824216,32.71904],[129.824103,32.719173],[129.823978,32.719298],[129.823716,32.719498],[129.823378,32.719731],[129.823216,32.71989],[129.823038,32.719946],[129.822791,32.72004],[129.822466,32.720156],[129.821966,32.719948],[129.821495,32.719839],[129.821299,32.719908],[129.821216,32.720015],[129.821116,32.720173],[129.820816,32.720348],[129.820578,32.720473],[129.820366,32.720506],[129.820091,32.720515],[129.819816,32.720431],[129.819678,32.720348],[129.819566,32.72009],[129.819491,32.719848],[129.819166,32.719723],[129.819078,32.719765],[129.819003,32.720056],[129.819005,32.720617],[129.819003,32.720806],[129.819378,32.723373],[129.819616,32.723331],[129.825618,32.731584],[129.826115,32.732114],[129.826028,32.732247],[129.827128,32.732763],[129.82729,32.732588],[129.827565,32.732788],[129.827702,32.732763],[129.82789,32.732588],[129.828052,32.732247],[129.828177,32.731747],[129.828402,32.731455],[129.828777,32.731389],[129.829365,32.73153],[129.829852,32.732247],[129.830015,32.73238],[129.830515,32.732588],[129.83079,32.732855],[129.831052,32.733197],[129.83124,32.733647],[129.83114,32.73383],[129.831077,32.734122],[129.831302,32.73523],[129.831265,32.735247],[129.83084,32.735113],[129.830815,32.735138],[129.830865,32.735613],[129.831165,32.735996],[129.83129,32.736263],[129.83054,32.736538],[129.830515,32.736763],[129.830815,32.737055],[129.830977,32.737346],[129.830865,32.737546],[129.83024,32.737613],[129.82954,32.738046],[129.829652,32.73838],[129.82989,32.738605],[129.829677,32.738763],[129.829327,32.738921],[129.828952,32.738721],[129.827852,32.73843],[129.82739,32.738271],[129.826965,32.738221],[129.82669,32.738288],[129.826665,32.73858],[129.826715,32.738738],[129.826665,32.739105],[129.826365,32.739255],[129.826152,32.739463],[129.826102,32.739954],[129.826365,32.740254],[129.826577,32.740388],[129.826877,32.740771],[129.827177,32.741313],[129.827152,32.741421],[129.82674,32.741488],[129.82669,32.741738],[129.826802,32.741921],[129.826877,32.742329],[129.82709,32.742621],[129.827652,32.742663],[129.828027,32.742754],[129.828865,32.743254],[129.829515,32.743746],[129.829827,32.744087],[129.829515,32.744337],[129.829052,32.744787],[129.828752,32.744946],[129.828427,32.744737],[129.828077,32.745012],[129.828215,32.745146],[129.82714,32.745596],[129.826927,32.745729],[129.826552,32.746246],[129.82644,32.747037],[129.824102,32.747195],[129.82389,32.747104],[129.82354,32.746446],[129.82394,32.746246],[129.82399,32.746154],[129.823802,32.746062],[129.823702,32.745862],[129.823965,32.745704],[129.824052,32.745479],[129.823752,32.745162],[129.82319,32.745321],[129.822753,32.745546],[129.822078,32.745571],[129.821353,32.745479],[129.82069,32.745229],[129.820578,32.745071],[129.820628,32.745004],[129.820603,32.744687],[129.820553,32.744662],[129.820365,32.744662],[129.820278,32.743962],[129.820702,32.743985],[129.820628,32.743787],[129.82044,32.743737],[129.81964,32.743154],[129.818328,32.742071],[129.817628,32.741846],[129.816928,32.741321],[129.816303,32.740938],[129.815791,32.740938],[129.814641,32.741046],[129.813966,32.741229],[129.813316,32.741496],[129.812641,32.741654],[129.812541,32.741679],[129.812416,32.741771],[129.812266,32.741871],[129.812053,32.741929],[129.811878,32.741979],[129.811616,32.742021],[129.811341,32.741996],[129.811041,32.742046],[129.810791,32.742088],[129.810466,32.742096],[129.810066,32.742113],[129.809891,32.742129],[129.809678,32.742271],[129.809466,32.742463],[129.809341,32.742396],[129.809066,32.742246],[129.808916,32.742238],[129.808291,32.743204],[129.806991,32.744179],[129.806651,32.743989],[129.806429,32.743946],[129.806304,32.743971],[129.806116,32.743971],[129.805729,32.743962],[129.805341,32.744012],[129.805004,32.744104],[129.804829,32.744196],[129.804704,32.744321],[129.804666,32.744404],[129.804629,32.744571],[129.804666,32.744687],[129.804741,32.744771],[129.804929,32.744762],[129.805154,32.744812],[129.805204,32.744946],[129.805216,32.745071],[129.805166,32.745154],[129.805041,32.745262],[129.805016,32.745404],[129.805079,32.745512],[129.805204,32.745587],[129.805316,32.745604],[129.805504,32.745604],[129.805616,32.745587],[129.805954,32.745795],[129.806004,32.745954],[129.806104,32.746237],[129.806166,32.746487],[129.806191,32.746762],[129.806179,32.747004],[129.806216,32.74727],[129.806153,32.747379],[129.806066,32.747495],[129.805954,32.747662],[129.805841,32.747929],[129.805816,32.748029],[129.805829,32.748087],[129.806078,32.748295],[129.806316,32.748429],[129.806541,32.748545],[129.806728,32.748612],[129.807003,32.748737],[129.807078,32.748795],[129.807153,32.748862],[129.807466,32.74902],[129.807691,32.749137],[129.807978,32.74937],[129.808153,32.749562],[129.808391,32.749795],[129.808628,32.749987],[129.808853,32.750087],[129.809128,32.750228],[129.809403,32.750387],[129.809628,32.750587],[129.809928,32.750895],[129.810041,32.751095],[129.810191,32.751328],[129.810566,32.751737],[129.810616,32.751828],[129.810641,32.752053],[129.810878,32.752387],[129.811478,32.752453],[129.811578,32.752412],[129.811641,32.752545],[129.811666,32.752862],[129.812653,32.752887],[129.812928,32.753312],[129.81284,32.753361],[129.81289,32.753653],[129.813078,32.754128],[129.81359,32.754578],[129.814078,32.754936],[129.81429,32.755728],[129.81474,32.756386],[129.81499,32.756794],[129.814828,32.756878],[129.814928,32.757219],[129.81464,32.757244],[129.81479,32.757853],[129.813878,32.757961],[129.813946,32.758369],[129.813965,32.758578],[129.813915,32.758669],[129.81379,32.758886],[129.813628,32.759103],[129.81354,32.759294],[129.813515,32.759419],[129.81354,32.759569],[129.813528,32.759594],[129.811215,32.758594],[129.80934,32.761769],[129.807266,32.760911],[129.809178,32.757686],[129.808116,32.754486],[129.807416,32.754595],[129.804203,32.759894],[129.804903,32.760161],[129.804628,32.760727],[129.803853,32.760819],[129.803103,32.761219],[129.803291,32.761852],[129.802853,32.761894],[129.801941,32.762102],[129.801728,32.76221],[129.801191,32.762619],[129.801004,32.76266],[129.800116,32.762594],[129.799654,32.76241],[129.799641,32.760944],[129.799016,32.760586],[129.798429,32.760269],[129.797966,32.760219],[129.797616,32.760061],[129.797141,32.759952],[129.796791,32.760177],[129.796516,32.760427],[129.796141,32.760944],[129.795954,32.761344],[129.796134,32.761952],[129.796191,32.762269],[129.796054,32.762702],[129.795654,32.76326],[129.796241,32.764168],[129.796329,32.764618],[129.795866,32.765268],[129.795591,32.765135],[129.794604,32.765177],[129.794091,32.765068],[129.793904,32.764843],[129.793229,32.764752],[129.792879,32.76536],[129.792529,32.765335],[129.792104,32.765402],[129.791867,32.765518],[129.791754,32.765743],[129.791647,32.765913],[129.791567,32.766077],[129.791854,32.766301],[129.792291,32.766443],[129.792991,32.766377],[129.793154,32.766127],[129.793854,32.766193],[129.793879,32.766602],[129.794166,32.766643],[129.794416,32.766777],[129.793954,32.767185],[129.793791,32.767501],[129.794004,32.767776],[129.794516,32.767885],[129.794591,32.768001],[129.794679,32.768451],[129.794754,32.768493],[129.795004,32.768518],[129.795291,32.768201],[129.795454,32.767635],[129.795754,32.767168],[129.795991,32.76746],[129.796179,32.767526],[129.796429,32.767235],[129.796641,32.76721],[129.796716,32.767501],[129.797316,32.767302],[129.797391,32.767235],[129.797691,32.767368],[129.797954,32.767576],[129.798329,32.767552],[129.798416,32.767751],[129.798416,32.767893],[129.798491,32.768185],[129.798654,32.768435],[129.799166,32.768293],[129.799403,32.768276],[129.799428,32.768251],[129.800053,32.768476],[129.800378,32.768818],[129.800428,32.768976],[129.800453,32.769426],[129.800591,32.769901],[129.800828,32.770418],[129.801128,32.770735],[129.801178,32.770851],[129.801178,32.771235],[129.801391,32.771318],[129.801366,32.771793],[129.801303,32.771884],[129.800953,32.772068],[129.800578,32.772359],[129.800853,32.772626],[129.801228,32.772609],[129.801328,32.772651],[129.801278,32.773009],[129.801303,32.773101],[129.801466,32.773326],[129.801166,32.773443],[129.800691,32.773576],[129.800416,32.773934],[129.800253,32.774343],[129.800278,32.774476],[129.800578,32.774592],[129.801116,32.774593],[129.801628,32.774384],[129.802278,32.774234],[129.802516,32.774776],[129.802678,32.775767],[129.802525,32.776072],[129.802328,32.776192],[129.801916,32.776326],[129.801891,32.776442],[129.801191,32.777317],[129.801241,32.777726],[129.801053,32.777859],[129.799903,32.7782],[129.799653,32.7782],[129.798928,32.777792],[129.798766,32.778017],[129.798953,32.778425],[129.798366,32.778625],[129.797966,32.7784],[129.797728,32.778109],[129.797591,32.77815],[129.797503,32.778534],[129.797528,32.778642],[129.797153,32.778867],[129.796566,32.779117],[129.796141,32.779184],[129.795516,32.778284],[129.795041,32.778167],[129.794629,32.778217],[129.794171,32.778396],[129.793854,32.778259],[129.793529,32.778125],[129.793016,32.778142],[129.792504,32.77835],[129.792316,32.778842],[129.791916,32.778959],[129.790941,32.779109],[129.790791,32.779183],[129.790679,32.779633],[129.790754,32.779967],[129.791079,32.780375],[129.791104,32.781458],[129.791079,32.782425],[129.791179,32.783375],[129.790829,32.7838],[129.790479,32.783983],[129.790504,32.784116],[129.790804,32.784116],[129.790591,32.784325],[129.790554,32.784425],[129.789779,32.784625],[129.789704,32.784958],[129.789531,32.785197],[129.789479,32.785349],[129.789779,32.785583],[129.790091,32.785341],[129.790829,32.786324],[129.791529,32.786099],[129.791579,32.786283],[129.791554,32.787099],[129.791416,32.787166],[129.790366,32.787341],[129.788916,32.787658],[129.788291,32.787474],[129.788141,32.787383],[129.787516,32.787291],[129.786904,32.787383],[129.785879,32.787291],[129.785366,32.787358],[129.785092,32.787649],[129.784667,32.787766],[129.784054,32.787857],[129.782917,32.788191],[129.782242,32.788666],[129.781817,32.789207],[129.781629,32.789274],[129.781304,32.789291],[129.781329,32.789432],[129.781542,32.789724],[129.781492,32.790015],[129.780767,32.791282],[129.780792,32.791482],[129.781029,32.791799],[129.781142,32.792049],[129.781829,32.792207],[129.782292,32.792815],[129.782292,32.793107],[129.781642,32.793782],[129.780967,32.794048],[129.780429,32.793982],[129.779954,32.793957],[129.779467,32.794115],[129.778904,32.79439],[129.778417,32.79479],[129.777229,32.795157],[129.776742,32.795107],[129.776242,32.795015],[129.776104,32.795082],[129.776129,32.795306],[129.776504,32.795423],[129.776717,32.795648],[129.776904,32.795781],[129.777154,32.79574],[129.777254,32.795873],[129.777467,32.796281],[129.777442,32.796798],[129.777279,32.79734],[129.776954,32.79784],[129.776504,32.798198],[129.775904,32.798331],[129.775104,32.798398],[129.773942,32.798373],[129.773055,32.797989],[129.772817,32.797723],[129.772542,32.797606],[129.771742,32.797556],[129.771117,32.797423],[129.770642,32.797223],[129.768817,32.797015],[129.768405,32.797081],[129.768055,32.797464],[129.767655,32.798098],[129.76738,32.798364],[129.767442,32.798731],[129.767542,32.798906],[129.767517,32.799431],[129.767192,32.799806],[129.76658,32.799897],[129.765493,32.799922],[129.765418,32.800097],[129.765605,32.800597],[129.76598,32.800639],[129.766167,32.800689],[129.766517,32.800872],[129.766655,32.800981],[129.767505,32.802472],[129.767667,32.802631],[129.767755,32.802947],[129.767642,32.803422],[129.767642,32.803755],[129.76783,32.803805],[129.768042,32.803664],[129.768255,32.804072],[129.768605,32.804572],[129.76893,32.804839],[129.769542,32.80583],[129.769917,32.806897],[129.770267,32.807122],[129.770667,32.807513],[129.769692,32.80813],[129.773067,32.813296],[129.771854,32.813838],[129.772379,32.814696],[129.773854,32.814121],[129.775629,32.817121],[129.775916,32.817029],[129.777204,32.819004],[129.776591,32.819321],[129.776829,32.819771],[129.777379,32.819562],[129.777479,32.819762],[129.777341,32.819962],[129.777016,32.820254],[129.776829,32.820637],[129.777204,32.821179],[129.777041,32.821379],[129.777341,32.822037],[129.777791,32.821921],[129.778141,32.822104],[129.778329,32.821879],[129.778441,32.822012],[129.778754,32.822646],[129.778591,32.823862],[129.778654,32.824354],[129.778241,32.82472],[129.774891,32.818488],[129.769967,32.820696],[129.766917,32.815846],[129.76358,32.817371],[129.766317,32.821887],[129.763192,32.823129],[129.762392,32.823462],[129.761242,32.821712],[129.761192,32.82162],[129.762367,32.821137],[129.763342,32.820779],[129.763267,32.820654],[129.76323,32.820612],[129.76288,32.82072],[129.761042,32.821412],[129.76013,32.820012],[129.759442,32.82027],[129.75938,32.820645],[129.759255,32.82072],[129.757367,32.821512],[129.756755,32.821129],[129.756655,32.820704],[129.755793,32.82007],[129.75528,32.819645],[129.75513,32.819395],[129.754905,32.819187],[129.75478,32.819212],[129.754618,32.819304],[129.754205,32.819437],[129.754105,32.819437],[129.753893,32.819254],[129.75348,32.819279],[129.752893,32.819887],[129.75273,32.820229],[129.752455,32.820362],[129.752405,32.820337],[129.752193,32.82007],[129.751918,32.819862],[129.75168,32.819545],[129.75128,32.819437],[129.75093,32.81957],[129.750868,32.819904],[129.750743,32.82022],[129.750743,32.820445],[129.750655,32.820879],[129.75057,32.82122],[129.750543,32.821487],[129.75063,32.821803],[129.75108,32.821937],[129.75133,32.822437],[129.750893,32.82277],[129.750843,32.822953],[129.75038,32.822953],[129.749793,32.822587],[129.748206,32.822612],[129.748058,32.822734],[129.747738,32.822797],[129.746831,32.822578],[129.746093,32.822312],[129.745618,32.821903],[129.745518,32.821745],[129.745518,32.821345],[129.745456,32.820962],[129.745018,32.820712],[129.744818,32.820553],[129.744468,32.819587],[129.744268,32.817804],[129.744243,32.817112],[129.744043,32.816745],[129.743993,32.816212],[129.743606,32.815554],[129.743106,32.815037],[129.742394,32.813437],[129.741981,32.812737],[129.741869,32.812446],[129.741731,32.811679],[129.741394,32.810829],[129.741206,32.810554],[129.740681,32.809638],[129.740631,32.809096],[129.740656,32.808421],[129.740406,32.807763],[129.739881,32.807205],[129.739219,32.806705],[129.738532,32.806371],[129.738394,32.806238],[129.738369,32.80603],[129.738482,32.805938],[129.738532,32.805713],[129.737844,32.80558],[129.737569,32.80558],[129.737531,32.8058],[129.737457,32.805805],[129.737319,32.805646],[129.737132,32.80563],[129.737301,32.806764],[129.737219,32.807563],[129.737082,32.807788],[129.736719,32.807904],[129.735294,32.807946],[129.734494,32.807721],[129.734219,32.807704],[129.733669,32.807863],[129.733207,32.808313],[129.732957,32.808896],[129.732819,32.809437],[129.732594,32.809662],[129.732569,32.810321],[129.732632,32.810879],[129.732524,32.811237],[129.732407,32.811696],[129.732244,32.812079],[129.732494,32.81322],[129.732469,32.81347],[129.732244,32.814104],[129.732032,32.814529],[129.731669,32.814895],[129.731669,32.81507],[129.731944,32.815095],[129.732007,32.815187],[129.731807,32.81552],[129.731157,32.816112],[129.729969,32.817528],[129.729119,32.817978],[129.728107,32.818203],[129.727995,32.818203],[129.72772,32.817937],[129.727582,32.817912],[129.727257,32.817962],[129.72742,32.818137],[129.727532,32.818362],[129.726782,32.81897],[129.72667,32.819128],[129.726782,32.819495],[129.726345,32.820237],[129.72582,32.820937],[129.725745,32.820962],[129.724832,32.821503],[129.724345,32.821636],[129.724007,32.821028],[129.723932,32.820962],[129.723482,32.820828],[129.723345,32.820753],[129.72327,32.820912],[129.723495,32.821253],[129.723848,32.821666],[129.723657,32.822045],[129.723132,32.822403],[129.72297,32.822445],[129.721807,32.822086],[129.720708,32.822045],[129.720433,32.82207],[129.719558,32.822003],[129.719445,32.82202],[129.719558,32.822178],[129.719745,32.822361],[129.71947,32.822203],[129.719333,32.82227],[129.719608,32.822586],[129.719895,32.822811],[129.71937,32.822653],[129.719233,32.822703],[129.719483,32.822928],[129.718983,32.822745],[129.718958,32.822945],[129.719308,32.823103],[129.719558,32.823286],[129.71937,32.824186],[129.71932,32.824953],[129.718795,32.826278],[129.71857,32.827136],[129.718608,32.827611],[129.718658,32.827653],[129.71857,32.827744],[129.718433,32.828128],[129.718795,32.829477],[129.71882,32.830494],[129.718764,32.830934],[129.718608,32.831461],[129.718522,32.831695],[129.718445,32.831961],[129.718358,32.832436],[129.718358,32.833085],[129.71792,32.833535],[129.716245,32.834102],[129.716108,32.834235],[129.715995,32.834552],[129.714545,32.83496],[129.714133,32.835119],[129.71402,32.835185],[129.713333,32.83501],[129.712995,32.834852],[129.713608,32.834694],[129.713683,32.834485],[129.713333,32.834402],[129.712995,32.834577],[129.712731,32.834699],[129.712558,32.834577],[129.711383,32.833969],[129.710622,32.833365],[129.710471,32.833227],[129.710246,32.832985],[129.710083,32.832619],[129.709671,32.832577],[129.709583,32.832644],[129.709783,32.832919],[129.709833,32.83316],[129.709646,32.833319],[129.709508,32.833302],[129.709371,32.832919],[129.709146,32.832535],[129.708871,32.832327],[129.708683,32.832469],[129.708658,32.832869],[129.708321,32.83296],[129.707496,32.832919],[129.707246,32.832669],[129.707308,32.832402],[129.706783,32.832244],[129.706458,32.832061],[129.705909,32.832086],[129.705734,32.831886],[129.705521,32.831794],[129.705434,32.831927],[129.705684,32.832177],[129.706146,32.832377],[129.706508,32.832627],[129.705684,32.833185],[129.704971,32.833435],[129.704259,32.833169],[129.703921,32.832719],[129.703921,32.832469],[129.703759,32.832044],[129.703346,32.831527],[129.702846,32.831077],[129.702659,32.830961],[129.702109,32.830919],[129.701421,32.831394],[129.701284,32.831911],[129.701609,32.832702],[129.701446,32.832719],[129.701009,32.832544],[129.700684,32.832544],[129.700446,32.832621],[129.700271,32.832719],[129.700209,32.832994],[129.700209,32.833627],[129.700434,32.83416],[129.700571,32.834844],[129.700796,32.83676],[129.700821,32.837502],[129.701071,32.83856],[129.701096,32.839168],[129.701071,32.839352],[129.701259,32.839668],[129.701446,32.839535],[129.701671,32.839685],[129.701396,32.83996],[129.701646,32.84016],[129.700771,32.841176],[129.700059,32.841268],[129.699646,32.841293],[129.698459,32.841451],[129.698321,32.84181],[129.698434,32.842193],[129.698184,32.842776],[129.697746,32.843068],[129.696971,32.842918],[129.696434,32.842918],[129.696122,32.843276],[129.695709,32.843543],[129.694922,32.843501],[129.694234,32.843276],[129.693759,32.843368],[129.693159,32.843776],[129.692697,32.844493],[129.692697,32.844851],[129.692772,32.845151],[129.692634,32.846076],[129.692372,32.846609],[129.691159,32.847917],[129.690972,32.848167],[129.690609,32.848751],[129.690197,32.848801],[129.688135,32.850625],[129.687785,32.85065],[129.685672,32.852067],[129.685172,32.852725],[129.684547,32.853492],[129.684847,32.854033],[129.684922,32.854525],[129.684647,32.856283],[129.684522,32.857725],[129.684185,32.85845],[129.68381,32.859166],[129.683635,32.859641],[129.683122,32.860233],[129.682597,32.861016],[129.68221,32.861874],[129.681722,32.862774],[129.681456,32.863046],[129.681035,32.863524],[129.680622,32.864291],[129.680122,32.865057],[129.679522,32.865682],[129.678097,32.866657],[129.67766,32.867107],[129.677623,32.867399],[129.67776,32.867915],[129.677897,32.869024],[129.677772,32.870415],[129.677847,32.871207],[129.67801,32.872015],[129.678072,32.873615],[129.678147,32.873706],[129.678697,32.87389],[129.679147,32.87409],[129.679472,32.874656],[129.679697,32.875648],[129.679835,32.876931],[129.67981,32.877106],[129.679922,32.878548],[129.679982,32.878844],[129.680022,32.879139],[129.679952,32.879741],[129.679672,32.880333],[129.679452,32.880883],[129.679284,32.881456],[129.678959,32.882406],[129.678597,32.88308],[129.678185,32.883689],[129.677672,32.884205],[129.677285,32.884389],[129.67676,32.88428],[129.67621,32.884297],[129.675435,32.884439],[129.67486,32.884889],[129.67431,32.885539],[129.67341,32.886288],[129.672972,32.886897],[129.672885,32.88748],[129.67261,32.888113],[129.672172,32.88888],[129.671647,32.88958],[129.671372,32.890005],[129.671097,32.890528],[129.67036,32.891721],[129.67011,32.892263],[129.67011,32.892688],[129.669998,32.893229],[129.669673,32.893863],[129.669285,32.894063],[129.66901,32.894288],[129.668898,32.894921],[129.66896,32.89531],[129.668985,32.895729],[129.668223,32.896337],[129.667673,32.896971],[129.66726,32.897646],[129.666948,32.898462],[129.666735,32.899562],[129.666573,32.902853],[129.666548,32.903512],[129.66641,32.90432],[129.666185,32.90502],[129.666048,32.905312],[129.66566,32.905878],[129.664898,32.906395],[129.66451,32.906461],[129.664073,32.906236],[129.663735,32.90617],[129.663435,32.906328],[129.663298,32.906778],[129.662923,32.90737],[129.662335,32.907928],[129.662198,32.90782],[129.661923,32.907703],[129.661823,32.907836],[129.661898,32.908361],[129.66096,32.908744],[129.660523,32.909194],[129.660223,32.909869],[129.65981,32.910411],[129.659948,32.910836],[129.660335,32.911469],[129.660698,32.913319],[129.66091,32.914102],[129.661323,32.915094],[129.661587,32.915482],[129.66201,32.915844],[129.662647,32.916427],[129.662097,32.916902],[129.661772,32.917369],[129.661022,32.918277],[129.659923,32.919152],[129.659123,32.919693],[129.658823,32.919743],[129.658273,32.919518],[129.657923,32.919427],[129.657123,32.919402],[129.65641,32.919585],[129.65591,32.919993],[129.655473,32.92051],[129.655073,32.92076],[129.655198,32.921076],[129.655198,32.921551],[129.655085,32.92211],[129.65506,32.922676],[129.654785,32.922718],[129.654485,32.922785],[129.654423,32.922893],[129.654698,32.923193],[129.654498,32.923526],[129.653948,32.924043],[129.65386,32.924676],[129.65401,32.925334],[129.654023,32.925759],[129.653923,32.925826],[129.653135,32.926584],[129.652373,32.928526],[129.65231,32.929217],[129.652485,32.929651],[129.65251,32.930034],[129.652348,32.930709],[129.652073,32.931225],[129.65131,32.931584],[129.650285,32.931917],[129.649261,32.932158],[129.648373,32.932258],[129.647173,32.93225],[129.646548,32.932292],[129.644199,32.932325],[129.644049,32.932367],[129.643599,32.932292],[129.642961,32.9324],[129.642261,32.932733],[129.641986,32.932466],[129.643299,32.93175],[129.643374,32.931683],[129.643324,32.931167],[129.643386,32.930125],[129.643311,32.930017],[129.642824,32.929492],[129.642799,32.929017],[129.642874,32.928475],[129.642811,32.928159],[129.642911,32.927525],[129.642686,32.926942],[129.642174,32.926392],[129.641949,32.925942],[129.641886,32.925359],[129.641986,32.925292],[129.642061,32.924226],[129.642199,32.924051],[129.642399,32.923601],[129.641587,32.922692],[129.641462,32.922126],[129.641074,32.920859],[129.640174,32.919968],[129.639962,32.919084],[129.639662,32.918676],[129.639249,32.918526],[129.639187,32.918343],[129.638937,32.918209],[129.638662,32.918459],[129.638524,32.918726],[129.638062,32.919018],[129.637924,32.919176],[129.637812,32.919651],[129.637962,32.920009],[129.638174,32.920276],[129.638799,32.920392],[129.638874,32.920667],[129.638812,32.920842],[129.638137,32.921559],[129.637562,32.921784],[129.637724,32.922617],[129.637549,32.922959],[129.637662,32.923275],[129.638087,32.923542],[129.638312,32.923392],[129.638512,32.923417],[129.638387,32.923934],[129.638462,32.923975],[129.638787,32.923934],[129.638587,32.924267],[129.638512,32.924675],[129.638612,32.9247],[129.639237,32.924209],[129.639887,32.924525],[129.640099,32.925075],[129.640074,32.925275],[129.639799,32.925859],[129.638837,32.9263],[129.638612,32.926434],[129.637887,32.926317],[129.637187,32.926042],[129.636812,32.925992],[129.636437,32.92635],[129.635862,32.926483],[129.635237,32.926417],[129.634912,32.926117],[129.634737,32.92555],[129.634437,32.925208],[129.634112,32.925167],[129.633912,32.9253],[129.633562,32.926133],[129.633475,32.92665],[129.633237,32.927733],[129.633212,32.928475],[129.6333,32.92895],[129.633575,32.929225],[129.633675,32.929241],[129.634637,32.928733],[129.635112,32.928983],[129.635224,32.929683],[129.635799,32.929866],[129.635887,32.929258],[129.636487,32.929333],[129.636737,32.929558],[129.636874,32.930008],[129.637324,32.929966],[129.637487,32.929725],[129.638349,32.930225],[129.638424,32.930358],[129.638374,32.9307],[129.637774,32.9309],[129.636912,32.931091],[129.636612,32.931025],[129.636487,32.931225],[129.636737,32.931341],[129.636637,32.931433],[129.636312,32.931275],[129.636162,32.9315],[129.636587,32.931858],[129.636624,32.932308],[129.636499,32.932466],[129.635874,32.932624],[129.635649,32.932849],[129.635349,32.932983],[129.635549,32.933158],[129.636199,32.933124],[129.636649,32.933216],[129.636674,32.933324],[129.636337,32.933666],[129.636362,32.934049],[129.636912,32.934816],[129.636524,32.935241],[129.636349,32.935266],[129.635874,32.935108],[129.635449,32.935416],[129.634212,32.936582],[129.634387,32.936674],[129.634912,32.936766],[129.635137,32.936907],[129.635449,32.937316],[129.635274,32.937691],[129.635249,32.938032],[129.635624,32.937991],[129.635874,32.938057],[129.635699,32.938349],[129.635562,32.938624],[129.635737,32.93914],[129.635912,32.93914],[129.636287,32.938899],[129.637287,32.937416],[129.637362,32.937232],[129.636312,32.936841],[129.636212,32.936641],[129.636362,32.936349],[129.636537,32.936482],[129.637349,32.936041],[129.636974,32.935516],[129.637574,32.935274],[129.638049,32.935433],[129.638049,32.935549],[129.638274,32.936024],[129.638549,32.935866],[129.638674,32.935733],[129.638999,32.935533],[129.639436,32.935374],[129.639261,32.935108],[129.638412,32.934558],[129.638562,32.934449],[129.639486,32.934566],[129.640861,32.934641],[129.640936,32.934691],[129.640886,32.935116],[129.640374,32.935766],[129.639036,32.937224],[129.639011,32.939641],[129.638824,32.94144],[129.638299,32.941307],[129.637749,32.943648],[129.637649,32.944273],[129.637686,32.944498],[129.637161,32.944615],[129.637536,32.945157],[129.637249,32.945582],[129.637324,32.945807],[129.638161,32.945565],[129.637949,32.946148],[129.637749,32.946198],[129.637774,32.94649],[129.638024,32.946465],[129.638386,32.94724],[129.638686,32.947598],[129.638686,32.947665],[129.638336,32.94789],[129.637286,32.947656],[129.637361,32.947298],[129.636586,32.946973],[129.636436,32.947248],[129.635736,32.946656],[129.635336,32.947415],[129.635261,32.947373],[129.635111,32.946556],[129.634936,32.946623],[129.634786,32.947165],[129.634637,32.947206],[129.634112,32.947073],[129.634087,32.947165],[129.634274,32.947456],[129.634399,32.948114],[129.633549,32.948581],[129.633362,32.948556],[129.633449,32.948306],[129.633099,32.948281],[129.633074,32.948414],[129.632999,32.948414],[129.632599,32.948256],[129.632299,32.947806],[129.631899,32.947781],[129.631724,32.948023],[129.631687,32.948181],[129.631912,32.948748],[129.632087,32.949339],[129.631612,32.949398],[129.631649,32.949781],[129.631399,32.949873],[129.630724,32.949981],[129.630499,32.949822],[129.630024,32.949706],[129.629774,32.949747],[129.629674,32.949498],[129.629099,32.949589],[129.628475,32.949847],[129.627987,32.950139],[129.627687,32.950564],[129.626712,32.950856],[129.62625,32.951414],[129.625725,32.951839],[129.625087,32.952197],[129.625062,32.952489],[129.625487,32.952472],[129.626562,32.952322],[129.626962,32.952389],[129.627087,32.952705],[129.626237,32.953155],[129.62595,32.953672],[129.626075,32.953764],[129.627175,32.953747],[129.627662,32.953522],[129.627987,32.95298],[129.627962,32.95258],[129.628099,32.952464],[129.628237,32.953097],[129.628287,32.953572],[129.628612,32.953822],[129.628937,32.953647],[129.629062,32.953197],[129.629412,32.95338],[129.629612,32.953289],[129.629987,32.953022],[129.630349,32.952822],[129.631074,32.952647],[129.631299,32.952422],[129.631924,32.952489],[129.632549,32.952431],[129.632937,32.952114],[129.633536,32.951289],[129.634174,32.950997],[129.634674,32.950914],[129.635224,32.950914],[129.635274,32.951048],[129.635174,32.951139],[129.634261,32.951431],[129.633861,32.951806],[129.633703,32.95204],[129.633629,32.952392],[129.633374,32.952614],[129.632199,32.953014],[129.631574,32.953056],[129.631337,32.953505],[129.630612,32.953614],[129.630137,32.954064],[129.630099,32.954597],[129.630124,32.954672],[129.629849,32.954755],[129.629349,32.95543],[129.629637,32.955705],[129.629787,32.955972],[129.629612,32.956038],[129.628712,32.956172],[129.628387,32.956463],[129.628162,32.956322],[129.627712,32.95623],[129.627324,32.95643],[129.627199,32.956947],[129.627299,32.95733],[129.627049,32.957488],[129.626662,32.95753],[129.626987,32.958663],[129.627237,32.958846],[129.627462,32.958938],[129.627749,32.95928],[129.628374,32.959555],[129.629024,32.959763],[129.629674,32.95983],[129.630437,32.959321],[129.630961,32.959255],[129.631286,32.95908],[129.631511,32.958672],[129.631586,32.958647],[129.631786,32.958788],[129.631561,32.959172],[129.631161,32.959613],[129.630499,32.959955],[129.629924,32.96058],[129.629512,32.961863],[129.629549,32.962154],[129.629787,32.962046],[129.629861,32.962138],[129.629724,32.962588],[129.629774,32.963104],[129.630274,32.963313],[129.630549,32.963179],[129.630599,32.963221],[129.630699,32.963496],[129.631199,32.963629],[129.631699,32.963588],[129.632274,32.963729],[129.632924,32.963713],[129.632924,32.963779],[129.632699,32.964004],[129.632436,32.964571],[129.632411,32.964929],[129.632661,32.965379],[129.632224,32.965737],[129.632374,32.966079],[129.632674,32.966354],[129.632799,32.966687],[129.632674,32.966529],[129.632024,32.966146],[129.631624,32.965687],[129.631699,32.965288],[129.632086,32.964746],[129.632011,32.964246],[129.631661,32.963979],[129.631186,32.963996],[129.630586,32.964288],[129.629786,32.964613],[129.629549,32.965087],[129.629424,32.965562],[129.629474,32.965721],[129.629236,32.966371],[129.628761,32.966546],[129.628736,32.966862],[129.628861,32.967004],[129.629311,32.967187],[129.629449,32.967504],[129.629299,32.96802],[129.629036,32.968512],[129.628824,32.96822],[129.628674,32.967721],[129.628374,32.967587],[129.627849,32.967695],[129.627749,32.96787],[129.627662,32.968412],[129.627786,32.968887],[129.627499,32.969429],[129.627249,32.969654],[129.627124,32.970129],[129.627086,32.970753],[129.627286,32.971453],[129.627849,32.972587],[129.628211,32.973653],[129.628161,32.974011],[129.628036,32.974061],[129.627436,32.974028],[129.627411,32.974145],[129.628186,32.974536],[129.628149,32.975003],[129.628024,32.975595],[129.627724,32.975861],[129.627836,32.976128],[129.627811,32.976694],[129.627711,32.976986],[129.627361,32.977028],[129.627099,32.977319],[129.627224,32.977686],[129.626999,32.977953],[129.626999,32.978136],[129.627186,32.978586],[129.627661,32.979044],[129.627886,32.979086],[129.628311,32.979003],[129.628711,32.979053],[129.629173,32.978644],[129.630023,32.978536],[129.630248,32.978769],[129.630736,32.979561],[129.630798,32.981052],[129.630648,32.981727],[129.63076,32.98206],[129.631235,32.982385],[129.63146,32.982994],[129.63151,32.983494],[129.631372,32.98396],[129.631497,32.984118],[129.632047,32.98451],[129.632547,32.98496],[129.632709,32.98571],[129.633059,32.986435],[129.633222,32.986951],[129.633297,32.987401],[129.633671,32.98761],[129.634921,32.987643],[129.635296,32.987693],[129.636471,32.987926],[129.637396,32.988159],[129.637995,32.988384],[129.63867,32.988551],[129.63932,32.988776],[129.639945,32.989051],[129.64042,32.989392],[129.641232,32.990284],[129.641432,32.990576],[129.641582,32.990709],[129.641731,32.990984],[129.642081,32.991367],[129.642319,32.992],[129.642693,32.992342],[129.643368,32.992683],[129.643343,32.992933],[129.643218,32.992958],[129.642931,32.993833],[129.642593,32.994575],[129.642568,32.994958],[129.643043,32.995116],[129.643468,32.995075],[129.643568,32.994741],[129.643505,32.994267],[129.643531,32.993275],[129.643868,32.9933],[129.643956,32.991875],[129.64488,32.991684],[129.645693,32.991167],[129.645868,32.991125],[129.646143,32.990767],[129.64618,32.989859],[129.646293,32.987651],[129.646431,32.986776],[129.648255,32.986901],[129.64938,32.987109],[129.649955,32.987342],[129.650405,32.987384],[129.650767,32.987051],[129.651342,32.986809],[129.651967,32.986742],[129.652504,32.987901],[129.652629,32.988059],[129.653029,32.9891],[129.653091,32.989417],[129.653041,32.989525],[129.653116,32.99045],[129.653291,32.99045],[129.653378,32.991216],[129.65314,32.991966],[129.653403,32.993383],[129.65342,32.993562],[129.653477,32.993816],[129.653615,32.994741],[129.653665,32.995532],[129.653502,32.996116],[129.653027,32.996816],[129.652465,32.997416],[129.652215,32.997957],[129.651778,32.998132],[129.651503,32.998407],[129.651253,32.999016],[129.651603,32.999174],[129.652378,32.999157],[129.652603,32.998816],[129.653478,32.99889],[129.653702,32.998849],[129.653952,32.999074],[129.65409,33.00059],[129.654865,33.001182],[129.654928,33.002282],[129.654503,33.002415],[129.654553,33.002665],[129.655402,33.002449],[129.655965,33.001865],[129.656465,33.001532],[129.657089,33.001357],[129.657977,33.000773],[129.658152,33.001198],[129.659676,33.001098],[129.659832,33.001083],[129.660146,33.001021],[129.660301,33.000632],[129.660404,33.000461],[129.660513,32.999998],[129.660976,32.999232],[129.661201,32.999307],[129.661256,32.999448],[129.661263,32.999624],[129.661889,33.000549],[129.661789,33.000615],[129.661839,33.000824],[129.662164,33.000782],[129.662376,33.001257],[129.662176,33.001274],[129.661376,33.001248],[129.661201,33.001765],[129.660414,33.002507],[129.659457,33.002667],[129.659314,33.002815],[129.659127,33.003307],[129.658927,33.00359],[129.658852,33.003748],[129.658614,33.003815],[129.658502,33.003815],[129.658365,33.003857],[129.657852,33.003932],[129.65729,33.003907],[129.657218,33.003928],[129.657102,33.003973],[129.65689,33.004273],[129.656802,33.004473],[129.656565,33.004473],[129.656103,33.004565],[129.655653,33.004857],[129.65549,33.004907],[129.655353,33.004815],[129.654353,33.005115],[129.654228,33.005273],[129.654278,33.005473],[129.654253,33.005607],[129.654066,33.005698],[129.653878,33.005723],[129.653828,33.005698],[129.653603,33.005748],[129.653478,33.005815],[129.653391,33.005907],[129.653178,33.006382],[129.653316,33.006465],[129.653553,33.006515],[129.653641,33.00669],[129.653453,33.007207],[129.653266,33.007298],[129.653029,33.007348],[129.652916,33.00739],[129.652866,33.007507],[129.652891,33.007598],[129.653104,33.007707],[129.653404,33.007798],[129.653591,33.007798],[129.653679,33.007748],[129.653828,33.007523],[129.653891,33.007498],[129.654241,33.007048],[129.654666,33.00739],[129.654566,33.007548],[129.654666,33.007815],[129.655028,33.008148],[129.655353,33.008307],[129.655778,33.008373],[129.655828,33.008465],[129.655703,33.008648],[129.655566,33.008648],[129.655403,33.00869],[129.654753,33.008782],[129.654566,33.008848],[129.654141,33.00894],[129.653979,33.009057],[129.653766,33.009307],[129.653791,33.00964],[129.653799,33.009761],[129.653791,33.009865],[129.653529,33.00994],[129.653229,33.010206],[129.653129,33.010365],[129.653154,33.010431],[129.653529,33.010615],[129.653666,33.010698],[129.653741,33.010815],[129.653941,33.010973],[129.654016,33.011081],[129.654016,33.011356],[129.653829,33.011356],[129.653745,33.011356],[129.653691,33.011356],[129.653454,33.011381],[129.653317,33.011473],[129.653292,33.011581],[129.652842,33.01199],[129.652779,33.01199],[129.652429,33.01224],[129.652304,33.012465],[129.652467,33.012731],[129.652442,33.012756],[129.652279,33.012731],[129.652117,33.012665],[129.651979,33.012848],[129.652142,33.013098],[129.652117,33.013431],[129.652042,33.013615],[129.651792,33.013956],[129.65148,33.014065],[129.651342,33.014156],[129.651292,33.014473],[129.651155,33.014948],[129.651155,33.015331],[129.651355,33.01569],[129.651055,33.016231],[129.650843,33.016814],[129.650793,33.016864],[129.650768,33.016998],[129.65063,33.017223],[129.650368,33.017539],[129.650093,33.017723],[129.649743,33.017523],[129.64963,33.017498],[129.649418,33.017389],[129.649018,33.017298],[129.648668,33.017298],[129.648505,33.017364],[129.648343,33.017523],[129.64823,33.017814],[129.648106,33.018248],[129.647968,33.018856],[129.647793,33.019423],[129.647681,33.019664],[129.647543,33.020231],[129.647393,33.021039],[129.647343,33.021648],[129.647369,33.021964],[129.647344,33.022397],[129.647294,33.023206],[129.647331,33.023431],[129.647306,33.023814],[129.64733,33.023989],[129.647381,33.024131],[129.647656,33.024822],[129.647769,33.025297],[129.647719,33.025731],[129.647744,33.025956],[129.648206,33.026697],[129.648419,33.027006],[129.648319,33.027822],[129.648407,33.027955],[129.648544,33.028022],[129.648894,33.028047],[129.648944,33.028089],[129.649082,33.02858],[129.648982,33.029305],[129.649057,33.029647],[129.649032,33.029664],[129.649057,33.029847],[129.649007,33.02998],[129.648957,33.030272],[129.648932,33.03043],[129.649044,33.031039],[129.649019,33.031264],[129.648957,33.031447],[129.648857,33.031672],[129.648832,33.031897],[129.648782,33.031939],[129.64867,33.032347],[129.648195,33.03368],[129.647907,33.034313],[129.647845,33.034647],[129.647807,33.034835],[129.64772,33.035013],[129.64742,33.035572],[129.647183,33.035888],[129.64702,33.036363],[129.646945,33.036813],[129.646939,33.037068],[129.646945,33.037222],[129.647033,33.03778],[129.647195,33.03823],[129.647358,33.038388],[129.647495,33.038571],[129.647745,33.038971],[129.64777,33.039063],[129.64782,33.039088],[129.648008,33.039338],[129.64812,33.039405],[129.64837,33.039696],[129.64872,33.040005],[129.64907,33.040363],[129.64918,33.040484],[129.649395,33.040746],[129.649395,33.040813],[129.649945,33.041646],[129.650095,33.041713],[129.65032,33.041738],[129.65037,33.041713],[129.651157,33.041688],[129.651795,33.041621],[129.652044,33.041555],[129.652182,33.041555],[129.652419,33.041596],[129.652769,33.041596],[129.653119,33.041346],[129.653282,33.041096],[129.653469,33.040913],[129.653707,33.040805],[129.653844,33.04078],[129.654107,33.040821],[129.654657,33.040863],[129.654707,33.040846],[129.655132,33.040821],[129.655944,33.040705],[129.656382,33.040522],[129.656569,33.040388],[129.656781,33.040297],[129.657456,33.040247],[129.657581,33.040205],[129.657669,33.040088],[129.658019,33.039913],[129.658469,33.039572],[129.658656,33.039297],[129.659119,33.039297],[129.659344,33.040197],[129.659644,33.041005],[129.659994,33.041838],[129.660081,33.042338],[129.660269,33.042788],[129.660077,33.043029],[129.659819,33.043196],[129.659419,33.043805],[129.660044,33.045605],[129.660382,33.045501],[129.660444,33.045513],[129.660581,33.045896],[129.660856,33.046055],[129.661743,33.046296],[129.661906,33.046413],[129.661943,33.046638],[129.661906,33.046771],[129.661806,33.046905],[129.661693,33.046971],[129.661431,33.046905],[129.661206,33.046905],[129.661131,33.046971],[129.660644,33.047496],[129.660381,33.047521],[129.659794,33.048079],[129.659681,33.048238],[129.659651,33.048276],[129.659681,33.048313],[129.659981,33.048554],[129.659869,33.048779],[129.659744,33.048913],[129.659606,33.049121],[129.659469,33.049479],[129.659506,33.050137],[129.659619,33.050496],[129.659806,33.050654],[129.660181,33.050787],[129.660593,33.050962],[129.661106,33.051387],[129.661643,33.051796],[129.661893,33.051887],[129.662243,33.051904],[129.662481,33.051946],[129.663043,33.051996],[129.663206,33.052038],[129.663293,33.052104],[129.663406,33.052238],[129.663318,33.052446],[129.663056,33.052846],[129.663006,33.053071],[129.663031,33.053529],[129.663006,33.053596],[129.663056,33.053862],[129.663168,33.054046],[129.663606,33.054512],[129.663681,33.054737],[129.663656,33.055079],[129.663606,33.055412],[129.663506,33.05557],[129.663281,33.055729],[129.663093,33.05582],[129.662506,33.056229],[129.662343,33.056412],[129.662293,33.056612],[129.662318,33.056795],[129.662618,33.057112],[129.662868,33.057262],[129.662918,33.057512],[129.662818,33.05812],[129.662756,33.058145],[129.662681,33.058053],[129.662193,33.05792],[129.662143,33.057878],[129.662031,33.057853],[129.661918,33.058037],[129.661631,33.05842],[129.661606,33.058645],[129.661843,33.058803],[129.661743,33.059162],[129.661718,33.060128],[129.661831,33.060695],[129.661943,33.06087],[129.662218,33.06112],[129.665568,33.063495],[129.665793,33.063678],[129.665868,33.063703],[129.66703,33.063945],[129.667168,33.063945],[129.66773,33.064028],[129.668055,33.064028],[129.668268,33.063987],[129.66878,33.063762],[129.66913,33.063645],[129.669318,33.06362],[129.669755,33.063712],[129.67083,33.06382],[129.670942,33.063912],[129.67158,33.06382],[129.67148,33.063637],[129.672067,33.063479],[129.672742,33.063429],[129.67288,33.063562],[129.674442,33.063287],[129.674467,33.063129],[129.67493,33.063037],[129.67543,33.062879],[129.67563,33.062746],[129.675792,33.062837],[129.676917,33.062471],[129.676917,33.062362],[129.67948,33.062487],[129.679642,33.062579],[129.679617,33.062846],[129.67953,33.062979],[129.678924,33.062862],[129.67883,33.062829],[129.67878,33.062621],[129.678405,33.062621],[129.67838,33.062779],[129.678105,33.062829],[129.677567,33.063079],[129.67738,33.063371],[129.677142,33.063529],[129.67698,33.063579],[129.676655,33.063737],[129.676605,33.063804],[129.676442,33.063845],[129.676005,33.064279],[129.67593,33.064437],[129.674642,33.064887],[129.67453,33.064887],[129.674392,33.064937],[129.674105,33.06507],[129.673567,33.065254],[129.673055,33.065303],[129.672567,33.065412],[129.672217,33.06557],[129.672192,33.06562],[129.67168,33.065953],[129.671467,33.066453],[129.670392,33.066978],[129.669955,33.06727],[129.669717,33.067545],[129.66978,33.067695],[129.66988,33.067836],[129.670592,33.06837],[129.671017,33.068645],[129.671455,33.068795],[129.672017,33.068911],[129.67213,33.068995],[129.67213,33.069086],[129.671967,33.069336],[129.671805,33.069361],[129.67138,33.06932],[129.67043,33.069161],[129.67003,33.069028],[129.669755,33.069003],[129.66903,33.068853],[129.66773,33.068294],[129.667292,33.068244],[129.667167,33.068269],[129.666543,33.068228],[129.665843,33.068044],[129.66578,33.068003],[129.665493,33.067894],[129.665268,33.067869],[129.665143,33.067894],[129.665055,33.067936],[129.664655,33.068027],[129.664443,33.068119],[129.663893,33.068186],[129.663493,33.068352],[129.663068,33.068577],[129.662468,33.06876],[129.661768,33.068894],[129.661018,33.069052],[129.660205,33.069368],[129.66013,33.06946],[129.659868,33.069935],[129.660568,33.070635],[129.660818,33.071018],[129.661005,33.071152],[129.661193,33.071218],[129.661543,33.07126],[129.662568,33.071327],[129.663293,33.07141],[129.66373,33.071385],[129.66413,33.071294],[129.664505,33.071119],[129.664505,33.07096],[129.664668,33.070935],[129.664892,33.071069],[129.665105,33.071294],[129.665155,33.071477],[129.66513,33.071544],[129.665155,33.071652],[129.66543,33.072035],[129.665617,33.072194],[129.66613,33.072552],[129.666267,33.072552],[129.66673,33.072211],[129.66673,33.072144],[129.666892,33.071944],[129.666942,33.071694],[129.66678,33.071536],[129.666392,33.071294],[129.66618,33.071269],[129.666292,33.070819],[129.667505,33.070586],[129.66788,33.070569],[129.668117,33.070652],[129.66818,33.070744],[129.668117,33.071152],[129.668267,33.071761],[129.66843,33.072002],[129.668855,33.072227],[129.66913,33.072319],[129.669455,33.072361],[129.670105,33.072336],[129.67053,33.072244],[129.670767,33.072136],[129.671255,33.071819],[129.671342,33.071794],[129.671442,33.071703],[129.67198,33.071769],[129.672442,33.071744],[129.672655,33.071786],[129.67288,33.072011],[129.673042,33.072219],[129.672855,33.073053],[129.672667,33.073119],[129.672617,33.073028],[129.67223,33.073078],[129.67223,33.073169],[129.671805,33.073328],[129.67148,33.073394],[129.67108,33.073578],[129.670992,33.073644],[129.670867,33.073961],[129.670942,33.074069],[129.671592,33.074203],[129.67173,33.074269],[129.672517,33.074536],[129.6726,33.074577],[129.672842,33.074694],[129.67293,33.074736],[129.67308,33.074786],[129.673217,33.074853],[129.673292,33.075053],[129.673267,33.075461],[129.673142,33.075844],[129.673167,33.076044],[129.673355,33.076094],[129.673492,33.076044],[129.673917,33.075778],[129.674355,33.075619],[129.674592,33.075594],[129.674705,33.075661],[129.674755,33.075794],[129.674217,33.076086],[129.674115,33.076257],[129.673998,33.076432],[129.673742,33.076744],[129.673205,33.077127],[129.672642,33.077719],[129.672592,33.077852],[129.672717,33.077944],[129.673067,33.077919],[129.673505,33.077827],[129.673692,33.077669],[129.674392,33.077286],[129.67568,33.076894],[129.676142,33.076803],[129.676442,33.076803],[129.676842,33.076753],[129.67728,33.076936],[129.677954,33.077453],[129.678604,33.078869],[129.677317,33.079144],[129.677342,33.078961],[129.677554,33.078853],[129.677392,33.078561],[129.677092,33.078269],[129.677067,33.078194],[129.676879,33.078044],[129.676367,33.077928],[129.676042,33.077911],[129.675392,33.078003],[129.675154,33.078094],[129.674204,33.078661],[129.673317,33.079044],[129.672892,33.079202],[129.672029,33.079652],[129.671729,33.079727],[129.671355,33.079677],[129.671142,33.07941],[129.671055,33.079369],[129.670955,33.07921],[129.670892,33.078894],[129.670942,33.078444],[129.67118,33.077969],[129.671242,33.077744],[129.67118,33.077544],[129.67108,33.077452],[129.670967,33.077402],[129.670317,33.077361],[129.669855,33.077294],[129.669505,33.077319],[129.667892,33.077119],[129.667617,33.077144],[129.666217,33.077394],[129.665305,33.07751],[129.664817,33.077443],[129.664305,33.077177],[129.66403,33.076843],[129.664055,33.076727],[129.66373,33.076393],[129.663617,33.076435],[129.663292,33.076143],[129.663267,33.076035],[129.663405,33.07551],[129.66318,33.075285],[129.662993,33.075243],[129.66278,33.07531],[129.662543,33.075452],[129.662293,33.075743],[129.661918,33.076085],[129.661605,33.076577],[129.661555,33.076852],[129.66158,33.077118],[129.661768,33.077343],[129.662093,33.07761],[129.662418,33.077818],[129.662555,33.07786],[129.663067,33.078085],[129.66328,33.078243],[129.663555,33.078802],[129.66378,33.07916],[129.66423,33.07961],[129.66513,33.080035],[129.666267,33.080393],[129.666342,33.08046],[129.666692,33.080577],[129.66713,33.080793],[129.667567,33.080927],[129.668317,33.081085],[129.668692,33.081085],[129.669667,33.08086],[129.670367,33.080677],[129.670954,33.080494],[129.671367,33.080469],[129.672579,33.08051],[129.672604,33.080535],[129.672817,33.080535],[129.673067,33.080602],[129.673517,33.080894],[129.673929,33.081319],[129.674254,33.081902],[129.674367,33.082194],[129.674692,33.082669],[129.674854,33.08321],[129.675404,33.083885],[129.675454,33.084352],[129.675542,33.084669],[129.675892,33.085369],[129.676217,33.085818],[129.676517,33.085977],[129.676816,33.086085],[129.677166,33.086152],[129.677541,33.086152],[129.677679,33.086102],[129.677791,33.086019],[129.678141,33.085852],[129.678354,33.085877],[129.678516,33.08601],[129.678841,33.086527],[129.679066,33.08666],[129.678479,33.087352],[129.678241,33.08776],[129.678104,33.088077],[129.678166,33.088343],[129.678329,33.088568],[129.678454,33.088635],[129.678591,33.088777],[129.678516,33.088935],[129.678166,33.089068],[129.677816,33.089093],[129.677279,33.089002],[129.676904,33.088852],[129.676666,33.088535],[129.676441,33.088127],[129.676316,33.088043],[129.675691,33.087818],[129.674791,33.088068],[129.674091,33.088526],[129.673804,33.088818],[129.673566,33.089768],[129.673516,33.090418],[129.673366,33.091276],[129.673204,33.091868],[129.673129,33.092609],[129.673191,33.093693],[129.673441,33.094301],[129.673753,33.094743],[129.674516,33.095418],[129.675003,33.095801],[129.675641,33.096134],[129.676266,33.096584],[129.676316,33.096651],[129.676753,33.098334],[129.676916,33.098834],[129.677216,33.099217],[129.677403,33.09935],[129.677891,33.099525],[129.679203,33.099725],[129.679928,33.099675],[129.680591,33.099517],[129.681291,33.099467],[129.682041,33.099284],[129.682178,33.099192],[129.682416,33.098851],[129.682603,33.098492],[129.682678,33.098192],[129.682916,33.098151],[129.682916,33.098059],[129.682841,33.097992],[129.682616,33.097926],[129.683178,33.097067],[129.683391,33.096951],[129.684403,33.096884],[129.685028,33.096718],[129.685928,33.096601],[129.687266,33.096051],[129.687428,33.095968],[129.687778,33.095576],[129.688016,33.095126],[129.688066,33.094718],[129.688116,33.093885],[129.688403,33.093635],[129.688728,33.093435],[129.688828,33.09341],[129.689403,33.094043],[129.690015,33.094259],[129.690465,33.094234],[129.690903,33.093918],[129.691265,33.09331],[129.691428,33.093176],[129.692928,33.092801],[129.69394,33.091718],[129.694765,33.091176],[129.695828,33.090743],[129.696253,33.09051],[129.696653,33.090085],[129.696865,33.089635],[129.696753,33.089268],[129.696565,33.08891],[129.69624,33.088443],[129.696128,33.088102],[129.696215,33.087902],[129.69629,33.087902],[129.69664,33.088077],[129.69724,33.08866],[129.697665,33.088977],[129.697903,33.089202],[129.698153,33.090185],[129.698378,33.090593],[129.69869,33.090835],[129.699828,33.091235],[129.700365,33.091143],[129.700728,33.09081],[129.700915,33.090401],[129.70094,33.09006],[129.70064,33.089385],[129.700365,33.088577],[129.700503,33.088377],[129.700815,33.088285],[129.701378,33.088277],[129.701628,33.088143],[129.70239,33.087377],[129.703065,33.08661],[129.703302,33.086502],[129.703527,33.086502],[129.703927,33.08641],[129.70409,33.086343],[129.704165,33.086227],[129.704215,33.085844],[129.70414,33.085777],[129.704052,33.085777],[129.704027,33.08526],[129.704102,33.085169],[129.704127,33.084535],[129.704215,33.084402],[129.704402,33.084194],[129.704577,33.083744],[129.704552,33.083502],[129.703903,33.08276],[129.703228,33.08296],[129.703153,33.082827],[129.703715,33.082602],[129.70374,33.082394],[129.703903,33.082352],[129.704553,33.082577],[129.705202,33.082644],[129.705415,33.082819],[129.705577,33.08291],[129.705715,33.082885],[129.70579,33.082685],[129.705465,33.081961],[129.705465,33.081827],[129.70564,33.081019],[129.705565,33.080652],[129.705727,33.080452],[129.70604,33.079869],[129.706202,33.079344],[129.706228,33.078894],[129.706303,33.078719],[129.706415,33.078577],[129.706515,33.078536],[129.706677,33.078561],[129.70674,33.078602],[129.70679,33.078986],[129.706902,33.079436],[129.706852,33.079646],[129.706852,33.079861],[129.706874,33.080005],[129.706902,33.080244],[129.706777,33.080561],[129.706502,33.080811],[129.706402,33.081086],[129.706402,33.081261],[129.706477,33.081352],[129.706565,33.081735],[129.706727,33.08196],[129.706915,33.082135],[129.707165,33.082277],[129.70724,33.082277],[129.70759,33.08216],[129.708165,33.081844],[129.708452,33.081594],[129.708427,33.08166],[129.708327,33.082294],[129.708352,33.08261],[129.70844,33.082702],[129.708352,33.082785],[129.708215,33.082902],[129.707815,33.083085],[129.707552,33.083244],[129.70739,33.083444],[129.707234,33.083641],[129.70699,33.083944],[129.706552,33.08421],[129.706365,33.084644],[129.706377,33.084935],[129.706315,33.085052],[129.70619,33.08521],[129.70619,33.085277],[129.706352,33.086243],[129.706302,33.086877],[129.706415,33.087193],[129.70789,33.08766],[129.709552,33.088102],[129.710114,33.088143],[129.710377,33.088127],[129.710652,33.08796],[129.710777,33.087602],[129.710964,33.086952],[129.711364,33.086227],[129.711827,33.085935],[129.712439,33.08566],[129.712902,33.085435],[129.714189,33.084644],[129.714214,33.08471],[129.714064,33.08491],[129.714089,33.084977],[129.714789,33.084502],[129.714752,33.084485],[129.714489,33.084644],[129.714352,33.084485],[129.715214,33.083852],[129.714802,33.083444],[129.714102,33.083285],[129.713689,33.082885],[129.713664,33.082685],[129.713877,33.08216],[129.714014,33.082069],[129.714202,33.082094],[129.714552,33.082119],[129.714802,33.08216],[129.714802,33.082185],[129.715252,33.081977],[129.715577,33.08186],[129.716302,33.08191],[129.716302,33.08186],[129.716702,33.081527],[129.716864,33.081319],[129.716939,33.080619],[129.717052,33.080394],[129.717289,33.080261],[129.717501,33.080211],[129.717826,33.080344],[129.718701,33.081019],[129.718626,33.081561],[129.718676,33.081769],[129.718951,33.081852],[129.719051,33.081786],[129.719189,33.081469],[129.719239,33.081152],[129.719314,33.080611],[129.719214,33.080436],[129.719364,33.080277],[129.719876,33.080161],[129.720126,33.080027],[129.720364,33.079977],[129.720689,33.080002],[129.720876,33.079886],[129.720989,33.079752],[129.721089,33.079369],[129.720814,33.079186],[129.720651,33.079011],[129.720739,33.078852],[129.720701,33.078694],[129.720351,33.078561],[129.720251,33.078469],[129.720251,33.078336],[129.720301,33.078203],[129.720539,33.078128],[129.720864,33.078178],[129.721489,33.078353],[129.721726,33.078311],[129.721776,33.078011],[129.721239,33.077703],[129.721051,33.077519],[129.721151,33.077228],[129.721176,33.076961],[129.721051,33.076819],[129.720751,33.076778],[129.720314,33.077136],[129.720076,33.077211],[129.719964,33.077144],[129.719889,33.077003],[129.719701,33.076828],[129.719376,33.076828],[129.719289,33.076853],[129.719076,33.076736],[129.718864,33.076511],[129.718726,33.076469],[129.718352,33.076494],[129.718127,33.076428],[129.717964,33.076203],[129.718052,33.075861],[129.718614,33.075278],[129.718789,33.07487],[129.718977,33.074595],[129.719064,33.074303],[129.719002,33.073811],[129.718914,33.073495],[129.718702,33.073111],[129.718677,33.072928],[129.718777,33.07277],[129.718727,33.072478],[129.717889,33.072328],[129.717514,33.072236],[129.717152,33.072011],[129.716939,33.071945],[129.716614,33.071995],[129.715189,33.072245],[129.714814,33.072336],[129.714627,33.072495],[129.714539,33.072495],[129.714577,33.07247],[129.714489,33.072336],[129.714464,33.072061],[129.714239,33.071686],[129.713865,33.07132],[129.71389,33.071162],[129.714514,33.071412],[129.714939,33.07152],[129.715164,33.07152],[129.715589,33.071412],[129.716014,33.071203],[129.716177,33.071203],[129.716477,33.071112],[129.716639,33.071003],[129.716964,33.07057],[129.716927,33.06992],[129.717464,33.069753]]],"type":"Polygon"}},{"properties":{"name":"西彼杵","yomi":"にしたかき","kuni_id":"K67","pref":"長崎県","kuni_url":"/kg/resource/K67.html","id_url":"G67011.html","id":"G67011","kuni":"肥前"},"geometry":{"coordinates":[[[129.623359,33.042071],[129.623059,33.041829],[129.623084,33.041712],[129.623572,33.041962],[129.623922,33.042204],[129.624059,33.042271],[129.624197,33.042296],[129.624309,33.042204],[129.624647,33.042004],[129.624972,33.042179],[129.624947,33.042362],[129.629584,33.042662],[129.629721,33.042454],[129.629746,33.041579],[129.629771,33.041513],[129.629059,33.039738],[129.628596,33.039554],[129.628284,33.039671],[129.628034,33.039646],[129.627984,33.039621],[129.627821,33.039313],[129.627684,33.039246],[129.626609,33.039629],[129.626059,33.038663],[129.626896,33.037988],[129.627459,33.038046],[129.627596,33.038029],[129.627671,33.037779],[129.627559,33.037171],[129.627696,33.037013],[129.627621,33.03688],[129.627096,33.036496],[129.626346,33.035755],[129.626209,33.035663],[129.626071,33.035621],[129.625809,33.035596],[129.625422,33.035671],[129.624972,33.035763],[129.624484,33.035738],[129.624297,33.035696],[129.623997,33.035671],[129.623084,33.035521],[129.622897,33.035405],[129.622922,33.035088],[129.623097,33.034755],[129.623297,33.034638],[129.623672,33.034571],[129.623859,33.034571],[129.624097,33.034655],[129.624072,33.035038],[129.624134,33.035155],[129.624347,33.035221],[129.624647,33.035246],[129.624772,33.035288],[129.625347,33.035038],[129.625472,33.034988],[129.625584,33.034813],[129.625584,33.034588],[129.625447,33.034313],[129.625359,33.033863],[129.625284,33.033705],[129.625172,33.033638],[129.625172,33.03353],[129.625059,33.03328],[129.624847,33.033055],[129.624434,33.03288],[129.623684,33.032696],[129.623197,33.032655],[129.622744,33.032529],[129.622734,33.03258],[129.622497,33.032555],[129.622097,33.032396],[129.62121,33.031172],[129.620547,33.030747],[129.619447,33.030472],[129.618347,33.029897],[129.61781,33.03003],[129.61751,33.029988],[129.617485,33.030188],[129.617198,33.03028],[129.617198,33.030347],[129.617647,33.030822],[129.618847,33.032313],[129.618847,33.032588],[129.618497,33.032446],[129.618122,33.032471],[129.617835,33.032788],[129.61751,33.033213],[129.617722,33.03348],[129.618147,33.033663],[129.618172,33.034046],[129.617485,33.034296],[129.616198,33.034563],[129.615123,33.034513],[129.61426,33.034304],[129.613323,33.034279],[129.612686,33.033963],[129.612598,33.033488],[129.612948,33.033221],[129.613248,33.033396],[129.613298,33.033238],[129.613535,33.033355],[129.613623,33.033155],[129.613248,33.03293],[129.613323,33.03268],[129.613223,33.032496],[129.612773,33.030805],[129.612586,33.030555],[129.612448,33.030646],[129.612423,33.030805],[129.611611,33.030713],[129.611536,33.030938],[129.611073,33.030955],[129.610386,33.030746],[129.610036,33.030188],[129.609873,33.029263],[129.609986,33.028563],[129.609936,33.027972],[129.609449,33.027497],[129.609074,33.02628],[129.608674,33.025289],[129.608299,33.024589],[129.608274,33.023889],[129.608386,33.023664],[129.609061,33.023322],[129.609624,33.022831],[129.609549,33.022289],[129.609199,33.022064],[129.607686,33.022689],[129.607236,33.023047],[129.606749,33.023522],[129.605899,33.02363],[129.604874,33.023539],[129.604074,33.023514],[129.603237,33.024389],[129.603262,33.025988],[129.603124,33.026555],[129.603287,33.027097],[129.603337,33.027563],[129.603462,33.02833],[129.603499,33.028338],[129.603574,33.028547],[129.603637,33.02873],[129.603787,33.028955],[129.603999,33.029163],[129.604212,33.029363],[129.604287,33.029463],[129.604312,33.029571],[129.604287,33.029871],[129.604287,33.030146],[129.604312,33.030288],[129.604412,33.030463],[129.604537,33.030696],[129.604599,33.030946],[129.604574,33.031155],[129.604374,33.031021],[129.604049,33.030763],[129.603937,33.030513],[129.603937,33.030288],[129.603962,33.03023],[129.602812,33.029213],[129.603299,33.028947],[129.603062,33.028497],[129.602449,33.028755],[129.601387,33.027155],[129.601112,33.026838],[129.601037,33.025822],[129.600925,33.025239],[129.600662,33.02483],[129.600287,33.024464],[129.6001,33.023905],[129.599562,33.023564],[129.598388,33.02353],[129.598125,33.02383],[129.5985,33.02403],[129.599,33.024255],[129.599025,33.02448],[129.59895,33.02453],[129.598038,33.024455],[129.597425,33.024547],[129.5972,33.024797],[129.596988,33.025422],[129.596538,33.02578],[129.596075,33.025938],[129.595863,33.026205],[129.595301,33.026455],[129.594713,33.026363],[129.594338,33.026655],[129.593988,33.027372],[129.593663,33.027555],[129.593013,33.02748],[129.592026,33.027438],[129.591439,33.027588],[129.590689,33.027655],[129.589526,33.02763],[129.588751,33.026972],[129.587439,33.027938],[129.587327,33.028413],[129.587539,33.028521],[129.588001,33.028955],[129.588076,33.02988],[129.587889,33.03013],[129.587751,33.030013],[129.587539,33.02958],[129.586714,33.030321],[129.587027,33.030688],[129.587302,33.03123],[129.587402,33.031838],[129.587264,33.032038],[129.587127,33.032629],[129.586914,33.032921],[129.586752,33.033304],[129.587264,33.033596],[129.587264,33.034113],[129.586914,33.034296],[129.586889,33.034721],[129.587077,33.035604],[129.587264,33.035787],[129.588139,33.036037],[129.588201,33.036146],[129.588089,33.036687],[129.588326,33.037321],[129.588489,33.037912],[129.588589,33.038154],[129.588726,33.038162],[129.589376,33.038296],[129.590488,33.039087],[129.590601,33.039271],[129.590339,33.039429],[129.590763,33.040195],[129.590551,33.040445],[129.590801,33.04062],[129.591101,33.040412],[129.591201,33.040487],[129.591451,33.04062],[129.591826,33.040762],[129.592276,33.04087],[129.592588,33.040954],[129.592963,33.041054],[129.593226,33.041204],[129.593513,33.041412],[129.593788,33.041662],[129.594013,33.041795],[129.594513,33.041912],[129.594875,33.041979],[129.59505,33.042104],[129.594863,33.04212],[129.594663,33.042137],[129.5943,33.042137],[129.593925,33.042129],[129.593588,33.042137],[129.593363,33.042137],[129.593176,33.042079],[129.592876,33.041937],[129.592601,33.041804],[129.592238,33.041645],[129.591963,33.041562],[129.591588,33.041554],[129.591188,33.041604],[129.591038,33.041579],[129.590951,33.041512],[129.590838,33.041395],[129.590713,33.041204],[129.590501,33.040912],[129.590338,33.040712],[129.590351,33.040662],[129.589851,33.040754],[129.589639,33.040595],[129.589551,33.04037],[129.589526,33.04042],[129.589551,33.040804],[129.589851,33.041345],[129.590251,33.04222],[129.590238,33.04252],[129.590563,33.043304],[129.591451,33.044345],[129.591713,33.045045],[129.591901,33.045678],[129.591626,33.046128],[129.591788,33.046628],[129.591976,33.046745],[129.592401,33.046745],[129.59305,33.047087],[129.593263,33.047511],[129.593638,33.047695],[129.594313,33.047695],[129.595488,33.047995],[129.597125,33.048745],[129.597387,33.048786],[129.597437,33.048878],[129.5975,33.049245],[129.597812,33.049695],[129.597812,33.050036],[129.597737,33.050661],[129.597862,33.05127],[129.597862,33.051794],[129.598187,33.052203],[129.598912,33.052561],[129.599475,33.052428],[129.599875,33.052111],[129.600174,33.052253],[129.600712,33.051261],[129.600712,33.051011],[129.600387,33.050853],[129.600125,33.050511],[129.600312,33.050336],[129.600737,33.050361],[129.601574,33.050878],[129.602024,33.051128],[129.602024,33.052486],[129.602099,33.053319],[129.602012,33.054194],[129.601824,33.054644],[129.601312,33.054803],[129.601349,33.055003],[129.601287,33.055303],[129.601637,33.055661],[129.601749,33.055711],[129.602199,33.056094],[129.602949,33.056911],[129.603586,33.057244],[129.604074,33.057177],[129.604824,33.056777],[129.605149,33.055944],[129.605449,33.055536],[129.605424,33.055403],[129.605586,33.054911],[129.606361,33.054711],[129.606899,33.054419],[129.607224,33.053744],[129.607361,33.053719],[129.607649,33.053928],[129.607999,33.053811],[129.608186,33.054103],[129.609686,33.053528],[129.610123,33.054019],[129.609798,33.054244],[129.609123,33.054269],[129.608861,33.054653],[129.608561,33.055169],[129.608348,33.055778],[129.608348,33.056136],[129.608473,33.056428],[129.608423,33.056953],[129.607986,33.057577],[129.607886,33.057602],[129.607486,33.057352],[129.607424,33.056969],[129.605874,33.057819],[129.606136,33.058044],[129.605811,33.058586],[129.605174,33.058986],[129.604386,33.059211],[129.605174,33.060277],[129.605461,33.06086],[129.605699,33.061002],[129.605911,33.061385],[129.605749,33.06181],[129.605674,33.062285],[129.605511,33.06251],[129.605086,33.062302],[129.604811,33.062644],[129.605399,33.062735],[129.605511,33.063052],[129.605836,33.063277],[129.605961,33.063569],[129.606049,33.063935],[129.606474,33.064202],[129.606586,33.064319],[129.607111,33.064543],[129.607623,33.06511],[129.608136,33.065293],[129.608536,33.065477],[129.608723,33.065427],[129.609611,33.065093],[129.610073,33.064469],[129.609936,33.063719],[129.609886,33.062927],[129.609961,33.062619],[129.610498,33.062027],[129.611635,33.061535],[129.612835,33.061294],[129.613048,33.061277],[129.613273,33.061252],[129.614873,33.061236],[129.615148,33.061119],[129.61566,33.060444],[129.615785,33.060427],[129.61616,33.060586],[129.616247,33.061036],[129.616347,33.061061],[129.616785,33.061377],[129.617285,33.061511],[129.619035,33.061002],[129.62011,33.060911],[129.621372,33.060919],[129.622359,33.060177],[129.622734,33.059952],[129.622743,33.060009],[129.622997,33.059869],[129.623184,33.059802],[129.623722,33.059802],[129.624422,33.059911],[129.624559,33.059977],[129.624834,33.060044],[129.625184,33.060019],[129.625484,33.060044],[129.625696,33.060152],[129.625909,33.060311],[129.625971,33.060602],[129.625809,33.061102],[129.625646,33.061344],[129.625571,33.061844],[129.625734,33.062027],[129.625759,33.062044],[129.626171,33.062069],[129.626709,33.061911],[129.627059,33.061661],[129.627159,33.061636],[129.627484,33.061702],[129.627621,33.061994],[129.627484,33.062202],[129.627459,33.062352],[129.627484,33.062427],[129.627596,33.062511],[129.627646,33.062444],[129.627784,33.062761],[129.627759,33.062919],[129.627871,33.063211],[129.628059,33.063502],[129.628571,33.063794],[129.629059,33.063902],[129.629471,33.063994],[129.629571,33.063902],[129.629684,33.063744],[129.629921,33.063744],[129.630171,33.063811],[129.630458,33.063836],[129.630546,33.063811],[129.630733,33.063627],[129.631133,33.063652],[129.631158,33.063677],[129.631433,33.063602],[129.631483,33.063519],[129.631758,33.063494],[129.632108,33.063352],[129.632208,33.063286],[129.632208,33.063127],[129.632958,33.062544],[129.633446,33.062561],[129.633633,33.062536],[129.634208,33.062602],[129.634496,33.062627],[129.635008,33.062536],[129.635608,33.062511],[129.63587,33.062419],[129.636058,33.062377],[129.636283,33.062394],[129.636708,33.062286],[129.636758,33.062236],[129.63682,33.062077],[129.636783,33.061444],[129.636595,33.060978],[129.636383,33.060728],[129.636245,33.060686],[129.636108,33.060794],[129.636108,33.060936],[129.635458,33.060686],[129.635408,33.060578],[129.635058,33.060328],[129.635221,33.060144],[129.635408,33.060078],[129.635695,33.060119],[129.635645,33.060303],[129.637595,33.060519],[129.637783,33.060453],[129.63802,33.060544],[129.638183,33.060494],[129.638395,33.060269],[129.63842,33.060161],[129.63837,33.060003],[129.63812,33.059844],[129.63767,33.059753],[129.637345,33.059303],[129.637345,33.059261],[129.637183,33.059128],[129.63702,33.058969],[129.636933,33.058786],[129.636558,33.058561],[129.636283,33.058519],[129.636095,33.058544],[129.636045,33.058519],[129.635446,33.058728],[129.635258,33.058753],[129.635158,33.058794],[129.634696,33.058753],[129.634258,33.058661],[129.633583,33.058594],[129.632971,33.058619],[129.632271,33.058986],[129.631871,33.059028],[129.631346,33.058853],[129.630921,33.058653],[129.630671,33.058586],[129.630384,33.058536],[129.630271,33.058494],[129.630271,33.058453],[129.631108,33.057994],[129.631158,33.057769],[129.631233,33.057728],[129.631458,33.057728],[129.631721,33.057636],[129.631771,33.057569],[129.631796,33.057361],[129.631933,33.057228],[129.632021,33.057203],[129.632233,33.05732],[129.632446,33.057228],[129.632471,33.057178],[129.632696,33.057095],[129.632746,33.057045],[129.632721,33.056911],[129.632633,33.056845],[129.632583,33.056728],[129.632846,33.056345],[129.632821,33.056278],[129.632683,33.056303],[129.632471,33.056486],[129.632233,33.056553],[129.632046,33.056553],[129.632071,33.056486],[129.632033,33.05642],[129.632071,33.056303],[129.632008,33.056145],[129.631933,33.056103],[129.631771,33.056145],[129.631683,33.056211],[129.631608,33.05622],[129.631358,33.056328],[129.631146,33.056486],[129.631183,33.056761],[129.630909,33.056895],[129.630371,33.056986],[129.630159,33.057394],[129.629809,33.057619],[129.629759,33.057619],[129.629509,33.057261],[129.629371,33.057128],[129.629184,33.057103],[129.629046,33.057144],[129.628884,33.057286],[129.628784,33.057511],[129.628596,33.057528],[129.628509,33.057578],[129.628246,33.057644],[129.628159,33.057761],[129.628134,33.057894],[129.628009,33.057986],[129.627734,33.057936],[129.627646,33.057961],[129.627621,33.057711],[129.627521,33.057511],[129.627409,33.057444],[129.627384,33.057336],[129.628021,33.057394],[129.628246,33.057394],[129.628434,33.057261],[129.628509,33.056994],[129.628434,33.056836],[129.628321,33.056769],[129.627859,33.056703],[129.627534,33.056744],[129.627509,33.056769],[129.627396,33.056636],[129.627809,33.056478],[129.628284,33.056345],[129.627146,33.054986],[129.626934,33.054728],[129.626759,33.054536],[129.626621,33.054345],[129.626434,33.054161],[129.626272,33.05397],[129.626147,33.053786],[129.626084,33.053636],[129.626009,33.053378],[129.625972,33.053278],[129.625959,33.053178],[129.625872,33.052978],[129.625959,33.052961],[129.625872,33.052945],[129.625809,33.05282],[129.625759,33.052711],[129.625684,33.052553],[129.625572,33.052436],[129.625472,33.052378],[129.625322,33.05232],[129.625234,33.052295],[129.625109,33.05232],[129.624909,33.052336],[129.624772,33.052403],[129.624559,33.052261],[129.624334,33.052103],[129.624122,33.051928],[129.623959,33.05177],[129.623834,33.051587],[129.623822,33.051487],[129.623809,33.05137],[129.623747,33.051278],[129.623672,33.051245],[129.623559,33.051228],[129.623434,33.05122],[129.623322,33.05127],[129.623234,33.051328],[129.623147,33.051403],[129.623072,33.051328],[129.623084,33.051245],[129.623097,33.051162],[129.623134,33.050987],[129.623159,33.050812],[129.623159,33.050712],[129.623072,33.050662],[129.622934,33.050645],[129.622834,33.05067],[129.622734,33.050637],[129.622709,33.050603],[129.622634,33.05062],[129.622522,33.050687],[129.622359,33.050612],[129.622284,33.050687],[129.622197,33.050878],[129.622209,33.050995],[129.621922,33.050878],[129.621822,33.050945],[129.621572,33.051128],[129.62141,33.05122],[129.62131,33.051253],[129.62121,33.05122],[129.621122,33.051145],[129.621072,33.050937],[129.62096,33.050887],[129.620797,33.050937],[129.620597,33.051095],[129.620435,33.051178],[129.620435,33.051087],[129.62046,33.050745],[129.620447,33.050545],[129.62026,33.050212],[129.620297,33.05012],[129.620347,33.050053],[129.620547,33.05007],[129.620872,33.05022],[129.621222,33.050237],[129.621485,33.05022],[129.621585,33.050203],[129.621734,33.050045],[129.621734,33.049945],[129.621759,33.049862],[129.621872,33.049787],[129.622047,33.049837],[129.622134,33.049878],[129.622259,33.049853],[129.622234,33.049703],[129.622259,33.049603],[129.622372,33.049637],[129.622547,33.049603],[129.622684,33.049495],[129.622809,33.049703],[129.622922,33.049737],[129.623072,33.04977],[129.623209,33.049878],[129.623397,33.049845],[129.623522,33.049903],[129.623634,33.050028],[129.623759,33.050003],[129.623947,33.049937],[129.623922,33.049762],[129.623884,33.04952],[129.623909,33.049353],[129.623984,33.04927],[129.624084,33.049262],[129.624234,33.049287],[129.624322,33.049287],[129.624384,33.049345],[129.624447,33.049462],[129.624484,33.049612],[129.624497,33.049853],[129.624547,33.05002],[129.624584,33.050078],[129.624622,33.050162],[129.624634,33.050353],[129.624622,33.050445],[129.624622,33.05057],[129.624634,33.050728],[129.624647,33.050903],[129.624647,33.051053],[129.624672,33.051178],[129.624722,33.051253],[129.624872,33.051478],[129.624972,33.05172],[129.625034,33.051887],[129.625247,33.05202],[129.625347,33.052012],[129.625459,33.052028],[129.625609,33.052087],[129.625697,33.052128],[129.625797,33.052228],[129.625972,33.052445],[129.626159,33.052711],[129.626234,33.052845],[129.626347,33.053011],[129.626472,33.053186],[129.626522,33.053403],[129.626559,33.053586],[129.626621,33.053795],[129.626659,33.05392],[129.626696,33.054011],[129.626809,33.054103],[129.627009,33.054328],[129.627159,33.054486],[129.627309,33.054653],[129.627496,33.054886],[129.628584,33.056278],[129.628884,33.05652],[129.629721,33.056495],[129.629834,33.05647],[129.631683,33.055361],[129.631571,33.055228],[129.631683,33.055153],[129.631459,33.054845],[129.631309,33.054936],[129.630184,33.05352],[129.630246,33.053295],[129.633358,33.051437],[129.633171,33.05112],[129.633808,33.050712],[129.634133,33.05107],[129.634596,33.050753],[129.633508,33.04952],[129.633596,33.049404],[129.633433,33.049179],[129.633346,33.04932],[129.633183,33.049162],[129.633296,33.049045],[129.633133,33.048795],[129.632996,33.04887],[129.632021,33.047654],[129.632721,33.047204],[129.631796,33.046104],[129.631921,33.046029],[129.631684,33.045787],[129.631546,33.045879],[129.631384,33.045671],[129.631546,33.045579],[129.631384,33.045379],[129.631196,33.045429],[129.630334,33.044462],[129.630271,33.044437],[129.628946,33.044371],[129.626584,33.045737],[129.624997,33.045245],[129.624934,33.044954],[129.625122,33.044795],[129.625122,33.044637],[129.625209,33.044546],[129.624984,33.044362],[129.624684,33.043937],[129.624497,33.043737],[129.624359,33.043421],[129.624284,33.043262],[129.623747,33.042904],[129.623684,33.042862],[129.623684,33.042587],[129.623359,33.042071]]],"type":"Polygon"},"type":"Feature"},{"type":"Feature","properties":{"name":"西彼杵","yomi":"にしたかき","kuni_id":"K67","pref":"長崎県","kuni_url":"/kg/resource/K67.html","id_url":"G67011.html","id":"G67011","kuni":"肥前"},"geometry":{"coordinates":[[[129.561929,33.000548],[129.561529,33.000673],[129.561029,33.000973],[129.560191,33.001181],[129.559279,33.001315],[129.558379,33.00129],[129.558141,33.001256],[129.556991,33.000881],[129.556391,33.000773],[129.555954,33.000823],[129.555829,33.000914],[129.555491,33.001514],[129.555279,33.002673],[129.554916,33.002831],[129.554891,33.003331],[129.554941,33.003656],[129.555454,33.004264],[129.555441,33.004764],[129.555254,33.005172],[129.555491,33.005531],[129.555579,33.005556],[129.556116,33.005464],[129.556679,33.004973],[129.556941,33.004998],[129.557404,33.004864],[129.557779,33.004273],[129.558179,33.004298],[129.558716,33.004506],[129.558791,33.005006],[129.558479,33.005473],[129.558016,33.005831],[129.557266,33.006106],[129.556941,33.006414],[129.556679,33.006822],[129.556779,33.007364],[129.556829,33.007972],[129.556716,33.008422],[129.557179,33.008789],[129.557554,33.008831],[129.558091,33.008606],[129.559454,33.007889],[129.560129,33.007914],[129.560366,33.008306],[129.560179,33.008614],[129.560629,33.008797],[129.561254,33.008531],[129.561491,33.008014],[129.561579,33.007964],[129.562166,33.007989],[129.562379,33.007614],[129.563691,33.007839],[129.565141,33.007689],[129.565329,33.008414],[129.565054,33.008481],[129.564491,33.008789],[129.563829,33.008898],[129.562429,33.009214],[129.562104,33.009372],[129.561866,33.009747],[129.560491,33.009972],[129.560179,33.010064],[129.559854,33.010464],[129.559929,33.011072],[129.560304,33.011731],[129.560917,33.012006],[129.561316,33.011731],[129.561966,33.011531],[129.562291,33.011781],[129.563041,33.012147],[129.563841,33.012331],[129.564216,33.012147],[129.564404,33.011631],[129.564991,33.011322],[129.565241,33.010956],[129.565929,33.010914],[129.566604,33.011122],[129.566516,33.012047],[129.566304,33.012431],[129.566166,33.013014],[129.565841,33.013306],[129.565716,33.013739],[129.565866,33.013872],[129.566866,33.014172],[129.566966,33.014347],[129.567291,33.014664],[129.567504,33.014581],[129.567579,33.015031],[129.567204,33.015497],[129.567454,33.015589],[129.567879,33.015439],[129.568279,33.015214],[129.568579,33.014989],[129.568391,33.015756],[129.567904,33.01618],[129.568091,33.016655],[129.568054,33.017514],[129.568354,33.017922],[129.568866,33.017897],[129.569054,33.017764],[129.569291,33.017272],[129.569454,33.017155],[129.569404,33.016705],[129.569941,33.016439],[129.570441,33.017089],[129.570416,33.017972],[129.570441,33.018039],[129.569666,33.019164],[129.571141,33.019847],[129.571216,33.020255],[129.570866,33.020364],[129.571054,33.021264],[129.571316,33.021855],[129.571904,33.022105],[129.572678,33.022039],[129.573403,33.021839],[129.574403,33.021347],[129.575503,33.02088],[129.575178,33.021622],[129.574453,33.022022],[129.574028,33.02243],[129.573303,33.022655],[129.573428,33.02308],[129.573641,33.023197],[129.574503,33.023238],[129.574928,33.023063],[129.575066,33.023155],[129.575041,33.023288],[129.575791,33.023813],[129.576566,33.024063],[129.57769,33.024113],[129.57809,33.024155],[129.578115,33.02418],[129.577665,33.024338],[129.577103,33.02438],[129.576378,33.024263],[129.575741,33.024038],[129.575203,33.024013],[129.574828,33.023738],[129.574666,33.023672],[129.574078,33.023872],[129.573778,33.023897],[129.572754,33.02378],[129.571904,33.023055],[129.570779,33.022688],[129.570429,33.022147],[129.570241,33.022005],[129.569654,33.022097],[129.569679,33.021514],[129.569441,33.020789],[129.569254,33.020539],[129.568266,33.01988],[129.568054,33.019839],[129.567541,33.02013],[129.567304,33.020647],[129.566979,33.020555],[129.566679,33.021047],[129.566817,33.021097],[129.566417,33.022088],[129.566354,33.023147],[129.566404,33.023438],[129.566567,33.02348],[129.566379,33.02398],[129.565604,33.023955],[129.565654,33.023455],[129.565467,33.022738],[129.565392,33.022038],[129.564879,33.02158],[129.564967,33.021222],[129.564867,33.020588],[129.564379,33.01978],[129.565504,33.01883],[129.565592,33.01838],[129.565242,33.017955],[129.564579,33.017722],[129.564254,33.017747],[129.563742,33.018039],[129.563179,33.018664],[129.562154,33.019405],[129.562017,33.019947],[129.562105,33.02013],[129.562742,33.020513],[129.563654,33.020588],[129.563892,33.02068],[129.563979,33.021197],[129.563754,33.021847],[129.56308,33.023272],[129.562605,33.023805],[129.561817,33.023897],[129.56158,33.023805],[129.560942,33.023755],[129.56083,33.02378],[129.560218,33.023705],[129.56013,33.023863],[129.560455,33.024072],[129.560155,33.025355],[129.560205,33.025988],[129.560018,33.026571],[129.560155,33.027338],[129.560393,33.027655],[129.56068,33.02743],[129.561305,33.02728],[129.562218,33.02773],[129.562268,33.027846],[129.56213,33.028313],[129.561855,33.028655],[129.561643,33.029463],[129.561455,33.03003],[129.561718,33.030454],[129.562255,33.030413],[129.563005,33.029988],[129.56328,33.029721],[129.563792,33.029405],[129.564167,33.029271],[129.564005,33.02918],[129.56398,33.029021],[129.564192,33.028596],[129.564305,33.028255],[129.56478,33.02833],[129.564917,33.028663],[129.564755,33.02878],[129.56468,33.029071],[129.564805,33.029338],[129.564755,33.02943],[129.564405,33.029246],[129.564305,33.029271],[129.564405,33.029788],[129.564567,33.030288],[129.565067,33.030355],[129.56583,33.030021],[129.566704,33.02998],[129.567642,33.030213],[129.568342,33.03008],[129.568692,33.029963],[129.569317,33.029605],[129.569579,33.02898],[129.569879,33.028596],[129.571754,33.028038],[129.572054,33.027921],[129.572879,33.02788],[129.573903,33.02768],[129.574541,33.027705],[129.575353,33.028046],[129.576528,33.028163],[129.577353,33.027963],[129.578515,33.02793],[129.57894,33.028288],[129.579453,33.028155],[129.580203,33.027796],[129.58044,33.027596],[129.580603,33.027188],[129.580503,33.026605],[129.580528,33.026288],[129.580715,33.025788],[129.581065,33.025413],[129.581277,33.02548],[129.581252,33.026263],[129.581352,33.026605],[129.58154,33.02663],[129.582215,33.02638],[129.582677,33.026163],[129.582865,33.026297],[129.582477,33.02668],[129.58219,33.026855],[129.58154,33.027055],[129.581277,33.027438],[129.581377,33.027688],[129.581752,33.027821],[129.583015,33.02733],[129.583877,33.027813],[129.58404,33.028446],[129.583815,33.029071],[129.583815,33.02928],[129.584214,33.02923],[129.584677,33.028921],[129.584939,33.02863],[129.585102,33.028221],[129.585239,33.027497],[129.585139,33.027547],[129.584864,33.027455],[129.584739,33.027088],[129.584839,33.026955],[129.584739,33.026888],[129.584839,33.026755],[129.585839,33.025988],[129.586377,33.02518],[129.586702,33.024372],[129.586914,33.024147],[129.587552,33.023947],[129.588151,33.024105],[129.588551,33.02388],[129.589114,33.023705],[129.589651,33.023322],[129.590001,33.02303],[129.590426,33.022355],[129.590326,33.021839],[129.589901,33.021222],[129.589626,33.020705],[129.589176,33.020297],[129.588989,33.020006],[129.588426,33.019347],[129.587464,33.018939],[129.587039,33.018872],[129.586577,33.018531],[129.586389,33.017781],[129.585989,33.017147],[129.585114,33.015298],[129.584689,33.014531],[129.584314,33.014189],[129.583914,33.013623],[129.583752,33.013106],[129.583215,33.012581],[129.58209,33.012289],[129.581427,33.012281],[129.580965,33.012531],[129.58064,33.012931],[129.580515,33.012931],[129.57984,33.012664],[129.57944,33.011939],[129.579202,33.011281],[129.578665,33.010673],[129.57834,33.010448],[129.577753,33.009923],[129.577115,33.008948],[129.57639,33.008615],[129.575453,33.00854],[129.574353,33.008715],[129.571941,33.008889],[129.570678,33.008814],[129.570391,33.008656],[129.569903,33.008248],[129.569028,33.007998],[129.568466,33.007631],[129.568166,33.007115],[129.567416,33.006681],[129.566478,33.006564],[129.565891,33.006364],[129.565178,33.005615],[129.565178,33.004415],[129.564878,33.003856],[129.564266,33.00374],[129.563778,33.004006],[129.563591,33.004048],[129.562878,33.003756],[129.562129,33.00339],[129.562041,33.003331],[129.561929,33.003206],[129.561816,33.002915],[129.561854,33.002706],[129.562179,33.002565],[129.562428,33.002348],[129.562541,33.000873],[129.562441,33.000623],[129.561929,33.000548]]],"type":"Polygon"}},{"geometry":{"coordinates":[[[129.234156,32.988719],[129.233993,32.988769],[129.233781,32.988727],[129.233781,32.989202],[129.233343,32.989743],[129.233018,32.989993],[129.233056,32.990152],[129.233643,32.99031],[129.234093,32.990327],[129.234368,32.990477],[129.234293,32.990593],[129.234106,32.99066],[129.234218,32.990818],[129.235618,32.991393],[129.236206,32.991752],[129.236806,32.991902],[129.237205,32.991968],[129.237418,32.99226],[129.237768,32.993677],[129.238305,32.993693],[129.238568,32.993827],[129.23868,32.994052],[129.238868,32.994235],[129.239043,32.99446],[129.239718,32.995193],[129.240205,32.995693],[129.240268,32.996052],[129.240055,32.99626],[129.239493,32.996351],[129.238905,32.99656],[129.23843,32.99666],[129.237755,32.996618],[129.237018,32.996735],[129.235943,32.997176],[129.235756,32.997226],[129.235468,32.997118],[129.235006,32.997101],[129.234856,32.997276],[129.235068,32.997526],[129.235956,32.997651],[129.235906,32.997951],[129.235968,32.998218],[129.236343,32.998218],[129.236631,32.99796],[129.236843,32.998051],[129.236931,32.998251],[129.237031,32.998251],[129.237618,32.998001],[129.237605,32.99856],[129.237868,32.998676],[129.238455,32.998535],[129.23888,32.998393],[129.239068,32.998368],[129.238993,32.998593],[129.23868,32.99896],[129.238705,32.999185],[129.238818,32.99921],[129.23953,32.999876],[129.238868,33.000268],[129.237693,32.999334],[129.237523,32.999232],[129.237193,32.999293],[129.234756,32.999834],[129.233931,33.000134],[129.233293,33.000576],[129.232718,33.000826],[129.232231,33.000809],[129.231993,33.000768],[129.231643,33.000751],[129.231481,33.000659],[129.230568,33.000576],[129.230218,33.000376],[129.229606,33.000384],[129.228819,33.000459],[129.228081,33.000468],[129.227569,33.000384],[129.227106,33.000159],[129.226406,33.000076],[129.225494,32.999659],[129.225381,32.999543],[129.224956,32.999276],[129.224569,32.998893],[129.224594,32.998576],[129.224344,32.998426],[129.224294,32.998426],[129.224219,32.998559],[129.223806,32.998409],[129.223169,32.998276],[129.222307,32.998284],[129.222107,32.998559],[129.222019,32.998743],[129.221932,32.999559],[129.221994,33.000301],[129.221919,33.000642],[129.221682,33.000959],[129.221869,33.001092],[129.222507,33.001967],[129.223581,33.002659],[129.223956,33.002742],[129.224506,33.003076],[129.225044,33.003326],[129.225156,33.003451],[129.225294,33.003476],[129.225581,33.003609],[129.225881,33.003701],[129.226581,33.004326],[129.228644,33.0057],[129.229019,33.005809],[129.230306,33.00635],[129.230518,33.006417],[129.231168,33.007134],[129.231543,33.007475],[129.232431,33.008642],[129.232331,33.0091],[129.232493,33.00975],[129.232418,33.010042],[129.232068,33.010317],[129.231931,33.010517],[129.231718,33.010433],[129.231506,33.0105],[129.231481,33.010725],[129.231531,33.011],[129.231593,33.011083],[129.231643,33.011425],[129.231618,33.01165],[129.231806,33.011717],[129.231993,33.011608],[129.232181,33.011425],[129.232256,33.011425],[129.232281,33.011242],[129.232531,33.011058],[129.232768,33.011042],[129.233168,33.011125],[129.233406,33.011217],[129.233443,33.011483],[129.233593,33.011625],[129.233968,33.0118],[129.234193,33.01205],[129.234943,33.012683],[129.235318,33.012908],[129.235755,33.013558],[129.235943,33.013967],[129.235893,33.01435],[129.23578,33.014641],[129.236368,33.015158],[129.236755,33.015516],[129.237068,33.015725],[129.23718,33.015808],[129.23723,33.01565],[129.237155,33.01545],[129.237468,33.015425],[129.237905,33.015741],[129.238218,33.015858],[129.239118,33.01705],[129.239467,33.01725],[129.239705,33.01725],[129.239842,33.0175],[129.240055,33.017658],[129.240217,33.017566],[129.240367,33.017633],[129.240567,33.017833],[129.240405,33.017883],[129.24038,33.017991],[129.240617,33.018125],[129.24078,33.018108],[129.240942,33.0179],[129.241155,33.017808],[129.241767,33.017783],[129.24203,33.017925],[129.242255,33.017925],[129.24233,33.018033],[129.242167,33.01815],[129.241817,33.018083],[129.241605,33.017991],[129.241342,33.017991],[129.24113,33.018033],[129.24113,33.01815],[129.241605,33.018175],[129.241667,33.018241],[129.241555,33.018283],[129.241342,33.018241],[129.241205,33.018333],[129.241155,33.018491],[129.241292,33.018799],[129.241455,33.018983],[129.241392,33.019208],[129.241717,33.019324],[129.242492,33.019658],[129.242905,33.019883],[129.243117,33.019816],[129.243492,33.019766],[129.244055,33.019949],[129.24438,33.020016],[129.244342,33.020174],[129.244967,33.020241],[129.244992,33.020349],[129.245042,33.020399],[129.245467,33.020374],[129.245504,33.020574],[129.245667,33.020708],[129.245717,33.020708],[129.245817,33.020616],[129.245979,33.020549],[129.246042,33.020574],[129.245854,33.020916],[129.245929,33.021024],[129.246254,33.021158],[129.246329,33.021408],[129.246367,33.022291],[129.246579,33.022466],[129.246629,33.022607],[129.246692,33.022991],[129.246904,33.023257],[129.247142,33.023374],[129.247492,33.023166],[129.247729,33.023124],[129.247778,33.023023],[129.247942,33.022907],[129.248142,33.022166],[129.248192,33.022124],[129.248192,33.021966],[129.248292,33.021758],[129.248354,33.021441],[129.248479,33.021466],[129.248654,33.021291],[129.248579,33.021041],[129.248629,33.020699],[129.248367,33.019749],[129.248167,33.019616],[129.248067,33.019391],[129.247942,33.0193],[129.247792,33.019275],[129.247367,33.019125],[129.247179,33.018991],[129.246942,33.018475],[129.246967,33.01825],[129.246879,33.018],[129.246579,33.017641],[129.246417,33.017116],[129.246442,33.01685],[129.246579,33.016733],[129.246792,33.016466],[129.246979,33.015941],[129.247167,33.016233],[129.247304,33.016325],[129.247354,33.016283],[129.247304,33.015967],[129.247379,33.015692],[129.247667,33.015217],[129.247479,33.014858],[129.247529,33.014725],[129.247742,33.014567],[129.247917,33.01445],[129.248442,33.014042],[129.248829,33.013825],[129.249354,33.013442],[129.249829,33.013308],[129.250104,33.013225],[129.250454,33.013225],[129.250829,33.013292],[129.251379,33.013325],[129.251767,33.013259],[129.252217,33.013375],[129.252392,33.013467],[129.252929,33.0141],[129.253279,33.01415],[129.253754,33.014058],[129.254004,33.013925],[129.254091,33.013833],[129.254366,33.013683],[129.254791,33.013592],[129.254816,33.013617],[129.254866,33.01375],[129.254454,33.014042],[129.254604,33.014292],[129.254604,33.0147],[129.254729,33.015058],[129.254966,33.015492],[129.254991,33.015967],[129.254491,33.016392],[129.254366,33.016458],[129.254229,33.016725],[129.254229,33.016975],[129.254479,33.017],[129.254279,33.017291],[129.254129,33.017558],[129.254416,33.017966],[129.254741,33.018016],[129.254866,33.017991],[129.254866,33.0182],[129.254991,33.018516],[129.255266,33.018425],[129.255579,33.018041],[129.255566,33.018316],[129.255316,33.018475],[129.255291,33.018941],[129.255441,33.019258],[129.255841,33.019441],[129.256166,33.019241],[129.256316,33.019266],[129.256591,33.019183],[129.256641,33.019408],[129.256554,33.019808],[129.256654,33.0199],[129.256779,33.0197],[129.257041,33.019566],[129.257191,33.019683],[129.257003,33.020083],[129.257053,33.020533],[129.257228,33.02045],[129.258128,33.021108],[129.258503,33.021091],[129.258578,33.021041],[129.258628,33.020841],[129.258853,33.0208],[129.259078,33.021024],[129.259278,33.021024],[129.259428,33.020891],[129.259553,33.020466],[129.259803,33.0206],[129.260453,33.021058],[129.260578,33.021058],[129.260653,33.021016],[129.260753,33.020725],[129.260953,33.020633],[129.261041,33.020408],[129.260966,33.019958],[129.260791,33.0195],[129.260453,33.019008],[129.260103,33.018708],[129.259903,33.018483],[129.259753,33.018008],[129.259566,33.017641],[129.259466,33.01755],[129.259291,33.017217],[129.259241,33.01685],[129.258791,33.016333],[129.257879,33.015442],[129.257179,33.014808],[129.256941,33.014442],[129.257066,33.014017],[129.257316,33.013792],[129.257404,33.013225],[129.257329,33.01255],[129.257286,33.012304],[129.257229,33.011942],[129.257116,33.011559],[129.256591,33.010692],[129.256454,33.010292],[129.256232,33.009966],[129.255879,33.009476],[129.255504,33.009042],[129.254892,33.008742],[129.254492,33.008534],[129.254217,33.008217],[129.253692,33.008034],[129.253267,33.007784],[129.253042,33.007401],[129.252942,33.007109],[129.253004,33.006493],[129.253167,33.005818],[129.253267,33.005643],[129.253617,33.005326],[129.254042,33.005218],[129.254317,33.004993],[129.254279,33.004743],[129.254404,33.004676],[129.254304,33.004409],[129.254254,33.003976],[129.254104,33.003459],[129.254042,33.003326],[129.254029,33.002968],[129.254204,33.002651],[129.254667,33.00256],[129.255279,33.00256],[129.255467,33.002543],[129.255804,33.001926],[129.255742,33.001476],[129.255504,33.001343],[129.255167,33.00091],[129.255204,33.000551],[129.255067,33.000301],[129.254979,33.00001],[129.254317,32.999893],[129.254154,32.99996],[129.253217,33.00066],[129.252992,33.001068],[129.252879,33.001476],[129.252517,33.001676],[129.252167,33.001543],[129.252604,33.001268],[129.252654,33.00111],[129.252604,33.000618],[129.252492,33.000185],[129.252354,33.000051],[129.251942,33.00016],[129.251942,32.999501],[129.251842,32.999435],[129.251205,32.999501],[129.250955,32.999368],[129.250792,32.998985],[129.250792,32.998802],[129.251092,32.998827],[129.25118,32.998468],[129.251017,32.998168],[129.250717,32.997943],[129.250817,32.997627],[129.250855,32.997377],[129.250767,32.997202],[129.25058,32.997018],[129.250167,32.996902],[129.249642,32.996677],[129.249255,32.996785],[129.248892,32.996943],[129.24843,32.99686],[129.24818,32.997168],[129.248042,32.99776],[129.248067,32.997877],[129.248005,32.997893],[129.247792,32.997893],[129.247779,32.997901],[129.24758,32.997785],[129.247342,32.997768],[129.24688,32.99786],[129.246892,32.998152],[129.24668,32.99816],[129.246292,32.997843],[129.24648,32.997568],[129.246767,32.99741],[129.246817,32.997068],[129.24663,32.996777],[129.246892,32.996552],[129.247017,32.996477],[129.246855,32.99571],[129.24663,32.995243],[129.24648,32.994793],[129.246217,32.99461],[129.246105,32.994385],[129.245855,32.994027],[129.246017,32.994002],[129.246392,32.994093],[129.246255,32.993885],[129.24598,32.993644],[129.245767,32.993327],[129.245255,32.99311],[129.244855,32.993085],[129.244743,32.993227],[129.24453,32.99336],[129.244105,32.993477],[129.243193,32.992968],[129.24278,32.992677],[129.24268,32.992569],[129.241918,32.992194],[129.241355,32.99206],[129.240943,32.991594],[129.24073,32.99141],[129.239868,32.990994],[129.23978,32.990627],[129.239505,32.99036],[129.238943,32.990235],[129.23838,32.99026],[129.238193,32.99031],[129.238005,32.990535],[129.237668,32.990519],[129.237368,32.990269],[129.23723,32.990069],[129.236293,32.989919],[129.236368,32.98956],[129.235368,32.989502],[129.235206,32.989294],[129.234931,32.989094],[129.234831,32.989077],[129.234456,32.988894],[129.234393,32.988827],[129.234156,32.988719]]],"type":"Polygon"},"properties":{"name":"西彼杵","yomi":"にしたかき","kuni_id":"K67","pref":"長崎県","kuni_url":"/kg/resource/K67.html","id_url":"G67011.html","id":"G67011","kuni":"肥前"},"type":"Feature"},{"properties":{"name":"西彼杵","yomi":"にしたかき","kuni_id":"K67","pref":"長崎県","kuni_url":"/kg/resource/K67.html","id_url":"G67011.html","id":"G67011","kuni":"肥前"},"geometry":{"type":"Polygon","coordinates":[[[129.345862,32.997556],[129.3457,32.997665],[129.345612,32.997981],[129.345562,32.998006],[129.3452,32.997898],[129.345037,32.99789],[129.344562,32.997981],[129.34445,32.998256],[129.34465,32.998639],[129.3447,32.998681],[129.3447,32.998981],[129.3449,32.999339],[129.344837,32.999773],[129.344725,32.999881],[129.343987,33.000198],[129.343712,33.000581],[129.343437,33.000698],[129.343487,33.000898],[129.343575,33.000948],[129.343787,33.001189],[129.34415,33.001464],[129.3444,33.002072],[129.344725,33.002281],[129.345087,33.002306],[129.345437,33.002531],[129.345662,33.002864],[129.345637,33.003206],[129.345587,33.003331],[129.345462,33.003672],[129.345287,33.003847],[129.345025,33.004206],[129.3447,33.004639],[129.344062,33.005805],[129.343612,33.00623],[129.342912,33.00643],[129.342275,33.006489],[129.34185,33.006397],[129.3414,33.006439],[129.341112,33.006072],[129.340875,33.006122],[129.3411,33.006914],[129.341075,33.007139],[129.340825,33.00738],[129.340412,33.00758],[129.340512,33.007764],[129.340937,33.007905],[129.341087,33.007905],[129.341487,33.007972],[129.341637,33.008039],[129.341712,33.008247],[129.342887,33.008997],[129.343625,33.00968],[129.344024,33.010155],[129.344199,33.01063],[129.344162,33.011422],[129.343812,33.011955],[129.343537,33.012163],[129.343374,33.012405],[129.343324,33.01288],[129.343174,33.01308],[129.3424,33.013163],[129.342,33.013255],[129.341825,33.01323],[129.341512,33.013255],[129.341312,33.013696],[129.341487,33.013971],[129.341937,33.014338],[129.342237,33.014338],[129.342387,33.014388],[129.342612,33.014588],[129.342649,33.015021],[129.342474,33.015221],[129.342199,33.015263],[129.342124,33.015305],[129.342149,33.015621],[129.342324,33.01583],[129.342424,33.015805],[129.342724,33.015855],[129.343074,33.015671],[129.343599,33.015721],[129.343774,33.015705],[129.344124,33.015746],[129.344199,33.015821],[129.344449,33.01623],[129.344437,33.016788],[129.344412,33.016921],[129.344512,33.017129],[129.344712,33.017154],[129.344937,33.017338],[129.345287,33.017679],[129.345537,33.017613],[129.345887,33.017771],[129.346387,33.017688],[129.346587,33.017663],[129.346587,33.017688],[129.346987,33.017979],[129.347237,33.017871],[129.347711,33.017963],[129.348136,33.018213],[129.348336,33.018488],[129.348311,33.018579],[129.348486,33.018829],[129.348836,33.019096],[129.349161,33.019196],[129.349761,33.019129],[129.350036,33.019154],[129.350711,33.018954],[129.350911,33.018979],[129.351311,33.019138],[129.351361,33.019454],[129.351299,33.019746],[129.351549,33.019904],[129.352198,33.020187],[129.352298,33.020521],[129.352298,33.020954],[129.352598,33.021062],[129.352623,33.021221],[129.352748,33.021221],[129.353423,33.020979],[129.354473,33.020696],[129.354986,33.020313],[129.354961,33.020046],[129.355011,33.019754],[129.354861,33.019346],[129.354836,33.019346],[129.354798,33.019121],[129.354948,33.018696],[129.354873,33.018329],[129.354598,33.017746],[129.354036,33.017354],[129.353936,33.017221],[129.353811,33.016813],[129.354336,33.016613],[129.354386,33.016346],[129.354998,33.015671],[129.355098,33.015246],[129.355048,33.01513],[129.354898,33.015155],[129.355011,33.014771],[129.354886,33.014246],[129.354536,33.014288],[129.354461,33.013955],[129.354111,33.013863],[129.353961,33.013655],[129.354123,33.01323],[129.354548,33.012872],[129.354723,33.012988],[129.355073,33.013147],[129.355298,33.012947],[129.355473,33.012588],[129.355048,33.012555],[129.355273,33.012472],[129.355173,33.012197],[129.354873,33.012105],[129.354623,33.012147],[129.354548,33.01208],[129.354636,33.011605],[129.355273,33.010488],[129.355548,33.010105],[129.355973,33.009814],[129.356836,33.009572],[129.357161,33.009622],[129.357423,33.009964],[129.358023,33.010163],[129.358611,33.009972],[129.359061,33.009697],[129.359086,33.009814],[129.359011,33.009922],[129.35921,33.010172],[129.35961,33.010089],[129.35986,33.00993],[129.36016,33.00993],[129.36041,33.009847],[129.36031,33.00998],[129.360535,33.009939],[129.36076,33.009622],[129.36096,33.00953],[129.361098,33.009155],[129.360998,33.008722],[129.360723,33.008747],[129.360423,33.00863],[129.359923,33.008464],[129.359523,33.008397],[129.359423,33.00833],[129.359298,33.008014],[129.359073,33.007605],[129.359023,33.007422],[129.359186,33.00693],[129.359386,33.006614],[129.359736,33.006456],[129.360023,33.006164],[129.360473,33.005989],[129.360673,33.006056],[129.360823,33.005947],[129.360598,33.005672],[129.360748,33.005406],[129.361085,33.005006],[129.361535,33.004756],[129.361785,33.004672],[129.362185,33.004622],[129.362385,33.004314],[129.362185,33.004064],[129.362148,33.003772],[129.361948,33.003331],[129.361898,33.003248],[129.361735,33.003156],[129.36141,33.003273],[129.361273,33.003114],[129.36121,33.002906],[129.36091,33.002931],[129.360686,33.002773],[129.360548,33.002839],[129.360248,33.002864],[129.359836,33.002973],[129.359561,33.002931],[129.359036,33.002906],[129.358836,33.003331],[129.358761,33.003564],[129.358386,33.003897],[129.358236,33.004014],[129.357436,33.004139],[129.356423,33.004181],[129.356073,33.004039],[129.355723,33.004014],[129.354899,33.003697],[129.354649,33.003556],[129.354486,33.003356],[129.353936,33.003331],[129.353636,33.003239],[129.352936,33.002856],[129.352561,33.003014],[129.351999,33.002922],[129.351174,33.002464],[129.350787,33.001923],[129.350737,33.001631],[129.350899,33.001473],[129.350737,33.001339],[129.350599,33.000931],[129.350549,33.000456],[129.350574,33.000164],[129.350662,32.999889],[129.350687,32.999598],[129.350824,32.999439],[129.350962,32.999389],[129.351262,32.999506],[129.351374,32.999664],[129.351424,33.000164],[129.351649,33.000181],[129.351699,32.999756],[129.352261,32.999848],[129.352674,33.000814],[129.352536,33.000889],[129.352636,33.001114],[129.353024,33.001023],[129.352636,32.999848],[129.352749,32.999823],[129.352886,32.999689],[129.352861,32.999165],[129.352499,32.998873],[129.352086,32.998831],[129.351924,32.998848],[129.351424,32.999031],[129.350937,32.998831],[129.350799,32.998673],[129.350737,32.998665],[129.350824,32.998215],[129.350687,32.998015],[129.350299,32.998015],[129.350299,32.997806],[129.350324,32.997806],[129.350299,32.99774],[129.349724,32.997631],[129.349249,32.997623],[129.349037,32.997673],[129.348587,32.997831],[129.348699,32.998281],[129.348649,32.99849],[129.348562,32.998531],[129.348374,32.998756],[129.348287,32.998823],[129.347899,32.998981],[129.347149,32.999181],[129.346687,32.999139],[129.346412,32.998931],[129.346362,32.998848],[129.346412,32.998506],[129.346525,32.998281],[129.346387,32.998165],[129.346275,32.99819],[129.346137,32.997965],[129.3463,32.99774],[129.346162,32.997648],[129.345862,32.997556]]]},"type":"Feature"},{"properties":{"name":"西彼杵","yomi":"にしたかき","kuni_id":"K67","pref":"長崎県","kuni_url":"/kg/resource/K67.html","id_url":"G67011.html","id":"G67011","kuni":"肥前"},"geometry":{"coordinates":[[[129.611177,32.916092],[129.610777,32.916134],[129.610652,32.916267],[129.61049,32.916533],[129.610315,32.916742],[129.61004,32.916967],[129.609515,32.91725],[129.607328,32.917417],[129.606428,32.917633],[129.605765,32.917925],[129.60509,32.918325],[129.604615,32.9188],[129.604428,32.919025],[129.604278,32.919408],[129.604078,32.919608],[129.603578,32.920008],[129.603503,32.920016],[129.602528,32.920724],[129.601603,32.921283],[129.600878,32.921808],[129.600353,32.922233],[129.599216,32.922691],[129.598666,32.923199],[129.598178,32.923816],[129.597316,32.925107],[129.597128,32.92564],[129.597153,32.92574],[129.596066,32.927474],[129.595866,32.928148],[129.595966,32.928757],[129.596203,32.929307],[129.596191,32.930582],[129.595953,32.93114],[129.595866,32.931615],[129.595841,32.93214],[129.595653,32.932515],[129.595566,32.93254],[129.595191,32.93254],[129.594441,32.932331],[129.594153,32.93269],[129.593753,32.933073],[129.593653,32.933123],[129.593753,32.933598],[129.594178,32.934339],[129.593991,32.934389],[129.593366,32.934064],[129.592828,32.934006],[129.592828,32.934098],[129.593203,32.934439],[129.593903,32.935664],[129.593803,32.935723],[129.593091,32.935764],[129.592941,32.935673],[129.592341,32.935656],[129.592291,32.936056],[129.592416,32.936181],[129.593041,32.936464],[129.593378,32.936781],[129.593291,32.936972],[129.593228,32.936989],[129.592916,32.937422],[129.592703,32.937997],[129.592728,32.938431],[129.593328,32.938997],[129.593578,32.939472],[129.59359,32.939972],[129.594028,32.940839],[129.59419,32.940955],[129.594453,32.941047],[129.594303,32.94163],[129.594353,32.941914],[129.594065,32.942089],[129.593528,32.942314],[129.593578,32.942397],[129.594015,32.942597],[129.593628,32.942989],[129.593465,32.94353],[129.59389,32.943955],[129.59399,32.944005],[129.594303,32.944372],[129.594815,32.945255],[129.595253,32.94533],[129.595728,32.94513],[129.596003,32.944813],[129.59639,32.944847],[129.596852,32.944763],[129.59699,32.945038],[129.596865,32.945347],[129.597202,32.945613],[129.597302,32.94563],[129.598077,32.946722],[129.59819,32.946913],[129.598302,32.947788],[129.602677,32.950396],[129.602864,32.95023],[129.59864,32.947763],[129.598552,32.946913],[129.598252,32.94653],[129.598302,32.946255],[129.598552,32.946338],[129.59909,32.94513],[129.598902,32.94503],[129.599215,32.944139],[129.599165,32.94353],[129.599652,32.942855],[129.60069,32.943105],[129.599915,32.945372],[129.60024,32.945438],[129.602165,32.940114],[129.603215,32.939789],[129.603102,32.939439],[129.60459,32.939139],[129.605189,32.938864],[129.605439,32.938856],[129.605864,32.939123],[129.606589,32.939089],[129.606702,32.939406],[129.606139,32.939814],[129.605314,32.940289],[129.605364,32.940556],[129.605714,32.940889],[129.605977,32.940781],[129.606289,32.940373],[129.606527,32.940331],[129.606889,32.940564],[129.607014,32.940806],[129.607364,32.940648],[129.607789,32.940298],[129.608114,32.939964],[129.608227,32.939914],[129.608439,32.940523],[129.608714,32.940289],[129.609089,32.940081],[129.609189,32.939823],[129.609102,32.939748],[129.609214,32.939364],[129.609277,32.939331],[129.609452,32.939656],[129.609627,32.939523],[129.610052,32.939389],[129.610089,32.939556],[129.609989,32.939914],[129.610314,32.940073],[129.610764,32.939948],[129.611664,32.939881],[129.611514,32.940231],[129.611326,32.940289],[129.610776,32.940614],[129.610851,32.940781],[129.610501,32.940881],[129.610101,32.941198],[129.609414,32.942289],[129.609626,32.942764],[129.609889,32.942922],[129.610076,32.942664],[129.610226,32.942256],[129.610401,32.942347],[129.610364,32.942772],[129.610401,32.943081],[129.610701,32.943022],[129.610901,32.942464],[129.610951,32.941706],[129.610989,32.941681],[129.611401,32.941764],[129.611476,32.942156],[129.611689,32.942414],[129.611914,32.942339],[129.611964,32.942256],[129.612164,32.941614],[129.612251,32.941631],[129.612251,32.942214],[129.612326,32.942631],[129.612726,32.942848],[129.613101,32.942823],[129.613251,32.942431],[129.613151,32.942273],[129.613414,32.942373],[129.614176,32.942306],[129.614276,32.942148],[129.614176,32.941539],[129.614551,32.941673],[129.615426,32.941814],[129.615676,32.941531],[129.615651,32.941398],[129.615288,32.941314],[129.614489,32.940756],[129.614276,32.940639],[129.614414,32.940473],[129.614026,32.940339],[129.614151,32.940023],[129.614689,32.94019],[129.614864,32.940006],[129.615151,32.940098],[129.615326,32.939231],[129.615064,32.939215],[129.615214,32.938431],[129.615464,32.938198],[129.616588,32.937881],[129.617538,32.939356],[129.617851,32.939606],[129.618263,32.939565],[129.620026,32.938607],[129.620438,32.938773],[129.621338,32.938265],[129.621513,32.93789],[129.621925,32.937907],[129.6224,32.937998],[129.622688,32.93819],[129.62285,32.938215],[129.6233,32.938173],[129.6237,32.937882],[129.623975,32.937365],[129.624163,32.93644],[129.624088,32.936124],[129.6237,32.935874],[129.6237,32.93574],[129.623525,32.935332],[129.623425,32.93524],[129.6245,32.935249],[129.624625,32.935024],[129.624738,32.934682],[129.624763,32.934349],[129.624538,32.934299],[129.624413,32.934049],[129.624238,32.933849],[129.623813,32.933841],[129.623613,32.933907],[129.623863,32.933666],[129.623463,32.933299],[129.622901,32.933116],[129.622813,32.933141],[129.622726,32.933107],[129.622401,32.932807],[129.622376,32.932516],[129.622538,32.932324],[129.622746,32.93219],[129.622826,32.932216],[129.62375,32.932174],[129.62395,32.932107],[129.624288,32.931457],[129.624413,32.931299],[129.624713,32.931099],[129.6246,32.930691],[129.6242,32.930033],[129.62415,32.929833],[129.624488,32.929199],[129.624663,32.928591],[129.624975,32.928166],[129.62555,32.9277],[129.625875,32.927266],[129.625713,32.926791],[129.625613,32.926408],[129.625038,32.925975],[129.624576,32.925525],[129.623701,32.925266],[129.622951,32.924791],[129.622801,32.924741],[129.621888,32.923941],[129.621438,32.923275],[129.620901,32.922625],[129.620126,32.921908],[129.619214,32.920825],[129.618126,32.920008],[129.618014,32.9197],[129.617914,32.91925],[129.617814,32.919067],[129.617314,32.918634],[129.617239,32.918459],[129.617252,32.918234],[129.617027,32.917984],[129.616452,32.917234],[129.616352,32.917167],[129.615377,32.916775],[129.614727,32.916884],[129.612777,32.917025],[129.612477,32.916934],[129.611802,32.916325],[129.611477,32.916159],[129.611177,32.916092]]],"type":"Polygon"},"type":"Feature"}],"type":"FeatureCollection"}