{"type":"FeatureCollection","features":[{"type":"Feature","properties":{"kuni":"大隅","id":"G70011","kuni_url":"/kg/resource/K70.html","id_url":"G70011.html","kuni_id":"K70","pref":"鹿児島県","name":"大島","yomi":"おおしま"},"geometry":{"coordinates":[[[129.671482,28.465379],[129.671682,28.465754],[129.671744,28.466054],[129.671781,28.466421],[129.671781,28.466812],[129.671769,28.467246],[129.671769,28.467637],[129.671781,28.467821],[129.671769,28.468071],[129.671631,28.468304],[129.671581,28.468396],[129.671256,28.468379],[129.671119,28.468446],[129.670919,28.468621],[129.670681,28.468796],[129.670431,28.469021],[129.670306,28.469121],[129.669919,28.469154],[129.669669,28.469062],[129.669381,28.468996],[129.669119,28.469121],[129.668919,28.469346],[129.668844,28.469604],[129.668744,28.47047],[129.668606,28.470554],[129.668144,28.470887],[129.668194,28.471262],[129.668294,28.47147],[129.668169,28.471654],[129.668031,28.471729],[129.667644,28.471904],[129.667494,28.47217],[129.667406,28.472295],[129.667219,28.472587],[129.666981,28.472987],[129.666731,28.473528],[129.666556,28.474195],[129.666444,28.47462],[129.666344,28.47492],[129.666281,28.475062],[129.665919,28.47517],[129.665431,28.475737],[129.665281,28.475795],[129.664894,28.475862],[129.664369,28.475887],[129.663969,28.475962],[129.663831,28.475937],[129.663619,28.476187],[129.663319,28.47662],[129.663081,28.477053],[129.662881,28.477403],[129.662406,28.477661],[129.662019,28.477795],[129.661831,28.478061],[129.661806,28.478245],[129.661781,28.47842],[129.661681,28.478603],[129.661144,28.47907],[129.660694,28.47937],[129.660306,28.479603],[129.659994,28.479753],[129.659794,28.479878],[129.659469,28.480078],[129.659206,28.480303],[129.658931,28.480528],[129.658631,28.480769],[129.658206,28.481036],[129.657794,28.481278],[129.657519,28.481419],[129.657119,28.481469],[129.656857,28.481478],[129.656544,28.481686],[129.656394,28.482094],[129.656556,28.482386],[129.656694,28.482486],[129.656669,28.482669],[129.656581,28.483169],[129.656544,28.483552],[129.656194,28.483711],[129.656219,28.483819],[129.656281,28.484094],[129.656394,28.484502],[129.656469,28.484836],[129.656481,28.485102],[129.656469,28.485444],[129.656456,28.485827],[129.656394,28.486277],[129.656356,28.486594],[129.656269,28.487077],[129.656044,28.487752],[129.655919,28.488194],[129.655806,28.488527],[129.655594,28.488644],[129.655194,28.488777],[129.654769,28.488985],[129.654519,28.489152],[129.654319,28.489344],[129.654081,28.489627],[129.653706,28.49001],[129.653356,28.490443],[129.653206,28.490727],[129.653081,28.491085],[129.653019,28.491285],[129.652931,28.491643],[129.652819,28.491827],[129.652619,28.49206],[129.652244,28.492293],[129.652106,28.492452],[129.651919,28.49276],[129.651819,28.49301],[129.651744,28.493293],[129.651719,28.493418],[129.651606,28.493677],[129.651506,28.493826],[129.651281,28.494093],[129.651131,28.494226],[129.650869,28.494476],[129.650506,28.494785],[129.650094,28.494985],[129.649831,28.495043],[129.649531,28.495118],[129.649206,28.495226],[129.648919,28.495351],[129.648556,28.495543],[129.648169,28.495785],[129.647906,28.495935],[129.647619,28.496085],[129.647431,28.496276],[129.647231,28.496584],[129.647006,28.496826],[129.646769,28.497076],[129.646406,28.497384],[129.646181,28.497718],[129.646031,28.498251],[129.645894,28.498693],[129.645819,28.499251],[129.645794,28.499501],[129.645731,28.499942],[129.645681,28.500159],[129.645669,28.500342],[129.645756,28.500567],[129.645994,28.501217],[129.646094,28.501692],[129.646169,28.501792],[129.646281,28.501925],[129.646431,28.502117],[129.646731,28.502567],[129.646906,28.502942],[129.647119,28.503259],[129.647319,28.5034],[129.647581,28.5035],[129.647994,28.503442],[129.648356,28.503375],[129.648731,28.503175],[129.649106,28.50295],[129.649194,28.502942],[129.649356,28.503],[129.649806,28.502934],[129.650181,28.50275],[129.650756,28.502326],[129.651331,28.502042],[129.651731,28.501934],[129.651981,28.501909],[129.652393,28.501742],[129.652881,28.501459],[129.653043,28.501351],[129.653343,28.501109],[129.653543,28.500917],[129.653631,28.500842],[129.653643,28.500709],[129.653643,28.500476],[129.653631,28.500059],[129.653681,28.499826],[129.653881,28.499651],[129.654143,28.499568],[129.654493,28.499601],[129.654831,28.499634],[129.655256,28.499593],[129.655681,28.499593],[129.656043,28.499684],[129.656568,28.499834],[129.657118,28.500034],[129.657243,28.500059],[129.657568,28.499951],[129.657718,28.500084],[129.658368,28.500734],[129.658893,28.501109],[129.659656,28.502301],[129.659556,28.502751],[129.659268,28.503634],[129.659393,28.503992],[129.659756,28.504517],[129.65998,28.504942],[129.660168,28.505742],[129.660493,28.505767],[129.660755,28.505667],[129.660743,28.506042],[129.660843,28.506142],[129.660968,28.506117],[129.661118,28.50595],[129.661505,28.5059],[129.66183,28.506017],[129.662218,28.5064],[129.662293,28.506425],[129.663443,28.506309],[129.663793,28.5064],[129.664143,28.506692],[129.665143,28.508],[129.665168,28.508408],[129.66508,28.509258],[129.66503,28.509383],[129.665143,28.510375],[129.665218,28.510783],[129.665505,28.511333],[129.665567,28.511675],[129.665755,28.511891],[129.665792,28.511983],[129.66593,28.512091],[129.666105,28.512158],[129.66608,28.5124],[129.666455,28.512749],[129.666642,28.512716],[129.667505,28.513383],[129.668105,28.514049],[129.66848,28.514699],[129.66918,28.515941],[129.670492,28.517891],[129.670979,28.518649],[129.671592,28.519507],[129.672754,28.520974],[129.673079,28.521548],[129.673304,28.522132],[129.673592,28.522698],[129.673992,28.523307],[129.674667,28.524065],[129.675154,28.524523],[129.675529,28.524923],[129.675754,28.525331],[129.675879,28.526181],[129.675966,28.526348],[129.676279,28.526606],[129.676579,28.52659],[129.676754,28.526673],[129.677429,28.52664],[129.678491,28.526923],[129.679104,28.527173],[129.679716,28.527364],[129.680329,28.527423],[129.680916,28.527523],[129.681154,28.527648],[129.681879,28.527906],[129.682628,28.528031],[129.683366,28.528248],[129.684666,28.528879],[129.685441,28.529023],[129.686203,28.529139],[129.686878,28.529373],[129.687253,28.529723],[129.687541,28.530089],[129.687941,28.530264],[129.688153,28.530289],[129.688441,28.530264],[129.689003,28.530381],[129.689503,28.530548],[129.689628,28.530689],[129.68959,28.530847],[129.689728,28.530922],[129.689965,28.530897],[129.69014,28.530189],[129.690165,28.529864],[129.690253,28.529589],[129.69039,28.529323],[129.690178,28.529273],[129.69004,28.528981],[129.69019,28.528339],[129.690366,28.527865],[129.69074,28.527406],[129.69084,28.527398],[129.69124,28.527781],[129.691353,28.527756],[129.69129,28.527556],[129.691115,28.527398],[129.691053,28.527231],[129.691053,28.526948],[129.690803,28.526573],[129.690653,28.526423],[129.690541,28.526248],[129.690503,28.526023],[129.690353,28.52594],[129.690291,28.52524],[129.690403,28.524765],[129.690628,28.524223],[129.690928,28.52379],[129.691091,28.523357],[129.691103,28.523115],[129.691566,28.52124],[129.691803,28.520657],[129.692003,28.51979],[129.692766,28.517807],[129.692928,28.517199],[129.693003,28.516408],[129.693028,28.515774],[129.693503,28.513658],[129.693591,28.513158],[129.693678,28.512916],[129.693916,28.512775],[129.693878,28.512641],[129.693741,28.512416],[129.693728,28.512258],[129.693841,28.512225],[129.693903,28.512125],[129.693866,28.511916],[129.693978,28.51165],[129.693891,28.5115],[129.693891,28.511241],[129.693953,28.511108],[129.693903,28.5109],[129.693816,28.510825],[129.693791,28.510025],[129.693628,28.509975],[129.693403,28.5101],[129.692928,28.50985],[129.692853,28.50975],[129.692791,28.509517],[129.692816,28.509442],[129.692616,28.509142],[129.692304,28.50925],[129.692116,28.50925],[129.691829,28.509025],[129.691479,28.508567],[129.691129,28.507434],[129.690854,28.506892],[129.690629,28.506],[129.690504,28.50505],[129.690466,28.504459],[129.690379,28.503767],[129.690341,28.503459],[129.690329,28.502992],[129.690429,28.502417],[129.690691,28.501834],[129.690854,28.501476],[129.691104,28.501093],[129.691466,28.500834],[129.691666,28.500743],[129.691866,28.500559],[129.692016,28.500368],[129.692229,28.499909],[129.692441,28.499518],[129.692629,28.499168],[129.692779,28.498851],[129.692879,28.498626],[129.693054,28.498426],[129.693129,28.498201],[129.693254,28.497893],[129.693391,28.497493],[129.693516,28.497126],[129.693604,28.49691],[129.693816,28.496376],[129.693991,28.495968],[129.694216,28.495693],[129.694479,28.495377],[129.694691,28.495293],[129.694941,28.495218],[129.695116,28.495052],[129.695154,28.49476],[129.695154,28.494535],[129.695241,28.493977],[129.695404,28.493668],[129.695641,28.493152],[129.695716,28.492719],[129.695766,28.49236],[129.695754,28.492094],[129.695679,28.491777],[129.695479,28.491394],[129.695279,28.491052],[129.694979,28.490877],[129.694767,28.490794],[129.694579,28.490585],[129.694679,28.490319],[129.694792,28.489952],[129.694967,28.489652],[129.695279,28.489202],[129.695554,28.488869],[129.695854,28.488586],[129.696167,28.488369],[129.696554,28.488244],[129.696829,28.488152],[129.697004,28.488061],[129.697267,28.487952],[129.697592,28.487777],[129.697967,28.487744],[129.698242,28.487652],[129.698392,28.487486],[129.698442,28.487102],[129.698379,28.486877],[129.698192,28.486469],[129.698029,28.486161],[129.697917,28.485844],[129.697967,28.485378],[129.698154,28.484794],[129.698292,28.484353],[129.698417,28.483844],[129.698542,28.483561],[129.698767,28.483386],[129.699129,28.483061],[129.699279,28.482886],[129.699542,28.482628],[129.700042,28.48207],[129.700317,28.481928],[129.700617,28.481778],[129.700742,28.481728],[129.701092,28.481586],[129.701354,28.481545],[129.701654,28.48152],[129.701967,28.481461],[129.702354,28.481236],[129.702391,28.48117],[129.702516,28.480836],[129.702567,28.480361],[129.702642,28.47992],[129.702679,28.479662],[129.702679,28.479412],[129.702717,28.479195],[129.702717,28.479112],[129.702804,28.47877],[129.702917,28.478553],[129.703292,28.478303],[129.703667,28.478095],[129.703704,28.477753],[129.703929,28.477428],[129.704254,28.477212],[129.704504,28.476937],[129.704629,28.476762],[129.704829,28.476703],[129.705116,28.476787],[129.705316,28.476637],[129.705491,28.476429],[129.705816,28.47657],[129.706141,28.47667],[129.706491,28.476678],[129.706991,28.476678],[129.707554,28.476753],[129.708416,28.476845],[129.709216,28.47697],[129.709741,28.477087],[129.710029,28.477112],[129.710529,28.476912],[129.710879,28.47662],[129.711066,28.476303],[129.711429,28.476054],[129.711979,28.475612],[129.712416,28.475187],[129.712803,28.474845],[129.713141,28.474654],[129.713891,28.474387],[129.714603,28.474187],[129.715253,28.474037],[129.715541,28.474045],[129.716216,28.47402],[129.716466,28.474179],[129.716616,28.474437],[129.717041,28.474529],[129.717253,28.474954],[129.717653,28.475112],[129.718003,28.475345],[129.718278,28.475404],[129.718478,28.475195],[129.718815,28.475045],[129.71894,28.474954],[129.719053,28.474704],[129.719065,28.474512],[129.718978,28.474345],[129.718653,28.47422],[129.718691,28.473912],[129.718916,28.47357],[129.719103,28.473512],[129.719278,28.473204],[129.719166,28.473145],[129.718941,28.472829],[129.718928,28.472404],[129.718641,28.472062],[129.718391,28.471929],[129.717928,28.471871],[129.717603,28.471796],[129.717578,28.471612],[129.717553,28.471329],[129.717453,28.471129],[129.717403,28.470637],[129.717353,28.470012],[129.717316,28.469562],[129.717453,28.468896],[129.717553,28.468588],[129.717578,28.468229],[129.717503,28.467896],[129.717416,28.467521],[129.717428,28.467129],[129.717391,28.466729],[129.717291,28.466171],[129.717166,28.465821],[129.717116,28.465513],[129.717166,28.465204],[129.717166,28.465071],[129.717104,28.464738],[129.717154,28.46413],[129.717316,28.463488],[129.717604,28.463088],[129.717929,28.462763],[129.718366,28.462238],[129.718678,28.461913],[129.719041,28.461671],[129.719403,28.461605],[129.719816,28.46158],[129.720178,28.461613],[129.720641,28.461613],[129.720928,28.46158],[129.721041,28.46153],[129.721478,28.46118],[129.721728,28.460805],[129.721791,28.460597],[129.721766,28.460338],[129.721941,28.460055],[129.722066,28.459663],[129.722166,28.45918],[129.722203,28.45863],[129.722191,28.458088],[129.722116,28.457747],[129.722091,28.45763],[129.721891,28.457447],[129.721903,28.457297],[129.721853,28.456972],[129.721766,28.456514],[129.721691,28.456247],[129.721516,28.455947],[129.721291,28.45563],[129.721116,28.455164],[129.720991,28.454839],[129.720679,28.454222],[129.720254,28.453614],[129.719891,28.453131],[129.719504,28.452747],[129.719179,28.452514],[129.718716,28.452147],[129.718279,28.451806],[129.717891,28.451539],[129.717604,28.451406],[129.717116,28.451331],[129.716467,28.451222],[129.715954,28.451139],[129.716079,28.451014],[129.716467,28.450956],[129.716467,28.450831],[129.716442,28.450614],[129.716317,28.450306],[129.716154,28.449997],[129.715992,28.449756],[129.715854,28.449564],[129.715567,28.449289],[129.715204,28.448956],[129.714904,28.448664],[129.714567,28.448273],[129.714242,28.447848],[129.713792,28.447398],[129.713404,28.447006],[129.713754,28.446981],[129.713754,28.446914],[129.713754,28.446381],[129.713504,28.446398],[129.713542,28.446173],[129.713417,28.446106],[129.713254,28.445931],[129.713192,28.445506],[129.71318,28.445123],[129.71318,28.44469],[129.713142,28.444165],[129.713155,28.44339],[129.713292,28.442881],[129.713405,28.442356],[129.713555,28.441565],[129.713692,28.441215],[129.71378,28.44094],[129.713855,28.440507],[129.71388,28.439932],[129.713867,28.439448],[129.713792,28.438998],[129.713692,28.438615],[129.713542,28.438048],[129.713342,28.437499],[129.71318,28.437049],[129.713017,28.436699],[129.712855,28.436424],[129.712767,28.43624],[129.712742,28.436132],[129.715104,28.440465],[129.715279,28.440432],[129.715867,28.440373],[129.716492,28.440482],[129.716879,28.44074],[129.717342,28.441057],[129.717417,28.441123],[129.719004,28.440482],[129.718979,28.438957],[129.711155,28.425124],[129.71043,28.422108],[129.70908,28.421208],[129.705581,28.422616],[129.705481,28.423125],[129.708343,28.427866],[129.708443,28.428049],[129.708618,28.428383],[129.708805,28.429016],[129.708868,28.429366],[129.708755,28.429524],[129.708318,28.429516],[129.70798,28.429341],[129.707668,28.428907],[129.70738,28.428174],[129.707081,28.427466],[129.706818,28.426824],[129.706668,28.426249],[129.706556,28.425958],[129.706143,28.425749],[129.705581,28.425716],[129.705293,28.425608],[129.704893,28.425299],[129.704631,28.424941],[129.704356,28.424608],[129.704193,28.424333],[129.703943,28.423858],[129.703531,28.423183],[129.703218,28.422508],[129.702956,28.422033],[129.702506,28.4213],[129.702156,28.420675],[129.702031,28.420441],[129.701119,28.419658],[129.699656,28.418867],[129.699381,28.418692],[129.698394,28.417492],[129.697956,28.417067],[129.697644,28.416617],[129.697507,28.416167],[129.697207,28.415917],[129.697094,28.415783],[129.697319,28.4156],[129.697232,28.415492],[129.697157,28.415517],[129.697069,28.415467],[129.696957,28.415492],[129.696769,28.415625],[129.696544,28.415583],[129.695719,28.415133],[129.695194,28.414617],[129.694982,28.414233],[129.694869,28.413942],[129.694619,28.414117],[129.694457,28.413983],[129.694207,28.41405],[129.694207,28.414167],[129.694069,28.41405],[129.693269,28.414008],[129.692482,28.41385],[129.690832,28.413717],[129.689395,28.413783],[129.688045,28.413767],[129.68662,28.4137],[129.686157,28.413542],[129.685882,28.413133],[129.685432,28.412617],[129.684395,28.412058],[129.684007,28.411896],[129.683733,28.411717],[129.683758,28.411517],[129.68362,28.411425],[129.683483,28.411267],[129.683433,28.411242],[129.683208,28.411267],[129.683158,28.411158],[129.682983,28.411042],[129.68277,28.411092],[129.682608,28.410933],[129.682295,28.410933],[129.682108,28.410883],[129.681883,28.410933],[129.681745,28.41075],[129.681533,28.410775],[129.681008,28.410708],[129.679858,28.410708],[129.679495,28.411025],[129.67922,28.411158],[129.67862,28.411158],[129.677658,28.411117],[129.676008,28.410892],[129.675696,28.4111],[129.675346,28.411167],[129.674521,28.4111],[129.672158,28.410741],[129.671521,28.410558],[129.669683,28.4091],[129.668771,28.408333],[129.667971,28.40745],[129.667371,28.406617],[129.667171,28.406008],[129.667309,28.405808],[129.667234,28.405317],[129.667146,28.405242],[129.666984,28.405383],[129.666921,28.405475],[129.666621,28.404867],[129.666509,28.4045],[129.666734,28.404258],[129.667059,28.404008],[129.667234,28.403717],[129.667121,28.403492],[129.667009,28.403417],[129.666784,28.4034],[129.666684,28.40335],[129.666484,28.402834],[129.666534,28.402634],[129.666459,28.402359],[129.665634,28.401984],[129.665409,28.40155],[129.665471,28.401259],[129.665659,28.400917],[129.665771,28.400334],[129.665984,28.399792],[129.666096,28.3993],[129.665471,28.398692],[129.665221,28.398284],[129.665046,28.397926],[129.664834,28.397634],[129.664559,28.397542],[129.664196,28.397567],[129.663571,28.397767],[129.662659,28.398217],[129.662172,28.3986],[129.661697,28.398825],[129.660184,28.398742],[129.658559,28.398742],[129.657909,28.39865],[129.657522,28.3987],[129.657322,28.398517],[129.656197,28.398],[129.656034,28.398],[129.655534,28.398317],[129.655372,28.398725],[129.655297,28.399058],[129.655597,28.400117],[129.654959,28.401092],[129.654247,28.401542],[129.653347,28.401875],[129.652247,28.402125],[129.650922,28.402266],[129.648397,28.402691],[129.64856,28.402533],[129.648635,28.402558],[129.64881,28.402308],[129.648635,28.402175],[129.648585,28.4022],[129.648447,28.402158],[129.648285,28.4022],[129.648122,28.402383],[129.648035,28.402383],[129.647985,28.402608],[129.64806,28.402741],[129.647435,28.40285],[129.647435,28.402608],[129.647122,28.402675],[129.646985,28.402941],[129.646547,28.402966],[129.645897,28.403099],[129.644985,28.403191],[129.642785,28.403108],[129.642122,28.403333],[129.641685,28.403558],[129.641572,28.403558],[129.64146,28.403374],[129.641185,28.403333],[129.640972,28.403533],[129.64091,28.403716],[129.63921,28.404124],[129.637585,28.404441],[129.63701,28.404482],[129.636873,28.404641],[129.636648,28.404757],[129.63591,28.404957],[129.63536,28.405274],[129.63481,28.405416],[129.634623,28.405574],[129.634285,28.405482],[129.634098,28.405416],[129.63396,28.405707],[129.634035,28.405907],[129.633823,28.406132],[129.633719,28.406236],[129.63361,28.40629],[129.633048,28.40644],[129.632398,28.406599],[129.63196,28.406707],[129.631323,28.406915],[129.63056,28.407149],[129.629998,28.407199],[129.629698,28.40719],[129.629135,28.40709],[129.628948,28.407015],[129.628273,28.40674],[129.627385,28.40639],[129.62676,28.406074],[129.62586,28.405715],[129.625398,28.405599],[129.62496,28.40544],[129.624748,28.405232],[129.624398,28.404949],[129.623861,28.404615],[129.623398,28.404407],[129.623036,28.404265],[129.622919,28.404219],[129.622536,28.404115],[129.622111,28.40404],[129.621723,28.404024],[129.621473,28.403915],[129.621123,28.40369],[129.620623,28.403432],[129.620123,28.403232],[129.619611,28.402949],[129.619136,28.402574],[129.618973,28.402332],[129.618948,28.401957],[129.618711,28.401599],[129.618348,28.40149],[129.618136,28.401607],[129.617998,28.40189],[129.617611,28.401849],[129.617298,28.401607],[129.617111,28.401257],[129.617173,28.401007],[129.617261,28.400799],[129.617098,28.400557],[129.616811,28.400099],[129.616486,28.399724],[129.616123,28.399574],[129.615811,28.399499],[129.615349,28.399515],[129.615099,28.39959],[129.614974,28.399865],[129.614824,28.400199],[129.614561,28.400357],[129.614261,28.400407],[129.613986,28.400465],[129.613761,28.400598],[129.613499,28.40064],[129.613311,28.400573],[129.612974,28.400273],[129.612624,28.399857],[129.612374,28.399457],[129.612174,28.399015],[129.612074,28.398674],[129.611936,28.398174],[129.611911,28.397715],[129.611911,28.39739],[129.611911,28.397182],[129.612049,28.397007],[129.612324,28.396907],[129.612399,28.396857],[129.612474,28.396715],[129.612411,28.396649],[129.612024,28.396474],[129.611761,28.396432],[129.611474,28.396465],[129.611361,28.396465],[129.611261,28.39629],[129.611261,28.396107],[129.611374,28.395724],[129.611524,28.395532],[129.611549,28.395415],[129.611424,28.395157],[129.611236,28.394799],[129.611074,28.394599],[129.610974,28.394049],[129.610974,28.393632],[129.610974,28.393307],[129.611074,28.392991],[129.610986,28.392674],[129.610999,28.392391],[129.611099,28.392174],[129.611086,28.392082],[129.610986,28.391907],[129.610736,28.391699],[129.610449,28.391616],[129.610286,28.391474],[129.610286,28.391357],[129.610249,28.391032],[129.610024,28.390899],[129.609874,28.390832],[129.609749,28.390782],[129.609811,28.390557],[129.609499,28.390482],[129.609186,28.390082],[129.608924,28.389707],[129.608899,28.389532],[129.608812,28.389199],[129.608562,28.388933],[129.608337,28.388516],[129.608162,28.388258],[129.608037,28.388291],[129.607587,28.388149],[129.607237,28.387933],[129.606887,28.387649],[129.606724,28.387441],[129.606549,28.387091],[129.606337,28.386933],[129.605912,28.386766],[129.605487,28.386666],[129.605112,28.386566],[129.604774,28.386383],[129.604537,28.386399],[129.603987,28.386332],[129.603512,28.386324],[129.601712,28.385307],[129.601724,28.385191],[129.601724,28.384741],[129.601612,28.384158],[129.601537,28.383766],[129.601512,28.383699],[129.601575,28.383374],[129.60165,28.382958],[129.60145,28.382824],[129.601175,28.382883],[129.600975,28.383258],[129.600975,28.383508],[129.600825,28.383508],[129.600512,28.383208],[129.600237,28.382783],[129.599725,28.382416],[129.599475,28.382249],[129.599362,28.382216],[129.599362,28.382141],[129.5991,28.381558],[129.598837,28.381233],[129.598425,28.380949],[129.598087,28.380841],[129.597937,28.380633],[129.597812,28.380175],[129.597687,28.379558],[129.5976,28.37905],[129.597362,28.378558],[129.597025,28.378325],[129.596687,28.378225],[129.596425,28.37805],[129.596275,28.3777],[129.596275,28.377358],[129.596325,28.376942],[129.596225,28.3764],[129.596075,28.376217],[129.595775,28.376108],[129.595313,28.375833],[129.595088,28.37575],[129.594938,28.375708],[129.594913,28.375567],[129.594738,28.375017],[129.594663,28.374817],[129.594625,28.37445],[129.594513,28.37405],[129.594375,28.37375],[129.594238,28.373275],[129.594238,28.372859],[129.5943,28.372542],[129.594388,28.372225],[129.594463,28.371767],[129.594413,28.371434],[129.594188,28.371242],[129.593963,28.370925],[129.59385,28.370584],[129.593775,28.3701],[129.5938,28.369825],[129.593888,28.369634],[129.593738,28.369509],[129.5936,28.369451],[129.593625,28.369326],[129.593788,28.369117],[129.594,28.369034],[129.594125,28.369051],[129.594113,28.368901],[129.594013,28.368584],[129.5939,28.368534],[129.593663,28.368376],[129.593588,28.368309],[129.59365,28.368184],[129.593776,28.367826],[129.593688,28.367617],[129.593476,28.367392],[129.593388,28.367159],[129.593438,28.366851],[129.593138,28.366567],[129.592751,28.366409],[129.592526,28.366384],[129.592251,28.366043],[129.591801,28.365793],[129.591288,28.365634],[129.590976,28.365643],[129.590651,28.365742],[129.590601,28.365443],[129.590601,28.365301],[129.590701,28.365034],[129.590851,28.364859],[129.590963,28.364626],[129.590763,28.364434],[129.590338,28.364351],[129.589938,28.364243],[129.589551,28.364101],[129.589201,28.364118],[129.588676,28.363943],[129.588488,28.364059],[129.588213,28.364293],[129.588001,28.364434],[129.587638,28.364559],[129.587476,28.364776],[129.587388,28.365076],[129.587213,28.365217],[129.586714,28.365376],[129.586264,28.365451],[129.585839,28.365342],[129.585501,28.365217],[129.585226,28.365076],[129.584739,28.364801],[129.584601,28.364634],[129.584389,28.364326],[129.584051,28.363976],[129.583839,28.363684],[129.583676,28.363276],[129.583539,28.362843],[129.583389,28.362518],[129.583326,28.362359],[129.583314,28.362068],[129.583114,28.361501],[129.583189,28.361176],[129.583376,28.361034],[129.583676,28.361034],[129.583776,28.360759],[129.583601,28.360609],[129.583364,28.360601],[129.583376,28.360393],[129.583576,28.360176],[129.583801,28.360026],[129.584189,28.359801],[129.584314,28.359476],[129.584264,28.359126],[129.584189,28.359001],[129.583976,28.358985],[129.583839,28.359135],[129.583639,28.359318],[129.583426,28.35941],[129.583339,28.359535],[129.583114,28.359568],[129.582702,28.359526],[129.582452,28.359418],[129.582189,28.359201],[129.581827,28.35891],[129.581402,28.358468],[129.581039,28.35811],[129.580927,28.357943],[129.580602,28.357593],[129.580389,28.357426],[129.580114,28.357243],[129.579889,28.357043],[129.579527,28.356601],[129.579452,28.356393],[129.579477,28.356135],[129.579652,28.355868],[129.579852,28.355568],[129.579564,28.355402],[129.579439,28.355277],[129.579539,28.355135],[129.579502,28.354935],[129.579264,28.355002],[129.579064,28.355143],[129.578852,28.355235],[129.578539,28.355227],[129.578152,28.355385],[129.577852,28.355318],[129.577265,28.354927],[129.576727,28.354368],[129.57649,28.354085],[129.576227,28.353668],[129.575952,28.353185],[129.575827,28.35286],[129.57579,28.352702],[129.575702,28.352377],[129.575677,28.352043],[129.575627,28.35161],[129.575602,28.351035],[129.57559,28.350419],[129.575515,28.349894],[129.57544,28.349702],[129.575327,28.349277],[129.57524,28.348844],[129.575152,28.348419],[129.575065,28.348086],[129.574903,28.347869],[129.57469,28.347719],[129.574478,28.347527],[129.57449,28.347402],[129.574528,28.347119],[129.574478,28.346752],[129.574315,28.346602],[129.574078,28.346636],[129.573965,28.346869],[129.573928,28.347011],[129.573828,28.346952],[129.572203,28.346602],[129.572153,28.346469],[129.572065,28.346336],[129.57199,28.346344],[129.571603,28.346186],[129.571203,28.345986],[129.57094,28.345719],[129.570828,28.345519],[129.57069,28.345194],[129.570503,28.344894],[129.570403,28.344453],[129.570328,28.343878],[129.570253,28.343494],[129.570091,28.343061],[129.569903,28.342753],[129.569403,28.342394],[129.568816,28.342061],[129.568353,28.341844],[129.567991,28.341678],[129.567716,28.341594],[129.567178,28.341136],[129.566791,28.340561],[129.566478,28.340011],[129.566054,28.339328],[129.565729,28.338745],[129.565516,28.338411],[129.565454,28.338186],[129.565429,28.337986],[129.565491,28.337845],[129.565566,28.337403],[129.565604,28.337211],[129.565541,28.33682],[129.565529,28.33662],[129.565591,28.336403],[129.565729,28.336195],[129.565729,28.335928],[129.565666,28.335678],[129.565491,28.335462],[129.565141,28.335287],[129.564904,28.33517],[129.564891,28.33497],[129.564766,28.334745],[129.564504,28.334778],[129.564279,28.33492],[129.564104,28.33487],[129.563891,28.33462],[129.563691,28.334428],[129.563541,28.334245],[129.563479,28.334003],[129.563216,28.33367],[129.563004,28.333562],[129.562829,28.333337],[129.562567,28.333087],[129.562229,28.332903],[129.561917,28.332895],[129.561692,28.333062],[129.561504,28.333162],[129.561229,28.333087],[129.560879,28.333012],[129.560442,28.333095],[129.560004,28.333078],[129.559642,28.333037],[129.559454,28.33287],[129.559379,28.332737],[129.559279,28.332645],[129.558979,28.332645],[129.558579,28.332545],[129.558392,28.33242],[129.558304,28.332462],[129.558217,28.332537],[129.558004,28.332437],[129.557854,28.332245],[129.557629,28.332145],[129.557492,28.332128],[129.557229,28.332178],[129.557042,28.332278],[129.556942,28.332503],[129.556879,28.332728],[129.556692,28.332862],[129.556517,28.332945],[129.556542,28.33317],[129.556617,28.333262],[129.556617,28.333362],[129.556604,28.33352],[129.556592,28.333587],[129.556479,28.333695],[129.556292,28.333828],[129.555954,28.33402],[129.555617,28.334203],[129.555267,28.334337],[129.555055,28.334403],[129.554755,28.334428],[129.55443,28.334387],[129.554092,28.334312],[129.553855,28.33407],[129.553755,28.333728],[129.553655,28.333528],[129.553505,28.333453],[129.553492,28.333295],[129.553467,28.33322],[129.553242,28.332887],[129.55298,28.332762],[129.552917,28.33267],[129.552992,28.332437],[129.553005,28.332078],[129.552855,28.331912],[129.552742,28.331987],[129.552592,28.331887],[129.552417,28.331862],[129.552267,28.331903],[129.552155,28.332095],[129.552005,28.33237],[129.55178,28.33242],[129.551492,28.332378],[129.551417,28.332212],[129.551442,28.33197],[129.55128,28.331828],[129.55113,28.331845],[129.550992,28.331945],[129.550855,28.332195],[129.55068,28.332237],[129.550367,28.331903],[129.550255,28.331587],[129.550168,28.331337],[129.550043,28.330995],[129.54993,28.330704],[129.549793,28.330587],[129.54948,28.33047],[129.549118,28.330304],[129.54888,28.330195],[129.548668,28.330112],[129.548455,28.330079],[129.548055,28.330179],[129.547818,28.330254],[129.54758,28.330304],[129.547243,28.330428],[129.546755,28.330628],[129.54633,28.330703],[129.545968,28.330778],[129.54548,28.330778],[129.545043,28.330787],[129.544618,28.330762],[129.544468,28.330762],[129.544393,28.330745],[129.544343,28.330553],[129.544181,28.330453],[129.544031,28.330562],[129.543868,28.330728],[129.543818,28.330803],[129.543481,28.33072],[129.543043,28.330737],[129.542568,28.330987],[129.542381,28.331037],[129.542206,28.331045],[129.541868,28.330962],[129.541506,28.33082],[129.541181,28.33072],[129.540856,28.330637],[129.540693,28.330637],[129.540256,28.330653],[129.539868,28.330745],[129.539431,28.330937],[129.538993,28.331037],[129.538843,28.331028],[129.538506,28.330987],[129.538156,28.330903],[129.537819,28.330812],[129.537394,28.330712],[129.537044,28.330603],[129.536819,28.330578],[129.536544,28.330495],[129.536294,28.330303],[129.536044,28.330053],[129.535994,28.329695],[129.536119,28.329437],[129.536119,28.329145],[129.535994,28.328903],[129.535944,28.328712],[129.535956,28.328587],[129.535919,28.328345],[129.535794,28.328079],[129.535569,28.327904],[129.535256,28.32782],[129.534931,28.327879],[129.534544,28.327912],[129.534231,28.327795],[129.533882,28.327612],[129.533582,28.327362],[129.533319,28.327037],[129.533157,28.326762],[129.532957,28.326487],[129.532857,28.326379],[129.533107,28.326537],[129.533307,28.326537],[129.533494,28.32652],[129.533669,28.326429],[129.533632,28.326279],[129.533457,28.32627],[129.533319,28.326229],[129.533207,28.326104],[129.532969,28.326187],[129.532894,28.32617],[129.532819,28.325937],[129.532732,28.325595],[129.532694,28.325062],[129.532769,28.324554],[129.532732,28.324079],[129.532782,28.323621],[129.532882,28.323212],[129.533082,28.322729],[129.533207,28.322437],[129.533294,28.322271],[129.533457,28.322037],[129.533707,28.321729],[129.533882,28.321571],[129.533994,28.321454],[129.533644,28.321237],[129.533669,28.321162],[129.533757,28.320904],[129.533982,28.321054],[129.533982,28.320996],[129.534132,28.320438],[129.534994,28.319588],[129.535094,28.319604],[129.535494,28.319754],[129.535532,28.320529],[129.535744,28.320529],[129.535744,28.320613],[129.535919,28.321571],[129.535669,28.322812],[129.535969,28.322862],[129.535982,28.322796],[129.536257,28.321579],[129.535919,28.319963],[129.535732,28.319796],[129.535869,28.319438],[129.536107,28.319396],[129.536219,28.319621],[129.536519,28.319679],[129.536707,28.319704],[129.537044,28.319696],[129.537344,28.319596],[129.537482,28.319396],[129.537694,28.319096],[129.537907,28.318913],[129.538182,28.318746],[129.538481,28.318696],[129.538831,28.318679],[129.538944,28.318546],[129.538906,28.318363],[129.538806,28.318204],[129.538769,28.317996],[129.538881,28.31778],[129.539169,28.317638],[129.539281,28.317471],[129.539269,28.317288],[129.539269,28.31713],[129.539294,28.317055],[129.540556,28.316046],[129.541794,28.31593],[129.541894,28.31593],[129.542169,28.315955],[129.542344,28.315955],[129.542519,28.315963],[129.542694,28.315996],[129.542812,28.316004],[129.542906,28.316021],[129.543094,28.31623],[129.543269,28.316363],[129.543356,28.316421],[129.543531,28.316413],[129.543594,28.316188],[129.543719,28.316113],[129.543756,28.316021],[129.543819,28.315805],[129.543794,28.315646],[129.543581,28.315546],[129.543344,28.31558],[129.543244,28.315571],[129.543244,28.315413],[129.543594,28.31538],[129.543681,28.31503],[129.543894,28.314497],[129.543994,28.314105],[129.544081,28.313588],[129.544256,28.313355],[129.544281,28.313113],[129.544481,28.312905],[129.544594,28.31273],[129.544706,28.312322],[129.544731,28.311938],[129.544706,28.311863],[129.544669,28.311705],[129.544444,28.311455],[129.544131,28.311122],[129.543706,28.310697],[129.543231,28.310322],[129.542881,28.310114],[129.542532,28.30978],[129.542332,28.309497],[129.542232,28.309297],[129.542107,28.309205],[129.537745,28.30663],[129.537045,28.30663],[129.536357,28.30668],[129.535507,28.306747],[129.534745,28.306805],[129.534095,28.306764],[129.533607,28.306672],[129.533495,28.30663],[129.533245,28.306414],[129.53312,28.306255],[129.532907,28.306089],[129.532707,28.306089],[129.532345,28.305797],[129.532245,28.30558],[129.53217,28.305406],[129.53187,28.305256],[129.531433,28.305039],[129.531008,28.304939],[129.530645,28.304647],[129.530533,28.304422],[129.530245,28.304447],[129.52997,28.304531],[129.52952,28.304522],[129.529008,28.304556],[129.528545,28.304597],[129.528408,28.304606],[129.528095,28.304706],[129.527883,28.30483],[129.52752,28.30513],[129.526946,28.305289],[129.526446,28.305289],[129.525846,28.30523],[129.525346,28.30518],[129.524733,28.304972],[129.524221,28.304764],[129.523996,28.304539],[129.523696,28.30428],[129.523533,28.304014],[129.523308,28.303789],[129.523221,28.303681],[129.522921,28.303472],[129.522896,28.303389],[129.522858,28.303239],[129.522846,28.303014],[129.522771,28.302831],[129.522633,28.302664],[129.522583,28.302531],[129.522683,28.302214],[129.522608,28.302139],[129.522196,28.302239],[129.522109,28.302256],[129.521834,28.302089],[129.521459,28.302072],[129.521234,28.302131],[129.520946,28.301981],[129.520834,28.301781],[129.520684,28.301647],[129.520484,28.301647],[129.520309,28.301714],[129.519909,28.301397],[129.519696,28.301422],[129.519521,28.301256],[129.519396,28.301114],[129.519134,28.300972],[129.518746,28.300972],[129.518409,28.300972],[129.518296,28.301056],[129.518009,28.300964],[129.517684,28.301006],[129.517572,28.300797],[129.517334,28.300831],[129.517109,28.300856],[129.516822,28.301006],[129.516572,28.301081],[129.516422,28.301264],[129.516022,28.301397],[129.515834,28.301489],[129.515447,28.301539],[129.515034,28.301655],[129.514947,28.301664],[129.514697,28.301455],[129.514247,28.301364],[129.513909,28.301272],[129.513297,28.301322],[129.512872,28.301064],[129.512559,28.300847],[129.512172,28.300697],[129.51176,28.300622],[129.511522,28.300464],[129.511335,28.300389],[129.51116,28.300397],[129.510872,28.300297],[129.510397,28.300214],[129.51011,28.299914],[129.50986,28.299831],[129.509735,28.299906],[129.509622,28.299939],[129.50951,28.299789],[129.50936,28.299897],[129.509272,28.299897],[129.50921,28.299797],[129.509035,28.299739],[129.508985,28.299631],[129.50896,28.299572],[129.508797,28.299522],[129.50871,28.299556],[129.508635,28.299547],[129.508485,28.299406],[129.50841,28.299297],[129.508122,28.299281],[129.507947,28.299164],[129.507897,28.299089],[129.507685,28.298964],[129.50756,28.298906],[129.507497,28.298772],[129.507222,28.298589],[129.507135,28.298547],[129.506998,28.298472],[129.50686,28.298497],[129.506748,28.298564],[129.506573,28.298464],[129.506435,28.298564],[129.50626,28.298614],[129.506135,28.298472],[129.505923,28.298339],[129.505835,28.298447],[129.505648,28.298614],[129.505523,28.298531],[129.505323,28.298447],[129.505073,28.298464],[129.50491,28.298397],[129.50466,28.298306],[129.504548,28.298481],[129.503998,28.298497],[129.503748,28.298356],[129.503485,28.298222],[129.503398,28.298272],[129.503085,28.298281],[129.502673,28.298206],[129.50241,28.298189],[129.50201,28.298206],[129.501723,28.298172],[129.501485,28.298231],[129.500911,28.298339],[129.500311,28.298397],[129.499711,28.29833],[129.499186,28.298047],[129.498911,28.297805],[129.498836,28.297589],[129.498886,28.297439],[129.499161,28.297214],[129.499261,28.296931],[129.499136,28.296739],[129.498786,28.296731],[129.498573,28.296897],[129.498436,28.297181],[129.498323,28.297231],[129.498261,28.297047],[129.497998,28.296972],[129.497861,28.296781],[129.497673,28.296622],[129.497573,28.296431],[129.497448,28.296322],[129.497323,28.296239],[129.497136,28.296039],[129.496961,28.296039],[129.496786,28.296056],[129.496673,28.295931],[129.496636,28.295822],[129.496486,28.295631],[129.496211,28.295664],[129.496111,28.295839],[129.495811,28.295814],[129.495474,28.295756],[129.495374,28.295964],[129.495586,28.296214],[129.495186,28.296214],[129.494936,28.296281],[129.494461,28.296164],[129.494149,28.296081],[129.493936,28.295989],[129.493786,28.295914],[129.493549,28.295814],[129.493224,28.295714],[129.492811,28.295456],[129.492486,28.295222],[129.492286,28.295031],[129.492136,28.294781],[129.492024,28.294539],[129.491949,28.294222],[129.491986,28.294014],[129.492074,28.293914],[129.492374,28.293747],[129.492499,28.293706],[129.492749,28.293564],[129.492936,28.293381],[129.492886,28.293222],[129.492724,28.293222],[129.492574,28.293206],[129.492224,28.293172],[129.491974,28.293414],[129.491599,28.293531],[129.491424,28.293339],[129.491412,28.293147],[129.491412,28.292872],[129.491499,28.292781],[129.491836,28.292714],[129.492024,28.292514],[129.492011,28.292289],[129.491749,28.292072],[129.491549,28.292089],[129.491549,28.291981],[129.491624,28.291872],[129.491624,28.291722],[129.491449,28.291739],[129.491437,28.291639],[129.491412,28.291523],[129.491199,28.291481],[129.491149,28.291273],[129.490949,28.291139],[129.490699,28.291389],[129.490624,28.291747],[129.490374,28.291956],[129.490024,28.291931],[129.489762,28.291931],[129.489549,28.291806],[129.489162,28.291622],[129.488924,28.291506],[129.488762,28.291397],[129.488574,28.291164],[129.488412,28.290989],[129.488224,28.290764],[129.487974,28.290506],[129.487674,28.290339],[129.487524,28.290247],[129.487474,28.290139],[129.487024,28.290006],[129.486662,28.290031],[129.486575,28.289789],[129.486362,28.289523],[129.486125,28.289398],[129.485587,28.289323],[129.484887,28.289198],[129.4845,28.289214],[129.484137,28.289322],[129.482875,28.289014],[129.482212,28.288914],[129.4815,28.289056],[129.4813,28.289147],[129.481013,28.289081],[129.480513,28.289181],[129.480075,28.289481],[129.479913,28.289764],[129.4796,28.290064],[129.479163,28.290306],[129.478675,28.290855],[129.478175,28.291097],[129.47795,28.29138],[129.477788,28.291705],[129.477713,28.29223],[129.477725,28.292422],[129.477275,28.292722],[129.477025,28.293014],[129.476813,28.29343],[129.476538,28.293855],[129.476113,28.294063],[129.47555,28.29443],[129.475088,28.294472],[129.4746,28.294772],[129.4741,28.294905],[129.473363,28.294913],[129.472588,28.294855],[129.471913,28.294697],[129.471438,28.294488],[129.470038,28.293272],[129.469638,28.293038],[129.469163,28.29313],[129.468813,28.293005],[129.468701,28.292847],[129.468626,28.29288],[129.468688,28.292997],[129.468476,28.29328],[129.468263,28.293155],[129.468213,28.293871],[129.468251,28.29428],[129.468138,28.294788],[129.467963,28.295071],[129.467813,28.295655],[129.467713,28.295846],[129.467576,28.296005],[129.467526,28.296288],[129.467263,28.296529],[129.466801,28.296679],[129.465726,28.296729],[129.465001,28.296721],[129.463764,28.296329],[129.463314,28.296304],[129.463014,28.296413],[129.462864,28.296654],[129.462926,28.296904],[129.462876,28.297054],[129.462739,28.297121],[129.462589,28.297121],[129.462139,28.297038],[129.461151,28.296688],[129.460039,28.296196],[129.458702,28.295563],[129.457852,28.294996],[129.456714,28.293979],[129.456239,28.293688],[129.455702,28.293438],[129.455552,28.293154],[129.455527,28.292838],[129.455352,28.292396],[129.455302,28.291879],[129.455364,28.291338],[129.455489,28.291071],[129.455727,28.290921],[129.455877,28.29073],[129.456364,28.289671],[129.456689,28.289371],[129.457039,28.288888],[129.457327,28.28838],[129.457427,28.287863],[129.457477,28.287263],[129.457452,28.286488],[129.457352,28.286072],[129.457177,28.28593],[129.456752,28.285472],[129.456265,28.284355],[129.456202,28.283989],[129.456252,28.283689],[129.456152,28.283205],[129.455965,28.28273],[129.455677,28.28223],[129.455177,28.281839],[129.454977,28.281564],[129.454577,28.280214],[129.454702,28.279614],[129.454702,28.279106],[129.454565,28.278181],[129.45439,28.277597],[129.454415,28.277197],[129.454653,28.276456],[129.454877,28.276198],[129.455065,28.275581],[129.455252,28.275206],[129.455552,28.274748],[129.45584,28.274531],[129.456365,28.274589],[129.456515,28.274581],[129.457027,28.274381],[129.457277,28.274006],[129.457565,28.273431],[129.457652,28.273165],[129.457765,28.27209],[129.45799,28.271448],[129.45824,28.270957],[129.458852,28.270365],[129.45904,28.27014],[129.459215,28.269815],[129.459352,28.269273],[129.459602,28.268649],[129.459765,28.267932],[129.459752,28.267582],[129.45964,28.267232],[129.45924,28.266724],[129.459277,28.266365],[129.45924,28.265857],[129.459078,28.265466],[129.45879,28.265182],[129.458553,28.264799],[129.45819,28.264557],[129.457603,28.264424],[129.457078,28.264357],[129.456553,28.264482],[129.45624,28.264624],[129.456078,28.264624],[129.45509,28.264765],[129.454678,28.264732],[129.454165,28.264732],[129.453841,28.264565],[129.453528,28.264482],[129.453078,28.264315],[129.452803,28.263932],[129.452616,28.263457],[129.452366,28.26299],[129.451953,28.262649],[129.451016,28.26239],[129.450828,28.262316],[129.450753,28.262016],[129.450228,28.261732],[129.450066,28.261591],[129.449916,28.261574],[129.449866,28.261716],[129.449641,28.261724],[129.449028,28.261607],[129.448991,28.261541],[129.448529,28.261224],[129.447729,28.260357],[129.447604,28.259724],[129.447391,28.259432],[129.447066,28.259249],[129.446979,28.259049],[129.447079,28.258649],[129.447041,28.258282],[129.446791,28.258008],[129.446629,28.257941],[129.446354,28.257633],[129.446104,28.257158],[129.446054,28.256983],[129.445829,28.256633],[129.445516,28.256316],[129.445342,28.255866],[129.445454,28.255499],[129.445517,28.255074],[129.445304,28.254908],[129.445054,28.254883],[129.445079,28.254341],[129.445179,28.253783],[129.445042,28.253733],[129.445017,28.253683],[129.445017,28.253533],[129.445092,28.253325],[129.444942,28.253033],[129.444942,28.252875],[129.444767,28.252808],[129.444492,28.25265],[129.444379,28.252216],[129.444104,28.251875],[129.443804,28.251758],[129.443579,28.251583],[129.443329,28.251242],[129.443054,28.250967],[129.443104,28.25065],[129.443242,28.25025],[129.443592,28.249867],[129.443892,28.250025],[129.444092,28.250025],[129.444067,28.249892],[129.443917,28.249758],[129.444017,28.249708],[129.444267,28.249783],[129.444442,28.249667],[129.444742,28.249758],[129.445142,28.249767],[129.445504,28.249675],[129.445504,28.249567],[129.445479,28.249517],[129.444904,28.249425],[129.444904,28.249375],[129.445179,28.2494],[129.445504,28.249292],[129.445954,28.248934],[129.445954,28.248709],[129.445754,28.248642],[129.444904,28.248609],[129.444454,28.248634],[129.444154,28.248584],[129.444154,28.2484],[129.444892,28.247984],[129.444717,28.247909],[129.444617,28.247734],[129.444567,28.247684],[129.444317,28.24775],[129.444192,28.2477],[129.443767,28.2475],[129.443742,28.247384],[129.443242,28.24695],[129.443292,28.246684],[129.44313,28.246342],[129.443505,28.246484],[129.443754,28.246459],[129.443754,28.246417],[129.443605,28.246234],[129.442405,28.245726],[129.442255,28.245775],[129.442205,28.245684],[129.441905,28.245592],[129.441355,28.245675],[129.441205,28.245809],[129.440867,28.245967],[129.440642,28.245942],[129.440592,28.245759],[129.440392,28.245667],[129.440137,28.245566],[129.440055,28.245534],[129.43913,28.245167],[129.438805,28.24505],[129.438355,28.245],[129.437793,28.245017],[129.437193,28.245084],[129.436843,28.245217],[129.436368,28.245442],[129.436218,28.245734],[129.436293,28.245842],[129.436105,28.2465],[129.435418,28.247533],[129.434943,28.247958],[129.43373,28.24865],[129.43323,28.248733],[129.43248,28.24875],[129.432205,28.2487],[129.43128,28.248383],[129.43078,28.248108],[129.430281,28.247925],[129.429956,28.248083],[129.429543,28.248208],[129.429068,28.248275],[129.428943,28.2485],[129.428893,28.24875],[129.428443,28.249083],[129.428181,28.249191],[129.427831,28.249191],[129.427656,28.249391],[129.426906,28.249233],[129.426456,28.249158],[129.425831,28.248641],[129.425681,28.248683],[129.425631,28.248975],[129.425406,28.249241],[129.425056,28.249375],[129.424706,28.249308],[129.424331,28.249166],[129.424131,28.249233],[129.423919,28.249416],[129.423444,28.249366],[129.423144,28.249541],[129.422769,28.249474],[129.422569,28.249383],[129.421669,28.249716],[129.421369,28.249641],[129.420869,28.249324],[129.420719,28.249416],[129.420494,28.249499],[129.419419,28.249249],[129.419019,28.249066],[129.418894,28.249066],[129.418631,28.249291],[129.418306,28.249283],[129.417981,28.249216],[129.417881,28.249216],[129.417732,28.249441],[129.417407,28.249574],[129.416882,28.249591],[129.416307,28.249566],[129.415194,28.249666],[129.414919,28.249666],[129.412732,28.249458],[129.412557,28.249299],[129.412382,28.249208],[129.412232,28.249266],[129.411969,28.249391],[129.411694,28.249616],[129.411569,28.249774],[129.411432,28.249841],[129.411357,28.249999],[129.411394,28.250291],[129.412119,28.250891],[129.412119,28.251191],[129.411594,28.251407],[129.411332,28.251482],[129.411082,28.251474],[129.410532,28.251074],[129.410095,28.250582],[129.409832,28.250358],[129.409345,28.250283],[129.408957,28.250357],[129.40862,28.250549],[129.408432,28.250757],[129.40832,28.250736],[129.408182,28.250624],[129.407732,28.250416],[129.40742,28.250216],[129.407407,28.249733],[129.407195,28.249266],[129.407457,28.248749],[129.407507,28.248508],[129.40757,28.248166],[129.407795,28.248091],[129.408207,28.247858],[129.40847,28.247466],[129.408957,28.24705],[129.40982,28.247316],[129.409907,28.24745],[129.41007,28.2472],[129.410232,28.246683],[129.410432,28.2463],[129.410895,28.246208],[129.411382,28.246533],[129.41167,28.246558],[129.41172,28.24675],[129.411907,28.246716],[129.41202,28.246416],[129.412182,28.246158],[129.412382,28.246025],[129.412682,28.245816],[129.412845,28.245758],[129.413045,28.24565],[129.413432,28.2453],[129.413794,28.2449],[129.414107,28.244592],[129.414707,28.244258],[129.415257,28.2441],[129.415769,28.243917],[129.416182,28.243858],[129.416469,28.2437],[129.416882,28.243425],[129.417194,28.243084],[129.417482,28.242717],[129.417557,28.242675],[129.418069,28.242525],[129.418919,28.2424],[129.419169,28.2424],[129.419532,28.242192],[129.420357,28.241817],[129.421182,28.241617],[129.421669,28.241684],[129.422069,28.241967],[129.422406,28.242134],[129.422731,28.242125],[129.422769,28.242267],[129.422944,28.242592],[129.423269,28.242992],[129.423644,28.243084],[129.423931,28.243275],[129.424019,28.243184],[129.424144,28.243009],[129.424231,28.242684],[129.424456,28.242359],[129.424631,28.242125],[129.424706,28.241892],[129.424894,28.241667],[129.425506,28.241559],[129.425619,28.241567],[129.425831,28.241551],[129.426006,28.241501],[129.426069,28.241484],[129.426331,28.241434],[129.426456,28.241342],[129.426506,28.241201],[129.426544,28.240951],[129.426656,28.240376],[129.426794,28.239892],[129.426881,28.239451],[129.427056,28.239184],[129.427406,28.239126],[129.427794,28.239193],[129.427894,28.238976],[129.427831,28.238609],[129.428006,28.238284],[129.428469,28.238026],[129.428931,28.237634],[129.429481,28.237193],[129.429819,28.236935],[129.429969,28.236943],[129.430043,28.237101],[129.430281,28.237468],[129.430531,28.237776],[129.431118,28.237934],[129.431406,28.238076],[129.431531,28.238326],[129.431643,28.238618],[129.431681,28.238934],[129.431981,28.239026],[129.432331,28.239251],[129.432656,28.239176],[129.432718,28.239101],[129.432756,28.239026],[129.432718,28.238859],[129.432768,28.238484],[129.433268,28.238209],[129.433968,28.238084],[129.434231,28.237985],[129.434518,28.237651],[129.434906,28.237268],[129.435093,28.23716],[129.435293,28.236826],[129.435543,28.236126],[129.436093,28.235526],[129.436606,28.23511],[129.437056,28.235002],[129.43753,28.235277],[129.437968,28.235385],[129.438255,28.235335],[129.438468,28.235135],[129.43918,28.23511],[129.43943,28.235193],[129.439718,28.235085],[129.439668,28.23501],[129.439468,28.234835],[129.439418,28.234743],[129.439468,28.234643],[129.439505,28.234502],[129.439468,28.234218],[129.439368,28.233768],[129.439368,28.23331],[129.439568,28.233177],[129.439818,28.232802],[129.439755,28.232402],[129.440018,28.231994],[129.440555,28.23171],[129.441305,28.231235],[129.441868,28.230719],[129.442305,28.230519],[129.442905,28.230186],[129.443943,28.229819],[129.445218,28.229611],[129.446043,28.229461],[129.446905,28.229144],[129.447817,28.228961],[129.448667,28.229011],[129.449067,28.229219],[129.44968,28.229569],[129.45033,28.229669],[129.450455,28.229586],[129.45058,28.229527],[129.45118,28.229694],[129.451817,28.230202],[129.452117,28.230486],[129.452042,28.230894],[129.452004,28.231244],[129.451954,28.231461],[129.451879,28.231844],[129.451817,28.232127],[129.451779,28.232302],[129.451617,28.232444],[129.451554,28.232627],[129.451379,28.232652],[129.451242,28.232969],[129.451267,28.233202],[129.451304,28.233277],[129.451792,28.233277],[129.452417,28.233127],[129.452517,28.232919],[129.452742,28.232519],[129.453367,28.232227],[129.453554,28.232452],[129.453817,28.232536],[129.454179,28.232544],[129.454629,28.232661],[129.454967,28.232686],[129.455604,28.232736],[129.455842,28.232802],[129.455917,28.232669],[129.456042,28.232394],[129.456529,28.232311],[129.457042,28.232186],[129.457279,28.231744],[129.457617,28.231394],[129.457504,28.231086],[129.457217,28.230694],[129.457267,28.230519],[129.457479,28.230136],[129.457617,28.229594],[129.457892,28.229086],[129.458304,28.228894],[129.459204,28.228769],[129.459516,28.228628],[129.459841,28.228369],[129.460229,28.228369],[129.460604,28.228095],[129.460716,28.22777],[129.460941,28.227445],[129.461466,28.227628],[129.461516,28.227728],[129.461729,28.227553],[129.461816,28.227428],[129.462079,28.227445],[129.462204,28.227586],[129.462379,28.227428],[129.462379,28.22732],[129.462241,28.227261],[129.462154,28.227145],[129.462154,28.227003],[129.462341,28.22692],[129.462379,28.226636],[129.462579,28.226511],[129.462866,28.226561],[129.463141,28.226453],[129.463154,28.226261],[129.463466,28.22612],[129.463891,28.22617],[129.464616,28.225728],[129.464966,28.225537],[129.465404,28.225545],[129.465579,28.225628],[129.465679,28.225378],[129.465579,28.225353],[129.465516,28.225245],[129.465541,28.225128],[129.465729,28.224853],[129.466466,28.224645],[129.467104,28.22432],[129.467404,28.224128],[129.467491,28.22397],[129.467941,28.223795],[129.468391,28.223545],[129.468666,28.223303],[129.468791,28.223104],[129.468841,28.22277],[129.469078,28.22247],[129.469154,28.222079],[129.469478,28.22162],[129.470166,28.22132],[129.470441,28.221154],[129.470753,28.221087],[129.470916,28.221287],[129.471241,28.221329],[129.471491,28.22142],[129.471841,28.221445],[129.472128,28.221195],[129.472228,28.221062],[129.472253,28.220937],[129.472128,28.220729],[129.471941,28.220537],[129.471491,28.220487],[129.471166,28.220479],[129.471166,28.220362],[129.471366,28.220204],[129.471391,28.219921],[129.471241,28.219696],[129.471291,28.219362],[129.471266,28.219087],[129.471303,28.218737],[129.471491,28.218246],[129.471941,28.217879],[129.472553,28.217471],[129.473066,28.217288],[129.473353,28.217438],[129.473728,28.217421],[129.474066,28.217346],[129.474428,28.217463],[129.474816,28.217438],[129.475078,28.217329],[129.475628,28.217088],[129.475616,28.216996],[129.475466,28.216771],[129.475016,28.216646],[129.474853,28.216579],[129.474853,28.216429],[129.475078,28.216204],[129.475303,28.215963],[129.475441,28.215771],[129.475753,28.215746],[129.475953,28.215479],[129.475866,28.215346],[129.475828,28.215204],[129.475941,28.214938],[129.476103,28.21443],[129.476078,28.21393],[129.476291,28.213413],[129.476291,28.213113],[129.476366,28.212813],[129.476466,28.21228],[129.476391,28.212005],[129.476503,28.21193],[129.476828,28.211996],[129.476978,28.211871],[129.476916,28.21168],[129.476666,28.211621],[129.476378,28.211546],[129.476441,28.211463],[129.476616,28.211263],[129.476616,28.211155],[129.476578,28.211022],[129.476416,28.210788],[129.476216,28.210747],[129.476003,28.21068],[129.475916,28.210447],[129.475878,28.210105],[129.475716,28.209663],[129.475416,28.20938],[129.475354,28.209455],[129.475179,28.209788],[129.474891,28.210188],[129.474666,28.210422],[129.474366,28.210422],[129.473929,28.210338],[129.473416,28.21023],[129.473191,28.210113],[129.472991,28.20993],[129.472704,28.20973],[129.472441,28.209447],[129.472266,28.209088],[129.472016,28.208647],[129.471666,28.208447],[129.471404,28.208505],[129.471391,28.20873],[129.471266,28.20883],[129.471016,28.208622],[129.470804,28.20853],[129.470579,28.208605],[129.470429,28.208897],[129.470041,28.209072],[129.469991,28.209355],[129.469916,28.20973],[129.469741,28.209572],[129.469604,28.209322],[129.469517,28.209305],[129.469392,28.209413],[129.469491,28.209813],[129.469741,28.210072],[129.470016,28.21043],[129.469916,28.210555],[129.469566,28.210688],[129.469579,28.210871],[129.469541,28.210996],[129.469504,28.211138],[129.469604,28.211321],[129.469479,28.211538],[129.469491,28.211963],[129.469604,28.212163],[129.469654,28.212346],[129.469491,28.212538],[129.468966,28.212846],[129.468629,28.212971],[129.468229,28.213021],[129.468191,28.212905],[129.468216,28.212796],[129.468042,28.212638],[129.467954,28.212413],[129.467629,28.212463],[129.467417,28.212796],[129.467317,28.212763],[129.467204,28.212904],[129.466629,28.213188],[129.466017,28.213404],[129.465742,28.213354],[129.465504,28.213238],[129.465217,28.213121],[129.465304,28.212896],[129.465529,28.212788],[129.465617,28.212371],[129.465679,28.212005],[129.465829,28.211771],[129.465742,28.211496],[129.465367,28.21178],[129.464917,28.212454],[129.464704,28.212454],[129.464679,28.212313],[129.464742,28.211988],[129.465017,28.211663],[129.465192,28.211463],[129.465117,28.211321],[129.464854,28.211355],[129.464629,28.211721],[129.464392,28.211605],[129.464279,28.211546],[129.464229,28.211746],[129.464267,28.211988],[129.464317,28.21213],[129.464192,28.212271],[129.464104,28.212429],[129.463942,28.212788],[129.463879,28.213113],[129.463667,28.213204],[129.463554,28.213079],[129.463429,28.213004],[129.463279,28.212921],[129.463142,28.212763],[129.462979,28.212421],[129.462867,28.212138],[129.462517,28.21198],[129.462105,28.21168],[129.461717,28.211563],[129.46133,28.211721],[129.461155,28.211821],[129.460842,28.211904],[129.460442,28.211838],[129.460117,28.211613],[129.459942,28.211438],[129.459905,28.211171],[129.459917,28.210805],[129.45983,28.210646],[129.45938,28.210696],[129.459355,28.210521],[129.45958,28.21033],[129.459842,28.209996],[129.459842,28.209621],[129.459592,28.209288],[129.458967,28.209238],[129.458455,28.209221],[129.45838,28.209521],[129.45833,28.209538],[129.457792,28.209196],[129.456955,28.209013],[129.45688,28.208855],[129.45678,28.208713],[129.45633,28.20878],[129.45628,28.208705],[129.456168,28.208613],[129.45608,28.208563],[129.45573,28.208246],[129.45548,28.20793],[129.455643,28.207796],[129.455743,28.207596],[129.455493,28.20748],[129.455168,28.207213],[129.454918,28.206555],[129.454793,28.206005],[129.45458,28.205722],[129.454555,28.205455],[129.455068,28.205322],[129.455655,28.205363],[129.455768,28.205172],[129.45543,28.205005],[129.454868,28.205005],[129.45453,28.204905],[129.45438,28.20468],[129.45418,28.204547],[129.454043,28.204588],[129.453768,28.204613],[129.453656,28.204872],[129.453518,28.204888],[129.452993,28.204738],[129.452618,28.20478],[129.452293,28.20488],[129.451868,28.204722],[129.451506,28.204505],[129.451256,28.204297],[129.450943,28.203888],[129.450943,28.203472],[129.451393,28.203272],[129.451931,28.20333],[129.452168,28.202897],[129.452218,28.202597],[129.452556,28.202389],[129.452593,28.202264],[129.452218,28.202197],[129.451956,28.202072],[129.451956,28.201655],[129.452168,28.201347],[129.452506,28.20128],[129.452818,28.201489],[129.452968,28.201472],[129.453018,28.201364],[129.453056,28.201114],[129.453418,28.201005],[129.453456,28.200914],[129.453243,28.20078],[129.453093,28.200747],[129.453118,28.20043],[129.453381,28.200364],[129.453281,28.200164],[129.453356,28.199972],[129.453468,28.199881],[129.453456,28.199689],[129.453143,28.199589],[129.452956,28.199672],[129.452806,28.199364],[129.452756,28.199114],[129.452531,28.198981],[129.452418,28.198772],[129.452156,28.198856],[129.452093,28.199381],[129.451668,28.199406],[129.451268,28.199314],[129.451193,28.199347],[129.451106,28.199172],[129.450931,28.199097],[129.450893,28.198897],[129.450844,28.198597],[129.450606,28.198439],[129.450544,28.198189],[129.450331,28.198231],[129.450056,28.198481],[129.450019,28.198264],[129.449869,28.198039],[129.449569,28.198072],[129.449631,28.197881],[129.449706,28.197672],[129.449519,28.197514],[129.449331,28.197206],[129.449269,28.196914],[129.449306,28.196614],[129.449519,28.196297],[129.449631,28.196164],[129.450206,28.196106],[129.450519,28.196048],[129.450881,28.195914],[129.451131,28.195798],[129.451219,28.195706],[129.451194,28.195539],[129.450894,28.195464],[129.450319,28.195456],[129.449806,28.195506],[129.449706,28.195464],[129.449344,28.195314],[129.449006,28.195548],[129.448769,28.195756],[129.448594,28.196272],[129.448619,28.196547],[129.448731,28.196622],[129.448794,28.196814],[129.448681,28.196731],[129.448544,28.196614],[129.448494,28.196381],[129.448081,28.196239],[129.447894,28.196014],[129.447719,28.196089],[129.448031,28.196556],[129.447919,28.196672],[129.447719,28.196572],[129.447456,28.196814],[129.447231,28.196922],[129.447044,28.197439],[129.447056,28.197781],[129.447006,28.197614],[129.446919,28.197406],[129.446806,28.197697],[129.447144,28.198264],[129.447069,28.198672],[129.446994,28.198814],[129.446831,28.198897],[129.446381,28.199147],[129.445856,28.199339],[129.445269,28.199397],[129.444244,28.199314],[129.444194,28.199205],[129.443982,28.198972],[129.443969,28.198847],[129.443657,28.19868],[129.443319,28.198814],[129.443207,28.198639],[129.443244,28.198414],[129.443219,28.198172],[129.442882,28.198064],[129.442569,28.197881],[129.442469,28.197914],[129.441994,28.198022],[129.441682,28.197856],[129.441444,28.197339],[129.441132,28.197164],[129.441007,28.196939],[129.441157,28.196739],[129.441269,28.196706],[129.441369,28.196372],[129.441432,28.196197],[129.441619,28.195972],[129.441532,28.195831],[129.441432,28.195706],[129.441257,28.195622],[129.441144,28.195539],[129.440719,28.195306],[129.440532,28.195306],[129.440407,28.195472],[129.440269,28.195747],[129.440057,28.195872],[129.439982,28.196031],[129.439957,28.196106],[129.439932,28.196172],[129.439757,28.196147],[129.439557,28.196331],[129.43942,28.196522],[129.439282,28.196639],[129.438982,28.196647],[129.438657,28.197064],[129.438507,28.197239],[129.43832,28.197281],[129.438157,28.197689],[129.438157,28.197922],[129.438157,28.198289],[129.437757,28.198539],[129.437245,28.198514],[129.436945,28.19888],[129.436945,28.199214],[129.436795,28.199105],[129.43577,28.199347],[129.435195,28.199372],[129.434582,28.199255],[129.433832,28.199222],[129.43302,28.198989],[129.43282,28.198772],[129.43247,28.198372],[129.432233,28.198139],[129.432058,28.197647],[129.431683,28.197339],[129.431433,28.196997],[129.431395,28.19683],[129.431395,28.19658],[129.43112,28.196472],[129.430895,28.196305],[129.43077,28.196047],[129.43057,28.195614],[129.43032,28.195114],[129.43032,28.194881],[129.43032,28.194522],[129.430195,28.194406],[129.430045,28.194097],[129.42987,28.193631],[129.429808,28.193531],[129.42972,28.193456],[129.429133,28.193189],[129.428683,28.193056],[129.427883,28.192706],[129.427458,28.192547],[129.426783,28.192389],[129.426258,28.192381],[129.426058,28.192564],[129.425083,28.192439],[129.424658,28.192347],[129.424034,28.191822],[129.423971,28.190673],[129.424196,28.190498],[129.424171,28.190431],[129.424146,28.190156],[129.424046,28.189956],[129.424196,28.189798],[129.424159,28.189389],[129.424209,28.189273],[129.424409,28.189456],[129.424409,28.189323],[129.424334,28.189006],[129.423884,28.188731],[129.423709,28.188706],[129.423484,28.188614],[129.423484,28.188864],[129.423184,28.188773],[129.423184,28.189089],[129.423046,28.189564],[129.422946,28.189789],[129.422621,28.189898],[129.422371,28.189873],[129.422146,28.189714],[129.421971,28.189806],[129.421646,28.189756],[129.421146,28.189664],[129.420746,28.189498],[129.420396,28.189231],[129.420121,28.188839],[129.419559,28.188364],[129.419309,28.187981],[129.419359,28.187706],[129.419609,28.187481],[129.419747,28.187189],[129.419747,28.186898],[129.419472,28.186939],[129.419197,28.186806],[129.418897,28.186806],[129.418722,28.187048],[129.418547,28.186981],[129.418359,28.187206],[129.418309,28.187206],[129.418134,28.187289],[129.418484,28.187839],[129.418259,28.188223],[129.417972,28.188373],[129.417847,28.188489],[129.417722,28.188756],[129.417547,28.188848],[129.417347,28.188464],[129.417172,28.188323],[129.417072,28.188573],[129.417147,28.188981],[129.417072,28.189064],[129.416722,28.189289],[129.415909,28.189531],[129.415784,28.189531],[129.415534,28.189214],[129.415409,28.189173],[129.415134,28.189372],[129.415109,28.189531],[129.415309,28.189756],[129.414772,28.190564],[129.414547,28.190514],[129.414072,28.190306],[129.413509,28.189922],[129.413459,28.189631],[129.413284,28.189647],[129.413209,28.189739],[129.412959,28.189556],[129.412809,28.189756],[129.412759,28.189781],[129.412772,28.189964],[129.412897,28.190147],[129.412872,28.190231],[129.412572,28.190389],[129.412322,28.190656],[129.412159,28.191106],[129.411809,28.191489],[129.411335,28.191714],[129.411047,28.192247],[129.410922,28.192405],[129.410272,28.192722],[129.409997,28.19278],[129.409872,28.192764],[129.409397,28.192714],[129.409247,28.192755],[129.409097,28.192872],[129.40886,28.19318],[129.40861,28.193364],[129.40846,28.19338],[129.40831,28.193355],[129.40821,28.193064],[129.40806,28.193064],[129.407935,28.193314],[129.40766,28.193397],[129.40751,28.193147],[129.407385,28.193055],[129.407285,28.193055],[129.407185,28.193172],[129.407135,28.19333],[129.40731,28.19378],[129.407035,28.193797],[129.406285,28.193664],[129.405735,28.193339],[129.405035,28.19268],[129.404123,28.191664],[129.403598,28.191139],[129.403073,28.190814],[129.402548,28.190547],[129.402535,28.190089],[129.402685,28.189506],[129.40271,28.189081],[129.402698,28.188622],[129.402798,28.187972],[129.402685,28.186797],[129.402761,28.186322],[129.403523,28.185406],[129.40401,28.184573],[129.40446,28.184131],[129.405248,28.183864],[129.405573,28.183773],[129.406623,28.183331],[129.406848,28.183264],[129.406998,28.183673],[129.407223,28.183873],[129.407523,28.183923],[129.408023,28.183748],[129.408635,28.183481],[129.40881,28.183298],[129.408785,28.183123],[129.40886,28.182781],[129.40891,28.182806],[129.408985,28.183056],[129.40906,28.183148],[129.409185,28.18299],[129.409185,28.182781],[129.40901,28.182623],[129.408935,28.182465],[129.408885,28.18229],[129.409185,28.182381],[129.40941,28.182606],[129.409535,28.182581],[129.409648,28.182315],[129.409648,28.181956],[129.409473,28.181998],[129.409273,28.181998],[129.408948,28.181723],[129.408948,28.181631],[129.409048,28.181631],[129.409448,28.181723],[129.409498,28.181723],[129.409523,28.18159],[129.409448,28.181256],[129.409423,28.181098],[129.40921,28.180731],[129.409085,28.180756],[129.408873,28.180981],[129.408573,28.181115],[129.408598,28.180956],[129.408835,28.180506],[129.40876,28.180281],[129.408485,28.18014],[129.40831,28.18014],[129.40821,28.179706],[129.408185,28.179482],[129.408473,28.178857],[129.408473,28.17879],[129.408573,28.17854],[129.408723,28.17834],[129.408735,28.17809],[129.408985,28.177523],[129.40901,28.177232],[129.408935,28.17714],[129.40881,28.177232],[129.408635,28.177415],[129.40851,28.177498],[129.408485,28.177365],[129.408735,28.177007],[129.408686,28.17689],[129.408498,28.176732],[129.408398,28.176573],[129.408548,28.176507],[129.408598,28.176373],[129.408498,28.176082],[129.408373,28.175923],[129.408023,28.17614],[129.407923,28.176165],[129.407773,28.176123],[129.407698,28.175915],[129.407948,28.175715],[129.407873,28.175532],[129.407698,28.175348],[129.407673,28.175348],[129.407736,28.174699],[129.407936,28.174207],[129.407998,28.173457],[129.408023,28.173007],[129.407886,28.172082],[129.407886,28.171657],[129.407786,28.171407],[129.407348,28.171082],[129.406674,28.170674],[129.406349,28.170457],[129.405761,28.169949],[129.405411,28.169791],[129.404949,28.169882],[129.404624,28.169782],[129.404211,28.169515],[129.403861,28.169224],[129.403674,28.168949],[129.403724,28.168666],[129.404061,28.167991],[129.404036,28.167791],[129.404099,28.167674],[129.404261,28.167666],[129.404574,28.167699],[129.404786,28.167591],[129.404861,28.167332],[129.404799,28.167074],[129.404824,28.166932],[129.404861,28.166932],[129.404999,28.167082],[129.405136,28.167116],[129.405224,28.166957],[129.405161,28.166524],[129.404861,28.165966],[129.404849,28.165541],[129.404911,28.165357],[129.404736,28.165208],[129.404524,28.165299],[129.404437,28.165366],[129.404399,28.165166],[129.404237,28.165107],[129.404099,28.164924],[129.404099,28.164724],[129.404474,28.164749],[129.404549,28.164649],[129.404662,28.164633],[129.404762,28.164433],[129.404624,28.163833],[129.404449,28.163516],[129.404349,28.163216],[129.404112,28.162866],[129.404062,28.162708],[129.404149,28.162708],[129.404487,28.162899],[129.404699,28.163158],[129.404924,28.163191],[129.405012,28.163124],[129.404924,28.162608],[129.404562,28.162349],[129.404124,28.162166],[129.403974,28.162024],[129.404099,28.161949],[129.404787,28.162133],[129.404949,28.162024],[129.404924,28.161966],[129.404699,28.161808],[129.404562,28.161624],[129.404499,28.161341],[129.404299,28.161124],[129.404224,28.160866],[129.404312,28.160733],[129.404487,28.160949],[129.404562,28.160975],[129.404737,28.160941],[129.404712,28.16065],[129.404624,28.16035],[129.404587,28.1598],[129.404887,28.1598],[129.404887,28.159525],[129.404724,28.159416],[129.404499,28.1592],[129.404312,28.158725],[129.404024,28.158591],[129.403637,28.158466],[129.403637,28.1584],[129.403999,28.158041],[129.404137,28.15795],[129.404487,28.157783],[129.404762,28.157666],[129.404612,28.157458],[129.404299,28.157158],[129.403999,28.15695],[129.403824,28.156975],[129.403662,28.156991],[129.403525,28.156975],[129.4035,28.156883],[129.403575,28.156558],[129.403562,28.156417],[129.403475,28.156342],[129.403287,28.156258],[129.4031,28.156183],[129.403,28.156117],[129.402937,28.156225],[129.40285,28.15635],[129.402712,28.156575],[129.402637,28.156758],[129.402512,28.156891],[129.402362,28.157016],[129.402162,28.157033],[129.401975,28.156983],[129.401612,28.156866],[129.40135,28.156766],[129.401162,28.156683],[129.4011,28.156566],[129.401162,28.156408],[129.401412,28.156166],[129.401712,28.156008],[129.401787,28.155817],[129.4018,28.155517],[129.401837,28.155258],[129.401887,28.155017],[129.401887,28.1548],[129.4018,28.154667],[129.401762,28.154483],[129.401712,28.154317],[129.401575,28.154175],[129.401425,28.154033],[129.401225,28.153942],[129.400962,28.153875],[129.400862,28.153875],[129.400512,28.154142],[129.4003,28.15425],[129.40025,28.154183],[129.40015,28.154108],[129.400012,28.154225],[129.399887,28.154292],[129.399812,28.154342],[129.39965,28.15455],[129.399587,28.154817],[129.399525,28.155117],[129.399462,28.155383],[129.399412,28.1557],[129.399425,28.156075],[129.399325,28.156408],[129.399125,28.156541],[129.399037,28.156516],[129.398787,28.156366],[129.39865,28.1564],[129.398562,28.156541],[129.398575,28.156658],[129.398637,28.156933],[129.398787,28.157108],[129.398837,28.1572],[129.398812,28.157358],[129.398637,28.157508],[129.398337,28.157708],[129.398162,28.157816],[129.397875,28.157941],[129.397625,28.158091],[129.397275,28.158333],[129.396963,28.158591],[129.396663,28.158799],[129.396338,28.158799],[129.396188,28.158766],[129.395938,28.158649],[129.395625,28.158474],[129.395538,28.158424],[129.395375,28.158358],[129.395238,28.158283],[129.3951,28.158016],[129.39495,28.157891],[129.394875,28.157891],[129.3948,28.157924],[129.394713,28.158016],[129.3947,28.158291],[129.39475,28.158499],[129.394763,28.158633],[129.394788,28.158716],[129.394763,28.158816],[129.394763,28.158908],[129.394725,28.158991],[129.394663,28.159083],[129.3946,28.159191],[129.394513,28.159283],[129.394438,28.159341],[129.394175,28.159383],[129.393838,28.159424],[129.393775,28.159391],[129.393575,28.159541],[129.3935,28.159541],[129.393388,28.159458],[129.393213,28.159374],[129.393075,28.159358],[129.392863,28.159541],[129.392675,28.159899],[129.39265,28.159974],[129.392463,28.160133],[129.39225,28.160307],[129.392125,28.160441],[129.391938,28.160666],[129.391563,28.160832],[129.391313,28.160916],[129.3909,28.160957],[129.390538,28.160966],[129.39035,28.160974],[129.390175,28.161091],[129.389963,28.161149],[129.389788,28.161207],[129.389463,28.161391],[129.389063,28.161632],[129.388838,28.161749],[129.388463,28.161907],[129.388163,28.162016],[129.388088,28.162024],[129.387676,28.162141],[129.387351,28.162224],[129.387176,28.162249],[129.386926,28.162257],[129.386526,28.162257],[129.386263,28.162266],[129.386088,28.162199],[129.385801,28.162074],[129.385726,28.161966],[129.385663,28.161832],[129.385576,28.161816],[129.385438,28.161741],[129.385388,28.161657],[129.385263,28.161591],[129.385051,28.161582],[129.384926,28.161549],[129.384901,28.161307],[129.384863,28.161057],[129.384813,28.160941],[129.384751,28.160882],[129.384613,28.160874],[129.384501,28.160907],[129.384463,28.160974],[129.384438,28.161216],[129.384426,28.161316],[129.384363,28.161299],[129.384326,28.161241],[129.384251,28.161041],[129.384176,28.160882],[129.384038,28.160741],[129.383951,28.160716],[129.383813,28.160774],[129.383651,28.160899],[129.383613,28.160991],[129.383576,28.161116],[129.383551,28.161257],[129.383538,28.161432],[129.383538,28.161649],[129.383563,28.161815],[129.383601,28.162065],[129.383613,28.162349],[129.383563,28.162615],[129.383476,28.162799],[129.383426,28.162957],[129.383413,28.163157],[129.383388,28.163399],[129.383426,28.163532],[129.383551,28.163724],[129.383726,28.16384],[129.383813,28.163982],[129.383851,28.164149],[129.383826,28.164315],[129.383776,28.164457],[129.383726,28.164599],[129.383651,28.16474],[129.383538,28.164899],[129.383363,28.165015],[129.383213,28.165115],[129.383038,28.165265],[129.382963,28.165307],[129.381926,28.165548],[129.380976,28.165615],[129.379101,28.16554],[129.378339,28.165398],[129.377664,28.165198],[129.376964,28.164857],[129.376614,28.164415],[129.376489,28.163965],[129.376326,28.163082],[129.376214,28.163057],[129.376076,28.16314],[129.375464,28.16374],[129.374939,28.163948],[129.374689,28.164257],[129.374276,28.164373],[129.372864,28.164465],[129.372652,28.164415],[129.372402,28.16444],[129.372339,28.164515],[129.372364,28.164606],[129.372314,28.16469],[129.371914,28.164998],[129.371589,28.165098],[129.371302,28.165156],[129.370827,28.165306],[129.370352,28.165381],[129.369739,28.165365],[129.369277,28.165365],[129.368689,28.165256],[129.368139,28.165156],[129.367827,28.165056],[129.367514,28.164865],[129.367177,28.164573],[129.366739,28.164423],[129.36629,28.164406],[129.366165,28.164323],[129.366052,28.164165],[129.365765,28.16404],[129.36534,28.163981],[129.36509,28.16389],[129.365027,28.163798],[129.364915,28.163481],[129.364702,28.163415],[129.36454,28.163431],[129.364352,28.163531],[129.364252,28.163681],[129.364152,28.163806],[129.36394,28.163881],[129.363702,28.163823],[129.363602,28.163715],[129.363502,28.163423],[129.36359,28.163173],[129.36379,28.162915],[129.363815,28.162798],[129.363727,28.162748],[129.363552,28.162681],[129.363302,28.162706],[129.363165,28.162856],[129.363015,28.163031],[129.362765,28.163131],[129.36219,28.16339],[129.361977,28.16349],[129.361902,28.163565],[129.361965,28.163823],[129.362027,28.164139],[129.362227,28.164356],[129.36269,28.164589],[129.363065,28.164856],[129.363477,28.165039],[129.36364,28.164998],[129.363652,28.165181],[129.363702,28.165456],[129.363777,28.166031],[129.363777,28.166389],[129.36369,28.166848],[129.363565,28.167273],[129.363452,28.167581],[129.36334,28.167823],[129.363365,28.167923],[129.363465,28.168048],[129.36354,28.168289],[129.363564,28.168414],[129.363415,28.168439],[129.363315,28.168389],[129.363115,28.168423],[129.36304,28.168481],[129.36294,28.168589],[129.36264,28.168989],[129.362402,28.169222],[129.36209,28.169481],[129.361765,28.169681],[129.361552,28.169764],[129.36119,28.169847],[129.36089,28.169881],[129.360615,28.169931],[129.360315,28.170047],[129.360165,28.170114],[129.359927,28.170072],[129.35979,28.169964],[129.359615,28.169772],[129.359365,28.169597],[129.359177,28.169431],[129.359002,28.169122],[129.358877,28.169014],[129.358477,28.168972],[129.358402,28.168964],[129.358365,28.169139],[129.35809,28.169289],[129.357752,28.169297],[129.357277,28.169314],[129.356902,28.169431],[129.356902,28.169647],[129.356902,28.169814],[129.35694,28.169897],[129.357052,28.170047],[129.357252,28.17023],[129.357315,28.170372],[129.356902,28.170605],[129.357002,28.170947],[129.35684,28.171297],[129.35654,28.171572],[129.356152,28.17178],[129.355652,28.171855],[129.355415,28.172097],[129.355165,28.172172],[129.354865,28.17223],[129.35449,28.17243],[129.353927,28.172747],[129.35359,28.172938],[129.353102,28.173255],[129.35244,28.173605],[129.35179,28.173755],[129.351328,28.173647],[129.351165,28.173905],[129.350915,28.173897],[129.35079,28.174038],[129.350553,28.17428],[129.350015,28.17428],[129.34919,28.174038],[129.348565,28.173855],[129.348128,28.173663],[129.347953,28.17333],[129.347665,28.172863],[129.347365,28.172713],[129.347253,28.172455],[129.347403,28.172205],[129.347565,28.171872],[129.347578,28.171805],[129.347515,28.171747],[129.347228,28.171847],[129.34669,28.172105],[129.346203,28.171938],[129.34579,28.171622],[129.345578,28.171738],[129.345228,28.171888],[129.344941,28.171788],[129.344453,28.171505],[129.344091,28.170455],[129.344078,28.170405],[129.343778,28.170255],[129.343441,28.170055],[129.343153,28.169822],[129.342816,28.169597],[129.342503,28.169563],[129.342403,28.16958],[129.342303,28.169738],[129.341941,28.16978],[129.341466,28.169763],[129.340978,28.169822],[129.340503,28.169813],[129.339953,28.16978],[129.339453,28.169796],[129.338978,28.169813],[129.338841,28.169838],[129.338553,28.169913],[129.338416,28.169613],[129.338053,28.169563],[129.337891,28.16958],[129.337691,28.169596],[129.337629,28.16953],[129.337641,28.16938],[129.337529,28.169155],[129.337279,28.168863],[129.337266,28.168705],[129.337204,28.168288],[129.337091,28.167888],[129.337066,28.167597],[129.337054,28.167205],[129.337141,28.166863],[129.337304,28.166497],[129.337416,28.166363],[129.337979,28.166188],[129.338229,28.166105],[129.338416,28.165847],[129.338616,28.165672],[129.338879,28.165513],[129.339154,28.165355],[129.339341,28.16528],[129.339729,28.165155],[129.339866,28.165097],[129.340041,28.164997],[129.340379,28.164739],[129.340491,28.16453],[129.340554,28.164155],[129.340854,28.163797],[129.341279,28.163397],[129.341529,28.163114],[129.341854,28.162897],[129.342166,28.162914],[129.342566,28.162939],[129.342804,28.162764],[129.342841,28.162664],[129.342816,28.162322],[129.342891,28.162247],[129.343204,28.162081],[129.344004,28.161739],[129.344341,28.161656],[129.344429,28.161697],[129.344879,28.161614],[129.345466,28.161314],[129.345729,28.161239],[129.345966,28.161197],[129.346203,28.161197],[129.346716,28.161214],[129.346953,28.161264],[129.347153,28.161206],[129.347241,28.160981],[129.347166,28.160839],[129.347128,28.160739],[129.347303,28.160689],[129.347628,28.160314],[129.347716,28.160098],[129.347866,28.159789],[129.348179,28.159164],[129.348316,28.158989],[129.348591,28.158648],[129.348804,28.158506],[129.349103,28.158314],[129.349253,28.158223],[129.349441,28.158156],[129.350041,28.157906],[129.350591,28.157856],[129.351166,28.157756],[129.351616,28.157531],[129.351841,28.157223],[129.352153,28.156806],[129.352303,28.156631],[129.352491,28.156448],[129.352566,28.156365],[129.352753,28.156298],[129.353141,28.15619],[129.353278,28.156256],[129.353703,28.156398],[129.354203,28.156373],[129.354778,28.15609],[129.355053,28.15584],[129.355153,28.155665],[129.355253,28.155323],[129.355303,28.155057],[129.355528,28.154673],[129.355753,28.154398],[129.355803,28.154315],[129.355966,28.154165],[129.356091,28.154082],[129.356228,28.153832],[129.356216,28.153765],[129.356216,28.153623],[129.356316,28.153465],[129.356278,28.153365],[129.356128,28.153315],[129.355678,28.153282],[129.355503,28.153132],[129.355466,28.152715],[129.355478,28.152415],[129.355603,28.152023],[129.355641,28.151932],[129.355741,28.151715],[129.355891,28.151448],[129.356116,28.150965],[129.356278,28.150574],[129.356353,28.15039],[129.356416,28.150274],[129.356653,28.149949],[129.356991,28.149724],[129.357091,28.149699],[129.357166,28.149665],[129.357566,28.149465],[129.357691,28.149415],[129.357966,28.149315],[129.358428,28.149099],[129.358891,28.148949],[129.359016,28.14889],[129.359453,28.148774],[129.359678,28.148707],[129.360103,28.148499],[129.360253,28.148474],[129.360553,28.148482],[129.360991,28.148441],[129.361653,28.148366],[129.362278,28.148332],[129.362716,28.148382],[129.363191,28.148391],[129.363391,28.148432],[129.363491,28.148841],[129.363578,28.149557],[129.363653,28.150032],[129.363815,28.150374],[129.36404,28.150666],[129.364278,28.150866],[129.364565,28.150957],[129.36484,28.150616],[129.365003,28.150424],[129.365103,28.149924],[129.36499,28.149566],[129.364803,28.149224],[129.364916,28.148516],[129.364978,28.148207],[129.364966,28.147899],[129.364953,28.147599],[129.364966,28.147482],[129.365116,28.147058],[129.365216,28.146741],[129.365291,28.146466],[129.365403,28.146249],[129.365591,28.145899],[129.365766,28.145491],[129.365853,28.145399],[129.365941,28.145399],[129.366066,28.145241],[129.366091,28.145124],[129.366291,28.145099],[129.366428,28.145008],[129.366378,28.144891],[129.366341,28.144666],[129.366478,28.144358],[129.366728,28.144049],[129.367066,28.143841],[129.367266,28.143808],[129.367303,28.143708],[129.367278,28.143525],[129.367378,28.143466],[129.367616,28.143216],[129.367616,28.142941],[129.367928,28.142766],[129.368053,28.142341],[129.368166,28.142133],[129.368403,28.141925],[129.368528,28.141866],[129.368491,28.141558],[129.368578,28.141541],[129.368816,28.141433],[129.369103,28.141183],[129.369316,28.140817],[129.369341,28.14035],[129.369116,28.140008],[129.368878,28.139633],[129.368703,28.13925],[129.368778,28.138975],[129.368903,28.13895],[129.369128,28.138942],[129.369253,28.138883],[129.369203,28.138733],[129.369166,28.138583],[129.369428,28.1383],[129.369853,28.138183],[129.370016,28.138167],[129.370028,28.138017],[129.370041,28.137708],[129.369978,28.137542],[129.369766,28.137408],[129.369766,28.137233],[129.369916,28.13695],[129.370191,28.13675],[129.370441,28.13675],[129.370716,28.136834],[129.371016,28.136825],[129.371266,28.136584],[129.371328,28.136484],[129.371316,28.136134],[129.370866,28.136009],[129.370353,28.136059],[129.370166,28.135867],[129.369991,28.1358],[129.370028,28.135642],[129.370103,28.135409],[129.370116,28.135109],[129.370141,28.13495],[129.370378,28.13475],[129.370466,28.134667],[129.370553,28.134475],[129.370678,28.134359],[129.371028,28.134325],[129.371478,28.134509],[129.371891,28.134592],[129.372066,28.134734],[129.372328,28.135042],[129.372666,28.135292],[129.372945,28.135436],[129.373028,28.135492],[129.373528,28.135659],[129.373666,28.13555],[129.373678,28.135367],[129.373603,28.135234],[129.373516,28.135125],[129.373353,28.134984],[129.373116,28.134834],[129.372945,28.134594],[129.372903,28.134551],[129.372753,28.133901],[129.372603,28.133576],[129.372341,28.133284],[129.372041,28.133084],[129.371653,28.132834],[129.371653,28.132759],[129.371603,28.132659],[129.371303,28.132492],[129.371191,28.132159],[129.371453,28.131959],[129.371516,28.131784],[129.371404,28.131526],[129.371204,28.131334],[129.371191,28.131201],[129.371291,28.130992],[129.371379,28.130867],[129.371704,28.130876],[129.372016,28.130834],[129.372154,28.130717],[129.372104,28.130517],[129.372079,28.130459],[129.371941,28.130417],[129.371816,28.130451],[129.371479,28.130317],[129.371529,28.130217],[129.371654,28.129951],[129.371729,28.129784],[129.371779,28.129676],[129.371979,28.129634],[129.372179,28.129568],[129.372329,28.129484],[129.372516,28.129484],[129.372804,28.129484],[129.372879,28.129451],[129.372916,28.128559],[129.372945,28.128537],[129.373079,28.128451],[129.373254,28.128493],[129.373454,28.128609],[129.373704,28.128626],[129.373891,28.128459],[129.374054,28.128318],[129.374279,28.128193],[129.374541,28.128051],[129.374703,28.127893],[129.374916,28.127584],[129.375216,28.127401],[129.375416,28.127293],[129.375741,28.127151],[129.375966,28.127035],[129.376191,28.12691],[129.376403,28.126726],[129.376641,28.126526],[129.376828,28.126243],[129.376891,28.126143],[129.377116,28.12586],[129.377291,28.125685],[129.377478,28.125676],[129.377553,28.125743],[129.377653,28.125918],[129.377828,28.125968],[129.378041,28.125876],[129.378178,28.12571],[129.378303,28.12551],[129.378441,28.125351],[129.378678,28.125268],[129.378703,28.125168],[129.378728,28.12501],[129.378641,28.124768],[129.378516,28.124668],[129.378366,28.124526],[129.378141,28.124526],[129.377891,28.124626],[129.377703,28.124593],[129.377616,28.124293],[129.377678,28.123876],[129.377528,28.123601],[129.377579,28.123318],[129.377641,28.122902],[129.377654,28.12271],[129.377766,28.122568],[129.377854,28.122385],[129.377754,28.122235],[129.377716,28.122102],[129.377841,28.122027],[129.378029,28.121985],[129.378191,28.121918],[129.378279,28.121802],[129.378291,28.121685],[129.378279,28.121602],[129.378241,28.121427],[129.378129,28.121202],[129.377954,28.12101],[129.377729,28.120902],[129.377491,28.120818],[129.377366,28.12056],[129.377479,28.120377],[129.377466,28.120202],[129.377229,28.11991],[129.377129,28.119543],[129.377129,28.119227],[129.377116,28.118977],[129.377179,28.118752],[129.377304,28.11861],[129.377466,28.118502],[129.377654,28.118377],[129.377904,28.118127],[129.378116,28.117894],[129.378229,28.117777],[129.378316,28.11771],[129.378429,28.117702],[129.378666,28.117902],[129.378679,28.118035],[129.378816,28.118185],[129.378941,28.118052],[129.378991,28.117827],[129.378979,28.117602],[129.379179,28.117535],[129.379266,28.117402],[129.379316,28.117294],[129.379279,28.117227],[129.379104,28.117144],[129.378891,28.11711],[129.378866,28.116985],[129.378879,28.116769],[129.378866,28.116527],[129.378791,28.116252],[129.378666,28.115994],[129.378529,28.115769],[129.378404,28.115619],[129.378416,28.115552],[129.378491,28.115169],[129.378666,28.114944],[129.378816,28.114752],[129.378966,28.114552],[129.379154,28.114319],[129.379316,28.114194],[129.379466,28.114194],[129.379579,28.114319],[129.379704,28.114427],[129.379804,28.114319],[129.379841,28.114194],[129.379891,28.114019],[129.379941,28.113877],[129.379979,28.113661],[129.380041,28.113511],[129.380091,28.113269],[129.380154,28.113044],[129.380216,28.112769],[129.380179,28.112661],[129.380004,28.112602],[129.379779,28.112677],[129.379704,28.112727],[129.379729,28.112527],[129.379679,28.112319],[129.379629,28.112111],[129.379516,28.111869],[129.379341,28.111727],[129.379166,28.111577],[129.379079,28.111419],[129.379304,28.111394],[129.379383,28.111392],[129.379341,28.111319],[129.379216,28.111094],[129.378966,28.110902],[129.378554,28.110711],[129.378416,28.110494],[129.378666,28.110569],[129.378779,28.110536],[129.378866,28.110386],[129.379204,28.110511],[129.379379,28.110627],[129.379466,28.110511],[129.379404,28.110277],[129.379066,28.109977],[129.378854,28.109686],[129.378654,28.109477],[129.378366,28.109311],[129.377816,28.109111],[129.377741,28.109236],[129.377704,28.109636],[129.377704,28.109977],[129.377529,28.110186],[129.377266,28.110336],[129.377141,28.110577],[129.377066,28.110836],[129.377016,28.110977],[129.376891,28.111202],[129.376829,28.111311],[129.376754,28.111386],[129.376566,28.111527],[129.376154,28.111719],[129.375792,28.111919],[129.375479,28.11206],[129.375204,28.112152],[129.374954,28.11221],[129.374617,28.11226],[129.374517,28.112285],[129.374279,28.11236],[129.373854,28.112527],[129.373542,28.112669],[129.373142,28.112844],[129.372946,28.112896],[129.372817,28.112527],[129.372342,28.112385],[129.371942,28.112227],[129.371642,28.112044],[129.371254,28.111635],[129.370892,28.111435],[129.370654,28.11106],[129.370729,28.110844],[129.370404,28.110877],[129.370054,28.111094],[129.369917,28.111152],[129.369492,28.11101],[129.36878,28.110819],[129.368492,28.110818],[129.368467,28.111052],[129.36838,28.111077],[129.368217,28.111118],[129.36768,28.111135],[129.367542,28.111152],[129.367417,28.111335],[129.36723,28.111385],[129.366755,28.111402],[129.366492,28.111577],[129.366442,28.11196],[129.366805,28.112402],[129.366992,28.112627],[129.36718,28.112893],[129.367455,28.113202],[129.36738,28.113393],[129.367405,28.113652],[129.36778,28.113718],[129.368005,28.113743],[129.368167,28.11381],[129.368242,28.113977],[129.368304,28.114352],[129.368529,28.114618],[129.368579,28.114852],[129.368617,28.115118],[129.368754,28.115377],[129.369004,28.11576],[129.369117,28.115968],[129.368954,28.11626],[129.368617,28.116585],[129.368467,28.116776],[129.368167,28.117218],[129.367529,28.117543],[129.367067,28.117526],[129.366505,28.117735],[129.365917,28.118093],[129.365355,28.118368],[129.364855,28.118385],[129.364242,28.118426],[129.36403,28.118393],[129.363667,28.118626],[129.36328,28.118909],[129.362942,28.119259],[129.36263,28.119443],[129.362167,28.119409],[129.362017,28.119443],[129.361917,28.119718],[129.36188,28.119926],[129.362105,28.120109],[129.362355,28.120376],[129.362505,28.120734],[129.36283,28.121343],[129.363067,28.121951],[129.363279,28.122401],[129.363629,28.122651],[129.363767,28.122793],[129.363854,28.123018],[129.363692,28.123409],[129.363379,28.123826],[129.362929,28.124351],[129.362304,28.124884],[129.361729,28.125276],[129.361142,28.125576],[129.360604,28.125717],[129.359867,28.125759],[129.35963,28.125609],[129.359042,28.125417],[129.358417,28.125609],[129.358355,28.125934],[129.358967,28.126109],[129.35953,28.1262],[129.359804,28.12625],[129.360229,28.126559],[129.360829,28.126675],[129.361342,28.126784],[129.361717,28.127009],[129.362329,28.127209],[129.363067,28.127217],[129.363654,28.127309],[129.364117,28.127101],[129.364867,28.126984],[129.365342,28.127092],[129.365967,28.127409],[129.366692,28.127901],[129.367191,28.128301],[129.367679,28.128617],[129.368004,28.128734],[129.368229,28.128976],[129.368304,28.129259],[129.368191,28.129617],[129.367741,28.130001],[129.367204,28.130109],[129.366691,28.130051],[129.365904,28.13],[129.364854,28.130184],[129.363754,28.1305],[129.363354,28.130659],[129.363079,28.130934],[129.362642,28.131475],[129.362317,28.131784],[129.362217,28.131867],[129.361692,28.131783],[129.361104,28.131617],[129.360542,28.13145],[129.360467,28.131425],[129.360292,28.1315],[129.359954,28.131633],[129.359804,28.131742],[129.359729,28.1323],[129.359717,28.132883],[129.359954,28.133425],[129.360354,28.133867],[129.360223,28.134049],[129.360292,28.1341],[129.360417,28.1342],[129.360492,28.134283],[129.360504,28.13445],[129.360492,28.134525],[129.360442,28.134642],[129.360417,28.134725],[129.360317,28.134833],[129.360192,28.134958],[129.360029,28.135067],[129.359854,28.135175],[129.359729,28.135258],[129.359617,28.135358],[129.359367,28.13555],[129.359092,28.135758],[129.358817,28.135908],[129.358554,28.136033],[129.358229,28.136166],[129.357779,28.136275],[129.357529,28.136325],[129.357304,28.13635],[129.357117,28.136375],[129.356654,28.136425],[129.356279,28.136458],[129.356029,28.136475],[129.355804,28.136458],[129.355467,28.136441],[129.354992,28.136324],[129.354817,28.136224],[129.354692,28.136083],[129.354679,28.136066],[129.354404,28.135558],[129.354054,28.135183],[129.353767,28.134808],[129.353617,28.134358],[129.353404,28.133975],[129.352979,28.133683],[129.352367,28.133316],[129.352017,28.132866],[129.351667,28.132375],[129.351142,28.131991],[129.350792,28.13195],[129.350592,28.131916],[129.350267,28.131758],[129.349705,28.131458],[129.349392,28.130941],[129.349305,28.130216],[129.349055,28.130008],[129.348592,28.130333],[129.348592,28.130808],[129.348442,28.131041],[129.34803,28.131108],[129.347705,28.131241],[129.34743,28.131558],[129.347055,28.131591],[129.346917,28.131558],[129.346917,28.132141],[129.34708,28.132741],[129.347242,28.133516],[129.347217,28.134233],[129.347117,28.134674],[129.346942,28.134841],[129.346992,28.134932],[129.346992,28.135324],[129.346742,28.135507],[129.346217,28.135807],[129.346067,28.135949],[129.34603,28.136299],[129.345805,28.136741],[129.345805,28.137332],[129.345867,28.137749],[129.34568,28.137957],[129.34518,28.138241],[129.344505,28.138282],[129.343805,28.138257],[129.343017,28.138249],[129.342192,28.138307],[129.341342,28.138357],[129.340717,28.13834],[129.339742,28.137949],[129.338955,28.137532],[129.338567,28.137315],[129.338317,28.137115],[129.338055,28.136624],[129.338117,28.136174],[129.338167,28.136015],[129.338217,28.135924],[129.338018,28.135432],[129.33803,28.135132],[129.338293,28.134899],[129.338505,28.13434],[129.33838,28.13394],[129.33808,28.133449],[129.337918,28.132166],[129.338055,28.132049],[129.338455,28.131841],[129.33883,28.131391],[129.338868,28.131074],[129.338693,28.130832],[129.33833,28.130691],[129.338105,28.130766],[129.337843,28.130807],[129.337218,28.130732],[129.336555,28.130491],[129.335768,28.130349],[129.335205,28.130174],[129.334618,28.129699],[129.33408,28.129307],[129.333705,28.129191],[129.333518,28.129241],[129.333405,28.129332],[129.333137,28.12946],[129.332905,28.129757],[129.332805,28.130315],[129.332705,28.130757],[129.332405,28.131057],[129.332193,28.13139],[129.332168,28.132024],[129.33218,28.132349],[129.332043,28.132665],[129.33158,28.13344],[129.331255,28.13389],[129.33083,28.134348],[129.330468,28.134665],[129.32998,28.134948],[129.329668,28.135057],[129.328855,28.135265],[129.32848,28.135307],[129.328155,28.135382],[129.327743,28.135348],[129.32713,28.135307],[129.326455,28.135132],[129.325605,28.134948],[129.325043,28.13489],[129.324993,28.13479],[129.324543,28.134381],[129.32388,28.133898],[129.323705,28.133498],[129.323768,28.133232],[129.323693,28.133007],[129.323318,28.132698],[129.32313,28.132307],[129.323043,28.131973],[129.322855,28.131973],[129.32228,28.13209],[129.32188,28.132323],[129.321468,28.13274],[129.321418,28.13284],[129.321368,28.133165],[129.32148,28.133331],[129.32163,28.133481],[129.321768,28.133698],[129.321768,28.133923],[129.321743,28.13454],[129.321718,28.13499],[129.321643,28.135348],[129.321468,28.135681],[129.321293,28.13609],[129.320843,28.136423],[129.320705,28.136448],[129.320293,28.136373],[129.320005,28.136398],[129.319918,28.136739],[129.32008,28.137056],[129.32028,28.137323],[129.320468,28.137631],[129.320593,28.137964],[129.320605,28.138448],[129.320568,28.138848],[129.320455,28.139139],[129.320068,28.139389],[129.31958,28.139506],[129.319318,28.139798],[129.319255,28.140089],[129.31923,28.140306],[129.316643,28.142197],[129.317618,28.143231],[129.31688,28.143847],[129.31598,28.142881],[129.315505,28.143264],[129.31498,28.143114],[129.31393,28.143922],[129.314355,28.14563],[129.31328,28.145772],[129.31293,28.144647],[129.311893,28.144789],[129.312105,28.145764],[129.311055,28.145972],[129.31088,28.145405],[129.30983,28.145697],[129.309955,28.146622],[129.30833,28.146872],[129.308343,28.147047],[129.308243,28.147188],[129.30783,28.147155],[129.30743,28.147038],[129.307168,28.147047],[129.30698,28.146972],[129.306805,28.146763],[129.30658,28.146547],[129.306355,28.146447],[129.306018,28.146447],[129.30583,28.146447],[129.305543,28.146788],[129.305293,28.147355],[129.305093,28.147805],[129.304643,28.148271],[129.304155,28.148588],[129.303755,28.148771],[129.303718,28.148838],[129.303638,28.149377],[129.30358,28.149446],[129.303355,28.14958],[129.30293,28.149755],[129.302318,28.149871],[129.301693,28.149946],[129.301093,28.150013],[129.30068,28.150054],[129.30053,28.149988],[129.299993,28.149971],[129.299418,28.149988],[129.298968,28.149929],[129.298518,28.149763],[129.298118,28.149596],[129.29773,28.149463],[129.29733,28.149313],[129.297018,28.149113],[129.296643,28.148888],[129.296431,28.148688],[129.296268,28.148396],[129.296088,28.148206],[129.295931,28.148304],[129.295918,28.148313],[129.295818,28.148379],[129.295718,28.148446],[129.295718,28.148588],[129.295731,28.148804],[129.295743,28.148946],[129.295731,28.149154],[129.295731,28.149304],[129.295768,28.149529],[129.295805,28.149704],[129.295855,28.149846],[129.29593,28.150079],[129.295918,28.150279],[129.295905,28.150513],[129.29588,28.150721],[129.295868,28.150929],[129.29583,28.151054],[129.295793,28.151196],[129.295718,28.151404],[129.295655,28.151512],[129.295543,28.151596],[129.29548,28.151671],[129.295305,28.151779],[129.295143,28.151879],[129.294855,28.152012],[129.29468,28.152146],[129.294455,28.152237],[129.294143,28.152346],[129.293918,28.152387],[129.293655,28.152446],[129.293418,28.152512],[129.292993,28.152654],[129.292555,28.152754],[129.292155,28.152854],[129.291805,28.153004],[129.291668,28.153121],[129.29153,28.153287],[129.291443,28.153471],[129.29138,28.153562],[129.291505,28.153962],[129.291643,28.15427],[129.291868,28.154587],[129.292118,28.154995],[129.29213,28.155395],[129.291955,28.15577],[129.291793,28.156037],[129.291905,28.156137],[129.292018,28.156154],[129.292243,28.155987],[129.292355,28.155954],[129.292593,28.156012],[129.292755,28.155795],[129.293018,28.155495],[129.293318,28.155262],[129.29348,28.155187],[129.293618,28.155245],[129.293993,28.155237],[129.294468,28.155187],[129.294868,28.155221],[129.295068,28.155312],[129.295455,28.155571],[129.295955,28.156045],[129.296318,28.15657],[129.29673,28.156895],[129.29703,28.157237],[129.297155,28.157504],[129.297418,28.15807],[129.297518,28.158512],[129.29758,28.158945],[129.297755,28.159504],[129.29781,28.159604],[129.297712,28.159728],[129.297593,28.159829],[129.29748,28.16022],[129.29738,28.160604],[129.297318,28.160904],[129.297218,28.161095],[129.296955,28.161212],[129.296555,28.161137],[129.296168,28.160979],[129.29568,28.16087],[129.295268,28.160879],[129.29518,28.16092],[129.295105,28.160937],[129.294768,28.161137],[129.294418,28.161362],[129.293955,28.161512],[129.293593,28.161545],[129.293118,28.161553],[129.29293,28.161562],[129.292505,28.161762],[129.292218,28.16202],[129.291855,28.162112],[129.291593,28.16212],[129.291268,28.162053],[129.290968,28.162053],[129.290805,28.162095],[129.290555,28.162153],[129.290005,28.162362],[129.28978,28.162403],[129.289318,28.162553],[129.288943,28.162645],[129.288605,28.162686],[129.288205,28.162728],[129.287993,28.162695],[129.287655,28.162561],[129.287393,28.162345],[129.287143,28.162186],[129.286993,28.162128],[129.286893,28.162111],[129.287268,28.162711],[129.287755,28.163895],[129.287893,28.164928],[129.287043,28.165236],[129.286918,28.165128],[129.28678,28.16512],[129.286343,28.165211],[129.28598,28.165145],[129.28573,28.165053],[129.285368,28.164969],[129.28503,28.165053],[129.28463,28.165186],[129.284455,28.165219],[129.284343,28.165386],[129.28433,28.165511],[129.28448,28.165686],[129.284693,28.165861],[129.284943,28.166003],[129.285243,28.166078],[129.285618,28.166069],[129.285805,28.166078],[129.285955,28.166103],[129.286055,28.166153],[129.286268,28.166294],[129.286443,28.166444],[129.286743,28.166803],[129.28693,28.167128],[129.287043,28.167328],[129.286968,28.167569],[129.286718,28.167819],[129.28668,28.168211],[129.28678,28.168453],[129.286943,28.168644],[129.287255,28.168803],[129.287493,28.168819],[129.287568,28.168711],[129.287893,28.168353],[129.288193,28.168236],[129.28843,28.168303],[129.28863,28.168403],[129.288743,28.168236],[129.288755,28.167869],[129.288668,28.167603],[129.288768,28.167394],[129.289155,28.167336],[129.289768,28.167519],[129.290118,28.167644],[129.290268,28.167645],[129.290368,28.167603],[129.290393,28.167478],[129.290243,28.167178],[129.290318,28.166986],[129.290518,28.166778],[129.290793,28.16667],[129.29108,28.166595],[129.291393,28.166053],[129.292093,28.165811],[129.292255,28.165928],[129.29243,28.166078],[129.292518,28.166045],[129.292743,28.166003],[129.293043,28.165945],[129.293443,28.166003],[129.293668,28.166103],[129.293993,28.166328],[129.294218,28.166728],[129.294255,28.167045],[129.294093,28.167278],[129.293793,28.167586],[129.29358,28.167978],[129.293705,28.168286],[129.293855,28.168353],[129.294005,28.168328],[129.29448,28.168261],[129.29483,28.168253],[129.295117,28.168361],[129.295192,28.168395],[129.295603,28.168052],[129.295717,28.168011],[129.295792,28.16802],[129.295855,28.168045],[129.296755,28.167753],[129.29753,28.168186],[129.297455,28.168411],[129.29753,28.168603],[129.297605,28.168686],[129.297592,28.16882],[129.297467,28.168928],[129.297267,28.169136],[129.297255,28.169353],[129.29738,28.169528],[129.297442,28.169711],[129.297467,28.169845],[129.297455,28.17017],[129.297417,28.170361],[129.296917,28.170453],[129.29688,28.170528],[129.296942,28.17077],[129.297005,28.171011],[129.297142,28.171461],[129.297267,28.171778],[129.29718,28.171894],[129.296917,28.172144],[129.296555,28.172544],[129.296167,28.172653],[129.295655,28.172611],[129.294992,28.172694],[129.294855,28.172886],[129.294517,28.172969],[129.294267,28.172836],[129.29388,28.172594],[129.29373,28.172569],[129.29363,28.172678],[129.29333,28.172703],[129.292855,28.172578],[129.292292,28.172528],[129.292167,28.172436],[129.291955,28.172536],[129.291592,28.172794],[129.29118,28.173194],[129.290792,28.173652],[129.290305,28.174252],[129.290017,28.174494],[129.289517,28.174802],[129.28928,28.175002],[129.289367,28.175286],[129.289767,28.175269],[129.29028,28.175094],[129.290817,28.174994],[129.291755,28.175169],[129.292105,28.175144],[129.292417,28.175327],[129.292442,28.175394],[129.292505,28.175686],[129.292567,28.176052],[129.292592,28.176244],[129.292655,28.176461],[129.292692,28.176602],[129.29303,28.176702],[129.29363,28.176911],[129.29403,28.177327],[129.294267,28.177969],[129.294355,28.178319],[129.294292,28.178935],[129.294255,28.179302],[129.293817,28.179852],[129.293505,28.18011],[129.293405,28.180494],[129.29343,28.180802],[129.29368,28.180977],[129.29368,28.18156],[129.293255,28.18196],[129.292817,28.182318],[129.29253,28.182385],[129.292305,28.18246],[129.291567,28.182027],[129.290967,28.181743],[129.29053,28.181668],[129.290242,28.181743],[129.289842,28.181743],[129.28958,28.181627],[129.289442,28.181543],[129.28933,28.181368],[129.288817,28.180743],[129.28848,28.180393],[129.287955,28.180077],[129.287492,28.179818],[129.287042,28.179668],[129.286617,28.179535],[129.286267,28.179402],[129.285517,28.179252],[129.28503,28.179335],[129.284767,28.179402],[129.284705,28.179243],[129.284092,28.178543],[129.28358,28.178352],[129.283317,28.178118],[129.28283,28.17796],[129.28273,28.178152],[129.28263,28.17846],[129.282492,28.178718],[129.282392,28.178968],[129.282355,28.179218],[129.282455,28.17951],[129.282705,28.179743],[129.282955,28.17996],[129.283067,28.180243],[129.28313,28.180552],[129.283155,28.180685],[129.283042,28.180918],[129.282892,28.181268],[129.28283,28.181585],[129.282792,28.18181],[129.28303,28.182218],[129.28293,28.182635],[129.282655,28.183076],[129.282305,28.18361],[129.281842,28.184243],[129.281642,28.184634],[129.28168,28.184893],[129.281905,28.184993],[129.28198,28.184993],[129.282342,28.185384],[129.282517,28.185634],[129.282667,28.185901],[129.282905,28.185859],[129.28298,28.185334],[129.28303,28.184993],[129.283317,28.184618],[129.28363,28.184643],[129.284117,28.18476],[129.284455,28.184426],[129.28463,28.184218],[129.284967,28.184368],[129.285155,28.184576],[129.285267,28.184918],[129.285655,28.185143],[129.28628,28.185168],[129.286617,28.185285],[129.28718,28.185451],[129.287267,28.185468],[129.287655,28.18586],[129.287792,28.185951],[129.28778,28.18611],[129.287867,28.18641],[129.287905,28.186693],[129.288192,28.186993],[129.28848,28.187085],[129.288655,28.187451],[129.288755,28.187668],[129.288805,28.187843],[129.288955,28.18796],[129.289542,28.188026],[129.289904,28.18806],[129.290404,28.188451],[129.290442,28.188609],[129.290404,28.188926],[129.290104,28.189434],[129.289729,28.189701],[129.289004,28.190009],[129.288404,28.190126],[129.287792,28.190259],[129.287329,28.190609],[129.287154,28.190768],[129.286779,28.190793],[129.286654,28.190751],[129.286567,28.190676],[129.286554,28.190484],[129.286392,28.189551],[129.286367,28.189301],[129.286092,28.189068],[129.28578,28.189009],[129.285642,28.188943],[129.285442,28.188626],[129.284705,28.188493],[129.284555,28.188593],[129.284555,28.188734],[129.284655,28.189126],[129.285005,28.189768],[129.285255,28.190276],[129.285217,28.190934],[129.285204,28.191359],[129.285229,28.191784],[129.285229,28.192351],[129.284967,28.193117],[129.284617,28.193442],[129.284317,28.193592],[129.283917,28.193925],[129.283354,28.1944],[129.282854,28.1948],[129.282742,28.195084],[129.282767,28.195659],[129.282679,28.196009],[129.282892,28.196617],[129.283304,28.197008],[129.283417,28.197283],[129.283279,28.197492],[129.283079,28.197608],[129.282867,28.19755],[129.282504,28.19755],[129.282017,28.197642],[129.281754,28.197683],[129.281467,28.197617],[129.281417,28.1974],[129.281279,28.196883],[129.281167,28.196692],[129.281142,28.196483],[129.281142,28.196417],[129.280917,28.196067],[129.280804,28.195975],[129.280792,28.195675],[129.281017,28.195142],[129.280879,28.194467],[129.28063,28.194084],[129.280605,28.1939],[129.280692,28.193675],[129.280955,28.193509],[129.281192,28.1934],[129.281642,28.1931],[129.281792,28.192717],[129.281755,28.192517],[129.281667,28.192167],[129.281805,28.191626],[129.281992,28.191142],[129.281942,28.190826],[129.281792,28.190676],[129.281592,28.190776],[129.281092,28.190584],[129.280755,28.190334],[129.28048,28.190142],[129.279742,28.189726],[129.27963,28.189542],[129.27953,28.189301],[129.279492,28.189109],[129.279855,28.188859],[129.28018,28.188534],[129.280067,28.188201],[129.279855,28.187926],[129.279342,28.187492],[129.278717,28.187159],[129.278267,28.187001],[129.27743,28.187051],[129.276692,28.186801],[129.27608,28.186601],[129.275517,28.186534],[129.275142,28.186559],[129.275067,28.186626],[129.274992,28.186717],[129.27483,28.186759],[129.274592,28.186676],[129.274455,28.186409],[129.27448,28.185676],[129.274505,28.184734],[129.274492,28.184484],[129.275042,28.184109],[129.27518,28.183901],[129.274918,28.183501],[129.274855,28.183101],[129.274918,28.182734],[129.274943,28.182351],[129.274705,28.182151],[129.273893,28.182001],[129.273068,28.182143],[129.272655,28.181984],[129.27228,28.182026],[129.271743,28.181951],[129.271218,28.182034],[129.270618,28.182043],[129.269893,28.181809],[129.269493,28.181734],[129.269155,28.181793],[129.26838,28.181934],[129.268168,28.182226],[129.267793,28.182701],[129.267518,28.182776],[129.26738,28.182809],[129.267305,28.183059],[129.266868,28.183376],[129.266355,28.183467],[129.26558,28.183292],[129.264718,28.183184],[129.263855,28.183026],[129.263418,28.183059],[129.263118,28.183326],[129.262855,28.183742],[129.262555,28.183942],[129.26243,28.18415],[129.26258,28.184534],[129.262705,28.184875],[129.262555,28.18515],[129.26243,28.185434],[129.262393,28.18595],[129.262418,28.186267],[129.262655,28.186575],[129.262855,28.186767],[129.263143,28.187067],[129.263418,28.1871],[129.26368,28.187084],[129.264068,28.187517],[129.264418,28.18805],[129.264543,28.188375],[129.26463,28.18855],[129.265005,28.188858],[129.26538,28.189192],[129.265905,28.189742],[129.266143,28.190125],[129.266243,28.190442],[129.266305,28.191108],[129.266118,28.191575],[129.26578,28.191883],[129.26523,28.1926],[129.26483,28.19275],[129.264455,28.192891],[129.26433,28.193166],[129.264317,28.193466],[129.264342,28.1936],[129.26468,28.19375],[129.265392,28.1942],[129.266117,28.194558],[129.266755,28.195116],[129.267117,28.195591],[129.267367,28.195925],[129.267592,28.196366],[129.267992,28.196566],[129.268205,28.196908],[129.268305,28.197133],[129.268392,28.197333],[129.268605,28.197449],[129.269092,28.197066],[129.26943,28.196783],[129.269517,28.1967],[129.269592,28.196683],[129.26993,28.196691],[129.27048,28.196741],[129.27083,28.196875],[129.271342,28.19725],[129.271917,28.197858],[129.272392,28.198558],[129.272767,28.199408],[129.272854,28.199941],[129.272804,28.200316],[129.272604,28.200924],[129.272629,28.201558],[129.272604,28.201924],[129.272517,28.202399],[129.272467,28.202832],[129.272429,28.203099],[129.272354,28.203766],[129.272192,28.204041],[129.272042,28.204416],[129.272104,28.204582],[129.272542,28.204757],[129.272604,28.204824],[129.272617,28.205316],[129.272954,28.205732],[129.272967,28.206107],[129.272579,28.206707],[129.272354,28.207082],[129.272467,28.207324],[129.272754,28.207507],[129.273417,28.207415],[129.273804,28.207357],[129.273929,28.207315],[129.274192,28.20734],[129.274292,28.207315],[129.274604,28.207415],[129.274754,28.20749],[129.274892,28.207565],[129.274879,28.20789],[129.274779,28.20819],[129.274792,28.208615],[129.274917,28.208832],[129.275229,28.208924],[129.275817,28.208999],[129.276467,28.208865],[129.277029,28.208699],[129.277292,28.208482],[129.277692,28.208532],[129.278042,28.208715],[129.278479,28.20879],[129.279054,28.208907],[129.279342,28.209082],[129.279704,28.208832],[129.280154,28.208616],[129.280441,28.208632],[129.280654,28.209024],[129.280866,28.209149],[129.281029,28.209274],[129.281129,28.209557],[129.281254,28.209716],[129.281316,28.209782],[129.281466,28.209707],[129.281941,28.209666],[129.282004,28.209832],[129.282016,28.210199],[129.281991,28.210732],[129.281829,28.21134],[129.281891,28.211565],[129.281979,28.211674],[129.282141,28.21174],[129.282754,28.211874],[129.283191,28.212149],[129.283391,28.21249],[129.283641,28.212974],[129.283916,28.213215],[129.284216,28.213232],[129.284366,28.212949],[129.284904,28.21274],[129.285854,28.212599],[129.286366,28.212407],[129.286929,28.212141],[129.287366,28.212041],[129.287616,28.212249],[129.287504,28.212457],[129.287654,28.212607],[129.288029,28.212832],[129.288354,28.212824],[129.288554,28.212832],[129.288666,28.212991],[129.288841,28.213249],[129.288779,28.213565],[129.288604,28.21389],[129.288204,28.214082],[129.287654,28.214399],[129.287466,28.214674],[129.287304,28.214915],[129.286566,28.215132],[129.286191,28.215723],[129.286054,28.216073],[129.285941,28.216715],[129.285941,28.217473],[129.286104,28.21769],[129.286954,28.217082],[129.287341,28.21664],[129.288229,28.21654],[129.289003,28.216557],[129.289316,28.216274],[129.289903,28.216224],[129.289978,28.216357],[129.289966,28.216607],[129.290653,28.217124],[129.290903,28.217599],[129.290678,28.218323],[129.290803,28.218598],[129.291016,28.218732],[129.291116,28.218748],[129.291278,28.218457],[129.291828,28.218249],[129.292303,28.217807],[129.292728,28.21799],[129.292841,28.218282],[129.293228,28.218882],[129.293678,28.21904],[129.293903,28.218815],[129.294491,28.218899],[129.294991,28.219399],[129.295066,28.219915],[129.294766,28.22034],[129.294391,28.221015],[129.294553,28.221332],[129.294641,28.221523],[129.294428,28.221857],[129.294166,28.222848],[129.293791,28.223365],[129.293266,28.22319],[129.292691,28.22324],[129.292353,28.223365],[129.292278,28.22334],[129.292078,28.223156],[129.291978,28.223048],[129.291941,28.222965],[129.291966,28.222481],[129.292053,28.221923],[129.292103,28.221482],[129.292003,28.221323],[129.291841,28.221223],[129.291278,28.221465],[129.290753,28.22164],[129.290241,28.221981],[129.289953,28.222473],[129.289828,28.222615],[129.289441,28.222781],[129.289228,28.22274],[129.288753,28.222306],[129.288241,28.222006],[129.287628,28.221806],[129.287166,28.221798],[129.286891,28.221948],[129.286678,28.222356],[129.286341,28.222906],[129.285903,28.222906],[129.285591,28.222573],[129.285391,28.222206],[129.285278,28.222048],[129.285078,28.221756],[129.284716,28.221448],[129.284391,28.221256],[129.283591,28.221114],[129.282929,28.221064],[129.282741,28.221164],[129.282554,28.221431],[129.282554,28.221856],[129.282204,28.222098],[129.281729,28.221964],[129.281241,28.221806],[129.280929,28.221823],[129.280479,28.221639],[129.280241,28.221264],[129.280304,28.220864],[129.280204,28.220523],[129.279766,28.219923],[129.279616,28.219373],[129.279654,28.218948],[129.279229,28.218789],[129.279166,28.218506],[129.278904,28.218006],[129.278579,28.217748],[129.278416,28.217748],[129.278229,28.218123],[129.277941,28.218423],[129.277554,28.218589],[129.277391,28.218539],[129.277266,28.218456],[129.277129,28.218039],[129.276679,28.217531],[129.275954,28.21699],[129.275479,28.216831],[129.275041,28.216814],[129.274379,28.216365],[129.273704,28.216298],[129.273079,28.216264],[129.272829,28.216381],[129.272379,28.216564],[129.271904,28.216673],[129.271529,28.216698],[129.271004,28.216498],[129.270579,28.216264],[129.270167,28.215873],[129.269704,28.215623],[129.269529,28.215514],[129.268854,28.215514],[129.268504,28.215364],[129.268142,28.215023],[129.267579,28.214856],[129.266892,28.214864],[129.266404,28.214914],[129.265729,28.214998],[129.265042,28.215264],[129.264604,28.215448],[129.264154,28.215556],[129.263654,28.215539],[129.263104,28.215431],[129.262354,28.215298],[129.261604,28.215631],[129.261379,28.216014],[129.261542,28.216331],[129.261642,28.216714],[129.261729,28.216872],[129.261917,28.217014],[129.262254,28.217414],[129.262367,28.217681],[129.262392,28.217872],[129.262454,28.218014],[129.262467,28.218197],[129.262629,28.218422],[129.263029,28.218581],[129.263317,28.218572],[129.263717,28.218514],[129.264117,28.218456],[129.264479,28.218272],[129.264679,28.218164],[129.265079,28.218197],[129.265204,28.218022],[129.265792,28.218206],[129.266104,28.218372],[129.266242,28.218539],[129.266454,28.218714],[129.266704,28.218781],[129.266779,28.218514],[129.267329,28.218647],[129.268141,28.218731],[129.268679,28.218706],[129.269091,28.219031],[129.269091,28.219197],[129.268791,28.219431],[129.268491,28.219706],[129.268529,28.220039],[129.268616,28.220231],[129.268904,28.220755],[129.269141,28.22128],[129.269066,28.221655],[129.268779,28.222072],[129.268579,28.222205],[129.268554,28.22228],[129.268591,28.222364],[129.268741,28.222422],[129.268904,28.222497],[129.269154,28.222472],[129.269391,28.222314],[129.269754,28.222314],[129.269916,28.222364],[129.270004,28.222464],[129.270329,28.222489],[129.270579,28.222314],[129.270766,28.222247],[129.270966,28.222497],[129.270991,28.222772],[129.270916,28.223247],[129.270929,28.223414],[129.270991,28.223497],[129.271141,28.223655],[129.271216,28.22368],[129.271441,28.22343],[129.271479,28.223347],[129.271379,28.223147],[129.271666,28.223039],[129.271904,28.223147],[129.272329,28.222947],[129.272479,28.22278],[129.272891,28.222864],[129.273129,28.223072],[129.273154,28.223239],[129.272954,28.22358],[129.272854,28.223747],[129.273116,28.223922],[129.273541,28.223914],[129.273866,28.224022],[129.274266,28.224164],[129.274604,28.224289],[129.274791,28.224339],[129.275029,28.22428],[129.275329,28.223989],[129.275516,28.223905],[129.275741,28.223889],[129.276054,28.224122],[129.276216,28.224655],[129.276166,28.22508],[129.276054,28.22533],[129.275616,28.225505],[129.275054,28.225722],[129.274641,28.225697],[129.274404,28.225888],[129.274191,28.22613],[129.274404,28.226397],[129.274816,28.226647],[129.275254,28.227005],[129.275641,28.227338],[129.275966,28.22743],[129.276341,28.22748],[129.276791,28.227438],[129.277103,28.227463],[129.277203,28.22768],[129.277291,28.228297],[129.277166,28.228747],[129.276966,28.229147],[129.276653,28.229305],[129.276491,28.229347],[129.276553,28.229405],[129.276878,28.229572],[129.277153,28.229821],[129.277266,28.230113],[129.277228,28.230488],[129.277116,28.230763],[129.277203,28.231213],[129.277316,28.23143],[129.277478,28.23153],[129.277253,28.232055],[129.277016,28.23233],[129.276803,28.232454],[129.276428,28.232546],[129.276153,28.232621],[129.275903,28.232621],[129.275378,28.232496],[129.275228,28.232471],[129.274928,28.232396],[129.274553,28.232421],[129.274078,28.232296],[129.273903,28.231963],[129.273778,28.231863],[129.273479,28.231788],[129.273216,28.231713],[129.273116,28.231463],[129.272966,28.230946],[129.272466,28.230763],[129.272129,28.230804],[129.272004,28.230505],[129.272004,28.230055],[129.271916,28.229763],[129.271666,28.22963],[129.271266,28.22953],[129.271066,28.229346],[129.271029,28.229296],[129.271029,28.229046],[129.270554,28.228755],[129.270191,28.228846],[129.269716,28.229088],[129.269341,28.22913],[129.268941,28.228721],[129.268554,28.228355],[129.268366,28.22818],[129.268216,28.228138],[129.268129,28.228255],[129.268104,28.228405],[129.268054,28.228705],[129.268004,28.229038],[129.267854,28.229396],[129.267716,28.229829],[129.267591,28.230254],[129.267516,28.230438],[129.267366,28.230863],[129.267391,28.231038],[129.267616,28.231188],[129.267779,28.231088],[129.267854,28.230996],[129.268079,28.231029],[129.268241,28.231063],[129.268466,28.230954],[129.268629,28.230979],[129.268766,28.231071],[129.268804,28.231213],[129.268754,28.231463],[129.268529,28.231821],[129.268404,28.232104],[129.267929,28.232146],[129.267404,28.231987],[129.267216,28.231971],[129.267054,28.232029],[129.266679,28.232187],[129.266454,28.232229],[129.266104,28.232071],[129.266029,28.231879],[129.265904,28.231571],[129.265766,28.231337],[129.265554,28.230721],[129.265404,28.229971],[129.265341,28.229488],[129.265341,28.228996],[129.265041,28.228413],[129.264741,28.227688],[129.264254,28.227038],[129.263791,28.22638],[129.263604,28.225721],[129.263516,28.225071],[129.263204,28.224688],[129.262991,28.22458],[129.262766,28.224655],[129.262529,28.224805],[129.262391,28.224963],[129.262379,28.22523],[129.262629,28.225605],[129.262716,28.225963],[129.262629,28.226255],[129.262566,28.226413],[129.262779,28.226838],[129.262966,28.227271],[129.262841,28.227546],[129.262641,28.227846],[129.262504,28.228238],[129.262591,28.228746],[129.262666,28.229121],[129.262616,28.229563],[129.262516,28.229896],[129.262341,28.230479],[129.262279,28.230821],[129.262241,28.231312],[129.262129,28.231904],[129.261891,28.232296],[129.261466,28.23257],[129.261029,28.232645],[129.260791,28.232604],[129.260679,28.232196],[129.260716,28.231537],[129.260716,28.231187],[129.260391,28.230904],[129.260079,28.230604],[129.259691,28.230412],[129.259829,28.230246],[129.260066,28.229712],[129.260191,28.229054],[129.260266,28.228479],[129.260166,28.228271],[129.259654,28.227679],[129.259429,28.227396],[129.259016,28.227163],[129.258779,28.227088],[129.258266,28.227054],[129.257904,28.227221],[129.257779,28.227563],[129.257816,28.228271],[129.258041,28.228688],[129.258154,28.229062],[129.257829,28.229546],[129.257641,28.229946],[129.257666,28.230571],[129.257791,28.230887],[129.257729,28.231404],[129.257466,28.231754],[129.256804,28.23207],[129.256404,28.232337],[129.256041,28.232795],[129.255591,28.233195],[129.255166,28.233412],[129.254491,28.233387],[129.254179,28.233237],[129.254016,28.23317],[129.253629,28.232928],[129.253404,28.232729],[129.253266,28.232662],[129.253179,28.232612],[129.253104,28.232445],[129.253016,28.23207],[129.252954,28.231754],[129.252892,28.231154],[129.252692,28.23087],[129.252417,28.230529],[129.252079,28.230062],[129.251929,28.229779],[129.251842,28.229504],[129.251904,28.228979],[129.251804,28.228396],[129.251729,28.228087],[129.251692,28.227904],[129.251742,28.227587],[129.252017,28.227329],[129.252404,28.227213],[129.252667,28.227146],[129.252992,28.226938],[129.253154,28.226621],[129.253104,28.226429],[129.253042,28.226204],[129.253192,28.225838],[129.253442,28.225471],[129.253792,28.225063],[129.253992,28.224746],[129.254029,28.224296],[129.253767,28.224038],[129.253529,28.223771],[129.253517,28.223346],[129.253554,28.222963],[129.253354,28.222813],[129.253104,28.22268],[129.252817,28.222446],[129.252542,28.222113],[129.252354,28.221621],[129.252417,28.22128],[129.252804,28.220897],[129.253204,28.220422],[129.253554,28.220072],[129.253804,28.219888],[129.253904,28.219813],[129.253979,28.219772],[129.254079,28.219655],[129.254067,28.219455],[129.253967,28.219247],[129.253604,28.219122],[129.253429,28.218963],[129.253267,28.218705],[129.253079,28.218339],[129.252917,28.217947],[129.252667,28.217272],[129.25238,28.216805],[129.25188,28.21653],[129.251317,28.216314],[129.250942,28.216297],[129.250405,28.216564],[129.249905,28.216555],[129.249605,28.216514],[129.249255,28.216189],[129.248705,28.215597],[129.248492,28.215147],[129.24828,28.214714],[129.24818,28.214464],[129.248117,28.214355],[129.248142,28.21428],[129.248117,28.214122],[129.248417,28.213756],[129.248667,28.213597],[129.248867,28.213322],[129.248967,28.213081],[129.249017,28.212906],[129.249242,28.212514],[129.249317,28.212331],[129.249355,28.212156],[129.249842,28.212106],[129.250342,28.212156],[129.250655,28.212072],[129.251142,28.211864],[129.251305,28.211864],[129.251567,28.212089],[129.25168,28.212214],[129.252117,28.212364],[129.252442,28.212389],[129.25268,28.212339],[129.252892,28.211948],[129.25298,28.211589],[129.25298,28.211331],[129.25303,28.211023],[129.253205,28.210798],[129.253342,28.210664],[129.253842,28.210489],[129.254092,28.210431],[129.254317,28.210481],[129.254592,28.210856],[129.254892,28.211214],[129.255142,28.211314],[129.25523,28.211314],[129.25533,28.211281],[129.255692,28.210973],[129.256017,28.210614],[129.256305,28.210414],[129.256617,28.210256],[129.256842,28.210065],[129.256942,28.209831],[129.256767,28.209615],[129.25673,28.209273],[129.256992,28.208748],[129.257055,28.208256],[129.256867,28.207823],[129.256867,28.207673],[129.25703,28.207248],[129.25708,28.206898],[129.257092,28.206798],[129.257192,28.20664],[129.257555,28.206248],[129.257755,28.205773],[129.257555,28.205365],[129.257355,28.20524],[129.256967,28.20524],[129.256217,28.20519],[129.255517,28.205223],[129.254792,28.205257],[129.25443,28.20524],[129.253642,28.204973],[129.253055,28.204815],[129.252817,28.204673],[129.25258,28.204473],[129.252293,28.204165],[129.251918,28.203832],[129.251668,28.203748],[129.251193,28.203673],[129.250493,28.203773],[129.249868,28.20399],[129.249543,28.20409],[129.24933,28.204048],[129.249155,28.203923],[129.248943,28.20379],[129.248518,28.203773],[129.247885,28.203715],[129.247755,28.203623],[129.247618,28.203582],[129.247543,28.203606],[129.247443,28.203631],[129.247355,28.203615],[129.247255,28.203606],[129.247168,28.203606],[129.24708,28.203656],[129.24693,28.203656],[129.246793,28.203665],[129.246693,28.203698],[129.246618,28.20374],[129.24653,28.203798],[129.24643,28.203848],[129.24633,28.20389],[129.246205,28.203923],[129.246005,28.203998],[129.245893,28.204056],[129.245818,28.204123],[129.24568,28.204331],[129.245605,28.20444],[129.245568,28.204548],[129.245555,28.204631],[129.245505,28.204723],[129.245443,28.204906],[129.245305,28.205098],[129.245205,28.205398],[129.245193,28.205531],[129.24503,28.20579],[129.244855,28.205965],[129.24473,28.206148],[129.24468,28.206306],[129.244605,28.206356],[129.244555,28.206439],[129.244505,28.206514],[129.24438,28.206589],[129.244255,28.206698],[129.244118,28.206873],[129.24393,28.207056],[129.243818,28.207031],[129.243743,28.206981],[129.24363,28.206989],[129.24363,28.207064],[129.24358,28.207239],[129.24358,28.207398],[129.243605,28.207523],[129.243618,28.207648],[129.24363,28.207756],[129.243555,28.208148],[129.243418,28.208423],[129.24328,28.208581],[129.243193,28.208631],[129.243093,28.208706],[129.242993,28.208673],[129.242818,28.208673],[129.242755,28.208806],[129.242555,28.208847],[129.242343,28.208939],[129.242255,28.209106],[129.242255,28.209356],[129.242368,28.209631],[129.242455,28.209839],[129.242468,28.209897],[129.242443,28.210014],[129.24233,28.210414],[129.242343,28.210822],[129.242418,28.211131],[129.242505,28.211464],[129.242418,28.211589],[129.24233,28.211722],[129.242255,28.211864],[129.242218,28.212006],[129.242255,28.212097],[129.242293,28.212189],[129.242305,28.21233],[129.242168,28.212605],[129.24223,28.212814],[129.242293,28.212897],[129.242355,28.212955],[129.242505,28.213147],[129.242593,28.213464],[129.242593,28.213605],[129.242467,28.214422],[129.242392,28.214672],[129.242355,28.215164],[129.24233,28.215538],[129.242267,28.21568],[129.24228,28.215755],[129.242167,28.216205],[129.241967,28.216547],[129.241567,28.216955],[129.241167,28.217372],[129.24068,28.21783],[129.24018,28.218405],[129.239892,28.218688],[129.23928,28.219071],[129.238817,28.219255],[129.238142,28.219188],[129.237693,28.218988],[129.237118,28.218963],[129.236618,28.219171],[129.236055,28.219513],[129.235405,28.219921],[129.234793,28.220263],[129.234268,28.220604],[129.233455,28.220721],[129.233043,28.220654],[129.232168,28.220654],[129.231755,28.220721],[129.231218,28.220438],[129.231005,28.219904],[129.230793,28.219546],[129.230618,28.219346],[129.230168,28.218988],[129.229855,28.218846],[129.229568,28.218896],[129.229193,28.219129],[129.228781,28.219496],[129.228318,28.220096],[129.227843,28.220512],[129.227493,28.220729],[129.227143,28.220712],[129.226981,28.220496],[129.226706,28.220379],[129.226393,28.220687],[129.226093,28.221062],[129.225381,28.221696],[129.225106,28.221912],[129.224731,28.222029],[129.224093,28.221987],[129.223581,28.221987],[129.223343,28.221829],[129.222793,28.221912],[129.222368,28.221845],[129.222031,28.221787],[129.221793,28.222062],[129.221056,28.222779],[129.220581,28.223262],[129.219981,28.223512],[129.219631,28.223528],[129.219394,28.223812],[129.219419,28.224237],[129.219806,28.224395],[129.220131,28.22457],[129.220131,28.224803],[129.219781,28.225228],[129.219531,28.225611],[129.219419,28.225995],[129.219219,28.226653],[129.219044,28.227311],[129.219019,28.227936],[129.219056,28.228353],[129.218781,28.228703],[129.218469,28.228978],[129.217869,28.229269],[129.217294,28.229278],[129.217006,28.229219],[129.216606,28.229011],[129.216294,28.228736],[129.215844,28.228369],[129.215406,28.227994],[129.214919,28.227728],[129.214669,28.227594],[129.214406,28.227403],[129.214057,28.227111],[129.213882,28.226861],[129.213932,28.226411],[129.214057,28.225645],[129.214169,28.225161],[129.214144,28.224445],[129.213982,28.223778],[129.213682,28.223187],[129.213707,28.222928],[129.213694,28.22252],[129.213482,28.222128],[129.213019,28.221645],[129.212544,28.221153],[129.212519,28.220795],[129.212794,28.220379],[129.213144,28.22007],[129.213207,28.219995],[129.213194,28.219545],[129.212932,28.218979],[129.212757,28.219029],[129.212407,28.219179],[129.211819,28.21917],[129.211444,28.219112],[129.211057,28.21902],[129.210695,28.219112],[129.21042,28.219329],[129.210257,28.219395],[129.209982,28.219337],[129.209582,28.219545],[129.209395,28.219637],[129.20932,28.219587],[129.209245,28.219487],[129.20887,28.219578],[129.208632,28.219528],[129.208357,28.219395],[129.207995,28.219403],[129.20727,28.21932],[129.206982,28.219262],[129.206507,28.219028],[129.20632,28.219162],[129.206245,28.219353],[129.206145,28.219428],[129.20607,28.219345],[129.20567,28.218945],[129.205445,28.218637],[129.205233,28.218445],[129.20517,28.21847],[129.204945,28.218687],[129.204583,28.21842],[129.204533,28.218503],[129.204433,28.218728],[129.204283,28.218803],[129.204058,28.218545],[129.20352,28.218253],[129.20322,28.218053],[129.203183,28.218362],[129.203283,28.218737],[129.203808,28.219128],[129.204108,28.21952],[129.204095,28.219937],[129.203933,28.220228],[129.20367,28.220578],[129.203495,28.220928],[129.203183,28.22127],[129.202933,28.22147],[129.202883,28.221586],[129.20232,28.22197],[129.202045,28.22202],[129.201933,28.222145],[129.201833,28.222511],[129.20147,28.222903],[129.20157,28.223111],[129.201683,28.223478],[129.20137,28.223969],[129.20087,28.224394],[129.200333,28.224986],[129.199958,28.225352],[129.199583,28.225469],[129.199233,28.225544],[129.198821,28.225502],[129.198483,28.225761],[129.198071,28.226119],[129.197508,28.226427],[129.197158,28.226644],[129.196858,28.226794],[129.196483,28.227027],[129.196146,28.227177],[129.195583,28.227352],[129.195033,28.22746],[129.194371,28.227527],[129.193796,28.227519],[129.193246,28.227377],[129.192734,28.227219],[129.192446,28.22711],[129.191946,28.226877],[129.191671,28.226694],[129.191409,28.226477],[129.191096,28.226227],[129.190809,28.225944],[129.190596,28.22566],[129.190609,28.22516],[129.190659,28.22481],[129.190584,28.224536],[129.190334,28.224294],[129.190284,28.223777],[129.190122,28.223336],[129.189884,28.223044],[129.189659,28.222886],[129.189372,28.222844],[129.189097,28.223111],[129.188747,28.223344],[129.188384,28.223352],[129.187622,28.223094],[129.187222,28.222886],[129.186997,28.222711],[129.186622,28.222519],[129.186347,28.222386],[129.186022,28.222086],[129.186009,28.221786],[129.185747,28.221619],[129.185397,28.221586],[129.185497,28.221886],[129.185435,28.221969],[129.185185,28.221727],[129.18501,28.221802],[129.184697,28.221911],[129.184235,28.221886],[129.183985,28.222052],[129.184172,28.222169],[129.184385,28.222252],[129.184272,28.222427],[129.18401,28.222644],[129.183722,28.222869],[129.183385,28.222969],[129.183097,28.22291],[129.18286,28.222777],[129.182722,28.222827],[129.182472,28.22311],[129.18226,28.223194],[129.18216,28.223319],[129.182122,28.223544],[129.181985,28.223602],[129.181472,28.223785],[129.181147,28.223727],[129.180847,28.223827],[129.180498,28.223802],[129.180048,28.223585],[129.179623,28.223835],[129.179248,28.223777],[129.178973,28.22386],[129.17881,28.224069],[129.17841,28.223894],[129.178035,28.22371],[129.177798,28.223727],[129.177635,28.22391],[129.177598,28.224243],[129.177798,28.224477],[129.177773,28.224868],[129.177635,28.225327],[129.177598,28.22571],[129.177448,28.226185],[129.177298,28.226435],[129.177035,28.226601],[129.176723,28.226593],[129.176648,28.226568],[129.17646,28.226476],[129.176323,28.226551],[129.176223,28.226893],[129.175998,28.22696],[129.175898,28.227076],[129.17611,28.227293],[129.176273,28.227476],[129.176248,28.227876],[129.17596,28.228043],[129.175598,28.228035],[129.175386,28.228193],[129.175336,28.228551],[129.175473,28.22876],[129.175573,28.228951],[129.175348,28.229284],[129.175598,28.229468],[129.175823,28.229568],[129.175573,28.230134],[129.175473,28.230318],[129.175723,28.230576],[129.175635,28.230976],[129.175348,28.231176],[129.175298,28.231459],[129.175198,28.231784],[129.174986,28.231934],[129.174711,28.232234],[129.174436,28.232217],[129.174211,28.232142],[129.174198,28.232359],[129.174361,28.232401],[129.174661,28.232359],[129.174798,28.232592],[129.174486,28.232826],[129.174336,28.233167],[129.174573,28.233384],[129.174761,28.233692],[129.174636,28.234175],[129.174311,28.23455],[129.174011,28.234934],[129.173923,28.235225],[129.173686,28.235392],[129.173586,28.235384],[129.173436,28.235567],[129.173461,28.235817],[129.173673,28.236059],[129.173911,28.236309],[129.174036,28.236475],[129.174136,28.236742],[129.174261,28.236917],[129.174348,28.236967],[129.174298,28.237233],[129.174161,28.23765],[129.173723,28.238417],[129.173423,28.238933],[129.173236,28.239183],[129.172973,28.239183],[129.172723,28.239208],[129.172561,28.239491],[129.172536,28.239616],[129.172498,28.239675],[129.172286,28.239883],[129.172011,28.240008],[129.171236,28.24005],[129.171061,28.239991],[129.170898,28.239641],[129.170986,28.239383],[129.171048,28.23925],[129.170661,28.239025],[129.170198,28.239116],[129.170024,28.239233],[129.170111,28.239675],[129.170286,28.240025],[129.170686,28.240491],[129.170986,28.240941],[129.171036,28.241358],[129.170873,28.241774],[129.170498,28.242083],[129.169786,28.242466],[129.169074,28.242866],[129.168536,28.243074],[129.167461,28.243241],[129.166511,28.243199],[129.165511,28.243083],[129.164487,28.242991],[129.163787,28.242874],[129.163112,28.242741],[129.162799,28.242658],[129.162699,28.242533],[129.162574,28.242099],[129.162262,28.242158],[129.162049,28.242141],[129.161787,28.241824],[129.161562,28.241483],[129.161299,28.240991],[129.161499,28.240591],[129.161849,28.240249],[129.162224,28.239958],[129.162574,28.239675],[129.162762,28.239525],[129.163037,28.239141],[129.163187,28.238633],[129.163212,28.238508],[129.162862,28.238116],[129.162474,28.2378],[129.162074,28.237666],[129.161662,28.237333],[129.161374,28.237083],[129.160862,28.236975],[129.160687,28.236808],[129.159942,28.237002],[129.159617,28.237152],[129.1593,28.237333],[129.159125,28.237458],[129.159037,28.237533],[129.158325,28.238],[129.158162,28.237991],[129.157637,28.237991],[129.156725,28.237775],[129.155925,28.237591],[129.15525,28.237358],[129.154775,28.237183],[129.15438,28.237077],[129.15378,28.237085],[129.153168,28.236894],[129.152743,28.236502],[129.152593,28.236244],[129.152405,28.236194],[129.15228,28.236252],[129.152105,28.236419],[129.152255,28.236552],[129.152168,28.236902],[129.152343,28.237069],[129.152725,28.23725],[129.152475,28.2374],[129.15203,28.237152],[129.15173,28.237127],[129.151813,28.237291],[129.151913,28.237583],[129.151638,28.237908],[129.151288,28.237875],[129.150938,28.237741],[129.1507,28.237841],[129.150675,28.238],[129.1509,28.238275],[129.151175,28.238458],[129.151163,28.23865],[129.1515,28.2388],[129.15175,28.239083],[129.151863,28.239533],[129.151688,28.239974],[129.151375,28.240374],[129.151138,28.240824],[129.151,28.241549],[129.1509,28.242182],[129.15085,28.242932],[129.150763,28.243291],[129.150513,28.243457],[129.150213,28.243666],[129.150163,28.244082],[129.150213,28.244649],[129.1503,28.245107],[129.15045,28.245349],[129.150438,28.245599],[129.1502,28.245815],[129.149663,28.246107],[129.149425,28.246265],[129.148763,28.24644],[129.148176,28.24659],[129.147488,28.24669],[129.146963,28.246724],[129.146751,28.246674],[129.146576,28.24649],[129.146413,28.246282],[129.146101,28.246282],[129.145988,28.24599],[129.145538,28.246107],[129.145213,28.245957],[129.145138,28.245582],[129.145013,28.24549],[129.144813,28.245707],[129.144701,28.246057],[129.144438,28.24609],[129.144151,28.24594],[129.143801,28.245882],[129.143738,28.246024],[129.143751,28.24629],[129.143976,28.246482],[129.144101,28.246665],[129.143676,28.247024],[129.143513,28.247432],[129.143701,28.247523],[129.143988,28.247732],[129.143951,28.248032],[129.144151,28.248407],[129.144201,28.248882],[129.143938,28.249015],[129.143826,28.24929],[129.144151,28.249223],[129.144526,28.249215],[129.144688,28.249498],[129.144563,28.249682],[129.144076,28.24974],[129.143501,28.249757],[129.143238,28.249848],[129.143151,28.250057],[129.143126,28.25034],[129.143288,28.25074],[129.143588,28.251081],[129.143726,28.251381],[129.143676,28.251531],[129.143376,28.251548],[129.143001,28.251481],[129.142301,28.251315],[129.141964,28.25129],[129.141789,28.251348],[129.141576,28.251615],[129.141389,28.251956],[129.140989,28.252006],[129.140376,28.251906],[129.140014,28.251673],[129.139901,28.251448],[129.139676,28.251631],[129.139376,28.251731],[129.139289,28.251731],[129.138751,28.251606],[129.138314,28.251698],[129.138276,28.251906],[129.138276,28.252181],[129.138001,28.252181],[129.137826,28.252431],[129.137864,28.252898],[129.137764,28.253106],[129.137414,28.253206],[129.137201,28.253223],[129.137001,28.252781],[129.136401,28.252956],[129.136401,28.25264],[129.136289,28.252281],[129.135902,28.252598],[129.135627,28.253773],[129.135564,28.254331],[129.135014,28.254139],[129.134602,28.253814],[129.134352,28.253906],[129.134364,28.254123],[129.134589,28.254248],[129.134877,28.254281],[129.135202,28.254498],[129.135139,28.254731],[129.135102,28.254881],[129.135327,28.254898],[129.135602,28.254989],[129.135402,28.255264],[129.135801,28.255373],[129.135726,28.255723],[129.135764,28.255948],[129.136001,28.256023],[129.136139,28.255831],[129.136626,28.255589],[129.136851,28.256081],[129.137251,28.256073],[129.137651,28.256398],[129.137901,28.256389],[129.138214,28.256098],[129.138664,28.255981],[129.138526,28.256256],[129.138801,28.256439],[129.138926,28.256206],[129.139176,28.255989],[129.139326,28.256031],[129.139289,28.256239],[129.139376,28.256256],[129.139564,28.256056],[129.139764,28.256006],[129.139964,28.255981],[129.140089,28.256023],[129.140051,28.256114],[129.139939,28.256298],[129.140114,28.256489],[129.140351,28.256306],[129.140501,28.256239],[129.140676,28.256206],[129.140801,28.256123],[129.141051,28.256189],[129.141363,28.256523],[129.141651,28.256847],[129.141651,28.256939],[129.141713,28.257206],[129.141813,28.257206],[129.141951,28.257231],[129.142613,28.257447],[129.142901,28.257439],[129.143251,28.257347],[129.143513,28.257281],[129.144251,28.257447],[129.144238,28.257597],[129.144276,28.257764],[129.144776,28.257931],[129.144876,28.257689],[129.144963,28.257497],[129.145076,28.257631],[129.145088,28.257781],[129.145401,28.257714],[129.145488,28.257864],[129.145626,28.257939],[129.145938,28.257864],[129.146113,28.257639],[129.146263,28.257322],[129.146426,28.257256],[129.1468,28.257497],[129.147088,28.257431],[129.1474,28.257464],[129.1478,28.257497],[129.14815,28.257497],[129.148475,28.257456],[129.148588,28.257297],[129.148813,28.257272],[129.149088,28.257272],[129.149463,28.257081],[129.149575,28.257081],[129.149825,28.257172],[129.1499,28.257247],[129.150225,28.257306],[129.150713,28.257206],[129.15115,28.257123],[129.151563,28.257114],[129.151588,28.257248],[129.151575,28.257339],[129.15175,28.257389],[129.151838,28.257331],[129.152075,28.257131],[129.15225,28.256981],[129.152675,28.256689],[129.152962,28.256506],[129.153287,28.256414],[129.153925,28.256339],[129.15455,28.256348],[129.154975,28.256381],[129.155125,28.256448],[129.155125,28.256564],[129.155125,28.256598],[129.155437,28.256589],[129.155562,28.256389],[129.15595,28.256214],[129.156437,28.256348],[129.156637,28.256464],[129.1572,28.256464],[129.157675,28.256431],[129.158462,28.256406],[129.158437,28.256548],[129.158412,28.256664],[129.158687,28.256714],[129.158949,28.256648],[129.159074,28.256498],[129.159312,28.256423],[129.159737,28.256206],[129.160112,28.255856],[129.160262,28.255523],[129.160362,28.255389],[129.160687,28.255323],[129.161174,28.255248],[129.161862,28.255223],[129.162624,28.255256],[129.163412,28.255364],[129.163762,28.255364],[129.164311,28.255323],[129.164449,28.255289],[129.164886,28.255264],[129.165261,28.255364],[129.165786,28.255673],[129.166374,28.256306],[129.166774,28.256798],[129.166849,28.256939],[129.166986,28.257373],[129.166986,28.257664],[129.166986,28.257956],[129.167099,28.258231],[129.167224,28.258689],[129.167311,28.259247],[129.167449,28.259922],[129.167636,28.260356],[129.167948,28.260881],[129.168098,28.261139],[129.168173,28.261364],[129.168223,28.261472],[129.168148,28.261764],[129.168011,28.262214],[129.168098,28.262539],[129.168261,28.26288],[129.168498,28.263172],[129.168911,28.263339],[129.169236,28.26363],[129.169386,28.263672],[129.169686,28.263697],[129.169911,28.263689],[129.169973,28.263855],[129.169898,28.264155],[129.169623,28.264455],[129.169511,28.264655],[129.169761,28.26503],[129.169886,28.265305],[129.170023,28.265214],[129.170236,28.265064],[129.170373,28.264839],[129.170511,28.264655],[129.170786,28.264297],[129.170986,28.264105],[129.171536,28.264205],[129.172285,28.264614],[129.172623,28.26483],[129.172735,28.265055],[129.17276,28.265339],[129.172848,28.265422],[129.172998,28.265447],[129.173123,28.265372],[129.173323,28.265322],[129.173523,28.265247],[129.174085,28.265697],[129.174598,28.266097],[129.175185,28.266439],[129.17561,28.266639],[129.17596,28.266839],[129.176547,28.267197],[129.17711,28.267772],[129.177372,28.268197],[129.177635,28.268705],[129.177772,28.269155],[129.177897,28.269888],[129.177922,28.270297],[129.17796,28.270363],[129.178122,28.270405],[129.17836,28.270122],[129.178572,28.269589],[129.178785,28.269172],[129.179585,28.26908],[129.180472,28.269297],[129.181059,28.269739],[129.181084,28.270005],[129.181022,28.27023],[129.180809,28.270497],[129.180984,28.27088],[129.181259,28.270972],[129.181309,28.27078],[129.181372,28.270539],[129.181584,28.270497],[129.181909,28.270397],[129.182172,28.270072],[129.182509,28.269755],[129.182709,28.269647],[129.183122,28.270047],[129.183497,28.269847],[129.183372,28.26943],[129.183084,28.269155],[129.182822,28.268897],[129.182759,28.268739],[129.182734,28.268589],[129.182747,28.268505],[129.182772,28.268347],[129.182809,28.268122],[129.182859,28.267714],[129.182972,28.267047],[129.183122,28.266564],[129.183247,28.266447],[129.183472,28.266431],[129.183384,28.266122],[129.183247,28.265747],[129.183184,28.265197],[129.183309,28.264931],[129.183547,28.264547],[129.183972,28.264014],[129.184359,28.263606],[129.184697,28.263364],[129.185034,28.263223],[129.185672,28.263031],[129.186396,28.262856],[129.187159,28.262714],[129.187796,28.262664],[129.188571,28.262698],[129.189409,28.262723],[129.190284,28.262781],[129.191183,28.262889],[129.191546,28.263048],[129.191696,28.263389],[129.191871,28.263781],[129.191921,28.263931],[129.192333,28.263864],[129.192496,28.263739],[129.192621,28.263464],[129.192833,28.263198],[129.193333,28.263114],[129.193946,28.262915],[129.194496,28.26264],[129.194896,28.262398],[129.195171,28.262173],[129.19547,28.262098],[129.19607,28.262148],[129.197108,28.262265],[129.198008,28.262331],[129.19907,28.262406],[129.19947,28.26244],[129.199733,28.262406],[129.199895,28.262256],[129.199983,28.262123],[129.200057,28.261873],[129.199958,28.261573],[129.19987,28.26129],[129.200182,28.260848],[129.200532,28.260357],[129.200607,28.260048],[129.200845,28.259907],[129.201495,28.259582],[129.201995,28.259282],[129.202245,28.258982],[129.202232,28.25869],[129.202132,28.258573],[129.20177,28.258324],[129.201632,28.258032],[129.201607,28.25759],[129.201745,28.25719],[129.20182,28.256874],[129.202082,28.256624],[129.202282,28.256465],[129.202595,28.256057],[129.20272,28.255774],[129.20292,28.255432],[129.203157,28.255282],[129.203495,28.255124],[129.203607,28.254966],[129.20367,28.254774],[129.204045,28.254574],[129.205332,28.254174],[129.205982,28.254032],[129.206494,28.254099],[129.207719,28.254032],[129.208494,28.254174],[129.208894,28.254241],[129.209082,28.254107],[129.209219,28.253774],[129.208969,28.253083],[129.208907,28.253016],[129.208732,28.252966],[129.208757,28.252649],[129.208994,28.252491],[129.209344,28.252449],[129.209869,28.252458],[129.210069,28.252474],[129.210744,28.252558],[129.211281,28.252583],[129.211719,28.252591],[129.211894,28.252599],[129.212256,28.252774],[129.212594,28.253033],[129.212619,28.253249],[129.212631,28.253608],[129.212856,28.253774],[129.212906,28.253974],[129.213106,28.254732],[129.213094,28.255216],[129.213144,28.255482],[129.213319,28.255449],[129.213494,28.255799],[129.213581,28.256024],[129.213669,28.255991],[129.214056,28.255832],[129.214219,28.256041],[129.214381,28.255982],[129.214756,28.256299],[129.215106,28.256824],[129.215556,28.25734],[129.215906,28.258107],[129.215968,28.258582],[129.215719,28.259115],[129.215344,28.259515],[129.215006,28.259724],[129.214894,28.26009],[129.214981,28.26069],[129.215306,28.261082],[129.215344,28.261282],[129.215056,28.261598],[129.214631,28.26194],[129.214506,28.262032],[129.214294,28.262357],[129.214119,28.262582],[129.214044,28.262773],[129.214069,28.263148],[129.214156,28.263232],[129.214381,28.263382],[129.214769,28.263581],[129.214856,28.263948],[129.214919,28.26444],[129.215044,28.265015],[129.215206,28.265598],[129.215256,28.265998],[129.215194,28.266473],[129.214931,28.266631],[129.214456,28.266765],[129.214181,28.266865],[129.214081,28.266926],[129.214056,28.267015],[129.214144,28.267115],[129.214144,28.26729],[129.214094,28.267573],[129.214481,28.267598],[129.214406,28.268031],[129.214194,28.268364],[129.213794,28.268598],[129.213644,28.268831],[129.213731,28.268973],[129.213806,28.268948],[129.213744,28.269106],[129.213719,28.269356],[129.213694,28.269689],[129.213544,28.270056],[129.213569,28.270323],[129.213706,28.270473],[129.213881,28.270606],[129.214169,28.270598],[129.214381,28.270389],[129.214694,28.270456],[129.214869,28.270264],[129.214906,28.269973],[129.215056,28.269964],[129.215381,28.269839],[129.215469,28.269756],[129.215619,28.269564],[129.215731,28.269231],[129.215919,28.269189],[129.216306,28.269206],[129.216469,28.269048],[129.216619,28.268864],[129.216919,28.268931],[129.217256,28.268998],[129.218081,28.269106],[129.218356,28.268939],[129.218543,28.268673],[129.218693,28.268598],[129.219018,28.268798],[129.219443,28.268906],[129.220131,28.269098],[129.220393,28.269189],[129.220956,28.269589],[129.221468,28.269814],[129.221743,28.269889],[129.221968,28.270048],[129.222306,28.270289],[129.222681,28.270639],[129.222756,28.270764],[129.222806,28.270848],[129.222881,28.270898],[129.223543,28.270873],[129.223918,28.270956],[129.224281,28.271131],[129.224543,28.271539],[129.224543,28.271689],[129.224556,28.271956],[129.224718,28.272173],[129.224993,28.272056],[129.225343,28.272156],[129.225281,28.272314],[129.225281,28.272539],[129.225381,28.272506],[129.225443,28.272489],[129.225493,28.272648],[129.225468,28.272873],[129.225481,28.273139],[129.225631,28.273389],[129.225831,28.273306],[129.226056,28.273281],[129.226493,28.273139],[129.226543,28.273273],[129.226597,28.273499],[129.226681,28.273648],[129.227206,28.273756],[129.227343,28.273814],[129.227656,28.273489],[129.227668,28.273273],[129.227868,28.273223],[129.228306,28.273273],[129.22868,28.273114],[129.228793,28.273214],[129.228955,28.273406],[129.229568,28.273106],[129.229468,28.272848],[129.229668,28.272623],[129.230268,28.272639],[129.23083,28.272798],[129.23098,28.272873],[129.231243,28.272998],[129.231655,28.273214],[129.231905,28.273064],[129.23208,28.272773],[129.232668,28.272581],[129.23308,28.27239],[129.233393,28.27209],[129.233543,28.271765],[129.233743,28.27119],[129.233993,28.270881],[129.234568,28.270648],[129.235405,28.27039],[129.236017,28.270181],[129.236255,28.270006],[129.236342,28.269873],[129.236392,28.269656],[129.236405,28.26914],[129.236317,28.26869],[129.236055,28.268148],[129.235892,28.26779],[129.23593,28.267506],[129.236067,28.267081],[129.235992,28.266848],[129.23583,28.26644],[129.23563,28.265665],[129.235555,28.26489],[129.235642,28.264223],[129.235829,28.263773],[129.235904,28.263665],[129.236342,28.263615],[129.236417,28.263623],[129.236567,28.263923],[129.236642,28.26409],[129.236892,28.264065],[129.237017,28.264065],[129.237065,28.264014],[129.237079,28.263982],[129.237504,28.264023],[129.237642,28.264048],[129.237792,28.264215],[129.237979,28.264415],[129.238529,28.264473],[129.238729,28.264532],[129.238704,28.264715],[129.23878,28.265148],[129.238967,28.265723],[129.23908,28.266315],[129.239142,28.266673],[129.239342,28.26679],[129.239792,28.266815],[129.240392,28.267023],[129.240517,28.26714],[129.240755,28.267349],[129.24103,28.267465],[129.241455,28.267532],[129.24208,28.267457],[129.242767,28.267357],[129.24333,28.267365],[129.243967,28.267265],[129.244342,28.266966],[129.24463,28.266566],[129.244942,28.266391],[129.245242,28.266174],[129.245554,28.265699],[129.245904,28.264932],[129.246054,28.264507],[129.246067,28.264366],[129.246167,28.264141],[129.246342,28.263974],[129.246817,28.263808],[129.247129,28.263674],[129.247467,28.263566],[129.247829,28.263424],[129.247884,28.263392],[129.247954,28.263324],[129.247992,28.263224],[129.248017,28.263108],[129.247884,28.262009],[129.247642,28.261991],[129.247279,28.261741],[129.246729,28.261774],[129.246442,28.261591],[129.246254,28.261374],[129.246042,28.260958],[129.245892,28.260608],[129.245629,28.260491],[129.245304,28.260483],[129.245067,28.260399],[129.244854,28.260024],[129.244892,28.259558],[129.244967,28.259158],[129.245342,28.258591],[129.245467,28.258125],[129.245342,28.257858],[129.245317,28.257475],[129.245629,28.256908],[129.245842,28.256433],[129.245942,28.256083],[129.246267,28.255817],[129.246754,28.255592],[129.247242,28.255367],[129.247517,28.2552],[129.247717,28.255067],[129.247691,28.254834],[129.247504,28.254559],[129.247066,28.254209],[129.246816,28.253959],[129.246691,28.253775],[129.246729,28.25305],[129.246779,28.252925],[129.247254,28.252967],[129.247829,28.253067],[129.247904,28.253084],[129.247944,28.253017],[129.248091,28.252717],[129.248354,28.252759],[129.248541,28.253051],[129.249579,28.253009],[129.249479,28.252901],[129.249316,28.252492],[129.249491,28.252459],[129.250179,28.252484],[129.250529,28.252267],[129.250866,28.252134],[129.251004,28.252392],[129.250904,28.252867],[129.250929,28.253151],[129.251129,28.253251],[129.251279,28.253334],[129.251054,28.253509],[129.251079,28.253601],[129.251404,28.253626],[129.251529,28.253784],[129.251591,28.254051],[129.251866,28.254342],[129.251941,28.254492],[129.251854,28.254759],[129.251541,28.255151],[129.251241,28.255492],[129.250866,28.255842],[129.250179,28.256192],[129.249679,28.256409],[129.249329,28.256709],[129.249117,28.257025],[129.249042,28.257233],[129.249304,28.257875],[129.249429,28.258092],[129.249429,28.258242],[129.249342,28.258508],[129.249742,28.258775],[129.249842,28.258742],[129.250379,28.258725],[129.250929,28.25875],[129.251154,28.258742],[129.251654,28.258375],[129.252017,28.258159],[129.252267,28.258184],[129.252879,28.2587],[129.253229,28.259134],[129.253192,28.2593],[129.252617,28.259592],[129.252179,28.259725],[129.251754,28.260075],[129.251554,28.260333],[129.251467,28.26055],[129.251642,28.260733],[129.252079,28.260908],[129.252867,28.261058],[129.253554,28.26145],[129.253942,28.261867],[129.254042,28.262083],[129.253879,28.262583],[129.253717,28.262967],[129.253742,28.263283],[129.253879,28.26385],[129.254029,28.264208],[129.254254,28.264566],[129.254754,28.26505],[129.255029,28.265358],[129.255004,28.265666],[129.255417,28.265666],[129.255767,28.265358],[129.256179,28.265183],[129.256567,28.265008],[129.257029,28.265025],[129.257467,28.265358],[129.257879,28.265425],[129.258229,28.2654],[129.258617,28.265242],[129.259079,28.264833],[129.259517,28.264167],[129.259929,28.263759],[129.260291,28.263559],[129.260716,28.263367],[129.260704,28.262884],[129.260654,28.262592],[129.260779,28.262275],[129.261004,28.262009],[129.261454,28.261675],[129.261654,28.261517],[129.262079,28.261426],[129.262566,28.261626],[129.262904,28.261842],[129.263004,28.262192],[129.263016,28.262592],[129.263229,28.263042],[129.263616,28.263317],[129.263829,28.263784],[129.263854,28.264259],[129.263779,28.264625],[129.263804,28.264742],[129.263916,28.264917],[129.263779,28.26515],[129.263666,28.265334],[129.263754,28.265825],[129.263716,28.266309],[129.263779,28.266842],[129.264241,28.26745],[129.264854,28.267717],[129.265066,28.26775],[129.265691,28.267292],[129.265991,28.266934],[129.266291,28.266634],[129.266779,28.266675],[129.267541,28.267134],[129.268116,28.267459],[129.268291,28.267559],[129.268804,28.267384],[129.269391,28.267367],[129.269841,28.267284],[129.270179,28.267084],[129.270254,28.266967],[129.270091,28.266459],[129.269929,28.2661],[129.269979,28.266001],[129.270254,28.265684],[129.270141,28.265226],[129.269904,28.264859],[129.270029,28.264484],[129.270366,28.264067],[129.270528,28.263567],[129.270703,28.263276],[129.271053,28.262959],[129.271428,28.262493],[129.271728,28.262168],[129.271928,28.261968],[129.272278,28.261826],[129.272566,28.261884],[129.272866,28.261809],[129.272928,28.261684],[129.273116,28.261559],[129.273628,28.261368],[129.274003,28.261368],[129.274416,28.261626],[129.274866,28.262209],[129.274903,28.262626],[129.274991,28.262918],[129.275016,28.263301],[129.274678,28.263701],[129.274578,28.263851],[129.274703,28.264501],[129.274941,28.265084],[129.275178,28.265742],[129.275416,28.266367],[129.275703,28.266659],[129.275803,28.267084],[129.275978,28.267484],[129.276191,28.267651],[129.276478,28.268317],[129.276453,28.268842],[129.276128,28.269359],[129.275778,28.270175],[129.275728,28.270517],[129.275891,28.27085],[129.276078,28.271317],[129.276166,28.271809],[129.275828,28.272092],[129.275491,28.272567],[129.275316,28.273025],[129.275228,28.273425],[129.275616,28.273517],[129.276291,28.273233],[129.276703,28.272892],[129.277141,28.272759],[129.277803,28.273034],[129.278341,28.273384],[129.278466,28.274075],[129.278341,28.274342],[129.278678,28.274642],[129.278753,28.274942],[129.278553,28.275383],[129.278341,28.275792],[129.278228,28.276117],[129.278178,28.276375],[129.278578,28.276683],[129.278978,28.276767],[129.279341,28.276533],[129.279853,28.276525],[129.280203,28.276558],[129.280465,28.276342],[129.28064,28.27625],[129.280815,28.27615],[129.281053,28.276092],[129.281753,28.276308],[129.282203,28.276575],[129.282603,28.276875],[129.28309,28.277108],[129.283503,28.276933],[129.283965,28.276633],[129.284503,28.276592],[129.28479,28.27655],[129.285303,28.276758],[129.285415,28.277042],[129.28574,28.277308],[129.285915,28.277467],[129.286278,28.277417],[129.287077,28.277325],[129.28774,28.2774],[129.288077,28.27745],[129.288177,28.277642],[129.288477,28.277825],[129.28859,28.277792],[129.289165,28.277617],[129.289415,28.277484],[129.28954,28.277192],[129.289727,28.276909],[129.290115,28.276742],[129.290427,28.276392],[129.29099,28.27635],[129.29124,28.276309],[129.291677,28.275859],[129.292277,28.275517],[129.292465,28.275167],[129.292227,28.274859],[129.292277,28.274576],[129.292815,28.274609],[129.29319,28.274584],[129.293427,28.274509],[129.29379,28.274651],[129.294002,28.274776],[129.294077,28.274809],[129.294264,28.274951],[129.294389,28.275176],[129.294414,28.275484],[129.294664,28.275984],[129.294977,28.276567],[129.295239,28.277075],[129.295489,28.277525],[129.295739,28.278009],[129.296014,28.278317],[129.296152,28.278334],[129.296327,28.278517],[129.296252,28.278667],[129.296252,28.278842],[129.295889,28.278867],[129.295327,28.278959],[129.295327,28.279075],[129.295114,28.279109],[129.295089,28.279042],[129.295052,28.278942],[129.294877,28.278967],[129.294514,28.2791],[129.294289,28.279159],[129.294002,28.279475],[129.293677,28.279859],[129.293527,28.280059],[129.293252,28.280583],[129.293227,28.280908],[129.293227,28.281383],[129.293352,28.2817],[129.293552,28.2819],[129.293764,28.281975],[129.293839,28.282142],[129.293827,28.282533],[129.293839,28.282917],[129.293889,28.283167],[129.294014,28.283208],[129.294139,28.283375],[129.294114,28.283592],[129.293902,28.284267],[129.293652,28.284666],[129.293464,28.28485],[129.293164,28.284991],[129.292565,28.284983],[129.292377,28.284741],[129.291965,28.284875],[129.29159,28.285158],[129.291315,28.285275],[129.291052,28.285266],[129.29069,28.285066],[129.290402,28.284725],[129.290265,28.284591],[129.289902,28.284483],[129.28979,28.284225],[129.289627,28.283875],[129.289627,28.283725],[129.28919,28.283675],[129.28864,28.284058],[129.28834,28.284358],[129.288002,28.28455],[129.287765,28.284608],[129.287452,28.284533],[129.287377,28.284208],[129.287327,28.284016],[129.286977,28.283808],[129.28639,28.283575],[129.28594,28.283466],[129.285378,28.283241],[129.28519,28.283216],[129.284853,28.283508],[129.284678,28.2837],[129.284378,28.2838],[129.284228,28.283641],[129.283753,28.283608],[129.283353,28.283633],[129.282778,28.283658],[129.28254,28.28375],[129.282028,28.283691],[129.28159,28.283541],[129.281403,28.283558],[129.281065,28.28365],[129.280603,28.2838],[129.280091,28.283975],[129.279541,28.284099],[129.278878,28.284158],[129.278491,28.284133],[129.278066,28.284008],[129.277791,28.283741],[129.277478,28.283566],[129.277016,28.283491],[129.276878,28.283516],[129.276353,28.283758],[129.275541,28.283908],[129.275041,28.283941],[129.274503,28.283899],[129.274079,28.283791],[129.273916,28.283616],[129.273454,28.283016],[129.273254,28.282899],[129.273129,28.282933],[129.272729,28.283249],[129.272504,28.283666],[129.271879,28.283858],[129.271579,28.283916],[129.271279,28.284116],[129.271041,28.284541],[129.270604,28.284858],[129.270016,28.285066],[129.269841,28.285307],[129.269791,28.285682],[129.269891,28.285941],[129.269891,28.286282],[129.269816,28.286674],[129.269579,28.287049],[129.269129,28.287316],[129.268554,28.287674],[129.268192,28.288132],[129.267842,28.288691],[129.267392,28.289249],[129.267204,28.289432],[129.266717,28.289649],[129.266217,28.289632],[129.265842,28.289907],[129.265617,28.289982],[129.265429,28.289832],[129.264879,28.289632],[129.264629,28.289482],[129.264504,28.289207],[129.264592,28.288865],[129.264704,28.288415],[129.264717,28.287957],[129.264542,28.287716],[129.264217,28.287599],[129.264067,28.287382],[129.263992,28.287032],[129.263967,28.286299],[129.264242,28.285674],[129.264454,28.285507],[129.264617,28.285149],[129.264629,28.284924],[129.264329,28.284741],[129.263942,28.284757],[129.263317,28.284599],[129.263079,28.284316],[129.262929,28.283841],[129.262917,28.283366],[129.263017,28.282607],[129.263154,28.282082],[129.263492,28.281666],[129.263667,28.281366],[129.263842,28.280866],[129.264054,28.280674],[129.264442,28.280391],[129.264879,28.280083],[129.265517,28.279766],[129.265804,28.279574],[129.266067,28.279158],[129.266117,28.279041],[129.265854,28.278691],[129.265517,28.278316],[129.265017,28.278116],[129.264667,28.278049],[129.264292,28.277883],[129.264279,28.277716],[129.264467,28.277533],[129.264829,28.277274],[129.265204,28.276908],[129.265292,28.276608],[129.265267,28.276191],[129.265342,28.275541],[129.265392,28.275333],[129.265154,28.275233],[129.264979,28.274875],[129.264854,28.274533],[129.264454,28.2743],[129.264054,28.274233],[129.263517,28.274175],[129.262804,28.274208],[129.262467,28.274416],[129.262117,28.274683],[129.261729,28.27475],[129.261367,28.275016],[129.260992,28.275316],[129.260517,28.275458],[129.260229,28.275399],[129.259854,28.275133],[129.260054,28.274549],[129.260392,28.2741],[129.260379,28.273875],[129.260129,28.273566],[129.260267,28.273283],[129.259917,28.272783],[129.259342,28.272716],[129.258854,28.272983],[129.258179,28.273449],[129.257629,28.273683],[129.257292,28.273866],[129.25688,28.274283],[129.25638,28.274699],[129.25583,28.274833],[129.255417,28.274774],[129.254755,28.274799],[129.254317,28.275099],[129.253505,28.274991],[129.25263,28.274807],[129.252117,28.274641],[129.251755,28.274724],[129.251405,28.274907],[129.250892,28.275074],[129.250305,28.275207],[129.249842,28.275082],[129.249767,28.274607],[129.249467,28.274191],[129.24913,28.274257],[129.248855,28.274507],[129.248743,28.274757],[129.248755,28.274974],[129.248755,28.275299],[129.24858,28.275765],[129.248455,28.27604],[129.248543,28.276232],[129.24883,28.27634],[129.249068,28.276399],[129.249268,28.276499],[129.249343,28.276757],[129.249293,28.277182],[129.249168,28.277715],[129.249018,28.278082],[129.248805,28.278482],[129.248555,28.278857],[129.24828,28.279057],[129.247968,28.279099],[129.247884,28.279074],[129.247593,28.27819],[129.24738,28.278215],[129.24663,28.278715],[129.246393,28.279015],[129.24598,28.279274],[129.244743,28.27959],[129.244131,28.279798],[129.243343,28.280157],[129.243181,28.280182],[129.242806,28.280157],[129.242656,28.280182],[129.242331,28.280165],[129.242281,28.280182],[129.242281,28.280265],[129.242418,28.280548],[129.242631,28.280823],[129.242981,28.281023],[129.243206,28.281398],[129.243256,28.281607],[129.243156,28.28199],[129.243306,28.282282],[129.243543,28.282598],[129.243731,28.282998],[129.243893,28.28319],[129.243968,28.284023],[129.244218,28.284398],[129.244106,28.284623],[129.243618,28.28499],[129.242631,28.28539],[129.242243,28.285531],[129.241768,28.285531],[129.241318,28.285223],[129.241231,28.285048],[129.241206,28.284565],[129.241031,28.284406],[129.240756,28.284281],[129.240681,28.284315],[129.240593,28.284506],[129.240156,28.285015],[129.239943,28.285215],[129.239906,28.285323],[129.239556,28.285456],[129.238756,28.285298],[129.238556,28.285048],[129.238656,28.28464],[129.238656,28.284156],[129.238581,28.28394],[129.237993,28.284114],[129.237643,28.283948],[129.237306,28.283931],[129.237018,28.283748],[129.236868,28.283448],[129.236556,28.283073],[129.236431,28.282639],[129.236168,28.282464],[129.235631,28.282364],[129.235293,28.282131],[129.234993,28.282048],[129.234906,28.282073],[129.234956,28.282239],[129.235093,28.282489],[129.235093,28.282839],[129.234906,28.283231],[129.234668,28.283531],[129.234431,28.283464],[129.234181,28.283223],[129.233906,28.283389],[129.233693,28.283298],[129.233456,28.283431],[129.233356,28.283906],[129.233181,28.284039],[129.233243,28.284364],[129.233393,28.284706],[129.233581,28.284956],[129.233681,28.285014],[129.233593,28.285514],[129.233356,28.286089],[129.232981,28.286581],[129.232706,28.286797],[129.232206,28.286697],[129.231531,28.286447],[129.231369,28.286472],[129.231106,28.286697],[129.230906,28.287039],[129.230556,28.287481],[129.228869,28.289055],[129.228181,28.289597],[129.227556,28.289989],[129.227394,28.290014],[129.227069,28.289939],[129.226756,28.290022],[129.226669,28.29013],[129.226269,28.290463],[129.226056,28.290805],[129.226231,28.291172],[129.226569,28.291572],[129.226994,28.291822],[129.227406,28.291747],[129.228094,28.29138],[129.228469,28.291305],[129.228581,28.291439],[129.228706,28.292114],[129.228569,28.292622],[129.228494,28.292713],[129.227969,28.29298],[129.227781,28.293238],[129.228231,28.293822],[129.228531,28.294288],[129.228806,28.294563],[129.229394,28.294438],[129.229706,28.294522],[129.229794,28.294822],[129.229744,28.295155],[129.229706,28.295188],[129.229456,28.295255],[129.229331,28.295197],[129.228681,28.295538],[129.228769,28.29583],[129.227044,28.29628],[129.225806,28.295238],[129.225806,28.295013],[129.225519,28.295013],[129.225256,28.295121],[129.224806,28.295071],[129.224319,28.29488],[129.224219,28.294538],[129.223681,28.294105],[129.223769,28.293671],[129.223894,28.293321],[129.223756,28.292972],[129.223469,28.292888],[129.223069,28.293263],[129.222969,28.29333],[129.222419,28.293505],[129.222119,28.293713],[129.221881,28.293938],[129.220819,28.293988],[129.220731,28.294146],[129.220731,28.29448],[129.221144,28.294713],[129.221231,28.295221],[129.221094,28.295405],[129.220644,28.29563],[129.220094,28.295954],[129.219319,28.296338],[129.219132,28.296821],[129.218919,28.296979],[129.218794,28.297129],[129.218857,28.297554],[129.218744,28.297854],[129.218394,28.298229],[129.218107,28.298379],[129.217757,28.298196],[129.217307,28.298063],[129.216432,28.298154],[129.216207,28.298337],[129.216232,28.298962],[129.216532,28.299321],[129.216757,28.299462],[129.216794,28.299687],[129.216869,28.299771],[129.217719,28.299979],[129.218194,28.300546],[129.218432,28.301021],[129.218532,28.301512],[129.218444,28.301946],[129.218269,28.302171],[129.217794,28.302196],[129.217482,28.302121],[129.217419,28.301921],[129.217519,28.301579],[129.217482,28.301287],[129.217282,28.301204],[129.216619,28.301229],[129.215907,28.301212],[129.215644,28.301154],[129.215232,28.300904],[129.214844,28.300379],[129.214719,28.300296],[129.214332,28.300754],[129.213994,28.300954],[129.213882,28.301112],[129.213894,28.301687],[129.213732,28.302404],[129.213507,28.302912],[129.213282,28.303004],[129.212782,28.302837],[129.212344,28.303237],[129.212332,28.303745],[129.212457,28.304045],[129.212457,28.304212],[129.212307,28.304262],[129.212132,28.304579],[129.211794,28.304895],[129.211844,28.304929],[129.212132,28.304887],[129.212082,28.305054],[129.211894,28.305087],[129.211832,28.305254],[129.211444,28.305545],[129.211307,28.305787],[129.211432,28.305903],[129.211269,28.30607],[129.211057,28.306387],[129.210957,28.306753],[129.210994,28.30687],[129.211444,28.306995],[129.211582,28.307087],[129.211844,28.306928],[129.212069,28.306862],[129.212494,28.306628],[129.212544,28.306578],[129.212832,28.306612],[129.213307,28.305962],[129.213374,28.305877],[129.213457,28.305829],[129.213607,28.305704],[129.213782,28.305212],[129.213994,28.304945],[129.214169,28.30477],[129.214057,28.304595],[129.214119,28.304379],[129.214307,28.304512],[129.214669,28.304887],[129.215007,28.305004],[129.215069,28.304945],[129.215157,28.304445],[129.214944,28.303904],[129.214994,28.303454],[129.215407,28.30322],[129.216169,28.303062],[129.216944,28.303037],[129.217669,28.303146],[129.218069,28.303396],[129.218132,28.303587],[129.217969,28.303654],[129.218032,28.303896],[129.218244,28.304204],[129.219344,28.305245],[129.219844,28.305654],[129.220069,28.30597],[129.220381,28.306537],[129.220844,28.306945],[129.221031,28.307037],[129.220919,28.30717],[129.220994,28.307279],[129.221681,28.307279],[129.221894,28.307212],[129.222419,28.306787],[129.222844,28.306521],[129.223306,28.306504],[129.223681,28.307521],[129.223944,28.307787],[129.223856,28.308037],[129.223844,28.308237],[129.223894,28.308312],[129.224006,28.308345],[129.224069,28.308545],[129.224381,28.308687],[129.224544,28.30892],[129.224806,28.308887],[129.225606,28.308387],[129.225794,28.308487],[129.226131,28.308862],[129.226544,28.309071],[129.227194,28.309254],[129.227844,28.309337],[129.227956,28.309387],[129.227956,28.309629],[129.228256,28.310212],[129.228356,28.310262],[129.228369,28.310437],[129.228706,28.310446],[129.229006,28.310221],[129.229144,28.309912],[129.229194,28.309604],[129.229406,28.309529],[129.229606,28.309629],[129.229631,28.309721],[129.229831,28.309812],[129.229881,28.309621],[129.229994,28.309637],[129.230469,28.308779],[129.230656,28.308196],[129.231056,28.308088],[129.231431,28.308038],[129.231769,28.308129],[129.232281,28.308121],[129.232468,28.308371],[129.232506,28.308513],[129.233081,28.308754],[129.233293,28.308621],[129.233293,28.308588],[129.233631,28.308346],[129.233831,28.308346],[129.234181,28.308154],[129.234556,28.308071],[129.234943,28.308238],[129.235143,28.308529],[129.235481,28.308646],[129.236206,28.308971],[129.236706,28.308946],[129.237181,28.309029],[129.237418,28.309179],[129.237856,28.310154],[129.238693,28.310954],[129.239193,28.311154],[129.239268,28.311263],[129.239418,28.311704],[129.239243,28.311954],[129.239243,28.312563],[129.239293,28.312738],[129.240018,28.313546],[129.240468,28.313854],[129.241305,28.314079],[129.24163,28.314063],[129.24163,28.314129],[129.241718,28.314221],[129.24183,28.314179],[129.241805,28.314063],[129.241993,28.314029],[129.241993,28.313996],[129.24228,28.313763],[129.24253,28.313821],[129.242693,28.313938],[129.243018,28.314063],[129.24303,28.314296],[129.243193,28.314388],[129.243318,28.313946],[129.24363,28.313638],[129.24408,28.313563],[129.244768,28.313388],[129.24518,28.313171],[129.245905,28.313171],[129.246855,28.313421],[129.247043,28.313713],[129.246968,28.314321],[129.247068,28.314729],[129.247155,28.314788],[129.247405,28.314721],[129.24758,28.314538],[129.247755,28.31443],[129.248267,28.314871],[129.248492,28.314755],[129.248667,28.314755],[129.248942,28.31488],[129.24923,28.315238],[129.249355,28.315346],[129.24983,28.31533],[129.250017,28.315496],[129.250292,28.315613],[129.25048,28.315646],[129.250542,28.31608],[129.250555,28.316271],[129.25113,28.316413],[129.25143,28.316671],[129.251405,28.316896],[129.251805,28.316796],[129.25193,28.316938],[129.252105,28.317346],[129.25233,28.317446],[129.25273,28.317288],[129.25308,28.31738],[129.253192,28.317863],[129.253254,28.318104],[129.253379,28.318188],[129.253817,28.318088],[129.253967,28.318329],[129.254329,28.317913],[129.254817,28.318005],[129.254917,28.318405],[129.255292,28.318363],[129.255642,28.31798],[129.256042,28.317746],[129.256729,28.317896],[129.257142,28.318196],[129.257704,28.318655],[129.258117,28.319096],[129.258404,28.319338],[129.258642,28.319813],[129.258867,28.320255],[129.259116,28.320488],[129.259304,28.321163],[129.258866,28.321354],[129.258616,28.321821],[129.259129,28.322046],[129.259516,28.321896],[129.259716,28.322254],[129.259579,28.323021],[129.259004,28.323513],[129.258766,28.323704],[129.258554,28.323871],[129.258554,28.323921],[129.258561,28.323986],[129.258579,28.324029],[129.258791,28.324321],[129.259579,28.324487],[129.260341,28.324479],[129.261279,28.323963],[129.261679,28.323604],[129.262304,28.323646],[129.262666,28.323888],[129.263416,28.324088],[129.263803,28.324146],[129.263991,28.324496],[129.264091,28.325021],[129.264291,28.325246],[129.264528,28.325229],[129.264753,28.325688],[129.264803,28.326121],[129.264691,28.326779],[129.264728,28.327146],[129.264791,28.327471],[129.264703,28.327671],[129.264978,28.327862],[129.265991,28.327396],[129.266128,28.327504],[129.266453,28.327462],[129.266753,28.326912],[129.267328,28.326663],[129.267691,28.326813],[129.268278,28.326846],[129.269028,28.326846],[129.269678,28.326788],[129.27044,28.326888],[129.272065,28.327271],[129.272478,28.327446],[129.272615,28.326929],[129.272678,28.326713],[129.27294,28.326446],[129.273365,28.326221],[129.274065,28.326179],[129.274328,28.325971],[129.275328,28.326038],[129.275827,28.326346],[129.276802,28.326638],[129.277715,28.326638],[129.27804,28.326879],[129.278115,28.327296],[129.27804,28.327521],[129.278327,28.327846],[129.27939,28.327929],[129.279927,28.327596],[129.280652,28.327463],[129.282152,28.327754],[129.283339,28.328113],[129.284064,28.328554],[129.284402,28.329138],[129.284827,28.329554],[129.285139,28.329871],[129.285539,28.330488],[129.285364,28.331113],[129.285189,28.331729],[129.285476,28.332371],[129.285664,28.332521],[129.286139,28.332496],[129.286439,28.332671],[129.286689,28.332096],[129.286801,28.331946],[129.286901,28.332346],[129.287114,28.332463],[129.287051,28.331979],[129.287601,28.331738],[129.287939,28.331929],[129.288151,28.331879],[129.288239,28.331671],[129.288414,28.331779],[129.288501,28.331654],[129.288251,28.331271],[129.288039,28.330879],[129.287639,28.330546],[129.287564,28.329921],[129.287226,28.329621],[129.287201,28.329271],[129.287426,28.328888],[129.287901,28.328446],[129.289126,28.327963],[129.290801,28.32768],[129.292251,28.327621],[129.292988,28.327438],[129.293363,28.327588],[129.293926,28.328146],[129.294088,28.328421],[129.294826,28.328505],[129.295838,28.32853],[129.296526,28.328605],[129.297163,28.328788],[129.297563,28.328846],[129.298875,28.328713],[129.300238,28.32878],[129.30105,28.329072],[129.301338,28.329538],[129.30155,28.329938],[129.301675,28.330105],[129.30225,28.329955],[129.3028,28.32973],[129.30385,28.329922],[129.304737,28.33023],[129.305262,28.330838],[129.305612,28.331446],[129.306062,28.332213],[129.306175,28.332613],[129.306187,28.333038],[129.305687,28.333563],[129.305637,28.33433],[129.306125,28.334338],[129.306487,28.334313],[129.306875,28.334455],[129.307162,28.333913],[129.307487,28.333988],[129.307437,28.333496],[129.307675,28.333138],[129.308337,28.332921],[129.30865,28.333021],[129.30865,28.333271],[129.308999,28.333363],[129.309387,28.332913],[129.309774,28.333288],[129.309899,28.333338],[129.310187,28.33298],[129.310524,28.333221],[129.310599,28.333555],[129.310424,28.333838],[129.310599,28.334105],[129.311012,28.334655],[129.311274,28.334738],[129.311637,28.334621],[129.312037,28.33543],[129.312324,28.335655],[129.312949,28.335496],[129.313299,28.335138],[129.313687,28.335321],[129.313799,28.335613],[129.313962,28.336263],[129.313961,28.336688],[129.313799,28.336988],[129.313399,28.337171],[129.313312,28.337213],[129.313212,28.337204],[129.312999,28.337354],[129.312862,28.337304],[129.312562,28.337404],[129.312399,28.337379],[129.312287,28.337596],[129.312174,28.337621],[129.312024,28.337654],[129.311949,28.337738],[129.311737,28.337963],[129.311599,28.338338],[129.311549,28.338754],[129.311449,28.339271],[129.311337,28.339629],[129.311299,28.339854],[129.311087,28.340113],[129.310987,28.340163],[129.310949,28.340288],[129.311024,28.340421],[129.310937,28.340712],[129.310799,28.340779],[129.310762,28.340837],[129.310687,28.341096],[129.31034,28.341226],[129.310227,28.34131],[129.310202,28.341443],[129.310365,28.34161],[129.310587,28.341762],[129.310912,28.341762],[129.311262,28.341662],[129.311424,28.341721],[129.311524,28.341762],[129.311487,28.341979],[129.311412,28.342037],[129.311437,28.342112],[129.311362,28.342337],[129.311287,28.342687],[129.311299,28.342771],[129.311274,28.342896],[129.311212,28.342962],[129.311399,28.343129],[129.311537,28.343321],[129.311487,28.343454],[129.311374,28.343579],[129.311811,28.343712],[129.312249,28.343604],[129.312674,28.343504],[129.312761,28.343521],[129.312861,28.343604],[129.313049,28.343921],[129.313174,28.344221],[129.313149,28.344504],[129.312924,28.344371],[129.312561,28.344437],[129.312424,28.344537],[129.312574,28.344679],[129.312949,28.344645],[129.313524,28.344837],[129.313924,28.344929],[129.314324,28.345054],[129.314461,28.345262],[129.314536,28.34562],[129.314536,28.345987],[129.314386,28.346337],[129.314124,28.346545],[129.313936,28.346587],[129.313786,28.346779],[129.313649,28.346745],[129.313649,28.34697],[129.313549,28.347237],[129.313261,28.347462],[129.312949,28.347679],[129.312649,28.348003],[129.312474,28.348112],[129.312324,28.348112],[129.312149,28.348112],[129.311599,28.348028],[129.310986,28.347845],[129.310836,28.347737],[129.310599,28.347903],[129.310624,28.34802],[129.310574,28.348162],[129.310536,28.348228],[129.310102,28.348301],[129.309702,28.348334],[129.309865,28.348584],[129.309927,28.348709],[129.31014,28.348942],[129.310215,28.348701],[129.310461,28.348395],[129.310549,28.348495],[129.310661,28.348728],[129.310586,28.348853],[129.310611,28.34902],[129.310761,28.349128],[129.310811,28.34887],[129.311011,28.348737],[129.311274,28.348862],[129.311374,28.348987],[129.311436,28.349253],[129.311099,28.349195],[129.311036,28.349412],[129.310786,28.34947],[129.310849,28.349712],[129.311086,28.349945],[129.311299,28.350053],[129.311374,28.350103],[129.311424,28.350203],[129.311686,28.35017],[129.311736,28.350053],[129.311636,28.350053],[129.311586,28.349953],[129.311749,28.34987],[129.311949,28.349962],[129.312386,28.34972],[129.312624,28.34937],[129.312799,28.349087],[129.312899,28.348862],[129.313199,28.34872],[129.313411,28.348703],[129.313586,28.34862],[129.313686,28.348445],[129.313774,28.348212],[129.314111,28.348137],[129.314736,28.34802],[129.315336,28.34787],[129.315774,28.34782],[129.316336,28.347837],[129.317036,28.34792],[129.317761,28.348054],[129.318361,28.348179],[129.319148,28.348437],[129.320161,28.348612],[129.320961,28.348854],[129.321673,28.349004],[129.322348,28.349045],[129.322535,28.349087],[129.322835,28.349237],[129.323035,28.34972],[129.323035,28.349812],[129.323123,28.349995],[129.323273,28.350087],[129.323448,28.349962],[129.32366,28.349762],[129.32396,28.349654],[129.324223,28.349645],[129.32471,28.349687],[129.325323,28.349787],[129.32566,28.349845],[129.326048,28.349995],[129.326448,28.350062],[129.326848,28.35032],[129.327073,28.350662],[129.327335,28.351212],[129.327423,28.351462],[129.327398,28.351545],[129.327323,28.351679],[129.327335,28.351787],[129.327323,28.351904],[129.327385,28.352495],[129.327423,28.353037],[129.327448,28.353445],[129.327585,28.353862],[129.32766,28.354037],[129.327685,28.354187],[129.32766,28.35442],[129.327722,28.354795],[129.327947,28.355253],[129.328085,28.355728],[129.328072,28.355953],[129.328322,28.356311],[129.32871,28.356736],[129.328918,28.356973],[129.328935,28.357045],[129.328997,28.357311],[129.32926,28.357828],[129.32946,28.358086],[129.329985,28.358178],[129.330297,28.358161],[129.330547,28.358403],[129.330985,28.358911],[129.33116,28.359195],[129.331585,28.359478],[129.33201,28.359728],[129.332347,28.360086],[129.332722,28.360253],[129.333047,28.360528],[129.333109,28.360703],[129.333509,28.360936],[129.334672,28.361561],[129.335422,28.361953],[129.335834,28.36207],[129.337171,28.363894],[129.337059,28.364503],[129.336984,28.365111],[129.336846,28.365636],[129.336784,28.365869],[129.336696,28.365961],[129.336522,28.365969],[129.336384,28.366161],[129.336022,28.366161],[129.335922,28.366436],[129.336159,28.366602],[129.336334,28.366827],[129.336459,28.366852],[129.336509,28.366711],[129.336446,28.366502],[129.336609,28.366452],[129.336696,28.366602],[129.336909,28.366727],[129.336884,28.367061],[129.336959,28.367194],[129.337121,28.367186],[129.337409,28.366752],[129.337834,28.366677],[129.338159,28.366761],[129.338371,28.366952],[129.338696,28.367244],[129.338796,28.367444],[129.338396,28.367702],[129.338521,28.367994],[129.338859,28.368252],[129.339009,28.368452],[129.339221,28.368361],[129.339284,28.368169],[129.339496,28.368144],[129.339821,28.367911],[129.340221,28.367819],[129.340371,28.367986],[129.340421,28.368286],[129.340309,28.368636],[129.340559,28.368769],[129.340896,28.368627],[129.341071,28.368586],[129.341284,28.368477],[129.341521,28.368336],[129.341921,28.368244],[129.342084,28.368202],[129.342309,28.368319],[129.342646,28.368577],[129.343108,28.368811],[129.343596,28.368802],[129.343983,28.368861],[129.344321,28.369102],[129.344596,28.369219],[129.344796,28.369444],[129.344933,28.369561],[129.345321,28.369461],[129.345421,28.369186],[129.345296,28.369019],[129.345121,28.368861],[129.345071,28.368669],[129.345046,28.368361],[129.345221,28.368369],[129.345571,28.368561],[129.345833,28.368678],[129.346083,28.368661],[129.346233,28.368578],[129.346208,28.368386],[129.346158,28.368294],[129.346233,28.368144],[129.346371,28.367994],[129.346521,28.368086],[129.346658,28.368261],[129.346996,28.368236],[129.347296,28.368086],[129.347458,28.367828],[129.347496,28.367703],[129.347646,28.367644],[129.347758,28.367861],[129.347996,28.367961],[129.348171,28.367994],[129.348308,28.367511],[129.348358,28.367444],[129.348471,28.367153],[129.348708,28.367128],[129.348796,28.366986],[129.349146,28.367144],[129.349333,28.367169],[129.349883,28.366628],[129.350208,28.366211],[129.350283,28.366161],[129.350245,28.36592],[129.350345,28.365653],[129.35072,28.365303],[129.351245,28.364945],[129.35157,28.364861],[129.351883,28.364661],[129.35177,28.364511],[129.351708,28.364436],[129.351695,28.364253],[129.35157,28.364053],[129.351533,28.363986],[129.351383,28.363695],[129.351133,28.363478],[129.350945,28.363337],[129.35077,28.363037],[129.350696,28.362737],[129.350683,28.362512],[129.350883,28.362212],[129.35132,28.361728],[129.351833,28.361203],[129.352258,28.360678],[129.352395,28.360512],[129.353108,28.360295],[129.35372,28.360112],[129.354208,28.35992],[129.354833,28.359762],[129.35552,28.359629],[129.355895,28.35952],[129.355983,28.359545],[129.356058,28.359637],[129.35622,28.359829],[129.356495,28.36002],[129.35697,28.360187],[129.357183,28.36012],[129.357333,28.359887],[129.357295,28.359562],[129.357333,28.359195],[129.357458,28.358979],[129.357508,28.35877],[129.357533,28.358321],[129.357583,28.358021],[129.357708,28.357846],[129.358108,28.357621],[129.358808,28.357396],[129.359482,28.357204],[129.36002,28.357012],[129.360495,28.356896],[129.361257,28.356621],[129.361757,28.356471],[129.361907,28.356338],[129.362132,28.356429],[129.362357,28.356712],[129.36257,28.356871],[129.362695,28.356829],[129.36257,28.356529],[129.362482,28.356388],[129.362545,28.356146],[129.36247,28.356021],[129.362507,28.355763],[129.36297,28.355429],[129.36372,28.355088],[129.364632,28.354929],[129.365307,28.354838],[129.365307,28.354679],[129.36542,28.354654],[129.366057,28.354571],[129.36687,28.354638],[129.367519,28.354896],[129.368007,28.355063],[129.368669,28.355088],[129.369057,28.355054],[129.369432,28.355129],[129.369844,28.355429],[129.370219,28.355763],[129.370419,28.355954],[129.370782,28.356304],[129.371082,28.356646],[129.371394,28.356963],[129.371557,28.357213],[129.371594,28.357321],[129.371882,28.357696],[129.372182,28.358004],[129.372331,28.358221],[129.372531,28.358296],[129.372781,28.358329],[129.372944,28.358563],[129.373056,28.358788],[129.373469,28.359388],[129.373544,28.359521],[129.373619,28.359679],[129.373656,28.359746],[129.373719,28.359838],[129.373506,28.359854],[129.373531,28.360012],[129.373556,28.360104],[129.373569,28.360204],[129.373606,28.360287],[129.373644,28.360379],[129.373656,28.360421],[129.373694,28.360487],[129.373744,28.360554],[129.373769,28.360587],[129.373794,28.360671],[129.373831,28.360779],[129.373844,28.360837],[129.373881,28.360896],[129.373956,28.360937],[129.374081,28.360971],[129.374231,28.361012],[129.374344,28.361254],[129.375056,28.362029],[129.375194,28.362429],[129.375219,28.362487],[129.375356,28.362654],[129.375481,28.362829],[129.375631,28.363054],[129.375706,28.363121],[129.375856,28.363262],[129.375956,28.363387],[129.376044,28.363529],[129.376106,28.363671],[129.376144,28.363787],[129.376156,28.363879],[129.376081,28.363996],[129.376056,28.364071],[129.375981,28.364187],[129.375969,28.364262],[129.375856,28.364312],[129.375719,28.36437],[129.375681,28.364454],[129.375744,28.364537],[129.375756,28.364662],[129.375681,28.364887],[129.375806,28.364912],[129.375806,28.365012],[129.375844,28.365104],[129.375918,28.365362],[129.375943,28.365445],[129.375993,28.365537],[129.376143,28.365729],[129.376093,28.365795],[129.376031,28.365987],[129.376028,28.366023],[129.376018,28.366045],[129.375943,28.366112],[129.375856,28.366229],[129.375781,28.366395],[129.375906,28.366395],[129.375906,28.366479],[129.375756,28.366512],[129.375768,28.36662],[129.375906,28.36662],[129.375931,28.366729],[129.376131,28.366829],[129.376268,28.366795],[129.376293,28.366812],[129.376356,28.366812],[129.376393,28.366812],[129.376431,28.366812],[129.376506,28.366829],[129.376543,28.366845],[129.376581,28.366862],[129.376631,28.36687],[129.376681,28.366887],[129.376731,28.366912],[129.376768,28.36692],[129.376806,28.366887],[129.376831,28.366862],[129.376843,28.366845],[129.376843,28.366812],[129.376843,28.366754],[129.376856,28.36672],[129.376881,28.366687],[129.376893,28.366662],[129.376918,28.366654],[129.376956,28.366604],[129.377006,28.366587],[129.377043,28.366562],[129.377068,28.366554],[129.377118,28.366529],[129.377143,28.366512],[129.377231,28.366479],[129.377318,28.366445],[129.377393,28.366412],[129.377493,28.366379],[129.377556,28.366362],[129.377581,28.366345],[129.377668,28.36632],[129.377718,28.366304],[129.377743,28.366295],[129.377831,28.366262],[129.377956,28.366254],[129.378018,28.366245],[129.378143,28.366212],[129.378293,28.366187],[129.378368,28.366154],[129.378418,28.366137],[129.378443,28.366129],[129.378481,28.366112],[129.378556,28.366079],[129.378681,28.366004],[129.378768,28.366004],[129.378931,28.366079],[129.379193,28.365995],[129.381918,28.367545],[129.382005,28.367545],[129.38213,28.36762],[129.382418,28.367912],[129.382355,28.36812],[129.382355,28.368262],[129.382455,28.368379],[129.382505,28.368629],[129.382443,28.368895],[129.38258,28.369204],[129.38298,28.36947],[129.383155,28.369779],[129.383318,28.369595],[129.383568,28.369504],[129.383655,28.369287],[129.383655,28.369162],[129.383918,28.369137],[129.38448,28.369345],[129.38503,28.369637],[129.38513,28.369812],[129.38513,28.370037],[129.385105,28.37027],[129.385205,28.370478],[129.384993,28.37062],[129.385143,28.370778],[129.385043,28.371028],[129.38483,28.37127],[129.384818,28.371378],[129.38528,28.371387],[129.385493,28.371387],[129.385818,28.371495],[129.386143,28.37187],[129.38628,28.372262],[129.386592,28.372612],[129.386705,28.372895],[129.38698,28.373137],[129.387125,28.373224],[129.38723,28.373362],[129.387355,28.373428],[129.387592,28.373478],[129.387717,28.373703],[129.387892,28.373728],[129.38808,28.37342],[129.388405,28.37332],[129.38873,28.373237],[129.388892,28.373395],[129.389067,28.373437],[129.389192,28.373337],[129.389217,28.373137],[129.38938,28.372828],[129.38963,28.372762],[129.38968,28.372687],[129.389617,28.372353],[129.389592,28.372045],[129.39013,28.37177],[129.390467,28.371787],[129.39073,28.372095],[129.390892,28.372095],[129.391067,28.371945],[129.391467,28.371945],[129.391592,28.371745],[129.391905,28.37157],[129.392017,28.371445],[129.392305,28.371529],[129.392455,28.371337],[129.39283,28.370704],[129.393179,28.370354],[129.393529,28.370079],[129.393979,28.369771],[129.394379,28.369504],[129.394767,28.369279],[129.395017,28.368937],[129.395154,28.368662],[129.395679,28.368346],[129.396004,28.368071],[129.396142,28.367696],[129.396304,28.367088],[129.396404,28.366429],[129.396417,28.365988],[129.396617,28.365346],[129.396854,28.364746],[129.397079,28.364463],[129.397454,28.364154],[129.397779,28.363771],[129.398042,28.363388],[129.398392,28.362913],[129.398579,28.362513],[129.398554,28.362038],[129.398479,28.361555],[129.398504,28.361055],[129.398392,28.36093],[129.397917,28.360605],[129.397892,28.360463],[129.397542,28.360055],[129.397104,28.35968],[129.398129,28.358522],[129.397817,28.358263],[129.399054,28.35678],[129.399279,28.356789],[129.399342,28.356122],[129.399592,28.356089],[129.399517,28.355647],[129.400229,28.355622],[129.400267,28.355797],[129.400892,28.355922],[129.401054,28.355939],[129.401117,28.355955],[129.401104,28.356189],[129.401454,28.356239],[129.401467,28.356297],[129.401529,28.356647],[129.401492,28.356739],[129.402167,28.357197],[129.402217,28.357297],[129.402517,28.35698],[129.402704,28.357072],[129.403092,28.35723],[129.403617,28.357422],[129.404079,28.357822],[129.404404,28.358272],[129.404604,28.358514],[129.405029,28.358822],[129.405616,28.359447],[129.405854,28.359913],[129.405916,28.360505],[129.405916,28.361072],[129.405704,28.36163],[129.405679,28.362163],[129.405616,28.362638],[129.405529,28.363072],[129.405316,28.363288],[129.405079,28.36348],[129.405004,28.363771],[129.405041,28.363855],[129.405141,28.363913],[129.405341,28.363896],[129.405654,28.363863],[129.405929,28.36388],[129.406254,28.363913],[129.406679,28.36388],[129.406941,28.363755],[129.407079,28.363655],[129.407341,28.363613],[129.407591,28.36343],[129.407879,28.363213],[129.408266,28.363055],[129.408466,28.362997],[129.408728,28.362863],[129.409078,28.362513],[129.409341,28.362338],[129.409891,28.362338],[129.410353,28.362355],[129.410628,28.362413],[129.410753,28.362588],[129.410816,28.362738],[129.410966,28.36273],[129.411153,28.36283],[129.411191,28.362963],[129.411041,28.363022],[129.410853,28.362972],[129.410753,28.36318],[129.410753,28.363372],[129.411091,28.363788],[129.411291,28.363988],[129.411378,28.364522],[129.411303,28.364463],[129.410916,28.364088],[129.410491,28.36373],[129.410366,28.363672],[129.410228,28.363788],[129.409728,28.363997],[129.409566,28.36403],[129.409503,28.364197],[129.409316,28.364571],[129.409166,28.364721],[129.408803,28.36468],[129.408766,28.364763],[129.408853,28.365096],[129.408691,28.365155],[129.408528,28.365555],[129.408666,28.366005],[129.408841,28.36643],[129.408803,28.366796],[129.408803,28.366888],[129.408491,28.366846],[129.408291,28.366813],[129.407803,28.36688],[129.407503,28.366955],[129.407191,28.367113],[129.406903,28.367246],[129.406716,28.367421],[129.406379,28.367463],[129.406104,28.367563],[129.405816,28.367638],[129.405279,28.367838],[129.405191,28.367963],[129.405129,28.368229],[129.405104,28.368354],[129.405391,28.368554],[129.405529,28.368613],[129.405604,28.368854],[129.405766,28.369296],[129.405929,28.370046],[129.406066,28.370729],[129.406153,28.371504],[129.406241,28.371979],[129.406378,28.372354],[129.406628,28.372521],[129.406603,28.372579],[129.406441,28.373295],[129.406341,28.373637],[129.406241,28.373862],[129.406141,28.373937],[129.405241,28.373954],[129.405141,28.374187],[129.405028,28.374595],[129.405003,28.37497],[129.404991,28.375162],[129.404403,28.377978],[129.403853,28.37812],[129.403491,28.378145],[129.402904,28.378478],[129.402466,28.378628],[129.402329,28.37877],[129.402316,28.378903],[129.401841,28.379386],[129.401641,28.379286],[129.401516,28.379345],[129.401229,28.37952],[129.400554,28.379753],[129.399916,28.380028],[129.399454,28.38032],[129.399266,28.380453],[129.398991,28.380628],[129.398666,28.380903],[129.398591,28.381095],[129.398391,28.381428],[129.398166,28.381553],[129.397941,28.381961],[129.397979,28.382353],[129.398029,28.382669],[129.397929,28.383053],[129.397904,28.383119],[129.397779,28.382969],[129.397466,28.383361],[129.397254,28.383736],[129.396941,28.383853],[129.396766,28.383803],[129.396579,28.383853],[129.396304,28.384061],[129.396104,28.384094],[129.395904,28.384194],[129.395416,28.384136],[129.395241,28.384161],[129.395316,28.384369],[129.395379,28.384636],[129.395129,28.384677],[129.394679,28.384527],[129.394604,28.384852],[129.394729,28.384986],[129.394712,28.385055],[129.394691,28.385227],[129.394654,28.385444],[129.394654,28.385677],[129.394691,28.385794],[129.394841,28.385852],[129.394941,28.385827],[129.394979,28.385952],[129.395041,28.386127],[129.395091,28.386194],[129.395316,28.386111],[129.395454,28.386302],[129.395591,28.386377],[129.395729,28.386302],[129.395854,28.386136],[129.396004,28.386186],[129.396241,28.386227],[129.396416,28.386177],[129.396379,28.386036],[129.396404,28.385927],[129.396604,28.385902],[129.397029,28.385877],[129.397241,28.386011],[129.397291,28.385861],[129.397391,28.385702],[129.398004,28.385494],[129.398254,28.385319],[129.398341,28.385186],[129.398554,28.385261],[129.398829,28.385369],[129.399029,28.385186],[129.399091,28.384877],[129.399204,28.384711],[129.399504,28.384519],[129.399991,28.384303],[129.400254,28.384103],[129.400554,28.384103],[129.400991,28.384178],[129.401154,28.384028],[129.401354,28.383894],[129.401841,28.383703],[129.402416,28.383328],[129.402816,28.383078],[129.403316,28.382978],[129.403678,28.382753],[129.404103,28.382628],[129.404278,28.382561],[129.404478,28.382753],[129.404916,28.382628],[129.405128,28.382536],[129.405453,28.382628],[129.406203,28.382853],[129.407003,28.383111],[129.407841,28.383278],[129.408678,28.383511],[129.409728,28.383728],[129.410115,28.38377],[129.41014,28.383853],[129.410153,28.383945],[129.41024,28.384195],[129.410415,28.384486],[129.410703,28.384936],[129.411178,28.385661],[129.41154,28.386144],[129.411803,28.386519],[129.41209,28.386961],[129.412428,28.387194],[129.41274,28.387278],[129.413177,28.387219],[129.413465,28.387253],[129.413802,28.387186],[129.414152,28.387128],[129.414265,28.387119],[129.414627,28.387211],[129.414952,28.387278],[129.414902,28.387186],[129.41474,28.386953],[129.41469,28.386761],[129.414727,28.386394],[129.414865,28.385994],[129.41489,28.385811],[129.415227,28.385661],[129.415615,28.385553],[129.416352,28.385478],[129.417115,28.385511],[129.417152,28.385653],[129.417315,28.385853],[129.417477,28.385778],[129.41764,28.38592],[129.417777,28.385928],[129.417927,28.385945],[129.418227,28.386103],[129.418315,28.386211],[129.418527,28.386378],[129.41859,28.38632],[129.418777,28.386103],[129.419165,28.386111],[129.419415,28.385936],[129.419465,28.38577],[129.421364,28.386278],[129.421364,28.386345],[129.421402,28.386553],[129.421664,28.38677],[129.421939,28.387003],[129.422077,28.387178],[129.422427,28.387694],[129.422464,28.388128],[129.422502,28.388469],[129.422652,28.388678],[129.423077,28.388678],[129.423327,28.388894],[129.423614,28.388911],[129.424177,28.388836],[129.424602,28.388386],[129.424614,28.388378],[129.424652,28.388378],[129.425002,28.388411],[129.425127,28.388719],[129.425239,28.388769],[129.425189,28.388894],[129.425264,28.388953],[129.425252,28.389028],[129.425314,28.389211],[129.425351,28.389294],[129.425464,28.389344],[129.425676,28.389386],[129.425789,28.389328],[129.425939,28.389294],[129.426039,28.389269],[129.426101,28.389211],[129.426189,28.389194],[129.426301,28.389111],[129.426439,28.388978],[129.426539,28.388919],[129.426651,28.388836],[129.426776,28.388803],[129.426776,28.388911],[129.426814,28.389036],[129.426876,28.389036],[129.426939,28.388961],[129.426951,28.388869],[129.427089,28.388745],[129.427226,28.388653],[129.427314,28.388578],[129.427401,28.388578],[129.427464,28.388578],[129.427576,28.388553],[129.427726,28.388536],[129.427814,28.38852],[129.427926,28.388536],[129.428064,28.388561],[129.428226,28.388536],[129.428301,28.388536],[129.428439,28.388511],[129.428564,28.388436],[129.428701,28.388403],[129.428764,28.388303],[129.428789,28.388203],[129.428951,28.388078],[129.429026,28.38792],[129.429089,28.387786],[129.429089,28.387695],[129.429164,28.387611],[129.429189,28.387511],[129.429201,28.387428],[129.429251,28.387311],[129.429276,28.38717],[129.429214,28.38702],[129.429214,28.38692],[129.429226,28.38677],[129.429264,28.386703],[129.429289,28.386595],[129.429307,28.386558],[129.429326,28.386511],[129.429401,28.38647],[129.429389,28.386395],[129.429514,28.386261],[129.429514,28.386087],[129.429589,28.385995],[129.429689,28.385903],[129.429839,28.385837],[129.429951,28.385695],[129.430051,28.385678],[129.430189,28.385603],[129.430251,28.385545],[129.430426,28.385545],[129.430514,28.38542],[129.430676,28.38527],[129.430664,28.385145],[129.430814,28.385037],[129.430964,28.384912],[129.431013,28.384781],[129.431051,28.384687],[129.431051,28.384512],[129.431064,28.384412],[129.431039,28.38427],[129.431051,28.384195],[129.430976,28.384045],[129.430951,28.383987],[129.430839,28.383878],[129.430839,28.383762],[129.430851,28.383653],[129.430889,28.383553],[129.430939,28.383403],[129.430976,28.383304],[129.431014,28.383237],[129.431039,28.38317],[129.431151,28.383062],[129.431264,28.382979],[129.431351,28.382912],[129.431501,28.382862],[129.431676,28.38277],[129.431926,28.382687],[129.432114,28.382595],[129.432326,28.382512],[129.432576,28.38242],[129.432726,28.38237],[129.432864,28.38232],[129.433089,28.382262],[129.433276,28.382195],[129.433514,28.382145],[129.433651,28.382087],[129.433851,28.382045],[129.434076,28.381979],[129.434313,28.381912],[129.434526,28.381837],[129.434776,28.38177],[129.434951,28.381745],[129.435188,28.381687],[129.435476,28.381629],[129.435926,28.381545],[129.436063,28.381546],[129.436288,28.381546],[129.436413,28.381512],[129.436588,28.381504],[129.436738,28.381521],[129.436851,28.381554],[129.436863,28.381562],[129.436901,28.381562],[129.436951,28.381604],[129.436963,28.381629],[129.437238,28.382312],[129.437413,28.382554],[129.437813,28.382779],[129.438038,28.383079],[129.438063,28.38312],[129.438113,28.383137],[129.438151,28.383154],[129.438201,28.383204],[129.438238,28.383237],[129.438313,28.383312],[129.438388,28.383345],[129.438476,28.383345],[129.438538,28.38332],[129.438613,28.38327],[129.438651,28.383204],[129.438713,28.383154],[129.438738,28.38312],[129.438801,28.383079],[129.438851,28.383054],[129.438938,28.383004],[129.439013,28.382979],[129.439051,28.382954],[129.439101,28.382912],[129.439126,28.382879],[129.439188,28.382862],[129.439213,28.382812],[129.439226,28.382804],[129.439288,28.382695],[129.439363,28.382445],[129.439488,28.382162],[129.439638,28.381954],[129.439826,28.381796],[129.440151,28.381712],[129.440575,28.381637],[129.441213,28.381687],[129.441813,28.381679],[129.442575,28.381887],[129.4429,28.382362],[129.443063,28.382804],[129.443513,28.383021],[129.443625,28.383137],[129.443788,28.382762],[129.443863,28.382279],[129.4439,28.381962],[129.444188,28.381437],[129.444863,28.380987],[129.444963,28.380887],[129.445075,28.380787],[129.44515,28.380696],[129.44535,28.380538],[129.445425,28.380446],[129.445513,28.380371],[129.445588,28.380279],[129.445675,28.380196],[129.44575,28.380129],[129.44585,28.380046],[129.445888,28.380021],[129.445963,28.379971],[129.44605,28.379979],[129.446188,28.379996],[129.446338,28.380013],[129.4466,28.380038],[129.446638,28.380096],[129.4467,28.380213],[129.4468,28.380263],[129.446925,28.380363],[129.447025,28.380388],[129.447113,28.380413],[129.447225,28.380438],[129.447425,28.380546],[129.448025,28.380788],[129.448612,28.381038],[129.449112,28.381338],[129.449537,28.381638],[129.450075,28.382004],[129.450412,28.382296],[129.45045,28.382371],[129.449987,28.383096],[129.4501,28.383679],[129.450287,28.384171],[129.45005,28.384362],[129.449662,28.384646],[129.449275,28.38487],[129.449087,28.385154],[129.448862,28.385554],[129.448612,28.385804],[129.448387,28.386029],[129.448212,28.38647],[129.448087,28.38697],[129.448037,28.387112],[129.447787,28.387204],[129.447387,28.387429],[129.447387,28.38757],[129.447412,28.387853],[129.447425,28.388287],[129.447487,28.388628],[129.447587,28.38887],[129.447737,28.389045],[129.447962,28.389195],[129.448187,28.389428],[129.448362,28.389703],[129.448487,28.389912],[129.44855,28.389995],[129.448687,28.390095],[129.448787,28.390278],[129.449025,28.390687],[129.44915,28.390837],[129.449425,28.390903],[129.449712,28.391161],[129.449974,28.391386],[129.450274,28.39162],[129.450612,28.391761],[129.450999,28.39192],[129.451124,28.392095],[129.451187,28.392253],[129.451324,28.392236],[129.451412,28.392295],[129.451999,28.392695],[129.451962,28.392778],[129.452224,28.393036],[129.452412,28.393011],[129.452499,28.393236],[129.452762,28.393728],[129.452949,28.394095],[129.452999,28.394345],[129.453012,28.394511],[129.453137,28.394869],[129.453249,28.395028],[129.453299,28.395094],[129.453374,28.395286],[129.453512,28.395678],[129.453674,28.396203],[129.453887,28.396853],[129.454024,28.397203],[129.454361,28.397719],[129.454549,28.398111],[129.454724,28.398594],[129.454911,28.398877],[129.454899,28.398986],[129.454849,28.399211],[129.454836,28.399327],[129.454849,28.399686],[129.454611,28.399877],[129.454599,28.399961],[129.454386,28.400227],[129.454174,28.400361],[129.454086,28.400561],[129.454099,28.400719],[129.454186,28.400902],[129.454236,28.400994],[129.454249,28.40111],[129.454286,28.401285],[129.454286,28.401819],[129.454286,28.402569],[129.454299,28.403077],[129.454411,28.403577],[129.454524,28.40421],[129.454649,28.404927],[129.454874,28.405718],[129.454986,28.406185],[129.454999,28.40661],[129.454924,28.407027],[129.455061,28.407343],[129.455174,28.407502],[129.455586,28.40876],[129.455636,28.408968],[129.455286,28.409126],[129.455436,28.409351],[129.455799,28.40956],[129.456198,28.41111],[129.456336,28.411226],[129.456448,28.411401],[129.456723,28.41156],[129.457048,28.411393],[129.457148,28.41141],[129.457436,28.411468],[129.458061,28.41156],[129.458573,28.41171],[129.458748,28.411935],[129.458786,28.412001],[129.459061,28.411935],[129.459273,28.412026],[129.459561,28.412035],[129.459711,28.41206],[129.459923,28.412101],[129.460023,28.41216],[129.460248,28.412185],[129.460398,28.41226],[129.460473,28.412293],[129.460698,28.412343],[129.460885,28.412268],[129.461248,28.41231],[129.461498,28.412235],[129.461773,28.412335],[129.46201,28.412185],[129.462498,28.412318],[129.46286,28.41256],[129.46276,28.412843],[129.462623,28.413168],[129.462848,28.413485],[129.46321,28.413676],[129.463773,28.413835],[129.463973,28.413735],[129.46406,28.413435],[129.46411,28.413151],[129.464185,28.413018],[129.464335,28.412918],[129.464423,28.412918],[129.464523,28.41291],[129.464648,28.41286],[129.464698,28.412843],[129.46476,28.41281],[129.464835,28.41276],[129.46496,28.412651],[129.465023,28.412593],[129.465135,28.412501],[129.465235,28.412426],[129.465435,28.412285],[129.465535,28.412235],[129.46561,28.412185],[129.465698,28.412143],[129.465823,28.412101],[129.465973,28.41206],[129.466073,28.412043],[129.466273,28.41201],[129.46651,28.411951],[129.466622,28.411926],[129.466897,28.411868],[129.46706,28.411835],[129.467135,28.41181],[129.467285,28.411776],[129.467922,28.411793],[129.468172,28.411702],[129.468285,28.41156],[129.468472,28.41136],[129.468922,28.410993],[129.469297,28.410827],[129.46961,28.410802],[129.469922,28.41056],[129.470185,28.410177],[129.470385,28.40981],[129.470747,28.409393],[129.470972,28.40881],[129.47131,28.408219],[129.471435,28.407694],[129.471222,28.407377],[129.470785,28.407077],[129.470222,28.40671],[129.469647,28.406327],[129.469335,28.406119],[129.469135,28.405819],[129.468847,28.405452],[129.468873,28.405002],[129.46851,28.404511],[129.468285,28.404102],[129.467898,28.403761],[129.467448,28.403319],[129.467373,28.402919],[129.467435,28.402569],[129.467173,28.402202],[129.467023,28.401944],[129.46736,28.401869],[129.46751,28.401852],[129.467573,28.401986],[129.467798,28.401919],[129.467885,28.402061],[129.473372,28.400944],[129.473572,28.400836],[129.473735,28.400819],[129.473935,28.400769],[129.474035,28.400803],[129.474272,28.401136],[129.474385,28.401186],[129.474722,28.401286],[129.474997,28.401186],[129.475185,28.400978],[129.475422,28.400645],[129.475834,28.400453],[129.476022,28.40042],[129.476334,28.40057],[129.476434,28.400611],[129.476609,28.400245],[129.476697,28.399928],[129.476797,28.399686],[129.476922,28.39967],[129.477034,28.399911],[129.477122,28.399945],[129.477509,28.400086],[129.477972,28.400153],[129.478659,28.400245],[129.479134,28.40027],[129.479559,28.40017],[129.479672,28.400136],[129.480034,28.400245],[129.480284,28.400311],[129.480834,28.400478],[129.481184,28.400595],[129.481709,28.40057],[129.481884,28.400478],[129.481921,28.40057],[129.481746,28.400961],[129.481434,28.401378],[129.481384,28.401645],[129.481396,28.40187],[129.481409,28.402036],[129.481446,28.402236],[129.481559,28.402619],[129.481771,28.403036],[129.481896,28.403386],[129.482159,28.403561],[129.482496,28.403753],[129.482746,28.403986],[129.483146,28.404194],[129.483384,28.404178],[129.483596,28.404178],[129.483884,28.404303],[129.484121,28.404436],[129.484421,28.404753],[129.484771,28.405136],[129.485083,28.405361],[129.485283,28.405761],[129.485471,28.406136],[129.485633,28.406294],[129.485796,28.406444],[129.485833,28.406603],[129.485633,28.407044],[129.485446,28.407394],[129.485258,28.407777],[129.485271,28.407886],[129.485408,28.408152],[129.485546,28.408544],[129.485733,28.408869],[129.485858,28.408936],[129.486071,28.408602],[129.486158,28.408602],[129.486408,28.408827],[129.486721,28.409186],[129.486933,28.409477],[129.487483,28.410161],[129.487746,28.410486],[129.487833,28.410727],[129.487846,28.410919],[129.488095,28.411269],[129.488333,28.411594],[129.48852,28.411744],[129.488758,28.411794],[129.489083,28.412002],[129.489233,28.41226],[129.489258,28.412419],[129.489508,28.412527],[129.489695,28.41271],[129.489758,28.412744],[129.489795,28.412785],[129.48982,28.412827],[129.489833,28.412852],[129.489858,28.412894],[129.489883,28.412935],[129.489958,28.412994],[129.489995,28.413019],[129.490058,28.413019],[129.490095,28.413002],[129.49017,28.412969],[129.49027,28.412869],[129.490358,28.412794],[129.490395,28.41276],[129.490433,28.412719],[129.490483,28.41266],[129.49052,28.41261],[129.49052,28.412552],[129.490745,28.412185],[129.490895,28.411861],[129.491083,28.411469],[129.49127,28.411019],[129.491433,28.410444],[129.491508,28.410077],[129.491683,28.409711],[129.491708,28.409519],[129.492233,28.409152],[129.492408,28.409061],[129.492545,28.409094],[129.492683,28.409078],[129.492958,28.408894],[129.493045,28.408786],[129.49312,28.408578],[129.493483,28.408269],[129.493783,28.408044],[129.494008,28.407803],[129.494083,28.407478],[129.49407,28.407311],[129.494195,28.407019],[129.494458,28.406661],[129.49467,28.406345],[129.494882,28.406086],[129.495057,28.405645],[129.495232,28.405328],[129.49527,28.405028],[129.49532,28.404561],[129.495357,28.404311],[129.495208,28.404103],[129.495058,28.403878],[129.49497,28.40337],[129.494958,28.403053],[129.49677,28.403095],[129.49667,28.40052],[129.495683,28.399695],[129.495695,28.399154],[129.49547,28.390296],[129.495408,28.387663],[129.495783,28.385588],[129.496483,28.385597],[129.49672,28.385413],[129.496583,28.385205],[129.496345,28.385405],[129.494783,28.385388],[129.494771,28.384947],[129.493896,28.385055],[129.493046,28.38418],[129.493121,28.384105],[129.493146,28.383947],[129.493258,28.383722],[129.493396,28.383497],[129.493658,28.383272],[129.493921,28.383047],[129.494196,28.382847],[129.494458,28.382697],[129.494608,28.382655],[129.496071,28.383722],[129.496658,28.38328],[129.496658,28.383205],[129.496596,28.383005],[129.495546,28.382039],[129.495483,28.382064],[129.494971,28.382214],[129.494646,28.38198],[129.495171,28.381655],[129.495221,28.381864],[129.496458,28.381522],[129.497246,28.381864],[129.49772,28.380789],[129.497878,28.380586],[129.498495,28.380664],[129.499495,28.381139],[129.499683,28.38188],[129.500058,28.381914],[129.50177,28.387638],[129.502657,28.387705],[129.503945,28.388471],[129.50397,28.38858],[129.504107,28.388871],[129.504407,28.389505],[129.50467,28.39008],[129.504932,28.390663],[129.505219,28.39128],[129.505519,28.391871],[129.505744,28.392396],[129.506194,28.393229],[129.506282,28.393546],[129.506444,28.393954],[129.506719,28.394371],[129.507157,28.394788],[129.507307,28.394988],[129.507694,28.395579],[129.507757,28.395979],[129.507907,28.396329],[129.507957,28.396554],[129.507974,28.396675],[129.508044,28.396862],[129.508319,28.397146],[129.508381,28.397446],[129.508394,28.397921],[129.508319,28.398387],[129.508044,28.398612],[129.507994,28.398929],[129.508044,28.399087],[129.507881,28.399196],[129.507831,28.399121],[129.507669,28.398804],[129.507569,28.398721],[129.506694,28.399121],[129.506244,28.399104],[129.506132,28.399345],[129.506207,28.399562],[129.506469,28.399962],[129.506694,28.400154],[129.507031,28.400595],[129.507356,28.400954],[129.507519,28.401004],[129.507631,28.400912],[129.507819,28.400654],[129.508094,28.400395],[129.508206,28.40027],[129.508219,28.400004],[129.508081,28.399579],[129.508081,28.399454],[129.508256,28.399371],[129.508594,28.399254],[129.508669,28.399321],[129.508744,28.399462],[129.508906,28.399579],[129.509056,28.399646],[129.509369,28.399587],[129.509694,28.399429],[129.510106,28.399412],[129.510481,28.399604],[129.510719,28.399637],[129.510894,28.399621],[129.511456,28.399296],[129.511881,28.399029],[129.512231,28.398829],[129.512718,28.398596],[129.513143,28.398487],[129.513481,28.398387],[129.513756,28.398354],[129.514218,28.398329],[129.514493,28.398354],[129.515068,28.398529],[129.515681,28.398721],[129.516156,28.398887],[129.516481,28.399029],[129.516668,28.399096],[129.516787,28.399147],[129.516481,28.399921],[129.516693,28.400554],[129.522792,28.399663],[129.52293,28.400096],[129.522492,28.400137],[129.52268,28.400521],[129.52288,28.400471],[129.523017,28.400937],[129.522792,28.400987],[129.523092,28.401487],[129.523092,28.401571],[129.521005,28.402096],[129.520943,28.402096],[129.520593,28.402021],[129.520605,28.402121],[129.520668,28.402346],[129.520655,28.402671],[129.520518,28.402904],[129.52018,28.403229],[129.519805,28.403395],[129.519418,28.403512],[129.51928,28.403595],[129.519668,28.403579],[129.520018,28.403562],[129.520405,28.40367],[129.520543,28.403787],[129.52033,28.403845],[129.519968,28.403829],[129.519593,28.40382],[129.519343,28.40382],[129.519105,28.403962],[129.51898,28.404154],[129.518805,28.404312],[129.51858,28.404312],[129.518293,28.404187],[129.51803,28.404245],[129.517805,28.404429],[129.517443,28.404854],[129.517018,28.405312],[129.516643,28.405603],[129.516043,28.40597],[129.515818,28.406087],[129.515355,28.406062],[129.514906,28.405987],[129.514493,28.405895],[129.514156,28.40592],[129.513893,28.406053],[129.513743,28.406162],[129.513181,28.405937],[129.513068,28.40602],[129.512956,28.406203],[129.512793,28.406512],[129.512681,28.406578],[129.512531,28.406703],[129.512343,28.406887],[129.512231,28.407095],[129.512056,28.407695],[129.511968,28.40827],[129.511856,28.408811],[129.511718,28.409411],[129.511518,28.409961],[129.511456,28.410395],[129.511381,28.411136],[129.511418,28.411603],[129.511493,28.411719],[129.511743,28.411828],[129.511931,28.412011],[129.512006,28.412394],[129.512068,28.412736],[129.512193,28.412969],[129.512418,28.413319],[129.512518,28.413644],[129.512456,28.414128],[129.512331,28.414511],[129.512393,28.414636],[129.512768,28.414569],[129.513093,28.414553],[129.513443,28.414761],[129.51363,28.415311],[129.513418,28.415727],[129.513493,28.416286],[129.513718,28.416586],[129.514055,28.416686],[129.514405,28.416761],[129.514705,28.416961],[129.514768,28.417477],[129.514518,28.418069],[129.51423,28.418477],[129.514043,28.418994],[129.513968,28.419452],[129.514105,28.419977],[129.514218,28.420327],[129.514218,28.420435],[129.51423,28.421927],[129.514505,28.422535],[129.514568,28.423285],[129.514493,28.423843],[129.51453,28.42416],[129.514705,28.424435],[129.515605,28.425227],[129.515855,28.42541],[129.516042,28.42566],[129.516242,28.426385],[129.516317,28.426452],[129.516692,28.42641],[129.517642,28.426127],[129.51793,28.425993],[129.518305,28.425743],[129.518455,28.425743],[129.518655,28.425835],[129.518805,28.425977],[129.51888,28.426202],[129.518867,28.426468],[129.518605,28.427618],[129.518605,28.427868],[129.51868,28.428118],[129.518505,28.428543],[129.518867,28.428935],[129.519092,28.429068],[129.519167,28.429226],[129.518992,28.430035],[129.518655,28.430551],[129.518455,28.430576],[129.51828,28.430643],[129.518105,28.430818],[129.517955,28.43091],[129.517505,28.43086],[129.51703,28.431035],[129.516817,28.43126],[129.516542,28.431151],[129.516267,28.431234],[129.516192,28.431509],[129.516242,28.431618],[129.516692,28.431601],[129.516717,28.431709],[129.516542,28.431826],[129.516342,28.432026],[129.516267,28.432226],[129.51643,28.432343],[129.516955,28.432501],[129.516755,28.432843],[129.516905,28.433043],[129.517055,28.433043],[129.517255,28.432959],[129.51733,28.432959],[129.517355,28.433093],[129.517167,28.433834],[129.516792,28.433809],[129.516567,28.433943],[129.516392,28.434259],[129.516442,28.434509],[129.516405,28.435209],[129.516455,28.435276],[129.51663,28.435342],[129.51698,28.435259],[129.517555,28.435467],[129.517655,28.435801],[129.51768,28.435959],[129.517442,28.436634],[129.517392,28.437159],[129.517667,28.437651],[129.517817,28.437792],[129.517879,28.438667],[129.518029,28.438942],[129.518479,28.439284],[129.518767,28.439734],[129.518817,28.439917],[129.518179,28.44075],[129.518054,28.440992],[129.518404,28.441425],[129.518979,28.4417],[129.519754,28.441959],[129.520029,28.442092],[129.520379,28.4423],[129.520729,28.442342],[129.521379,28.4426],[129.521554,28.442734],[129.521467,28.443792],[129.521304,28.444358],[129.521204,28.444533],[129.521379,28.44465],[129.521329,28.445058],[129.521717,28.445492],[129.522141,28.44585],[129.522741,28.446242],[129.523316,28.44645],[129.523441,28.4467],[129.523404,28.447258],[129.523629,28.447467],[129.523804,28.447508],[129.523954,28.447308],[129.524129,28.447333],[129.524254,28.44745],[129.524379,28.447425],[129.524429,28.447675],[129.524529,28.447875],[129.524704,28.447967],[129.524879,28.447967],[129.525004,28.4479],[129.525129,28.447633],[129.525066,28.447025],[129.525166,28.446525],[129.525404,28.445742],[129.525604,28.445609],[129.526004,28.44545],[129.526729,28.445325],[129.527216,28.4453],[129.528291,28.445559],[129.528541,28.445675],[129.529328,28.44595],[129.529553,28.446067],[129.529653,28.446292],[129.529628,28.446675],[129.529853,28.446875],[129.529753,28.447259],[129.529741,28.447534],[129.529891,28.447642],[129.529941,28.447642],[129.530141,28.447559],[129.530491,28.447625],[129.530841,28.447767],[129.530891,28.447767],[129.531166,28.447992],[129.531291,28.448375],[129.531516,28.448517],[129.531791,28.448542],[129.532516,28.448275],[129.53299,28.448234],[129.53334,28.448325],[129.533615,28.448459],[129.535115,28.449692],[129.535928,28.450467],[129.536028,28.450692],[129.536078,28.450983],[129.536053,28.45125],[129.535903,28.451383],[129.535515,28.451592],[129.53524,28.451808],[129.535015,28.452192],[129.53489,28.452325],[129.53439,28.4523],[129.534228,28.452575],[129.534178,28.452958],[129.53444,28.453766],[129.534715,28.454175],[129.53489,28.454266],[129.53509,28.454316],[129.535315,28.4542],[129.535453,28.453867],[129.535828,28.453917],[129.536665,28.454392],[129.537465,28.454492],[129.537927,28.454492],[129.538277,28.454542],[129.538727,28.4547],[129.53944,28.455133],[129.539815,28.45545],[129.54004,28.455683],[129.540165,28.456133],[129.539977,28.456541],[129.539852,28.456766],[129.539902,28.45715],[129.540027,28.457641],[129.54014,28.457958],[129.540265,28.4581],[129.540815,28.459116],[129.541227,28.459658],[129.541283,28.45975],[129.541327,28.459841],[129.541502,28.460066],[129.541652,28.460358],[129.541852,28.460408],[129.542027,28.460316],[129.542852,28.460141],[129.543002,28.460075],[129.543427,28.4604],[129.543702,28.460758],[129.544083,28.461743],[129.544114,28.461849],[129.544164,28.462499],[129.544189,28.462524],[129.544639,28.462324],[129.544864,28.4621],[129.545064,28.461991],[129.545264,28.461966],[129.545739,28.462175],[129.545789,28.46215],[129.545839,28.462016],[129.545802,28.461833],[129.545877,28.461741],[129.546177,28.461658],[129.546552,28.461483],[129.547639,28.460716],[129.547964,28.460133],[129.548314,28.459983],[129.548826,28.459941],[129.549176,28.459717],[129.549601,28.459292],[129.549651,28.459158],[129.549801,28.458975],[129.550089,28.458817],[129.550489,28.458642],[129.550839,28.458417],[129.551114,28.458175],[129.551426,28.457858],[129.551726,28.4573],[129.551976,28.456959],[129.552289,28.456734],[129.553064,28.45625],[129.553851,28.455617],[129.554126,28.455309],[129.554664,28.454409],[129.554889,28.454317],[129.554964,28.454234],[129.554939,28.453984],[129.554689,28.453801],[129.554664,28.453667],[129.554714,28.453301],[129.555026,28.452901],[129.555126,28.452559],[129.555501,28.452251],[129.555689,28.452051],[129.555838,28.451759],[129.555889,28.451417],[129.555864,28.451126],[129.556226,28.450701],[129.556901,28.450143],[129.557176,28.449959],[129.557288,28.449668],[129.557288,28.449101],[129.557238,28.448743],[129.557251,28.448293],[129.557576,28.448159],[129.558101,28.448068],[129.558526,28.448101],[129.559876,28.448351],[129.560951,28.448726],[129.561701,28.449068],[129.562276,28.449251],[129.562825,28.44926],[129.562925,28.449418],[129.563025,28.44971],[129.562763,28.450968],[129.562525,28.451351],[129.5621,28.451843],[129.561876,28.452043],[129.561613,28.452451],[129.561288,28.453218],[129.561276,28.453534],[129.561351,28.453776],[129.561725,28.454301],[129.5617,28.454592],[129.561775,28.454909],[129.561888,28.455134],[129.561863,28.455276],[129.561513,28.455876],[129.561413,28.456242],[129.561825,28.457576],[129.561975,28.457751],[129.562213,28.457959],[129.562513,28.458326],[129.562663,28.458709],[129.562888,28.458892],[129.563138,28.458892],[129.564025,28.458042],[129.564475,28.457659],[129.564988,28.457117],[129.565438,28.456717],[129.565763,28.456542],[129.566038,28.456451],[129.566488,28.456476],[129.568212,28.456651],[129.568712,28.456743],[129.569137,28.456901],[129.569787,28.457359],[129.570012,28.457742],[129.57065,28.458626],[129.57065,28.458901],[129.570525,28.459301],[129.5705,28.459642],[129.570625,28.459909],[129.571012,28.460567],[129.571062,28.460659],[129.571362,28.460909],[129.571587,28.461251],[129.571912,28.461476],[129.572815,28.462526],[129.572665,28.463201],[129.573037,28.463675],[129.574474,28.465242],[129.575774,28.466284],[129.576374,28.46665],[129.577474,28.467109],[129.578999,28.46755],[129.579424,28.467667],[129.580374,28.467609],[129.580649,28.467809],[129.580711,28.468259],[129.580861,28.468284],[129.581111,28.468175],[129.581399,28.468134],[129.581674,28.468134],[129.581949,28.467975],[129.582324,28.467667],[129.582699,28.467551],[129.583299,28.467467],[129.583761,28.467317],[129.584061,28.467267],[129.584386,28.467209],[129.584486,28.467142],[129.585161,28.466984],[129.585924,28.466542],[129.586124,28.466634],[129.586424,28.466609],[129.586923,28.466701],[129.587348,28.466642],[129.587923,28.466734],[129.588298,28.466892],[129.588598,28.467209],[129.588736,28.467642],[129.588761,28.467826],[129.588986,28.468092],[129.589011,28.468526],[129.589123,28.469001],[129.589248,28.469359],[129.590148,28.470334],[129.590836,28.470884],[129.591036,28.471292],[129.591286,28.471492],[129.591536,28.471634],[129.592111,28.472109],[129.592536,28.472359],[129.593698,28.472934],[129.594273,28.473476],[129.594798,28.474225],[129.594898,28.474342],[129.595285,28.474925],[129.59576,28.474909],[129.596235,28.475],[129.59636,28.475],[129.596723,28.474784],[129.597423,28.474534],[129.597723,28.474401],[129.598048,28.474359],[129.598698,28.474459],[129.599123,28.474659],[129.599373,28.474934],[129.599373,28.475159],[129.599572,28.475226],[129.599797,28.475026],[129.600185,28.474601],[129.600385,28.474509],[129.600685,28.474492],[129.60171,28.474567],[129.602835,28.474934],[129.604585,28.475243],[129.608184,28.475809],[129.610559,28.476076],[129.611722,28.476151],[129.611822,28.476176],[129.611784,28.476626],[129.613134,28.477151],[129.613184,28.477043],[129.611934,28.476559],[129.612022,28.475835],[129.612247,28.475901],[129.612297,28.476085],[129.612447,28.47611],[129.613072,28.47611],[129.613197,28.475935],[129.613197,28.475885],[129.613497,28.47596],[129.613922,28.476393],[129.614521,28.47691],[129.615021,28.477185],[129.615409,28.47746],[129.615659,28.477576],[129.615834,28.477576],[129.615959,28.477668],[129.616109,28.477626],[129.616296,28.47751],[129.616771,28.477401],[129.617071,28.477401],[129.617371,28.477335],[129.617796,28.477343],[129.618246,28.47721],[129.619484,28.476701],[129.619709,28.47666],[129.620059,28.476727],[129.620334,28.47691],[129.620646,28.477493],[129.620921,28.477743],[129.621846,28.477935],[129.621921,28.478068],[129.621946,28.478226],[129.622146,28.478226],[129.622346,28.478185],[129.622371,28.478027],[129.622183,28.477577],[129.622371,28.47636],[129.622371,28.475977],[129.622271,28.475502],[129.622146,28.475318],[129.621646,28.475002],[129.620996,28.474793],[129.620671,28.474652],[129.620159,28.47416],[129.619659,28.47341],[129.619609,28.473252],[129.619409,28.472935],[129.619034,28.472618],[129.618996,28.47241],[129.619071,28.472118],[129.619196,28.471735],[129.619296,28.47126],[129.619709,28.470135],[129.620446,28.469035],[129.620834,28.468519],[129.621059,28.468302],[129.621559,28.467944],[129.621609,28.467811],[129.621446,28.467336],[129.621296,28.467061],[129.621121,28.466836],[129.620921,28.466719],[129.620696,28.466694],[129.620071,28.466711],[129.619846,28.466761],[129.619721,28.466894],[129.619346,28.466936],[129.619071,28.466844],[129.618859,28.466886],[129.618609,28.466977],[129.618284,28.466927],[129.618034,28.466769],[129.617722,28.466402],[129.617597,28.466061],[129.617572,28.465677],[129.617447,28.465544],[129.617222,28.465452],[129.616947,28.465402],[129.616622,28.465402],[129.616347,28.465494],[129.616097,28.465644],[129.615797,28.46571],[129.615447,28.465735],[129.615122,28.465644],[129.614847,28.46546],[129.614597,28.465094],[129.614222,28.464394],[129.613384,28.463302],[129.613184,28.463011],[129.613034,28.462694],[129.612984,28.462427],[129.614297,28.461394],[129.614034,28.461102],[129.613322,28.461436],[129.613397,28.461661],[129.613147,28.461794],[129.612972,28.461569],[129.612672,28.461586],[129.612447,28.461361],[129.611897,28.460969],[129.611535,28.460561],[129.611035,28.459594],[129.610772,28.458869],[129.61051,28.457403],[129.610385,28.457086],[129.60986,28.456286],[129.60971,28.456019],[129.60961,28.455903],[129.609335,28.455786],[129.609022,28.455611],[129.608185,28.455486],[129.608097,28.455461],[129.607897,28.455328],[129.607772,28.455128],[129.607522,28.454894],[129.607297,28.454761],[129.606497,28.454461],[129.606048,28.454144],[129.605823,28.453844],[129.605485,28.453103],[129.60526,28.452419],[129.605235,28.452128],[129.605285,28.451928],[129.605273,28.451861],[129.605073,28.451861],[129.605023,28.451678],[129.604948,28.450686],[129.605121,28.450668],[129.605123,28.450594],[129.60526,28.449445],[129.605235,28.449086],[129.605198,28.448653],[129.60531,28.44762],[129.60526,28.44712],[129.60541,28.446878],[129.605335,28.446628],[129.605185,28.446603],[129.605035,28.446536],[129.604985,28.446328],[129.605048,28.445928],[129.605798,28.445162],[129.60611,28.444737],[129.606285,28.444403],[129.606723,28.443028],[129.606648,28.442462],[129.606385,28.441945],[129.606335,28.441854],[129.60636,28.441587],[129.606873,28.440687],[129.607423,28.439787],[129.60756,28.43947],[129.60751,28.439204],[129.607048,28.437937],[129.607023,28.437621],[129.607048,28.437187],[129.60686,28.436696],[129.60661,28.436304],[129.60641,28.435721],[129.60631,28.435562],[129.60611,28.435512],[129.60591,28.435554],[129.605685,28.435762],[129.605535,28.435896],[129.605285,28.435712],[129.605085,28.435662],[129.605011,28.435687],[129.605011,28.435571],[129.605061,28.435437],[129.604836,28.435412],[129.604711,28.435571],[129.604486,28.435662],[129.603711,28.435854],[129.603273,28.435904],[129.602723,28.435787],[129.602148,28.435845],[129.601823,28.435937],[129.601548,28.436045],[129.601423,28.43602],[129.601198,28.435887],[129.600573,28.435812],[129.600098,28.435445],[129.599923,28.435429],[129.599548,28.435629],[129.599223,28.43567],[129.598598,28.43562],[129.598248,28.435662],[129.598148,28.435704],[129.598023,28.435929],[129.597811,28.436354],[129.597611,28.43647],[129.597411,28.43647],[129.597161,28.436395],[129.596911,28.43637],[129.596761,28.436395],[129.596586,28.43637],[129.596486,28.436212],[129.596348,28.435487],[129.596224,28.43427],[129.596261,28.433704],[129.596336,28.43337],[129.596711,28.433145],[129.597423,28.432746],[129.597523,28.432587],[129.597271,28.432345],[129.597098,28.432221],[129.596874,28.431971],[129.596774,28.431746],[129.596736,28.431096],[129.596786,28.430804],[129.596961,28.430512],[129.597249,28.430196],[129.597998,28.429596],[129.598048,28.429521],[129.597998,28.429387],[129.597724,28.429229],[129.597099,28.429071],[129.596399,28.428996],[129.596024,28.428987],[129.595699,28.428946],[129.594799,28.428579],[129.594499,28.428304],[129.594436,28.427946],[129.593386,28.426987],[129.592936,28.426762],[129.592374,28.426237],[129.592199,28.425713],[129.592174,28.424838],[129.592311,28.424704],[129.593186,28.424396],[129.593411,28.424346],[129.593536,28.424279],[129.593686,28.424104],[129.593824,28.423538],[129.593899,28.422771],[129.594386,28.422013],[129.594261,28.421646],[129.593836,28.421305],[129.593499,28.420896],[129.592749,28.42033],[129.592699,28.420063],[129.592574,28.419796],[129.592749,28.41973],[129.590874,28.417105],[129.590687,28.416655],[129.590537,28.415813],[129.590437,28.414738],[129.590149,28.41413],[129.589799,28.41358],[129.589812,28.413447],[129.589962,28.413372],[129.590062,28.413322],[129.594349,28.412489],[129.594449,28.412547],[129.594787,28.412747],[129.595649,28.413247],[129.596274,28.413622],[129.596549,28.414022],[129.596661,28.41448],[129.596561,28.414922],[129.596361,28.415588],[129.596124,28.416155],[129.595724,28.416447],[129.595236,28.416738],[129.594699,28.416797],[129.594061,28.416597],[129.593249,28.416363],[129.592749,28.416463],[129.592812,28.416663],[129.593237,28.416938],[129.593799,28.417097],[129.594461,28.41733],[129.594924,28.417597],[129.595474,28.418005],[129.596111,28.418563],[129.596549,28.418722],[129.596799,28.418713],[129.597161,28.418272],[129.597511,28.417497],[129.597786,28.416813],[129.598074,28.41638],[129.598261,28.41588],[129.598524,28.415364],[129.598911,28.415022],[129.599499,28.414947],[129.600011,28.41488],[129.600099,28.41463],[129.600275,28.414531],[129.600524,28.414664],[129.601074,28.414922],[129.601699,28.414864],[129.601961,28.41498],[129.602086,28.415339],[129.602049,28.415772],[129.601961,28.416405],[129.602011,28.416814],[129.602161,28.417338],[129.602124,28.417772],[129.602036,28.418188],[129.602086,28.418738],[129.602111,28.419372],[129.602211,28.419688],[129.602449,28.419788],[129.602436,28.420005],[129.602286,28.420313],[129.602249,28.420438],[129.601911,28.421297],[129.601873,28.421572],[129.602123,28.421863],[129.602148,28.422113],[129.601861,28.42328],[129.601586,28.423596],[129.601536,28.423821],[129.601561,28.423938],[129.602198,28.424663],[129.602298,28.42493],[129.602298,28.425205],[129.602248,28.425496],[129.602336,28.425855],[129.602486,28.426105],[129.602636,28.426246],[129.603061,28.426471],[129.603111,28.426671],[129.602811,28.427171],[129.602773,28.427396],[129.602848,28.427554],[129.602998,28.427646],[129.603598,28.427829],[129.603673,28.427829],[129.603723,28.428096],[129.603648,28.428346],[129.603336,28.428863],[129.603186,28.429179],[129.602948,28.430438],[129.602923,28.430938],[129.602961,28.431612],[129.603086,28.431796],[129.603836,28.432162],[129.604036,28.432296],[129.604111,28.432362],[129.604411,28.432412],[129.604961,28.432304],[129.605261,28.432354],[129.605861,28.432579],[129.606061,28.432738],[129.606111,28.432987],[129.606211,28.433079],[129.606585,28.433104],[129.606985,28.433263],[129.60776,28.433496],[129.608135,28.433746],[129.608535,28.434113],[129.60876,28.434271],[129.609435,28.434454],[129.610698,28.435071],[129.611173,28.435329],[129.611298,28.435488],[129.611348,28.435754],[129.611473,28.436029],[129.611523,28.436071],[129.612048,28.436254],[129.612348,28.436396],[129.612623,28.436646],[129.612735,28.436962],[129.61296,28.437254],[129.61311,28.437304],[129.61326,28.437254],[129.613385,28.437054],[129.613648,28.436446],[129.613873,28.436246],[129.614123,28.436004],[129.614348,28.435779],[129.614535,28.435529],[129.61456,28.435304],[129.614535,28.435213],[129.61406,28.434604],[129.613935,28.434554],[129.61376,28.434304],[129.613798,28.433788],[129.613723,28.433671],[129.613448,28.433646],[129.613248,28.433671],[129.612923,28.433488],[129.612473,28.433054],[129.612598,28.432563],[129.612385,28.432129],[129.612435,28.432021],[129.61251,28.431971],[129.61306,28.432088],[129.61366,28.432071],[129.61406,28.432121],[129.61436,28.43208],[129.614835,28.432288],[129.615285,28.432538],[129.615485,28.432605],[129.61586,28.432655],[129.616185,28.432613],[129.616435,28.432405],[129.61666,28.432188],[129.61691,28.43203],[129.617023,28.432005],[129.617373,28.43203],[129.61761,28.432213],[129.617785,28.432438],[129.617835,28.432755],[129.617785,28.433455],[129.61791,28.433588],[129.617972,28.43398],[129.617947,28.434563],[129.618022,28.434854],[129.618147,28.434946],[129.618472,28.434996],[129.618697,28.434996],[129.619022,28.435113],[129.619497,28.435404],[129.61971,28.435796],[129.61981,28.436338],[129.619735,28.436604],[129.619585,28.436854],[129.619072,28.437229],[129.618622,28.437704],[129.618397,28.437813],[129.618297,28.438038],[129.61836,28.438129],[129.61866,28.438288],[129.619035,28.438379],[129.61921,28.438471],[129.619435,28.438946],[129.619685,28.439313],[129.61981,28.439721],[129.619797,28.440346],[129.619722,28.440637],[129.619622,28.440821],[129.61916,28.441221],[129.61841,28.441646],[129.61811,28.441846],[129.617935,28.442071],[129.617772,28.442412],[129.617522,28.44322],[129.617397,28.443487],[129.61696,28.443737],[129.61616,28.444312],[129.616097,28.444904],[129.616222,28.445512],[129.616197,28.445604],[129.616097,28.445687],[129.615597,28.445795],[129.615535,28.446179],[129.615285,28.446454],[129.61536,28.447078],[129.615485,28.447328],[129.615622,28.447445],[129.615572,28.447512],[129.615572,28.44767],[129.615722,28.447962],[129.615872,28.447962],[129.615947,28.447828],[129.615847,28.447537],[129.616047,28.447512],[129.616285,28.447562],[129.616522,28.447653],[129.616697,28.447787],[129.616822,28.44797],[129.616872,28.448378],[129.616997,28.44847],[129.617497,28.448495],[129.618497,28.448387],[129.619297,28.44842],[129.619597,28.448462],[129.620022,28.448629],[129.620272,28.448879],[129.620422,28.449129],[129.620497,28.449445],[129.620397,28.449778],[129.620322,28.449895],[129.620309,28.450028],[129.620547,28.450053],[129.620459,28.450545],[129.620534,28.450912],[129.620684,28.450912],[129.620784,28.450778],[129.620959,28.450303],[129.621022,28.450078],[129.621297,28.449987],[129.622722,28.449954],[129.622849,28.449944],[129.623122,28.449904],[129.623359,28.44987],[129.623709,28.449887],[129.623959,28.44992],[129.624247,28.450012],[129.624484,28.450054],[129.624722,28.450029],[129.624909,28.449879],[129.625034,28.449687],[129.625084,28.449504],[129.624922,28.449295],[129.624784,28.449104],[129.624734,28.44887],[129.624659,28.448637],[129.624434,28.448429],[129.624384,28.448237],[129.624447,28.44802],[129.624747,28.447645],[129.624934,28.447487],[129.625259,28.447162],[129.625559,28.446946],[129.625697,28.446846],[129.626297,28.446562],[129.626847,28.446362],[129.627222,28.446279],[129.627559,28.446179],[129.627972,28.446062],[129.628272,28.446046],[129.628609,28.446079],[129.628747,28.446187],[129.628822,28.446496],[129.628959,28.446637],[129.629097,28.446687],[129.629234,28.446637],[129.629259,28.446487],[129.629372,28.446379],[129.629484,28.446312],[129.629522,28.446196],[129.629522,28.446096],[129.629397,28.446021],[129.629084,28.445962],[129.628859,28.445896],[129.628684,28.445846],[129.628647,28.445737],[129.628459,28.445554],[129.628284,28.445496],[129.628209,28.445329],[129.628159,28.445154],[129.628072,28.445021],[129.627872,28.444804],[129.627609,28.444612],[129.627422,28.444537],[129.627159,28.444321],[129.626984,28.444046],[129.626959,28.443754],[129.626972,28.443521],[129.627009,28.443304],[129.627084,28.443088],[129.627222,28.442729],[129.627572,28.441913],[129.627797,28.441621],[129.627984,28.441179],[129.628084,28.440679],[129.628147,28.440488],[129.628122,28.440338],[129.628022,28.440113],[129.627784,28.439929],[129.627534,28.439713],[129.627384,28.439488],[129.627347,28.439205],[129.627384,28.439071],[129.627422,28.438955],[129.627547,28.438538],[129.627722,28.438146],[129.627997,28.437796],[129.628284,28.437496],[129.628597,28.43723],[129.628884,28.436996],[129.629322,28.43668],[129.629584,28.436521],[129.629997,28.436188],[129.630272,28.435947],[129.630284,28.435855],[129.630234,28.435713],[129.630109,28.435597],[129.629947,28.435513],[129.629559,28.435497],[129.629197,28.435555],[129.628834,28.43538],[129.628634,28.435205],[129.628547,28.435147],[129.628397,28.43503],[129.628122,28.434855],[129.627885,28.43468],[129.62761,28.43438],[129.627397,28.434138],[129.62711,28.433822],[129.627022,28.433747],[129.626785,28.433538],[129.62666,28.433455],[129.626497,28.433313],[129.62636,28.433172],[129.626185,28.433005],[129.625785,28.432722],[129.625472,28.432488],[129.625272,28.432397],[129.62506,28.432372],[129.62471,28.432188],[129.624297,28.431855],[129.62406,28.431647],[129.623897,28.431372],[129.623722,28.431147],[129.623622,28.431072],[129.62336,28.430922],[129.623247,28.430905],[129.623022,28.430838],[129.62286,28.430763],[129.621572,28.43003],[129.620697,28.429597],[129.620322,28.429372],[129.620072,28.429163],[129.619498,28.428397],[129.61906,28.42758],[129.61901,28.42733],[129.618623,28.426197],[129.618598,28.425414],[129.61866,28.424397],[129.618785,28.424039],[129.619023,28.423655],[129.619373,28.42278],[129.619585,28.42208],[129.619985,28.421522],[129.620098,28.421231],[129.62026,28.420414],[129.620648,28.419914],[129.62086,28.419489],[129.620848,28.419214],[129.620673,28.418956],[129.620585,28.418731],[129.620635,28.418622],[129.620923,28.418556],[129.621123,28.418397],[129.621248,28.417956],[129.62146,28.417564],[129.622148,28.416923],[129.62301,28.416698],[129.623423,28.416531],[129.623873,28.416314],[129.624198,28.416064],[129.624548,28.415873],[129.624998,28.415664],[129.625673,28.415406],[129.625973,28.415315],[129.62621,28.415273],[129.626598,28.415148],[129.627073,28.414973],[129.627635,28.414781],[129.627923,28.414756],[129.62831,28.414681],[129.628948,28.414565],[129.629485,28.414548],[129.629898,28.414573],[129.63056,28.414565],[129.63126,28.414698],[129.631823,28.414773],[129.632397,28.414865],[129.633185,28.415106],[129.633835,28.415431],[129.63436,28.415573],[129.635072,28.41569],[129.63556,28.415698],[129.636222,28.415748],[129.636935,28.415798],[129.637447,28.416023],[129.63796,28.416165],[129.63856,28.416298],[129.639072,28.41639],[129.63951,28.416557],[129.639697,28.416773],[129.639935,28.41734],[129.639885,28.417906],[129.63996,28.418206],[129.640285,28.418323],[129.640785,28.418506],[129.641335,28.418823],[129.641635,28.419156],[129.641872,28.419548],[129.641897,28.419823],[129.641785,28.420323],[129.641772,28.42044],[129.64176,28.42054],[129.641697,28.420848],[129.641572,28.421156],[129.641397,28.421456],[129.641309,28.421598],[129.641334,28.421756],[129.641297,28.421931],[129.641347,28.422048],[129.641397,28.42214],[129.641709,28.422398],[129.641947,28.422573],[129.642159,28.422765],[129.642409,28.422965],[129.642722,28.42319],[129.643047,28.423531],[129.643172,28.423898],[129.643297,28.424306],[129.643397,28.424748],[129.643422,28.425014],[129.643409,28.425306],[129.643372,28.425481],[129.643272,28.425823],[129.643084,28.426123],[129.642809,28.426523],[129.642597,28.426989],[129.642434,28.427206],[129.642097,28.427564],[129.641759,28.427839],[129.641697,28.428073],[129.641834,28.428131],[129.642209,28.428289],[129.642409,28.428306],[129.642822,28.428606],[129.643009,28.428739],[129.643347,28.428981],[129.643447,28.429081],[129.643472,28.429298],[129.643584,28.429631],[129.643722,28.429897],[129.643759,28.430222],[129.643672,28.430556],[129.643422,28.431072],[129.643284,28.431131],[129.643084,28.430856],[129.642897,28.430839],[129.642809,28.430889],[129.642734,28.431039],[129.642647,28.431189],[129.642622,28.431339],[129.642684,28.431506],[129.642797,28.431556],[129.642847,28.431806],[129.642847,28.431972],[129.643147,28.432072],[129.643259,28.432389],[129.643422,28.432514],[129.643671,28.432431],[129.643984,28.432331],[129.644359,28.432472],[129.645134,28.432639],[129.645746,28.432831],[129.645884,28.432914],[129.646071,28.433347],[129.646296,28.433747],[129.646434,28.433939],[129.646659,28.433831],[129.646996,28.433631],[129.647184,28.433472],[129.647284,28.433381],[129.647109,28.433006],[129.646684,28.432656],[129.646446,28.432539],[129.646384,28.432381],[129.646321,28.431939],[129.646146,28.431497],[129.646159,28.431381],[129.646284,28.431131],[129.646471,28.430831],[129.646559,28.430614],[129.646596,28.430423],[129.646459,28.429998],[129.646159,28.429514],[129.645959,28.429148],[129.645947,28.429056],[129.645984,28.428973],[129.646072,28.428798],[129.646259,28.428431],[129.646459,28.428198],[129.647122,28.427873],[129.647472,28.427573],[129.647972,28.427448],[129.648609,28.427456],[129.649046,28.427589],[129.649409,28.427506],[129.649634,28.427623],[129.650534,28.42769],[129.650634,28.427665],[129.650721,28.427331],[129.650534,28.42699],[129.650346,28.426623],[129.650309,28.426273],[129.650259,28.425856],[129.650284,28.425498],[129.650547,28.425165],[129.651122,28.424631],[129.651597,28.423881],[129.651772,28.423457],[129.651809,28.423232],[129.651722,28.422723],[129.651747,28.422282],[129.651947,28.421998],[129.652047,28.421923],[129.652084,28.42199],[129.652334,28.422298],[129.652609,28.422432],[129.652934,28.422523],[129.653471,28.42264],[129.653709,28.422548],[129.653996,28.422807],[129.654009,28.422915],[129.653646,28.422823],[129.653496,28.423257],[129.655709,28.424523],[129.655871,28.424565],[129.655946,28.425115],[129.656196,28.425707],[129.656121,28.42589],[129.656121,28.426157],[129.656371,28.426448],[129.656396,28.426606],[129.656109,28.42694],[129.655784,28.427123],[129.655659,28.427198],[129.655684,28.427348],[129.655834,28.427315],[129.656096,28.42714],[129.656371,28.427073],[129.656784,28.427056],[129.657109,28.427265],[129.657221,28.427373],[129.657246,28.427648],[129.657384,28.428365],[129.657334,28.428656],[129.657109,28.42884],[129.656984,28.428923],[129.656971,28.42919],[129.657234,28.42954],[129.657609,28.430131],[129.657846,28.430515],[129.658083,28.43064],[129.658358,28.430698],[129.658446,28.430873],[129.658583,28.431298],[129.658583,28.431431],[129.658546,28.431515],[129.658671,28.431656],[129.658796,28.431948],[129.658808,28.432464],[129.658833,28.432656],[129.658708,28.432906],[129.658621,28.433248],[129.658683,28.433698],[129.658708,28.433923],[129.658771,28.434339],[129.658833,28.434831],[129.658796,28.435381],[129.658596,28.435989],[129.658433,28.436548],[129.658258,28.436889],[129.658121,28.437222],[129.658008,28.437389],[129.657408,28.437497],[129.657296,28.437356],[129.656958,28.437206],[129.656858,28.437206],[129.656608,28.437272],[129.656321,28.437647],[129.655946,28.438189],[129.655633,28.438872],[129.655483,28.439122],[129.655196,28.439356],[129.655083,28.439397],[129.654883,28.439414],[129.654508,28.439314],[129.654083,28.439322],[129.653908,28.439447],[129.653696,28.439905],[129.653608,28.440305],[129.653358,28.440722],[129.653033,28.44073],[129.652783,28.440847],[129.652408,28.441172],[129.652133,28.441472],[129.651871,28.441922],[129.651596,28.442664],[129.651608,28.44298],[129.651783,28.44313],[129.651746,28.443347],[129.651721,28.44363],[129.651458,28.443597],[129.651108,28.443697],[129.650758,28.444113],[129.650821,28.444347],[129.650946,28.444538],[129.651158,28.444613],[129.651305,28.444564],[129.651371,28.444738],[129.651521,28.445147],[129.651621,28.445663],[129.651658,28.446422],[129.651608,28.446847],[129.651283,28.44748],[129.650946,28.447988],[129.650683,28.448471],[129.650533,28.448646],[129.650296,28.448646],[129.649921,28.448438],[129.649558,28.448371],[129.649321,28.44848],[129.649008,28.448713],[129.648758,28.448555],[129.648558,28.448555],[129.648296,28.448955],[129.648383,28.449196],[129.648446,28.449563],[129.648371,28.449688],[129.648421,28.44988],[129.648696,28.450196],[129.648858,28.45068],[129.649221,28.45118],[129.649383,28.451196],[129.649658,28.451463],[129.650195,28.451955],[129.650108,28.452038],[129.649845,28.452338],[129.649833,28.452771],[129.649908,28.453088],[129.64967,28.453213],[129.64982,28.453388],[129.650483,28.454113],[129.651083,28.454796],[129.651445,28.455138],[129.651783,28.455538],[129.652008,28.455863],[129.65217,28.456263],[129.652158,28.456729],[129.65197,28.457296],[129.651708,28.457688],[129.65137,28.457771],[129.651033,28.457746],[129.65082,28.457829],[129.650895,28.458312],[129.65077,28.458371],[129.650345,28.458462],[129.65022,28.458612],[129.649808,28.459046],[129.64952,28.459471],[129.64947,28.459662],[129.64967,28.459712],[129.649695,28.459837],[129.64977,28.460304],[129.650083,28.460712],[129.650208,28.460787],[129.650133,28.461387],[129.64997,28.461579],[129.64997,28.461821],[129.650133,28.462395],[129.650295,28.462995],[129.650345,28.463579],[129.65037,28.46417],[129.650382,28.464804],[129.650357,28.465362],[129.650245,28.465787],[129.650045,28.46632],[129.64977,28.46672],[129.649482,28.466862],[129.648982,28.46707],[129.64852,28.467287],[129.648095,28.467645],[129.64802,28.468112],[129.648157,28.468145],[129.648545,28.468253],[129.64907,28.46852],[129.649495,28.468645],[129.650095,28.468303],[129.65012,28.468162],[129.650257,28.468137],[129.650995,28.468095],[129.65172,28.46812],[129.652345,28.468228],[129.65252,28.468287],[129.653082,28.468212],[129.65347,28.468279],[129.653745,28.468037],[129.65387,28.46782],[129.65392,28.467429],[129.653857,28.466962],[129.653845,28.466487],[129.653945,28.46607],[129.654095,28.46572],[129.654245,28.465337],[129.654495,28.464945],[129.654857,28.464779],[129.655032,28.464546],[129.655082,28.463996],[129.65502,28.463579],[129.654932,28.463146],[129.654857,28.462771],[129.65482,28.462571],[129.65467,28.462371],[129.654545,28.462129],[129.654495,28.461862],[129.654495,28.461429],[129.654657,28.461129],[129.655145,28.460762],[129.655782,28.460504],[129.656157,28.460163],[129.656495,28.459904],[129.657007,28.459746],[129.65752,28.459663],[129.657995,28.459546],[129.658245,28.459413],[129.658495,28.458988],[129.658957,28.458513],[129.659395,28.458229],[129.659532,28.457863],[129.659395,28.457563],[129.659045,28.457179],[129.658732,28.456805],[129.658607,28.45653],[129.658632,28.456205],[129.658682,28.455696],[129.65892,28.45508],[129.659195,28.454671],[129.65952,28.454113],[129.659595,28.453988],[129.65977,28.453705],[129.659945,28.45333],[129.660108,28.45278],[129.660108,28.45213],[129.659908,28.45153],[129.659895,28.451397],[129.66007,28.451255],[129.660458,28.450905],[129.660733,28.450497],[129.660783,28.450097],[129.660645,28.44983],[129.660633,28.44958],[129.66097,28.449247],[129.661345,28.448963],[129.661558,28.448597],[129.66137,28.447739],[129.661033,28.44748],[129.660995,28.447314],[129.660883,28.446839],[129.66072,28.446489],[129.660758,28.446264],[129.661008,28.445847],[129.661283,28.445314],[129.661545,28.44488],[129.661833,28.444539],[129.662295,28.443939],[129.662795,28.443497],[129.663095,28.443281],[129.663483,28.443031],[129.663933,28.442822],[129.66437,28.442506],[129.664545,28.442139],[129.66462,28.441781],[129.664708,28.441447],[129.664783,28.441181],[129.664683,28.440864],[129.664545,28.440481],[129.664745,28.440189],[129.66497,28.439864],[129.665158,28.439639],[129.665345,28.439406],[129.665783,28.439114],[129.666158,28.438931],[129.666458,28.438856],[129.667058,28.438814],[129.667633,28.438881],[129.66827,28.439048],[129.668833,28.439264],[129.669283,28.439523],[129.669833,28.439764],[129.670433,28.440098],[129.671008,28.440414],[129.671483,28.440773],[129.671795,28.441064],[129.672095,28.441481],[129.672332,28.441798],[129.67252,28.442139],[129.672532,28.442464],[129.672495,28.442564],[129.672282,28.442764],[129.67197,28.442914],[129.671732,28.442981],[129.67147,28.443181],[129.671182,28.443472],[129.670945,28.443839],[129.670682,28.444289],[129.67047,28.444464],[129.670332,28.444656],[129.670207,28.444956],[129.67002,28.445264],[129.669945,28.445406],[129.66917,28.445256],[129.66932,28.444897],[129.669632,28.444539],[129.669895,28.444347],[129.669682,28.444306],[129.669445,28.444372],[129.669245,28.444497],[129.66907,28.444739],[129.668882,28.445089],[129.66877,28.445347],[129.668782,28.445747],[129.668832,28.446106],[129.66887,28.446506],[129.668882,28.44688],[129.66892,28.447139],[129.66832,28.447464],[129.668345,28.447305],[129.668207,28.447155],[129.668045,28.447197],[129.667857,28.447522],[129.667745,28.44798],[129.667632,28.448389],[129.66737,28.44863],[129.667207,28.448764],[129.667282,28.449022],[129.66757,28.449489],[129.66777,28.449972],[129.667982,28.450455],[129.668207,28.45083],[129.668332,28.451122],[129.668407,28.451488],[129.668432,28.451663],[129.668445,28.451847],[129.668395,28.452047],[129.668295,28.452255],[129.668107,28.452413],[129.66792,28.452563],[129.667745,28.452897],[129.667707,28.453322],[129.667795,28.45368],[129.667882,28.45398],[129.66782,28.454188],[129.667657,28.454322],[129.667532,28.454463],[129.667695,28.454988],[129.667795,28.455338],[129.667882,28.455547],[129.667982,28.455497],[129.668257,28.45538],[129.668532,28.455163],[129.66867,28.454797],[129.668707,28.454622],[129.669045,28.45453],[129.669307,28.454513],[129.669545,28.454655],[129.669707,28.454938],[129.670045,28.455197],[129.670369,28.455405],[129.670719,28.455605],[129.671182,28.455813],[129.671557,28.45603],[129.671907,28.456255],[129.672232,28.456497],[129.672557,28.456755],[129.672894,28.457063],[129.673219,28.457538],[129.673382,28.457805],[129.673669,28.458105],[129.673869,28.458213],[129.673919,28.458846],[129.673732,28.458896],[129.673644,28.459005],[129.673632,28.459396],[129.673757,28.459846],[129.674032,28.460196],[129.674169,28.460446],[129.674157,28.460663],[129.674107,28.460871],[129.674119,28.461155],[129.674182,28.461546],[129.674232,28.462088],[129.674169,28.462546],[129.674057,28.462804],[129.673932,28.462704],[129.673582,28.462779],[129.673282,28.463079],[129.673244,28.463379],[129.673019,28.463538],[129.672619,28.462938],[129.671919,28.463163],[129.671857,28.463204],[129.671544,28.462629],[129.671344,28.462779],[129.671719,28.463321],[129.671494,28.463288],[129.671307,28.463371],[129.671169,28.463646],[129.671107,28.464063],[129.671094,28.464221],[129.671044,28.464329],[129.670944,28.464488],[129.671007,28.464746],[129.671307,28.465096],[129.671482,28.465379]]],"type":"Polygon"}},{"type":"Feature","properties":{"kuni":"大隅","id":"G70011","kuni_url":"/kg/resource/K70.html","id_url":"G70011.html","kuni_id":"K70","pref":"鹿児島県","name":"大島","yomi":"おおしま"},"geometry":{"type":"Polygon","coordinates":[[[130.011692,28.3354],[130.011479,28.335442],[130.011342,28.335409],[130.011242,28.335425],[130.011229,28.335575],[130.011154,28.335575],[130.011154,28.335842],[130.011079,28.335992],[130.011142,28.336117],[130.010992,28.3363],[130.010979,28.336367],[130.010692,28.336558],[130.010529,28.336517],[130.010392,28.3367],[130.010267,28.336717],[130.010204,28.337017],[130.010154,28.337125],[130.010042,28.337283],[130.009929,28.337358],[130.009867,28.337517],[130.009667,28.337575],[130.009704,28.33775],[130.009592,28.337817],[130.009679,28.337958],[130.009917,28.338025],[130.009979,28.338067],[130.010129,28.338083],[130.010242,28.338075],[130.010317,28.338133],[130.010392,28.338133],[130.010467,28.338333],[130.010542,28.338425],[130.010504,28.338517],[130.010542,28.338642],[130.010367,28.338758],[130.010167,28.338733],[130.010004,28.338825],[130.009867,28.338742],[130.009492,28.338775],[130.009317,28.338767],[130.009079,28.338808],[130.008829,28.338867],[130.008604,28.339033],[130.008579,28.33925],[130.008454,28.339375],[130.008467,28.339475],[130.008379,28.339533],[130.008104,28.339683],[130.007729,28.339775],[130.007205,28.339833],[130.006905,28.3398],[130.006567,28.339683],[130.006155,28.339458],[130.005955,28.339275],[130.00588,28.339175],[130.005855,28.339091],[130.005755,28.33885],[130.00568,28.338541],[130.00578,28.338283],[130.006017,28.338133],[130.006167,28.338042],[130.006442,28.337983],[130.006442,28.337917],[130.006492,28.337825],[130.00663,28.33775],[130.006892,28.337708],[130.00698,28.337692],[130.00713,28.337617],[130.007217,28.337508],[130.00738,28.337442],[130.00758,28.337383],[130.00778,28.337325],[130.00788,28.337233],[130.007967,28.337242],[130.008055,28.337225],[130.00813,28.337175],[130.008167,28.337125],[130.00818,28.337108],[130.008279,28.337108],[130.008354,28.337075],[130.008604,28.337],[130.008567,28.336908],[130.008642,28.336867],[130.008779,28.336658],[130.008879,28.336592],[130.008879,28.336492],[130.008842,28.3364],[130.008904,28.336367],[130.008942,28.336125],[130.008917,28.335992],[130.008867,28.3359],[130.008954,28.335817],[130.009017,28.335634],[130.009092,28.335475],[130.009142,28.335392],[130.009129,28.335309],[130.009079,28.335242],[130.008967,28.335217],[130.008804,28.335292],[130.008692,28.335292],[130.008605,28.335317],[130.008567,28.3352],[130.008555,28.335092],[130.008567,28.33495],[130.008517,28.334859],[130.008542,28.334775],[130.00848,28.334625],[130.008405,28.334525],[130.008417,28.334509],[130.00848,28.334425],[130.008392,28.334234],[130.008292,28.3342],[130.008205,28.334134],[130.008092,28.33405],[130.007967,28.333867],[130.007905,28.3338],[130.007855,28.333875],[130.007767,28.33375],[130.007542,28.333575],[130.007542,28.333642],[130.007392,28.333267],[130.007392,28.33305],[130.00713,28.333042],[130.007117,28.333117],[130.007242,28.333134],[130.007292,28.333442],[130.007367,28.333709],[130.007305,28.333909],[130.00753,28.333984],[130.007205,28.334225],[130.007105,28.334175],[130.006955,28.334117],[130.006855,28.334175],[130.006805,28.334067],[130.006705,28.334042],[130.00663,28.334042],[130.006555,28.33405],[130.006517,28.333992],[130.00618,28.334025],[130.006117,28.33395],[130.006042,28.333917],[130.006005,28.333984],[130.00593,28.334092],[130.005905,28.334167],[130.005217,28.333667],[130.00518,28.333609],[130.004205,28.334383],[130.004267,28.3346],[130.003855,28.33475],[130.003492,28.335183],[130.003405,28.335542],[130.003392,28.33575],[130.003093,28.335683],[130.003018,28.33585],[130.00248,28.335708],[130.002393,28.335692],[130.002343,28.33585],[130.002793,28.336025],[130.003043,28.335867],[130.003355,28.336042],[130.003192,28.336383],[130.003042,28.336708],[130.002917,28.337125],[130.002892,28.337241],[130.002755,28.337558],[130.002255,28.337391],[130.001705,28.337241],[130.001543,28.337125],[130.00143,28.336825],[130.001118,28.336433],[130.00083,28.336217],[130.000868,28.3361],[130.000955,28.335933],[130.00103,28.33585],[130.001155,28.335842],[130.00118,28.335742],[130.001255,28.335583],[130.001618,28.335592],[130.001993,28.33545],[130.00248,28.334192],[130.00238,28.334117],[130.002168,28.334442],[130.001518,28.334258],[130.002006,28.33258],[130.001818,28.332575],[130.001905,28.332317],[130.001943,28.33215],[130.002043,28.332034],[130.002143,28.331909],[130.002318,28.331775],[130.00288,28.331634],[130.003405,28.331625],[130.003868,28.331609],[130.004105,28.331567],[130.00433,28.331517],[130.004492,28.331409],[130.004492,28.331275],[130.004368,28.331167],[130.004343,28.331084],[130.004305,28.330975],[130.004517,28.330975],[130.004742,28.331075],[130.00498,28.33095],[130.004942,28.330859],[130.004867,28.330617],[130.00488,28.330434],[130.004967,28.330259],[130.005067,28.3301],[130.00523,28.330059],[130.00543,28.330126],[130.005517,28.330092],[130.00563,28.329967],[130.00558,28.329826],[130.00543,28.329701],[130.005155,28.329592],[130.004967,28.329601],[130.004755,28.329667],[130.004568,28.329792],[130.004393,28.329959],[130.004293,28.330084],[130.003618,28.329925],[130.003618,28.329859],[130.003718,28.329659],[130.003768,28.329484],[130.003743,28.329367],[130.003655,28.329309],[130.003455,28.329201],[130.00318,28.329101],[130.00298,28.329042],[130.002943,28.328959],[130.00293,28.328851],[130.002918,28.328776],[130.002818,28.328492],[130.002668,28.328317],[130.002605,28.328167],[130.002593,28.328101],[130.002593,28.327976],[130.002443,28.327851],[130.002243,28.327767],[130.002055,28.327726],[130.00193,28.327709],[130.00188,28.327567],[130.001868,28.327442],[130.001905,28.327367],[130.00203,28.327192],[130.002093,28.327101],[130.002118,28.326876],[130.002043,28.326651],[130.00203,28.326492],[130.001955,28.326126],[130.001955,28.325892],[130.001893,28.325576],[130.001905,28.325409],[130.001918,28.325309],[130.001918,28.325217],[130.001793,28.325142],[130.001643,28.325309],[130.001555,28.325509],[130.00138,28.325451],[130.00143,28.325309],[130.001568,28.325059],[130.001693,28.324867],[130.001743,28.324801],[130.001693,28.324559],[130.001455,28.323318],[130.001305,28.323359],[130.001106,28.323426],[130.000893,28.323451],[130.000756,28.323409],[130.000706,28.323343],[130.000743,28.323159],[130.000856,28.323051],[130.000931,28.323051],[130.001068,28.323059],[130.001156,28.322951],[130.001193,28.322826],[130.001156,28.322701],[130.001068,28.322651],[130.000918,28.322609],[130.000756,28.322559],[130.000506,28.322551],[130.000331,28.322551],[130.000193,28.322576],[130.000068,28.322584],[129.999931,28.322543],[129.999981,28.322418],[130.000106,28.322351],[130.000293,28.322359],[130.000468,28.322326],[130.000631,28.322309],[130.000793,28.322268],[130.000931,28.322084],[130.000931,28.321951],[130.000843,28.321851],[130.000731,28.321851],[130.000468,28.321726],[130.000468,28.321618],[130.000393,28.321159],[130.000331,28.320768],[130.000268,28.320459],[130.000256,28.32006],[129.998506,28.317776],[129.998181,28.317335],[129.997818,28.317148],[129.997681,28.316918],[129.997419,28.31666],[129.996881,28.316185],[129.996481,28.315985],[129.996319,28.315635],[129.996306,28.315343],[129.995956,28.315218],[129.995731,28.315268],[129.995406,28.31531],[129.995144,28.315276],[129.994906,28.315168],[129.994744,28.315035],[129.994581,28.314885],[129.994244,28.314385],[129.993931,28.313868],[129.993444,28.313335],[129.993206,28.31316],[129.992957,28.312968],[129.992882,28.312893],[129.992669,28.312518],[129.992469,28.312243],[129.992282,28.31196],[129.992019,28.311343],[129.991782,28.310952],[129.991394,28.310568],[129.990944,28.310227],[129.990457,28.309818],[129.989969,28.309402],[129.989544,28.30911],[129.989244,28.308918],[129.989032,28.308527],[129.988995,28.308269],[129.988895,28.307594],[129.988995,28.307144],[129.989207,28.30676],[129.98892,28.306452],[129.988632,28.306252],[129.988507,28.306044],[129.988407,28.305869],[129.988195,28.305485],[129.987907,28.30521],[129.98742,28.305194],[129.987195,28.305277],[129.986795,28.305485],[129.986645,28.30546],[129.986582,28.30531],[129.98687,28.305127],[129.986957,28.304694],[129.98627,28.304877],[129.986195,28.304852],[129.986332,28.304444],[129.986545,28.304452],[129.986932,28.304394],[129.987082,28.304052],[129.987295,28.303461],[129.98612,28.303194],[129.986457,28.303111],[129.987107,28.303027],[129.987382,28.302694],[129.987432,28.302261],[129.98712,28.301744],[129.986782,28.301544],[129.986357,28.301477],[129.986457,28.301219],[129.986482,28.300919],[129.986407,28.300744],[129.985982,28.300694],[129.985358,28.300902],[129.985195,28.300919],[129.98512,28.300536],[129.985158,28.300461],[129.984933,28.300544],[129.984633,28.300861],[129.98437,28.301152],[129.984183,28.301261],[129.984008,28.301077],[129.983895,28.300719],[129.983945,28.300327],[129.984333,28.300227],[129.984433,28.300261],[129.984458,28.300169],[129.984483,28.299778],[129.984645,28.299819],[129.984845,28.300169],[129.985158,28.300352],[129.985358,28.300277],[129.985383,28.300136],[129.98522,28.299886],[129.98507,28.299736],[129.985145,28.299428],[129.984833,28.299244],[129.98457,28.299069],[129.984458,28.298978],[129.984445,28.298828],[129.98442,28.298261],[129.984195,28.297736],[129.983833,28.297144],[129.983683,28.296436],[129.98357,28.295978],[129.98327,28.295428],[129.982995,28.294953],[129.98272,28.294478],[129.982333,28.293928],[129.982021,28.293545],[129.981771,28.293195],[129.981533,28.292728],[129.981258,28.292328],[129.981083,28.291878],[129.980721,28.291312],[129.980146,28.290712],[129.979833,28.290353],[129.979596,28.289937],[129.979246,28.289453],[129.978983,28.289212],[129.978683,28.288753],[129.978483,28.28832],[129.977746,28.287778],[129.977059,28.287578],[129.976571,28.287762],[129.976396,28.288078],[129.976271,28.288487],[129.975884,28.288728],[129.975846,28.289245],[129.976134,28.289795],[129.976184,28.290245],[129.976196,28.290361],[129.975671,28.290303],[129.975659,28.289812],[129.975234,28.289795],[129.974909,28.29022],[129.974771,28.290036],[129.975009,28.289653],[129.974996,28.28907],[129.975209,28.288545],[129.975346,28.288212],[129.975409,28.287803],[129.975246,28.28752],[129.975121,28.287462],[129.974921,28.287328],[129.974859,28.287045],[129.974696,28.286762],[129.974771,28.286512],[129.974621,28.286387],[129.974396,28.286112],[129.974509,28.28567],[129.973084,28.283762],[129.973072,28.283687],[129.969922,28.28237],[129.969434,28.282287],[129.969684,28.282812],[129.969297,28.282745],[129.969085,28.282529],[129.968885,28.282437],[129.968722,28.282379],[129.968585,28.282637],[129.968872,28.282795],[129.969084,28.282987],[129.968735,28.283045],[129.968597,28.282987],[129.968397,28.283129],[129.967985,28.283395],[129.967372,28.283687],[129.967272,28.283762],[129.966072,28.28342],[129.96586,28.283854],[129.966135,28.283929],[129.96626,28.28397],[129.966372,28.284237],[129.96641,28.284345],[129.966047,28.284953],[129.966597,28.285303],[129.96651,28.285403],[129.966135,28.285612],[129.965872,28.285745],[129.965697,28.285662],[129.96536,28.28572],[129.965122,28.285737],[129.96501,28.285653],[129.965122,28.285353],[129.96501,28.285078],[129.964735,28.285095],[129.964585,28.284903],[129.96491,28.284687],[129.964997,28.28402],[129.96531,28.283954],[129.965347,28.283654],[129.96476,28.283204],[129.964635,28.283129],[129.964172,28.283395],[129.964235,28.28387],[129.963935,28.283578],[129.963248,28.28327],[129.963398,28.28292],[129.963772,28.283112],[129.963885,28.282962],[129.964097,28.282679],[129.96421,28.282462],[129.964222,28.282154],[129.964197,28.281854],[129.964447,28.281579],[129.965085,28.282129],[129.96541,28.28187],[129.964972,28.28132],[129.964885,28.28122],[129.963848,28.28047],[129.96381,28.280404],[129.964223,28.280312],[129.964922,28.280854],[129.965185,28.280654],[129.964685,28.280104],[129.964298,28.280062],[129.964135,28.280004],[129.96396,28.279712],[129.963835,28.279487],[129.963773,28.279421],[129.96171,28.279287],[129.961535,28.279546],[129.961323,28.279629],[129.960498,28.27957],[129.959948,28.279504],[129.95976,28.279495],[129.959835,28.279637],[129.959835,28.279962],[129.959898,28.28007],[129.959748,28.279962],[129.959485,28.279762],[129.959498,28.279862],[129.95946,28.28027],[129.959348,28.280487],[129.959298,28.280362],[129.959073,28.279829],[129.958823,28.279454],[129.958661,28.279295],[129.958523,28.279062],[129.958361,28.278812],[129.958361,28.278737],[129.958548,28.278771],[129.958886,28.279004],[129.959073,28.279404],[129.95926,28.27957],[129.959385,28.279645],[129.959498,28.279587],[129.959385,28.279395],[129.959223,28.279062],[129.959136,28.278779],[129.958973,28.278596],[129.958836,28.278487],[129.958623,28.278512],[129.958061,28.278612],[129.957798,28.278496],[129.957773,28.278187],[129.958648,28.278246],[129.958623,28.277962],[129.957736,28.277946],[129.957636,28.277579],[129.958123,28.277504],[129.958223,28.277529],[129.958161,28.277462],[129.957948,28.277429],[129.957436,28.277321],[129.956836,28.277171],[129.956436,28.276937],[129.956198,28.276854],[129.956086,28.276846],[129.956011,28.276746],[129.956048,28.276462],[129.955823,28.276312],[129.955586,28.276504],[129.955561,28.276704],[129.955473,28.276729],[129.955348,28.276571],[129.955136,28.276354],[129.954923,28.276287],[129.954811,28.276029],[129.954736,28.275904],[129.954336,28.275804],[129.953736,28.275729],[129.953199,28.275671],[129.953011,28.275596],[129.952874,28.275454],[129.952249,28.275146],[129.951774,28.275079],[129.951686,28.275221],[129.952024,28.275396],[129.952361,28.275521],[129.952536,28.275846],[129.952549,28.276204],[129.952411,28.276321],[129.952036,28.276379],[129.951774,28.276479],[129.951661,28.276396],[129.951974,28.276046],[129.951911,28.275904],[129.951749,28.275712],[129.951611,28.275496],[129.951199,28.275379],[129.950799,28.275404],[129.950236,28.275496],[129.950061,28.275654],[129.949886,28.275912],[129.949624,28.276029],[129.949599,28.276329],[129.949811,28.276404],[129.950199,28.276446],[129.950711,28.276487],[129.950924,28.276329],[129.951249,28.276354],[129.951261,28.276487],[129.950999,28.276621],[129.950524,28.276654],[129.950211,28.276637],[129.949711,28.276571],[129.949386,28.276504],[129.949286,28.276462],[129.949036,28.276521],[129.948886,28.276462],[129.948749,28.276337],[129.948612,28.276254],[129.948599,28.276537],[129.948874,28.276879],[129.949161,28.277104],[129.949136,28.277395],[129.948936,28.27777],[129.948799,28.277995],[129.948487,28.27822],[129.948287,28.278295],[129.948162,28.278337],[129.948349,28.277295],[129.948612,28.277229],[129.948474,28.27697],[129.947837,28.27712],[129.947737,28.278287],[129.947462,28.278279],[129.947512,28.277887],[129.947374,28.277595],[129.947212,28.27727],[129.947224,28.277004],[129.947349,28.276854],[129.947312,28.276762],[129.947262,28.276629],[129.947374,28.276487],[129.947237,28.276354],[129.947162,28.276387],[129.946924,28.27662],[129.946762,28.276612],[129.946674,28.276562],[129.946699,28.276429],[129.947024,28.276196],[129.947299,28.276021],[129.947287,28.275762],[129.947199,28.275462],[129.947074,28.275312],[129.946712,28.275129],[129.946474,28.275154],[129.946324,28.275337],[129.946212,28.275554],[129.946124,28.275979],[129.945974,28.27607],[129.945524,28.27607],[129.945099,28.276054],[129.944862,28.275912],[129.944762,28.275746],[129.944749,28.275487],[129.945062,28.275354],[129.945287,28.275454],[129.945137,28.275587],[129.945087,28.275679],[129.945274,28.275737],[129.945487,28.275621],[129.945787,28.275521],[129.945987,28.275529],[129.946137,28.275454],[129.946162,28.275196],[129.946099,28.274979],[129.945924,28.274721],[129.945812,28.274571],[129.945587,28.274479],[129.944812,28.274287],[129.944287,28.274246],[129.944212,28.274246],[129.94365,28.274304],[129.943262,28.274387],[129.942725,28.274646],[129.942462,28.274854],[129.94225,28.275004],[129.941887,28.275171],[129.941675,28.275212],[129.9413,28.27542],[129.940812,28.27572],[129.940437,28.275929],[129.940775,28.276279],[129.940637,28.276262],[129.940337,28.276195],[129.940212,28.276187],[129.939987,28.276287],[129.939562,28.276487],[129.939175,28.276679],[129.938762,28.276904],[129.938362,28.27727],[129.938037,28.277662],[129.937787,28.278012],[129.937662,28.278328],[129.937525,28.27862],[129.937313,28.27887],[129.937125,28.279237],[129.936888,28.279687],[129.936638,28.280053],[129.936675,28.280378],[129.936738,28.280511],[129.936663,28.280561],[129.93655,28.28057],[129.936475,28.280636],[129.936275,28.28102],[129.9361,28.281386],[129.9359,28.281786],[129.935688,28.282186],[129.935613,28.282403],[129.935713,28.282528],[129.935738,28.282753],[129.9356,28.282869],[129.935338,28.283086],[129.9352,28.283228],[129.935025,28.283444],[129.935075,28.283619],[129.9354,28.283661],[129.935825,28.283569],[129.936,28.283653],[129.935963,28.283961],[129.936537,28.284086],[129.9368,28.284369],[129.937037,28.284678],[129.937112,28.284903],[129.936962,28.285128],[129.936712,28.285144],[129.936275,28.284953],[129.935963,28.284711],[129.935775,28.284403],[129.935688,28.284236],[129.93545,28.284061],[129.935175,28.283894],[129.934875,28.283828],[129.93475,28.283936],[129.934538,28.284194],[129.93435,28.284519],[129.93415,28.284903],[129.934125,28.285053],[129.934313,28.285153],[129.934238,28.285236],[129.934125,28.285319],[129.934013,28.285511],[129.933863,28.285736],[129.9337,28.286119],[129.933606,28.286309],[129.933288,28.286444],[129.932688,28.286902],[129.932938,28.287136],[129.932825,28.287152],[129.932725,28.287252],[129.932675,28.287519],[129.932288,28.287436],[129.932075,28.287569],[129.931988,28.287702],[129.93205,28.287819],[129.932013,28.288044],[129.931963,28.288394],[129.931413,28.288227],[129.931413,28.288469],[129.931375,28.288669],[129.931188,28.28876],[129.931388,28.288927],[129.931613,28.288969],[129.931575,28.289152],[129.931775,28.289402],[129.9317,28.289485],[129.931813,28.289735],[129.9312,28.289844],[129.931213,28.290044],[129.9314,28.290394],[129.931413,28.290752],[129.931175,28.291093],[129.930838,28.291318],[129.930488,28.291535],[129.930338,28.291752],[129.930088,28.29216],[129.9299,28.291952],[129.929775,28.291893],[129.929375,28.292018],[129.928901,28.29176],[129.928701,28.291743],[129.928626,28.291485],[129.928513,28.291302],[129.928076,28.291093],[129.927663,28.290968],[129.927388,28.290918],[129.927126,28.290827],[129.926826,28.290627],[129.926438,28.290802],[129.926451,28.291052],[129.926276,28.291185],[129.926151,28.291568],[129.925963,28.291618],[129.925651,28.291768],[129.925638,28.291852],[129.925726,28.291985],[129.925751,28.29236],[129.925676,28.292368],[129.925388,28.291935],[129.925238,28.292085],[129.925126,28.292493],[129.924926,28.292577],[129.924876,28.292193],[129.925138,28.291952],[129.924826,28.291785],[129.924638,28.291952],[129.924563,28.292068],[129.924513,28.29196],[129.924213,28.29171],[129.924001,28.29131],[129.923913,28.291043],[129.923813,28.290918],[129.923364,28.290593],[129.923026,28.290252],[129.922951,28.290193],[129.922864,28.29026],[129.922739,28.290152],[129.922651,28.289927],[129.922389,28.28966],[129.922164,28.289544],[129.921839,28.289485],[129.921539,28.289477],[129.921351,28.289452],[129.921214,28.289527],[129.920939,28.289569],[129.920714,28.289735],[129.920576,28.289902],[129.920326,28.290018],[129.920101,28.290127],[129.920026,28.290193],[129.919964,28.290368],[129.919789,28.290518],[129.919489,28.290827],[129.919351,28.29106],[129.919076,28.291418],[129.918914,28.291693],[129.918714,28.292035],[129.918551,28.292185],[129.918289,28.292427],[129.918289,28.29256],[129.918326,28.292843],[129.918226,28.292985],[129.918189,28.293135],[129.918014,28.29331],[129.917914,28.293618],[129.917901,28.29376],[129.917676,28.29371],[129.917601,28.29386],[129.917639,28.294176],[129.917714,28.294685],[129.917839,28.295076],[129.918039,28.29546],[129.918151,28.295659],[129.918551,28.295818],[129.918876,28.295784],[129.919226,28.295726],[129.919439,28.295693],[129.919576,28.295809],[129.919689,28.296009],[129.919751,28.296226],[129.919701,28.296501],[129.919639,28.296643],[129.919451,28.296868],[129.919126,28.297026],[129.918889,28.297076],[129.918526,28.297034],[129.918226,28.296809],[129.917989,28.296634],[129.917751,28.296384],[129.917426,28.296226],[129.917239,28.296101],[129.916851,28.295834],[129.916452,28.295676],[129.916164,28.295626],[129.915802,28.295726],[129.915589,28.295893],[129.915539,28.295959],[129.915389,28.296193],[129.915302,28.296676],[129.915302,28.296809],[129.915289,28.297076],[129.915227,28.297201],[129.915189,28.297359],[129.915302,28.297526],[129.915364,28.297584],[129.915439,28.297884],[129.915227,28.297934],[129.915114,28.298168],[129.915177,28.298301],[129.915127,28.298434],[129.915039,28.298592],[129.914864,28.298726],[129.914764,28.298959],[129.914764,28.299192],[129.914802,28.299409],[129.914764,28.299642],[129.914689,28.299717],[129.914639,28.300067],[129.914764,28.300242],[129.914839,28.300334],[129.914802,28.300392],[129.914652,28.300584],[129.914589,28.300651],[129.914564,28.300742],[129.914464,28.301192],[129.914439,28.301409],[129.914352,28.301684],[129.914264,28.301917],[129.914252,28.302025],[129.914377,28.30225],[129.914564,28.302334],[129.914314,28.302567],[129.914114,28.302675],[129.914064,28.30275],[129.914227,28.302884],[129.914302,28.30295],[129.914364,28.3031],[129.914352,28.303234],[129.914214,28.303467],[129.914177,28.303617],[129.914014,28.304134],[129.914052,28.304325],[129.914239,28.304459],[129.914064,28.3047],[129.913852,28.304967],[129.913739,28.305542],[129.913714,28.30595],[129.913739,28.306508],[129.913951,28.306608],[129.914026,28.3067],[129.914014,28.306767],[129.913851,28.307025],[129.913801,28.307242],[129.913839,28.307717],[129.913939,28.308042],[129.914189,28.308325],[129.914351,28.308483],[129.914239,28.308666],[129.914039,28.30875],[129.913976,28.308816],[129.914026,28.308933],[129.914114,28.309325],[129.914064,28.309541],[129.914126,28.30965],[129.914251,28.309775],[129.914339,28.310075],[129.914339,28.310166],[129.914251,28.310325],[129.914101,28.3104],[129.914051,28.31075],[129.914139,28.310933],[129.913914,28.311008],[129.913576,28.311033],[129.913389,28.311308],[129.913314,28.311566],[129.913314,28.311808],[129.913389,28.311999],[129.913464,28.312258],[129.913539,28.312649],[129.913964,28.313058],[129.913964,28.313116],[129.913976,28.313308],[129.914076,28.313666],[129.914201,28.313816],[129.914364,28.313899],[129.914476,28.314041],[129.914489,28.314124],[129.914551,28.314274],[129.914714,28.314341],[129.914951,28.314616],[129.915101,28.314924],[129.915251,28.315041],[129.915414,28.315282],[129.915676,28.315674],[129.916114,28.315574],[129.916301,28.315916],[129.916551,28.316191],[129.917051,28.316524],[129.917301,28.316641],[129.917463,28.316791],[129.917626,28.316957],[129.917888,28.316866],[129.918088,28.316724],[129.918276,28.316716],[129.918288,28.316866],[129.918213,28.317232],[129.918176,28.317607],[129.918201,28.317882],[129.918388,28.318166],[129.918713,28.318457],[129.918813,28.318574],[129.918913,28.318866],[129.918976,28.319157],[129.918838,28.31934],[129.918876,28.31959],[129.919113,28.319815],[129.919488,28.319982],[129.919876,28.320207],[129.921575,28.321199],[129.921688,28.321715],[129.921775,28.321882],[129.922,28.322032],[129.922138,28.322315],[129.922538,28.322507],[129.922813,28.322724],[129.923013,28.322699],[129.923238,28.322832],[129.923913,28.323215],[129.924213,28.323174],[129.924325,28.323182],[129.924563,28.323399],[129.924725,28.323399],[129.924813,28.323365],[129.924988,28.323449],[129.92515,28.323615],[129.925613,28.323799],[129.925663,28.323857],[129.926187,28.324082],[129.9264,28.324065],[129.9267,28.324107],[129.926987,28.324057],[129.927237,28.32424],[129.927475,28.32434],[129.927575,28.32434],[129.927912,28.324748],[129.927975,28.324907],[129.928225,28.325023],[129.928612,28.325098],[129.9289,28.325232],[129.929012,28.325373],[129.929137,28.325382],[129.9294,28.325307],[129.929687,28.325357],[129.930075,28.32559],[129.930387,28.325748],[129.930887,28.325765],[129.931137,28.325665],[129.931399,28.32584],[129.931587,28.325715],[129.931762,28.325748],[129.931962,28.325665],[129.932137,28.325732],[129.932187,28.325723],[129.932299,28.32559],[129.932574,28.325507],[129.932837,28.325249],[129.933124,28.325107],[129.933262,28.324974],[129.933449,28.324907],[129.933487,28.324815],[129.933437,28.324665],[129.933637,28.324674],[129.933787,28.32464],[129.934299,28.324032],[129.934324,28.323957],[129.934037,28.323699],[129.933949,28.323515],[129.934062,28.323132],[129.934274,28.322749],[129.934699,28.322399],[129.935199,28.322199],[129.935662,28.322132],[129.936362,28.322241],[129.936649,28.322382],[129.937287,28.322574],[129.937574,28.322807],[129.937724,28.323107],[129.937774,28.323399],[129.937761,28.32359],[129.937586,28.323624],[129.937511,28.324074],[129.937536,28.324224],[129.937274,28.324907],[129.937299,28.324957],[129.937161,28.325215],[129.936799,28.325224],[129.936599,28.325374],[129.936487,28.325824],[129.936686,28.325957],[129.937099,28.326015],[129.937536,28.326249],[129.938624,28.326907],[129.939111,28.326924],[129.939574,28.326865],[129.939974,28.326857],[129.940161,28.32689],[129.940549,28.326832],[129.940749,28.326615],[129.940986,28.32654],[129.941511,28.32674],[129.941798,28.326999],[129.942173,28.32724],[129.942773,28.327465],[129.943161,28.327515],[129.944248,28.327324],[129.944498,28.327315],[129.944823,28.327349],[129.945023,28.327399],[129.945111,28.327365],[129.945736,28.32729],[129.945973,28.327157],[129.946086,28.327157],[129.946461,28.327257],[129.946723,28.32729],[129.946911,28.327182],[129.947135,28.327132],[129.947198,28.32704],[129.94721,28.326799],[129.947148,28.326482],[129.947423,28.325532],[129.947548,28.325316],[129.947773,28.325341],[129.947948,28.325491],[129.948273,28.326207],[129.948373,28.326682],[129.948348,28.326799],[129.948098,28.327115],[129.948023,28.327307],[129.948123,28.327507],[129.948185,28.32754],[129.948335,28.327749],[129.948598,28.32784],[129.949073,28.327849],[129.94951,28.327682],[129.949848,28.327432],[129.950048,28.327149],[129.950123,28.326791],[129.95056,28.326432],[129.950723,28.326441],[129.951223,28.326566],[129.95166,28.326857],[129.952223,28.327332],[129.95261,28.327749],[129.952697,28.327907],[129.952785,28.328324],[129.952747,28.328532],[129.952585,28.328624],[129.952422,28.329015],[129.95236,28.329274],[129.952397,28.329882],[129.952635,28.330449],[129.952772,28.330482],[129.95281,28.330615],[129.95306,28.331049],[129.953247,28.331249],[129.953372,28.331332],[129.953772,28.331457],[129.953835,28.33159],[129.95381,28.331782],[129.954035,28.33209],[129.954422,28.332332],[129.955122,28.332515],[129.95556,28.332565],[129.955935,28.332699],[129.956134,28.332882],[129.956334,28.333174],[129.956709,28.33349],[129.956997,28.333548],[129.957097,28.33359],[129.957322,28.333923],[129.957509,28.333923],[129.957897,28.333807],[129.958122,28.33394],[129.958697,28.334124],[129.958872,28.334215],[129.959184,28.33424],[129.959722,28.334074],[129.959847,28.334157],[129.959859,28.334349],[129.959997,28.334648],[129.960322,28.33474],[129.960484,28.334724],[129.961021,28.334774],[129.961571,28.334707],[129.962059,28.334799],[129.962234,28.334957],[129.962534,28.335898],[129.962509,28.33624],[129.962809,28.336498],[129.962959,28.336807],[129.962934,28.337123],[129.962984,28.337532],[129.962934,28.337807],[129.962959,28.337915],[129.963121,28.33814],[129.963309,28.338482],[129.963796,28.338523],[129.964134,28.33864],[129.964384,28.338282],[129.964621,28.33819],[129.964896,28.338298],[129.965083,28.338548],[129.965483,28.338865],[129.965933,28.338982],[129.966233,28.338957],[129.966558,28.339073],[129.966721,28.339207],[129.967008,28.339565],[129.967333,28.340132],[129.967496,28.340398],[129.967958,28.34049],[129.968521,28.340765],[129.969321,28.34119],[129.969645,28.341307],[129.969995,28.341332],[129.970045,28.341307],[129.970233,28.341557],[129.97042,28.34169],[129.970583,28.34169],[129.970908,28.341782],[129.971308,28.34174],[129.971608,28.341782],[129.971745,28.341715],[129.97182,28.341307],[129.971983,28.341215],[129.972033,28.341215],[129.972195,28.341307],[129.972358,28.341832],[129.972758,28.342123],[129.973158,28.342165],[129.973858,28.34239],[129.974158,28.342532],[129.974532,28.342548],[129.974995,28.342732],[129.97542,28.343023],[129.97577,28.343407],[129.975957,28.343748],[129.97617,28.344023],[129.976332,28.344132],[129.976545,28.344565],[129.976545,28.344765],[129.976782,28.345148],[129.976845,28.34544],[129.97697,28.345648],[129.97697,28.34589],[129.977082,28.346115],[129.977295,28.346273],[129.977407,28.346548],[129.977807,28.346998],[129.977945,28.347181],[129.978207,28.34734],[129.97832,28.347515],[129.978744,28.347923],[129.978907,28.348148],[129.979232,28.348306],[129.979369,28.348581],[129.979582,28.34874],[129.979869,28.348756],[129.980144,28.34919],[129.981132,28.349798],[129.981169,28.349865],[129.981407,28.349798],[129.981894,28.349931],[129.982082,28.349956],[129.982669,28.350248],[129.983069,28.35034],[129.983369,28.350498],[129.983606,28.350681],[129.983769,28.350973],[129.983819,28.351156],[129.983981,28.351381],[129.984094,28.351898],[129.984169,28.352215],[129.984281,28.352331],[129.984519,28.35294],[129.984819,28.353181],[129.985244,28.353456],[129.985894,28.354039],[129.986594,28.354564],[129.987418,28.354906],[129.987856,28.355131],[129.988306,28.355464],[129.988818,28.356373],[129.989381,28.357298],[129.989568,28.357748],[129.989568,28.357839],[129.989756,28.358156],[129.989968,28.358423],[129.990156,28.358831],[129.990318,28.359081],[129.990531,28.359547],[129.990693,28.360181],[129.990881,28.360472],[129.991155,28.360722],[129.99148,28.361222],[129.991668,28.361381],[129.991718,28.361472],[129.99223,28.361947],[129.992768,28.362639],[129.99303,28.362914],[129.993355,28.363189],[129.993543,28.363497],[129.993805,28.363839],[129.994193,28.364156],[129.996117,28.365422],[129.99703,28.365989],[129.997542,28.366347],[129.997817,28.36656],[129.998292,28.366664],[129.998892,28.366789],[129.999392,28.366789],[129.99968,28.366547],[129.999967,28.366322],[130.000492,28.366406],[130.000767,28.366297],[130.000954,28.366006],[130.001104,28.365972],[130.001292,28.366164],[130.001429,28.366156],[130.001579,28.366089],[130.001779,28.365739],[130.001992,28.365356],[130.002367,28.365206],[130.002904,28.365247],[130.003129,28.365164],[130.003454,28.364814],[130.003717,28.364848],[130.003629,28.365181],[130.003429,28.365372],[130.003167,28.365581],[130.003129,28.365706],[130.002817,28.365897],[130.002629,28.366072],[130.003167,28.366389],[130.003117,28.366506],[130.003079,28.366581],[130.003229,28.367264],[130.003229,28.367556],[130.003629,28.367581],[130.003854,28.367614],[130.003929,28.367731],[130.003804,28.367889],[130.003629,28.368064],[130.003692,28.36838],[130.003792,28.368547],[130.004129,28.368456],[130.004467,28.368231],[130.004392,28.368464],[130.004117,28.368947],[130.004104,28.369089],[130.004654,28.369622],[130.004729,28.369822],[130.004879,28.370105],[130.005129,28.370547],[130.005391,28.370989],[130.005679,28.371322],[130.005854,28.371614],[130.005866,28.371872],[130.006041,28.372114],[130.006329,28.37238],[130.006391,28.372547],[130.006654,28.372955],[130.007116,28.373322],[130.007441,28.373505],[130.007904,28.373672],[130.008079,28.373822],[130.008404,28.374155],[130.008616,28.374355],[130.008816,28.37463],[130.009216,28.375047],[130.009391,28.375205],[130.009566,28.37538],[130.009816,28.375613],[130.010091,28.375788],[130.010166,28.375813],[130.010878,28.376088],[130.011478,28.37638],[130.011991,28.376622],[130.012316,28.376746],[130.012753,28.377005],[130.013453,28.377246],[130.013641,28.377313],[130.014441,28.377513],[130.01509,28.377655],[130.015428,28.377655],[130.015653,28.37763],[130.015865,28.377421],[130.015928,28.37718],[130.016053,28.376972],[130.016303,28.376997],[130.016353,28.377105],[130.016653,28.377471],[130.016753,28.377655],[130.017565,28.377863],[130.01779,28.37763],[130.01804,28.377813],[130.018665,28.378013],[130.01919,28.378038],[130.019828,28.377938],[130.020515,28.37778],[130.021252,28.377563],[130.021802,28.377322],[130.02254,28.377038],[130.023152,28.376838],[130.02354,28.376513],[130.023665,28.376188],[130.023677,28.376022],[130.023877,28.376038],[130.024227,28.37583],[130.024352,28.375655],[130.024577,28.375672],[130.02489,28.375489],[130.02514,28.375255],[130.025702,28.375039],[130.026477,28.374789],[130.027164,28.374505],[130.027702,28.374197],[130.028252,28.373764],[130.028827,28.373389],[130.029339,28.372989],[130.029902,28.372456],[130.030189,28.372206],[130.030514,28.371989],[130.030839,28.371664],[130.030939,28.371356],[130.031102,28.371197],[130.031202,28.371306],[130.031339,28.371447],[130.031564,28.371456],[130.031627,28.371281],[130.031589,28.371181],[130.031577,28.371031],[130.031602,28.370947],[130.032077,28.370731],[130.032552,28.370556],[130.032839,28.370356],[130.033152,28.369931],[130.033239,28.369548],[130.033589,28.369173],[130.033977,28.368789],[130.034202,28.368281],[130.034302,28.367698],[130.034377,28.367089],[130.034464,28.36654],[130.034564,28.365981],[130.034589,28.365623],[130.034589,28.365223],[130.034552,28.365065],[130.034477,28.364965],[130.034327,28.364856],[130.034114,28.364815],[130.033689,28.364823],[130.033027,28.364881],[130.032214,28.364873],[130.032064,28.364823],[130.031927,28.364715],[130.031877,28.364631],[130.031502,28.364198],[130.031464,28.363973],[130.031539,28.363581],[130.031664,28.36329],[130.031839,28.363132],[130.032152,28.363015],[130.032552,28.36304],[130.032902,28.363215],[130.033389,28.363523],[130.033802,28.363898],[130.034402,28.364248],[130.034714,28.364281],[130.034864,28.36404],[130.035064,28.363507],[130.035339,28.362815],[130.035564,28.362407],[130.035739,28.362007],[130.035677,28.361657],[130.035552,28.361048],[130.035452,28.360465],[130.035402,28.360249],[130.035289,28.359857],[130.035227,28.359615],[130.035002,28.359049],[130.034752,28.358399],[130.034539,28.357749],[130.034314,28.357082],[130.034214,28.356857],[130.034052,28.356732],[130.033927,28.356649],[130.033464,28.356491],[130.032952,28.356382],[130.032577,28.356341],[130.032277,28.356391],[130.031939,28.356607],[130.031414,28.356974],[130.03134,28.356874],[130.031415,28.356757],[130.031527,28.356616],[130.031277,28.356441],[130.03099,28.356399],[130.030777,28.356474],[130.03039,28.356749],[130.029877,28.357007],[130.029065,28.357199],[130.028365,28.357282],[130.02804,28.357324],[130.027927,28.357274],[130.02779,28.35719],[130.027727,28.357082],[130.027615,28.35689],[130.02754,28.356724],[130.027502,28.356507],[130.027627,28.355966],[130.02779,28.355649],[130.028027,28.355291],[130.028202,28.355141],[130.028652,28.355041],[130.029627,28.355132],[130.030527,28.355241],[130.03064,28.355182],[130.030627,28.354991],[130.03059,28.354824],[130.03054,28.354657],[130.030677,28.354507],[130.030902,28.354466],[130.031377,28.354674],[130.031552,28.354499],[130.031677,28.353916],[130.031702,28.353649],[130.03159,28.353316],[130.031327,28.352816],[130.031002,28.352308],[130.030752,28.351891],[130.030577,28.351591],[130.03034,28.351541],[130.030302,28.351466],[130.030165,28.351116],[130.029852,28.350883],[130.029627,28.350658],[130.029502,28.350433],[130.029015,28.350124],[130.028327,28.349874],[130.02789,28.349458],[130.02759,28.349049],[130.027315,28.348883],[130.027215,28.348916],[130.026615,28.348874],[130.025853,28.348583],[130.025303,28.348333],[130.024803,28.348266],[130.02429,28.348374],[130.023703,28.348583],[130.023453,28.348874],[130.023078,28.349124],[130.02294,28.349041],[130.02299,28.348874],[130.02314,28.348666],[130.02329,28.348341],[130.023378,28.347908],[130.023615,28.3475],[130.023865,28.347133],[130.023915,28.346925],[130.023765,28.346816],[130.02349,28.346641],[130.023278,28.346383],[130.023165,28.346041],[130.02314,28.345533],[130.02319,28.345225],[130.02324,28.344833],[130.02324,28.344716],[130.023128,28.3448],[130.022666,28.344941],[130.022403,28.345066],[130.022353,28.344991],[130.022353,28.344883],[130.022441,28.34475],[130.022728,28.344525],[130.022966,28.344175],[130.023053,28.343892],[130.023053,28.343533],[130.023016,28.343158],[130.022991,28.3428],[130.022903,28.342433],[130.022828,28.34225],[130.022666,28.341925],[130.022478,28.341675],[130.022366,28.341558],[130.022153,28.341367],[130.021991,28.341408],[130.021841,28.341367],[130.021878,28.341233],[130.022016,28.341033],[130.022066,28.3409],[130.021941,28.340808],[130.021428,28.340617],[130.021103,28.340542],[130.020878,28.340525],[130.020878,28.340417],[130.020916,28.340292],[130.020966,28.3401],[130.020928,28.33995],[130.020753,28.339883],[130.020491,28.33995],[130.020028,28.340025],[130.019928,28.339942],[130.020003,28.339833],[130.020291,28.339667],[130.020391,28.339517],[130.020341,28.3393],[130.019991,28.338959],[130.019816,28.338859],[130.019728,28.338909],[130.019603,28.338992],[130.019441,28.33895],[130.019516,28.3388],[130.019641,28.338642],[130.019653,28.338484],[130.019403,28.338167],[130.018966,28.3378],[130.018641,28.337525],[130.018415,28.337357],[130.018254,28.337325],[130.018004,28.337275],[130.017854,28.337184],[130.017791,28.337125],[130.017691,28.337117],[130.017629,28.3371],[130.017554,28.33705],[130.017379,28.337034],[130.017141,28.337017],[130.016991,28.336917],[130.016741,28.3368],[130.016466,28.336634],[130.016429,28.336567],[130.016291,28.336409],[130.016104,28.336417],[130.016004,28.336417],[130.015791,28.336259],[130.015579,28.335992],[130.015479,28.335834],[130.015154,28.335842],[130.014979,28.33595],[130.014866,28.33585],[130.014604,28.335892],[130.014441,28.335809],[130.014316,28.335767],[130.014192,28.335742],[130.013929,28.335717],[130.013829,28.335684],[130.013567,28.335734],[130.013354,28.335817],[130.013042,28.335742],[130.012979,28.335775],[130.012679,28.335725],[130.012454,28.335784],[130.012414,28.335788],[130.012354,28.335809],[130.012129,28.335667],[130.011967,28.335467],[130.011692,28.3354]]]}},{"type":"Feature","geometry":{"coordinates":[[[129.211597,28.164309],[129.211697,28.164242],[129.212259,28.163776],[129.212509,28.163659],[129.212734,28.163484],[129.213084,28.163351],[129.213484,28.163334],[129.213734,28.163401],[129.214009,28.163834],[129.214159,28.164192],[129.214334,28.164326],[129.214834,28.164534],[129.215559,28.164651],[129.216259,28.164542],[129.216634,28.164526],[129.216934,28.164526],[129.217584,28.164667],[129.218059,28.165076],[129.218209,28.165234],[129.218459,28.165284],[129.219334,28.165134],[129.219684,28.165159],[129.220058,28.165226],[129.220283,28.165317],[129.220833,28.165859],[129.221658,28.166184],[129.222083,28.166484],[129.222283,28.166751],[129.222533,28.167117],[129.222633,28.167226],[129.222833,28.167226],[129.222858,28.167251],[129.223158,28.167234],[129.223583,28.167126],[129.223708,28.166984],[129.223683,28.166826],[129.223358,28.166576],[129.223308,28.166351],[129.223346,28.165767],[129.223071,28.165176],[129.222771,28.164842],[129.222421,28.164542],[129.222296,28.164476],[129.222133,28.164226],[129.221908,28.163684],[129.221658,28.163434],[129.221533,28.163342],[129.221233,28.163251],[129.221009,28.163134],[129.220909,28.162817],[129.220871,28.162234],[129.220721,28.161826],[129.220221,28.161618],[129.220046,28.161484],[129.219921,28.161276],[129.219884,28.160351],[129.219909,28.160034],[129.219834,28.159793],[129.219834,28.159584],[129.220046,28.159159],[129.220571,28.158693],[129.220921,28.158443],[129.221359,28.158309],[129.221659,28.158309],[129.222109,28.158451],[129.222384,28.158701],[129.222596,28.158951],[129.222821,28.159159],[129.223321,28.159426],[129.223571,28.159518],[129.224196,28.159634],[129.224546,28.159509],[129.224683,28.159393],[129.224758,28.159218],[129.224755,28.159129],[129.224758,28.159059],[129.224733,28.158559],[129.224559,28.158059],[129.224646,28.157634],[129.225021,28.157318],[129.225321,28.157143],[129.225371,28.157051],[129.225659,28.156826],[129.225809,28.156676],[129.226034,28.156243],[129.226134,28.156001],[129.226371,28.15566],[129.226596,28.155485],[129.226971,28.155301],[129.227796,28.155243],[129.228546,28.15536],[129.229471,28.155568],[129.229696,28.155568],[129.230358,28.154943],[129.230958,28.154676],[129.231033,28.154276],[129.231046,28.153977],[129.231096,28.153843],[129.231271,28.15371],[129.232146,28.153627],[129.232596,28.153677],[129.233271,28.15386],[129.233821,28.154202],[129.233871,28.154402],[129.233733,28.155127],[129.233583,28.155418],[129.233633,28.156301],[129.23387,28.156951],[129.23382,28.157401],[129.233583,28.157918],[129.233608,28.158101],[129.233883,28.158468],[129.234058,28.158785],[129.234308,28.158876],[129.234483,28.158985],[129.234533,28.159101],[129.234633,28.159168],[129.234858,28.159168],[129.235058,28.159085],[129.235208,28.158926],[129.235283,28.158635],[129.23532,28.157843],[129.235395,28.157485],[129.23557,28.157235],[129.235695,28.157143],[129.235783,28.156943],[129.235808,28.156693],[129.236033,28.15656],[129.236058,28.156318],[129.235983,28.155977],[129.23612,28.155485],[129.23642,28.155235],[129.23652,28.154985],[129.23637,28.15476],[129.236483,28.154152],[129.236458,28.153902],[129.236483,28.15366],[129.236583,28.153435],[129.236833,28.153252],[129.23747,28.153052],[129.23772,28.152985],[129.23807,28.15301],[129.23822,28.152943],[129.23837,28.152793],[129.237795,28.152152],[129.237645,28.151977],[129.237708,28.151677],[129.238308,28.151119],[129.238683,28.150944],[129.239008,28.150835],[129.23937,28.150794],[129.24002,28.150752],[129.24012,28.15066],[129.24047,28.150502],[129.241095,28.150535],[129.24157,28.150602],[129.24222,28.150969],[129.243395,28.151135],[129.244395,28.151369],[129.24462,28.151394],[129.245245,28.151577],[129.24557,28.151735],[129.245845,28.15196],[129.24607,28.152302],[129.246145,28.152594],[129.246432,28.15321],[129.247207,28.153735],[129.247507,28.153985],[129.247807,28.15416],[129.248545,28.154035],[129.248882,28.153894],[129.249095,28.15376],[129.24922,28.153719],[129.24942,28.153735],[129.24972,28.153919],[129.25022,28.154294],[129.250532,28.154477],[129.250832,28.154885],[129.25092,28.155185],[129.250957,28.155594],[129.250994,28.155902],[129.251082,28.15606],[129.251444,28.156377],[129.251807,28.156635],[129.252119,28.156927],[129.252194,28.157202],[129.252219,28.157285],[129.252569,28.157319],[129.252669,28.157369],[129.252782,28.157577],[129.253057,28.15781],[129.253444,28.157852],[129.253957,28.157719],[129.254182,28.157602],[129.254357,28.157694],[129.254744,28.157977],[129.255207,28.158335],[129.255632,28.15866],[129.255757,28.158785],[129.255507,28.159019],[129.255657,28.159169],[129.255844,28.159494],[129.255969,28.159735],[129.256032,28.160177],[129.255957,28.160502],[129.255894,28.16086],[129.256219,28.161302],[129.256569,28.16166],[129.256619,28.162035],[129.256831,28.16231],[129.256856,28.162602],[129.256394,28.163018],[129.256194,28.163143],[129.255894,28.16336],[129.255469,28.163768],[129.255331,28.164027],[129.255306,28.164335],[129.255206,28.164635],[129.255044,28.164802],[129.254794,28.165002],[129.254744,28.16516],[129.254619,28.165618],[129.254731,28.166168],[129.254956,28.166501],[129.255306,28.166993],[129.255419,28.167276],[129.255406,28.167751],[129.255244,28.168076],[129.255069,28.168351],[129.254819,28.168576],[129.254569,28.168818],[129.254306,28.169085],[129.254156,28.16941],[129.254206,28.169668],[129.254244,28.170018],[129.254244,28.170343],[129.254231,28.170451],[129.254156,28.170984],[129.254181,28.171218],[129.254131,28.171634],[129.253906,28.172059],[129.253669,28.172451],[129.253795,28.172544],[129.253956,28.172559],[129.254344,28.172734],[129.254694,28.173034],[129.255044,28.173251],[129.255369,28.173501],[129.255456,28.173801],[129.255531,28.174226],[129.255731,28.174409],[129.256069,28.174309],[129.256294,28.174193],[129.256793,28.174243],[129.257181,28.174293],[129.257243,28.174459],[129.257581,28.174484],[129.257806,28.174584],[129.258068,28.174584],[129.258256,28.174451],[129.258118,28.174001],[129.257918,28.173584],[129.257868,28.173218],[129.257319,28.172676],[129.257094,28.17206],[129.256956,28.171401],[129.256969,28.170826],[129.257081,28.170526],[129.257106,28.170451],[129.257131,28.170435],[129.257531,28.17036],[129.257544,28.169985],[129.257381,28.169618],[129.257269,28.169251],[129.257344,28.168793],[129.257444,28.168443],[129.257506,28.168076],[129.257569,28.167668],[129.257606,28.16726],[129.257356,28.166852],[129.257044,28.166527],[129.256819,28.166202],[129.256756,28.165868],[129.256731,28.165502],[129.256731,28.165135],[129.256831,28.164718],[129.256994,28.164352],[129.257169,28.16406],[129.257181,28.163593],[129.257244,28.163343],[129.257544,28.16301],[129.257706,28.162769],[129.257869,28.162527],[129.258081,28.16246],[129.258206,28.162469],[129.258569,28.162652],[129.258919,28.16306],[129.259206,28.163402],[129.259531,28.163477],[129.259756,28.163419],[129.259844,28.163027],[129.259606,28.162269],[129.259294,28.16161],[129.258969,28.160994],[129.258844,28.160477],[129.258844,28.159677],[129.258956,28.159094],[129.259169,28.158636],[129.259344,28.158244],[129.259594,28.157711],[129.259856,28.157386],[129.260019,28.157411],[129.260194,28.157536],[129.260331,28.157769],[129.260506,28.158194],[129.260569,28.158727],[129.260319,28.159244],[129.260156,28.159427],[129.260119,28.159935],[129.260219,28.160477],[129.260406,28.16066],[129.260706,28.160852],[129.261056,28.161044],[129.261669,28.161335],[129.262131,28.161969],[129.262319,28.162377],[129.262706,28.162527],[129.263106,28.162652],[129.263319,28.163052],[129.263331,28.163294],[129.263519,28.163585],[129.263381,28.163827],[129.263206,28.164027],[129.262906,28.16426],[129.262694,28.164344],[129.262369,28.164235],[129.262156,28.164227],[129.262094,28.164369],[129.262169,28.16461],[129.262106,28.164969],[129.261794,28.165144],[129.261756,28.165377],[129.261756,28.165535],[129.262044,28.165643],[129.262444,28.16566],[129.262931,28.165694],[129.263194,28.165852],[129.263218,28.166119],[129.263056,28.16641],[129.262856,28.166618],[129.262631,28.166918],[129.262356,28.167168],[129.262081,28.167402],[129.261906,28.167702],[129.261644,28.167818],[129.261606,28.16811],[129.261731,28.168368],[129.262081,28.168643],[129.262356,28.168852],[129.262606,28.169185],[129.262706,28.169468],[129.262543,28.169685],[129.262481,28.169935],[129.262018,28.170451],[129.262022,28.170499],[129.262131,28.170643],[129.262218,28.170793],[129.262406,28.170876],[129.262493,28.170951],[129.262618,28.170926],[129.262731,28.170868],[129.262906,28.170851],[129.263081,28.170868],[129.263368,28.170968],[129.263606,28.171085],[129.263731,28.171193],[129.263793,28.171285],[129.263943,28.171335],[129.264143,28.171302],[129.264256,28.171202],[129.264368,28.171002],[129.264581,28.170702],[129.264781,28.170502],[129.264906,28.170452],[129.264981,28.170368],[129.265193,28.169985],[129.265331,28.169427],[129.265543,28.168727],[129.265931,28.168093],[129.266156,28.167885],[129.266556,28.167852],[129.266718,28.167702],[129.267018,28.167327],[129.267568,28.167102],[129.267918,28.16716],[129.268281,28.167219],[129.268893,28.167444],[129.269506,28.167694],[129.269893,28.167727],[129.270206,28.167619],[129.270331,28.16746],[129.270368,28.167219],[129.270243,28.16691],[129.270143,28.166585],[129.270006,28.166094],[129.269993,28.165477],[129.270431,28.165169],[129.270768,28.164952],[129.271031,28.164761],[129.271231,28.164369],[129.271406,28.163944],[129.271493,28.163136],[129.271343,28.162594],[129.271168,28.162161],[129.270868,28.161702],[129.270743,28.161228],[129.270756,28.160878],[129.270943,28.160469],[129.271393,28.160178],[129.271618,28.160136],[129.272368,28.160044],[129.272606,28.159861],[129.272656,28.159603],[129.272693,28.159536],[129.272793,28.159253],[129.272931,28.158961],[129.273243,28.158594],[129.273781,28.158145],[129.274081,28.157978],[129.274356,28.15787],[129.274493,28.157578],[129.274681,28.157061],[129.274731,28.156736],[129.274643,28.156245],[129.274381,28.155886],[129.274143,28.155486],[129.274031,28.154928],[129.274068,28.154511],[129.274281,28.15417],[129.274593,28.15377],[129.274681,28.153295],[129.274693,28.152737],[129.274768,28.152303],[129.274843,28.151928],[129.274893,28.151578],[129.274931,28.151403],[129.274993,28.151145],[129.275043,28.151003],[129.274694,28.150878],[129.274256,28.15097],[129.273869,28.15107],[129.273569,28.151103],[129.273344,28.151028],[129.272844,28.150753],[129.272444,28.150712],[129.272081,28.150903],[129.271956,28.150928],[129.271706,28.150895],[129.271244,28.150645],[129.270594,28.150453],[129.270131,28.150312],[129.269619,28.150337],[129.269331,28.150536],[129.269206,28.150978],[129.269206,28.151561],[129.269094,28.151903],[129.268919,28.152145],[129.268756,28.152295],[129.268581,28.152403],[129.268331,28.152536],[129.267994,28.152611],[129.267519,28.152611],[129.266981,28.152636],[129.266556,28.152636],[129.266281,28.152628],[129.265994,28.15257],[129.265881,28.152528],[129.265869,28.152053],[129.265556,28.151995],[129.265481,28.152445],[129.264956,28.152503],[129.264881,28.152569],[129.264544,28.152828],[129.264194,28.152994],[129.263894,28.152969],[129.263281,28.152811],[129.263006,28.152694],[129.262656,28.152694],[129.262194,28.152703],[129.261832,28.152703],[129.261569,28.152578],[129.260982,28.152144],[129.260657,28.151786],[129.260444,28.151511],[129.259407,28.152294],[129.259244,28.152403],[129.258757,28.152486],[129.258207,28.152294],[129.257594,28.151928],[129.257332,28.151711],[129.257057,28.151478],[129.256932,28.151369],[129.256444,28.151561],[129.255944,28.151644],[129.255419,28.151744],[129.255294,28.151744],[129.255219,28.151819],[129.255144,28.151852],[129.255069,28.151927],[129.255007,28.151994],[129.254944,28.152061],[129.254919,28.152127],[129.254844,28.152202],[129.254782,28.152277],[129.254619,28.152411],[129.254494,28.152552],[129.254332,28.152744],[129.254269,28.152852],[129.254244,28.152944],[129.254107,28.153136],[129.254019,28.153319],[129.253969,28.153411],[129.253882,28.153527],[129.253807,28.153652],[129.253719,28.153786],[129.253632,28.153844],[129.253519,28.153919],[129.253419,28.153986],[129.253307,28.154061],[129.253182,28.154127],[129.253119,28.154161],[129.253044,28.154211],[129.252919,28.154244],[129.252832,28.154269],[129.252719,28.154277],[129.252657,28.154269],[129.252519,28.154219],[129.252444,28.154102],[129.252432,28.154044],[129.252407,28.153936],[129.252432,28.153819],[129.252432,28.153711],[129.252407,28.153611],[129.252394,28.153527],[129.252282,28.153436],[129.252245,28.153369],[129.252095,28.153319],[129.252032,28.153319],[129.25192,28.153294],[129.251807,28.153277],[129.25172,28.153269],[129.25162,28.153252],[129.25142,28.153244],[129.251357,28.153252],[129.251257,28.153252],[129.25117,28.153252],[129.251007,28.153211],[129.250907,28.153194],[129.250795,28.153161],[129.250657,28.153136],[129.250595,28.153077],[129.250507,28.153002],[129.25047,28.152944],[129.250395,28.152861],[129.250307,28.152769],[129.25027,28.152702],[129.250195,28.152577],[129.25012,28.152419],[129.250057,28.152286],[129.25002,28.152177],[129.249995,28.152086],[129.24997,28.151994],[129.249957,28.151919],[129.249932,28.151786],[129.24992,28.151694],[129.249857,28.151494],[129.249857,28.151419],[129.24982,28.151302],[129.24982,28.151227],[129.24982,28.151119],[129.249882,28.150952],[129.249782,28.150869],[129.249682,28.150752],[129.249582,28.150694],[129.249607,28.150652],[129.249682,28.150377],[129.249157,28.150269],[129.248682,28.150169],[129.248457,28.150144],[129.248345,28.150111],[129.247886,28.150146],[129.247689,28.150171],[129.247495,28.150144],[129.247195,28.149944],[129.246945,28.149877],[129.24637,28.149844],[129.245395,28.149211],[129.24522,28.148911],[129.24497,28.148686],[129.24502,28.148594],[129.24522,28.148419],[129.24547,28.148394],[129.24582,28.148486],[129.246033,28.148336],[129.246158,28.148111],[129.246308,28.148019],[129.247245,28.148794],[129.247495,28.148861],[129.247732,28.148861],[129.247807,28.148777],[129.247732,28.148394],[129.247782,28.147936],[129.247886,28.147821],[129.248045,28.147386],[129.248632,28.147494],[129.249182,28.147519],[129.24957,28.147578],[129.249957,28.147611],[129.250545,28.147619],[129.250882,28.147628],[129.25127,28.147736],[129.251307,28.148078],[129.251582,28.148194],[129.252007,28.148278],[129.25227,28.148644],[129.25252,28.148819],[129.252945,28.148836],[129.253445,28.148794],[129.254045,28.148719],[129.254582,28.148678],[129.254895,28.148769],[129.255332,28.148936],[129.255494,28.148919],[129.255532,28.148611],[129.255707,28.148336],[129.255957,28.148128],[129.25592,28.147869],[129.25567,28.147728],[129.255332,28.147469],[129.254945,28.147019],[129.254432,28.146628],[129.25402,28.146503],[129.25352,28.146078],[129.253157,28.146019],[129.252895,28.146186],[129.252457,28.146061],[129.252157,28.145853],[129.251745,28.145836],[129.25137,28.145778],[129.250932,28.145653],[129.25062,28.145444],[129.250245,28.145178],[129.24992,28.145028],[129.24962,28.145044],[129.249282,28.144911],[129.248733,28.144694],[129.248333,28.144369],[129.247886,28.144397],[129.24727,28.144369],[129.247058,28.144436],[129.246708,28.144394],[129.246558,28.144461],[129.246408,28.144478],[129.24627,28.144186],[129.24632,28.143919],[129.246245,28.143461],[129.24602,28.143419],[129.24587,28.143486],[129.245845,28.143869],[129.245745,28.143911],[129.245495,28.143819],[129.245195,28.143753],[129.245145,28.143678],[129.245345,28.142961],[129.245595,28.142736],[129.245958,28.142586],[129.246658,28.142561],[129.247408,28.142728],[129.247958,28.143028],[129.248195,28.143028],[129.24842,28.142944],[129.248683,28.142828],[129.248858,28.142678],[129.249133,28.142553],[129.24937,28.142595],[129.249633,28.142736],[129.249983,28.14287],[129.250108,28.14282],[129.250158,28.142678],[129.250095,28.142511],[129.250258,28.142311],[129.250458,28.142228],[129.250895,28.14227],[129.251432,28.142386],[129.251882,28.142378],[129.25202,28.142578],[129.25207,28.143095],[129.252257,28.14352],[129.252482,28.143611],[129.252957,28.14352],[129.25312,28.143436],[129.253595,28.143345],[129.25392,28.143445],[129.253957,28.143628],[129.254007,28.144011],[129.25447,28.144178],[129.254707,28.14437],[129.254792,28.144387],[129.254895,28.14432],[129.255095,28.14417],[129.255607,28.144578],[129.25602,28.144861],[129.256132,28.144686],[129.25632,28.144553],[129.25692,28.144636],[129.25772,28.144895],[129.258419,28.14517],[129.258532,28.145353],[129.258719,28.145436],[129.259144,28.145511],[129.259744,28.145686],[129.260119,28.145761],[129.260194,28.145761],[129.260369,28.14557],[129.260482,28.145378],[129.260457,28.14512],[129.260494,28.144887],[129.260632,28.144728],[129.260944,28.144612],[129.261332,28.144587],[129.261532,28.144487],[129.261557,28.144245],[129.261557,28.143853],[129.261544,28.143562],[129.261382,28.143445],[129.261069,28.143253],[129.260894,28.142862],[129.260844,28.142778],[129.260682,28.142703],[129.260357,28.142595],[129.260007,28.142428],[129.259557,28.142103],[129.259195,28.14177],[129.258895,28.141637],[129.25867,28.14177],[129.258382,28.14197],[129.258007,28.142045],[129.257432,28.14212],[129.257157,28.142045],[129.256932,28.141828],[129.256757,28.141528],[129.256557,28.141295],[129.25632,28.140912],[129.25607,28.140645],[129.255745,28.140462],[129.25562,28.14042],[129.255257,28.140145],[129.25517,28.140028],[129.255045,28.139778],[129.254782,28.13962],[129.254257,28.139403],[129.253995,28.139353],[129.253807,28.139478],[129.253607,28.139578],[129.253382,28.139587],[129.253295,28.139528],[129.253107,28.13932],[129.252995,28.139153],[129.252845,28.139053],[129.252583,28.13902],[129.25237,28.139062],[129.252283,28.139128],[129.252195,28.139228],[129.25202,28.139478],[129.251833,28.139678],[129.251695,28.139811],[129.251558,28.139895],[129.251445,28.139845],[129.25112,28.139703],[129.250658,28.13942],[129.250408,28.139328],[129.250295,28.139378],[129.250033,28.139578],[129.249895,28.139711],[129.249733,28.13977],[129.249533,28.139811],[129.249258,28.139745],[129.248608,28.139561],[129.248445,28.13972],[129.24817,28.140045],[129.247887,28.140339],[129.247395,28.140811],[129.246545,28.140711],[129.24622,28.140645],[129.245645,28.140394],[129.245145,28.139828],[129.245045,28.139711],[129.244471,28.139594],[129.244246,28.139461],[129.243783,28.138978],[129.243483,28.138728],[129.242933,28.137778],[129.242758,28.137578],[129.242633,28.137511],[129.242421,28.137278],[129.242271,28.136895],[129.242246,28.13647],[129.242408,28.13557],[129.242433,28.135228],[129.242721,28.13442],[129.242896,28.134103],[129.243121,28.133903],[129.243396,28.13372],[129.243946,28.133687],[129.244146,28.133753],[129.244496,28.134003],[129.244721,28.134095],[129.245396,28.134078],[129.245746,28.134145],[129.246858,28.133995],[129.247108,28.134062],[129.247433,28.134087],[129.247833,28.13407],[129.247887,28.134264],[129.248058,28.134253],[129.248308,28.13432],[129.24847,28.134162],[129.248858,28.134145],[129.249195,28.133903],[129.249308,28.133545],[129.249258,28.133162],[129.249145,28.132729],[129.24912,28.13237],[129.249208,28.132279],[129.249395,28.132187],[129.249695,28.132162],[129.25007,28.132262],[129.250258,28.13222],[129.250233,28.132037],[129.250233,28.131804],[129.25002,28.131537],[129.249658,28.131279],[129.249583,28.130912],[129.249621,28.130779],[129.249746,28.13062],[129.249821,28.130412],[129.249708,28.13007],[129.249371,28.129687],[129.249058,28.129404],[129.248921,28.128762],[129.249046,28.128479],[129.249096,28.128187],[129.248896,28.128112],[129.248721,28.128254],[129.248633,28.128662],[129.248421,28.128895],[129.248121,28.128929],[129.247746,28.128954],[129.247246,28.128929],[129.246921,28.128879],[129.246471,28.128579],[129.246108,28.128262],[129.245958,28.12772],[129.246008,28.127612],[129.246033,28.127312],[129.245971,28.126729],[129.245646,28.126162],[129.245271,28.125637],[129.245221,28.125462],[129.245633,28.125237],[129.245758,28.125212],[129.245609,28.125037],[129.245034,28.124829],[129.244909,28.124804],[129.244784,28.124371],[129.244771,28.123629],[129.245121,28.122638],[129.245484,28.122213],[129.245884,28.121996],[129.246134,28.121929],[129.246884,28.121838],[129.247059,28.121929],[129.247133,28.122338],[129.247049,28.122627],[129.247108,28.122721],[129.247108,28.122771],[129.247258,28.122904],[129.247383,28.122904],[129.247471,28.122996],[129.247858,28.122888],[129.248021,28.122771],[129.248183,28.122663],[129.248433,28.122546],[129.248583,28.122546],[129.249283,28.122729],[129.249483,28.122846],[129.249633,28.123054],[129.249871,28.123338],[129.250246,28.123521],[129.250671,28.123696],[129.251096,28.123663],[129.251358,28.123521],[129.251646,28.123304],[129.252008,28.123113],[129.252483,28.123104],[129.252933,28.123246],[129.253283,28.123446],[129.253458,28.123621],[129.253533,28.123963],[129.253658,28.124154],[129.253995,28.124279],[129.254183,28.124371],[129.254183,28.124679],[129.254183,28.125071],[129.254133,28.125446],[129.254095,28.125763],[129.254258,28.126063],[129.254445,28.126304],[129.254633,28.126571],[129.254533,28.126896],[129.254533,28.127071],[129.254883,28.127263],[129.255308,28.127413],[129.255633,28.127521],[129.255583,28.127771],[129.255383,28.128062],[129.25537,28.128371],[129.25542,28.128462],[129.255645,28.128504],[129.255908,28.128546],[129.256233,28.128779],[129.25622,28.129171],[129.25622,28.129471],[129.256258,28.129787],[129.256595,28.130004],[129.257058,28.130262],[129.257158,28.130437],[129.257358,28.130537],[129.257545,28.130521],[129.257745,28.130521],[129.257932,28.130621],[129.25807,28.130604],[129.258257,28.130454],[129.25862,28.130362],[129.259032,28.130396],[129.259145,28.130487],[129.259195,28.130662],[129.259245,28.130896],[129.259457,28.131212],[129.25967,28.131479],[129.25977,28.131654],[129.25982,28.131896],[129.25977,28.132046],[129.259457,28.132187],[129.259282,28.132179],[129.259145,28.132312],[129.259082,28.132546],[129.259082,28.132829],[129.25917,28.133087],[129.259332,28.133454],[129.259357,28.133537],[129.259445,28.133504],[129.259795,28.133279],[129.260207,28.133112],[129.260395,28.133137],[129.260882,28.133579],[129.261357,28.134021],[129.261695,28.134237],[129.262032,28.134121],[129.262157,28.133804],[129.262245,28.133346],[129.262695,28.133137],[129.262907,28.132979],[129.263107,28.132629],[129.263295,28.132354],[129.263582,28.132179],[129.264245,28.132129],[129.26477,28.132129],[129.265207,28.132221],[129.265545,28.132479],[129.265919,28.132804],[129.266269,28.133013],[129.266669,28.133096],[129.267257,28.134129],[129.267032,28.134412],[129.267082,28.134812],[129.267194,28.135146],[129.267469,28.135296],[129.267857,28.135279],[129.268532,28.135129],[129.269007,28.135346],[129.269344,28.135646],[129.269632,28.136121],[129.269607,28.136421],[129.269407,28.136796],[129.269382,28.137279],[129.269469,28.137229],[129.269719,28.137137],[129.270119,28.137371],[129.270182,28.137746],[129.270132,28.138037],[129.270257,28.138129],[129.270532,28.138487],[129.270707,28.139012],[129.270807,28.139746],[129.270882,28.140287],[129.270844,28.140396],[129.270519,28.140604],[129.270419,28.140904],[129.270744,28.141179],[129.271206,28.141146],[129.271419,28.141029],[129.271556,28.140762],[129.271894,28.140504],[129.272106,28.140512],[129.272281,28.140496],[129.272456,28.140312],[129.272556,28.140112],[129.272869,28.140096],[129.273106,28.140321],[129.273281,28.140446],[129.273556,28.140462],[129.273781,28.140462],[129.274081,28.140587],[129.274306,28.140829],[129.274206,28.141021],[129.274206,28.141304],[129.274494,28.141471],[129.274831,28.141704],[129.275244,28.141796],[129.275306,28.141712],[129.275631,28.141387],[129.275794,28.141287],[129.275956,28.141146],[129.275956,28.140937],[129.275881,28.140729],[129.276194,28.140746],[129.276356,28.140687],[129.276406,28.140429],[129.276394,28.139862],[129.276281,28.139529],[129.276119,28.139429],[129.275669,28.139012],[129.275356,28.138371],[129.275394,28.138204],[129.275481,28.137879],[129.275506,28.137804],[129.275169,28.137354],[129.274969,28.136629],[129.274931,28.136338],[129.275156,28.136129],[129.275256,28.136021],[129.275256,28.135763],[129.275231,28.135221],[129.275206,28.134938],[129.275469,28.134579],[129.275481,28.134246],[129.275332,28.133979],[129.275057,28.133696],[129.274644,28.133438],[129.274369,28.133246],[129.274082,28.132896],[129.273769,28.132763],[129.273319,28.132604],[129.273007,28.132304],[129.272807,28.132021],[129.272357,28.131621],[129.272144,28.131538],[129.271782,28.131413],[129.271644,28.131055],[129.271569,28.130838],[129.271219,28.130455],[129.270669,28.130021],[129.270457,28.12993],[129.270157,28.129805],[129.269669,28.129471],[129.269094,28.12903],[129.268719,28.128905],[129.268194,28.128663],[129.267745,28.12843],[129.267357,28.128138],[129.267145,28.128038],[129.267007,28.127996],[129.26687,28.12798],[129.266695,28.128021],[129.266457,28.128121],[129.266095,28.128338],[129.265732,28.128504],[129.265482,28.128763],[129.26527,28.129154],[129.26507,28.129421],[129.264807,28.129579],[129.264495,28.129604],[129.264232,28.129738],[129.26412,28.129804],[129.263857,28.129796],[129.263382,28.129463],[129.26302,28.129254],[129.262945,28.129029],[129.262832,28.128621],[129.262832,28.128288],[129.262932,28.128213],[129.263245,28.128554],[129.263557,28.128938],[129.26372,28.128921],[129.263982,28.128771],[129.264232,28.128513],[129.264545,28.128354],[129.264757,28.128204],[129.264845,28.127904],[129.264782,28.127413],[129.26462,28.126913],[129.264595,28.12683],[129.264532,28.126721],[129.264357,28.126621],[129.263957,28.126471],[129.26357,28.126021],[129.26342,28.12573],[129.263432,28.125396],[129.263582,28.124913],[129.263857,28.12443],[129.264145,28.124021],[129.264207,28.12393],[129.264582,28.123971],[129.26467,28.123696],[129.264745,28.12338],[129.264695,28.123213],[129.26447,28.122955],[129.264295,28.12258],[129.264157,28.122338],[129.26412,28.121938],[129.264057,28.121747],[129.263845,28.121538],[129.26362,28.121055],[129.263495,28.120663],[129.263532,28.12038],[129.263495,28.120188],[129.263382,28.12003],[129.263008,28.119813],[129.262795,28.119538],[129.262795,28.119322],[129.26267,28.119088],[129.262408,28.118897],[129.26212,28.118805],[129.261758,28.118747],[129.26127,28.118713],[129.261058,28.118788],[129.260895,28.118863],[129.260595,28.119047],[129.260433,28.119172],[129.260045,28.119047],[129.259758,28.118863],[129.259645,28.118672],[129.259783,28.118513],[129.260058,28.118413],[129.260433,28.118338],[129.260808,28.11813],[129.260895,28.118022],[129.260795,28.11778],[129.260583,28.117588],[129.260358,28.117372],[129.260395,28.117222],[129.260583,28.116955],[129.26082,28.11693],[129.261145,28.116888],[129.261395,28.11678],[129.261558,28.116622],[129.261645,28.116489],[129.262133,28.11673],[129.261795,28.117122],[129.261808,28.117388],[129.261945,28.117597],[129.262183,28.117672],[129.262345,28.117497],[129.26252,28.117189],[129.26267,28.117047],[129.262883,28.11703],[129.263183,28.117289],[129.263433,28.11758],[129.263658,28.11773],[129.264208,28.117839],[129.264657,28.118147],[129.26472,28.118397],[129.264732,28.118888],[129.26472,28.119222],[129.264857,28.119505],[129.265257,28.119788],[129.265595,28.120047],[129.266032,28.120322],[129.266445,28.12043],[129.266695,28.120463],[129.26662,28.12073],[129.266495,28.121222],[129.266457,28.121655],[129.266457,28.122113],[129.26657,28.122305],[129.266632,28.122413],[129.266595,28.122497],[129.266332,28.122855],[129.266257,28.123038],[129.266245,28.123147],[129.266295,28.123505],[129.26652,28.123988],[129.266645,28.124446],[129.266807,28.124338],[129.26702,28.124222],[129.267307,28.124313],[129.267857,28.124613],[129.268557,28.124605],[129.269382,28.124672],[129.269994,28.124805],[129.270569,28.125055],[129.271057,28.12513],[129.271494,28.124955],[129.271607,28.12483],[129.272269,28.124972],[129.272469,28.124838],[129.272832,28.124622],[129.273157,28.124247],[129.273369,28.124097],[129.273844,28.124122],[129.274144,28.123872],[129.274094,28.123438],[129.274194,28.123014],[129.274169,28.122722],[129.273969,28.122447],[129.273607,28.122072],[129.273407,28.121922],[129.273257,28.121972],[129.273082,28.121355],[129.272794,28.121214],[129.272482,28.120972],[129.272307,28.12058],[129.272419,28.12003],[129.272644,28.119539],[129.272844,28.119214],[129.272769,28.119122],[129.272482,28.118889],[129.272332,28.118522],[129.272332,28.118105],[129.272344,28.117656],[129.272332,28.117189],[129.272145,28.116814],[129.271945,28.116531],[129.271757,28.116081],[129.27162,28.115506],[129.271507,28.114897],[129.27142,28.114531],[129.271532,28.114097],[129.271795,28.114339],[129.272557,28.113797],[129.272332,28.113514],[129.272557,28.113231],[129.27272,28.113223],[129.273195,28.113231],[129.27372,28.113064],[129.274207,28.112914],[129.274632,28.112864],[129.275057,28.112939],[129.275507,28.113264],[129.275832,28.113656],[129.276082,28.114206],[129.276257,28.114723],[129.276444,28.115114],[129.276632,28.115506],[129.276819,28.115639],[129.276894,28.115539],[129.277057,28.115372],[129.277307,28.115189],[129.277819,28.115148],[129.278407,28.115181],[129.279169,28.115439],[129.279794,28.115739],[129.280132,28.116056],[129.280207,28.116398],[129.280007,28.116789],[129.279769,28.117089],[129.279169,28.117614],[129.278807,28.117997],[129.278707,28.118331],[129.278919,28.118547],[129.279294,28.118672],[129.279907,28.118822],[129.280344,28.118956],[129.280407,28.119147],[129.280569,28.119497],[129.280719,28.119814],[129.280769,28.120097],[129.280844,28.120464],[129.280907,28.120589],[129.281232,28.120881],[129.281882,28.121314],[129.282132,28.121514],[129.282156,28.121797],[129.282294,28.122106],[129.282469,28.122514],[129.282456,28.122947],[129.282556,28.123322],[129.282731,28.123564],[129.282956,28.123672],[129.283344,28.123647],[129.283969,28.123472],[129.284594,28.123556],[129.285056,28.123622],[129.285794,28.123747],[129.286681,28.124014],[129.286731,28.124206],[129.286569,28.124464],[129.286381,28.124731],[129.286681,28.124897],[129.287106,28.125022],[129.287369,28.125256],[129.287631,28.125531],[129.287794,28.125714],[129.287906,28.125397],[129.287981,28.124806],[129.288094,28.124481],[129.288019,28.124164],[129.288144,28.123672],[129.288344,28.123472],[129.288819,28.123281],[129.289119,28.123022],[129.289144,28.122514],[129.289131,28.122022],[129.288731,28.121647],[129.288156,28.121231],[129.287706,28.120806],[129.287656,28.120364],[129.287844,28.120173],[129.288094,28.120039],[129.288206,28.119698],[129.288056,28.119373],[129.287919,28.119256],[129.287656,28.119239],[129.287144,28.119364],[129.286581,28.119156],[129.286269,28.118714],[129.286156,28.118189],[129.286069,28.117681],[129.286131,28.116981],[129.286281,28.116664],[129.286394,28.116514],[129.286519,28.116423],[129.286669,28.116423],[129.286906,28.116639],[129.287106,28.116823],[129.288406,28.115815],[129.288331,28.115756],[129.288081,28.11559],[129.287719,28.11519],[129.287469,28.114531],[129.287444,28.11404],[129.287569,28.11364],[129.287744,28.113406],[129.287794,28.113115],[129.287756,28.112381],[129.287894,28.111848],[129.288119,28.11169],[129.288531,28.111431],[129.288706,28.111223],[129.288769,28.110923],[129.288994,28.110707],[129.289444,28.11034],[129.289619,28.110332],[129.290019,28.110365],[129.290356,28.110382],[129.290544,28.109973],[129.290531,28.109615],[129.290556,28.10914],[129.290669,28.108657],[129.290944,28.10834],[129.291356,28.108182],[129.291894,28.107973],[129.292269,28.107807],[129.292481,28.107732],[129.292781,28.107732],[129.293256,28.107765],[129.293981,28.107857],[129.294294,28.10779],[129.294531,28.107674],[129.295006,28.107474],[129.295519,28.10749],[129.296056,28.107607],[129.296544,28.107857],[129.296869,28.10839],[129.296981,28.108949],[129.297144,28.10924],[129.297581,28.109449],[129.298069,28.109865],[129.298306,28.110449],[129.298206,28.110974],[129.298044,28.11134],[129.298144,28.111657],[129.298244,28.11214],[129.298194,28.11254],[129.298031,28.113148],[129.298094,28.113457],[129.298256,28.113648],[129.298369,28.113923],[129.298369,28.114282],[129.298231,28.114532],[129.298331,28.11489],[129.298756,28.115148],[129.299281,28.115348],[129.299519,28.115457],[129.299819,28.115873],[129.300219,28.116348],[129.300331,28.116898],[129.300281,28.117457],[129.300431,28.117665],[129.300394,28.117998],[129.300331,28.118148],[129.300456,28.118381],[129.300669,28.118565],[129.300919,28.118898],[129.301056,28.119098],[129.301344,28.119331],[129.301594,28.119573],[129.301819,28.119815],[129.301731,28.119873],[129.301594,28.119998],[129.301544,28.120298],[129.301619,28.120448],[129.301869,28.120715],[129.302056,28.120881],[129.302256,28.121131],[129.302394,28.121615],[129.302506,28.121831],[129.302681,28.121965],[129.302769,28.121981],[129.302969,28.121956],[129.303056,28.121915],[129.303231,28.121706],[129.303456,28.121565],[129.303794,28.121506],[129.303944,28.121365],[129.304006,28.121181],[129.304294,28.12079],[129.304731,28.120307],[129.304881,28.120015],[129.305169,28.120107],[129.305606,28.120182],[129.305631,28.11979],[129.305531,28.119532],[129.305056,28.11944],[129.304556,28.119248],[129.304281,28.11884],[129.304169,28.11829],[129.304319,28.117932],[129.304506,28.117482],[129.304719,28.117048],[129.304944,28.116623],[129.305094,28.116382],[129.305394,28.116065],[129.305719,28.115857],[129.306094,28.115624],[129.306469,28.115382],[129.306619,28.11534],[129.306994,28.115224],[129.307094,28.115232],[129.307519,28.115449],[129.308019,28.115674],[129.308431,28.115749],[129.308794,28.115724],[129.308881,28.115515],[129.308869,28.115349],[129.308694,28.115074],[129.308519,28.11489],[129.308256,28.11464],[129.307856,28.114374],[129.307644,28.114249],[129.307381,28.11419],[129.307294,28.114132],[129.307169,28.113882],[129.307144,28.113615],[129.307106,28.113457],[129.307169,28.11334],[129.307294,28.11309],[129.307356,28.112757],[129.307194,28.11259],[129.306981,28.112432],[129.306931,28.112282],[129.306919,28.11199],[129.306981,28.111674],[129.307156,28.111374],[129.307281,28.111241],[129.307531,28.111041],[129.307781,28.110932],[129.307969,28.110916],[129.308306,28.110891],[129.308294,28.111007],[129.308469,28.111199],[129.308631,28.111174],[129.309044,28.111299],[129.309331,28.111457],[129.309406,28.111391],[129.309856,28.111191],[129.310144,28.111041],[129.310694,28.111049],[129.311144,28.111066],[129.311594,28.111082],[129.311819,28.111124],[129.312031,28.111316],[129.312119,28.111516],[129.312231,28.111816],[129.312419,28.112249],[129.312444,28.112391],[129.313556,28.112557],[129.313806,28.113307],[129.313969,28.113382],[129.314181,28.113432],[129.314394,28.113599],[129.314419,28.113866],[129.314531,28.113941],[129.314694,28.113949],[129.314744,28.113874],[129.314744,28.113599],[129.314881,28.113241],[129.314869,28.112907],[129.314744,28.112399],[129.314581,28.111766],[129.314619,28.111274],[129.314869,28.110716],[129.314931,28.110391],[129.314869,28.110149],[129.314556,28.109858],[129.314269,28.109549],[129.314219,28.109199],[129.314331,28.108891],[129.314606,28.108508],[129.315031,28.108108],[129.315544,28.107841],[129.316006,28.107566],[129.316394,28.107449],[129.316506,28.107441],[129.316894,28.107641],[129.317156,28.107666],[129.317769,28.107808],[129.318319,28.10805],[129.318544,28.108041],[129.318744,28.107925],[129.318806,28.107658],[129.318669,28.107475],[129.318319,28.107308],[129.318181,28.107158],[129.318006,28.1069],[129.317744,28.106466],[129.317594,28.106],[129.317669,28.105591],[129.317869,28.105308],[129.318019,28.104975],[129.318019,28.1047],[129.317894,28.10435],[129.317881,28.103933],[129.317994,28.103625],[129.318156,28.103425],[129.318394,28.103158],[129.318694,28.102892],[129.318919,28.102725],[129.319031,28.102475],[129.318994,28.102258],[129.318969,28.102108],[129.318956,28.102017],[129.319056,28.101808],[129.319369,28.101542],[129.319744,28.10145],[129.320081,28.1014],[129.320394,28.1014],[129.320469,28.101425],[129.320581,28.101475],[129.320281,28.1023],[129.320606,28.102308],[129.320681,28.102083],[129.320719,28.101742],[129.320781,28.1014],[129.320856,28.101183],[129.321031,28.101],[129.321369,28.100892],[129.321756,28.10085],[129.321994,28.100933],[129.322281,28.101117],[129.322281,28.101558],[129.322344,28.101967],[129.322381,28.102258],[129.322294,28.1023],[129.321944,28.10275],[129.321956,28.103075],[129.322306,28.103208],[129.322469,28.103333],[129.322319,28.103683],[129.322369,28.104117],[129.322619,28.104442],[129.322794,28.10465],[129.323069,28.10465],[129.323856,28.104717],[129.324356,28.104892],[129.324719,28.105183],[129.324944,28.105433],[129.325119,28.105592],[129.325194,28.105675],[129.325381,28.106092],[129.325506,28.10635],[129.325631,28.106592],[129.325744,28.1068],[129.325894,28.107108],[129.326056,28.107475],[129.325969,28.107766],[129.325719,28.107925],[129.325544,28.108308],[129.325606,28.10855],[129.325756,28.108725],[129.325781,28.10915],[129.325906,28.10945],[129.325981,28.109941],[129.325956,28.110475],[129.325794,28.110791],[129.325644,28.1109],[129.325194,28.111016],[129.324756,28.111025],[129.324231,28.110916],[129.323769,28.111183],[129.323744,28.11135],[129.323506,28.111741],[129.323556,28.111966],[129.323719,28.112083],[129.323906,28.112174],[129.324381,28.112374],[129.324706,28.112549],[129.324856,28.112791],[129.324969,28.113041],[129.325081,28.113291],[129.325119,28.113549],[129.325244,28.113774],[129.325381,28.113766],[129.325581,28.113766],[129.325806,28.113758],[129.326006,28.113608],[129.326206,28.113474],[129.326506,28.113425],[129.326519,28.113308],[129.326456,28.113175],[129.326444,28.113083],[129.327594,28.112458],[129.327681,28.11245],[129.327806,28.112416],[129.327881,28.112433],[129.327906,28.112516],[129.327919,28.11275],[129.328131,28.1128],[129.328319,28.112733],[129.328506,28.112558],[129.328631,28.112208],[129.328656,28.111608],[129.328756,28.111241],[129.328944,28.110991],[129.329094,28.11085],[129.329606,28.110666],[129.330256,28.11045],[129.330894,28.110275],[129.331669,28.11015],[129.332219,28.1101],[129.332494,28.1102],[129.332556,28.110292],[129.332544,28.110475],[129.332769,28.110867],[129.333044,28.110958],[129.333144,28.110942],[129.333431,28.110792],[129.333606,28.110433],[129.333869,28.110242],[129.334294,28.11005],[129.334719,28.109892],[129.335244,28.109808],[129.335981,28.109733],[129.336469,28.10975],[129.336943,28.109967],[129.337481,28.110242],[129.338093,28.110533],[129.338456,28.110717],[129.338756,28.110908],[129.339281,28.111292],[129.339668,28.111633],[129.340006,28.112058],[129.340218,28.112608],[129.340506,28.112933],[129.340706,28.113092],[129.341056,28.1135],[129.341281,28.113883],[129.341256,28.114442],[129.341268,28.114917],[129.341043,28.115383],[129.340931,28.115875],[129.341168,28.116375],[129.341306,28.1169],[129.341293,28.117408],[129.341218,28.117642],[129.341206,28.117717],[129.341181,28.118175],[129.341256,28.118517],[129.341256,28.118608],[129.341693,28.118833],[129.342056,28.118442],[129.342206,28.118408],[129.342743,28.118267],[129.343093,28.11815],[129.343243,28.117933],[129.343581,28.117675],[129.343768,28.117517],[129.343893,28.117025],[129.343931,28.1166],[129.344131,28.116125],[129.344393,28.115975],[129.344993,28.115717],[129.345331,28.115592],[129.345481,28.115367],[129.345656,28.114875],[129.345556,28.114792],[129.345243,28.114275],[129.344931,28.114],[129.344768,28.113884],[129.344756,28.113825],[129.344656,28.113434],[129.344418,28.113392],[129.344368,28.113209],[129.344293,28.112859],[129.344206,28.112617],[129.344218,28.1124],[129.344343,28.111917],[129.344248,28.111655],[129.344268,28.111575],[129.344418,28.11135],[129.344618,28.111134],[129.344768,28.110925],[129.344843,28.110792],[129.344906,28.110675],[129.345006,28.110417],[129.345131,28.110159],[129.345331,28.109909],[129.345493,28.109709],[129.345731,28.109501],[129.345906,28.109342],[129.346093,28.109159],[129.346406,28.108951],[129.346631,28.108834],[129.346831,28.108684],[129.347056,28.108567],[129.347306,28.108451],[129.347631,28.108292],[129.347806,28.108217],[129.348018,28.108126],[129.348306,28.108034],[129.348493,28.107992],[129.348756,28.107934],[129.349068,28.107917],[129.349418,28.107909],[129.349568,28.107917],[129.349693,28.107951],[129.349881,28.108026],[129.350006,28.108134],[129.350131,28.108226],[129.350218,28.108259],[129.350381,28.108292],[129.350581,28.108309],[129.350731,28.108326],[129.350881,28.108351],[129.350981,28.108384],[129.351043,28.108426],[129.351593,28.108276],[129.352456,28.108426],[129.353056,28.108476],[129.353356,28.108568],[129.353768,28.108684],[129.353831,28.108568],[129.353793,28.108201],[129.353793,28.108051],[129.354068,28.108051],[129.354156,28.108076],[129.354306,28.107793],[129.354006,28.107668],[129.353843,28.107484],[129.353793,28.107126],[129.353906,28.106818],[129.354106,28.106659],[129.354243,28.106543],[129.354181,28.106384],[129.354068,28.106201],[129.354018,28.105826],[129.354056,28.105668],[129.354231,28.105593],[129.354306,28.105501],[129.354281,28.10521],[129.354531,28.104943],[129.354756,28.104626],[129.354656,28.104501],[129.354381,28.104426],[129.353856,28.104393],[129.353731,28.104276],[129.353631,28.103976],[129.353693,28.103751],[129.353731,28.103551],[129.353781,28.103385],[129.353993,28.103201],[129.354156,28.102785],[129.354156,28.102318],[129.353818,28.102235],[129.353218,28.102201],[129.352931,28.102368],[129.352656,28.102601],[129.352793,28.102826],[129.353068,28.102935],[129.353118,28.103101],[129.352993,28.103276],[129.352481,28.103326],[129.352193,28.103251],[129.351818,28.103218],[129.351756,28.103134],[129.351681,28.102951],[129.351631,28.10266],[129.351593,28.102568],[129.351743,28.102368],[129.351743,28.102118],[129.351668,28.101935],[129.351806,28.101751],[129.352018,28.101668],[129.352143,28.101251],[129.352118,28.100826],[129.351993,28.100601],[129.351906,28.100518],[129.351806,28.100368],[129.351756,28.100285],[129.351506,28.099776],[129.351293,28.099718],[129.350894,28.099801],[129.350419,28.100026],[129.350006,28.10011],[129.349606,28.100051],[129.349394,28.100043],[129.348994,28.099809],[129.348631,28.099401],[129.348456,28.099084],[129.348281,28.098651],[129.348144,28.098376],[129.348131,28.09801],[129.348131,28.097601],[129.348106,28.09711],[129.348144,28.096618],[129.348169,28.096268],[129.348244,28.09616],[129.348294,28.09596],[129.348344,28.095885],[129.348369,28.09566],[129.348419,28.095426],[129.348569,28.095251],[129.348644,28.095126],[129.348606,28.09506],[129.348506,28.09496],[129.348406,28.094735],[129.348281,28.094543],[129.348044,28.094435],[129.347681,28.094276],[129.347319,28.094026],[129.347031,28.093768],[129.346794,28.093485],[129.346681,28.09336],[129.346331,28.092785],[129.346256,28.092585],[129.346169,28.092168],[129.346131,28.091868],[129.346169,28.091593],[129.346319,28.091185],[129.346469,28.090835],[129.346694,28.090627],[129.346744,28.090468],[129.346706,28.090318],[129.346219,28.090485],[129.346181,28.090302],[129.346281,28.09006],[129.346494,28.090027],[129.346519,28.089943],[129.346506,28.089827],[129.346456,28.08971],[129.346281,28.089652],[129.346181,28.08966],[129.346106,28.089743],[129.345881,28.089768],[129.345644,28.08976],[129.345494,28.089602],[129.345506,28.089485],[129.345531,28.08931],[129.345531,28.089119],[129.345394,28.088994],[129.345106,28.088769],[129.344894,28.088702],[129.344669,28.088777],[129.344531,28.088802],[129.344181,28.088693],[129.343881,28.088735],[129.343619,28.088635],[129.343444,28.088502],[129.343231,28.088277],[129.343019,28.088002],[129.343006,28.087777],[129.342981,28.087644],[129.343019,28.08711],[129.343106,28.086877],[129.343219,28.086635],[129.343269,28.086385],[129.343231,28.086169],[129.343156,28.085919],[129.343231,28.085652],[129.343269,28.085485],[129.343181,28.085327],[129.343056,28.085285],[129.342769,28.08521],[129.342444,28.08516],[129.341919,28.08486],[129.341681,28.084544],[129.341556,28.084194],[129.341594,28.083936],[129.341694,28.083661],[129.341794,28.083444],[129.341844,28.083219],[129.341719,28.082927],[129.341581,28.082652],[129.341481,28.082377],[129.341481,28.082202],[129.341519,28.082119],[129.341606,28.082069],[129.341819,28.082061],[129.341894,28.082044],[129.341969,28.081927],[129.341931,28.081869],[129.341806,28.081786],[129.341706,28.081686],[129.341619,28.081519],[129.341631,28.081311],[129.341769,28.081111],[129.341819,28.080877],[129.341806,28.080744],[129.341844,28.080553],[129.341819,28.080453],[129.341769,28.080386],[129.341631,28.080244],[129.341606,28.080161],[129.341606,28.080103],[129.341644,28.080019],[129.341669,28.079928],[129.341681,28.079861],[129.341794,28.079753],[129.341994,28.079678],[129.342031,28.079611],[129.341931,28.079444],[129.341856,28.079311],[129.341894,28.079069],[129.341894,28.078894],[129.341819,28.078861],[129.341619,28.078853],[129.341519,28.078803],[129.341394,28.078669],[129.341232,28.078469],[129.341107,28.078203],[129.341032,28.077911],[129.340982,28.077678],[129.340969,28.077453],[129.340944,28.077194],[129.340907,28.076945],[129.340869,28.076736],[129.340832,28.076661],[129.340544,28.076411],[129.340357,28.07632],[129.340044,28.076311],[129.339694,28.076095],[129.339332,28.07597],[129.339069,28.075961],[129.338694,28.075836],[129.338607,28.075845],[129.338432,28.075953],[129.338294,28.076036],[129.338269,28.076119],[129.337969,28.076053],[129.337857,28.075978],[129.337669,28.075894],[129.337432,28.075678],[129.337269,28.075403],[129.337232,28.07522],[129.337244,28.075128],[129.337394,28.074978],[129.337657,28.074803],[129.337869,28.074628],[129.337894,28.074453],[129.337794,28.074395],[129.337694,28.074353],[129.337557,28.074261],[129.337494,28.074186],[129.337532,28.074103],[129.337644,28.073895],[129.337619,28.073753],[129.337532,28.073686],[129.337182,28.073811],[129.336957,28.074078],[129.336782,28.074095],[129.336419,28.07427],[129.336357,28.07457],[129.336344,28.07467],[129.336207,28.074695],[129.335832,28.074711],[129.335594,28.074728],[129.335219,28.07467],[129.334832,28.074545],[129.334569,28.074511],[129.333894,28.074561],[129.333494,28.074561],[129.333169,28.074444],[129.332819,28.074169],[129.332569,28.07392],[129.332478,28.073835],[129.332432,28.073711],[129.332332,28.073336],[129.332194,28.072995],[129.332069,28.072753],[129.331932,28.072695],[129.331632,28.072686],[129.331332,28.072878],[129.331069,28.072995],[129.330807,28.073036],[129.330607,28.072995],[129.330157,28.072828],[129.329719,28.072811],[129.329444,28.072795],[129.328969,28.072645],[129.328582,28.072495],[129.328157,28.07232],[129.328069,28.072278],[129.327407,28.072036],[129.327044,28.071803],[129.326769,28.07162],[129.326419,28.071411],[129.326169,28.071245],[129.325907,28.070986],[129.325645,28.070636],[129.325295,28.070111],[129.325132,28.069753],[129.325032,28.069603],[129.32492,28.06947],[129.324657,28.069053],[129.324357,28.068636],[129.324157,28.068495],[129.323907,28.06842],[129.323795,28.068361],[129.323695,28.068195],[129.323607,28.067945],[129.32372,28.067753],[129.323845,28.06747],[129.32377,28.067128],[129.323645,28.067053],[129.323457,28.066737],[129.32337,28.066495],[129.323257,28.066453],[129.323095,28.066462],[129.322982,28.066328],[129.322932,28.066178],[129.32282,28.065895],[129.322557,28.065745],[129.322357,28.06577],[129.32217,28.065945],[129.322045,28.066187],[129.321995,28.06612],[129.321832,28.065862],[129.321645,28.065537],[129.32142,28.065312],[129.32127,28.065037],[129.32112,28.064637],[129.321045,28.064303],[129.32097,28.063995],[129.320857,28.063987],[129.320745,28.064145],[129.320682,28.064228],[129.320645,28.064162],[129.320482,28.06387],[129.32037,28.063578],[129.32027,28.063337],[129.320045,28.063104],[129.319732,28.062754],[129.319532,28.062454],[129.319395,28.062204],[129.319119,28.062123],[129.318957,28.062006],[129.318807,28.062098],[129.318682,28.062181],[129.318482,28.062106],[129.318307,28.062048],[129.31822,28.06209],[129.318182,28.062162],[129.318157,28.06222],[129.31842,28.062329],[129.318495,28.062504],[129.318395,28.062612],[129.31817,28.062695],[129.318195,28.063278],[129.318095,28.063228],[129.317657,28.063303],[129.317695,28.063428],[129.317845,28.063787],[129.317895,28.063887],[129.31817,28.064012],[129.318557,28.064353],[129.318645,28.064562],[129.31857,28.064695],[129.318457,28.064945],[129.318245,28.065462],[129.31852,28.065945],[129.31902,28.066428],[129.319345,28.066661],[129.31952,28.06657],[129.31977,28.06637],[129.320045,28.066087],[129.320232,28.066012],[129.320545,28.066295],[129.32087,28.066728],[129.32112,28.067095],[129.321307,28.067495],[129.321395,28.067861],[129.321457,28.068078],[129.321457,28.068286],[129.321395,28.068503],[129.321295,28.068853],[129.321145,28.069228],[129.320895,28.06962],[129.320632,28.070086],[129.320457,28.070219],[129.32012,28.070386],[129.319782,28.070494],[129.319382,28.070494],[129.318957,28.070444],[129.318257,28.070353],[129.31777,28.070261],[129.31747,28.070144],[129.317382,28.070053],[129.317332,28.069961],[129.31727,28.069728],[129.317295,28.069544],[129.317132,28.069411],[129.31692,28.069419],[129.316845,28.069536],[129.316795,28.069694],[129.316432,28.069661],[129.316357,28.070028],[129.31617,28.070203],[129.31592,28.070186],[129.31547,28.070111],[129.31542,28.070244],[129.31547,28.070519],[129.31572,28.070728],[129.31612,28.071078],[129.31622,28.071494],[129.316182,28.071919],[129.316045,28.072294],[129.315895,28.072594],[129.315845,28.072844],[129.31587,28.073052],[129.31617,28.073177],[129.31657,28.073302],[129.31647,28.073369],[129.31622,28.073352],[129.316157,28.073561],[129.31637,28.073777],[129.316995,28.074011],[129.317245,28.074227],[129.31732,28.074511],[129.317232,28.075002],[129.317032,28.075352],[129.316807,28.075802],[129.316745,28.076069],[129.316757,28.07616],[129.31682,28.076419],[129.316932,28.076735],[129.31707,28.077085],[129.317245,28.077385],[129.317545,28.07766],[129.317832,28.077952],[129.318132,28.078394],[129.318232,28.078727],[129.318182,28.079002],[129.318082,28.079385],[129.318107,28.07966],[129.318219,28.079843],[129.318407,28.08016],[129.318532,28.080485],[129.318532,28.080885],[129.318494,28.081335],[129.318432,28.081893],[129.318444,28.082218],[129.318519,28.082418],[129.318657,28.082635],[129.318844,28.082793],[129.319194,28.08306],[129.319444,28.083327],[129.319519,28.083676],[129.319569,28.083826],[129.319669,28.083976],[129.319744,28.084093],[129.319857,28.084301],[129.320007,28.084551],[129.320182,28.084743],[129.320407,28.085126],[129.320494,28.085318],[129.320644,28.085518],[129.320882,28.08576],[129.321119,28.085943],[129.321282,28.086185],[129.321219,28.086551],[129.321069,28.08701],[129.321057,28.08711],[129.32105,28.087275],[129.321182,28.087468],[129.321394,28.08751],[129.321732,28.08736],[129.322057,28.087543],[129.322444,28.087618],[129.322907,28.087626],[129.323269,28.087768],[129.323444,28.088226],[129.323582,28.08866],[129.323807,28.088909],[129.323994,28.089118],[129.324257,28.089176],[129.324869,28.089351],[129.325319,28.089351],[129.325413,28.089364],[129.325528,28.089539],[129.325644,28.089826],[129.325657,28.090568],[129.325582,28.091093],[129.325494,28.091793],[129.325144,28.092784],[129.324732,28.093576],[129.324394,28.093984],[129.323969,28.094442],[129.323682,28.094817],[129.323207,28.095159],[129.322669,28.095551],[129.322257,28.095817],[129.321694,28.096159],[129.321319,28.096442],[129.321182,28.096484],[129.320907,28.0966],[129.320607,28.096692],[129.319744,28.096884],[129.319444,28.096909],[129.319169,28.096934],[129.318519,28.096892],[129.317932,28.0968],[129.317207,28.096667],[129.316557,28.09655],[129.315894,28.096392],[129.315044,28.09625],[129.314657,28.096184],[129.314569,28.096142],[129.314694,28.0958],[129.314632,28.095559],[129.314394,28.09525],[129.314407,28.094917],[129.314532,28.094484],[129.314494,28.094292],[129.314332,28.094134],[129.314282,28.094034],[129.314319,28.093675],[129.314394,28.093259],[129.314332,28.093],[129.314182,28.092684],[129.314057,28.092501],[129.313769,28.092201],[129.313619,28.092092],[129.313307,28.092051],[129.312907,28.092001],[129.312469,28.092076],[129.312194,28.092009],[129.312069,28.091867],[129.311919,28.091692],[129.311819,28.091576],[129.311519,28.091734],[129.311269,28.091426],[129.310969,28.091134],[129.310582,28.090859],[129.310407,28.090834],[129.310194,28.090826],[129.309957,28.090709],[129.309682,28.090484],[129.309357,28.090109],[129.309107,28.089717],[129.308882,28.089451],[129.308694,28.089192],[129.308444,28.088934],[129.308244,28.088734],[129.307957,28.088442],[129.307644,28.088134],[129.307244,28.087834],[129.306857,28.087551],[129.306557,28.087317],[129.305669,28.087067],[129.304819,28.086901],[129.304357,28.086834],[129.304007,28.086917],[129.303619,28.087059],[129.303544,28.087126],[129.303019,28.087551],[129.302694,28.087917],[129.302569,28.087942],[129.302132,28.088059],[129.302019,28.088259],[129.301769,28.088684],[129.301494,28.089084],[129.301157,28.089425],[129.300832,28.08945],[129.300507,28.089642],[129.300282,28.089709],[129.299982,28.089684],[129.299769,28.089567],[129.299282,28.08935],[129.298932,28.089075],[129.298632,28.088867],[129.298394,28.088759],[129.298007,28.088775],[129.297419,28.088917],[129.296807,28.089275],[129.296344,28.089742],[129.295944,28.090325],[129.295669,28.090717],[129.295269,28.09115],[129.294869,28.091442],[129.294282,28.091583],[129.293857,28.091517],[129.293119,28.091417],[129.292882,28.091317],[129.292382,28.090992],[129.292019,28.090733],[129.291707,28.090442],[129.291345,28.089992],[129.291182,28.089608],[129.290995,28.0891],[129.290932,28.088817],[129.29092,28.088625],[129.290995,28.088508],[129.291295,28.088367],[129.29147,28.088292],[129.291682,28.0882],[129.291982,28.088067],[129.29217,28.088059],[129.29237,28.087975],[129.292407,28.087875],[129.292395,28.087684],[129.29237,28.087384],[129.292445,28.0872],[129.292432,28.087125],[129.291882,28.087084],[129.29182,28.087067],[129.291607,28.086675],[129.291607,28.086292],[129.291482,28.08595],[129.291482,28.085267],[129.29132,28.085209],[129.291007,28.085117],[129.290395,28.084959],[129.289845,28.084959],[129.289582,28.08485],[129.289145,28.084725],[129.288657,28.084617],[129.288307,28.084675],[129.287895,28.084634],[129.28762,28.0847],[129.287482,28.084834],[129.287282,28.085067],[129.287157,28.085275],[129.286732,28.08525],[129.286657,28.085242],[129.286557,28.085225],[129.286245,28.084967],[129.285957,28.084692],[129.28567,28.084425],[129.28507,28.083767],[129.284957,28.083517],[129.284682,28.083017],[129.284608,28.082717],[129.28462,28.082109],[129.284633,28.081526],[129.284645,28.081209],[129.284645,28.081117],[129.284958,28.081126],[129.28562,28.081051],[129.28627,28.080884],[129.286508,28.080692],[129.286745,28.080484],[129.286983,28.080217],[129.287158,28.079859],[129.287233,28.079592],[129.287345,28.079267],[129.287395,28.079059],[129.287445,28.078618],[129.287433,28.078384],[129.287445,28.078301],[129.287545,28.078034],[129.287483,28.077759],[129.287508,28.077343],[129.287533,28.076993],[129.287658,28.076634],[129.287808,28.076409],[129.287995,28.076251],[129.28837,28.07596],[129.288558,28.07586],[129.288545,28.075643],[129.288483,28.075443],[129.288345,28.075368],[129.288158,28.075385],[129.287808,28.075326],[129.287558,28.075151],[129.287195,28.074868],[129.286995,28.074676],[129.28672,28.074368],[129.286583,28.074301],[129.286283,28.074335],[129.28577,28.074285],[129.285395,28.074126],[129.28522,28.07406],[129.284995,28.073951],[129.28482,28.073751],[129.284595,28.073435],[129.284308,28.07296],[129.284145,28.072543],[129.283995,28.072143],[129.283958,28.071835],[129.284033,28.071527],[129.284108,28.071235],[129.284171,28.071168],[129.284483,28.071127],[129.284571,28.070902],[129.284683,28.070385],[129.284733,28.069927],[129.284783,28.069452],[129.284858,28.069052],[129.284971,28.068635],[129.285096,28.068252],[129.285283,28.067902],[129.285521,28.067544],[129.285808,28.067202],[129.285933,28.06706],[129.286021,28.066977],[129.286246,28.066735],[129.286321,28.066669],[129.286583,28.066569],[129.286958,28.066652],[129.287183,28.066735],[129.287496,28.066894],[129.287721,28.066985],[129.288046,28.067035],[129.288208,28.066919],[129.288308,28.066852],[129.288583,28.066861],[129.288746,28.066919],[129.288921,28.066952],[129.289008,28.066919],[129.289046,28.066686],[129.288896,28.066436],[129.288771,28.066244],[129.288658,28.066011],[129.288658,28.065786],[129.288883,28.065619],[129.289021,28.065536],[129.289083,28.065427],[129.289058,28.065294],[129.288883,28.065161],[129.288758,28.064977],[129.288708,28.064836],[129.288758,28.064661],[129.288758,28.064627],[129.287183,28.063569],[129.287033,28.063477],[129.286458,28.063311],[129.286108,28.063311],[129.285958,28.063152],[129.285283,28.063011],[129.285033,28.062986],[129.284483,28.062802],[129.284358,28.062669],[129.284221,28.062419],[129.284121,28.062352],[129.283871,28.062394],[129.283758,28.062869],[129.283533,28.063069],[129.282446,28.063469],[129.281821,28.063486],[129.281271,28.063144],[129.280746,28.063277],[129.280371,28.063569],[129.280059,28.064102],[129.280034,28.064577],[129.279959,28.064735],[129.279221,28.065252],[129.278496,28.065427],[129.277621,28.06551],[129.277321,28.065527],[129.277209,28.06551],[129.276884,28.065652],[129.276571,28.065794],[129.276246,28.06591],[129.275971,28.065827],[129.275846,28.065644],[129.275646,28.065635],[129.275546,28.065619],[129.275471,28.065685],[129.275246,28.065952],[129.275159,28.066044],[129.275046,28.066002],[129.274884,28.065794],[129.274721,28.065752],[129.274634,28.06591],[129.274596,28.066227],[129.274446,28.066518],[129.274346,28.066668],[129.274396,28.066902],[129.274634,28.067293],[129.274734,28.067552],[129.273959,28.06891],[129.273521,28.069268],[129.273296,28.06936],[129.272946,28.069426],[129.272696,28.069351],[129.272621,28.069176],[129.272346,28.06906],[129.270821,28.068935],[129.269871,28.069151],[129.269384,28.06956],[129.268859,28.070235],[129.268721,28.070701],[129.268721,28.071109],[129.268559,28.071718],[129.268509,28.072234],[129.268559,28.072376],[129.267771,28.072884],[129.267121,28.073176],[129.266796,28.073126],[129.266296,28.072968],[129.265996,28.073009],[129.265921,28.073259],[129.266021,28.073501],[129.266171,28.073709],[129.266209,28.073959],[129.265834,28.074584],[129.265446,28.074992],[129.264296,28.075251],[129.264096,28.075476],[129.264159,28.076042],[129.264009,28.0766],[129.263671,28.077275],[129.263346,28.077792],[129.263021,28.078084],[129.262684,28.078134],[129.262346,28.077925],[129.261996,28.077767],[129.261846,28.077784],[129.261634,28.078009],[129.261459,28.078325],[129.261459,28.0788],[129.261546,28.079817],[129.261771,28.080242],[129.261784,28.080583],[129.261784,28.081058],[129.262084,28.0814],[129.262834,28.081833],[129.263334,28.08215],[129.263671,28.082308],[129.264146,28.082558],[129.265471,28.083067],[129.265746,28.083542],[129.265746,28.0839],[129.265558,28.0844],[129.265608,28.084491],[129.265833,28.084425],[129.266058,28.084383],[129.266133,28.084425],[129.266108,28.084675],[129.266183,28.084858],[129.266583,28.085041],[129.266733,28.08515],[129.266633,28.085583],[129.266321,28.086233],[129.266346,28.086483],[129.266496,28.086733],[129.266383,28.086975],[129.266283,28.087125],[129.265896,28.088091],[129.265521,28.088841],[129.265271,28.089241],[129.265008,28.089624],[129.264633,28.089924],[129.264283,28.089716],[129.264033,28.089491],[129.263896,28.089483],[129.263796,28.089508],[129.263483,28.089683],[129.263146,28.090033],[129.262696,28.090333],[129.262408,28.090391],[129.262183,28.090491],[129.262008,28.090666],[129.261846,28.090666],[129.261508,28.090924],[129.261196,28.091366],[129.261133,28.091466],[129.261033,28.091666],[129.260946,28.091816],[129.260883,28.091949],[129.260846,28.092007],[129.260796,28.092174],[129.260808,28.092257],[129.260608,28.092791],[129.260558,28.093041],[129.260583,28.093224],[129.260621,28.093341],[129.261121,28.093641],[129.261158,28.093724],[129.261308,28.094165],[129.261546,28.094524],[129.261908,28.094865],[129.262121,28.095174],[129.262133,28.095357],[129.262121,28.095749],[129.262008,28.096307],[129.261846,28.096782],[129.261646,28.09739],[129.261583,28.097665],[129.261608,28.097982],[129.261758,28.098432],[129.261896,28.098723],[129.262058,28.09909],[129.262046,28.099398],[129.261971,28.09979],[129.261796,28.100365],[129.261596,28.10094],[129.261333,28.101365],[129.261133,28.10174],[129.260896,28.102231],[129.260696,28.10239],[129.260646,28.102465],[129.260458,28.103065],[129.260008,28.103506],[129.259808,28.103665],[129.260008,28.104173],[129.260058,28.104498],[129.260108,28.104748],[129.260471,28.105014],[129.260508,28.105181],[129.260396,28.105473],[129.260171,28.105848],[129.259708,28.106348],[129.258771,28.106881],[129.258221,28.106998],[129.257658,28.106923],[129.257371,28.106931],[129.257196,28.107014],[129.256996,28.107414],[129.256646,28.107697],[129.256121,28.107789],[129.255733,28.107689],[129.255446,28.107756],[129.255158,28.108072],[129.254733,28.108572],[129.254621,28.109031],[129.254471,28.109397],[129.254096,28.109664],[129.253458,28.109831],[129.252934,28.110056],[129.252884,28.110414],[129.252971,28.110822],[129.252896,28.11098],[129.252634,28.11113],[129.251921,28.111247],[129.251259,28.111197],[129.250496,28.110997],[129.250034,28.110872],[129.249596,28.110722],[129.249321,28.110405],[129.248896,28.10993],[129.248096,28.109447],[129.247887,28.109375],[129.247859,28.109239],[129.247887,28.1087],[129.248646,28.108406],[129.249084,28.108206],[129.249209,28.108022],[129.248734,28.107847],[129.248259,28.107822],[129.247996,28.107831],[129.247887,28.1079],[129.247834,28.108072],[129.247559,28.108114],[129.247259,28.108064],[129.246934,28.108089],[129.246609,28.108131],[129.246159,28.10828],[129.245647,28.10853],[129.245297,28.108505],[129.244822,28.108272],[129.244497,28.107955],[129.243884,28.107206],[129.243584,28.106914],[129.243309,28.106506],[129.243147,28.106097],[129.243072,28.105781],[129.243147,28.105514],[129.243322,28.105397],[129.243622,28.105381],[129.243672,28.105356],[129.243797,28.105422],[129.244022,28.105722],[129.244297,28.105972],[129.244697,28.105947],[129.245322,28.105747],[129.245947,28.105414],[129.246159,28.105239],[129.246384,28.104947],[129.247009,28.104814],[129.247459,28.104956],[129.247534,28.104889],[129.247684,28.104664],[129.247747,28.104306],[129.247887,28.104118],[129.248009,28.104081],[129.248084,28.104173],[129.248247,28.104214],[129.248247,28.103981],[129.248484,28.103873],[129.248547,28.103673],[129.248534,28.103314],[129.248559,28.102939],[129.248659,28.102789],[129.248959,28.102698],[129.249159,28.102556],[129.249359,28.102281],[129.249622,28.102156],[129.249747,28.101906],[129.249772,28.101623],[129.249647,28.10144],[129.249397,28.101081],[129.249347,28.100515],[129.249134,28.09989],[129.248909,28.099573],[129.248822,28.099623],[129.248409,28.099823],[129.248122,28.099806],[129.247859,28.099865],[129.246984,28.09979],[129.246609,28.099581],[129.246284,28.099556],[129.245597,28.099848],[129.244897,28.099998],[129.244622,28.100248],[129.244322,28.100398],[129.243997,28.100464],[129.242735,28.100364],[129.24166,28.100198],[129.24111,28.100106],[129.24061,28.099948],[129.239623,28.099439],[129.238873,28.098981],[129.238623,28.098715],[129.238435,28.097806],[129.23821,28.097473],[129.237785,28.097198],[129.237535,28.096948],[129.237235,28.096381],[129.236935,28.096223],[129.236823,28.095973],[129.236848,28.095656],[129.237335,28.094507],[129.23736,28.09419],[129.237185,28.094032],[129.23706,28.09399],[129.236461,28.094032],[129.235936,28.093982],[129.235611,28.093998],[129.235436,28.09409],[129.235061,28.093973],[129.234511,28.093765],[129.233236,28.093107],[129.232986,28.092923],[129.232761,28.092582],[129.232498,28.092015],[129.232373,28.091565],[129.232049,28.090865],[129.231861,28.09059],[129.231611,28.090365],[129.231286,28.090182],[129.230361,28.089923],[129.229811,28.089807],[129.229436,28.089673],[129.229211,28.089423],[129.228811,28.08879],[129.228822,28.088746],[129.228836,28.088715],[129.228999,28.088357],[129.229074,28.087974],[129.229074,28.087799],[129.229211,28.087124],[129.229249,28.086899],[129.229199,28.086532],[129.229249,28.086199],[129.229311,28.085999],[129.229311,28.085765],[129.229261,28.085649],[129.229149,28.085449],[129.229099,28.085007],[129.228924,28.084674],[129.228687,28.084257],[129.228449,28.083966],[129.227949,28.083682],[129.227412,28.083657],[129.226899,28.083574],[129.226712,28.083307],[129.226499,28.082991],[129.226049,28.082732],[129.225712,28.082499],[129.225349,28.082216],[129.225074,28.081799],[129.224787,28.081374],[129.22455,28.081032],[129.224312,28.080724],[129.22405,28.080483],[129.223675,28.080258],[129.22345,28.079999],[129.223375,28.079858],[129.223462,28.079566],[129.223425,28.079408],[129.223287,28.079324],[129.222925,28.078966],[129.222775,28.078599],[129.222512,28.078391],[129.222287,28.078216],[129.222212,28.078058],[129.2219,28.077674],[129.221487,28.077324],[129.221137,28.077124],[129.220713,28.076841],[129.220363,28.076674],[129.220225,28.076608],[129.21975,28.076466],[129.219263,28.076258],[129.218775,28.076091],[129.218213,28.076016],[129.217763,28.076041],[129.217275,28.076233],[129.21695,28.076366],[129.216538,28.076599],[129.216275,28.076741],[129.215863,28.076849],[129.21555,28.076933],[129.215388,28.077083],[129.215288,28.077241],[129.215238,28.077449],[129.21525,28.077699],[129.215288,28.078049],[129.215175,28.078466],[129.215088,28.078816],[129.215013,28.079041],[129.214825,28.079449],[129.214625,28.079941],[129.214513,28.080241],[129.2145,28.080424],[129.2146,28.080607],[129.215088,28.080991],[129.215263,28.081316],[129.215275,28.081607],[129.2153,28.081865],[129.215325,28.082074],[129.215263,28.082532],[129.215075,28.082632],[129.214788,28.082832],[129.214575,28.082707],[129.21425,28.082724],[129.214175,28.082882],[129.214175,28.08299],[129.214275,28.083065],[129.214375,28.083132],[129.214425,28.083349],[129.214213,28.08369],[129.214088,28.083857],[129.2137,28.084199],[129.2135,28.084374],[129.213388,28.084415],[129.21325,28.084449],[129.212863,28.084524],[129.212475,28.08454],[129.211963,28.084707],[129.211575,28.084798],[129.211463,28.084823],[129.211026,28.084873],[129.210676,28.084915],[129.210488,28.085023],[129.210278,28.085311],[129.210166,28.085619],[129.209978,28.085886],[129.210066,28.085927],[129.210501,28.085723],[129.210626,28.085848],[129.210378,28.086227],[129.210316,28.086511],[129.210563,28.086565],[129.21095,28.086332],[129.211025,28.086532],[129.211238,28.08659],[129.21155,28.086315],[129.211825,28.08609],[129.212225,28.08644],[129.21255,28.086773],[129.212738,28.08704],[129.212813,28.087123],[129.213075,28.087232],[129.21335,28.087432],[129.2135,28.087457],[129.213625,28.087348],[129.213675,28.087165],[129.213675,28.087157],[129.213725,28.087123],[129.213925,28.086723],[129.21415,28.086498],[129.2143,28.086448],[129.2144,28.08644],[129.214563,28.086307],[129.214825,28.086073],[129.215088,28.085923],[129.215588,28.08594],[129.216163,28.086065],[129.216725,28.086207],[129.217362,28.086382],[129.217725,28.08649],[129.218125,28.086573],[129.218437,28.086565],[129.21865,28.086723],[129.218937,28.08684],[129.21905,28.086882],[129.219112,28.086973],[129.2191,28.087065],[129.219162,28.087123],[129.220125,28.087998],[129.2207,28.088682],[129.221025,28.089182],[129.221762,28.09079],[129.221999,28.09144],[129.222024,28.091806],[129.221949,28.091981],[129.221924,28.092206],[129.222012,28.092865],[129.221987,28.093206],[129.221837,28.093498],[129.221812,28.093631],[129.221962,28.09399],[129.221974,28.094714],[129.221874,28.094873],[129.221474,28.095023],[129.221274,28.095206],[129.221137,28.095498],[129.221112,28.095698],[129.221037,28.095814],[129.220987,28.095814],[129.220812,28.095898],[129.220837,28.096173],[129.221112,28.096306],[129.221962,28.096498],[129.222462,28.096523],[129.222712,28.096614],[129.223012,28.096664],[129.223136,28.096639],[129.223286,28.096664],[129.223286,28.096706],[129.223411,28.096798],[129.223636,28.097089],[129.224124,28.097973],[129.224299,28.098223],[129.224461,28.098881],[129.224511,28.099222],[129.224486,28.099356],[129.224511,28.099622],[129.224486,28.099672],[129.224161,28.099781],[129.223961,28.099822],[129.224224,28.100214],[129.224274,28.100522],[129.224299,28.100797],[129.224224,28.100981],[129.224024,28.101272],[129.223986,28.101672],[129.224061,28.102264],[129.224061,28.102822],[129.223974,28.10298],[129.223849,28.103139],[129.223499,28.103364],[129.223474,28.103589],[129.223549,28.10368],[129.223724,28.103705],[129.223699,28.103972],[129.223624,28.104064],[129.223424,28.104147],[129.223374,28.10408],[129.223199,28.104105],[129.223036,28.104305],[129.222511,28.105297],[129.222499,28.105389],[129.222324,28.10568],[129.222249,28.105722],[129.222199,28.10588],[129.222199,28.106105],[129.222474,28.10638],[129.222449,28.106738],[129.222286,28.107072],[129.222186,28.107163],[129.222061,28.107205],[129.222036,28.107322],[129.222236,28.107438],[129.222336,28.107547],[129.222386,28.10793],[129.222461,28.108047],[129.222373,28.10843],[129.222173,28.108972],[129.222148,28.109105],[129.221736,28.109955],[129.220924,28.11083],[129.220624,28.110988],[129.220199,28.111163],[129.219874,28.111346],[129.218686,28.111805],[129.217961,28.111846],[129.216986,28.111863],[129.216561,28.111813],[129.216311,28.111746],[129.216161,28.111588],[129.216136,28.111313],[129.215936,28.111221],[129.215661,28.111355],[129.215436,28.111671],[129.215324,28.112121],[129.215399,28.112279],[129.215649,28.112463],[129.215699,28.112554],[129.215699,28.112754],[129.215374,28.113363],[129.215211,28.113946],[129.215111,28.114171],[129.214911,28.114396],[129.214674,28.114738],[129.214524,28.115112],[129.214599,28.115362],[129.215174,28.115796],[129.215411,28.116721],[129.215661,28.117287],[129.215561,28.117496],[129.215599,28.117762],[129.216024,28.117987],[129.216174,28.118196],[129.216224,28.118354],[129.216299,28.119054],[129.216536,28.119487],[129.216611,28.119554],[129.216836,28.11987],[129.216936,28.120254],[129.216836,28.120362],[129.216886,28.120679],[129.216948,28.120954],[129.216848,28.121762],[129.216711,28.122529],[129.216636,28.122803],[129.216411,28.123003],[129.216061,28.123153],[129.215311,28.12322],[129.215073,28.123378],[129.214998,28.123687],[129.215048,28.124187],[129.215023,28.124453],[129.215086,28.124637],[129.215099,28.124742],[129.214661,28.125653],[129.214423,28.126078],[129.214273,28.126187],[129.213998,28.126303],[129.213373,28.126386],[129.213298,28.126386],[129.212898,28.126586],[129.212811,28.126811],[129.212511,28.126786],[129.212261,28.126853],[129.212111,28.127011],[129.212086,28.12737],[129.212236,28.127503],[129.212336,28.127803],[129.212661,28.127895],[129.213486,28.128011],[129.213886,28.128145],[129.214186,28.128311],[129.214486,28.128403],[129.214711,28.128603],[129.215023,28.129078],[129.215398,28.129895],[129.215548,28.130078],[129.215536,28.130436],[129.215411,28.130661],[129.215486,28.131003],[129.215585,28.131203],[129.21561,28.131428],[129.215723,28.132153],[129.215848,28.132561],[129.215873,28.132944],[129.21586,28.133669],[129.215585,28.134136],[129.215498,28.134519],[129.215648,28.134886],[129.216223,28.135452],[129.216273,28.135469],[129.216473,28.135702],[129.216523,28.135902],[129.216448,28.135944],[129.21641,28.136169],[129.21661,28.136444],[129.21666,28.136469],[129.216785,28.136444],[129.21696,28.136311],[129.217023,28.136019],[129.217273,28.135927],[129.217298,28.135886],[129.217848,28.136186],[129.218173,28.136477],[129.21826,28.136686],[129.21836,28.136752],[129.218535,28.137069],[129.21856,28.137202],[129.21881,28.137652],[129.21896,28.137994],[129.21911,28.138244],[129.219097,28.138311],[129.219722,28.138677],[129.219872,28.138902],[129.219972,28.139177],[129.219922,28.139669],[129.219735,28.140077],[129.21961,28.140252],[129.218372,28.141169],[129.217897,28.141352],[129.217772,28.141327],[129.217547,28.141144],[129.217297,28.140644],[129.217085,28.14046],[129.216835,28.140394],[129.216447,28.140594],[129.216247,28.140619],[129.215897,28.140902],[129.215798,28.141019],[129.215548,28.141152],[129.21486,28.141669],[129.214785,28.141777],[129.214035,28.141794],[129.21361,28.142269],[129.212873,28.142685],[129.212773,28.142802],[129.212623,28.143052],[129.21211,28.143427],[129.212035,28.14356],[129.21196,28.143902],[129.211835,28.14401],[129.211935,28.144127],[129.212135,28.144218],[129.211885,28.14451],[129.211598,28.14471],[129.211223,28.145202],[129.210898,28.14561],[129.210873,28.145693],[129.210235,28.14621],[129.20981,28.14646],[129.20891,28.146652],[129.207473,28.146735],[129.20711,28.146077],[129.20661,28.145693],[129.206036,28.145643],[129.204911,28.145385],[129.204786,28.145293],[129.204711,28.14511],[129.204689,28.145],[129.204461,28.144543],[129.204186,28.144143],[129.203898,28.143885],[129.203248,28.14346],[129.203223,28.143277],[129.203173,28.143227],[129.203098,28.142868],[129.202973,28.142618],[129.202648,28.142568],[129.202323,28.142702],[129.202198,28.143085],[129.202198,28.143335],[129.202195,28.143389],[129.202061,28.143535],[129.201661,28.14381],[129.201436,28.143827],[129.201161,28.143777],[129.200711,28.143802],[129.200536,28.144002],[129.200511,28.144318],[129.200586,28.14441],[129.200449,28.144543],[129.199624,28.144943],[129.198974,28.145093],[129.198749,28.145093],[129.198599,28.144977],[129.198424,28.14496],[129.197974,28.145002],[129.197161,28.14531],[129.196811,28.145285],[129.196411,28.14521],[129.196036,28.145026],[129.195936,28.144785],[129.195661,28.14476],[129.195336,28.144868],[129.194986,28.145068],[129.194811,28.145385],[129.194649,28.145743],[129.194424,28.146076],[129.194349,28.146551],[129.194549,28.146576],[129.194624,28.146551],[129.194749,28.146376],[129.195136,28.145676],[129.195436,28.145751],[129.195611,28.145835],[129.195749,28.146201],[129.196024,28.146426],[129.196674,28.146685],[129.196899,28.146751],[129.197124,28.146885],[129.197149,28.147318],[129.197224,28.147518],[129.197636,28.147885],[129.197761,28.147926],[129.197911,28.148085],[129.197911,28.14816],[129.198061,28.148426],[129.198286,28.149151],[129.198423,28.149493],[129.198523,28.149826],[129.198548,28.149826],[129.198536,28.150976],[129.198411,28.151543],[129.197748,28.152801],[129.197236,28.153651],[129.197186,28.153701],[129.196636,28.153993],[129.196198,28.154484],[129.195923,28.154659],[129.195398,28.154767],[129.195123,28.154584],[129.194998,28.154292],[129.194599,28.153951],[129.194049,28.153809],[129.193349,28.153834],[129.192949,28.153759],[129.192824,28.153717],[129.192774,28.154167],[129.192699,28.154392],[129.192186,28.154951],[129.192036,28.155042],[129.191911,28.155242],[129.191536,28.155484],[129.191386,28.155534],[129.191036,28.155526],[129.190786,28.155576],[129.190024,28.156067],[129.189711,28.156692],[129.189686,28.156826],[129.189536,28.156876],[129.189236,28.156801],[129.189111,28.156734],[129.188961,28.156709],[129.188904,28.156717],[129.188736,28.156667],[129.188661,28.15675],[129.188511,28.1568],[129.188336,28.156792],[129.188286,28.156775],[129.188011,28.156925],[129.188036,28.156975],[129.187886,28.157225],[129.187861,28.157359],[129.187786,28.157467],[129.187624,28.157584],[129.187699,28.157692],[129.187849,28.157942],[129.187724,28.158192],[129.187111,28.159067],[129.186786,28.159267],[129.186336,28.159425],[129.186212,28.159309],[129.186337,28.158884],[129.186262,28.158767],[129.186012,28.158859],[129.185812,28.159059],[129.185737,28.159259],[129.185712,28.159375],[129.185412,28.15955],[129.185249,28.159817],[129.185149,28.159909],[129.184924,28.159884],[129.184774,28.160042],[129.184649,28.160267],[129.184262,28.160692],[129.184312,28.160875],[129.184487,28.160942],[129.184612,28.160942],[129.184737,28.161008],[129.185037,28.160925],[129.185549,28.160367],[129.185949,28.160184],[129.186349,28.160117],[129.186599,28.160167],[129.186824,28.160325],[129.187049,28.160709],[129.187199,28.1611],[129.187386,28.1615],[129.187536,28.161733],[129.187611,28.16225],[129.187536,28.162475],[129.187336,28.162567],[129.187336,28.162792],[129.187399,28.162925],[129.187424,28.163017],[129.187299,28.163192],[129.187074,28.163308],[129.186899,28.163217],[129.186649,28.163167],[129.186499,28.163192],[129.186274,28.163008],[129.186224,28.163208],[129.186299,28.163458],[129.186549,28.163575],[129.186799,28.1636],[129.186874,28.163617],[129.186799,28.163758],[129.186599,28.163842],[129.186574,28.163908],[129.186811,28.164367],[129.186786,28.164433],[129.186861,28.164683],[129.186911,28.164933],[129.186986,28.165017],[129.187061,28.165383],[129.186999,28.165491],[129.186849,28.165516],[129.186499,28.165716],[129.186174,28.165666],[129.186149,28.165716],[129.185974,28.1658],[129.185974,28.165916],[129.186224,28.1661],[129.186299,28.1663],[129.186649,28.166258],[129.186849,28.166575],[129.186911,28.166983],[129.186836,28.167158],[129.186436,28.167675],[129.186236,28.167741],[129.185999,28.168016],[129.185849,28.168216],[129.185549,28.168441],[129.185374,28.168483],[129.185199,28.168433],[129.185099,28.168525],[129.185074,28.168866],[129.185099,28.168933],[129.185036,28.169066],[129.185036,28.169266],[129.185161,28.169358],[129.185261,28.169674],[129.185511,28.169974],[129.185586,28.170224],[129.185861,28.170449],[129.185873,28.171008],[129.185786,28.171166],[129.185573,28.171908],[129.185386,28.172383],[129.185298,28.173424],[129.185198,28.173741],[129.185011,28.173807],[129.184386,28.174124],[129.184174,28.174299],[129.183961,28.174207],[129.183799,28.174232],[129.183774,28.174324],[129.183961,28.174524],[129.183986,28.174657],[129.183936,28.174907],[129.183311,28.175474],[129.182799,28.175674],[129.182186,28.175699],[129.181624,28.175782],[129.181349,28.175874],[129.181374,28.176032],[129.181561,28.176165],[129.181511,28.176415],[129.181274,28.176665],[129.179874,28.176932],[129.179599,28.17714],[129.179299,28.177607],[129.179149,28.177724],[129.178824,28.177724],[129.178549,28.177857],[129.178199,28.17824],[129.178286,28.17874],[129.178149,28.17914],[129.178361,28.179348],[129.178574,28.179682],[129.178574,28.180023],[129.178386,28.18029],[129.177761,28.180657],[129.177424,28.180948],[129.177286,28.180948],[129.177149,28.180807],[129.176986,28.180857],[129.176961,28.181082],[129.177499,28.181282],[129.177124,28.182181],[129.177149,28.182523],[129.176986,28.182773],[129.176736,28.182973],[129.176424,28.182931],[129.176199,28.183065],[129.176174,28.183315],[129.176286,28.183448],[129.176236,28.183556],[129.176036,28.183631],[129.175961,28.18394],[129.176449,28.184623],[129.176224,28.185339],[129.176411,28.185723],[129.176661,28.185973],[129.176524,28.186264],[129.176249,28.186606],[129.176199,28.187031],[129.176036,28.187414],[129.175849,28.187348],[129.175742,28.187497],[129.175761,28.187689],[129.175686,28.187914],[129.175661,28.188298],[129.175786,28.188564],[129.176086,28.188681],[129.176486,28.188523],[129.176811,28.188523],[129.177674,28.188881],[129.178561,28.189339],[129.180223,28.190373],[129.181111,28.190781],[129.181461,28.191031],[129.181598,28.191297],[129.181836,28.191389],[129.182398,28.190606],[129.182636,28.190514],[129.182835,28.190606],[129.18296,28.190556],[129.182885,28.190331],[129.182698,28.190223],[129.182673,28.190014],[129.182836,28.188664],[129.182811,28.188165],[129.182648,28.187698],[129.183073,28.18729],[129.184685,28.186723],[129.185473,28.186615],[129.18611,28.186665],[129.187273,28.186907],[129.187623,28.187048],[129.187785,28.187315],[129.18821,28.18754],[129.18856,28.187432],[129.188885,28.187498],[129.18926,28.187365],[129.18936,28.187365],[129.19041,28.188065],[129.19066,28.188331],[129.190685,28.188606],[129.19076,28.188806],[129.190597,28.189031],[129.190685,28.189323],[129.19041,28.189756],[129.190297,28.190048],[129.190997,28.190298],[129.191397,28.190706],[129.19146,28.190906],[129.191372,28.191065],[129.191322,28.191356],[129.191422,28.191606],[129.191622,28.191765],[129.191772,28.191873],[129.191997,28.19199],[129.19226,28.192189],[129.192422,28.192573],[129.192559,28.193389],[129.192559,28.193956],[129.192397,28.194473],[129.192172,28.194423],[129.191859,28.194423],[129.191397,28.194539],[129.190997,28.194806],[129.191122,28.195056],[129.191559,28.195256],[129.192097,28.195123],[129.192684,28.194923],[129.192734,28.194873],[129.193059,28.195014],[129.193409,28.195281],[129.193522,28.195648],[129.193734,28.195823],[129.194297,28.195914],[129.194322,28.195981],[129.194534,28.196164],[129.194834,28.196206],[129.194997,28.196323],[129.195447,28.196547],[129.195647,28.196597],[129.195834,28.196706],[129.195934,28.196822],[129.195747,28.196981],[129.195884,28.197139],[129.196046,28.197181],[129.196259,28.197156],[129.196821,28.196439],[129.197034,28.196456],[129.197221,28.196531],[129.199346,28.197722],[129.200046,28.198131],[129.200184,28.198381],[129.200346,28.198539],[129.200796,28.198564],[129.201396,28.198406],[129.201933,28.198181],[129.202808,28.198522],[129.204021,28.199264],[129.204608,28.199647],[129.205558,28.199514],[129.206383,28.199447],[129.207008,28.199564],[129.208408,28.200422],[129.208883,28.200822],[129.209183,28.201231],[129.209445,28.201439],[129.209558,28.201322],[129.209558,28.201206],[129.209983,28.200489],[129.21012,28.200172],[129.21012,28.199948],[129.210395,28.199656],[129.210445,28.199539],[129.210345,28.199431],[129.209933,28.199248],[129.209858,28.198864],[129.209908,28.198456],[129.209833,28.198056],[129.20972,28.197898],[129.209133,28.197423],[129.208895,28.196948],[129.208945,28.196381],[129.20937,28.195665],[129.209858,28.19514],[129.21002,28.19494],[129.210158,28.194556],[129.210345,28.194331],[129.21032,28.193973],[129.210745,28.19334],[129.211395,28.19289],[129.211558,28.193023],[129.21182,28.19289],[129.21177,28.192665],[129.212045,28.192598],[129.212233,28.192598],[129.212495,28.192715],[129.21287,28.192823],[129.213008,28.192757],[129.213333,28.192665],[129.21417,28.192598],[129.21452,28.19249],[129.214645,28.192215],[129.214995,28.192123],[129.215245,28.192215],[129.215458,28.192198],[129.215595,28.19204],[129.21632,28.191923],[129.21672,28.192065],[129.21702,28.192065],[129.217307,28.19184],[129.217632,28.191657],[129.218357,28.191007],[129.21887,28.190849],[129.22062,28.191007],[129.22102,28.191074],[129.221257,28.191074],[129.221607,28.19119],[129.22212,28.191507],[129.22282,28.192274],[129.222932,28.192832],[129.223144,28.193398],[129.223407,28.19374],[129.223869,28.193848],[129.223994,28.19419],[129.224244,28.194457],[129.224669,28.19464],[129.225132,28.194532],[129.225457,28.194532],[129.225532,28.194573],[129.225694,28.194532],[129.226044,28.194215],[129.226257,28.193857],[129.226882,28.193807],[129.227682,28.194015],[129.228244,28.19449],[129.228757,28.195123],[129.229244,28.196115],[129.229206,28.19654],[129.229369,28.196882],[129.230369,28.19749],[129.230669,28.197715],[129.230694,28.197898],[129.230956,28.198073],[129.231281,28.198232],[129.231469,28.19844],[129.231494,28.198598],[129.231769,28.198732],[129.232031,28.19864],[129.232081,28.198598],[129.232056,28.198415],[129.231981,28.198348],[129.231819,28.19799],[129.231681,28.197515],[129.231894,28.196882],[129.231956,28.196457],[129.231906,28.196248],[129.232194,28.195865],[129.233144,28.195507],[129.233594,28.195574],[129.233994,28.195732],[129.234406,28.195799],[129.234644,28.195507],[129.234531,28.195057],[129.234619,28.195032],[129.235181,28.19504],[129.235769,28.194924],[129.235931,28.194815],[129.235906,28.194657],[129.235994,28.194207],[129.236181,28.193932],[129.236556,28.193665],[129.237069,28.193524],[129.238619,28.194024],[129.238894,28.194182],[129.239344,28.194049],[129.239781,28.194115],[129.239806,28.194074],[129.239781,28.193941],[129.239481,28.193691],[129.239219,28.193282],[129.239056,28.193149],[129.238406,28.192807],[129.237981,28.192532],[129.237631,28.192224],[129.237006,28.191882],[129.236319,28.191591],[129.235744,28.191224],[129.235481,28.190349],[129.235531,28.190207],[129.235694,28.190124],[129.235619,28.189716],[129.235881,28.189266],[129.236419,28.189041],[129.236531,28.189041],[129.237019,28.189291],[129.237231,28.189307],[129.238031,28.189016],[129.238681,28.189199],[129.239106,28.189741],[129.238944,28.189966],[129.238969,28.190257],[129.239131,28.190466],[129.239356,28.190349],[129.239644,28.190033],[129.239831,28.190083],[129.240294,28.190374],[129.240431,28.190399],[129.240831,28.190124],[129.241319,28.188841],[129.241419,28.188641],[129.242556,28.187983],[129.242606,28.187916],[129.242444,28.187424],[129.241956,28.186408],[129.241531,28.186091],[129.241369,28.186091],[129.241156,28.186225],[129.241019,28.18625],[129.240619,28.18625],[129.240219,28.1862],[129.239619,28.185408],[129.239269,28.1851],[129.239031,28.185025],[129.238844,28.18555],[129.237794,28.186466],[129.236344,28.186624],[129.236069,28.186741],[129.235269,28.187324],[129.234844,28.187774],[129.234432,28.188066],[129.234057,28.188224],[129.233519,28.188249],[129.233194,28.188357],[129.233169,28.188674],[129.233332,28.189216],[129.233357,28.189757],[129.233194,28.190274],[129.232844,28.190791],[129.232519,28.190932],[129.231794,28.191132],[129.231257,28.191424],[129.230994,28.191832],[129.230807,28.192032],[129.230557,28.192074],[129.230019,28.192057],[129.229194,28.191965],[129.228244,28.191757],[129.227494,28.191507],[129.226794,28.191032],[129.226344,28.190874],[129.225882,28.191057],[129.225532,28.191282],[129.225182,28.191307],[129.224482,28.191282],[129.224007,28.191099],[129.223382,28.190807],[129.22277,28.190465],[129.222145,28.190399],[129.221932,28.190465],[129.22137,28.190465],[129.22097,28.190332],[129.220295,28.190015],[129.219545,28.189407],[129.218195,28.188999],[129.21772,28.188524],[129.21702,28.187549],[129.21702,28.187191],[129.216858,28.186849],[129.215945,28.187599],[129.215708,28.187616],[129.21517,28.187574],[129.214983,28.187666],[129.214845,28.187824],[129.214633,28.187799],[129.21412,28.187574],[129.213933,28.187432],[129.21347,28.186966],[129.212271,28.185382],[129.211921,28.184999],[129.211033,28.184299],[129.210821,28.184166],[129.210546,28.184324],[129.209821,28.184391],[129.209421,28.184299],[129.209071,28.184182],[129.208696,28.184116],[129.207808,28.184182],[129.207271,28.183682],[129.206971,28.183457],[129.205071,28.183566],[129.204746,28.183482],[129.204396,28.183049],[129.204096,28.182557],[129.203371,28.181807],[129.203184,28.181332],[129.203084,28.180883],[129.203597,28.179399],[129.204134,28.179508],[129.204484,28.178649],[129.204671,28.178766],[129.204671,28.178833],[129.204909,28.179174],[129.205021,28.179241],[129.205284,28.179283],[129.205659,28.179016],[129.206384,28.178066],[129.206821,28.177983],[129.207409,28.178274],[129.207546,28.178299],[129.208221,28.177933],[129.208534,28.178],[129.208921,28.178208],[129.209396,28.178316],[129.209584,28.1783],[129.210096,28.178008],[129.210659,28.177625],[129.211034,28.177191],[129.211334,28.176566],[129.211496,28.176],[129.211359,28.175483],[129.211146,28.175008],[129.211046,28.1746],[129.211209,28.174283],[129.211496,28.173858],[129.212309,28.173792],[129.212409,28.1737],[129.212896,28.173592],[129.213359,28.173592],[129.213621,28.173792],[129.213971,28.173992],[129.214433,28.17445],[129.214746,28.174517],[129.215096,28.174542],[129.215471,28.17465],[129.215508,28.174558],[129.215183,28.173683],[129.214833,28.173633],[129.214134,28.173342],[129.213759,28.1733],[129.213521,28.173292],[129.213196,28.172933],[129.212921,28.172367],[129.212709,28.171308],[129.212521,28.171042],[129.212121,28.170742],[129.211921,28.17045],[129.211878,28.170252],[129.211846,28.169975],[129.211484,28.1695],[129.210859,28.168925],[129.210709,28.168817],[129.210609,28.168659],[129.210522,28.16775],[129.210147,28.167392],[129.210234,28.166442],[129.210259,28.166267],[129.210334,28.166267],[129.210634,28.166134],[129.210809,28.165842],[129.210909,28.165567],[129.210847,28.1653],[129.210972,28.165234],[129.211222,28.164942],[129.211597,28.164309]]],"type":"Polygon"},"properties":{"kuni":"大隅","id":"G70011","kuni_url":"/kg/resource/K70.html","id_url":"G70011.html","kuni_id":"K70","pref":"鹿児島県","name":"大島","yomi":"おおしま"}},{"type":"Feature","geometry":{"coordinates":[[[129.152571,28.015838],[129.152471,28.015871],[129.152346,28.015996],[129.152221,28.016104],[129.151958,28.016054],[129.151858,28.015971],[129.151871,28.015063],[129.151458,28.015013],[129.151333,28.014846],[129.151196,28.014705],[129.150909,28.014546],[129.150884,28.014413],[129.150871,28.014146],[129.150721,28.013955],[129.150434,28.013913],[129.150146,28.01368],[129.149921,28.013696],[129.149884,28.013888],[129.149859,28.013963],[129.149584,28.013913],[129.149221,28.013938],[129.149059,28.013963],[129.148509,28.01378],[129.148096,28.013713],[129.147896,28.01393],[129.147734,28.014313],[129.147659,28.014596],[129.147709,28.014896],[129.147746,28.015029],[129.147721,28.015121],[129.147546,28.015204],[129.147221,28.015338],[129.147246,28.015513],[129.147421,28.015813],[129.147471,28.016129],[129.147434,28.016279],[129.147346,28.016354],[129.147109,28.016388],[129.146996,28.016329],[129.146784,28.016296],[129.146271,28.016279],[129.145784,28.016246],[129.145621,28.016404],[129.145571,28.016571],[129.145559,28.016854],[129.145734,28.017071],[129.145734,28.017371],[129.145659,28.017671],[129.145746,28.017829],[129.145971,28.018062],[129.146109,28.018287],[129.146171,28.018412],[129.146059,28.018571],[129.145859,28.018787],[129.145834,28.019046],[129.145659,28.019246],[129.145534,28.019104],[129.145196,28.019004],[129.144734,28.018821],[129.144534,28.018887],[129.144596,28.019071],[129.144709,28.019196],[129.144796,28.019396],[129.144884,28.019537],[129.144871,28.019646],[129.144884,28.019804],[129.144871,28.019896],[129.144759,28.020087],[129.144634,28.020295],[129.144609,28.020479],[129.144721,28.02052],[129.145009,28.020629],[129.145321,28.020837],[129.145359,28.021012],[129.145296,28.021187],[129.144959,28.021487],[129.144884,28.02167],[129.144584,28.021779],[129.144359,28.02197],[129.144259,28.022245],[129.144259,28.022379],[129.144284,28.02257],[129.144209,28.022704],[129.143996,28.02307],[129.144221,28.023295],[129.144396,28.023362],[129.144659,28.02342],[129.144771,28.02342],[129.145059,28.023728],[129.145109,28.024103],[129.145159,28.02447],[129.145221,28.024912],[129.145284,28.025428],[129.145259,28.026028],[129.145084,28.026561],[129.145059,28.026945],[129.144934,28.027186],[129.144784,28.027453],[129.144784,28.027678],[129.144884,28.027978],[129.145046,28.028203],[129.146808,28.029228],[129.147346,28.030353],[129.147258,28.030544],[129.147183,28.030803],[129.147133,28.031061],[129.146996,28.031228],[129.146908,28.031569],[129.146671,28.031811],[129.146496,28.032169],[129.146396,28.032544],[129.146208,28.032736],[129.145933,28.032694],[129.145546,28.032819],[129.145433,28.033119],[129.145333,28.033344],[129.145321,28.033494],[129.145358,28.033594],[129.145696,28.033811],[129.146133,28.034102],[129.146558,28.034427],[129.146671,28.034344],[129.146921,28.034369],[129.147108,28.034502],[129.147633,28.035344],[129.147483,28.035427],[129.147333,28.035744],[129.147333,28.03581],[129.147571,28.036019],[129.147721,28.03596],[129.147896,28.03586],[129.148433,28.035902],[129.148733,28.035894],[129.148983,28.035844],[129.149358,28.035969],[129.14967,28.03621],[129.149908,28.036569],[129.150058,28.036927],[129.150033,28.037227],[129.149758,28.037352],[129.149483,28.037385],[129.149458,28.037543],[129.149745,28.037877],[129.15017,28.038285],[129.150258,28.038402],[129.150345,28.03891],[129.150295,28.039418],[129.150183,28.039968],[129.150145,28.040368],[129.150045,28.040668],[129.14967,28.04081],[129.149245,28.04086],[129.14917,28.040926],[129.148933,28.041243],[129.148733,28.041518],[129.14872,28.04166],[129.148783,28.041818],[129.148745,28.042243],[129.14872,28.042435],[129.148645,28.042451],[129.14827,28.04256],[129.14812,28.042676],[129.148133,28.042835],[129.148458,28.042868],[129.148608,28.042876],[129.150933,28.044126],[129.151008,28.044368],[129.151158,28.044559],[129.15127,28.044934],[129.151195,28.045393],[129.151133,28.046076],[129.151083,28.046526],[129.15102,28.046942],[129.150933,28.047167],[129.150683,28.047459],[129.150308,28.047684],[129.150033,28.047717],[129.149633,28.047842],[129.149258,28.047792],[129.148783,28.047801],[129.148695,28.048009],[129.14842,28.048259],[129.148458,28.048617],[129.148295,28.048917],[129.148295,28.0491],[129.148333,28.049175],[129.148483,28.049317],[129.14902,28.049642],[129.149283,28.049717],[129.149695,28.049942],[129.149882,28.05],[129.14997,28.049975],[129.150107,28.049725],[129.150582,28.049459],[129.150645,28.049425],[129.153545,28.049825],[129.15372,28.0499],[129.15457,28.0504],[129.154895,28.050809],[129.15512,28.051217],[129.155282,28.051658],[129.15552,28.052],[129.155732,28.052067],[129.155932,28.052092],[129.156007,28.052092],[129.157757,28.052508],[129.158007,28.05315],[129.158219,28.053708],[129.158382,28.054375],[129.158344,28.054791],[129.158457,28.055075],[129.158719,28.055433],[129.158669,28.055525],[129.158519,28.055741],[129.158444,28.056008],[129.158419,28.056416],[129.158394,28.056625],[129.158182,28.056908],[129.157769,28.056991],[129.157619,28.057141],[129.157107,28.057466],[129.157094,28.057625],[129.157219,28.057958],[129.157369,28.058341],[129.157657,28.058641],[129.158394,28.059099],[129.158369,28.059483],[129.158431,28.059699],[129.158519,28.059899],[129.161694,28.059716],[129.161921,28.059718],[129.162106,28.059724],[129.162519,28.060116],[129.162993,28.060483],[129.163606,28.060999],[129.164193,28.061399],[129.164468,28.061616],[129.163968,28.061908],[129.164006,28.062041],[129.164081,28.062099],[129.165331,28.063549],[129.165318,28.063633],[129.165206,28.063982],[129.164843,28.064557],[129.164556,28.065016],[129.164618,28.065291],[129.164868,28.065574],[129.165156,28.065732],[129.165281,28.065807],[129.165318,28.066082],[129.165405,28.066457],[129.16563,28.066666],[129.165755,28.066899],[129.165905,28.067157],[129.16623,28.067341],[129.166743,28.067591],[129.167105,28.067741],[129.167418,28.067841],[129.168018,28.067932],[129.168305,28.067874],[129.16863,28.067757],[129.168943,28.067724],[129.169107,28.067746],[129.169143,28.068282],[129.170105,28.068182],[129.170092,28.068357],[129.17018,28.068566],[129.170455,28.068666],[129.17108,28.068666],[129.171667,28.068524],[129.17188,28.068474],[129.17223,28.068766],[129.172492,28.069074],[129.172542,28.069149],[129.172567,28.069091],[129.172667,28.068766],[129.172855,28.068482],[129.173017,28.068249],[129.17293,28.067957],[129.172742,28.067532],[129.17258,28.067266],[129.17258,28.067149],[129.17273,28.066916],[129.172855,28.066707],[129.17293,28.066516],[129.172942,28.066399],[129.17293,28.066224],[129.173055,28.066166],[129.17318,28.065924],[129.173305,28.065558],[129.17323,28.065266],[129.173092,28.065074],[129.17288,28.064916],[129.172355,28.064783],[129.17193,28.064849],[129.171667,28.064741],[129.171455,28.064366],[129.171143,28.064066],[129.171018,28.063983],[129.170855,28.063649],[129.170543,28.063033],[129.170043,28.062349],[129.169843,28.061933],[129.169805,28.061791],[129.17003,28.061516],[129.170068,28.061383],[129.170043,28.061125],[129.169968,28.06075],[129.169968,28.060366],[129.170118,28.059691],[129.170243,28.059133],[129.170368,28.058725],[129.17053,28.0584],[129.170705,28.05805],[129.170843,28.057883],[129.171193,28.057542],[129.171568,28.057325],[129.17203,28.057167],[129.172468,28.057058],[129.172805,28.056958],[129.173168,28.05685],[129.173218,28.056575],[129.17303,28.056267],[129.173068,28.055892],[129.173168,28.055475],[129.17323,28.055084],[129.173418,28.054784],[129.173755,28.0544],[129.174005,28.053942],[129.174068,28.0535],[129.17423,28.053009],[129.174505,28.052525],[129.174868,28.051892],[129.175143,28.051609],[129.17538,28.051317],[129.175743,28.050926],[129.17603,28.050651],[129.17633,28.050417],[129.17653,28.050376],[129.176893,28.050359],[129.177055,28.050301],[129.17723,28.049951],[129.177618,28.049693],[129.178105,28.049601],[129.178518,28.049526],[129.17883,28.049459],[129.178742,28.049301],[129.178867,28.049218],[129.178892,28.048926],[129.178918,28.048643],[129.178843,28.048401],[129.17863,28.048351],[129.17813,28.048493],[129.177768,28.048251],[129.17748,28.047951],[129.17713,28.047618],[129.17683,28.047551],[129.176455,28.047418],[129.175993,28.047384],[129.175868,28.047443],[129.175743,28.047568],[129.17558,28.047843],[129.175405,28.048068],[129.175205,28.048209],[129.174843,28.048209],[129.174455,28.048109],[129.17403,28.048068],[129.173793,28.048226],[129.173343,28.048226],[129.172756,28.048376],[129.172381,28.048534],[129.172031,28.048551],[129.171381,28.048393],[129.170981,28.048309],[129.170631,28.048151],[129.170006,28.047926],[129.169493,28.047693],[129.169081,28.047459],[129.168931,28.047343],[129.168694,28.047043],[129.168556,28.046884],[129.168319,28.046809],[129.168156,28.046793],[129.167906,28.046693],[129.167631,28.046459],[129.167069,28.046334],[129.166806,28.046509],[129.166419,28.046293],[129.166256,28.045943],[129.166069,28.045418],[129.165744,28.044876],[129.165569,28.044426],[129.165556,28.043943],[129.165644,28.043176],[129.165731,28.04241],[129.165906,28.041677],[129.166106,28.041202],[129.166219,28.041068],[129.166519,28.041002],[129.167156,28.041035],[129.167581,28.04101],[129.167994,28.040868],[129.168381,28.040568],[129.168731,28.040243],[129.168956,28.039977],[129.169119,28.03971],[129.169306,28.039335],[129.169469,28.038977],[129.169669,28.038852],[129.169781,28.038694],[129.169956,28.03826],[129.170069,28.037669],[129.170244,28.036994],[129.170231,28.036802],[129.170156,28.036577],[129.170069,28.036394],[129.169981,28.036219],[129.169994,28.035836],[129.169856,28.035736],[129.169569,28.035502],[129.169344,28.035236],[129.169194,28.034986],[129.169081,28.034811],[129.168881,28.034719],[129.168781,28.034811],[129.168619,28.034927],[129.168306,28.034902],[129.168156,28.034802],[129.167719,28.034619],[129.167294,28.034461],[129.167119,28.034161],[129.167032,28.033886],[129.166869,28.033519],[129.166732,28.033228],[129.166557,28.032869],[129.166369,28.032611],[129.166157,28.032319],[129.165932,28.031928],[129.165744,28.031511],[129.165657,28.031094],[129.165632,28.030828],[129.165607,28.030511],[129.165569,28.030353],[129.165519,28.030219],[129.165407,28.030344],[129.165207,28.030328],[129.165044,28.030153],[129.164832,28.029895],[129.164682,28.02962],[129.164569,28.029378],[129.164482,28.029145],[129.164444,28.029053],[129.16447,28.028595],[129.164557,28.028303],[129.164632,28.027978],[129.164545,28.02762],[129.164395,28.027528],[129.164107,28.02717],[129.163995,28.02702],[129.16397,28.026787],[129.164095,28.02612],[129.164132,28.025745],[129.164057,28.025195],[129.16402,28.024853],[129.16407,28.02442],[129.164157,28.024262],[129.164357,28.024112],[129.164507,28.02407],[129.16492,28.02407],[129.165257,28.023837],[129.165432,28.023495],[129.165495,28.023304],[129.165607,28.022954],[129.165607,28.022704],[129.165557,28.022537],[129.165482,28.022304],[129.16547,28.022112],[129.165732,28.022046],[129.16587,28.021921],[129.165732,28.021571],[129.165707,28.021496],[129.165532,28.021237],[129.16532,28.021121],[129.165032,28.021171],[129.164957,28.021162],[129.164945,28.021079],[129.164695,28.020712],[129.164345,28.020512],[129.164107,28.020446],[129.16367,28.020304],[129.163532,28.020179],[129.163207,28.020312],[129.163007,28.020262],[129.162845,28.020029],[129.162745,28.019879],[129.16247,28.019879],[129.162257,28.020004],[129.162057,28.020004],[129.162007,28.019862],[129.16197,28.019771],[129.161832,28.019612],[129.16162,28.019762],[129.161545,28.019829],[129.161333,28.019596],[129.161133,28.019487],[129.16097,28.019287],[129.160808,28.019062],[129.16072,28.018696],[129.160683,28.018146],[129.16057,28.017929],[129.16037,28.017804],[129.160145,28.017846],[129.15992,28.017938],[129.159708,28.017946],[129.15957,28.017913],[129.159583,28.017846],[129.159608,28.017671],[129.159583,28.017438],[129.159283,28.017229],[129.158945,28.017263],[129.158695,28.017338],[129.158183,28.017538],[129.157945,28.017588],[129.15742,28.017363],[129.157033,28.017354],[129.156383,28.017404],[129.155671,28.017554],[129.154958,28.017688],[129.154633,28.017896],[129.154083,28.018162],[129.153733,28.018271],[129.153196,28.018212],[129.153171,28.017946],[129.153171,28.017529],[129.153008,28.017179],[129.152783,28.016813],[129.152696,28.016671],[129.152471,28.016596],[129.152533,28.016371],[129.152608,28.015988],[129.152571,28.015838]]],"type":"Polygon"},"properties":{"kuni":"大隅","id":"G70011","kuni_url":"/kg/resource/K70.html","id_url":"G70011.html","kuni_id":"K70","pref":"鹿児島県","name":"大島","yomi":"おおしま"}},{"type":"Feature","properties":{"kuni":"大隅","id":"G70011","kuni_url":"/kg/resource/K70.html","id_url":"G70011.html","kuni_id":"K70","pref":"鹿児島県","name":"大島","yomi":"おおしま"},"geometry":{"type":"Polygon","coordinates":[[[129.214628,28.020164],[129.21444,28.02018],[129.214228,28.020355],[129.214265,28.020672],[129.214415,28.020947],[129.21434,28.021164],[129.214203,28.02143],[129.214015,28.021688],[129.213665,28.021813],[129.213365,28.022088],[129.213065,28.022513],[129.212978,28.022605],[129.212515,28.022738],[129.212116,28.022738],[129.211853,28.022597],[129.211766,28.022597],[129.211778,28.022788],[129.211853,28.023122],[129.211641,28.023705],[129.211516,28.024263],[129.211416,28.024755],[129.21139,28.025105],[129.211303,28.025455],[129.211277,28.025519],[129.21124,28.025571],[129.211253,28.025863],[129.211215,28.026138],[129.211115,28.026296],[129.21119,28.026638],[129.211365,28.026946],[129.21139,28.027104],[129.211328,28.027346],[129.211203,28.027879],[129.21104,28.028471],[129.210953,28.028913],[129.210865,28.029204],[129.210786,28.029293],[129.210728,28.029404],[129.210628,28.029787],[129.210428,28.030054],[129.210153,28.030404],[129.209765,28.030871],[129.20929,28.031329],[129.208865,28.031712],[129.208553,28.031979],[129.208178,28.032312],[129.207891,28.032495],[129.207478,28.03262],[129.207078,28.032729],[129.207059,28.032844],[129.207066,28.032995],[129.207003,28.033254],[129.206578,28.03352],[129.206303,28.033637],[129.206251,28.033735],[129.206203,28.033853],[129.206141,28.03397],[129.205853,28.034028],[129.205691,28.034095],[129.205653,28.034228],[129.205603,28.034337],[129.205516,28.034695],[129.205441,28.035062],[129.205366,28.035253],[129.205166,28.035295],[129.205053,28.03527],[129.205078,28.03557],[129.205153,28.035812],[129.205203,28.035995],[129.205141,28.036195],[129.205097,28.036254],[129.205078,28.036303],[129.205203,28.036536],[129.205341,28.036936],[129.205316,28.037378],[129.205316,28.037528],[129.205253,28.037761],[129.205128,28.037995],[129.205041,28.038345],[129.205041,28.038586],[129.205153,28.038878],[129.205403,28.039236],[129.205715,28.039669],[129.206003,28.040128],[129.206053,28.040411],[129.20609,28.040803],[129.206065,28.041194],[129.20609,28.041519],[129.206165,28.041686],[129.206228,28.041744],[129.206465,28.041919],[129.206815,28.042203],[129.207215,28.042494],[129.207578,28.042744],[129.208065,28.043086],[129.208428,28.043253],[129.209002,28.043319],[129.209502,28.043394],[129.20959,28.043611],[129.20969,28.043811],[129.209865,28.043944],[129.210352,28.043986],[129.210777,28.044153],[129.211115,28.044402],[129.211277,28.044552],[129.211602,28.044786],[129.211727,28.044927],[129.212015,28.045219],[129.212302,28.045602],[129.212627,28.046252],[129.212877,28.046736],[129.213014,28.047077],[129.213177,28.047594],[129.213339,28.048027],[129.213452,28.048402],[129.213502,28.048627],[129.213489,28.048927],[129.213352,28.049352],[129.213202,28.049902],[129.213039,28.050527],[129.212939,28.050935],[129.213014,28.051327],[129.213102,28.05156],[129.213039,28.051835],[129.213027,28.052127],[129.213102,28.052302],[129.213077,28.052668],[129.213014,28.053068],[129.213164,28.053335],[129.213364,28.053643],[129.213352,28.053802],[129.213202,28.05401],[129.213314,28.054293],[129.213589,28.054643],[129.213739,28.054818],[129.213952,28.054885],[129.214152,28.054726],[129.214327,28.054735],[129.214539,28.054818],[129.214926,28.054827],[129.215789,28.054685],[129.216176,28.05471],[129.216426,28.054702],[129.216714,28.054635],[129.216826,28.05456],[129.217039,28.054102],[129.217076,28.053685],[129.217189,28.053068],[129.217376,28.052485],[129.217589,28.052094],[129.217876,28.051685],[129.218264,28.051294],[129.218751,28.05091],[129.219239,28.05051],[129.219664,28.050144],[129.219989,28.049802],[129.220176,28.049494],[129.220251,28.049252],[129.220251,28.049061],[129.220314,28.048886],[129.220539,28.048694],[129.221089,28.048411],[129.221576,28.048161],[129.222014,28.047836],[129.222614,28.047427],[129.222964,28.047061],[129.223301,28.046661],[129.223439,28.046486],[129.223739,28.046436],[129.224139,28.046136],[129.224564,28.045636],[129.224926,28.045119],[129.225426,28.044694],[129.225739,28.044586],[129.226138,28.044445],[129.226313,28.044136],[129.226351,28.04397],[129.226301,28.043736],[129.226414,28.043561],[129.226501,28.043461],[129.226776,28.043295],[129.227138,28.043045],[129.227388,28.042911],[129.227388,28.042753],[129.227363,28.042536],[129.227376,28.042353],[129.227563,28.042111],[129.228038,28.041753],[129.228263,28.041528],[129.228488,28.041228],[129.228726,28.040737],[129.228901,28.040462],[129.229288,28.039987],[129.229751,28.039545],[129.230076,28.03927],[129.230301,28.038987],[129.230513,28.038695],[129.230613,28.038512],[129.230801,28.038095],[129.231013,28.037662],[129.231326,28.037304],[129.231588,28.037254],[129.231751,28.036862],[129.231463,28.036421],[129.231076,28.036012],[129.230851,28.035729],[129.230726,28.035462],[129.230789,28.035046],[129.230789,28.034879],[129.230651,28.034712],[129.230539,28.034446],[129.230551,28.034146],[129.230976,28.033746],[129.231564,28.033296],[129.231913,28.033029],[129.232376,28.032729],[129.233151,28.032421],[129.233801,28.031996],[129.234338,28.031646],[129.234963,28.031296],[129.235851,28.031105],[129.236488,28.03103],[129.236976,28.03108],[129.237463,28.031046],[129.237976,28.031038],[129.238451,28.030955],[129.238913,28.030796],[129.23935,28.03083],[129.239538,28.031013],[129.239838,28.031388],[129.240175,28.03183],[129.240513,28.032238],[129.240888,28.032621],[129.241213,28.032813],[129.241913,28.03288],[129.242538,28.032938],[129.243038,28.033163],[129.243225,28.033396],[129.243388,28.033555],[129.2438,28.033688],[129.244025,28.033854],[129.243925,28.034188],[129.244075,28.034404],[129.244275,28.034338],[129.2443,28.034404],[129.244375,28.034588],[129.244437,28.034729],[129.24455,28.035013],[129.244775,28.035346],[129.2451,28.035746],[129.245537,28.036121],[129.245825,28.036438],[129.24595,28.036854],[129.245925,28.037329],[129.246025,28.037679],[129.2464,28.037837],[129.24675,28.037837],[129.247075,28.038121],[129.247212,28.038562],[129.2472,28.038871],[129.247399,28.039154],[129.247889,28.039524],[129.248037,28.039521],[129.248362,28.039329],[129.248599,28.039129],[129.248749,28.039112],[129.248924,28.039229],[129.249362,28.039154],[129.249737,28.039112],[129.250149,28.039187],[129.250537,28.039329],[129.250749,28.039546],[129.250912,28.039837],[129.251087,28.039996],[129.251387,28.040121],[129.251612,28.040129],[129.251637,28.040321],[129.251612,28.040654],[129.251649,28.040837],[129.251724,28.040887],[129.251849,28.040737],[129.251962,28.040421],[129.252012,28.040354],[129.252162,28.040421],[129.252237,28.040354],[129.252412,28.040046],[129.252437,28.039746],[129.252074,28.039387],[129.251762,28.039104],[129.251662,28.038837],[129.251649,28.038612],[129.251674,28.038446],[129.251774,28.038188],[129.251624,28.037921],[129.251587,28.037738],[129.251662,28.037446],[129.251799,28.037121],[129.251924,28.037004],[129.251999,28.036963],[129.252312,28.037004],[129.252562,28.036888],[129.252687,28.036754],[129.252862,28.036771],[129.253112,28.036779],[129.253312,28.036863],[129.253487,28.037021],[129.253687,28.036963],[129.253699,28.036813],[129.253662,28.036671],[129.253399,28.036471],[129.253112,28.036229],[129.253024,28.035946],[129.253087,28.03558],[129.253149,28.035488],[129.253412,28.035355],[129.253487,28.035163],[129.253512,28.034955],[129.253637,28.03468],[129.253837,28.034421],[129.253987,28.034271],[129.254174,28.034146],[129.254324,28.034188],[129.254499,28.03413],[129.254449,28.033946],[129.254324,28.033755],[129.254112,28.033688],[129.253987,28.033538],[129.253812,28.033296],[129.253724,28.033113],[129.253537,28.032788],[129.253337,28.032563],[129.253062,28.032138],[129.252962,28.031955],[129.252924,28.031888],[129.252962,28.031722],[129.253237,28.031413],[129.253737,28.030955],[129.254099,28.030647],[129.254399,28.030405],[129.254674,28.030272],[129.255024,28.030172],[129.255424,28.030072],[129.256024,28.029922],[129.256449,28.029847],[129.256799,28.02983],[129.257012,28.029872],[129.257149,28.029964],[129.257212,28.030039],[129.257312,28.030314],[129.257387,28.03068],[129.257412,28.030838],[129.257412,28.030997],[129.257487,28.031063],[129.257849,28.03093],[129.257924,28.030772],[129.258524,28.030822],[129.258962,28.030989],[129.259349,28.031147],[129.259624,28.031305],[129.259624,28.031397],[129.259736,28.031722],[129.259761,28.032013],[129.259811,28.032347],[129.259924,28.032605],[129.260011,28.032763],[129.260274,28.033013],[129.260386,28.033263],[129.260386,28.033522],[129.260361,28.033822],[129.260386,28.033897],[129.260449,28.033888],[129.260611,28.033855],[129.260824,28.033888],[129.260924,28.03398],[129.261261,28.034238],[129.261549,28.034438],[129.261786,28.034638],[129.261986,28.034863],[129.262211,28.035163],[129.262486,28.035521],[129.262786,28.035738],[129.263186,28.035938],[129.263723,28.036121],[129.264036,28.03628],[129.264261,28.036446],[129.264248,28.036663],[129.264298,28.03688],[129.264498,28.037021],[129.264823,28.037238],[129.264973,28.037563],[129.265086,28.037955],[129.265111,28.038088],[129.265248,28.03783],[129.265386,28.037446],[129.265461,28.037088],[129.265523,28.036638],[129.265523,28.036338],[129.265536,28.036146],[129.265648,28.036288],[129.265736,28.036446],[129.265848,28.036555],[129.265973,28.036496],[129.266148,28.036221],[129.266248,28.03608],[129.266523,28.035905],[129.266723,28.03573],[129.266773,28.035655],[129.266873,28.035738],[129.267236,28.035988],[129.267411,28.036122],[129.267461,28.035963],[129.267548,28.035538],[129.267648,28.035297],[129.267786,28.035322],[129.267798,28.035472],[129.267736,28.035705],[129.267836,28.035905],[129.267886,28.035847],[129.267998,28.03553],[129.268098,28.035455],[129.268411,28.03568],[129.268548,28.03563],[129.268686,28.035455],[129.268548,28.035138],[129.268311,28.03468],[129.268211,28.034688],[129.267948,28.034763],[129.267561,28.034597],[129.267336,28.034522],[129.267236,28.034188],[129.267361,28.033838],[129.267698,28.033522],[129.268086,28.033239],[129.268248,28.033164],[129.268348,28.033139],[129.268536,28.033447],[129.268773,28.033688],[129.268936,28.033797],[129.269161,28.033805],[129.269448,28.033614],[129.269548,28.033397],[129.269573,28.033055],[129.269511,28.032714],[129.269473,28.032222],[129.269436,28.032097],[129.269248,28.03198],[129.268923,28.031905],[129.268736,28.031797],[129.268536,28.031455],[129.268298,28.031105],[129.268111,28.030672],[129.267923,28.030222],[129.267873,28.029939],[129.267886,28.029872],[129.267973,28.029797],[129.268048,28.029697],[129.268061,28.029564],[129.267948,28.029222],[129.267973,28.028831],[129.268049,28.028431],[129.268086,28.028156],[129.268161,28.028047],[129.268349,28.027697],[129.268686,28.027256],[129.268936,28.026939],[129.269224,28.026531],[129.269486,28.026323],[129.269823,28.026164],[129.269948,28.025948],[129.269823,28.025681],[129.269599,28.025406],[129.269361,28.025248],[129.269174,28.025131],[129.268624,28.024673],[129.268386,28.024356],[129.268186,28.024015],[129.267849,28.023556],[129.267336,28.022931],[129.267186,28.022665],[129.266949,28.022231],[129.266724,28.021715],[129.266574,28.021148],[129.266486,28.020631],[129.266374,28.02004],[129.266374,28.019465],[129.266462,28.01899],[129.266487,28.018923],[129.266762,28.01879],[129.267136,28.018632],[129.267461,28.018348],[129.267649,28.01804],[129.267786,28.017824],[129.268174,28.017915],[129.268786,28.017899],[129.269236,28.017699],[129.269474,28.017549],[129.269549,28.01744],[129.269461,28.017357],[129.269286,28.017157],[129.269524,28.016965],[129.269549,28.016824],[129.269299,28.016665],[129.268936,28.01659],[129.268986,28.016282],[129.269211,28.016074],[129.269286,28.015857],[129.269099,28.015765],[129.268724,28.015782],[129.268424,28.015749],[129.268124,28.015499],[129.268049,28.015007],[129.268199,28.014591],[129.268099,28.014291],[129.267849,28.014049],[129.267674,28.013974],[129.267549,28.013957],[129.267487,28.013841],[129.267299,28.013566],[129.266974,28.013166],[129.266587,28.012741],[129.266062,28.012232],[129.265449,28.011624],[129.265362,28.011533],[129.265449,28.011408],[129.265524,28.011208],[129.265324,28.011066],[129.264874,28.010733],[129.264562,28.010941],[129.264349,28.010649],[129.264025,28.010408],[129.263725,28.010416],[129.26335,28.010533],[129.262875,28.010458],[129.262387,28.010266],[129.262137,28.010049],[129.2618,28.009841],[129.261637,28.009716],[129.261287,28.009408],[129.26115,28.009216],[129.261187,28.009049],[129.2614,28.008724],[129.261487,28.008516],[129.261412,28.008283],[129.26125,28.008166],[129.261075,28.007983],[129.261037,28.0077],[129.261075,28.0076],[129.261187,28.007591],[129.2615,28.007625],[129.261387,28.007333],[129.260912,28.006975],[129.26065,28.007016],[129.26055,28.007125],[129.260524,28.007128],[129.260512,28.007116],[129.260475,28.007033],[129.260325,28.006708],[129.260037,28.00645],[129.25995,28.006483],[129.25955,28.006441],[129.259212,28.006391],[129.259137,28.006475],[129.259087,28.006633],[129.258962,28.0066],[129.258888,28.006441],[129.259025,28.006316],[129.259038,28.006158],[129.258738,28.006091],[129.258588,28.00595],[129.258513,28.005758],[129.258425,28.005733],[129.258338,28.005716],[129.258113,28.006233],[129.257875,28.00615],[129.25795,28.005941],[129.258013,28.005633],[129.25785,28.005366],[129.257525,28.005333],[129.257175,28.005483],[129.2568,28.005883],[129.256463,28.00635],[129.256313,28.006583],[129.256638,28.006791],[129.256263,28.007383],[129.256363,28.007691],[129.25635,28.008066],[129.256175,28.008349],[129.255725,28.008508],[129.255463,28.008733],[129.255425,28.008824],[129.255788,28.009083],[129.256213,28.009233],[129.255963,28.009399],[129.255788,28.009449],[129.255738,28.009541],[129.255863,28.009699],[129.255975,28.010149],[129.255763,28.010624],[129.255613,28.011099],[129.25545,28.011374],[129.255225,28.011532],[129.254938,28.011624],[129.254888,28.011707],[129.254913,28.011824],[129.254888,28.012257],[129.254775,28.012349],[129.254538,28.012707],[129.25415,28.013132],[129.25395,28.013465],[129.2535,28.014007],[129.25315,28.014307],[129.252888,28.014499],[129.252638,28.014657],[129.25225,28.014948],[129.251975,28.015232],[129.251463,28.015707],[129.251113,28.01594],[129.25075,28.016165],[129.250338,28.016423],[129.249975,28.016657],[129.249663,28.016965],[129.249275,28.017281],[129.249038,28.01719],[129.24855,28.01694],[129.2483,28.01694],[129.248,28.016981],[129.24785,28.017056],[129.247325,28.017215],[129.246938,28.01744],[129.246663,28.01779],[129.246338,28.018023],[129.245975,28.018206],[129.245351,28.018381],[129.245138,28.018756],[129.244963,28.018965],[129.244876,28.018981],[129.244238,28.019131],[129.243576,28.019198],[129.242813,28.019298],[129.242613,28.019289],[129.242176,28.019098],[129.241801,28.018881],[129.241613,28.018764],[129.241313,28.018781],[129.240713,28.018648],[129.240038,28.018639],[129.239863,28.018664],[129.239776,28.018989],[129.239651,28.019481],[129.239488,28.019598],[129.239238,28.019906],[129.239101,28.020289],[129.238863,28.020606],[129.238451,28.020939],[129.238188,28.021306],[129.237926,28.021589],[129.237463,28.021831],[129.237039,28.022006],[129.236814,28.022214],[129.236539,28.022456],[129.235976,28.022639],[129.235514,28.023056],[129.235364,28.023197],[129.234539,28.023455],[129.233689,28.02383],[129.233264,28.024014],[129.232864,28.024064],[129.232551,28.023997],[129.232476,28.024022],[129.232114,28.02403],[129.231801,28.024039],[129.231414,28.024314],[129.231251,28.024405],[129.230851,28.024439],[129.230564,28.024297],[129.230314,28.02418],[129.229977,28.023939],[129.229752,28.023814],[129.229477,28.023714],[129.229227,28.023622],[129.229064,28.023422],[129.228927,28.023147],[129.228852,28.023097],[129.228689,28.023289],[129.228727,28.023564],[129.228477,28.023797],[129.228639,28.023947],[129.228764,28.024064],[129.228727,28.024263],[129.228552,28.02438],[129.228152,28.024555],[129.227527,28.024763],[129.227252,28.024705],[129.227039,28.024738],[129.227002,28.024822],[129.226577,28.024705],[129.226202,28.024605],[129.226164,28.024797],[129.225902,28.025063],[129.225677,28.025088],[129.225514,28.025088],[129.225277,28.025063],[129.224714,28.024988],[129.224164,28.024863],[129.223914,28.024805],[129.223715,28.024905],[129.223402,28.024763],[129.223215,28.02468],[129.223002,28.024705],[129.222752,28.024563],[129.22234,28.02448],[129.221515,28.02453],[129.220627,28.024522],[129.220165,28.02438],[129.21984,28.024205],[129.21949,28.02438],[129.219277,28.024497],[129.219002,28.024222],[129.21849,28.023997],[129.218352,28.023888],[129.218277,28.02333],[129.218053,28.023205],[129.21794,28.023072],[129.217728,28.023172],[129.217528,28.02333],[129.217478,28.023397],[129.21734,28.023338],[129.21719,28.023205],[129.21704,28.02293],[129.216665,28.022588],[129.21649,28.022222],[129.216403,28.021863],[129.216253,28.021672],[129.21609,28.021589],[129.21584,28.021547],[129.215765,28.021255],[129.21574,28.020697],[129.215553,28.020539],[129.215328,28.020347],[129.21524,28.020539],[129.215103,28.020772],[129.214903,28.020772],[129.214803,28.020447],[129.214703,28.020247],[129.214628,28.020164]]]}},{"geometry":{"coordinates":[[[128.964838,27.857815],[128.965138,27.85784],[128.965538,27.857974],[128.965813,27.858157],[128.966051,27.858182],[128.966451,27.858157],[128.966726,27.858157],[128.966913,27.858224],[128.967238,27.858274],[128.967451,27.858365],[128.967738,27.85854],[128.968063,27.858432],[128.968313,27.858432],[128.968501,27.858499],[128.968713,27.858499],[128.968826,27.858432],[128.969038,27.858365],[128.969251,27.858207],[128.969301,27.857915],[128.969676,27.85764],[128.969838,27.857557],[128.970326,27.857532],[128.970488,27.85749],[128.970626,27.857374],[128.970751,27.857057],[128.970813,27.85679],[128.971051,27.85634],[128.971188,27.856182],[128.971376,27.856024],[128.971588,27.855507],[128.971676,27.855166],[128.971676,27.854982],[128.971613,27.854807],[128.971613,27.854507],[128.971676,27.854266],[128.971538,27.853857],[128.971438,27.853382],[128.971326,27.853249],[128.971138,27.853116],[128.971001,27.852882],[128.971088,27.852749],[128.971376,27.852658],[128.971463,27.852591],[128.971588,27.852641],[128.971701,27.852733],[128.971863,27.852733],[128.971913,27.852708],[128.971976,27.852549],[128.971938,27.852124],[128.971838,27.852008],[128.971601,27.851891],[128.971513,27.851824],[128.971538,27.851691],[128.972138,27.851533],[128.972326,27.851466],[128.972426,27.850924],[128.972401,27.850608],[128.972001,27.850474],[128.971726,27.850249],[128.971651,27.850049],[128.971513,27.849416],[128.971113,27.848241],[128.971088,27.847725],[128.970826,27.8472],[128.970901,27.846416],[128.970801,27.846008],[128.970714,27.845966],[128.970526,27.84605],[128.970364,27.845941],[128.970226,27.845758],[128.970201,27.845441],[128.970151,27.845333],[128.969989,27.845192],[128.969776,27.845083],[128.968964,27.844858],[128.968864,27.844858],[128.968676,27.84495],[128.968401,27.845283],[128.968114,27.845416],[128.967739,27.845308],[128.967489,27.845191],[128.967301,27.845033],[128.967014,27.8447],[128.966814,27.844333],[128.966476,27.843842],[128.966314,27.843342],[128.966251,27.842825],[128.966314,27.8426],[128.966289,27.84255],[128.966064,27.842442],[128.965826,27.84215],[128.965664,27.841608],[128.965664,27.840634],[128.965727,27.840542],[128.965914,27.840434],[128.966077,27.840234],[128.966402,27.839625],[128.966552,27.8394],[128.966752,27.839217],[128.967227,27.838925],[128.967339,27.838792],[128.967602,27.838134],[128.967952,27.837725],[128.968414,27.837551],[128.968627,27.837526],[128.968789,27.837576],[128.969026,27.837734],[128.969214,27.837776],[128.969464,27.837751],[128.969914,27.837617],[128.970164,27.837459],[128.970264,27.837284],[128.970514,27.837134],[128.970601,27.836984],[128.970989,27.836226],[128.971214,27.835592],[128.971251,27.834917],[128.970951,27.834668],[128.970927,27.834601],[128.971076,27.834468],[128.971351,27.834334],[128.971901,27.833951],[128.972439,27.833393],[128.972939,27.832809],[128.973426,27.832768],[128.973826,27.832659],[128.974001,27.832593],[128.974151,27.832434],[128.974226,27.832234],[128.974189,27.831535],[128.974214,27.83126],[128.974114,27.831126],[128.973989,27.83106],[128.973814,27.831076],[128.973539,27.831276],[128.973152,27.831343],[128.972877,27.831593],[128.972802,27.831593],[128.972252,27.831318],[128.971952,27.831226],[128.971702,27.831243],[128.971427,27.831401],[128.971327,27.831401],[128.971227,27.831334],[128.971127,27.831193],[128.970777,27.831234],[128.969927,27.831076],[128.968977,27.830776],[128.968427,27.830501],[128.968152,27.830293],[128.967389,27.829476],[128.967039,27.82896],[128.966702,27.828076],[128.966502,27.826676],[128.96654,27.825568],[128.966602,27.824627],[128.96654,27.823743],[128.96659,27.823477],[128.966815,27.823002],[128.967015,27.822843],[128.967627,27.822535],[128.967702,27.822194],[128.967752,27.822102],[128.968027,27.821902],[128.968302,27.821885],[128.968302,27.82186],[128.968352,27.821835],[128.968965,27.821144],[128.969165,27.820494],[128.969102,27.820127],[128.968927,27.819952],[128.968902,27.819835],[128.968877,27.81981],[128.96874,27.818302],[128.96884,27.817736],[128.969052,27.817194],[128.969377,27.816769],[128.969727,27.816619],[128.969952,27.816636],[128.97034,27.816302],[128.970865,27.816036],[128.97144,27.815952],[128.971965,27.815911],[128.97244,27.815978],[128.97264,27.816094],[128.97274,27.816228],[128.972865,27.816319],[128.972915,27.816303],[128.97304,27.816278],[128.97324,27.816369],[128.97344,27.816394],[128.97354,27.816353],[128.97364,27.816286],[128.973765,27.816061],[128.973927,27.815361],[128.974002,27.815178],[128.97489,27.814511],[128.975215,27.814378],[128.975715,27.814219],[128.976215,27.814136],[128.977152,27.813844],[128.977502,27.813694],[128.978477,27.813136],[128.979564,27.812628],[128.980089,27.812445],[128.980927,27.81227],[128.981177,27.812211],[128.981327,27.81212],[128.981814,27.811036],[128.982064,27.810928],[128.982314,27.810478],[128.982702,27.809895],[128.982927,27.809645],[128.983152,27.809562],[128.983202,27.809337],[128.983127,27.809062],[128.983139,27.808162],[128.983439,27.807553],[128.983727,27.807195],[128.983902,27.807312],[128.984002,27.807312],[128.984102,27.807195],[128.984339,27.806095],[128.984464,27.805779],[128.984789,27.805379],[128.985289,27.805179],[128.985389,27.805112],[128.985502,27.804929],[128.985602,27.804995],[128.985777,27.805004],[128.986152,27.80462],[128.986377,27.804437],[128.986602,27.804354],[128.987202,27.804337],[128.987739,27.804221],[128.988064,27.804179],[128.988639,27.804212],[128.988739,27.804229],[128.989164,27.804596],[128.989264,27.804529],[128.989539,27.804529],[128.989739,27.804421],[128.990089,27.804154],[128.990289,27.804104],[128.990839,27.804154],[128.991914,27.804387],[128.992114,27.804504],[128.992439,27.804937],[128.992614,27.805137],[128.992814,27.805387],[128.993039,27.805454],[128.993339,27.805346],[128.993839,27.804971],[128.993939,27.804829],[128.994189,27.804854],[128.994389,27.804929],[128.994514,27.805246],[128.994639,27.805287],[128.994714,27.805262],[128.994939,27.805312],[128.995339,27.805562],[128.995589,27.805812],[128.995664,27.805812],[128.995964,27.805654],[128.996289,27.805662],[128.996689,27.805754],[128.996914,27.805779],[128.997189,27.805754],[128.997314,27.805687],[128.997389,27.805579],[128.997401,27.805329],[128.997526,27.804521],[128.997501,27.804246],[128.997664,27.804021],[128.997664,27.803912],[128.997589,27.803754],[128.997589,27.803212],[128.997489,27.802896],[128.997439,27.802804],[128.997576,27.802604],[128.997915,27.802271],[128.999001,27.801271],[128.999539,27.800879],[129.000464,27.800446],[129.001401,27.800063],[129.001551,27.799896],[129.001626,27.799513],[129.001926,27.799513],[129.002801,27.798471],[129.002964,27.798213],[129.002976,27.797805],[129.003076,27.797605],[129.003189,27.797513],[129.003488,27.797605],[129.003588,27.797605],[129.005088,27.796222],[129.005113,27.796163],[129.005426,27.79588],[129.006826,27.794938],[129.007976,27.79418],[129.009151,27.793355],[129.009451,27.793164],[129.009851,27.792847],[129.010263,27.792439],[129.010451,27.79218],[129.011013,27.791047],[129.011463,27.790372],[129.012513,27.789331],[129.012663,27.789189],[129.012801,27.788881],[129.013038,27.788922],[129.013126,27.788922],[129.013263,27.788664],[129.013588,27.787772],[129.014176,27.787347],[129.014876,27.786406],[129.014951,27.786331],[129.015163,27.786348],[129.015238,27.786381],[129.015401,27.786539],[129.015575,27.786597],[129.0158,27.786606],[129.015975,27.786589],[129.016138,27.786523],[129.016338,27.786364],[129.016488,27.786148],[129.016525,27.785889],[129.0165,27.785698],[129.0164,27.785548],[129.016175,27.785314],[129.015876,27.784689],[129.015788,27.784248],[129.015638,27.783948],[129.014988,27.783331],[129.014888,27.782839],[129.014638,27.782739],[129.014526,27.782623],[129.014376,27.781648],[129.014363,27.781456],[129.014526,27.781031],[129.014626,27.780906],[129.014751,27.780848],[129.015063,27.78084],[129.015363,27.780915],[129.015788,27.780806],[129.016338,27.780265],[129.016838,27.780015],[129.016963,27.779698],[129.017388,27.779731],[129.017838,27.779415],[129.017913,27.779315],[129.018826,27.778623],[129.019238,27.77839],[129.019875,27.77819],[129.020225,27.77819],[129.020488,27.778207],[129.020838,27.778107],[129.020913,27.778057],[129.021038,27.777648],[129.021225,27.777515],[129.021425,27.777448],[129.021613,27.777298],[129.021875,27.776898],[129.022075,27.776698],[129.022438,27.776498],[129.022913,27.776398],[129.02315,27.776407],[129.023513,27.77654],[129.023875,27.776748],[129.02415,27.776807],[129.024375,27.776573],[129.0244,27.776565],[129.024675,27.776665],[129.0249,27.776565],[129.026425,27.775799],[129.026487,27.776207],[129.026537,27.776257],[129.0267,27.776099],[129.026737,27.77579],[129.02675,27.775707],[129.027112,27.775682],[129.02745,27.775807],[129.027812,27.775699],[129.0287,27.775715],[129.029275,27.77564],[129.030675,27.775365],[129.030937,27.775274],[129.030975,27.775224],[129.031137,27.775199],[129.031287,27.77524],[129.031837,27.775199],[129.032462,27.775257],[129.032562,27.775365],[129.032662,27.775382],[129.032999,27.774782],[129.033112,27.77464],[129.033399,27.774715],[129.033699,27.774632],[129.033949,27.774249],[129.034749,27.773649],[129.034899,27.773416],[129.035412,27.772941],[129.036187,27.771874],[129.036449,27.771399],[129.036612,27.771199],[129.036687,27.771066],[129.036749,27.770566],[129.036874,27.770066],[129.037362,27.769083],[129.037424,27.769016],[129.037912,27.768949],[129.038012,27.768624],[129.037999,27.768516],[129.037774,27.768324],[129.037512,27.7658],[129.037587,27.7652],[129.037899,27.763866],[129.037987,27.7632],[129.037962,27.762375],[129.037824,27.761675],[129.03725,27.760108],[129.037387,27.759875],[129.037412,27.759759],[129.037275,27.75965],[129.037187,27.759475],[129.037037,27.758875],[129.036775,27.75835],[129.036662,27.7578],[129.036687,27.757075],[129.03665,27.756909],[129.036262,27.75675],[129.035525,27.756017],[129.035437,27.755975],[129.035325,27.755984],[129.035187,27.756042],[129.035075,27.755975],[129.0346,27.75535],[129.034063,27.754517],[129.034063,27.753976],[129.034038,27.753809],[129.034013,27.753576],[129.03375,27.753301],[129.03385,27.753192],[129.034138,27.753142],[129.034313,27.753051],[129.034438,27.752917],[129.034413,27.752667],[129.033513,27.751609],[129.033288,27.751134],[129.033263,27.750893],[129.033,27.750193],[129.032875,27.750101],[129.032775,27.749968],[129.03205,27.748026],[129.03205,27.747801],[129.032225,27.747101],[129.032275,27.746984],[129.032225,27.746785],[129.031888,27.746268],[129.031763,27.746201],[129.031613,27.746176],[129.030851,27.74571],[129.030688,27.745576],[129.030588,27.745501],[129.030238,27.745418],[129.029113,27.744785],[129.028426,27.744201],[129.028138,27.743735],[129.026714,27.74211],[129.026639,27.742001],[129.026589,27.742018],[129.026464,27.742185],[129.026414,27.742185],[129.026126,27.74171],[129.026076,27.741551],[129.025489,27.74171],[129.023514,27.742126],[129.023039,27.742101],[129.022939,27.742126],[129.022889,27.742176],[129.022789,27.742668],[129.023114,27.74276],[129.023189,27.742985],[129.023114,27.743093],[129.023064,27.743118],[129.022814,27.743051],[129.022601,27.742735],[129.022201,27.74251],[129.021739,27.742335],[129.021564,27.742451],[129.021314,27.742293],[129.020927,27.741726],[129.020589,27.740851],[129.021052,27.740485],[129.021402,27.740326],[129.021752,27.739918],[129.021852,27.739851],[129.022214,27.739443],[129.022214,27.739402],[129.022489,27.739352],[129.022639,27.738927],[129.022839,27.738902],[129.022914,27.738835],[129.023064,27.738243],[129.023389,27.737952],[129.023614,27.737543],[129.023489,27.737343],[129.023439,27.737093],[129.022977,27.735785],[129.022877,27.735444],[129.022327,27.73391],[129.022052,27.732985],[129.021939,27.73281],[129.021202,27.730469],[129.019752,27.725728],[129.01924,27.724378],[129.01939,27.724311],[129.019715,27.72372],[129.01979,27.72372],[129.019965,27.723586],[129.019965,27.723545],[129.020165,27.723453],[129.020115,27.723295],[129.02019,27.722528],[129.02024,27.722411],[129.02044,27.72232],[129.02054,27.72232],[129.020615,27.722278],[129.02059,27.722161],[129.02119,27.72047],[129.02124,27.72017],[129.021315,27.720062],[129.02139,27.719787],[129.021315,27.719695],[129.021415,27.719612],[129.02134,27.719453],[129.021302,27.717987],[129.021227,27.717762],[129.021252,27.717604],[129.021227,27.717512],[129.021027,27.717304],[129.02024,27.716929],[129.02009,27.716904],[129.019527,27.716437],[129.018965,27.716462],[129.01884,27.716412],[129.018377,27.715987],[129.017665,27.714954],[129.01754,27.714812],[129.016878,27.714662],[129.016653,27.714545],[129.016165,27.71462],[129.01604,27.714662],[129.015915,27.714645],[129.015753,27.714579],[129.015078,27.714487],[129.014953,27.714512],[129.01484,27.714462],[129.01424,27.714737],[129.013903,27.71492],[129.013803,27.71492],[129.013303,27.714762],[129.013115,27.714745],[129.011878,27.714412],[129.011441,27.71412],[129.011416,27.71407],[129.010803,27.713854],[129.010828,27.713712],[129.010803,27.713695],[129.010953,27.713195],[129.010528,27.712214],[129.010453,27.712147],[129.009941,27.712004],[129.009803,27.711962],[129.009653,27.711962],[129.009203,27.711779],[129.009041,27.71162],[129.008229,27.711262],[129.008204,27.711195],[129.007541,27.710612],[129.007266,27.710412],[129.006704,27.70992],[129.006604,27.709895],[129.006391,27.709712],[129.005966,27.709087],[129.005654,27.708454],[129.005091,27.706512],[129.005116,27.706496],[129.004954,27.706129],[129.004417,27.705679],[129.004092,27.705212],[129.003992,27.705004],[129.003579,27.704829],[129.003454,27.704738],[129.003354,27.704038],[129.003317,27.703454],[129.003342,27.703363],[129.003242,27.703204],[129.003167,27.702371],[129.003217,27.702254],[129.003567,27.702029],[129.004604,27.701055],[129.004679,27.70103],[129.004904,27.70078],[129.004979,27.700763],[129.005254,27.700421],[129.005279,27.700305],[129.005129,27.699655],[129.005054,27.699538],[129.004317,27.698888],[129.004204,27.698713],[129.003879,27.698438],[129.003517,27.69853],[129.003367,27.699005],[129.002204,27.698896],[129.001804,27.698721],[129.001517,27.698538],[129.000067,27.69778],[128.999867,27.69778],[128.999555,27.697621],[128.999255,27.697421],[128.998717,27.69688],[128.998717,27.696722],[128.998792,27.696363],[128.998492,27.696113],[128.998155,27.695713],[128.99823,27.695172],[128.99823,27.694538],[128.998292,27.693855],[128.998267,27.693297],[128.998292,27.69273],[128.998517,27.692139],[128.998817,27.691597],[128.99953,27.69128],[128.99998,27.69083],[129.00003,27.690739],[129.00023,27.690581],[129.000305,27.690556],[129.000717,27.690264],[129.000792,27.690281],[129.001067,27.690239],[129.001117,27.690214],[129.000842,27.689539],[129.000819,27.689532],[129.000767,27.689539],[129.000555,27.689631],[129.00023,27.689514],[128.99998,27.689814],[128.999805,27.689856],[128.999692,27.689814],[128.999592,27.689564],[128.999242,27.689431],[128.999005,27.688956],[128.99878,27.688106],[128.998717,27.687806],[128.998292,27.686864],[128.99813,27.685806],[128.997917,27.685533],[128.997843,27.684956],[128.99758,27.684389],[128.996668,27.683098],[128.995793,27.68239],[128.995543,27.682206],[128.995043,27.68194],[128.994818,27.681756],[128.994518,27.681323],[128.994455,27.68114],[128.99448,27.680623],[128.99443,27.68044],[128.99413,27.679898],[128.993643,27.679331],[128.993493,27.67904],[128.993443,27.678698],[128.993468,27.67859],[128.993368,27.678382],[128.993293,27.678315],[128.993018,27.678265],[128.992768,27.677948],[128.992556,27.677698],[128.991981,27.677248],[128.991931,27.677023],[128.991831,27.676865],[128.990981,27.676265],[128.990931,27.676265],[128.990193,27.67554],[128.989318,27.674607],[128.989235,27.674532],[128.989143,27.674448],[128.989156,27.673957],[128.989106,27.673615],[128.989131,27.673507],[128.988956,27.673007],[128.988594,27.672349],[128.988344,27.672032],[128.987969,27.671357],[128.987756,27.671057],[128.987481,27.67074],[128.987406,27.670624],[128.987306,27.670482],[128.987219,27.670215],[128.987106,27.670132],[128.987006,27.670124],[128.986756,27.670157],[128.986631,27.670149],[128.986269,27.669999],[128.985456,27.669632],[128.984919,27.669424],[128.984106,27.669299],[128.983732,27.669157],[128.983344,27.668832],[128.983119,27.668724],[128.982532,27.668582],[128.982257,27.668557],[128.980907,27.668707],[128.980332,27.668857],[128.980019,27.66889],[128.979794,27.668749],[128.978982,27.668749],[128.977844,27.668457],[128.977457,27.668482],[128.97712,27.668415],[128.97647,27.668382],[128.97612,27.668424],[128.975782,27.668515],[128.975482,27.668549],[128.97472,27.668549],[128.974195,27.668607],[128.973882,27.668749],[128.973645,27.668915],[128.973482,27.669082],[128.973407,27.66929],[128.973095,27.66949],[128.972207,27.669573],[128.971995,27.66964],[128.971757,27.669765],[128.971408,27.669607],[128.97127,27.66974],[128.971133,27.670057],[128.97097,27.670148],[128.97032,27.670415],[128.970245,27.670482],[128.97002,27.67064],[128.969795,27.670707],[128.96887,27.670806],[128.967483,27.670773],[128.966808,27.670948],[128.966508,27.671015],[128.965883,27.671031],[128.965008,27.670806],[128.964183,27.670481],[128.964133,27.670448],[128.963808,27.670265],[128.963383,27.669873],[128.963121,27.669715],[128.962583,27.669265],[128.962496,27.669081],[128.962396,27.668706],[128.962171,27.668215],[128.962221,27.667948],[128.962096,27.66784],[128.961871,27.66774],[128.961621,27.667515],[128.960608,27.666948],[128.960471,27.666465],[128.960383,27.666373],[128.960083,27.66624],[128.958634,27.666057],[128.956871,27.665582],[128.956759,27.665482],[128.956571,27.66519],[128.956421,27.665065],[128.956271,27.665065],[128.955884,27.664948],[128.955721,27.664715],[128.955484,27.664582],[128.954234,27.664215],[128.953721,27.664015],[128.953359,27.66394],[128.953271,27.663757],[128.953072,27.663657],[128.951459,27.663657],[128.951384,27.663632],[128.950159,27.663432],[128.949072,27.663432],[128.948797,27.663482],[128.948384,27.663773],[128.948234,27.663807],[128.948009,27.663807],[128.947872,27.663748],[128.947484,27.66329],[128.947222,27.663232],[128.94636,27.663223],[128.946247,27.663273],[128.946097,27.662915],[128.94586,27.662848],[128.943422,27.662615],[128.942097,27.662406],[128.941872,27.662448],[128.941785,27.662565],[128.941547,27.662465],[128.940972,27.662273],[128.940647,27.662223],[128.939598,27.661973],[128.938235,27.66149],[128.937548,27.661331],[128.936385,27.661056],[128.93596,27.661115],[128.935598,27.661465],[128.934898,27.661881],[128.934085,27.662273],[128.933748,27.662481],[128.933585,27.662631],[128.933248,27.662848],[128.932698,27.663039],[128.931873,27.663239],[128.929873,27.664089],[128.928948,27.664556],[128.926536,27.665697],[128.925648,27.666147],[128.924824,27.666714],[128.924561,27.666997],[128.924436,27.66738],[128.923824,27.668172],[128.923836,27.668397],[128.923924,27.668597],[128.924011,27.669172],[128.923986,27.669397],[128.923886,27.669572],[128.923199,27.670147],[128.922674,27.670522],[128.922474,27.670763],[128.922274,27.671305],[128.922349,27.671738],[128.922311,27.672296],[128.922186,27.672905],[128.922124,27.673513],[128.921949,27.673921],[128.921649,27.674146],[128.921374,27.674188],[128.920911,27.674163],[128.920611,27.674271],[128.920511,27.674379],[128.920361,27.675288],[128.920374,27.675938],[128.920424,27.676213],[128.920374,27.676321],[128.920386,27.677312],[128.920336,27.677762],[128.920361,27.677996],[128.920249,27.678212],[128.919974,27.678329],[128.919899,27.678421],[128.919924,27.678529],[128.920049,27.678662],[128.920174,27.678712],[128.920274,27.678687],[128.920399,27.678396],[128.920449,27.678379],[128.920574,27.678421],[128.920899,27.678829],[128.921099,27.679237],[128.921199,27.679512],[128.921311,27.679912],[128.921086,27.680187],[128.920861,27.68077],[128.920723,27.681562],[128.920673,27.681645],[128.920649,27.68174],[128.920211,27.682545],[128.920111,27.68327],[128.920098,27.684395],[128.920136,27.68532],[128.920073,27.686403],[128.919973,27.687145],[128.919961,27.687486],[128.919836,27.68832],[128.919536,27.688586],[128.919373,27.688653],[128.919098,27.688903],[128.918698,27.689736],[128.918386,27.690611],[128.918286,27.691086],[128.918298,27.691352],[128.918448,27.691627],[128.918748,27.691877],[128.919048,27.691944],[128.919148,27.692011],[128.919598,27.692511],[128.919573,27.692627],[128.919311,27.692869],[128.919036,27.692802],[128.919011,27.692986],[128.919036,27.693052],[128.918836,27.693094],[128.918261,27.692777],[128.918136,27.692952],[128.918436,27.693202],[128.917748,27.69406],[128.917323,27.694802],[128.916986,27.695227],[128.916786,27.695969],[128.916723,27.696194],[128.916573,27.696419],[128.915948,27.696793],[128.914486,27.697685],[128.913886,27.697952],[128.913499,27.69836],[128.913349,27.698901],[128.913299,27.699235],[128.913186,27.69946],[128.913011,27.69966],[128.911574,27.70071],[128.911049,27.700976],[128.910949,27.701068],[128.910674,27.701176],[128.909936,27.701359],[128.909586,27.701484],[128.909361,27.701601],[128.909136,27.701643],[128.908811,27.701418],[128.908636,27.701301],[128.908361,27.700984],[128.908186,27.701026],[128.907911,27.701209],[128.907736,27.701451],[128.907499,27.701993],[128.907349,27.702151],[128.907199,27.702218],[128.906949,27.702259],[128.906899,27.702326],[128.906624,27.702368],[128.906424,27.702343],[128.905899,27.702751],[128.905624,27.702859],[128.905186,27.702942],[128.904911,27.703076],[128.904861,27.703167],[128.904836,27.703509],[128.904324,27.704026],[128.904099,27.704159],[128.903924,27.704134],[128.903824,27.704151],[128.903399,27.704509],[128.903099,27.704867],[128.902861,27.7053],[128.902736,27.705434],[128.902586,27.7055],[128.902461,27.705767],[128.902436,27.705992],[128.902074,27.706259],[128.901549,27.706667],[128.900874,27.707017],[128.900087,27.707583],[128.899937,27.707783],[128.899862,27.707983],[128.899762,27.70805],[128.898649,27.708358],[128.897824,27.708442],[128.897649,27.708283],[128.897249,27.7081],[128.897024,27.707967],[128.896574,27.707467],[128.896399,27.707467],[128.896274,27.707508],[128.896049,27.707483],[128.895849,27.707417],[128.895624,27.707408],[128.895474,27.707475],[128.894974,27.7075],[128.894724,27.707633],[128.893824,27.707917],[128.893599,27.707942],[128.893537,27.708033],[128.893464,27.708085],[128.893162,27.707958],[128.893012,27.707892],[128.892862,27.707908],[128.892812,27.708066],[128.892837,27.70825],[128.892987,27.708341],[128.892962,27.708566],[128.892787,27.708675],[128.892387,27.708791],[128.892212,27.708875],[128.892349,27.7091],[128.892025,27.709125],[128.89185,27.709191],[128.89175,27.709325],[128.891825,27.709508],[128.891774,27.709733],[128.891262,27.710316],[128.89045,27.711483],[128.8904,27.711591],[128.890225,27.711799],[128.889412,27.712374],[128.889112,27.712649],[128.888887,27.712958],[128.888662,27.713182],[128.888225,27.713766],[128.887925,27.714191],[128.887512,27.714916],[128.887075,27.71579],[128.886675,27.71649],[128.886187,27.716999],[128.885,27.717915],[128.884425,27.718548],[128.884062,27.719082],[128.883562,27.719532],[128.883362,27.719782],[128.882325,27.720723],[128.881762,27.721323],[128.8812,27.72209],[128.881025,27.722406],[128.880737,27.723481],[128.880787,27.724165],[128.881037,27.724456],[128.881162,27.724523],[128.881462,27.724598],[128.881737,27.724598],[128.882387,27.724715],[128.882662,27.72469],[128.883362,27.724581],[128.883737,27.724565],[128.884112,27.72459],[128.884862,27.724573],[128.885287,27.724598],[128.885712,27.724756],[128.885937,27.724898],[128.886212,27.725398],[128.886587,27.725898],[128.887299,27.726256],[128.888124,27.726989],[128.888399,27.727148],[128.889149,27.727606],[128.889199,27.727673],[128.889449,27.727922],[128.889886,27.728606],[128.890711,27.729372],[128.890999,27.729806],[128.891149,27.730164],[128.891349,27.730414],[128.891374,27.730531],[128.891974,27.731281],[128.892361,27.731555],[128.892511,27.731572],[128.893186,27.731964],[128.893711,27.732305],[128.894411,27.732672],[128.895036,27.732947],[128.896236,27.733472],[128.896536,27.73368],[128.896798,27.73393],[128.897298,27.734272],[128.897598,27.73443],[128.897773,27.73443],[128.898123,27.734547],[128.898548,27.73518],[128.898723,27.735339],[128.899223,27.73548],[128.899485,27.735997],[128.899685,27.73618],[128.89976,27.73648],[128.899735,27.736564],[128.89981,27.736797],[128.89996,27.737064],[128.900173,27.738055],[128.900198,27.738147],[128.899985,27.738822],[128.89981,27.739722],[128.899598,27.740422],[128.899598,27.740897],[128.899673,27.74128],[128.899572,27.742813],[128.899547,27.743263],[128.899685,27.74433],[128.89986,27.744938],[128.90006,27.745296],[128.900272,27.74548],[128.900272,27.745546],[128.900397,27.745705],[128.900472,27.745713],[128.900647,27.745955],[128.901172,27.746213],[128.901272,27.746371],[128.901522,27.746505],[128.901572,27.74648],[128.901722,27.746596],[128.901997,27.747004],[128.902072,27.747188],[128.902172,27.747229],[128.902185,27.747504],[128.90226,27.747638],[128.90221,27.748021],[128.902335,27.748229],[128.902235,27.748613],[128.902372,27.748721],[128.902222,27.748904],[128.902122,27.748921],[128.902072,27.748971],[128.902122,27.749146],[128.901697,27.749579],[128.901722,27.749821],[128.901634,27.749938],[128.901584,27.749954],[128.901534,27.750046],[128.901559,27.750163],[128.901359,27.750338],[128.901184,27.750313],[128.900934,27.750604],[128.900959,27.750879],[128.900847,27.751129],[128.900897,27.751221],[128.900997,27.751238],[128.901372,27.751196],[128.901197,27.751696],[128.901272,27.751829],[128.901122,27.751921],[128.901097,27.752004],[128.901197,27.752162],[128.901522,27.752262],[128.901497,27.752329],[128.901384,27.752437],[128.901409,27.752529],[128.901784,27.752737],[128.901859,27.752937],[128.901959,27.753004],[128.902059,27.753029],[128.902234,27.753321],[128.902384,27.753346],[128.902609,27.753462],[128.902734,27.753171],[128.902909,27.753146],[128.903209,27.753154],[128.903409,27.753154],[128.903509,27.753221],[128.903559,27.753354],[128.903609,27.753471],[128.903884,27.753471],[128.904184,27.753679],[128.904247,27.753804],[128.904034,27.754337],[128.904009,27.754546],[128.904159,27.754812],[128.904247,27.755287],[128.904172,27.755421],[128.904072,27.755562],[128.904022,27.755804],[128.904047,27.755896],[128.904172,27.755896],[128.904246,27.755879],[128.904521,27.756304],[128.904421,27.756354],[128.904021,27.756396],[128.903584,27.756545],[128.903534,27.756637],[128.903534,27.756754],[128.903559,27.756862],[128.903259,27.757154],[128.903309,27.757287],[128.903434,27.757295],[128.903534,27.75727],[128.903584,27.757379],[128.903884,27.757245],[128.903959,27.75732],[128.904009,27.75757],[128.904384,27.75777],[128.904534,27.75782],[128.904809,27.757979],[128.904946,27.758404],[128.904946,27.758637],[128.904846,27.758812],[128.904821,27.75897],[128.904821,27.75917],[128.905434,27.759762],[128.905584,27.759879],[128.905709,27.760087],[128.905734,27.760195],[128.905209,27.760212],[128.905034,27.760237],[128.904909,27.760345],[128.904909,27.760529],[128.905009,27.760595],[128.905384,27.76067],[128.905784,27.760579],[128.905834,27.760537],[128.905934,27.760537],[128.906146,27.760962],[128.906221,27.761304],[128.906446,27.762212],[128.907033,27.762978],[128.907158,27.76327],[128.907183,27.763503],[128.907108,27.763703],[128.906996,27.763862],[128.907071,27.764087],[128.906921,27.764445],[128.906771,27.764762],[128.906483,27.765145],[128.906033,27.76557],[128.905708,27.76572],[128.905408,27.765853],[128.904783,27.765962],[128.904221,27.767086],[128.904071,27.767111],[128.903483,27.767311],[128.902808,27.767461],[128.902458,27.767595],[128.901671,27.767995],[128.901371,27.768286],[128.901271,27.768261],[128.900921,27.768103],[128.900771,27.768078],[128.900196,27.767828],[128.900046,27.767778],[128.899746,27.768003],[128.899671,27.76812],[128.899671,27.768203],[128.899821,27.768411],[128.899821,27.768478],[128.899896,27.768636],[128.899909,27.768953],[128.900233,27.76952],[128.900233,27.76997],[128.900071,27.770311],[128.899846,27.770578],[128.899171,27.771003],[128.898971,27.771153],[128.898696,27.77127],[128.898384,27.771511],[128.897809,27.771603],[128.897134,27.771794],[128.896909,27.771911],[128.896621,27.772178],[128.896496,27.772361],[128.896346,27.772919],[128.896346,27.773261],[128.896434,27.774344],[128.896521,27.775294],[128.896471,27.775586],[128.896346,27.775853],[128.895708,27.776636],[128.895246,27.777494],[128.895046,27.777536],[128.894971,27.777786],[128.894696,27.780152],[128.894696,27.780511],[128.894721,27.780719],[128.895083,27.781077],[128.895058,27.781644],[128.895083,27.781777],[128.895358,27.782119],[128.895408,27.782161],[128.895396,27.783452],[128.895158,27.783902],[128.894858,27.784302],[128.894521,27.784952],[128.894071,27.785452],[128.893796,27.785827],[128.893383,27.786102],[128.892983,27.786277],[128.892708,27.786452],[128.892483,27.786477],[128.892283,27.786452],[128.891933,27.786519],[128.891608,27.786652],[128.891308,27.786719],[128.890396,27.786802],[128.889871,27.786794],[128.889371,27.787019],[128.889196,27.787194],[128.889208,27.788144],[128.889108,27.788593],[128.888971,27.788885],[128.888821,27.789402],[128.888483,27.790235],[128.888358,27.79051],[128.888308,27.790735],[128.888346,27.791452],[128.888396,27.791727],[128.888421,27.792518],[128.888433,27.792768],[128.888508,27.793076],[128.888533,27.793351],[128.888271,27.794385],[128.888246,27.79486],[128.888408,27.795493],[128.888608,27.79586],[128.888833,27.796085],[128.889058,27.796201],[128.889408,27.796293],[128.890183,27.79636],[128.89047,27.79736],[128.890545,27.798126],[128.890508,27.799276],[128.89032,27.800268],[128.890033,27.801234],[128.889883,27.801459],[128.889533,27.801643],[128.889033,27.801684],[128.888633,27.801634],[128.888333,27.801451],[128.888208,27.801493],[128.887695,27.802126],[128.887695,27.802142],[128.88747,27.802326],[128.887495,27.802392],[128.88777,27.802617],[128.88807,27.802776],[128.888245,27.802826],[128.888233,27.803501],[128.888183,27.803592],[128.887858,27.803767],[128.887683,27.803859],[128.887583,27.803951],[128.887883,27.804267],[128.88772,27.804601],[128.887645,27.805034],[128.887695,27.805484],[128.887633,27.805776],[128.887733,27.806209],[128.887683,27.806476],[128.887458,27.806475],[128.887258,27.806425],[128.887183,27.80645],[128.887208,27.806567],[128.887258,27.8067],[128.887058,27.806742],[128.88692,27.806875],[128.887195,27.807017],[128.88722,27.807084],[128.88712,27.80715],[128.88712,27.807309],[128.887195,27.80735],[128.88737,27.8074],[128.88752,27.807517],[128.887845,27.807925],[128.88817,27.808175],[128.888295,27.808267],[128.888395,27.808467],[128.889757,27.809967],[128.89037,27.810667],[128.89057,27.810825],[128.890595,27.8111],[128.89077,27.811192],[128.89172,27.810859],[128.892407,27.810275],[128.892707,27.8101],[128.893032,27.81015],[128.893082,27.810325],[128.893207,27.810509],[128.893432,27.810717],[128.893682,27.811117],[128.893795,27.811642],[128.89377,27.812159],[128.893645,27.81245],[128.893345,27.812292],[128.892982,27.812584],[128.893007,27.812675],[128.892582,27.812825],[128.892007,27.812217],[128.889295,27.812783],[128.88937,27.813125],[128.891157,27.814783],[128.891032,27.815483],[128.890995,27.815975],[128.89102,27.816925],[128.891207,27.817583],[128.891607,27.81835],[128.891669,27.8188],[128.891644,27.819158],[128.891369,27.819541],[128.890907,27.81995],[128.890532,27.820166],[128.890307,27.820125],[128.888632,27.820091],[128.888332,27.820041],[128.888257,27.819858],[128.887807,27.819791],[128.887682,27.819699],[128.887532,27.819699],[128.887357,27.819849],[128.887007,27.819824],[128.886832,27.819874],[128.886445,27.820299],[128.88607,27.820633],[128.885945,27.820908],[128.885857,27.821491],[128.885732,27.821666],[128.885282,27.822141],[128.88502,27.822299],[128.88482,27.822366],[128.884645,27.822449],[128.884195,27.822966],[128.884032,27.823257],[128.883982,27.823549],[128.884082,27.824024],[128.884082,27.824274],[128.88392,27.824457],[128.883345,27.824882],[128.882745,27.824491],[128.882745,27.824357],[128.882645,27.824149],[128.882133,27.823649],[128.881858,27.823491],[128.881195,27.823966],[128.880158,27.824857],[128.879245,27.826224],[128.87912,27.826474],[128.878958,27.827215],[128.878833,27.827624],[128.878858,27.828257],[128.878945,27.828999],[128.879457,27.831015],[128.87952,27.831373],[128.879745,27.83169],[128.879907,27.833048],[128.880007,27.833073],[128.879845,27.836765],[128.880145,27.837131],[128.88047,27.837673],[128.880944,27.842664],[128.881232,27.843989],[128.881557,27.846447],[128.883244,27.846314],[128.882257,27.837131],[128.882269,27.837069],[128.882107,27.835765],[128.883544,27.83569],[128.883757,27.837131],[128.883982,27.839598],[128.886644,27.839398],[128.886669,27.839506],[128.886644,27.839665],[128.886457,27.839965],[128.886407,27.840206],[128.886319,27.840389],[128.886532,27.840681],[128.886994,27.841064],[128.887156,27.841114],[128.887231,27.841023],[128.887319,27.840998],[128.887419,27.841048],[128.887444,27.841273],[128.887344,27.841406],[128.887156,27.841431],[128.887156,27.841473],[128.886881,27.841631],[128.886831,27.841764],[128.886881,27.841923],[128.887019,27.841989],[128.887694,27.841973],[128.887719,27.841989],[128.887581,27.842106],[128.887069,27.842281],[128.887094,27.842623],[128.887144,27.842664],[128.887369,27.842648],[128.887394,27.842806],[128.887331,27.843323],[128.887394,27.843506],[128.887369,27.843573],[128.887256,27.843589],[128.887119,27.843573],[128.886881,27.843973],[128.886744,27.844089],[128.886694,27.844156],[128.886881,27.844223],[128.887419,27.844156],[128.887519,27.844181],[128.887606,27.844314],[128.887769,27.844314],[128.887794,27.844406],[128.887681,27.844473],[128.887581,27.844381],[128.887444,27.844356],[128.886981,27.844673],[128.886819,27.844881],[128.886769,27.845039],[128.886881,27.845214],[128.886819,27.845372],[128.886931,27.845489],[128.887094,27.845531],[128.887281,27.845397],[128.887494,27.845356],[128.887331,27.845872],[128.887544,27.846389],[128.887619,27.846481],[128.887706,27.846456],[128.887781,27.846481],[128.887806,27.846797],[128.888081,27.847022],[128.888319,27.847222],[128.888506,27.847381],[128.888719,27.847764],[128.888831,27.848056],[128.888944,27.848081],[128.888994,27.848172],[128.888969,27.848422],[128.888994,27.848556],[128.889094,27.848514],[128.889281,27.848531],[128.889444,27.849214],[128.889419,27.849297],[128.889494,27.849756],[128.889606,27.849706],[128.889681,27.849756],[128.889656,27.849864],[128.889681,27.850022],[128.889868,27.850339],[128.890056,27.85043],[128.889981,27.850655],[128.889893,27.850789],[128.889931,27.850947],[128.890268,27.85108],[128.890468,27.850997],[128.890568,27.850947],[128.890706,27.851014],[128.892068,27.85273],[128.892068,27.85343],[128.892206,27.854314],[128.892018,27.854697],[128.891768,27.855438],[128.891718,27.855863],[128.892093,27.856747],[128.892468,27.857447],[128.893268,27.858213],[128.893455,27.859613],[128.893393,27.85988],[128.893318,27.859946],[128.893155,27.861396],[128.892755,27.861546],[128.89213,27.861863],[128.891668,27.862071],[128.891081,27.862271],[128.891006,27.862338],[128.890843,27.862879],[128.890731,27.863054],[128.890031,27.863438],[128.889381,27.863963],[128.888656,27.864638],[128.888393,27.864971],[128.888306,27.865129],[128.888356,27.865287],[128.888518,27.865487],[128.888731,27.866171],[128.888631,27.866371],[128.888356,27.866462],[128.888243,27.866621],[128.888306,27.866846],[128.888243,27.867112],[128.888118,27.867337],[128.888081,27.867812],[128.888143,27.867996],[128.888106,27.868671],[128.888193,27.868854],[128.888268,27.868895],[128.888356,27.869012],[128.888381,27.869412],[128.888356,27.869462],[128.888481,27.869687],[128.888618,27.869754],[128.888731,27.86987],[128.888781,27.870137],[128.889393,27.870929],[128.889793,27.871445],[128.889955,27.871695],[128.890005,27.871987],[128.889955,27.872187],[128.890093,27.87307],[128.890143,27.873295],[128.889893,27.873637],[128.889868,27.873795],[128.889893,27.873903],[128.889818,27.874128],[128.889568,27.87467],[128.889443,27.875553],[128.88928,27.87607],[128.888893,27.876678],[128.88868,27.876786],[128.889005,27.877395],[128.889243,27.877736],[128.88943,27.878145],[128.889705,27.87857],[128.890255,27.87972],[128.890505,27.880036],[128.89053,27.880178],[128.890418,27.880719],[128.890205,27.881169],[128.890018,27.881303],[128.889855,27.881686],[128.889668,27.882428],[128.889693,27.882611],[128.88988,27.882836],[128.89033,27.882944],[128.890418,27.882944],[128.890418,27.882903],[128.890555,27.882878],[128.890955,27.882994],[128.891568,27.882878],[128.891755,27.882903],[128.891892,27.882953],[128.892105,27.883111],[128.89213,27.883244],[128.892217,27.883311],[128.892355,27.883311],[128.89248,27.883511],[128.892542,27.883811],[128.89238,27.883986],[128.892242,27.884011],[128.89208,27.884169],[128.891867,27.884303],[128.89182,27.884373],[128.891755,27.884486],[128.891967,27.884802],[128.892155,27.884869],[128.892267,27.884936],[128.892267,27.885027],[128.892017,27.885186],[128.892055,27.885344],[128.892155,27.885452],[128.892367,27.885502],[128.892642,27.885477],[128.893205,27.885544],[128.89358,27.885727],[128.893717,27.885977],[128.893792,27.886286],[128.89398,27.886669],[128.894305,27.886969],[128.894517,27.887211],[128.89503,27.887619],[128.895217,27.887827],[128.895567,27.888027],[128.89583,27.888319],[128.896042,27.888886],[128.896454,27.889427],[128.896667,27.889852],[128.896742,27.890102],[128.896792,27.89071],[128.896904,27.890894],[128.897554,27.891319],[128.898079,27.891594],[128.898754,27.891844],[128.899079,27.892002],[128.899454,27.89241],[128.899592,27.892652],[128.900017,27.89306],[128.900392,27.893244],[128.900642,27.89331],[128.901442,27.893285],[128.902466,27.893152],[128.903029,27.893219],[128.903491,27.893335],[128.904004,27.89331],[128.904341,27.89336],[128.904404,27.893469],[128.904829,27.893852],[128.905079,27.893744],[128.905316,27.893944],[128.905391,27.893944],[128.905504,27.89386],[128.905991,27.893769],[128.906154,27.89381],[128.906366,27.893969],[128.906466,27.893994],[128.906691,27.893702],[128.907041,27.893494],[128.907229,27.893452],[128.907329,27.893385],[128.907279,27.893094],[128.907416,27.892977],[128.907491,27.892869],[128.908028,27.892552],[128.908278,27.892552],[128.908841,27.892669],[128.909028,27.892619],[128.909216,27.892486],[128.909353,27.892736],[128.909828,27.892869],[128.910078,27.892869],[128.910103,27.892669],[128.910028,27.892461],[128.910053,27.892352],[128.910128,27.892236],[128.910541,27.892061],[128.910803,27.892061],[128.910991,27.892152],[128.911316,27.892127],[128.911453,27.892152],[128.911928,27.892469],[128.912178,27.892511],[128.912528,27.892486],[128.912628,27.892469],[128.912691,27.892402],[128.912628,27.892261],[128.912766,27.892219],[128.913041,27.892311],[128.913191,27.892286],[128.913328,27.892311],[128.913541,27.891994],[128.913953,27.891969],[128.91449,27.891836],[128.914628,27.891794],[128.914915,27.891861],[128.915353,27.891819],[128.916915,27.891186],[128.917665,27.890919],[128.91844,27.890603],[128.91984,27.890153],[128.920703,27.889953],[128.92154,27.88982],[128.92259,27.889595],[128.92299,27.889478],[128.924602,27.889211],[128.92479,27.889161],[128.92509,27.888778],[128.925677,27.888645],[128.92614,27.88867],[128.926327,27.88872],[128.926427,27.888803],[128.92654,27.888945],[128.926727,27.889078],[128.927002,27.88917],[128.927265,27.889053],[128.927665,27.88872],[128.927777,27.88867],[128.92789,27.88867],[128.928077,27.888737],[128.928315,27.889145],[128.928427,27.889195],[128.928777,27.889128],[128.929064,27.88892],[128.929277,27.889011],[128.929714,27.889128],[128.931027,27.889303],[128.931189,27.889353],[128.931277,27.889461],[128.931402,27.889536],[128.931489,27.889486],[128.931727,27.88947],[128.932589,27.889628],[128.933102,27.889803],[128.933664,27.890145],[128.934152,27.890395],[128.934439,27.890595],[128.934552,27.890711],[128.934789,27.890778],[128.934977,27.89087],[128.935164,27.891028],[128.935539,27.891386],[128.935726,27.89152],[128.935889,27.89157],[128.936051,27.891678],[128.936264,27.89177],[128.936564,27.89182],[128.936839,27.89182],[128.937451,27.891611],[128.937751,27.891636],[128.938051,27.89157],[128.938289,27.891436],[128.938551,27.891236],[128.939176,27.891028],[128.939714,27.890986],[128.940114,27.890987],[128.940789,27.890853],[128.941601,27.890653],[128.942589,27.890562],[128.943151,27.890562],[128.943664,27.890628],[128.944126,27.890628],[128.944288,27.890678],[128.944426,27.890678],[128.944663,27.890562],[128.944963,27.89052],[128.945063,27.890562],[128.945176,27.890312],[128.945551,27.889928],[128.945626,27.889887],[128.946651,27.890245],[128.946888,27.890295],[128.947301,27.89032],[128.947563,27.890428],[128.947776,27.890253],[128.948001,27.890112],[128.948351,27.890003],[128.949313,27.88987],[128.949633,27.889848],[128.949713,27.88982],[128.950576,27.889895],[128.952213,27.88992],[128.952888,27.889987],[128.95295,27.889962],[128.953325,27.889987],[128.955663,27.890278],[128.95615,27.890304],[128.956575,27.890104],[128.957,27.890037],[128.957113,27.890079],[128.9573,27.890237],[128.957488,27.890595],[128.9576,27.890753],[128.957788,27.89087],[128.95835,27.890987],[128.958675,27.891003],[128.95905,27.891078],[128.959425,27.891095],[128.960225,27.891212],[128.960662,27.891237],[128.9616,27.891345],[128.961875,27.891487],[128.962087,27.891553],[128.962412,27.89157],[128.963187,27.891737],[128.963612,27.891895],[128.963912,27.891937],[128.964375,27.891712],[128.964725,27.891687],[128.965237,27.891803],[128.965425,27.891895],[128.96555,27.892053],[128.965775,27.892478],[128.965875,27.892545],[128.965987,27.892545],[128.96615,27.892412],[128.966437,27.89232],[128.966575,27.892212],[128.966812,27.892145],[128.967137,27.892278],[128.967225,27.892462],[128.967225,27.892662],[128.967325,27.892953],[128.967575,27.893003],[128.967762,27.893003],[128.967999,27.892687],[128.968137,27.892462],[128.968512,27.892395],[128.969074,27.892412],[128.969287,27.892528],[128.969587,27.89287],[128.969799,27.892887],[128.970499,27.892778],[128.971287,27.892554],[128.971849,27.892145],[128.972224,27.892012],[128.972387,27.89192],[128.972437,27.891812],[128.972362,27.891745],[128.972087,27.891695],[128.971987,27.891695],[128.972112,27.89147],[128.972249,27.891362],[128.972249,27.891295],[128.972037,27.891154],[128.971762,27.891204],[128.971474,27.891337],[128.971412,27.891337],[128.971174,27.891154],[128.970874,27.89102],[128.970687,27.890837],[128.970799,27.890795],[128.970849,27.89082],[128.971037,27.890704],[128.971524,27.890595],[128.971712,27.890479],[128.971612,27.890412],[128.971424,27.89037],[128.970912,27.890362],[128.970499,27.890454],[128.970312,27.890429],[128.970424,27.890095],[128.970312,27.889937],[128.970149,27.889845],[128.969999,27.88987],[128.969749,27.889804],[128.969512,27.889687],[128.969237,27.88942],[128.969162,27.889237],[128.968925,27.887862],[128.968787,27.887346],[128.968862,27.886487],[128.968925,27.886279],[128.969025,27.886121],[128.96935,27.885829],[128.9696,27.885538],[128.970425,27.884771],[128.9707,27.883938],[128.971,27.883221],[128.9714,27.882746],[128.971537,27.882405],[128.971537,27.882246],[128.9717,27.882021],[128.9718,27.881755],[128.971937,27.881546],[128.97215,27.881055],[128.972425,27.880988],[128.972662,27.88078],[128.9728,27.88038],[128.972775,27.880105],[128.972662,27.879946],[128.9727,27.879722],[128.9728,27.879322],[128.972962,27.879097],[128.973525,27.878572],[128.973687,27.878555],[128.974125,27.878713],[128.974287,27.878688],[128.974387,27.878488],[128.974687,27.878463],[128.974925,27.878397],[128.975037,27.87833],[128.975137,27.878147],[128.975062,27.877605],[128.97495,27.877288],[128.9748,27.876389],[128.9748,27.876189],[128.9749,27.875872],[128.975037,27.875805],[128.975387,27.875714],[128.975575,27.875739],[128.975712,27.875714],[128.975787,27.875672],[128.975762,27.875514],[128.975437,27.875305],[128.97525,27.87483],[128.975275,27.87483],[128.975225,27.874747],[128.975312,27.874497],[128.975525,27.874114],[128.975625,27.873822],[128.975575,27.873281],[128.975662,27.872739],[128.975875,27.872622],[128.975925,27.872331],[128.975687,27.872306],[128.975662,27.871947],[128.975575,27.871764],[128.974712,27.871814],[128.973962,27.871964],[128.973675,27.872147],[128.973375,27.872281],[128.972975,27.872331],[128.972537,27.872239],[128.972187,27.872122],[128.971862,27.872056],[128.971625,27.871939],[128.971175,27.871422],[128.971037,27.871356],[128.9709,27.871381],[128.970525,27.871697],[128.969638,27.871764],[128.9694,27.871872],[128.969075,27.872122],[128.968963,27.872164],[128.968538,27.872231],[128.968075,27.872122],[128.967375,27.871847],[128.966788,27.871531],[128.966113,27.871331],[128.965875,27.871081],[128.965688,27.870989],[128.965225,27.871097],[128.96515,27.870989],[128.964475,27.870422],[128.964288,27.870222],[128.963888,27.869631],[128.963838,27.869431],[128.963838,27.869247],[128.963913,27.869247],[128.964263,27.869114],[128.964263,27.869022],[128.963963,27.868623],[128.963838,27.868506],[128.963676,27.868439],[128.963488,27.868464],[128.963163,27.868597],[128.963088,27.868373],[128.962463,27.867739],[128.962326,27.867673],[128.962201,27.867848],[128.962013,27.867806],[128.961363,27.867448],[128.960426,27.867039],[128.959676,27.866498],[128.959263,27.866156],[128.958813,27.865814],[128.959863,27.864265],[128.959463,27.864056],[128.958676,27.865139],[128.958188,27.864798],[128.957788,27.864331],[128.957526,27.864106],[128.957201,27.863698],[128.957141,27.863566],[128.956964,27.863515],[128.956454,27.863395],[128.956101,27.86324],[128.955776,27.862023],[128.955839,27.861348],[128.955964,27.860715],[128.956314,27.859907],[128.956864,27.859257],[128.957076,27.85914],[128.957151,27.859207],[128.957339,27.859257],[128.957876,27.85919],[128.958289,27.859048],[128.958789,27.858598],[128.959301,27.858423],[128.960214,27.858307],[128.960464,27.858148],[128.961101,27.858107],[128.961426,27.85804],[128.961776,27.858332],[128.962126,27.858448],[128.962501,27.858648],[128.962713,27.858698],[128.963413,27.858198],[128.963526,27.858065],[128.963526,27.857949],[128.963976,27.85784],[128.964838,27.857815]]],"type":"Polygon"},"properties":{"kuni":"大隅","id":"G70011","kuni_url":"/kg/resource/K70.html","id_url":"G70011.html","kuni_id":"K70","pref":"鹿児島県","name":"大島","yomi":"おおしま"},"type":"Feature"},{"geometry":{"coordinates":[[[128.654019,27.386488],[128.653694,27.386171],[128.653694,27.385696],[128.653769,27.385354],[128.654007,27.385088],[128.653982,27.384796],[128.653882,27.384496],[128.653657,27.38423],[128.652932,27.383746],[128.651757,27.383496],[128.651632,27.383263],[128.65137,27.382946],[128.651195,27.382538],[128.65087,27.382288],[128.65042,27.382013],[128.64992,27.382013],[128.649545,27.381855],[128.648895,27.381288],[128.648333,27.380513],[128.648208,27.380197],[128.648308,27.380155],[128.648158,27.379788],[128.64797,27.37943],[128.647945,27.379222],[128.647995,27.379138],[128.64792,27.37893],[128.64747,27.378705],[128.64717,27.37843],[128.64702,27.378205],[128.646745,27.378064],[128.646508,27.377547],[128.646233,27.377314],[128.645708,27.377089],[128.644908,27.376364],[128.644696,27.376047],[128.644671,27.375772],[128.644271,27.375297],[128.644196,27.374889],[128.643933,27.374281],[128.643833,27.373914],[128.643833,27.373597],[128.643971,27.372947],[128.643871,27.372672],[128.643721,27.372631],[128.643146,27.372622],[128.642996,27.372672],[128.642796,27.372531],[128.642796,27.372197],[128.642471,27.371897],[128.642371,27.371897],[128.642071,27.371831],[128.641671,27.372031],[128.641546,27.371731],[128.641108,27.371189],[128.640608,27.370689],[128.640608,27.370598],[128.640883,27.370673],[128.641083,27.370556],[128.641008,27.370356],[128.640833,27.370173],[128.640484,27.370014],[128.640309,27.369964],[128.639934,27.369989],[128.640321,27.369764],[128.639271,27.368381],[128.638959,27.368014],[128.638459,27.367565],[128.638409,27.367581],[128.638284,27.36749],[128.637534,27.366831],[128.637034,27.366923],[128.636959,27.366848],[128.637134,27.366648],[128.636946,27.366265],[128.636946,27.366148],[128.636646,27.36574],[128.636346,27.365856],[128.636296,27.366056],[128.636021,27.366031],[128.635846,27.365848],[128.636021,27.365673],[128.636146,27.36549],[128.636096,27.365381],[128.635747,27.365173],[128.635647,27.36499],[128.635372,27.365148],[128.635122,27.364873],[128.634097,27.365006],[128.633247,27.365265],[128.633097,27.36509],[128.632972,27.364881],[128.632697,27.364831],[128.632472,27.365123],[128.631997,27.365306],[128.631522,27.365206],[128.631147,27.364981],[128.630872,27.364848],[128.630697,27.36469],[128.630472,27.36464],[128.629597,27.364523],[128.628797,27.364131],[128.628097,27.36374],[128.628047,27.36379],[128.627322,27.363598],[128.626897,27.363556],[128.626522,27.363615],[128.626097,27.363481],[128.625647,27.363248],[128.625072,27.362798],[128.624198,27.36229],[128.62396,27.36209],[128.622955,27.361487],[128.622785,27.361157],[128.622635,27.36019],[128.621985,27.359423],[128.621585,27.359065],[128.621085,27.358865],[128.62056,27.358707],[128.620035,27.358423],[128.619573,27.357907],[128.619211,27.35739],[128.618948,27.357165],[128.618373,27.357007],[128.618136,27.356607],[128.617061,27.356207],[128.616523,27.354591],[128.616148,27.354207],[128.615648,27.353441],[128.615523,27.352857],[128.615698,27.352474],[128.615523,27.352141],[128.615223,27.351757],[128.614848,27.351716],[128.614148,27.351332],[128.614036,27.351449],[128.613624,27.351357],[128.613786,27.350508],[128.613736,27.350124],[128.613061,27.349674],[128.612536,27.349383],[128.612099,27.349341],[128.611749,27.349341],[128.611349,27.349274],[128.610936,27.349141],[128.610786,27.349049],[128.609924,27.349416],[128.609486,27.349149],[128.609199,27.349149],[128.608924,27.348883],[128.608961,27.348541],[128.608549,27.348008],[128.608374,27.347624],[128.608137,27.347424],[128.608012,27.347199],[128.608049,27.346975],[128.607812,27.3467],[128.607749,27.346208],[128.607512,27.345491],[128.607162,27.345291],[128.606787,27.344975],[128.606862,27.344725],[128.606662,27.3445],[128.606287,27.3443],[128.605899,27.344166],[128.605674,27.344125],[128.605087,27.343808],[128.604562,27.343675],[128.604274,27.343566],[128.603549,27.343416],[128.602999,27.343483],[128.602499,27.343125],[128.601825,27.342966],[128.6016,27.3434],[128.601425,27.343425],[128.601362,27.343041],[128.601425,27.342975],[128.601387,27.3427],[128.60145,27.342675],[128.601512,27.342525],[128.601337,27.342275],[128.601125,27.342075],[128.601037,27.341692],[128.600862,27.341625],[128.6006,27.341425],[128.600337,27.341308],[128.599725,27.340792],[128.599375,27.340933],[128.5994,27.3408],[128.59955,27.340617],[128.599162,27.340217],[128.598787,27.339967],[128.598062,27.339608],[128.597512,27.339408],[128.596812,27.339325],[128.59675,27.3395],[128.596488,27.339525],[128.596225,27.339708],[128.596113,27.339683],[128.595588,27.339283],[128.5955,27.3389],[128.595388,27.338875],[128.5951,27.339125],[128.59475,27.3389],[128.594688,27.338609],[128.594538,27.338384],[128.594213,27.338142],[128.594038,27.338184],[128.593775,27.337917],[128.593575,27.337917],[128.59335,27.338034],[128.593375,27.337875],[128.59325,27.337675],[128.592938,27.3374],[128.592763,27.337175],[128.592675,27.337042],[128.592325,27.336867],[128.591838,27.336959],[128.591488,27.336759],[128.591163,27.3368],[128.590813,27.336625],[128.590401,27.336359],[128.589938,27.336267],[128.589438,27.335684],[128.589063,27.335484],[128.588663,27.335667],[128.588251,27.335759],[128.587551,27.335467],[128.587226,27.3354],[128.586938,27.335067],[128.586563,27.334909],[128.586088,27.334909],[128.585426,27.334709],[128.585339,27.334709],[128.585339,27.334734],[128.585251,27.334892],[128.585189,27.334917],[128.585139,27.334892],[128.584926,27.334625],[128.584726,27.334442],[128.584114,27.334134],[128.583564,27.33395],[128.583239,27.333725],[128.582889,27.333576],[128.582776,27.333575],[128.582389,27.333417],[128.582211,27.333293],[128.582039,27.333176],[128.581226,27.333059],[128.580876,27.332951],[128.580377,27.332567],[128.580464,27.332234],[128.580327,27.332034],[128.580152,27.331967],[128.579852,27.331742],[128.579502,27.331559],[128.579327,27.331517],[128.578864,27.331317],[128.578052,27.331409],[128.577877,27.331617],[128.577614,27.331617],[128.577493,27.33164],[128.577377,27.331634],[128.577114,27.331459],[128.576802,27.331367],[128.576714,27.331417],[128.576689,27.331484],[128.576889,27.331734],[128.577002,27.331951],[128.576889,27.332251],[128.576802,27.332251],[128.576602,27.332042],[128.576514,27.332042],[128.576339,27.332317],[128.576252,27.332317],[128.575852,27.332159],[128.57564,27.331934],[128.575465,27.331867],[128.575202,27.331826],[128.57509,27.331759],[128.574852,27.331692],[128.574277,27.331717],[128.57384,27.331451],[128.573452,27.331359],[128.57319,27.331201],[128.573165,27.331134],[128.572815,27.330959],[128.572665,27.330667],[128.572577,27.330034],[128.572402,27.329359],[128.572252,27.329226],[128.571002,27.329076],[128.570153,27.328901],[128.56984,27.328792],[128.56879,27.328568],[128.568065,27.328459],[128.567165,27.328193],[128.566428,27.327926],[128.566253,27.327993],[128.566078,27.328034],[128.56629,27.328776],[128.56629,27.328934],[128.56644,27.329342],[128.56664,27.329317],[128.566703,27.329184],[128.566578,27.328776],[128.566753,27.328643],[128.566878,27.328709],[128.567078,27.328751],[128.56754,27.328751],[128.567715,27.328709],[128.567865,27.328709],[128.56899,27.328859],[128.57219,27.329434],[128.572252,27.329859],[128.572077,27.329926],[128.572027,27.330017],[128.572002,27.330267],[128.571827,27.330584],[128.57054,27.330317],[128.56839,27.329942],[128.567978,27.329717],[128.567553,27.330151],[128.567353,27.330284],[128.566828,27.330376],[128.566415,27.330309],[128.56644,27.329976],[128.566303,27.329859],[128.56604,27.330134],[128.565803,27.330267],[128.56534,27.330242],[128.564765,27.330067],[128.564528,27.329776],[128.56429,27.329601],[128.564178,27.329417],[128.564115,27.328926],[128.564053,27.328901],[128.563528,27.328951],[128.563415,27.329043],[128.563041,27.329109],[128.562428,27.329068],[128.561966,27.329134],[128.561591,27.329226],[128.561328,27.329359],[128.561178,27.329318],[128.560803,27.329343],[128.560592,27.329311],[128.560453,27.329276],[128.559903,27.329259],[128.559491,27.329126],[128.559028,27.329301],[128.558653,27.329376],[128.558103,27.329309],[128.557691,27.329442],[128.557553,27.329442],[128.557029,27.329626],[128.557004,27.329692],[128.556566,27.329917],[128.556241,27.329942],[128.556041,27.329876],[128.555466,27.330059],[128.555116,27.330059],[128.554941,27.330309],[128.554654,27.330559],[128.554304,27.330942],[128.554016,27.331076],[128.553666,27.331167],[128.553316,27.331392],[128.552966,27.331467],[128.552679,27.331442],[128.552217,27.331692],[128.551579,27.331942],[128.551004,27.3321],[128.550592,27.332284],[128.550304,27.332375],[128.550017,27.332784],[128.549529,27.333325],[128.549092,27.333684],[128.548629,27.333867],[128.548429,27.334134],[128.547442,27.334909],[128.547005,27.335108],[128.545967,27.335858],[128.545617,27.336017],[128.545217,27.336333],[128.544605,27.336717],[128.544055,27.337008],[128.543567,27.337175],[128.54328,27.33735],[128.543042,27.337666],[128.54273,27.337941],[128.542555,27.338033],[128.542205,27.338325],[128.541693,27.338866],[128.541568,27.338933],[128.541255,27.339025],[128.541018,27.339383],[128.540793,27.339608],[128.540218,27.340399],[128.540043,27.340491],[128.53973,27.340808],[128.53938,27.340808],[128.539055,27.341058],[128.53843,27.341916],[128.537505,27.342907],[128.535456,27.344557],[128.534843,27.34519],[128.534493,27.345465],[128.533631,27.346274],[128.533031,27.346974],[128.532768,27.347448],[128.532256,27.347898],[128.532043,27.34824],[128.531668,27.348557],[128.531493,27.348598],[128.531331,27.349048],[128.531331,27.34939],[128.531531,27.349615],[128.531568,27.349707],[128.531393,27.349682],[128.531193,27.349931],[128.531018,27.350248],[128.530731,27.350606],[128.530906,27.351148],[128.530843,27.35119],[128.530731,27.351415],[128.530906,27.35144],[128.530881,27.351598],[128.530643,27.351573],[128.530443,27.351623],[128.530043,27.351823],[128.529781,27.352006],[128.529581,27.352256],[128.529381,27.352864],[128.529294,27.352864],[128.529294,27.353539],[128.529319,27.353539],[128.529468,27.353764],[128.529531,27.354123],[128.529306,27.354931],[128.528906,27.355881],[128.528531,27.356464],[128.528156,27.357256],[128.527494,27.358606],[128.527094,27.359105],[128.526781,27.359172],[128.526544,27.359347],[128.526406,27.35978],[128.526406,27.360097],[128.526206,27.36093],[128.526006,27.361197],[128.525806,27.361697],[128.525676,27.361852],[128.525606,27.361939],[128.525406,27.36203],[128.524994,27.362255],[128.524644,27.362238],[128.524244,27.362038],[128.524206,27.361655],[128.523994,27.360955],[128.523906,27.36103],[128.524006,27.361722],[128.524119,27.36208],[128.524594,27.362438],[128.524594,27.363247],[128.524656,27.36363],[128.524594,27.363905],[128.524519,27.364222],[128.524431,27.364288],[128.524281,27.364263],[128.524144,27.364463],[128.523931,27.364872],[128.523856,27.365255],[128.523544,27.366046],[128.523506,27.366271],[128.523569,27.366288],[128.523481,27.366405],[128.523456,27.366288],[128.523369,27.366655],[128.523256,27.36798],[128.523031,27.368163],[128.522631,27.368638],[128.522631,27.368879],[128.522506,27.369038],[128.522431,27.369313],[128.522219,27.369604],[128.522031,27.370321],[128.521944,27.370371],[128.521681,27.370396],[128.521394,27.370571],[128.521181,27.370871],[128.520906,27.371637],[128.520531,27.372179],[128.520331,27.372696],[128.520044,27.373171],[128.520131,27.373187],[128.520131,27.373304],[128.520069,27.373371],[128.520069,27.373479],[128.520244,27.373529],[128.520331,27.373821],[128.520369,27.374246],[128.520519,27.375054],[128.519994,27.375662],[128.520094,27.376045],[128.520231,27.376429],[128.520644,27.376537],[128.521019,27.376804],[128.521169,27.377304],[128.521144,27.377637],[128.521181,27.377995],[128.521294,27.378045],[128.521581,27.378087],[128.521606,27.378203],[128.521356,27.378495],[128.521356,27.378537],[128.521444,27.378628],[128.521294,27.379237],[128.521331,27.379553],[128.521381,27.379762],[128.521356,27.379887],[128.521306,27.38007],[128.521331,27.380087],[128.521631,27.381053],[128.521919,27.381278],[128.521806,27.38157],[128.521894,27.381845],[128.522106,27.382178],[128.522106,27.382453],[128.522456,27.383461],[128.522406,27.383553],[128.522406,27.383845],[128.523143,27.385211],[128.523168,27.385911],[128.523068,27.387144],[128.522981,27.387553],[128.523006,27.387869],[128.522718,27.388227],[128.522518,27.388344],[128.522493,27.388436],[128.522518,27.388861],[128.522781,27.388861],[128.523168,27.389219],[128.523343,27.389511],[128.523318,27.390277],[128.523381,27.390744],[128.523643,27.391085],[128.524143,27.39126],[128.524343,27.391302],[128.524543,27.391685],[128.524906,27.39281],[128.524793,27.393327],[128.524793,27.39351],[128.524881,27.393869],[128.525231,27.393819],[128.525256,27.394227],[128.525993,27.394968],[128.526143,27.39521],[128.52643,27.395318],[128.526105,27.395485],[128.526118,27.39566],[128.52658,27.39631],[128.526993,27.396943],[128.527543,27.397093],[128.527343,27.397301],[128.527293,27.397568],[128.527318,27.397701],[128.528155,27.397651],[128.528218,27.397993],[128.528168,27.398443],[128.52843,27.399026],[128.528543,27.399451],[128.528755,27.399676],[128.52913,27.399901],[128.529043,27.400218],[128.529018,27.400776],[128.529143,27.401093],[128.529143,27.401409],[128.52943,27.401609],[128.529555,27.401834],[128.52978,27.401993],[128.529905,27.402168],[128.530567,27.402551],[128.530492,27.402843],[128.530605,27.403251],[128.53093,27.403451],[128.530905,27.403534],[128.531255,27.403826],[128.531392,27.404259],[128.531867,27.404434],[128.532242,27.404684],[128.532567,27.404726],[128.532942,27.405151],[128.533055,27.405217],[128.53353,27.405126],[128.533842,27.404967],[128.534367,27.405167],[128.535179,27.405342],[128.535304,27.405301],[128.536117,27.405201],[128.536892,27.405026],[128.537442,27.404751],[128.537767,27.404542],[128.538342,27.404409],[128.538279,27.403959],[128.538454,27.403643],[128.538804,27.403393],[128.538917,27.403368],[128.538979,27.403143],[128.539142,27.402901],[128.539554,27.402651],[128.539604,27.402534],[128.539642,27.402176],[128.539892,27.401684],[128.540179,27.401301],[128.540554,27.400643],[128.540954,27.400143],[128.541479,27.400118],[128.542116,27.400235],[128.542729,27.400293],[128.543516,27.399818],[128.544616,27.399251],[128.545079,27.399118],[128.545479,27.39871],[128.545916,27.398602],[128.546154,27.39821],[128.546466,27.398052],[128.547741,27.397735],[128.547941,27.39771],[128.548528,27.397418],[128.548816,27.39746],[128.549191,27.39766],[128.549653,27.397618],[128.550216,27.397752],[128.550728,27.39761],[128.551078,27.397635],[128.552066,27.397402],[128.552615,27.39711],[128.553028,27.39666],[128.55299,27.396294],[128.55314,27.396252],[128.55354,27.396027],[128.553953,27.39641],[128.554178,27.396385],[128.55474,27.396177],[128.554878,27.396219],[128.555815,27.396244],[128.55619,27.396035],[128.556565,27.395944],[128.55709,27.39606],[128.55784,27.395985],[128.558715,27.39576],[128.559552,27.39591],[128.560052,27.39616],[128.56054,27.396294],[128.561477,27.396377],[128.562027,27.396394],[128.562052,27.39651],[128.562265,27.396777],[128.56229,27.397002],[128.56244,27.397319],[128.562965,27.397544],[128.563227,27.39761],[128.563402,27.39781],[128.563952,27.397877],[128.564477,27.397785],[128.564977,27.398185],[128.564864,27.39861],[128.565414,27.398835],[128.565914,27.398718],[128.565939,27.39861],[128.565814,27.398335],[128.566164,27.398044],[128.566777,27.397844],[128.567327,27.397885],[128.567677,27.397677],[128.567727,27.397677],[128.567852,27.397877],[128.568289,27.398035],[128.568602,27.397927],[128.568839,27.397969],[128.569714,27.39866],[128.569864,27.399043],[128.569889,27.399335],[128.570039,27.399335],[128.570476,27.399427],[128.570789,27.399335],[128.571264,27.399152],[128.571776,27.399327],[128.572101,27.399752],[128.573126,27.399768],[128.573564,27.400127],[128.573739,27.400443],[128.574026,27.400668],[128.574551,27.400868],[128.575013,27.400685],[128.575338,27.400643],[128.575651,27.400818],[128.576263,27.400685],[128.576763,27.400885],[128.577551,27.401152],[128.577679,27.401127],[128.577988,27.401127],[128.578476,27.40121],[128.578713,27.40121],[128.579351,27.401052],[128.579838,27.40116],[128.580275,27.40116],[128.580625,27.400935],[128.581,27.401043],[128.581125,27.401027],[128.5815,27.400618],[128.581638,27.40071],[128.582275,27.40066],[128.583125,27.400385],[128.583638,27.400385],[128.583938,27.40056],[128.584075,27.40061],[128.5844,27.400294],[128.585063,27.399927],[128.58555,27.399585],[128.585675,27.399585],[128.585875,27.399652],[128.586775,27.399585],[128.587212,27.399894],[128.587587,27.399852],[128.588312,27.399919],[128.588725,27.399844],[128.589137,27.399885],[128.589712,27.399935],[128.589825,27.39991],[128.590037,27.400002],[128.591075,27.39936],[128.591275,27.399185],[128.591912,27.398802],[128.592375,27.398394],[128.592487,27.397827],[128.593012,27.397419],[128.593524,27.397169],[128.594312,27.397211],[128.595162,27.397327],[128.595774,27.397477],[128.596474,27.397927],[128.597024,27.398394],[128.597374,27.399069],[128.597349,27.399494],[128.597212,27.399877],[128.597299,27.40026],[128.597711,27.400977],[128.598261,27.401335],[128.598436,27.401677],[128.598736,27.401694],[128.599261,27.401919],[128.600861,27.402994],[128.601649,27.403552],[128.602211,27.403727],[128.602786,27.404085],[128.603023,27.404135],[128.603511,27.404335],[128.603986,27.404352],[128.604473,27.404327],[128.605111,27.404435],[128.605761,27.40446],[128.606273,27.404435],[128.606798,27.40436],[128.607473,27.404585],[128.607873,27.404627],[128.608398,27.404585],[128.609248,27.404869],[128.609885,27.405277],[128.610385,27.405493],[128.610648,27.40581],[128.61161,27.406685],[128.611873,27.407085],[128.611823,27.40736],[128.611585,27.407768],[128.611535,27.408035],[128.611798,27.408127],[128.61226,27.408368],[128.612647,27.40866],[128.612872,27.409018],[128.613222,27.409085],[128.613547,27.408885],[128.61401,27.408718],[128.614472,27.408626],[128.614822,27.408468],[128.615047,27.40811],[128.615222,27.407077],[128.615422,27.406735],[128.61556,27.406668],[128.615972,27.406377],[128.61681,27.405877],[128.617535,27.405652],[128.61811,27.405285],[128.618547,27.40526],[128.619035,27.405102],[128.619534,27.404985],[128.620084,27.40496],[128.620959,27.404827],[128.621184,27.404869],[128.621597,27.405119],[128.621834,27.405452],[128.622359,27.405918],[128.622472,27.405985],[128.622954,27.406049],[128.623584,27.406177],[128.623947,27.406493],[128.624197,27.406993],[128.624571,27.407152],[128.624996,27.407535],[128.625446,27.407718],[128.625621,27.407743],[128.626046,27.407993],[128.626421,27.40836],[128.626409,27.408718],[128.626559,27.408993],[128.626984,27.40951],[128.627509,27.409718],[128.627959,27.409635],[128.628271,27.408893],[128.628471,27.40871],[128.629321,27.408652],[128.630146,27.408202],[128.630508,27.40816],[128.630733,27.408027],[128.630958,27.408168],[128.631308,27.408193],[128.631358,27.408143],[128.632308,27.408468],[128.632883,27.408718],[128.634333,27.409093],[128.634783,27.409293],[128.63527,27.409568],[128.63572,27.410068],[128.636095,27.410385],[128.63632,27.410752],[128.636408,27.41111],[128.636233,27.41136],[128.636533,27.411726],[128.636683,27.411968],[128.636933,27.41211],[128.637108,27.41231],[128.637283,27.41261],[128.63752,27.412743],[128.638495,27.413518],[128.63922,27.41386],[128.639995,27.414135],[128.64197,27.414668],[128.642095,27.414876],[128.642295,27.414993],[128.64257,27.415034],[128.642795,27.414876],[128.64297,27.414951],[128.64322,27.415109],[128.64327,27.415376],[128.643182,27.415943],[128.642957,27.416368],[128.64242,27.417159],[128.64187,27.416926],[128.641207,27.417984],[128.641907,27.418326],[128.643182,27.416393],[128.643382,27.415968],[128.64347,27.415493],[128.643595,27.415359],[128.644045,27.415451],[128.644769,27.415684],[128.645157,27.416201],[128.645507,27.416859],[128.645757,27.416843],[128.645932,27.417134],[128.646207,27.417384],[128.647119,27.418068],[128.647744,27.418592],[128.648069,27.418776],[128.648369,27.418484],[128.648657,27.418284],[128.649331,27.418151],[128.649631,27.417834],[128.649906,27.417909],[128.650556,27.418201],[128.650906,27.418409],[128.650931,27.418634],[128.651194,27.419201],[128.651419,27.419809],[128.651469,27.420417],[128.651269,27.420501],[128.651619,27.420901],[128.651919,27.421084],[128.652181,27.421301],[128.652469,27.421459],[128.653581,27.422242],[128.654456,27.422984],[128.654868,27.423409],[128.655156,27.423609],[128.655506,27.423634],[128.655856,27.423359],[128.655968,27.423317],[128.656668,27.423309],[128.657068,27.423217],[128.657506,27.423284],[128.658168,27.423442],[128.658605,27.423592],[128.65908,27.423842],[128.65943,27.424084],[128.659543,27.424067],[128.659743,27.423525],[128.660405,27.423434],[128.660868,27.423225],[128.661368,27.4234],[128.662768,27.424025],[128.663355,27.424567],[128.66358,27.424834],[128.663992,27.425017],[128.66478,27.425575],[128.665067,27.425617],[128.665367,27.425817],[128.665592,27.425792],[128.665917,27.426042],[128.666417,27.42635],[128.66653,27.42635],[128.666755,27.426242],[128.66693,27.426417],[128.667192,27.426392],[128.66758,27.426484],[128.667717,27.426575],[128.667805,27.426575],[128.668267,27.426817],[128.668617,27.426725],[128.669142,27.426792],[128.669642,27.426792],[128.669867,27.426992],[128.670279,27.427084],[128.670717,27.427125],[128.671292,27.426942],[128.671992,27.427434],[128.672579,27.427817],[128.672754,27.427975],[128.673129,27.428442],[128.673742,27.428892],[128.674329,27.429517],[128.674479,27.429558],[128.674916,27.429517],[128.675141,27.429825],[128.675466,27.429942],[128.675816,27.429983],[128.676016,27.430075],[128.676229,27.43025],[128.676491,27.430317],[128.676916,27.430342],[128.677441,27.430025],[128.678691,27.430133],[128.679066,27.430242],[128.679279,27.43035],[128.679304,27.430575],[128.679478,27.430733],[128.679766,27.430775],[128.680441,27.431025],[128.680791,27.431067],[128.680966,27.431517],[128.680941,27.43185],[128.681053,27.432258],[128.681553,27.432866],[128.681853,27.433133],[128.682316,27.433333],[128.682491,27.433358],[128.682866,27.433491],[128.683366,27.4336],[128.683428,27.434316],[128.683541,27.434883],[128.683753,27.435216],[128.68384,27.435441],[128.683728,27.435933],[128.683753,27.436158],[128.684053,27.436633],[128.684315,27.436924],[128.684903,27.437308],[128.685278,27.437391],[128.68589,27.437591],[128.686415,27.437724],[128.686853,27.437791],[128.687865,27.437741],[128.688215,27.437808],[128.688503,27.438166],[128.68874,27.438074],[128.688827,27.437849],[128.689202,27.438391],[128.689615,27.438791],[128.690402,27.439866],[128.69064,27.440091],[128.690752,27.440141],[128.691077,27.440516],[128.69134,27.440699],[128.691427,27.440699],[128.691777,27.440607],[128.692015,27.440525],[128.69224,27.440491],[128.69259,27.440491],[128.692965,27.440624],[128.693465,27.440716],[128.693752,27.440849],[128.694214,27.440732],[128.694627,27.440524],[128.695177,27.440866],[128.695552,27.440632],[128.695664,27.440657],[128.695839,27.440616],[128.696039,27.440316],[128.696127,27.440116],[128.696539,27.440074],[128.696939,27.440091],[128.697402,27.440157],[128.697552,27.440382],[128.697664,27.440332],[128.698189,27.440307],[128.698314,27.440466],[128.698777,27.440491],[128.699239,27.440149],[128.699726,27.439924],[128.700314,27.439849],[128.700514,27.440124],[128.701014,27.440274],[128.701389,27.440208],[128.701701,27.440249],[128.702001,27.440408],[128.702551,27.440474],[128.703189,27.440474],[128.703826,27.440608],[128.704414,27.440491],[128.705601,27.440191],[128.706813,27.439916],[128.707626,27.439733],[128.708063,27.439733],[128.708438,27.439616],[128.708938,27.439549],[128.709688,27.439274],[128.710238,27.439008],[128.710413,27.439024],[128.711163,27.438866],[128.71125,27.438708],[128.71145,27.438033],[128.71165,27.437691],[128.711875,27.4374],[128.711988,27.436816],[128.711875,27.436566],[128.712188,27.435933],[128.712763,27.43555],[128.713263,27.435258],[128.713488,27.435033],[128.713713,27.43445],[128.713688,27.434333],[128.713888,27.433908],[128.71365,27.433617],[128.712963,27.433642],[128.712175,27.43355],[128.711913,27.433125],[128.711675,27.432833],[128.711588,27.432792],[128.711351,27.4325],[128.710538,27.4325],[128.710188,27.432417],[128.710076,27.432259],[128.709576,27.431917],[128.709163,27.431492],[128.708663,27.430867],[128.708576,27.43055],[128.708813,27.429967],[128.708801,27.429675],[128.708601,27.429159],[128.707926,27.428642],[128.707488,27.428509],[128.706788,27.428509],[128.705714,27.428359],[128.705401,27.428026],[128.704726,27.427759],[128.704576,27.427417],[128.704351,27.427217],[128.704251,27.426834],[128.703851,27.426251],[128.702589,27.425018],[128.701864,27.424801],[128.701539,27.424551],[128.701127,27.423851],[128.700489,27.423518],[128.700077,27.423343],[128.699589,27.423251],[128.698939,27.423193],[128.698564,27.423284],[128.698514,27.423259],[128.698339,27.422993],[128.698214,27.422901],[128.698039,27.422476],[128.697577,27.422026],[128.697189,27.421843],[128.696402,27.421643],[128.695877,27.42131],[128.69574,27.420751],[128.695565,27.420593],[128.69559,27.420501],[128.695552,27.420276],[128.695402,27.420093],[128.695227,27.41966],[128.695052,27.419393],[128.694377,27.419293],[128.693502,27.419201],[128.693127,27.41906],[128.692602,27.418993],[128.691778,27.418851],[128.690953,27.418818],[128.690553,27.418776],[128.690103,27.418568],[128.689753,27.418293],[128.689678,27.418177],[128.689628,27.417843],[128.689553,27.417727],[128.689215,27.417502],[128.68859,27.417227],[128.687915,27.416902],[128.687665,27.416677],[128.687266,27.416177],[128.686916,27.415993],[128.686316,27.41606],[128.685766,27.415785],[128.685466,27.415468],[128.685066,27.415485],[128.684716,27.415577],[128.684191,27.41546],[128.683766,27.415118],[128.683191,27.415002],[128.683191,27.414935],[128.682991,27.414777],[128.682416,27.414743],[128.682041,27.414902],[128.681316,27.414877],[128.680766,27.414668],[128.680291,27.414552],[128.679291,27.414568],[128.678466,27.414385],[128.678191,27.414243],[128.677692,27.414085],[128.676904,27.414102],[128.676342,27.413827],[128.675867,27.41346],[128.675542,27.413102],[128.675417,27.412735],[128.674617,27.412394],[128.674367,27.412077],[128.674354,27.411394],[128.674379,27.41131],[128.67373,27.41121],[128.673555,27.410827],[128.67363,27.41076],[128.673505,27.410444],[128.673042,27.410285],[128.672367,27.409536],[128.672067,27.409152],[128.671717,27.408786],[128.671005,27.407561],[128.67038,27.406927],[128.670217,27.406586],[128.669668,27.406086],[128.669318,27.405653],[128.669018,27.405403],[128.668505,27.404836],[128.668205,27.404453],[128.66803,27.404019],[128.667855,27.403753],[128.667455,27.403411],[128.66703,27.403319],[128.66663,27.403244],[128.665381,27.402853],[128.664956,27.402944],[128.664856,27.402869],[128.664393,27.402144],[128.664193,27.401536],[128.664193,27.401428],[128.663918,27.401103],[128.663606,27.400836],[128.663406,27.400403],[128.663231,27.399703],[128.663193,27.399095],[128.663568,27.398803],[128.664331,27.398378],[128.665006,27.39832],[128.665431,27.398228],[128.665931,27.397937],[128.666206,27.397762],[128.666481,27.397895],[128.666668,27.397745],[128.666393,27.39727],[128.665156,27.397953],[128.664631,27.398087],[128.664006,27.397837],[128.663406,27.397112],[128.663343,27.396637],[128.663393,27.396595],[128.663593,27.396545],[128.663618,27.396387],[128.663543,27.396212],[128.663168,27.395887],[128.662643,27.395612],[128.661926,27.395534],[128.660501,27.395501],[128.660269,27.395445],[128.659469,27.395412],[128.659169,27.395387],[128.658894,27.395112],[128.658594,27.394912],[128.658444,27.394862],[128.658119,27.39502],[128.658119,27.395137],[128.657994,27.395353],[128.657269,27.395012],[128.657469,27.394679],[128.657719,27.394654],[128.657919,27.394479],[128.657894,27.392695],[128.658894,27.39272],[128.659681,27.39442],[128.659856,27.394354],[128.658994,27.39257],[128.656969,27.392512],[128.656894,27.39237],[128.656894,27.392212],[128.656644,27.391737],[128.656632,27.391129],[128.656457,27.390429],[128.656457,27.389954],[128.656519,27.389729],[128.656244,27.389387],[128.655869,27.388729],[128.655382,27.388096],[128.654757,27.387371],[128.654557,27.387054],[128.654607,27.386963],[128.654594,27.386629],[128.654244,27.386488],[128.654019,27.386488]]],"type":"Polygon"},"properties":{"kuni":"大隅","id":"G70011","kuni_url":"/kg/resource/K70.html","id_url":"G70011.html","kuni_id":"K70","pref":"鹿児島県","name":"大島","yomi":"おおしま"},"type":"Feature"},{"geometry":{"type":"Polygon","coordinates":[[[128.457773,27.024641],[128.458023,27.024682],[128.458198,27.024599],[128.458248,27.024441],[128.458123,27.024391],[128.457848,27.024232],[128.457836,27.024166],[128.457861,27.024074],[128.457911,27.024057],[128.457936,27.023941],[128.457786,27.023874],[128.457511,27.023757],[128.457036,27.023324],[128.456636,27.023166],[128.456486,27.023166],[128.456386,27.023232],[128.456136,27.023182],[128.455861,27.022999],[128.455386,27.022774],[128.455211,27.022591],[128.454786,27.022316],[128.454461,27.022424],[128.454011,27.022357],[128.453661,27.022399],[128.453286,27.022216],[128.452911,27.022166],[128.452561,27.022032],[128.452161,27.021624],[128.450974,27.021091],[128.450749,27.021049],[128.450649,27.020982],[128.450424,27.020683],[128.450249,27.020524],[128.449849,27.020341],[128.449549,27.020224],[128.449099,27.020108],[128.448299,27.020041],[128.447699,27.020083],[128.447324,27.020008],[128.447049,27.019891],[128.446774,27.019691],[128.446624,27.019641],[128.446474,27.019533],[128.446374,27.019524],[128.446024,27.019366],[128.445949,27.019366],[128.445499,27.019141],[128.445374,27.019049],[128.445174,27.019066],[128.444949,27.019249],[128.444824,27.019266],[128.444674,27.018999],[128.444574,27.019066],[128.444624,27.019291],[128.444549,27.019449],[128.444324,27.019558],[128.444062,27.019741],[128.443825,27.019283],[128.44385,27.019124],[128.444,27.018858],[128.4439,27.018724],[128.44365,27.018674],[128.4435,27.018849],[128.44345,27.019033],[128.443425,27.019324],[128.443287,27.019533],[128.443237,27.019841],[128.443262,27.019999],[128.443337,27.020091],[128.443362,27.020299],[128.443162,27.020566],[128.442575,27.020874],[128.442125,27.021282],[128.4412,27.021499],[128.440837,27.021607],[128.440737,27.021674],[128.44055,27.021474],[128.440525,27.021449],[128.440212,27.021741],[128.440062,27.021832],[128.440037,27.021599],[128.439912,27.021624],[128.439662,27.021941],[128.439487,27.021941],[128.439387,27.021891],[128.439312,27.022024],[128.439137,27.021891],[128.439137,27.021774],[128.438862,27.021866],[128.438762,27.022091],[128.438412,27.022024],[128.43836,27.022019],[128.438298,27.022019],[128.438212,27.022016],[128.438037,27.021924],[128.437838,27.021974],[128.437713,27.021899],[128.437663,27.021516],[128.437563,27.021357],[128.437113,27.021357],[128.437013,27.021424],[128.437013,27.021607],[128.436913,27.021716],[128.436713,27.021624],[128.436613,27.021649],[128.436513,27.021649],[128.436488,27.021574],[128.436588,27.021399],[128.436588,27.021332],[128.436488,27.021282],[128.436438,27.021174],[128.436313,27.021124],[128.436213,27.021166],[128.435988,27.021149],[128.435688,27.021207],[128.435513,27.021207],[128.434988,27.021407],[128.434738,27.021432],[128.434563,27.021357],[128.434175,27.021424],[128.434075,27.021399],[128.43395,27.021541],[128.4339,27.021782],[128.43355,27.02174],[128.43325,27.021782],[128.432825,27.022224],[128.432625,27.022207],[128.432575,27.022157],[128.43245,27.022182],[128.432275,27.022157],[128.432038,27.022265],[128.431713,27.022515],[128.431388,27.022665],[128.431263,27.022757],[128.430963,27.022824],[128.430863,27.022932],[128.430763,27.022957],[128.430613,27.023115],[128.430501,27.023315],[128.430276,27.023499],[128.430126,27.023582],[128.429976,27.023832],[128.429551,27.02419],[128.429326,27.024207],[128.429276,27.023874],[128.429051,27.023665],[128.429026,27.02369],[128.428851,27.023557],[128.428676,27.023165],[128.428426,27.02344],[128.428176,27.023324],[128.428126,27.023232],[128.428126,27.023115],[128.428101,27.023032],[128.428049,27.023003],[128.427913,27.022991],[128.427776,27.022982],[128.427301,27.02289],[128.427026,27.022907],[128.426776,27.022974],[128.426601,27.022815],[128.426051,27.022699],[128.425926,27.022649],[128.425853,27.022634],[128.425451,27.022607],[128.425301,27.022515],[128.425051,27.022582],[128.424901,27.022574],[128.424851,27.022465],[128.424776,27.022415],[128.424676,27.022482],[128.424576,27.022824],[128.424451,27.022957],[128.424214,27.023157],[128.423939,27.02354],[128.423864,27.023515],[128.423689,27.023382],[128.423489,27.023448],[128.423189,27.023423],[128.423189,27.023307],[128.423139,27.023215],[128.422989,27.023265],[128.422989,27.023398],[128.422914,27.023582],[128.422839,27.023598],[128.422739,27.023732],[128.422739,27.023798],[128.422364,27.023773],[128.422289,27.02389],[128.422351,27.02409],[128.422326,27.024157],[128.422001,27.024365],[128.421776,27.024423],[128.421726,27.024498],[128.421751,27.024723],[128.421701,27.024765],[128.421651,27.024765],[128.421401,27.024898],[128.421176,27.025073],[128.420864,27.025165],[128.420714,27.025165],[128.420689,27.02514],[128.420539,27.02514],[128.420239,27.025248],[128.420214,27.02554],[128.420239,27.025723],[128.420339,27.025907],[128.420314,27.025973],[128.420389,27.026131],[128.420176,27.026331],[128.420226,27.02649],[128.420376,27.026648],[128.421051,27.026815],[128.421101,27.026906],[128.421026,27.027015],[128.421001,27.027173],[128.421176,27.02749],[128.421026,27.027781],[128.421039,27.027965],[128.420989,27.028098],[128.420864,27.028165],[128.420814,27.02814],[128.420739,27.028165],[128.420639,27.027965],[128.420539,27.02794],[128.420489,27.028098],[128.420514,27.028256],[128.420314,27.028706],[128.420164,27.028906],[128.420051,27.028948],[128.419701,27.02904],[128.419451,27.029031],[128.419101,27.029081],[128.418976,27.029189],[128.418777,27.029281],[128.418277,27.029364],[128.417702,27.029339],[128.417677,27.029089],[128.417377,27.028815],[128.417177,27.028706],[128.417277,27.028548],[128.417277,27.028323],[128.417189,27.028206],[128.417089,27.028165],[128.416752,27.028206],[128.416802,27.02834],[128.416602,27.028406],[128.416277,27.028315],[128.416027,27.028315],[128.415852,27.028173],[128.415677,27.028106],[128.415502,27.028215],[128.415227,27.028215],[128.415102,27.028173],[128.414727,27.028215],[128.414577,27.028256],[128.414477,27.028231],[128.414452,27.028048],[128.414077,27.027956],[128.413977,27.02789],[128.413702,27.027981],[128.413352,27.028223],[128.412677,27.028264],[128.412502,27.028306],[128.412452,27.028398],[128.412465,27.028673],[128.412365,27.028714],[128.412165,27.028914],[128.411615,27.029298],[128.411465,27.029364],[128.411465,27.029539],[128.411477,27.029681],[128.411427,27.029839],[128.411227,27.030148],[128.411002,27.030398],[128.410827,27.030531],[128.410627,27.030598],[128.410402,27.030573],[128.410377,27.030598],[128.410227,27.030573],[128.41004,27.030706],[128.40984,27.031039],[128.40979,27.031422],[128.409665,27.031581],[128.409502,27.032031],[128.409427,27.032322],[128.409102,27.032906],[128.409115,27.033064],[128.409252,27.032981],[128.409552,27.032397],[128.410102,27.032581],[128.409827,27.033139],[128.409752,27.033265],[128.409665,27.033389],[128.409515,27.033472],[128.409415,27.033656],[128.409452,27.034514],[128.409277,27.034714],[128.409127,27.034989],[128.408165,27.035747],[128.407002,27.03673],[128.406802,27.036797],[128.406427,27.03668],[128.406252,27.036705],[128.406177,27.03693],[128.406052,27.037013],[128.405927,27.037013],[128.405727,27.037055],[128.405627,27.037122],[128.405577,27.03728],[128.405652,27.03753],[128.40564,27.037897],[128.405465,27.038363],[128.405215,27.038563],[128.404653,27.038747],[128.404403,27.038855],[128.403378,27.039188],[128.403103,27.039163],[128.403078,27.039005],[128.403103,27.03878],[128.402978,27.038705],[128.402903,27.03873],[128.402853,27.039113],[128.40276,27.03916],[128.402586,27.039196],[128.402303,27.03918],[128.401628,27.038947],[128.401003,27.038563],[128.400878,27.03838],[128.400678,27.037855],[128.400665,27.037563],[128.400715,27.03738],[128.400815,27.037272],[128.40094,27.037205],[128.40109,27.037005],[128.401053,27.035422],[128.400578,27.035397],[128.400403,27.035422],[128.400353,27.035505],[128.400378,27.036255],[128.400465,27.036955],[128.40044,27.037205],[128.40004,27.037197],[128.399915,27.037355],[128.39974,27.037447],[128.399403,27.037447],[128.399266,27.037355],[128.399091,27.036805],[128.399141,27.036697],[128.399016,27.036513],[128.398816,27.036513],[128.398666,27.036622],[128.398566,27.036938],[128.398416,27.037097],[128.398341,27.037122],[128.398228,27.037438],[128.398003,27.037813],[128.397766,27.038472],[128.397466,27.038763],[128.397391,27.038988],[128.397366,27.039346],[128.397391,27.03953],[128.397503,27.039688],[128.397503,27.039821],[128.397378,27.039863],[128.397303,27.039955],[128.397353,27.040271],[128.397178,27.040363],[128.397228,27.04063],[128.397528,27.040721],[128.397678,27.04068],[128.397691,27.04118],[128.397741,27.041338],[128.397666,27.041713],[128.397741,27.042238],[128.397703,27.042346],[128.397203,27.042929],[128.396953,27.043154],[128.396591,27.043579],[128.396316,27.044321],[128.395678,27.045179],[128.395416,27.045762],[128.395366,27.046329],[128.395428,27.047162],[128.395328,27.047496],[128.395353,27.047704],[128.395503,27.048062],[128.395891,27.048537],[128.396691,27.049404],[128.397315,27.049812],[128.397565,27.050087],[128.397603,27.05027],[128.397578,27.05047],[128.397478,27.05072],[128.397453,27.051012],[128.397553,27.051079],[128.397628,27.051054],[128.397778,27.051129],[128.397978,27.051104],[128.398103,27.050995],[128.398703,27.051062],[128.398828,27.05122],[128.399228,27.05127],[128.399353,27.051229],[128.399478,27.051095],[128.399628,27.051095],[128.399753,27.051045],[128.399828,27.050962],[128.399665,27.05062],[128.399965,27.050304],[128.40019,27.050195],[128.40039,27.050154],[128.400665,27.050037],[128.400865,27.050045],[128.40114,27.05027],[128.401565,27.050479],[128.401665,27.050679],[128.401615,27.050812],[128.40149,27.050929],[128.40084,27.050895],[128.40059,27.050987],[128.400428,27.05112],[128.400578,27.051395],[128.400728,27.051437],[128.401253,27.051512],[128.401478,27.051487],[128.401503,27.051604],[128.401453,27.052095],[128.401503,27.052253],[128.401628,27.052303],[128.401803,27.05217],[128.402078,27.05172],[128.402103,27.051629],[128.401828,27.05147],[128.401865,27.050837],[128.40184,27.050587],[128.401865,27.050254],[128.402228,27.050054],[128.402303,27.049895],[128.402353,27.049287],[128.402803,27.049195],[128.402828,27.049379],[128.403027,27.049312],[128.403028,27.049245],[128.403127,27.049179],[128.40314,27.048954],[128.403215,27.048862],[128.40334,27.048796],[128.403465,27.048796],[128.403665,27.048662],[128.403765,27.048529],[128.403965,27.048396],[128.404065,27.048279],[128.40409,27.048146],[128.40399,27.047987],[128.404015,27.047946],[128.40414,27.047896],[128.404377,27.047879],[128.404627,27.047812],[128.405052,27.047587],[128.405252,27.047521],[128.405452,27.047254],[128.405952,27.047146],[128.406365,27.046879],[128.40649,27.046879],[128.407365,27.046729],[128.40814,27.046687],[128.40849,27.046737],[128.408715,27.046829],[128.40919,27.046921],[128.410014,27.046879],[128.410689,27.047062],[128.410914,27.047379],[128.411089,27.047521],[128.411264,27.047496],[128.411564,27.047546],[128.411864,27.047662],[128.412189,27.047729],[128.412814,27.048054],[128.413439,27.048529],[128.413614,27.048729],[128.413727,27.049121],[128.413877,27.049137],[128.414314,27.048987],[128.414364,27.049029],[128.414402,27.049254],[128.414751,27.049871],[128.414851,27.050296],[128.414651,27.050412],[128.413889,27.050654],[128.413839,27.050829],[128.413714,27.051037],[128.413714,27.05117],[128.413764,27.051237],[128.414289,27.051487],[128.414714,27.051854],[128.415026,27.052237],[128.415101,27.052395],[128.415101,27.05262],[128.415026,27.052912],[128.414901,27.05307],[128.414814,27.053545],[128.415076,27.054653],[128.415176,27.055262],[128.415376,27.055603],[128.415439,27.056237],[128.415439,27.05657],[128.415464,27.056845],[128.415639,27.05727],[128.415626,27.057745],[128.415576,27.058086],[128.415089,27.059161],[128.415064,27.059528],[128.415189,27.05982],[128.415264,27.059911],[128.415514,27.060095],[128.415601,27.060186],[128.415714,27.06012],[128.415564,27.059753],[128.415589,27.05942],[128.415739,27.05962],[128.415789,27.060003],[128.415901,27.060253],[128.415801,27.060436],[128.416151,27.060778],[128.416676,27.061161],[128.417664,27.062069],[128.417963,27.062319],[128.418288,27.062478],[128.418563,27.062869],[128.419288,27.063686],[128.419726,27.064044],[128.419751,27.064202],[128.419676,27.064344],[128.419476,27.064561],[128.419451,27.064769],[128.419551,27.065019],[128.419901,27.065202],[128.420076,27.065202],[128.420126,27.065136],[128.420251,27.065152],[128.420588,27.065586],[128.420763,27.065652],[128.420863,27.065586],[128.421538,27.065977],[128.421738,27.066069],[128.422488,27.066144],[128.422488,27.066161],[128.422788,27.066327],[128.422888,27.066236],[128.423088,27.066394],[128.423813,27.066786],[128.424088,27.066827],[128.424238,27.066827],[128.424338,27.066786],[128.424513,27.066561],[128.425213,27.066744],[128.425313,27.066886],[128.425263,27.066994],[128.425163,27.066952],[128.424988,27.067086],[128.425213,27.067202],[128.425438,27.067244],[128.425563,27.067086],[128.425863,27.067111],[128.426313,27.067252],[128.426463,27.067344],[128.426713,27.067594],[128.427388,27.067802],[128.427663,27.067827],[128.428262,27.067919],[128.428637,27.067919],[128.428787,27.067902],[128.428837,27.067969],[128.428987,27.068011],[128.429137,27.068019],[128.429462,27.067927],[128.429737,27.067952],[128.4303,27.067936],[128.430525,27.068002],[128.4309,27.067961],[128.4324,27.068036],[128.432775,27.068019],[128.432925,27.068044],[128.4339,27.067911],[128.434099,27.067844],[128.434237,27.067736],[128.435037,27.067219],[128.435287,27.067177],[128.435537,27.067044],[128.436062,27.066911],[128.436299,27.066761],[128.436549,27.066644],[128.436799,27.066602],[128.437024,27.066469],[128.437499,27.066311],[128.437899,27.066269],[128.437874,27.066544],[128.437899,27.066719],[128.438024,27.066794],[128.438174,27.066794],[128.438549,27.066661],[128.438574,27.066636],[128.438824,27.066594],[128.439212,27.066353],[128.439162,27.066078],[128.439412,27.066128],[128.439637,27.066078],[128.439787,27.065903],[128.439812,27.065769],[128.439962,27.065744],[128.440237,27.065611],[128.440386,27.065744],[128.440536,27.065703],[128.440561,27.065544],[128.440511,27.065369],[128.440649,27.065144],[128.440974,27.064736],[128.441861,27.064178],[128.442261,27.064136],[128.442686,27.064136],[128.442836,27.063761],[128.443111,27.063511],[128.443186,27.063403],[128.443499,27.063336],[128.443824,27.062886],[128.444049,27.06277],[128.444149,27.06262],[128.444199,27.062278],[128.444086,27.061803],[128.444511,27.061353],[128.444611,27.061195],[128.445674,27.060195],[128.446161,27.059787],[128.446411,27.059837],[128.446536,27.059928],[128.446711,27.059862],[128.446861,27.05977],[128.447111,27.059412],[128.447186,27.059303],[128.447274,27.058737],[128.447923,27.057812],[128.448486,27.056829],[128.448973,27.056037],[128.449248,27.05537],[128.449411,27.055121],[128.449586,27.054696],[128.449611,27.054471],[128.449836,27.054179],[128.450223,27.053887],[128.450573,27.053279],[128.451061,27.052962],[128.451348,27.053237],[128.451623,27.053262],[128.452148,27.053379],[128.452198,27.053379],[128.452361,27.053246],[128.452442,27.053026],[128.452561,27.052979],[128.452761,27.052912],[128.452736,27.052637],[128.452811,27.052413],[128.452911,27.052279],[128.453223,27.052079],[128.453498,27.051813],[128.453673,27.051379],[128.453673,27.051071],[128.453748,27.050979],[128.453811,27.050729],[128.454036,27.050621],[128.454236,27.050188],[128.454386,27.050013],[128.454673,27.049271],[128.454698,27.048955],[128.455136,27.047896],[128.455186,27.04783],[128.455186,27.04758],[128.455086,27.04713],[128.455173,27.046497],[128.455148,27.046363],[128.454998,27.046313],[128.454448,27.04638],[128.454273,27.046355],[128.454048,27.046288],[128.453923,27.04613],[128.453948,27.045905],[128.454048,27.045838],[128.454098,27.045747],[128.454098,27.045588],[128.453998,27.045497],[128.453848,27.045455],[128.453748,27.045472],[128.453586,27.045138],[128.453561,27.044955],[128.453761,27.044097],[128.453648,27.043622],[128.453536,27.042472],[128.453536,27.042022],[128.453486,27.041322],[128.453523,27.040372],[128.453736,27.039697],[128.453686,27.039447],[128.453711,27.039314],[128.453636,27.038756],[128.453773,27.038147],[128.453923,27.037847],[128.454423,27.035106],[128.454473,27.034631],[128.454773,27.03314],[128.454873,27.032848],[128.454998,27.032106],[128.455286,27.031748],[128.455436,27.03164],[128.455486,27.031498],[128.455411,27.031206],[128.455486,27.031073],[128.455761,27.030965],[128.455911,27.030832],[128.456048,27.030357],[128.456073,27.029657],[128.456161,27.028757],[128.456311,27.028307],[128.456436,27.028173],[128.456611,27.028082],[128.456923,27.028015],[128.457148,27.027998],[128.457248,27.027973],[128.457273,27.02784],[128.457023,27.027765],[128.456923,27.027657],[128.456948,27.027607],[128.457148,27.027632],[128.457273,27.027549],[128.457198,27.027407],[128.457448,27.027432],[128.457623,27.02739],[128.457723,27.027324],[128.457373,27.027182],[128.457398,27.027115],[128.457748,27.027074],[128.457861,27.026915],[128.457761,27.026849],[128.457636,27.026849],[128.457536,27.026757],[128.457411,27.026349],[128.457261,27.026015],[128.457511,27.025882],[128.457811,27.025832],[128.457961,27.025857],[128.458011,27.025815],[128.457811,27.025632],[128.457779,27.025606],[128.457823,27.025474],[128.457798,27.02529],[128.457723,27.025182],[128.457648,27.025132],[128.457673,27.024907],[128.457773,27.024641]]]},"properties":{"kuni":"大隅","id":"G70011","kuni_url":"/kg/resource/K70.html","id_url":"G70011.html","kuni_id":"K70","pref":"鹿児島県","name":"大島","yomi":"おおしま"},"type":"Feature"}]}