{"type":"FeatureCollection","features":[{"properties":{"id":"G71004","kuni":"薩摩","kuni_url":"/kg/resource/K71.html","id_url":"G71004.html","kuni_id":"K71","pref":"鹿児島県","name":"川邊","yomi":"かわなべ"},"geometry":{"type":"Polygon","coordinates":[[[130.446036,31.475788],[130.446124,31.475588],[130.446499,31.47518],[130.446674,31.475113],[130.446999,31.475063],[130.447211,31.475063],[130.447261,31.475088],[130.447386,31.474971],[130.447474,31.474788],[130.447636,31.474271],[130.447986,31.473638],[130.448336,31.473255],[130.448424,31.473071],[130.448211,31.472621],[130.448124,31.472305],[130.448124,31.472013],[130.448261,31.471697],[130.448761,31.471313],[130.448986,31.471022],[130.449449,31.470022],[130.450436,31.468872],[130.451486,31.467514],[130.451598,31.467264],[130.451448,31.466789],[130.451536,31.466181],[130.451611,31.465981],[130.451736,31.465797],[130.451974,31.465741],[130.452275,31.465661],[130.452586,31.465697],[130.452936,31.465814],[130.453711,31.466239],[130.453973,31.466439],[130.454323,31.466456],[130.454848,31.466297],[130.455461,31.465981],[130.456286,31.465839],[130.456848,31.465747],[130.45711,31.465631],[130.457223,31.465498],[130.457485,31.464798],[130.45751,31.464548],[130.457648,31.464031],[130.45781,31.462631],[130.457898,31.462406],[130.458048,31.462265],[130.45816,31.462223],[130.458635,31.462156],[130.458773,31.462065],[130.45896,31.462106],[130.459485,31.462373],[130.459923,31.46244],[130.46031,31.462415],[130.460548,31.462506],[130.460898,31.462548],[130.461248,31.462548],[130.46166,31.462631],[130.46216,31.462831],[130.46246,31.463031],[130.46281,31.46319],[130.464022,31.463206],[130.464172,31.463181],[130.464285,31.46309],[130.464335,31.462915],[130.464635,31.462598],[130.46516,31.462323],[130.465685,31.462181],[130.466472,31.462065],[130.467185,31.462015],[130.467685,31.462015],[130.46886,31.462123],[130.469247,31.462215],[130.469534,31.46219],[130.469585,31.461532],[130.469672,31.461332],[130.469822,31.461148],[130.469722,31.460765],[130.46946,31.46029],[130.46936,31.459773],[130.469247,31.45944],[130.46936,31.459298],[130.469685,31.45914],[130.470122,31.458732],[130.470209,31.458599],[130.470384,31.458482],[130.470647,31.458415],[130.470997,31.458365],[130.471347,31.458365],[130.471697,31.458324],[130.472409,31.458157],[130.472609,31.458199],[130.473059,31.458557],[130.473322,31.458715],[130.473559,31.458782],[130.473672,31.458782],[130.473909,31.458715],[130.474672,31.458374],[130.474959,31.458374],[130.475109,31.458415],[130.475784,31.458749],[130.476109,31.45884],[130.476521,31.458882],[130.477146,31.458857],[130.477384,31.458924],[130.478559,31.459499],[130.478796,31.45959],[130.478771,31.45959],[130.478796,31.459615],[130.479209,31.459632],[130.479471,31.459699],[130.480034,31.45979],[130.480384,31.45994],[130.480621,31.459874],[130.480771,31.459782],[130.481096,31.459899],[130.481233,31.460007],[130.481471,31.460049],[130.481508,31.460032],[130.482058,31.46034],[130.482621,31.460448],[130.483158,31.460715],[130.483246,31.460923],[130.483396,31.461032],[130.483571,31.461057],[130.483833,31.460965],[130.483946,31.460082],[130.483971,31.459657],[130.483908,31.459432],[130.483758,31.459074],[130.483721,31.459074],[130.483571,31.458824],[130.483508,31.458415],[130.483571,31.45799],[130.483508,31.457699],[130.483296,31.457174],[130.482933,31.456616],[130.482758,31.456057],[130.482783,31.455557],[130.482921,31.454899],[130.482946,31.454583],[130.482908,31.454024],[130.482971,31.453549],[130.483308,31.452758],[130.483658,31.452033],[130.483708,31.45165],[130.483646,31.451],[130.483783,31.450683],[130.484883,31.449075],[130.485583,31.448375],[130.485933,31.44785],[130.485958,31.447625],[130.485933,31.447292],[130.485983,31.446975],[130.486296,31.446342],[130.486358,31.446267],[130.486383,31.445934],[130.486271,31.445734],[130.485996,31.445459],[130.485796,31.445192],[130.485521,31.444609],[130.485483,31.443859],[130.485383,31.443142],[130.485296,31.442759],[130.485171,31.442467],[130.485058,31.442017],[130.485021,31.441701],[130.485133,31.440643],[130.485208,31.440143],[130.485208,31.439893],[130.485083,31.439651],[130.484521,31.439068],[130.484233,31.438818],[130.484083,31.438635],[130.483546,31.438168],[130.483521,31.43801],[130.483584,31.436502],[130.483734,31.435802],[130.483871,31.435577],[130.484421,31.43521],[130.484833,31.434644],[130.485121,31.433919],[130.485408,31.43286],[130.485421,31.432069],[130.485271,31.431261],[130.485271,31.430969],[130.485658,31.429411],[130.485783,31.429269],[130.486483,31.428886],[130.486833,31.428519],[130.487058,31.427595],[130.487246,31.426853],[130.487333,31.426261],[130.487208,31.42552],[130.487233,31.42532],[130.486408,31.424695],[130.485996,31.424487],[130.485346,31.424378],[130.484609,31.423462],[130.484334,31.422762],[130.484059,31.422362],[130.483496,31.421979],[130.483121,31.42182],[130.482909,31.421554],[130.482846,31.421054],[130.482889,31.42063],[130.482896,31.420271],[130.482859,31.418871],[130.482484,31.418038],[130.481697,31.417688],[130.480397,31.417496],[130.478847,31.417288],[130.477872,31.416988],[130.47766,31.416604],[130.47776,31.415838],[130.477072,31.415138],[130.476422,31.414346],[130.475497,31.413605],[130.475022,31.41283],[130.474722,31.411838],[130.474397,31.411338],[130.473801,31.410526],[130.473173,31.409622],[130.472535,31.409055],[130.47156,31.408397],[130.470848,31.407539],[130.469561,31.407539],[130.469298,31.408422],[130.46966,31.409464],[130.46921,31.410163],[130.468635,31.410913],[130.467761,31.411597],[130.466523,31.41248],[130.465717,31.412707],[130.464598,31.412905],[130.463473,31.413021],[130.462498,31.413679],[130.460961,31.413813],[130.459411,31.413863],[130.457986,31.414046],[130.457324,31.413729],[130.456636,31.413229],[130.456036,31.412638],[130.455662,31.411779],[130.455212,31.411238],[130.454399,31.410763],[130.451212,31.408138],[130.451125,31.40728],[130.45065,31.406713],[130.449737,31.406072],[130.448937,31.405588],[130.447912,31.405097],[130.446388,31.404097],[130.445388,31.403872],[130.444713,31.403239],[130.44375,31.40288],[130.442588,31.40268],[130.442251,31.402264],[130.441826,31.401589],[130.440888,31.401206],[130.439688,31.401189],[130.438742,31.401401],[130.437814,31.401464],[130.437146,31.401202],[130.436464,31.400439],[130.436389,31.399214],[130.436064,31.398306],[130.435064,31.397906],[130.433989,31.397923],[130.433039,31.397364],[130.432252,31.396556],[130.431334,31.396102],[130.42904,31.395756],[130.428103,31.395006],[130.427815,31.394065],[130.427553,31.393481],[130.426903,31.39269],[130.425891,31.392148],[130.424628,31.39219],[130.423753,31.391507],[130.423128,31.391173],[130.422041,31.390498],[130.420966,31.389665],[130.420154,31.388799],[130.418879,31.387824],[130.417842,31.387165],[130.416817,31.386765],[130.416292,31.386057],[130.415654,31.385432],[130.415465,31.38506],[130.415392,31.384641],[130.415383,31.384349],[130.415265,31.384009],[130.415083,31.383651],[130.41483,31.382899],[130.414367,31.381791],[130.413405,31.380599],[130.413105,31.380008],[130.41308,31.379375],[130.413992,31.378333],[130.413992,31.377475],[130.413617,31.37655],[130.413093,31.376025],[130.413055,31.375667],[130.413205,31.375208],[130.41288,31.374575],[130.41233,31.373992],[130.41203,31.37245],[130.412068,31.371775],[130.411893,31.37085],[130.411639,31.370233],[130.41135,31.369621],[130.411118,31.368917],[130.411118,31.368392],[130.411218,31.367501],[130.410643,31.366476],[130.410181,31.365851],[130.409256,31.365934],[130.408093,31.365709],[130.407293,31.366076],[130.405244,31.364384],[130.404885,31.36373],[130.404431,31.363059],[130.403481,31.362001],[130.402644,31.360601],[130.402432,31.359851],[130.401907,31.359085],[130.401144,31.35861],[130.401069,31.35816],[130.401782,31.35691],[130.402332,31.356235],[130.402669,31.355685],[130.403019,31.355035],[130.403682,31.354002],[130.404282,31.353235],[130.404807,31.351927],[130.405132,31.350986],[130.405682,31.350294],[130.406382,31.349861],[130.407294,31.349369],[130.408131,31.348961],[130.408581,31.348669],[130.408731,31.348486],[130.407969,31.347144],[130.407382,31.345928],[130.407069,31.345453],[130.406844,31.34522],[130.406357,31.345253],[130.405632,31.345328],[130.404494,31.344886],[130.403495,31.344028],[130.402395,31.343303],[130.40147,31.342878],[130.39772,31.341287],[130.396658,31.34077],[130.395871,31.340345],[130.395446,31.339795],[130.395217,31.339084],[130.395023,31.338393],[130.394547,31.337572],[130.394158,31.336817],[130.393046,31.335545],[130.392221,31.334654],[130.391159,31.333646],[130.389622,31.331996],[130.388747,31.330971],[130.388122,31.329746],[130.387797,31.328546],[130.387597,31.327646],[130.387559,31.326496],[130.387709,31.325255],[130.387909,31.324338],[130.387897,31.323838],[130.387662,31.322946],[130.387635,31.321889],[130.387631,31.321126],[130.387422,31.320455],[130.386147,31.318855],[130.385735,31.318122],[130.384523,31.317681],[130.382935,31.316222],[130.38251,31.315781],[130.382148,31.314931],[130.381723,31.314139],[130.381298,31.313981],[130.380523,31.313914],[130.379761,31.313981],[130.378943,31.314105],[130.378148,31.313989],[130.377211,31.313722],[130.376398,31.313656],[130.375899,31.313422],[130.375299,31.313372],[130.374718,31.313161],[130.374172,31.313285],[130.373836,31.313747],[130.373536,31.313847],[130.372761,31.31393],[130.372761,31.313927],[130.372586,31.313905],[130.372399,31.313772],[130.372299,31.313564],[130.372349,31.313364],[130.372424,31.313272],[130.3726,31.313136],[130.372861,31.312306],[130.373036,31.311764],[130.373636,31.311006],[130.373861,31.310648],[130.374061,31.310448],[130.374424,31.309689],[130.374586,31.309531],[130.375011,31.309331],[130.375349,31.309131],[130.375561,31.308915],[130.375724,31.30864],[130.375924,31.308423],[130.376011,31.308173],[130.375849,31.307973],[130.375261,31.307515],[130.374486,31.30719],[130.372787,31.30659],[130.372112,31.306123],[130.371912,31.305873],[130.371137,31.305165],[130.370762,31.304965],[130.369762,31.304598],[130.369374,31.304365],[130.369124,31.304165],[130.3683,31.303432],[130.36795,31.303248],[130.367375,31.302957],[130.366,31.302648],[130.36575,31.302557],[130.365475,31.302398],[130.364687,31.301632],[130.364462,31.301465],[130.364112,31.301307],[130.363987,31.301148],[130.363888,31.300607],[130.363813,31.300357],[130.3635,31.299907],[130.363425,31.299565],[130.3634,31.29909],[130.3636,31.29864],[130.364038,31.297949],[130.364088,31.297674],[130.364063,31.297291],[130.364007,31.297199],[130.363872,31.297168],[130.363713,31.297182],[130.363463,31.297224],[130.363413,31.297174],[130.363475,31.296816],[130.363725,31.296432],[130.3637,31.296257],[130.363625,31.296182],[130.363325,31.296207],[130.36325,31.296249],[130.36305,31.296274],[130.3628,31.296024],[130.36275,31.295732],[130.362588,31.295324],[130.362613,31.295099],[130.362688,31.294874],[130.362801,31.294649],[130.362813,31.294441],[130.362738,31.294191],[130.36275,31.294041],[130.362875,31.293924],[130.363125,31.293816],[130.363375,31.293591],[130.3637,31.293141],[130.364013,31.292358],[130.364138,31.291608],[130.36425,31.291408],[130.364375,31.291316],[130.36495,31.291325],[130.365125,31.291166],[130.365225,31.290941],[130.365375,31.29065],[130.365613,31.290225],[130.365488,31.290067],[130.365313,31.289925],[130.364888,31.289475],[130.364588,31.289],[130.364475,31.288725],[130.3643,31.288475],[130.364075,31.288367],[130.36375,31.288292],[130.3636,31.288225],[130.363575,31.287708],[130.36345,31.2873],[130.363288,31.286917],[130.363088,31.2866],[130.362988,31.286325],[130.362963,31.286075],[130.363113,31.285742],[130.3633,31.285559],[130.363675,31.285342],[130.36385,31.285092],[130.364025,31.284459],[130.364163,31.284284],[130.364313,31.284167],[130.364338,31.284101],[130.364363,31.283876],[130.364063,31.283451],[130.364063,31.283242],[130.3646,31.282817],[130.364675,31.282709],[130.364625,31.282459],[130.364376,31.281868],[130.364438,31.281601],[130.364763,31.281043],[130.365001,31.280368],[130.365001,31.280226],[130.365251,31.27971],[130.365326,31.279285],[130.365288,31.278676],[130.364988,31.278293],[130.364938,31.27811],[130.364913,31.277885],[130.365038,31.277685],[130.365276,31.27741],[130.365326,31.27721],[130.365476,31.276827],[130.365626,31.276735],[130.365751,31.276585],[130.365776,31.27636],[130.365738,31.27611],[130.365738,31.275902],[130.365913,31.275452],[130.366211,31.274888],[130.366301,31.274644],[130.366351,31.274244],[130.366551,31.273902],[130.366726,31.273794],[130.366851,31.273752],[130.367263,31.273685],[130.367363,31.273635],[130.367513,31.273236],[130.367413,31.272719],[130.367463,31.272419],[130.367963,31.270644],[130.367988,31.270303],[130.367938,31.270011],[130.367601,31.269469],[130.367476,31.269153],[130.367426,31.268569],[130.367176,31.26807],[130.367113,31.267845],[130.367188,31.267595],[130.367363,31.267461],[130.367513,31.267436],[130.367688,31.267303],[130.367763,31.26717],[130.367776,31.266653],[130.367626,31.265412],[130.367638,31.265028],[130.367776,31.263403],[130.367676,31.262954],[130.367026,31.262429],[130.366838,31.261995],[130.366888,31.26182],[130.367088,31.261595],[130.367263,31.261279],[130.367576,31.260379],[130.367626,31.259796],[130.367488,31.258396],[130.367351,31.257946],[130.366851,31.256771],[130.366763,31.256338],[130.366738,31.256046],[130.366963,31.255554],[130.367451,31.254854],[130.368026,31.254388],[130.368663,31.253938],[130.368713,31.253846],[130.368788,31.253521],[130.368788,31.253255],[130.368613,31.252013],[130.368401,31.252038],[130.368151,31.252013],[130.368038,31.251788],[130.367789,31.251522],[130.367439,31.251363],[130.367376,31.251022],[130.367301,31.250888],[130.367101,31.25073],[130.366964,31.250688],[130.366114,31.25078],[130.365726,31.25073],[130.365426,31.250755],[130.365289,31.250888],[130.365239,31.251138],[130.365314,31.251338],[130.365264,31.251588],[130.364989,31.251721],[130.364689,31.251788],[130.364326,31.251521],[130.364189,31.25148],[130.364001,31.251496],[130.363939,31.251588],[130.363939,31.251863],[130.363664,31.251946],[130.363339,31.251971],[130.363276,31.251955],[130.363139,31.251705],[130.363001,31.251655],[130.362839,31.251655],[130.362651,31.251771],[130.362539,31.251955],[130.362539,31.252155],[130.361964,31.25288],[130.361926,31.253521],[130.361901,31.253871],[130.361964,31.254029],[130.362139,31.254096],[130.362539,31.254371],[130.362489,31.254596],[130.362239,31.255021],[130.362014,31.255154],[130.36182,31.255282],[130.361676,31.255488],[130.361576,31.255513],[130.361576,31.255329],[130.361627,31.255183],[130.361689,31.255063],[130.361839,31.254721],[130.361839,31.254588],[130.361789,31.254496],[130.361239,31.254046],[130.361264,31.253954],[130.361402,31.253754],[130.361477,31.253521],[130.361439,31.252988],[130.361364,31.25258],[130.361327,31.252313],[130.361439,31.252046],[130.361389,31.251905],[130.361252,31.251796],[130.361205,31.251685],[130.361164,31.251571],[130.361052,31.251505],[130.360727,31.251438],[130.360427,31.25148],[130.360289,31.25123],[130.360089,31.251146],[130.359677,31.251005],[130.359402,31.25108],[130.359214,31.250963],[130.358964,31.250896],[130.358689,31.250871],[130.358114,31.250696],[130.358139,31.250605],[130.358027,31.250355],[130.357802,31.25018],[130.357614,31.250113],[130.357477,31.25018],[130.357177,31.250513],[130.356902,31.25058],[130.356627,31.250538],[130.35654,31.250471],[130.35619,31.250288],[130.356015,31.250288],[130.355827,31.250338],[130.355715,31.25043],[130.35564,31.250563],[130.355465,31.250446],[130.355365,31.250538],[130.355415,31.250879],[130.355165,31.251054],[130.354952,31.251129],[130.354065,31.25038],[130.353815,31.249955],[130.353765,31.24998],[130.35354,31.250246],[130.353352,31.250338],[130.352715,31.250429],[130.352165,31.250563],[130.35184,31.250721],[130.351565,31.250996],[130.351377,31.251129],[130.35129,31.251129],[130.351215,31.251021],[130.351065,31.250946],[130.350903,31.250904],[130.350765,31.250946],[130.350665,31.251063],[130.350665,31.251221],[130.350715,31.251354],[130.350828,31.251488],[130.350603,31.252054],[130.350415,31.252412],[130.350215,31.252529],[130.350028,31.252571],[130.34934,31.252529],[130.348928,31.252554],[130.348765,31.252596],[130.348678,31.252571],[130.348328,31.252346],[130.347878,31.252121],[130.34774,31.252104],[130.347365,31.252104],[130.347115,31.252196],[130.346915,31.252662],[130.346865,31.252712],[130.34684,31.252804],[130.346865,31.252962],[130.346815,31.253096],[130.34644,31.253521],[130.34619,31.253712],[130.346149,31.254019],[130.346165,31.254162],[130.346165,31.25427],[130.34604,31.254362],[130.345565,31.254362],[130.34539,31.254312],[130.345215,31.254154],[130.34519,31.254062],[130.344965,31.254012],[130.344765,31.254037],[130.34454,31.25397],[130.344366,31.254079],[130.344128,31.254304],[130.343978,31.254237],[130.343928,31.254237],[130.343853,31.254304],[130.343553,31.254729],[130.343578,31.25482],[130.343703,31.254995],[130.343753,31.255137],[130.344016,31.255612],[130.343791,31.255612],[130.343653,31.255429],[130.343478,31.255312],[130.343178,31.255129],[130.343053,31.255104],[130.342678,31.255037],[130.342578,31.25517],[130.342591,31.255645],[130.342541,31.255712],[130.342491,31.256028],[130.342416,31.25612],[130.342141,31.256228],[130.342191,31.25607],[130.342216,31.255645],[130.342041,31.255253],[130.342028,31.254987],[130.341928,31.254962],[130.341691,31.255162],[130.341316,31.255295],[130.341241,31.255412],[130.341141,31.25552],[130.340941,31.25552],[130.340916,31.255545],[130.340816,31.255428],[130.340766,31.255228],[130.340641,31.255228],[130.340466,31.255287],[130.340366,31.255128],[130.340216,31.255112],[130.339991,31.255178],[130.339841,31.255328],[130.339616,31.255445],[130.339366,31.255437],[130.339041,31.25537],[130.339041,31.255328],[130.338941,31.25517],[130.338791,31.255145],[130.338741,31.255187],[130.338716,31.25537],[130.338566,31.255278],[130.338566,31.25512],[130.338491,31.255028],[130.338341,31.255095],[130.338241,31.255253],[130.338166,31.25532],[130.338016,31.255253],[130.337841,31.255228],[130.337466,31.255245],[130.337391,31.25522],[130.337316,31.255087],[130.337191,31.255045],[130.336891,31.255337],[130.336816,31.255062],[130.336766,31.255037],[130.336616,31.25522],[130.336529,31.255603],[130.336279,31.256295],[130.336291,31.256661],[130.336241,31.257428],[130.336116,31.257511],[130.335891,31.256586],[130.335829,31.256003],[130.335904,31.255412],[130.335829,31.25517],[130.335641,31.25492],[130.335441,31.254778],[130.334916,31.254687],[130.334641,31.254703],[130.334379,31.254795],[130.334104,31.254837],[130.334004,31.254812],[130.333879,31.254837],[130.333304,31.25522],[130.333104,31.255261],[130.332979,31.255395],[130.332816,31.256161],[130.332691,31.256203],[130.332541,31.256203],[130.332029,31.255611],[130.331779,31.255453],[130.331529,31.255336],[130.331454,31.255453],[130.331267,31.25552],[130.331129,31.255153],[130.331029,31.255128],[130.330979,31.255178],[130.330767,31.255561],[130.330517,31.255403],[130.330117,31.25537],[130.329992,31.255303],[130.329767,31.255261],[130.329617,31.255303],[130.329017,31.255186],[130.328792,31.255278],[130.327892,31.255603],[130.327667,31.255761],[130.327617,31.256036],[130.327804,31.256645],[130.327817,31.257519],[130.327767,31.257569],[130.327592,31.257453],[130.327579,31.257269],[130.327454,31.257019],[130.327404,31.256778],[130.327304,31.256619],[130.327229,31.256619],[130.327029,31.256769],[130.326954,31.256886],[130.326804,31.256928],[130.32638,31.256636],[130.32603,31.256536],[130.32553,31.256628],[130.32543,31.256736],[130.325267,31.257094],[130.324867,31.257478],[130.324717,31.257386],[130.324792,31.257003],[130.32473,31.256711],[130.324417,31.256728],[130.32428,31.256661],[130.324105,31.256503],[130.32413,31.256369],[130.324255,31.256169],[130.32423,31.256011],[130.32398,31.25567],[130.323705,31.25542],[130.323255,31.255278],[130.322955,31.255253],[130.32238,31.255411],[130.32208,31.255561],[130.321755,31.256036],[130.321467,31.256686],[130.321267,31.256728],[130.320793,31.256636],[130.320743,31.256411],[130.320568,31.256186],[130.320368,31.256161],[130.320243,31.256294],[130.320193,31.256494],[130.320018,31.256519],[130.319718,31.256203],[130.319218,31.255953],[130.319093,31.255944],[130.318968,31.256036],[130.318993,31.256103],[130.319043,31.256103],[130.319243,31.256219],[130.319168,31.256403],[130.318893,31.256536],[130.318518,31.256644],[130.31828,31.256886],[130.318105,31.257028],[130.317205,31.257177],[130.316055,31.257236],[130.31583,31.257302],[130.315243,31.257636],[130.315043,31.257877],[130.314993,31.258311],[130.314843,31.258552],[130.314031,31.25936],[130.313293,31.260235],[130.313068,31.260685],[130.312931,31.261185],[130.312506,31.261743],[130.312431,31.262035],[130.312256,31.262193],[130.311843,31.262643],[130.311443,31.26331],[130.310806,31.264326],[130.310143,31.265176],[130.309518,31.265626],[130.309331,31.265826],[130.308706,31.266409],[130.308018,31.266784],[130.307543,31.266851],[130.307169,31.266851],[130.306819,31.266801],[130.306533,31.266859],[130.306219,31.267043],[130.306169,31.266884],[130.306519,31.266659],[130.306544,31.266484],[130.306206,31.266143],[130.305656,31.265801],[130.305331,31.265709],[130.304931,31.265659],[130.304681,31.265659],[130.304506,31.265609],[130.304156,31.265359],[130.303956,31.265293],[130.303331,31.265101],[130.302831,31.265034],[130.302456,31.264943],[130.301757,31.264868],[130.301432,31.264776],[130.300932,31.264409],[130.300507,31.264001],[130.300232,31.263793],[130.299857,31.263684],[130.299132,31.263609],[130.298532,31.263584],[130.294695,31.259627],[130.29387,31.259352],[130.293807,31.259601],[130.294532,31.25981],[130.295927,31.261365],[130.296145,31.261693],[130.296345,31.264718],[130.295957,31.265684],[130.296507,31.265776],[130.296532,31.266276],[130.296507,31.266292],[130.296482,31.266609],[130.296657,31.266592],[130.296732,31.266459],[130.296782,31.266409],[130.297032,31.266392],[130.297207,31.266459],[130.297044,31.267726],[130.296894,31.267717],[130.296894,31.267634],[130.294432,31.268492],[130.29431,31.26853],[130.294082,31.268559],[130.293368,31.268453],[130.293057,31.268459],[130.292782,31.268525],[130.291795,31.269267],[130.291595,31.26935],[130.29112,31.269442],[130.290895,31.269434],[130.29072,31.269484],[130.288483,31.269733],[130.288283,31.269708],[130.288116,31.26969],[130.287983,31.269683],[130.287908,31.269683],[130.287808,31.2693],[130.287795,31.268875],[130.28787,31.268334],[130.287945,31.268334],[130.28807,31.268375],[130.293007,31.26805],[130.293032,31.26765],[130.29167,31.266442],[130.288133,31.266617],[130.287945,31.263051],[130.29287,31.261326],[130.29282,31.261151],[130.28802,31.262693],[130.28632,31.262859],[130.28642,31.267509],[130.286395,31.267534],[130.28517,31.267592],[130.284396,31.267317],[130.283921,31.266909],[130.282808,31.2662],[130.282383,31.265767],[130.282358,31.265634],[130.282358,31.265175],[130.282396,31.264326],[130.282296,31.263784],[130.282146,31.263617],[130.282058,31.263351],[130.282033,31.263009],[130.282083,31.262901],[130.282108,31.262609],[130.282033,31.262426],[130.281996,31.262217],[130.281921,31.262018],[130.281721,31.261818],[130.281571,31.261093],[130.281596,31.260959],[130.281634,31.260459],[130.281584,31.260301],[130.281534,31.260009],[130.281634,31.259893],[130.281709,31.259509],[130.281696,31.259376],[130.281596,31.259284],[130.281546,31.258901],[130.281709,31.257051],[130.281946,31.255768],[130.282058,31.254823],[130.282109,31.25446],[130.282196,31.254235],[130.282196,31.25401],[130.282071,31.25376],[130.281796,31.253518],[130.280921,31.252935],[130.280809,31.25276],[130.280497,31.252278],[130.280096,31.251794],[130.279821,31.251335],[130.279596,31.251094],[130.279134,31.250802],[130.278859,31.250485],[130.278697,31.250194],[130.278359,31.249744],[130.278222,31.249402],[130.278247,31.249244],[130.278422,31.247802],[130.278247,31.247327],[130.277872,31.246902],[130.277484,31.246636],[130.277322,31.246611],[130.277184,31.246677],[130.276459,31.247627],[130.276109,31.248169],[130.275834,31.248394],[130.275422,31.248661],[130.274709,31.249269],[130.27316,31.25006],[130.272647,31.250269],[130.272147,31.250377],[130.27196,31.25076],[130.27176,31.25101],[130.27146,31.251235],[130.269785,31.252293],[130.269447,31.252002],[130.269235,31.25191],[130.269072,31.251935],[130.26876,31.252568],[130.268572,31.252818],[130.267298,31.253518],[130.266535,31.253876],[130.26621,31.254118],[130.266035,31.254326],[130.265098,31.25511],[130.264473,31.255459],[130.263735,31.255726],[130.262635,31.256218],[130.262335,31.256284],[130.26211,31.256276],[130.262014,31.256242],[130.261901,31.256238],[130.261712,31.256269],[130.261527,31.256354],[130.261301,31.256375],[130.261038,31.256417],[130.260598,31.256543],[130.260373,31.256534],[130.260036,31.256126],[130.259773,31.256259],[130.259723,31.256418],[130.259923,31.257101],[130.259973,31.257434],[130.259886,31.257617],[130.259761,31.257726],[130.259509,31.257787],[130.259286,31.257817],[130.258961,31.257817],[130.258461,31.257967],[130.258236,31.258009],[130.257811,31.257917],[130.257511,31.257734],[130.256961,31.257351],[130.256686,31.256851],[130.256549,31.256692],[130.256349,31.256601],[130.255999,31.256509],[130.255136,31.256476],[130.254899,31.256342],[130.254849,31.256342],[130.254636,31.256426],[130.254536,31.256517],[130.254111,31.256517],[130.253911,31.256584],[130.253786,31.256717],[130.253661,31.256759],[130.253311,31.256759],[130.252961,31.256734],[130.252711,31.256642],[130.252561,31.256551],[130.252361,31.256142],[130.252261,31.256092],[130.252062,31.256142],[130.251887,31.256051],[130.251762,31.255892],[130.251712,31.255892],[130.251587,31.256042],[130.251487,31.256026],[130.251412,31.255976],[130.251287,31.255776],[130.251274,31.255592],[130.251149,31.255342],[130.250724,31.255026],[130.250499,31.254801],[130.250124,31.254543],[130.249462,31.253934],[130.249162,31.253518],[130.249074,31.253284],[130.248962,31.253176],[130.248887,31.253218],[130.248799,31.253376],[130.248787,31.253518],[130.248787,31.253676],[130.248374,31.253809],[130.248199,31.254101],[130.247999,31.254192],[130.247874,31.254142],[130.247732,31.254065],[130.247699,31.253901],[130.247624,31.253851],[130.2475,31.253876],[130.247425,31.253943],[130.247375,31.254142],[130.24745,31.254484],[130.2473,31.254567],[130.246825,31.254634],[130.246725,31.254609],[130.246525,31.254501],[130.2453,31.254018],[130.2448,31.253784],[130.244437,31.253518],[130.24395,31.253184],[130.243575,31.252668],[130.243575,31.252459],[130.24365,31.252326],[130.2436,31.252259],[130.243438,31.252284],[130.243163,31.251968],[130.24305,31.251743],[130.24285,31.25156],[130.242775,31.251651],[130.242775,31.251785],[130.242963,31.252234],[130.2426,31.252776],[130.242488,31.253184],[130.24235,31.253318],[130.242163,31.253343],[130.242,31.253201],[130.241525,31.252684],[130.24145,31.252726],[130.241275,31.252934],[130.241138,31.253518],[130.241163,31.254034],[130.241313,31.254209],[130.241533,31.254534],[130.241613,31.254709],[130.241663,31.254909],[130.24165,31.255159],[130.24155,31.255134],[130.241525,31.255359],[130.241575,31.255592],[130.241675,31.255726],[130.241625,31.255884],[130.24145,31.255926],[130.241375,31.256242],[130.241288,31.256401],[130.241263,31.256559],[130.241313,31.256734],[130.241238,31.256959],[130.241038,31.257076],[130.240788,31.257117],[130.240975,31.257776],[130.240925,31.258001],[130.24065,31.258467],[130.2404,31.258692],[130.239713,31.259092],[130.239613,31.259275],[130.239413,31.259317],[130.239338,31.259292],[130.238738,31.259067],[130.238613,31.259067],[130.238613,31.2594],[130.238538,31.259425],[130.238363,31.2592],[130.238138,31.259034],[130.238063,31.259059],[130.237938,31.259167],[130.237763,31.259192],[130.237588,31.259167],[130.237388,31.259234],[130.237288,31.25935],[130.237213,31.259525],[130.236988,31.259592],[130.236763,31.2595],[130.236613,31.2593],[130.236438,31.258825],[130.236313,31.258642],[130.236063,31.258575],[130.235713,31.258659],[130.235688,31.258251],[130.235763,31.258051],[130.236101,31.257626],[130.236126,31.257467],[130.236026,31.257417],[130.235926,31.257417],[130.235751,31.257484],[130.235651,31.257442],[130.235901,31.256967],[130.235751,31.256767],[130.235676,31.256742],[130.235551,31.256767],[130.235451,31.256851],[130.235326,31.256759],[130.235051,31.256467],[130.235001,31.256467],[130.234826,31.256559],[130.234676,31.256534],[130.234476,31.256667],[130.234451,31.256576],[130.234476,31.256326],[130.234389,31.256192],[130.234314,31.256142],[130.234264,31.255759],[130.234114,31.255626],[130.233989,31.255243],[130.233864,31.255218],[130.233514,31.255326],[130.233414,31.255443],[130.233339,31.255893],[130.233251,31.256184],[130.233126,31.256134],[130.233051,31.256359],[130.232876,31.256517],[130.232576,31.256584],[130.232351,31.256559],[130.232051,31.256467],[130.231776,31.256284],[130.231576,31.256034],[130.231576,31.255768],[130.231439,31.254818],[130.231289,31.254593],[130.231089,31.254434],[130.230564,31.254518],[130.230239,31.254468],[130.230114,31.254359],[130.230014,31.254201],[130.229714,31.253901],[130.229414,31.253718],[130.229164,31.253784],[130.228977,31.253518],[130.228827,31.253235],[130.228689,31.25306],[130.228714,31.252943],[130.228689,31.25276],[130.228577,31.252535],[130.228189,31.252035],[130.228077,31.251968],[130.227752,31.251876],[130.227727,31.251785],[130.227752,31.251768],[130.227677,31.251426],[130.227564,31.251226],[130.227427,31.251201],[130.227252,31.251335],[130.227064,31.25136],[130.227039,31.251335],[130.226927,31.251493],[130.226902,31.251718],[130.226814,31.251943],[130.226627,31.252101],[130.226627,31.251493],[130.226052,31.250318],[130.225915,31.250293],[130.225877,31.250335],[130.225852,31.250701],[130.225502,31.25036],[130.225252,31.250218],[130.225052,31.250268],[130.22514,31.250835],[130.225252,31.251235],[130.225577,31.25156],[130.225415,31.25171],[130.225377,31.251826],[130.22549,31.251918],[130.225515,31.252101],[130.224915,31.252251],[130.224665,31.252276],[130.22464,31.252185],[130.224227,31.251685],[130.223977,31.251526],[130.223815,31.251735],[130.223752,31.252118],[130.22364,31.25241],[130.223477,31.252926],[130.223465,31.253518],[130.22344,31.253676],[130.223252,31.253859],[130.222977,31.253993],[130.222852,31.253968],[130.222427,31.253734],[130.222202,31.253709],[130.222002,31.253734],[130.221852,31.253684],[130.221777,31.253601],[130.221827,31.253518],[130.221927,31.253351],[130.221827,31.253126],[130.221515,31.25281],[130.22119,31.252518],[130.220965,31.252401],[130.220803,31.252376],[130.220471,31.252498],[130.220253,31.252626],[130.22009,31.252893],[130.22009,31.252968],[130.219953,31.253143],[130.219728,31.253209],[130.21959,31.253143],[130.219478,31.252984],[130.219453,31.252851],[130.21954,31.252668],[130.219703,31.252509],[130.21979,31.252376],[130.21984,31.252176],[130.219728,31.252018],[130.219703,31.251543],[130.219653,31.251426],[130.219428,31.251293],[130.219315,31.251176],[130.21844,31.250835],[130.218115,31.250318],[130.21789,31.25016],[130.217728,31.250085],[130.217428,31.250268],[130.217203,31.250201],[130.216928,31.24991],[130.216678,31.24936],[130.216653,31.248801],[130.216465,31.248435],[130.21624,31.248235],[130.216165,31.248301],[130.215828,31.248843],[130.215803,31.249001],[130.215828,31.249176],[130.21594,31.249568],[130.215903,31.249743],[130.215328,31.249401],[130.215166,31.249385],[130.214866,31.249535],[130.214591,31.249493],[130.214416,31.249535],[130.214316,31.249676],[130.214228,31.250009],[130.214303,31.250301],[130.214716,31.250643],[130.21519,31.251168],[130.21554,31.251351],[130.21579,31.251393],[130.216153,31.251393],[130.216503,31.251868],[130.216678,31.251959],[130.216703,31.252143],[130.216428,31.252551],[130.216228,31.252551],[130.215953,31.252318],[130.21579,31.252226],[130.215428,31.252134],[130.215353,31.252209],[130.21529,31.252368],[130.215315,31.252568],[130.215703,31.252926],[130.215703,31.253134],[130.21534,31.253201],[130.214965,31.252834],[130.214853,31.252793],[130.214466,31.252726],[130.214416,31.252743],[130.214353,31.252834],[130.214353,31.252926],[130.214491,31.253334],[130.214591,31.253517],[130.21479,31.253792],[130.21494,31.253909],[130.21534,31.254134],[130.215365,31.254292],[130.215265,31.254501],[130.21509,31.254584],[130.214765,31.254559],[130.214266,31.254242],[130.214141,31.254309],[130.214116,31.254442],[130.214228,31.254759],[130.214028,31.254876],[130.213753,31.254892],[130.212928,31.254617],[130.212703,31.254634],[130.212578,31.254459],[130.212478,31.254475],[130.212403,31.254542],[130.212478,31.2547],[130.212628,31.254925],[130.212803,31.254975],[130.212828,31.255175],[130.213228,31.255384],[130.213178,31.255517],[130.213166,31.255659],[130.213341,31.255834],[130.213116,31.2559],[130.213041,31.255809],[130.212891,31.255742],[130.212741,31.255742],[130.212616,31.256059],[130.212366,31.256009],[130.212141,31.256192],[130.212116,31.256417],[130.212141,31.256708],[130.211978,31.256975],[130.212053,31.257267],[130.212428,31.257525],[130.212528,31.257525],[130.212628,31.257342],[130.212928,31.257525],[130.212978,31.25755],[130.213128,31.2578],[130.213503,31.257908],[130.213878,31.257958],[130.214103,31.257875],[130.214378,31.257717],[130.214378,31.257917],[130.214253,31.25835],[130.214328,31.25855],[130.21474,31.25905],[130.21499,31.2595],[130.214865,31.259908],[130.21464,31.26015],[130.214215,31.259725],[130.214065,31.259675],[130.21394,31.259716],[130.21389,31.259833],[130.213903,31.260016],[130.214128,31.26035],[130.214153,31.26085],[130.214103,31.261208],[130.214153,31.261391],[130.214328,31.261433],[130.214565,31.261666],[130.214715,31.261708],[130.214865,31.261733],[130.215153,31.261575],[130.215153,31.261625],[130.215515,31.262033],[130.21564,31.262099],[130.21589,31.262283],[130.21604,31.2619],[130.216428,31.261633],[130.216603,31.261566],[130.216653,31.261725],[130.216753,31.261816],[130.216953,31.261775],[130.217103,31.261141],[130.217478,31.261125],[130.217553,31.261191],[130.217728,31.261458],[130.218152,31.261941],[130.218427,31.2621],[130.218652,31.262283],[130.21889,31.2628],[130.219065,31.262983],[130.21919,31.263008],[130.219365,31.262983],[130.219565,31.262783],[130.219652,31.262625],[130.219627,31.262466],[130.219652,31.262333],[130.219827,31.262241],[130.220077,31.262241],[130.220102,31.262516],[130.220552,31.262766],[130.220552,31.262883],[130.22034,31.263083],[130.22024,31.263258],[130.22019,31.263574],[130.220215,31.263758],[130.220315,31.263916],[130.220465,31.264074],[130.220777,31.264574],[130.220727,31.264683],[130.220277,31.264949],[130.219977,31.264999],[130.219927,31.264924],[130.219627,31.264949],[130.219627,31.265058],[130.219527,31.265108],[130.219377,31.265332],[130.21944,31.265507],[130.219265,31.265641],[130.219115,31.265824],[130.21904,31.266249],[130.218965,31.266432],[130.218927,31.266766],[130.219052,31.266974],[130.219202,31.267107],[130.219802,31.267407],[130.220052,31.267474],[130.220527,31.267524],[130.220952,31.267532],[130.221102,31.267482],[130.221464,31.267107],[130.222314,31.266616],[130.222364,31.266774],[130.222364,31.267041],[130.222552,31.268282],[130.222727,31.268532],[130.223027,31.268849],[130.223339,31.269349],[130.223489,31.269482],[130.223864,31.269599],[130.224214,31.269557],[130.224314,31.26949],[130.224452,31.269224],[130.224577,31.26909],[130.224752,31.268615],[130.224864,31.268049],[130.224839,31.267782],[130.224939,31.267241],[130.225089,31.267066],[130.225239,31.266999],[130.225614,31.267041],[130.225727,31.266932],[130.225777,31.266774],[130.225877,31.266799],[130.226452,31.267074],[130.226564,31.267182],[130.226464,31.267391],[130.226539,31.267657],[130.226664,31.267724],[130.226664,31.267799],[130.226539,31.268041],[130.226326,31.268649],[130.226351,31.268874],[130.226426,31.268965],[130.226601,31.26894],[130.226676,31.268716],[130.226939,31.268249],[130.227314,31.267841],[130.227464,31.267732],[130.227664,31.267799],[130.227864,31.267716],[130.228101,31.267491],[130.228401,31.267516],[130.228576,31.267557],[130.228676,31.267491],[130.228926,31.267516],[130.229064,31.268107],[130.229189,31.268216],[130.228614,31.268641],[130.228464,31.268866],[130.228401,31.269024],[130.228301,31.26959],[130.228351,31.269882],[130.228526,31.270224],[130.228564,31.270474],[130.228564,31.270782],[130.228439,31.27099],[130.228214,31.271165],[130.227814,31.27134],[130.227289,31.271473],[130.226976,31.271657],[130.226401,31.272098],[130.226276,31.272282],[130.226039,31.272907],[130.225814,31.272907],[130.225364,31.27284],[130.224714,31.272648],[130.224514,31.272632],[130.224214,31.27269],[130.224164,31.27274],[130.223889,31.272807],[130.223589,31.272823],[130.223239,31.27269],[130.222789,31.272706],[130.222614,31.272573],[130.222289,31.272457],[130.221814,31.272381],[130.221639,31.272423],[130.221539,31.272498],[130.221539,31.27299],[130.221427,31.273081],[130.221327,31.273098],[130.221252,31.273215],[130.221252,31.273415],[130.221052,31.273481],[130.220927,31.273481],[130.220677,31.273415],[130.220527,31.273415],[130.220377,31.273523],[130.220202,31.273406],[130.219927,31.272981],[130.219214,31.27239],[130.219164,31.27239],[130.218977,31.272473],[130.218589,31.272156],[130.21839,31.27204],[130.218165,31.272015],[130.21799,31.272081],[130.217877,31.272173],[130.217777,31.272148],[130.21749,31.271948],[130.216765,31.271515],[130.21594,31.271281],[130.215715,31.271281],[130.215515,31.271365],[130.215515,31.271481],[130.215552,31.271598],[130.214977,31.271865],[130.215002,31.272015],[130.214802,31.27204],[130.214727,31.272173],[130.214827,31.27224],[130.214877,31.272381],[130.214852,31.272398],[130.214627,31.272423],[130.214352,31.272356],[130.214252,31.272373],[130.214452,31.272581],[130.21494,31.272856],[130.21464,31.273164],[130.21469,31.273506],[130.21479,31.273598],[130.21504,31.273689],[130.21534,31.273873],[130.21519,31.273939],[130.214765,31.273848],[130.214415,31.273773],[130.214315,31.273839],[130.21429,31.273973],[130.214452,31.274206],[130.214627,31.274314],[130.214952,31.274406],[130.215277,31.274522],[130.215402,31.274614],[130.215502,31.274839],[130.215077,31.275022],[130.214902,31.275222],[130.214927,31.275356],[130.214977,31.275447],[130.215152,31.275489],[130.215502,31.275656],[130.215677,31.275631],[130.216127,31.275456],[130.216702,31.275456],[130.216977,31.275547],[130.217202,31.275689],[130.217252,31.275797],[130.217427,31.276097],[130.217553,31.276152],[130.217685,31.27625],[130.217794,31.276331],[130.217789,31.276731],[130.217814,31.276956],[130.217789,31.277522],[130.217839,31.277589],[130.218014,31.277539],[130.218139,31.277006],[130.218239,31.276797],[130.218389,31.276664],[130.218639,31.276622],[130.219314,31.276872],[130.219464,31.276897],[130.219664,31.276789],[130.220027,31.276381],[130.220477,31.275956],[130.220677,31.275964],[130.220845,31.275926],[130.220952,31.275848],[130.221164,31.275314],[130.221414,31.274948],[130.221364,31.274748],[130.221314,31.274681],[130.221314,31.274589],[130.221952,31.274123],[130.222102,31.274056],[130.223177,31.274148],[130.223651,31.274181],[130.224001,31.274406],[130.224151,31.27479],[130.224126,31.275015],[130.223939,31.275439],[130.223964,31.275673],[130.224139,31.275989],[130.224439,31.276323],[130.224726,31.276598],[130.225151,31.276781],[130.226051,31.277131],[130.226176,31.277289],[130.226401,31.277648],[130.226201,31.277831],[130.226039,31.278506],[130.226264,31.278572],[130.226364,31.278531],[130.226376,31.278372],[130.226551,31.278397],[130.226801,31.278347],[130.227126,31.278356],[130.227601,31.278222],[130.227601,31.278089],[130.227401,31.278039],[130.227351,31.277922],[130.227401,31.277814],[130.227651,31.277589],[130.227776,31.277589],[130.227976,31.277773],[130.227976,31.278114],[130.228026,31.278181],[130.228526,31.278364],[130.229076,31.278389],[130.229226,31.278439],[130.229376,31.278889],[130.229513,31.279631],[130.229626,31.280805],[130.229776,31.281214],[130.229726,31.281322],[130.229551,31.281455],[130.229188,31.28193],[130.228863,31.282222],[130.228763,31.282247],[130.227563,31.28203],[130.227413,31.282072],[130.227388,31.282147],[130.227413,31.282372],[130.227488,31.282597],[130.227388,31.282663],[130.226976,31.282813],[130.226701,31.28293],[130.226401,31.28313],[130.226176,31.28313],[130.225101,31.282913],[130.224776,31.282955],[130.224226,31.283113],[130.223776,31.283088],[130.223176,31.282972],[130.222826,31.283122],[130.222751,31.283122],[130.222401,31.282963],[130.222151,31.282738],[130.221751,31.282305],[130.221601,31.282263],[130.221301,31.282688],[130.220839,31.282905],[130.220039,31.283238],[130.219689,31.283213],[130.219439,31.283371],[130.219189,31.283255],[130.218964,31.283213],[130.218364,31.283321],[130.217489,31.28313],[130.217189,31.283105],[130.216927,31.28313],[130.216702,31.283063],[130.216589,31.282946],[130.216539,31.282496],[130.216189,31.282355],[130.216039,31.282471],[130.215739,31.282513],[130.215364,31.282463],[130.214989,31.282505],[130.214902,31.282638],[130.214902,31.282705],[130.215052,31.283046],[130.215277,31.283296],[130.215252,31.283479],[130.215389,31.284196],[130.215714,31.284538],[130.215739,31.284654],[130.215639,31.285213],[130.215564,31.285354],[130.215777,31.285829],[130.215802,31.286029],[130.215752,31.286162],[130.215552,31.286229],[130.215527,31.286387],[130.215564,31.287046],[130.215714,31.287404],[130.216064,31.287787],[130.216439,31.288354],[130.216627,31.288787],[130.216652,31.289079],[130.216627,31.28942],[130.216402,31.289687],[130.215989,31.289929],[130.215614,31.289979],[130.215289,31.289879],[130.214964,31.289854],[130.214339,31.289987],[130.213889,31.290054],[130.213464,31.290029],[130.213114,31.289954],[130.212439,31.289704],[130.212364,31.289595],[130.212339,31.28907],[130.212402,31.288845],[130.212527,31.288687],[130.212477,31.288529],[130.212277,31.288304],[130.212077,31.287945],[130.211877,31.287487],[130.211439,31.287037],[130.211414,31.286945],[130.211514,31.286696],[130.211664,31.286496],[130.211864,31.286362],[130.211989,31.286162],[130.211939,31.286071],[130.211777,31.285937],[130.211577,31.285887],[130.211352,31.285679],[130.211327,31.285571],[130.211102,31.285362],[130.210952,31.285296],[130.210852,31.285679],[130.210377,31.285537],[130.210252,31.285271],[130.210002,31.285112],[130.209927,31.285104],[130.209702,31.285196],[130.209527,31.285221],[130.209502,31.284812],[130.209602,31.284312],[130.209565,31.284004],[130.20949,31.283954],[130.209115,31.283821],[130.20839,31.283379],[130.20799,31.283287],[130.20784,31.283312],[130.20769,31.283196],[130.207615,31.283171],[130.20769,31.283104],[130.207715,31.282946],[130.20764,31.282879],[130.20729,31.282837],[130.207115,31.282762],[130.20684,31.282579],[130.20664,31.282537],[130.20639,31.282554],[130.20614,31.282646],[130.206015,31.282821],[130.205827,31.283362],[130.205777,31.283429],[130.205553,31.283454],[130.205453,31.283337],[130.205453,31.283162],[130.20534,31.282821],[130.205215,31.282637],[130.204965,31.282571],[130.20469,31.282571],[130.204415,31.282629],[130.203228,31.282896],[130.202828,31.283387],[130.202778,31.283521],[130.202865,31.283837],[130.202715,31.283971],[130.20254,31.283954],[130.202515,31.283796],[130.202528,31.283571],[130.202778,31.282821],[130.202703,31.282621],[130.202553,31.282346],[130.20229,31.282254],[130.202128,31.282346],[130.202028,31.282479],[130.201978,31.282504],[130.201828,31.282321],[130.201703,31.282296],[130.201628,31.282346],[130.201503,31.282637],[130.201228,31.282837],[130.200978,31.282454],[130.200778,31.282362],[130.200578,31.282446],[130.200553,31.282629],[130.200678,31.282762],[130.201053,31.282996],[130.201003,31.283104],[130.20074,31.283329],[130.200765,31.283445],[130.201115,31.283962],[130.201215,31.284254],[130.201515,31.284554],[130.201615,31.284804],[130.201603,31.285004],[130.201403,31.285254],[130.201628,31.28552],[130.201753,31.285745],[130.201853,31.28622],[130.201665,31.286512],[130.20099,31.287278],[130.200728,31.28777],[130.200603,31.287795],[130.200453,31.287953],[130.200353,31.288262],[130.200428,31.288495],[130.200378,31.28867],[130.20024,31.288803],[130.200265,31.288961],[130.20014,31.289236],[130.199815,31.289278],[130.19959,31.289186],[130.19944,31.289203],[130.19929,31.289495],[130.199315,31.289678],[130.199465,31.289861],[130.199553,31.290128],[130.199353,31.290178],[130.199278,31.290245],[130.199403,31.290628],[130.199178,31.29087],[130.198903,31.291028],[130.198778,31.291069],[130.198565,31.291253],[130.19849,31.291478],[130.19874,31.291611],[130.198815,31.291794],[130.199015,31.292044],[130.199253,31.292703],[130.199378,31.293336],[130.199353,31.293403],[130.199378,31.293428],[130.199365,31.294144],[130.19949,31.294327],[130.19979,31.294577],[130.199965,31.294894],[130.19984,31.294869],[130.199415,31.294661],[130.19919,31.294619],[130.19894,31.294819],[130.198965,31.295227],[130.199053,31.295386],[130.199153,31.295427],[130.199053,31.295719],[130.199153,31.295902],[130.199453,31.296336],[130.199915,31.297235],[130.20014,31.297485],[130.200365,31.297577],[130.200615,31.297585],[130.20069,31.297177],[130.200678,31.296994],[130.200753,31.296836],[130.201302,31.296594],[130.201527,31.296552],[130.201777,31.296461],[130.202127,31.296394],[130.202377,31.296602],[130.202527,31.296669],[130.202577,31.296652],[130.202727,31.296427],[130.202815,31.296202],[130.203065,31.296227],[130.203652,31.296636],[130.204002,31.296794],[130.204652,31.296869],[130.20504,31.296736],[130.205215,31.296761],[130.205527,31.297077],[130.205627,31.297261],[130.205627,31.297327],[130.205827,31.297502],[130.205952,31.297552],[130.206102,31.297444],[130.206877,31.297377],[130.207202,31.297427],[130.208327,31.297927],[130.209102,31.298344],[130.210077,31.299094],[130.210589,31.299727],[130.210889,31.299911],[130.211164,31.299961],[130.211364,31.299936],[130.211626,31.299869],[130.211876,31.299761],[130.212126,31.299561],[130.212526,31.299361],[130.212801,31.299294],[130.213026,31.299294],[130.213351,31.299319],[130.213676,31.299594],[130.213651,31.300044],[130.213676,31.300244],[130.213726,31.300336],[130.213926,31.300427],[130.214076,31.300452],[130.214326,31.300344],[130.214576,31.300411],[130.215026,31.300728],[130.216014,31.301477],[130.216139,31.301886],[130.216301,31.302927],[130.216451,31.303444],[130.216776,31.303469],[130.216901,31.303452],[130.217226,31.303244],[130.217401,31.303094],[130.217713,31.302594],[130.217788,31.302352],[130.217993,31.301894],[130.218326,31.301161],[130.218851,31.300978],[130.219651,31.301053],[130.219826,31.300944],[130.219951,31.300786],[130.219951,31.300719],[130.219463,31.299586],[130.219388,31.299294],[130.219413,31.299178],[130.219588,31.299295],[130.219788,31.299661],[130.219913,31.299819],[130.220188,31.299886],[130.220513,31.299753],[130.220576,31.299436],[130.220501,31.299053],[130.220676,31.299011],[130.220876,31.298895],[130.221001,31.298878],[130.221701,31.298995],[130.221776,31.299061],[130.221826,31.299428],[130.222026,31.299561],[130.222101,31.299695],[130.222076,31.299828],[130.221938,31.299895],[130.221863,31.299986],[130.221863,31.300503],[130.221813,31.300886],[130.221838,31.300936],[130.222038,31.300936],[130.222213,31.301028],[130.222263,31.301186],[130.222363,31.301319],[130.222513,31.301319],[130.222638,31.301369],[130.222651,31.301411],[130.222626,31.301686],[130.222675,31.302003],[130.222825,31.302253],[130.222925,31.302361],[130.223175,31.302453],[130.2234,31.302636],[130.22355,31.302911],[130.223613,31.303478],[130.223713,31.303653],[130.223988,31.303811],[130.224613,31.304136],[130.225013,31.304203],[130.225138,31.304278],[130.225463,31.304861],[130.225888,31.305003],[130.22625,31.305702],[130.226125,31.306019],[130.2261,31.306311],[130.226138,31.306577],[130.225937,31.307619],[130.225325,31.309127],[130.224737,31.310085],[130.224125,31.310694],[130.223875,31.310877],[130.223,31.31116],[130.222975,31.311252],[130.222413,31.31131],[130.222213,31.311244],[130.222063,31.31111],[130.221863,31.311127],[130.221688,31.31126],[130.221438,31.311218],[130.221113,31.310985],[130.220763,31.31096],[130.220488,31.310985],[130.220038,31.311027],[130.219788,31.310843],[130.219513,31.310752],[130.219263,31.310727],[130.219038,31.31066],[130.218538,31.31041],[130.218175,31.310018],[130.217776,31.309452],[130.217576,31.309252],[130.217401,31.309335],[130.217376,31.309385],[130.217326,31.309385],[130.217151,31.309227],[130.216876,31.309068],[130.216701,31.309243],[130.216726,31.309427],[130.216863,31.309743],[130.217013,31.309968],[130.217163,31.31026],[130.217338,31.310443],[130.217538,31.310718],[130.217788,31.310943],[130.218013,31.310877],[130.218138,31.311235],[130.218363,31.311352],[130.2186,31.311785],[130.21865,31.31181],[130.218875,31.31181],[130.2193,31.31206],[130.21955,31.312085],[130.2197,31.312018],[130.219875,31.312202],[130.21985,31.312427],[130.21955,31.312668],[130.21945,31.312943],[130.21915,31.312985],[130.2191,31.313068],[130.218963,31.313751],[130.218788,31.31406],[130.218225,31.314868],[130.218175,31.315343],[130.218425,31.315593],[130.218488,31.315843],[130.218413,31.315976],[130.218213,31.316085],[130.218038,31.316151],[130.217988,31.316135],[130.217738,31.31586],[130.217538,31.315743],[130.217388,31.315768],[130.217313,31.31581],[130.217163,31.315993],[130.217063,31.316235],[130.217213,31.316443],[130.217213,31.316485],[130.217038,31.316693],[130.216888,31.316684],[130.216563,31.316501],[130.2163,31.316684],[130.21645,31.317026],[130.21645,31.317109],[130.216,31.317743],[130.215738,31.317943],[130.215688,31.318101],[130.215763,31.318418],[130.215938,31.318709],[130.215913,31.318934],[130.2152,31.319201],[130.214925,31.319468],[130.214875,31.320192],[130.214713,31.320709],[130.214713,31.320909],[130.214638,31.321051],[130.214438,31.321159],[130.214013,31.321334],[130.213475,31.321442],[130.21295,31.321509],[130.2122,31.321576],[130.211375,31.321767],[130.210588,31.322059],[130.209613,31.322209],[130.209338,31.3223],[130.208938,31.322342],[130.208663,31.322317],[130.208563,31.322267],[130.208063,31.322175],[130.207188,31.321834],[130.207063,31.321742],[130.206663,31.321084],[130.206563,31.320875],[130.206476,31.320742],[130.206301,31.320625],[130.206301,31.320492],[130.206401,31.3202],[130.206426,31.319951],[130.206326,31.319859],[130.206051,31.319767],[130.205951,31.319659],[130.205601,31.319567],[130.205376,31.319542],[130.205076,31.3194],[130.204851,31.319267],[130.204476,31.31915],[130.204326,31.319059],[130.204038,31.318609],[130.203889,31.318109],[130.203889,31.317834],[130.204039,31.317542],[130.204376,31.317209],[130.205401,31.316517],[130.205789,31.316067],[130.205964,31.315668],[130.206151,31.314401],[130.206001,31.314243],[130.205676,31.314193],[130.205601,31.314418],[130.205651,31.314759],[130.205551,31.314943],[130.205476,31.314918],[130.205501,31.314693],[130.205326,31.314468],[130.205276,31.314443],[130.205151,31.314484],[130.204964,31.314893],[130.204764,31.315226],[130.204561,31.315579],[130.204414,31.315859],[130.204314,31.316034],[130.204026,31.316126],[130.203701,31.316142],[130.203476,31.316259],[130.203251,31.316434],[130.202926,31.316592],[130.202551,31.316701],[130.202126,31.316767],[130.201564,31.316742],[130.200889,31.316617],[130.200764,31.316642],[130.200642,31.316652],[130.200514,31.316617],[130.200189,31.316392],[130.199626,31.316026],[130.199576,31.316026],[130.199389,31.316117],[130.199289,31.316226],[130.199264,31.316342],[130.199324,31.316442],[130.199263,31.316506],[130.199089,31.316567],[130.198964,31.316542],[130.198911,31.316441],[130.198814,31.316317],[130.198339,31.316559],[130.198264,31.316559],[130.198039,31.31665],[130.197864,31.3168],[130.197501,31.31725],[130.197176,31.317292],[130.197052,31.317267],[130.196552,31.317384],[130.196377,31.317334],[130.196202,31.3172],[130.195802,31.316925],[130.195452,31.316784],[130.195102,31.316692],[130.194852,31.316717],[130.194727,31.3168],[130.194477,31.316759],[130.194077,31.316525],[130.193677,31.316392],[130.192852,31.316275],[130.192452,31.316175],[130.192227,31.316242],[130.191852,31.316084],[130.191627,31.316042],[130.191452,31.31595],[130.19135,31.315956],[130.191252,31.316009],[130.191126,31.316083],[130.191002,31.316059],[130.190877,31.316125],[130.190364,31.3165],[130.190089,31.316659],[130.189739,31.3167],[130.189589,31.316792],[130.189264,31.317192],[130.189239,31.31735],[130.189302,31.317534],[130.189202,31.317942],[130.189227,31.318525],[130.189052,31.3187],[130.188914,31.319017],[130.188889,31.319383],[130.188989,31.319942],[130.188877,31.320192],[130.188727,31.320142],[130.188577,31.320233],[130.188502,31.320483],[130.188502,31.3208],[130.188602,31.321275],[130.188489,31.321433],[130.188464,31.321567],[130.188489,31.321658],[130.188389,31.321883],[130.188264,31.321925],[130.188064,31.321925],[130.187839,31.32185],[130.187489,31.321675],[130.187239,31.32165],[130.187039,31.321758],[130.186964,31.322141],[130.186664,31.322233],[130.186577,31.322316],[130.186427,31.322383],[130.186227,31.322383],[130.186152,31.32225],[130.185964,31.322],[130.185814,31.321883],[130.185539,31.321858],[130.185377,31.321925],[130.185302,31.322041],[130.184727,31.322016],[130.184727,31.321966],[130.184602,31.321716],[130.184514,31.32165],[130.184302,31.321625],[130.184127,31.321758],[130.184027,31.321758],[130.183852,31.321558],[130.183689,31.321441],[130.183477,31.321466],[130.183327,31.32155],[130.183327,31.321708],[130.183427,31.321933],[130.183552,31.322075],[130.183927,31.322166],[130.184202,31.322591],[130.184164,31.323133],[130.184039,31.323358],[130.183814,31.32365],[130.183614,31.323783],[130.183364,31.3239],[130.183139,31.3239],[130.182867,31.323869],[130.182589,31.323825],[130.182227,31.323824],[130.182127,31.323799],[130.182139,31.323708],[130.182264,31.323458],[130.182239,31.32335],[130.181939,31.323325],[130.181664,31.323391],[130.181465,31.323525],[130.181427,31.323633],[130.181602,31.323974],[130.181577,31.324108],[130.181452,31.324199],[130.181277,31.324266],[130.180652,31.324399],[130.180302,31.324441],[130.179727,31.324416],[130.179602,31.324349],[130.179502,31.324233],[130.179127,31.323691],[130.178852,31.323508],[130.178577,31.323508],[130.178427,31.323416],[130.178152,31.322849],[130.177977,31.322774],[130.177902,31.322799],[130.177852,31.322866],[130.177877,31.322916],[130.177827,31.322999],[130.177727,31.323024],[130.177327,31.322908],[130.177202,31.322774],[130.177177,31.322683],[130.177227,31.32255],[130.177327,31.322458],[130.177465,31.322166],[130.177165,31.321891],[130.17719,31.321666],[130.17709,31.321441],[130.17699,31.321325],[130.17694,31.321325],[130.17669,31.321441],[130.17649,31.321591],[130.17639,31.32175],[130.176365,31.321933],[130.176215,31.322108],[130.176165,31.322066],[130.17614,31.321841],[130.176015,31.321708],[130.175915,31.321725],[130.175715,31.321883],[130.175502,31.322558],[130.175269,31.322756],[130.175052,31.322891],[130.17444,31.323091],[130.17424,31.323249],[130.17394,31.323791],[130.17384,31.323924],[130.173765,31.323924],[130.17364,31.323783],[130.17354,31.323783],[130.173415,31.323833],[130.173265,31.323983],[130.173327,31.324366],[130.173452,31.324666],[130.173777,31.324916],[130.174202,31.325049],[130.174402,31.325074],[130.174602,31.325149],[130.174752,31.325391],[130.17484,31.326116],[130.175065,31.326299],[130.175138,31.326364],[130.17519,31.326432],[130.175171,31.326555],[130.175034,31.326571],[130.17489,31.326566],[130.174782,31.326548],[130.174715,31.326524],[130.174665,31.326524],[130.17459,31.326616],[130.174557,31.32673],[130.17454,31.326949],[130.174565,31.327066],[130.174627,31.327157],[130.174752,31.327174],[130.175415,31.327066],[130.17564,31.327091],[130.17614,31.327324],[130.176315,31.327391],[130.17649,31.327391],[130.17654,31.327549],[130.176452,31.328316],[130.176477,31.328607],[130.176577,31.328766],[130.176702,31.328907],[130.176902,31.328974],[130.177252,31.329132],[130.177389,31.32929],[130.177414,31.329432],[130.177514,31.329657],[130.177739,31.329699],[130.177889,31.329749],[130.178089,31.329749],[130.178139,31.329657],[130.178364,31.32959],[130.178764,31.329682],[130.178964,31.329824],[130.179051,31.329905],[130.179139,31.32994],[130.179539,31.329982],[130.179739,31.330074],[130.180064,31.330324],[130.180364,31.33049],[130.180789,31.330965],[130.181014,31.331057],[130.181089,31.33099],[130.181114,31.330782],[130.181002,31.330241],[130.181102,31.330107],[130.181277,31.329857],[130.181377,31.329841],[130.181652,31.329866],[130.182002,31.330049],[130.182127,31.330207],[130.182327,31.330274],[130.182577,31.330274],[130.182977,31.330191],[130.183301,31.330257],[130.183376,31.330374],[130.183551,31.330441],[130.18373,31.330341],[130.183886,31.330238],[130.184026,31.330199],[130.184351,31.330224],[130.184701,31.330332],[130.184801,31.330407],[130.184876,31.330607],[130.185026,31.330699],[130.185151,31.330632],[130.185276,31.330607],[130.185451,31.330699],[130.185851,31.331091],[130.186151,31.331224],[130.186501,31.331316],[130.186776,31.331432],[130.187401,31.331641],[130.187405,31.331843],[130.187314,31.332049],[130.187267,31.332287],[130.187226,31.332696],[130.187264,31.332832],[130.187539,31.332999],[130.187689,31.332949],[130.187814,31.33284],[130.187764,31.332615],[130.187789,31.332457],[130.188051,31.332099],[130.188301,31.332074],[130.188726,31.331941],[130.189176,31.331674],[130.189426,31.331591],[130.189501,31.331632],[130.189776,31.331924],[130.190276,31.332041],[130.190601,31.332182],[130.190976,31.332407],[130.191101,31.332391],[130.191501,31.331941],[130.191714,31.331466],[130.191913,31.331424],[130.192238,31.331557],[130.192438,31.331699],[130.192613,31.331657],[130.193176,31.330691],[130.193276,31.330599],[130.194001,31.330532],[130.194451,31.330474],[130.194626,31.330383],[130.194901,31.330133],[130.195063,31.329824],[130.195138,31.329758],[130.195513,31.329641],[130.195888,31.329599],[130.19598,31.329661],[130.196113,31.329783],[130.196263,31.329966],[130.197038,31.330491],[130.197124,31.330604],[130.197201,31.330758],[130.197326,31.331166],[130.197376,31.331574],[130.197476,31.331707],[130.197751,31.331757],[130.198026,31.331757],[130.198476,31.332057],[130.198926,31.332466],[130.199163,31.332782],[130.199363,31.332899],[130.199504,31.333107],[130.199613,31.333216],[130.199738,31.333307],[130.199763,31.333416],[130.199738,31.333466],[130.199638,31.333482],[130.199563,31.333549],[130.199813,31.333849],[130.199962,31.333968],[130.200013,31.334116],[130.200025,31.334257],[130.200175,31.334391],[130.20035,31.334441],[130.200438,31.334349],[130.200538,31.334191],[130.200763,31.334374],[130.200863,31.334416],[130.201188,31.334441],[130.201388,31.334374],[130.201513,31.334291],[130.201788,31.334266],[130.202013,31.334449],[130.202213,31.334516],[130.202488,31.334566],[130.202763,31.334499],[130.202963,31.334474],[130.203488,31.334641],[130.204013,31.334707],[130.204463,31.334941],[130.204638,31.335074],[130.204713,31.335207],[130.204713,31.335457],[130.204575,31.335816],[130.204525,31.336132],[130.204575,31.336199],[130.205025,31.336274],[130.2055,31.336182],[130.205875,31.336349],[130.206,31.336441],[130.2062,31.336799],[130.2065,31.337191],[130.206537,31.337491],[130.206562,31.337915],[130.206537,31.338165],[130.206387,31.338365],[130.206037,31.338474],[130.205687,31.338449],[130.205709,31.338771],[130.205725,31.339015],[130.205775,31.339057],[130.206025,31.339082],[130.2061,31.339174],[130.206175,31.339382],[130.206175,31.339765],[130.206,31.340032],[130.2058,31.340032],[130.205575,31.340007],[130.205487,31.340049],[130.205437,31.340773],[130.205487,31.341023],[130.20575,31.341657],[130.2062,31.342157],[130.206475,31.342423],[130.206701,31.342424],[130.2068,31.34234],[130.206875,31.342223],[130.207025,31.342157],[130.207325,31.34214],[130.20755,31.342207],[130.207775,31.342323],[130.20805,31.342573],[130.208325,31.342732],[130.2093,31.343032],[130.209475,31.34324],[130.209762,31.343873],[130.209862,31.344048],[130.209937,31.34419],[130.209987,31.344732],[130.209937,31.345048],[130.2097,31.345698],[130.2097,31.346031],[130.209887,31.346806],[130.209872,31.347221],[130.209812,31.347323],[130.209662,31.347565],[130.2093,31.348081],[130.20905,31.348289],[130.2088,31.348423],[130.2082,31.348914],[130.207687,31.349064],[130.207237,31.349081],[130.206837,31.349056],[130.206587,31.348964],[130.206387,31.348939],[130.206187,31.349031],[130.205987,31.349214],[130.205662,31.349364],[130.20465,31.349606],[130.204712,31.349356],[130.204512,31.349089],[130.204437,31.349089],[130.204225,31.349514],[130.204087,31.349381],[130.204112,31.349198],[130.203862,31.348973],[130.203725,31.349398],[130.2036,31.349398],[130.203387,31.348948],[130.203187,31.348764],[130.203087,31.348781],[130.20285,31.349281],[130.2027,31.349439],[130.202675,31.349639],[130.20275,31.349706],[130.20295,31.349689],[130.20285,31.349997],[130.202775,31.349997],[130.2025,31.349797],[130.2023,31.349681],[130.2022,31.349906],[130.202375,31.350222],[130.2026,31.350156],[130.2027,31.350206],[130.20265,31.350314],[130.202537,31.350447],[130.202512,31.350672],[130.202587,31.350789],[130.202762,31.350831],[130.202912,31.350722],[130.2031,31.350456],[130.20335,31.350497],[130.203562,31.350747],[130.203737,31.351022],[130.204112,31.351931],[130.204125,31.352289],[130.20405,31.352381],[130.203875,31.352489],[130.20355,31.352847],[130.20345,31.353414],[130.203062,31.35363],[130.202912,31.35368],[130.202562,31.353697],[130.202337,31.353672],[130.202262,31.353564],[130.202212,31.353539],[130.202237,31.353422],[130.202087,31.353247],[130.201912,31.353222],[130.201812,31.353172],[130.201812,31.353397],[130.201587,31.35328],[130.201437,31.353305],[130.201462,31.353505],[130.201587,31.353672],[130.201712,31.353914],[130.201637,31.354097],[130.201412,31.354205],[130.201162,31.354205],[130.200862,31.354114],[130.200662,31.353822],[130.200537,31.353522],[130.200337,31.353205],[130.200137,31.353205],[130.199837,31.353339],[130.199662,31.35338],[130.199437,31.353355],[130.199337,31.35343],[130.199312,31.353697],[130.199425,31.353947],[130.199525,31.354355],[130.199775,31.354489],[130.20015,31.354539],[130.200275,31.354605],[130.2006,31.354589],[130.2009,31.354655],[130.201,31.355222],[130.200962,31.355805],[130.200862,31.35608],[130.200737,31.356188],[130.200712,31.356322],[130.200925,31.357047],[130.201175,31.357547],[130.20115,31.357772],[130.20105,31.35788],[130.200312,31.358396],[130.200162,31.358488],[130.199637,31.358571],[130.199487,31.358571],[130.199312,31.358505],[130.19905,31.35733],[130.19885,31.357147],[130.198525,31.35658],[130.198225,31.356347],[130.197987,31.356213],[130.197437,31.355622],[130.197212,31.355555],[130.196862,31.355663],[130.196737,31.35578],[130.1966,31.35623],[130.1966,31.356522],[130.1968,31.357063],[130.196425,31.35708],[130.1962,31.357038],[130.19595,31.357172],[130.195912,31.357346],[130.195962,31.357688],[130.195912,31.35778],[130.195537,31.357863],[130.195287,31.357888],[130.195062,31.357838],[130.194912,31.357771],[130.194887,31.357705],[130.194762,31.357588],[130.194762,31.357405],[130.194712,31.357338],[130.194237,31.357405],[130.194162,31.357363],[130.194012,31.357355],[130.193987,31.35738],[130.193837,31.357155],[130.193762,31.35693],[130.1939,31.35668],[130.193875,31.356547],[130.1937,31.356522],[130.193525,31.356313],[130.193275,31.355572],[130.193025,31.355272],[130.192875,31.355163],[130.192775,31.355205],[130.192725,31.355338],[130.19235,31.35538],[130.1922,31.355522],[130.192125,31.35588],[130.192025,31.355897],[130.19085,31.35553],[130.190575,31.35533],[130.1906,31.35503],[130.19055,31.354938],[130.1903,31.354738],[130.190225,31.354713],[130.190075,31.354847],[130.189944,31.355045],[130.18975,31.355047],[130.1896,31.355097],[130.189619,31.35537],[130.18965,31.355455],[130.189675,31.355638],[130.189288,31.355696],[130.189113,31.355855],[130.189063,31.355971],[130.189113,31.35608],[130.189338,31.356013],[130.189613,31.356038],[130.189738,31.355955],[130.189855,31.356081],[130.189713,31.356313],[130.189763,31.356496],[130.189963,31.356313],[130.190088,31.35643],[130.190038,31.356655],[130.189838,31.356946],[130.189662,31.357257],[130.1895,31.357255],[130.189375,31.357238],[130.189225,31.35728],[130.189125,31.35748],[130.1891,31.357821],[130.18915,31.357955],[130.1894,31.358071],[130.189542,31.358085],[130.18965,31.358113],[130.18985,31.358163],[130.19,31.358255],[130.190162,31.358913],[130.190212,31.359679],[130.190175,31.360013],[130.190225,31.360329],[130.190275,31.360421],[130.19045,31.360579],[130.190675,31.360738],[130.190925,31.361054],[130.191075,31.361446],[130.191087,31.361738],[130.190987,31.362454],[130.190675,31.363496],[130.19055,31.364121],[130.190562,31.364979],[130.190637,31.365412],[130.19055,31.366562],[130.190362,31.366937],[130.189837,31.367479],[130.189412,31.367837],[130.189312,31.367879],[130.189125,31.367945],[130.18875,31.36817],[130.188275,31.368303],[130.187925,31.36837],[130.187825,31.36832],[130.187125,31.367479],[130.186912,31.367345],[130.186641,31.367125],[130.186212,31.366795],[130.185937,31.366704],[130.185687,31.36657],[130.185437,31.366345],[130.185337,31.366137],[130.185262,31.365754],[130.185187,31.365687],[130.184737,31.365545],[130.184212,31.365495],[130.183937,31.36552],[130.183937,31.365587],[130.184037,31.365679],[130.184212,31.36572],[130.184487,31.365837],[130.184608,31.365892],[130.184687,31.365929],[130.184837,31.366087],[130.184812,31.366229],[130.184712,31.36627],[130.184312,31.366129],[130.183862,31.36572],[130.183187,31.365379],[130.183099,31.365342],[130.182937,31.365245],[130.182637,31.365104],[130.182512,31.365079],[130.182387,31.365195],[130.182137,31.365212],[130.181887,31.365187],[130.181637,31.36507],[130.181512,31.365095],[130.181364,31.365486],[130.181217,31.365681],[130.181112,31.365862],[130.181025,31.366062],[130.180425,31.36637],[130.1803,31.366328],[130.180175,31.36612],[130.1798,31.365787],[130.179775,31.365804],[130.17975,31.365779],[130.179813,31.365487],[130.179788,31.365395],[130.179638,31.365312],[130.179363,31.365212],[130.179188,31.365304],[130.1789,31.36557],[130.178725,31.365912],[130.17845,31.365954],[130.178025,31.365887],[130.177225,31.365853],[130.17705,31.366103],[130.17675,31.366253],[130.176563,31.366278],[130.176163,31.366437],[130.175913,31.366453],[130.175688,31.366428],[130.175413,31.36627],[130.175163,31.366295],[130.174663,31.36642],[130.174525,31.366587],[130.174438,31.366712],[130.174113,31.366778],[130.17365,31.367162],[130.1735,31.367228],[130.17335,31.367387],[130.173325,31.367545],[130.173425,31.367837],[130.173475,31.368178],[130.173438,31.368312],[130.173513,31.368562],[130.173638,31.368736],[130.173713,31.369078],[130.173663,31.36937],[130.17335,31.370136],[130.1731,31.370536],[130.172763,31.370853],[130.172613,31.371103],[130.17265,31.37207],[130.1726,31.372411],[130.172325,31.372944],[130.171787,31.373486],[130.171512,31.373644],[130.170937,31.373861],[130.170712,31.373911],[130.170575,31.374244],[130.170325,31.374419],[130.170125,31.374644],[130.16955,31.374869],[130.16915,31.374953],[130.1686,31.374953],[130.168375,31.374861],[130.168175,31.374703],[130.168,31.374703],[130.1673,31.374761],[130.166363,31.374736],[130.165863,31.374503],[130.165738,31.374478],[130.165563,31.374544],[130.164725,31.374286],[130.164488,31.374361],[130.164213,31.374303],[130.16395,31.374319],[130.163875,31.374511],[130.1641,31.374669],[130.164413,31.374669],[130.16435,31.374744],[130.164138,31.374911],[130.163863,31.375169],[130.16355,31.375552],[130.163413,31.375802],[130.163188,31.375861],[130.16305,31.375902],[130.1629,31.376027],[130.162875,31.376302],[130.16295,31.376519],[130.1628,31.376819],[130.162675,31.376919],[130.162363,31.377186],[130.1622,31.377511],[130.162013,31.377802],[130.161688,31.377919],[130.161475,31.378002],[130.161225,31.378261],[130.160963,31.378394],[130.160825,31.378427],[130.160625,31.378394],[130.160438,31.378427],[130.1603,31.378527],[130.160338,31.378761],[130.160463,31.378852],[130.1607,31.378919],[130.1608,31.379044],[130.160738,31.379369],[130.16065,31.37966],[130.160475,31.380135],[130.160275,31.380652],[130.16,31.381152],[130.159712,31.381544],[130.159462,31.381819],[130.159012,31.382177],[130.158612,31.382519],[130.158238,31.382702],[130.157838,31.382952],[130.157463,31.383252],[130.157063,31.383468],[130.156788,31.383552],[130.156525,31.383677],[130.156075,31.383893],[130.1556,31.384052],[130.15515,31.384168],[130.154825,31.38426],[130.1544,31.384302],[130.153963,31.384077],[130.153625,31.384318],[130.15345,31.384468],[130.1531,31.384577],[130.152625,31.38491],[130.152488,31.385102],[130.152475,31.385435],[130.15255,31.385818],[130.152625,31.386118],[130.15265,31.386468],[130.15265,31.386752],[130.152613,31.387035],[130.152325,31.387376],[130.15195,31.387601],[130.1516,31.38791],[130.151438,31.388151],[130.151088,31.388135],[130.151013,31.388126],[130.151213,31.388526],[130.151225,31.388593],[130.151438,31.388535],[130.1515,31.388785],[130.151375,31.38906],[130.151263,31.389243],[130.151088,31.38931],[130.150813,31.389301],[130.150425,31.389326],[130.150288,31.389335],[130.150013,31.389368],[130.149925,31.389368],[130.149525,31.389626],[130.149338,31.389868],[130.1492,31.39016],[130.149125,31.390376],[130.149563,31.390568],[130.149625,31.390626],[130.149475,31.390835],[130.149175,31.391085],[130.149038,31.391151],[130.1488,31.391243],[130.148475,31.391468],[130.148388,31.391668],[130.148413,31.391901],[130.148488,31.392076],[130.148425,31.392551],[130.1484,31.392793],[130.148287,31.393234],[130.148262,31.393376],[130.147837,31.393784],[130.147612,31.393768],[130.1473,31.393684],[130.147188,31.393701],[130.147075,31.393884],[130.147137,31.394059],[130.147,31.394234],[130.146825,31.394126],[130.14665,31.393934],[130.146338,31.393784],[130.146075,31.393834],[130.145938,31.393951],[130.146113,31.394301],[130.146413,31.394501],[130.1467,31.394618],[130.146912,31.394759],[130.146887,31.394918],[130.146862,31.394993],[130.14665,31.395134],[130.146387,31.395376],[130.1463,31.395484],[130.146212,31.395801],[130.146262,31.396018],[130.146225,31.396243],[130.14615,31.396384],[130.145887,31.396784],[130.145825,31.396926],[130.145687,31.397209],[130.145487,31.397384],[130.145262,31.397426],[130.14515,31.397376],[130.144775,31.397184],[130.144475,31.397059],[130.144213,31.397042],[130.144225,31.397217],[130.144588,31.397334],[130.14495,31.397542],[130.145038,31.397809],[130.144988,31.397867],[130.144775,31.397809],[130.14465,31.397892],[130.14455,31.398034],[130.144775,31.398151],[130.1449,31.398226],[130.144763,31.398417],[130.144663,31.398492],[130.14455,31.398692],[130.144538,31.398751],[130.1444,31.398942],[130.144275,31.399042],[130.144175,31.399176],[130.144375,31.399426],[130.144362,31.399576],[130.144175,31.399976],[130.144037,31.400142],[130.14365,31.400026],[130.14335,31.400017],[130.143163,31.400201],[130.143013,31.400367],[130.143025,31.400601],[130.143013,31.400884],[130.14315,31.400917],[130.143513,31.40095],[130.143537,31.401059],[130.143575,31.401417],[130.14345,31.402067],[130.143312,31.402417],[130.143287,31.40255],[130.143162,31.402434],[130.142887,31.40245],[130.142762,31.402692],[130.142937,31.402959],[130.143062,31.403],[130.142612,31.403734],[130.142537,31.403659],[130.142225,31.403617],[130.142088,31.403825],[130.142163,31.40395],[130.141725,31.404084],[130.141725,31.403909],[130.1416,31.403859],[130.141425,31.40395],[130.14135,31.404117],[130.140938,31.404067],[130.14105,31.404325],[130.141263,31.404309],[130.141338,31.404334],[130.141338,31.4044],[130.141325,31.404459],[130.14125,31.404675],[130.140938,31.4051],[130.140738,31.405367],[130.1404,31.405717],[130.140025,31.406033],[130.139663,31.406342],[130.139438,31.406542],[130.139213,31.406733],[130.1388,31.407],[130.138225,31.407308],[130.13775,31.40755],[130.137375,31.4077],[130.137113,31.407817],[130.136838,31.407917],[130.136588,31.4079],[130.136438,31.407875],[130.136313,31.407992],[130.136013,31.40795],[130.136025,31.407875],[130.135925,31.40775],[130.135675,31.407717],[130.13555,31.407942],[130.135663,31.408117],[130.133788,31.408275],[130.133676,31.408508],[130.133551,31.408783],[130.133338,31.409008],[130.133051,31.409466],[130.132863,31.4098],[130.132751,31.410025],[130.132676,31.410233],[130.132538,31.410691],[130.132451,31.4109],[130.132188,31.411141],[130.131951,31.411358],[130.131638,31.41155],[130.131413,31.4116],[130.131238,31.411475],[130.131126,31.41145],[130.130926,31.411608],[130.130788,31.411658],[130.130326,31.411716],[130.129826,31.411758],[130.129601,31.411933],[130.129427,31.412018],[130.129301,31.412066],[130.129088,31.411875],[130.128901,31.411916],[130.128801,31.412141],[130.128876,31.412316],[130.128776,31.412449],[130.128713,31.412524],[130.128801,31.412558],[130.128976,31.412683],[130.128838,31.412841],[130.128676,31.412958],[130.128576,31.412991],[130.128351,31.413116],[130.127951,31.413349],[130.127476,31.413691],[130.126964,31.413983],[130.126389,31.414283],[130.126226,31.414366],[130.125814,31.414674],[130.125514,31.414891],[130.125114,31.415082],[130.124789,31.415282],[130.124476,31.415507],[130.124089,31.415766],[130.123689,31.415999],[130.123164,31.416232],[130.122901,31.416341],[130.121327,31.416991],[130.120839,31.416924],[130.120739,31.416891],[130.120639,31.416782],[130.120514,31.416749],[130.119702,31.416799],[130.119214,31.416766],[130.118777,31.416607],[130.118639,31.416607],[130.118452,31.416657],[130.117827,31.416582],[130.117152,31.416382],[130.117064,31.416307],[130.117079,31.416231],[130.117052,31.416091],[130.116939,31.416007],[130.116564,31.415866],[130.116327,31.415732],[130.11574,31.415691],[130.115377,31.415524],[130.115265,31.415566],[130.115127,31.415532],[130.114977,31.415424],[130.11484,31.415032],[130.11474,31.414974],[130.114628,31.414922],[130.114527,31.414841],[130.11439,31.414802],[130.114302,31.414727],[130.11424,31.414699],[130.11334,31.414332],[130.113315,31.414349],[130.11334,31.414457],[130.113202,31.414491],[130.112777,31.414416],[130.112527,31.414282],[130.112215,31.414032],[130.11189,31.413974],[130.110578,31.413074],[130.110403,31.412782],[130.110215,31.412574],[130.109965,31.412199],[130.109265,31.410982],[130.108828,31.410349],[130.108715,31.409999],[130.108646,31.409621],[130.108624,31.409416],[130.108595,31.409168],[130.108553,31.409149],[130.107928,31.409033],[130.107803,31.409133],[130.107578,31.409508],[130.107465,31.409824],[130.107153,31.409941],[130.107003,31.410066],[130.10699,31.410124],[130.107115,31.410299],[130.10709,31.410449],[130.106915,31.410682],[130.10689,31.410857],[130.10669,31.411332],[130.106665,31.411974],[130.10659,31.412149],[130.106603,31.412399],[130.10644,31.412816],[130.106428,31.413066],[130.10654,31.413291],[130.106853,31.41374],[130.106928,31.414107],[130.107053,31.414315],[130.10709,31.414549],[130.106953,31.414699],[130.106965,31.414899],[130.107328,31.415074],[130.107653,31.415457],[130.10764,31.415965],[130.107703,31.41609],[130.107678,31.416457],[130.10749,31.416507],[130.107378,31.416499],[130.107315,31.416574],[130.107328,31.41699],[130.10749,31.417215],[130.10769,31.417623],[130.107615,31.417982],[130.10764,31.41804],[130.108015,31.418082],[130.10819,31.418207],[130.10834,31.418148],[130.10849,31.418173],[130.108553,31.418223],[130.108553,31.41864],[130.10864,31.418698],[130.108778,31.418648],[130.109053,31.41874],[130.108853,31.41904],[130.10884,31.41914],[130.108915,31.419198],[130.109102,31.419265],[130.109215,31.419557],[130.10944,31.419773],[130.109652,31.419832],[130.109741,31.420035],[130.109752,31.420165],[130.109465,31.420623],[130.109427,31.420748],[130.10944,31.421365],[130.109565,31.421532],[130.10979,31.42169],[130.110502,31.421882],[130.11074,31.422073],[130.110802,31.422082],[130.111052,31.421998],[130.111515,31.422132],[130.112565,31.422715],[130.114002,31.423273],[130.114227,31.423465],[130.114614,31.42359],[130.115089,31.423706],[130.115164,31.423765],[130.115789,31.423923],[130.116114,31.423873],[130.116489,31.423773],[130.116952,31.423557],[130.117539,31.423215],[130.118902,31.42259],[130.119277,31.42249],[130.119876,31.422507],[130.120426,31.42264],[130.120826,31.422865],[130.121526,31.42339],[130.121714,31.423482],[130.122001,31.423482],[130.122164,31.423407],[130.122489,31.423073],[130.122739,31.422653],[130.122851,31.422507],[130.124014,31.421474],[130.124351,31.421215],[130.125389,31.420565],[130.127126,31.420165],[130.127413,31.41994],[130.127626,31.419732],[130.128076,31.419591],[130.128751,31.419632],[130.128926,31.419691],[130.129163,31.419791],[130.129638,31.419816],[130.130251,31.419757],[130.130551,31.419649],[130.130901,31.419466],[130.131238,31.419166],[130.131813,31.418899],[130.132076,31.418841],[130.13235,31.418691],[130.132663,31.418332],[130.133275,31.417883],[130.133825,31.417608],[130.134092,31.417395],[130.134063,31.417333],[130.133888,31.417291],[130.133788,31.417066],[130.133425,31.417008],[130.133075,31.417066],[130.132988,31.417308],[130.1326,31.417391],[130.132076,31.417449],[130.131938,31.417399],[130.131888,31.417033],[130.132001,31.416866],[130.132126,31.416799],[130.132026,31.416491],[130.131851,31.416199],[130.131826,31.415791],[130.132063,31.415283],[130.132476,31.414708],[130.132851,31.414341],[130.132963,31.414116],[130.132901,31.413741],[130.132976,31.413333],[130.133226,31.413141],[130.133576,31.412925],[130.133913,31.412575],[130.134088,31.412741],[130.1344,31.412633],[130.134575,31.412908],[130.13485,31.41295],[130.135263,31.412741],[130.135413,31.412575],[130.1363,31.41315],[130.136425,31.413225],[130.136488,31.413308],[130.136575,31.413666],[130.136525,31.414],[130.136413,31.414591],[130.136188,31.414974],[130.135775,31.415508],[130.135513,31.415774],[130.134788,31.415699],[130.134663,31.415491],[130.134575,31.415449],[130.1343,31.415374],[130.134075,31.415541],[130.13415,31.415691],[130.134275,31.415933],[130.134563,31.416299],[130.134775,31.416574],[130.13475,31.416799],[130.1349,31.417074],[130.134988,31.416999],[130.1351,31.416766],[130.135238,31.416733],[130.135825,31.416733],[130.135989,31.416731],[130.136125,31.416774],[130.13645,31.416941],[130.137113,31.417141],[130.137688,31.417358],[130.138263,31.417508],[130.13895,31.417683],[130.139425,31.417924],[130.139525,31.417983],[130.139575,31.418108],[130.139712,31.418274],[130.1399,31.418333],[130.140287,31.418691],[130.140675,31.419016],[130.140525,31.419074],[130.140325,31.419358],[130.140687,31.419616],[130.140987,31.419483],[130.141125,31.419549],[130.141462,31.419774],[130.14175,31.420108],[130.142087,31.420883],[130.142187,31.421066],[130.142325,31.421632],[130.14245,31.421874],[130.143087,31.422599],[130.143712,31.423516],[130.143937,31.424191],[130.144612,31.424999],[130.144862,31.425416],[130.145199,31.426441],[130.145324,31.427041],[130.145624,31.427491],[130.145862,31.427632],[130.146099,31.427732],[130.146449,31.427799],[130.147162,31.427841],[130.147462,31.427882],[130.147699,31.428024],[130.147987,31.428332],[130.148162,31.428707],[130.148162,31.429424],[130.148224,31.429607],[130.148737,31.42974],[130.149174,31.429999],[130.149662,31.430099],[130.149699,31.430232],[130.150499,31.430857],[130.150674,31.43089],[130.150936,31.430782],[130.151136,31.43064],[130.151811,31.430616],[130.152024,31.430699],[130.152349,31.430974],[130.152286,31.431257],[130.152349,31.431349],[130.152499,31.431415],[130.152674,31.431415],[130.153011,31.431282],[130.153211,31.431032],[130.153399,31.430966],[130.153749,31.430924],[130.154011,31.431007],[130.154261,31.431157],[130.154511,31.431416],[130.154774,31.431599],[130.155224,31.432174],[130.155536,31.432732],[130.155574,31.432824],[130.155599,31.433282],[130.155486,31.434074],[130.155536,31.43439],[130.155649,31.434657],[130.156111,31.43529],[130.156436,31.435673],[130.156599,31.435965],[130.156724,31.436765],[130.157024,31.43689],[130.157111,31.436965],[130.157236,31.43764],[130.157473,31.43809],[130.157436,31.438157],[130.157536,31.438632],[130.157898,31.439306],[130.158036,31.439365],[130.158223,31.439381],[130.158486,31.43964],[130.158686,31.440056],[130.158836,31.44014],[130.159061,31.440156],[130.159561,31.440115],[130.159648,31.44019],[130.159736,31.44014],[130.159823,31.439998],[130.159886,31.439973],[130.159936,31.44004],[130.159986,31.440031],[130.160298,31.439648],[130.160536,31.439023],[130.160786,31.43879],[130.161098,31.438582],[130.161773,31.438273],[130.162686,31.437448],[130.162823,31.437373],[130.163136,31.437282],[130.163298,31.43729],[130.163411,31.437365],[130.163573,31.437548],[130.163773,31.437532],[130.163873,31.437457],[130.163986,31.437423],[130.164036,31.437548],[130.164098,31.437557],[130.164261,31.437465],[130.164373,31.437248],[130.164498,31.43714],[130.164873,31.437057],[130.165061,31.436948],[130.165261,31.436682],[130.165711,31.43584],[130.165836,31.43569],[130.166086,31.43549],[130.166323,31.435432],[130.166661,31.435124],[130.166798,31.435065],[130.167073,31.434674],[130.167198,31.434324],[130.167111,31.433924],[130.167123,31.433782],[130.167286,31.433657],[130.167861,31.433507],[130.167748,31.433224],[130.167298,31.432532],[130.167261,31.432357],[130.167461,31.431974],[130.167611,31.431466],[130.167686,31.431357],[130.167748,31.431332],[130.168011,31.431074],[130.168261,31.430941],[130.168823,31.430732],[130.169023,31.430574],[130.169198,31.430349],[130.169298,31.430099],[130.169323,31.429808],[130.169286,31.429624],[130.169111,31.429483],[130.168998,31.429233],[130.169336,31.429116],[130.169523,31.428916],[130.169573,31.428466],[130.169536,31.428316],[130.169323,31.428224],[130.169236,31.428124],[130.169198,31.427833],[130.169211,31.427483],[130.169273,31.427324],[130.169511,31.427024],[130.169723,31.426874],[130.169886,31.426624],[130.170148,31.425833],[130.170173,31.42545],[130.169936,31.424858],[130.169948,31.424575],[130.170198,31.423691],[130.170298,31.422858],[130.170736,31.422291],[130.170886,31.421716],[130.170798,31.421258],[130.170819,31.420898],[130.170786,31.420183],[130.170673,31.419858],[130.170623,31.41965],[130.170836,31.419592],[130.171026,31.419688],[130.171198,31.419717],[130.171511,31.419683],[130.171686,31.4196],[130.171936,31.4192],[130.172248,31.4189],[130.172786,31.418767],[130.173248,31.418725],[130.173686,31.418783],[130.174223,31.418883],[130.174773,31.418933],[130.175036,31.418992],[130.175336,31.419083],[130.175598,31.419142],[130.175911,31.419175],[130.176098,31.419317],[130.176448,31.419517],[130.176873,31.4197],[130.177211,31.419975],[130.177386,31.420167],[130.177376,31.420331],[130.177398,31.420533],[130.177448,31.420658],[130.177423,31.420883],[130.177311,31.421167],[130.177286,31.421342],[130.177373,31.421616],[130.177523,31.42175],[130.177748,31.42185],[130.179073,31.422033],[130.179261,31.422091],[130.179423,31.422183],[130.179486,31.422316],[130.179511,31.422675],[130.179398,31.422958],[130.179436,31.423116],[130.179873,31.42305],[130.180123,31.423133],[130.180348,31.423183],[130.180911,31.423075],[130.181148,31.423008],[130.181298,31.422758],[130.181348,31.422475],[130.181448,31.422308],[130.181873,31.421983],[130.181848,31.421758],[130.181861,31.421607],[130.181873,31.421425],[130.181086,31.420825],[130.180886,31.420633],[130.180861,31.420167],[130.180873,31.419833],[130.180911,31.419767],[130.18093,31.419691],[130.181004,31.419587],[130.181211,31.419458],[130.181723,31.419117],[130.182136,31.418783],[130.182498,31.418417],[130.182736,31.418075],[130.182773,31.417825],[130.182861,31.417392],[130.183048,31.416992],[130.183323,31.416475],[130.183436,31.416209],[130.183486,31.415975],[130.183123,31.4155],[130.183186,31.415167],[130.183298,31.414692],[130.183448,31.414325],[130.183673,31.414117],[130.184261,31.413942],[130.184823,31.4139],[130.185036,31.414009],[130.185273,31.414217],[130.185423,31.414292],[130.185573,31.414317],[130.185836,31.414234],[130.185923,31.414175],[130.185836,31.413867],[130.185561,31.413934],[130.185261,31.413684],[130.185411,31.412617],[130.185448,31.412551],[130.186086,31.412559],[130.186636,31.410334],[130.188486,31.410309],[130.188811,31.410417],[130.188974,31.410509],[130.188073,31.411367],[130.188073,31.411434],[130.188123,31.411584],[130.188286,31.412001],[130.188498,31.412042],[130.188923,31.412276],[130.189136,31.412567],[130.189248,31.412767],[130.189373,31.413059],[130.189491,31.413262],[130.189673,31.413417],[130.190098,31.413584],[130.190286,31.413717],[130.190311,31.413967],[130.190248,31.4142],[130.190173,31.414359],[130.190098,31.414709],[130.189998,31.4152],[130.189961,31.415584],[130.189961,31.4159],[130.190048,31.4162],[130.190211,31.416484],[130.190198,31.416834],[130.190036,31.41705],[130.189798,31.417309],[130.189648,31.417583],[130.189743,31.417806],[130.189898,31.417917],[130.190273,31.418183],[130.190498,31.418417],[130.190661,31.418608],[130.190773,31.418842],[130.190923,31.419125],[130.190962,31.419274],[130.190948,31.419433],[130.190698,31.419633],[130.190548,31.419958],[130.190473,31.420167],[130.190448,31.420742],[130.190373,31.420883],[130.190035,31.42125],[130.189935,31.421383],[130.189882,31.421605],[130.189935,31.421816],[130.190048,31.422],[130.189973,31.42225],[130.189623,31.422441],[130.189473,31.422658],[130.18946,31.422916],[130.189598,31.423208],[130.189935,31.423433],[130.190023,31.423525],[130.189985,31.423616],[130.189135,31.424366],[130.188923,31.42445],[130.18861,31.4245],[130.187835,31.424516],[130.187435,31.42455],[130.18716,31.424608],[130.186923,31.4247],[130.18671,31.424833],[130.18661,31.42495],[130.186548,31.425091],[130.186548,31.425316],[130.18651,31.425666],[130.18706,31.426241],[130.187498,31.426633],[130.187798,31.426816],[130.189173,31.427283],[130.19026,31.427724],[130.190373,31.427808],[130.190923,31.428433],[130.191048,31.428674],[130.191198,31.429124],[130.191473,31.429416],[130.191635,31.429466],[130.19206,31.429441],[130.192448,31.429532],[130.19271,31.429532],[130.192898,31.429349],[130.19301,31.429091],[130.193048,31.428799],[130.192973,31.427808],[130.192985,31.427574],[130.193048,31.427399],[130.19321,31.427299],[130.19326,31.427216],[130.19326,31.426991],[130.193173,31.426783],[130.192885,31.426433],[130.192323,31.426141],[130.19156,31.426024],[130.191223,31.425866],[130.191023,31.425699],[130.19071,31.424716],[130.190473,31.4244],[130.190485,31.424133],[130.19056,31.423825],[130.19081,31.423558],[130.191123,31.423383],[130.19121,31.423216],[130.191023,31.42265],[130.191098,31.422325],[130.191635,31.421491],[130.19176,31.421125],[130.191798,31.420758],[130.191711,31.420467],[130.191606,31.420329],[130.191586,31.420167],[130.191623,31.420042],[130.191623,31.419825],[130.191523,31.419633],[130.191423,31.419417],[130.191448,31.419067],[130.191523,31.418717],[130.191623,31.418408],[130.191761,31.418167],[130.191923,31.417975],[130.192173,31.4178],[130.192398,31.417658],[130.192686,31.417375],[130.192761,31.417159],[130.192698,31.416925],[130.192511,31.416734],[130.192523,31.416517],[130.192548,31.416217],[130.192523,31.415759],[130.192348,31.415442],[130.192073,31.415117],[130.191798,31.414725],[130.191711,31.414284],[130.191886,31.41385],[130.192023,31.413367],[130.192323,31.413101],[130.192686,31.412959],[130.192836,31.412851],[130.192798,31.412551],[130.192686,31.412351],[130.192598,31.412201],[130.192511,31.411976],[130.192348,31.411626],[130.192273,31.411326],[130.192161,31.410851],[130.192061,31.410284],[130.192036,31.410109],[130.191961,31.410067],[130.191674,31.410126],[130.191624,31.409984],[130.191674,31.409809],[130.191899,31.409443],[130.192161,31.409126],[130.192474,31.408843],[130.192736,31.408734],[130.192912,31.408592],[130.193049,31.408434],[130.193299,31.408334],[130.193511,31.408193],[130.193736,31.408151],[130.194049,31.408043],[130.194249,31.408001],[130.194499,31.408176],[130.194661,31.408193],[130.195011,31.408201],[130.195236,31.408343],[130.195411,31.408584],[130.195524,31.408543],[130.195674,31.408309],[130.195824,31.407993],[130.195911,31.407951],[130.196174,31.407918],[130.196536,31.407859],[130.196849,31.408018],[130.197236,31.408034],[130.197486,31.408293],[130.197786,31.408618],[130.197861,31.408584],[130.198086,31.408359],[130.198224,31.408251],[130.198486,31.408251],[130.198761,31.408518],[130.198974,31.408584],[130.199124,31.408526],[130.199286,31.408268],[130.199511,31.408093],[130.199849,31.408101],[130.200174,31.408059],[130.200711,31.407993],[130.201274,31.407934],[130.201799,31.407768],[130.202099,31.407459],[130.202311,31.407176],[130.202836,31.406701],[130.203411,31.406318],[130.203774,31.40606],[130.203986,31.40586],[130.204074,31.405826],[130.204336,31.405768],[130.204986,31.405643],[130.205649,31.40556],[130.206211,31.405451],[130.206898,31.405343],[130.207373,31.40526],[130.207873,31.40516],[130.208523,31.405001],[130.209211,31.404876],[130.209836,31.404785],[130.210498,31.404651],[130.211123,31.404585],[130.211357,31.404593],[130.211871,31.404605],[130.212123,31.404626],[130.213036,31.404226],[130.213223,31.403868],[130.213536,31.403835],[130.213848,31.404076],[130.225448,31.402152],[130.22451,31.399144],[130.225673,31.398919],[130.225948,31.399185],[130.22631,31.399477],[130.226748,31.399543],[130.226835,31.399385],[130.226873,31.399302],[130.227748,31.399452],[130.22761,31.399893],[130.229335,31.40236],[130.229385,31.40246],[130.229585,31.40251],[130.229922,31.40256],[130.230397,31.402702],[130.23061,31.402868],[130.230735,31.40326],[130.230697,31.403485],[130.230435,31.403585],[130.230347,31.403901],[130.230235,31.404251],[130.23016,31.404576],[130.230172,31.404776],[130.23026,31.404901],[130.23036,31.405018],[130.230385,31.405151],[130.230285,31.405443],[130.230247,31.405785],[130.23036,31.406359],[130.230497,31.406776],[130.230622,31.406993],[130.230947,31.407226],[130.23141,31.407551],[130.231959,31.407893],[130.232359,31.408168],[130.232709,31.408476],[130.232884,31.408693],[130.233134,31.409026],[130.233447,31.408984],[130.233585,31.409169],[130.233759,31.409592],[130.235884,31.410526],[130.235972,31.410576],[130.236334,31.410751],[130.236722,31.410909],[130.237147,31.411109],[130.237496,31.411276],[130.237971,31.411467],[130.238609,31.411792],[130.239121,31.411992],[130.239559,31.4122],[130.240209,31.412509],[130.240609,31.412667],[130.241196,31.412892],[130.241596,31.413059],[130.242146,31.413275],[130.242708,31.413517],[130.243108,31.413684],[130.243571,31.413892],[130.244058,31.414125],[130.244383,31.4143],[130.244683,31.414475],[130.244933,31.414584],[130.245246,31.414692],[130.245596,31.414859],[130.245933,31.415],[130.246321,31.41515],[130.246646,31.415308],[130.246883,31.415483],[130.247083,31.415617],[130.247421,31.41575],[130.247658,31.415858],[130.24776,31.415933],[130.248233,31.416533],[130.249333,31.41695],[130.249983,31.417267],[130.250483,31.417475],[130.250658,31.4175],[130.250858,31.41745],[130.251108,31.417275],[130.251195,31.417075],[130.25117,31.416775],[130.250958,31.41585],[130.25067,31.4142],[130.25057,31.413867],[130.250383,31.412709],[130.250458,31.412175],[130.250583,31.411992],[130.250883,31.412059],[130.250958,31.412109],[130.250833,31.412375],[130.250733,31.412875],[130.251145,31.413417],[130.251445,31.413667],[130.251795,31.414034],[130.25197,31.41475],[130.251933,31.415025],[130.251583,31.415317],[130.251383,31.415542],[130.251258,31.415875],[130.25127,31.416167],[130.251595,31.416808],[130.25187,31.417033],[130.25212,31.417308],[130.252532,31.4183],[130.252707,31.41855],[130.252795,31.419025],[130.252945,31.419633],[130.253195,31.419883],[130.253295,31.419908],[130.25372,31.419908],[130.253845,31.419841],[130.25392,31.419733],[130.254045,31.419416],[130.254182,31.41865],[130.254157,31.4184],[130.253982,31.418308],[130.25407,31.417991],[130.255728,31.417918],[130.256082,31.417746],[130.25652,31.417741],[130.257295,31.418083],[130.257645,31.418291],[130.257945,31.418516],[130.258245,31.418816],[130.259057,31.419383],[130.259782,31.419791],[130.260107,31.419999],[130.260807,31.420166],[130.260907,31.420183],[130.261319,31.420566],[130.261794,31.420924],[130.261944,31.420966],[130.263206,31.421549],[130.263831,31.421924],[130.266369,31.423849],[130.267293,31.424407],[130.268768,31.42499],[130.269856,31.425299],[130.270443,31.42539],[130.270968,31.425407],[130.271968,31.425382],[130.272618,31.425424],[130.27268,31.425624],[130.27268,31.425965],[130.272568,31.426207],[130.272418,31.42659],[130.272368,31.427049],[130.272368,31.42759],[130.272493,31.42804],[130.27303,31.42869],[130.27418,31.430373],[130.276092,31.433064],[130.276629,31.433898],[130.277429,31.434889],[130.278229,31.435964],[130.279153,31.437022],[130.279353,31.437197],[130.28149,31.439464],[130.28199,31.440113],[130.282328,31.440613],[130.283327,31.441713],[130.283752,31.44223],[130.28389,31.442471],[130.284902,31.443638],[130.285265,31.443955],[130.286264,31.444555],[130.286527,31.444779],[130.287652,31.445454],[130.288039,31.445629],[130.288889,31.446104],[130.289564,31.446121],[130.290189,31.446229],[130.290451,31.446338],[130.291339,31.446471],[130.291719,31.446466],[130.292013,31.446471],[130.292039,31.446792],[130.29205,31.447286],[130.292076,31.447687],[130.292488,31.447596],[130.293226,31.447254],[130.293863,31.446837],[130.294276,31.446521],[130.295438,31.445454],[130.2966,31.444188],[130.297825,31.443054],[130.298463,31.442688],[130.299375,31.442396],[130.299988,31.44228],[130.30035,31.442346],[130.300763,31.44248],[130.301262,31.442696],[130.304362,31.444688],[130.304862,31.445029],[130.306462,31.445896],[130.307224,31.446279],[130.307724,31.446546],[130.308411,31.446854],[130.309086,31.447054],[130.310911,31.447362],[130.310998,31.447337],[130.311186,31.446187],[130.311273,31.445921],[130.311398,31.445846],[130.312186,31.446162],[130.313423,31.446537],[130.313573,31.446487],[130.313811,31.446354],[130.314686,31.445512],[130.316248,31.443638],[130.317936,31.441488],[130.318686,31.440696],[130.319448,31.440196],[130.320323,31.439738],[130.321198,31.439397],[130.32211,31.439122],[130.322698,31.439005],[130.323673,31.438888],[130.324223,31.43888],[130.324898,31.438947],[130.325785,31.439122],[130.326197,31.439163],[130.32666,31.439047],[130.32701,31.438847],[130.327447,31.438372],[130.32766,31.438097],[130.327735,31.437847],[130.327972,31.437439],[130.328085,31.43713],[130.32811,31.436897],[130.327897,31.436297],[130.32766,31.435981],[130.327135,31.435414],[130.326985,31.435331],[130.326098,31.434472],[130.325348,31.434006],[130.324135,31.432997],[130.323511,31.432348],[130.322886,31.431514],[130.321873,31.42974],[130.321723,31.429381],[130.321636,31.428773],[130.321748,31.428431],[130.321886,31.428181],[130.322186,31.427956],[130.322448,31.427798],[130.322911,31.427707],[130.324911,31.427607],[130.327173,31.427573],[130.32926,31.427382],[130.329848,31.427357],[130.330135,31.427373],[130.330548,31.42769],[130.330785,31.427915],[130.331173,31.42854],[130.331298,31.42904],[130.331335,31.429398],[130.331098,31.430098],[130.330898,31.43039],[130.330635,31.43069],[130.329623,31.431415],[130.329385,31.43164],[130.329185,31.431931],[130.329123,31.432456],[130.329273,31.432723],[130.329573,31.432989],[130.330135,31.433173],[130.33066,31.433148],[130.331247,31.433006],[130.331535,31.432889],[130.332035,31.432623],[130.333035,31.431915],[130.334397,31.430756],[130.334685,31.430398],[130.335272,31.429448],[130.335672,31.42854],[130.335785,31.428049],[130.33571,31.427257],[130.33541,31.425591],[130.33531,31.425232],[130.33511,31.424782],[130.335135,31.424532],[130.335473,31.423449],[130.335498,31.422791],[130.335573,31.421916],[130.335598,31.420833],[130.335773,31.420533],[130.336148,31.420166],[130.336848,31.419783],[130.337185,31.41965],[130.338035,31.419358],[130.338535,31.4193],[130.33891,31.4193],[130.33971,31.41935],[130.340635,31.419333],[130.340972,31.419358],[130.341597,31.419292],[130.342447,31.419033],[130.343222,31.418675],[130.34441,31.418233],[130.345647,31.417609],[130.345972,31.417409],[130.346172,31.417184],[130.346347,31.41685],[130.34646,31.416126],[130.346785,31.415676],[130.346985,31.415567],[130.347547,31.415092],[130.348097,31.414901],[130.348397,31.414626],[130.348635,31.414492],[130.349509,31.414159],[130.350634,31.413968],[130.350809,31.413834],[130.350972,31.413609],[130.351247,31.413409],[130.351622,31.413226],[130.351897,31.413209],[130.352934,31.412926],[130.353309,31.41286],[130.353684,31.412751],[130.355159,31.412401],[130.355534,31.412376],[130.355971,31.412426],[130.356621,31.412451],[130.357971,31.412326],[130.358421,31.412326],[130.359196,31.412227],[130.360284,31.412118],[130.360758,31.412027],[130.361083,31.411943],[130.362083,31.411727],[130.363208,31.411843],[130.363583,31.411827],[130.364221,31.411785],[130.364896,31.41161],[130.365146,31.411493],[130.365296,31.41136],[130.365596,31.411252],[130.365796,31.411385],[130.365821,31.411752],[130.365771,31.411843],[130.365746,31.412068],[130.36577,31.412227],[130.36592,31.412402],[130.366233,31.412652],[130.366533,31.412818],[130.366733,31.412818],[130.367133,31.41316],[130.367408,31.413293],[130.367658,31.413518],[130.367956,31.413751],[130.368358,31.413793],[130.368558,31.413685],[130.368783,31.413643],[130.369033,31.413668],[130.369258,31.413627],[130.36992,31.413285],[130.370395,31.41311],[130.37087,31.413027],[130.37117,31.412893],[130.371882,31.412694],[130.372182,31.412627],[130.372432,31.412469],[130.372557,31.41211],[130.372682,31.411952],[130.372748,31.411936],[130.37352,31.411635],[130.373707,31.411535],[130.37392,31.411169],[130.374107,31.411052],[130.374482,31.410986],[130.374757,31.411027],[130.375432,31.411285],[130.375795,31.411319],[130.376232,31.411294],[130.37662,31.411319],[130.377119,31.411469],[130.378223,31.411779],[130.378794,31.411827],[130.379082,31.411844],[130.379332,31.411961],[130.379757,31.412102],[130.380044,31.412144],[130.380407,31.412144],[130.380844,31.412077],[130.381015,31.412226],[130.381069,31.412535],[130.381156,31.412794],[130.381281,31.413044],[130.381606,31.413385],[130.381769,31.413627],[130.381819,31.413769],[130.381881,31.414685],[130.382269,31.415502],[130.382394,31.415885],[130.382719,31.41656],[130.383331,31.417501],[130.383656,31.417768],[130.384031,31.418101],[130.384131,31.41831],[130.384131,31.418535],[130.384043,31.419076],[130.383868,31.419459],[130.383656,31.419693],[130.383306,31.419951],[130.383131,31.420176],[130.383126,31.421049],[130.383118,31.421459],[130.383118,31.421667],[130.383231,31.421801],[130.383656,31.422042],[130.384481,31.422451],[130.385131,31.422801],[130.385593,31.423276],[130.386106,31.423542],[130.386431,31.423676],[130.38678,31.423942],[130.387105,31.424059],[130.387543,31.424126],[130.387893,31.424234],[130.389143,31.424884],[130.389493,31.425217],[130.389793,31.425617],[130.389943,31.425959],[130.39018,31.426275],[130.390592,31.427334],[130.390605,31.427625],[130.390517,31.428008],[130.390492,31.428567],[130.390705,31.429067],[130.39118,31.429875],[130.391855,31.430433],[130.392005,31.430633],[130.392042,31.43095],[130.392605,31.4314],[130.392742,31.431441],[130.393492,31.43185],[130.393992,31.432408],[130.394229,31.432566],[130.394692,31.432583],[130.395054,31.432691],[130.395317,31.4329],[130.395429,31.433075],[130.395579,31.433433],[130.395954,31.434608],[130.396242,31.435008],[130.396304,31.435308],[130.396129,31.435757],[130.396079,31.436049],[130.396117,31.436474],[130.395817,31.436907],[130.395792,31.437157],[130.396204,31.437716],[130.396654,31.438032],[130.396916,31.438116],[130.397679,31.438207],[130.398979,31.43874],[130.399691,31.438957],[130.400241,31.439007],[130.401216,31.439182],[130.401741,31.439357],[130.402041,31.439557],[130.402453,31.439982],[130.402966,31.440707],[130.403203,31.441132],[130.403503,31.44149],[130.403966,31.441782],[130.404241,31.442007],[130.404366,31.442498],[130.404566,31.442632],[130.405191,31.442948],[130.405566,31.443057],[130.40589,31.443098],[130.407128,31.44289],[130.40754,31.442865],[130.407953,31.442957],[130.408278,31.443132],[130.408628,31.443398],[130.409303,31.443807],[130.409478,31.443823],[130.409603,31.443915],[130.409728,31.444232],[130.409665,31.444973],[130.409703,31.445248],[130.409915,31.44554],[130.41024,31.44574],[130.410415,31.44594],[130.41074,31.446098],[130.410852,31.446298],[130.41069,31.446656],[130.410652,31.44684],[130.410777,31.447065],[130.41164,31.448348],[130.412052,31.44904],[130.412352,31.449381],[130.41309,31.449898],[130.413415,31.450048],[130.41374,31.450164],[130.413977,31.450339],[130.414102,31.450564],[130.414102,31.450973],[130.414227,31.451581],[130.414614,31.452364],[130.415064,31.453064],[130.415777,31.453981],[130.415977,31.454072],[130.416102,31.454047],[130.416539,31.454472],[130.416752,31.454631],[130.416989,31.454589],[130.417214,31.454606],[130.418114,31.455547],[130.418589,31.456131],[130.418764,31.456472],[130.418889,31.456989],[130.418864,31.457347],[130.418714,31.457555],[130.418539,31.45798],[130.419376,31.459222],[130.419439,31.459514],[130.419364,31.46048],[130.419389,31.460772],[130.420201,31.462372],[130.420939,31.463338],[130.421301,31.46408],[130.421726,31.464888],[130.421576,31.465363],[130.421576,31.46548],[130.421764,31.465996],[130.421964,31.466238],[130.422238,31.46633],[130.422826,31.466371],[130.423463,31.466346],[130.424526,31.466163],[130.424813,31.46618],[130.425026,31.466563],[130.425951,31.467505],[130.426363,31.467821],[130.426563,31.467863],[130.427388,31.467996],[130.427838,31.467946],[130.428038,31.467905],[130.42815,31.467896],[130.428625,31.468188],[130.4288,31.468346],[130.428988,31.468571],[130.429013,31.468846],[130.4289,31.469654],[130.429,31.469904],[130.429199,31.47025],[130.429413,31.470513],[130.429475,31.470554],[130.429588,31.470554],[130.430288,31.470238],[130.43065,31.470163],[130.431413,31.470254],[130.431613,31.470321],[130.431938,31.470471],[130.432113,31.470604],[130.432475,31.471213],[130.432925,31.471779],[130.433312,31.472379],[130.4334,31.472454],[130.433837,31.472496],[130.434225,31.472313],[130.434862,31.472063],[130.43545,31.471946],[130.435837,31.471988],[130.43625,31.472121],[130.436575,31.472296],[130.436837,31.472546],[130.437612,31.473171],[130.437899,31.473304],[130.438612,31.473488],[130.439087,31.473688],[130.439674,31.474129],[130.439849,31.474196],[130.440199,31.474246],[130.440499,31.474329],[130.441024,31.474579],[130.441474,31.474821],[130.442124,31.475338],[130.442424,31.475446],[130.442949,31.475696],[130.443124,31.475713],[130.443949,31.475579],[130.444624,31.475638],[130.444974,31.475613],[130.445279,31.475604],[130.445536,31.475609],[130.445836,31.475721],[130.446036,31.475788]]]},"type":"Feature"},{"geometry":{"type":"Polygon","coordinates":[[[129.475451,31.194867],[129.475385,31.195186],[129.47551,31.195377],[129.47536,31.195494],[129.475385,31.195819],[129.47536,31.195944],[129.475285,31.195986],[129.475298,31.196186],[129.475223,31.196361],[129.475123,31.196461],[129.47501,31.196436],[129.474823,31.196469],[129.474798,31.196636],[129.474698,31.196752],[129.474623,31.196944],[129.47451,31.196861],[129.474123,31.196811],[129.473985,31.196827],[129.473935,31.196752],[129.473881,31.196736],[129.473648,31.196861],[129.473548,31.196977],[129.47346,31.197177],[129.473385,31.197277],[129.473448,31.197377],[129.473385,31.197585],[129.473235,31.197619],[129.473173,31.197852],[129.473273,31.197985],[129.473248,31.19811],[129.473023,31.19821],[129.473048,31.198277],[129.473248,31.198327],[129.473473,31.19821],[129.473585,31.198294],[129.473823,31.19856],[129.473923,31.198994],[129.474035,31.199219],[129.474055,31.199267],[129.47401,31.199335],[129.473948,31.199485],[129.473885,31.199477],[129.473485,31.199644],[129.473498,31.199869],[129.473673,31.19991],[129.474073,31.199835],[129.474098,31.199935],[129.473998,31.200118],[129.473735,31.200152],[129.47356,31.200293],[129.473523,31.200535],[129.473373,31.200693],[129.473248,31.200735],[129.473073,31.200702],[129.472773,31.200577],[129.47256,31.200535],[129.472598,31.200643],[129.472835,31.200793],[129.472873,31.200935],[129.47276,31.201002],[129.47306,31.201677],[129.472935,31.201927],[129.47286,31.201935],[129.472785,31.201868],[129.472735,31.201868],[129.472548,31.202018],[129.47246,31.202185],[129.472473,31.202243],[129.47236,31.202318],[129.471685,31.201952],[129.471485,31.20206],[129.471348,31.20206],[129.471248,31.202093],[129.47106,31.202252],[129.470985,31.202252],[129.470848,31.202335],[129.470698,31.202377],[129.470598,31.202701],[129.470323,31.202951],[129.470198,31.203018],[129.470035,31.203318],[129.46986,31.203493],[129.469698,31.203343],[129.469635,31.203443],[129.469523,31.203476],[129.469435,31.203643],[129.46926,31.203793],[129.469173,31.20376],[129.469048,31.20366],[129.46891,31.20361],[129.468848,31.203676],[129.468848,31.203785],[129.469048,31.203826],[129.469098,31.203951],[129.469048,31.204018],[129.46891,31.204026],[129.468885,31.204243],[129.468785,31.204301],[129.468723,31.20446],[129.46896,31.204526],[129.46881,31.204693],[129.468885,31.20481],[129.468798,31.204951],[129.468823,31.20496],[129.469198,31.205018],[129.469298,31.20501],[129.469498,31.20486],[129.469635,31.204926],[129.469748,31.204943],[129.469835,31.204818],[129.469973,31.204785],[129.470035,31.204693],[129.470135,31.204668],[129.470348,31.204785],[129.470573,31.204685],[129.470623,31.204793],[129.470585,31.204968],[129.470585,31.20521],[129.470923,31.205268],[129.47106,31.205085],[129.471173,31.20516],[129.471198,31.205418],[129.470973,31.205418],[129.471023,31.205551],[129.47126,31.205659],[129.471435,31.205801],[129.471585,31.205876],[129.471673,31.206001],[129.471723,31.206259],[129.471623,31.206351],[129.471598,31.206484],[129.47171,31.206518],[129.47191,31.206293],[129.472023,31.206351],[129.472035,31.206551],[129.472223,31.206459],[129.472523,31.206543],[129.47251,31.206701],[129.472285,31.206676],[129.472298,31.206943],[129.47221,31.207051],[129.472298,31.207134],[129.472448,31.207151],[129.472723,31.206934],[129.473047,31.207093],[129.473247,31.207309],[129.47346,31.207368],[129.473485,31.207434],[129.473385,31.207918],[129.473472,31.207984],[129.473535,31.207984],[129.473547,31.208043],[129.473497,31.208143],[129.473522,31.208401],[129.473347,31.208568],[129.473335,31.208701],[129.473185,31.208751],[129.473022,31.208693],[129.472935,31.208726],[129.472872,31.208942],[129.472722,31.208992],[129.472672,31.209109],[129.47271,31.209184],[129.472785,31.209201],[129.472872,31.209342],[129.472547,31.209409],[129.47241,31.209501],[129.47226,31.209459],[129.471998,31.209576],[129.47186,31.209492],[129.471685,31.209717],[129.47171,31.209792],[129.471898,31.209759],[129.471985,31.209784],[129.472035,31.209926],[129.471873,31.210276],[129.471885,31.210634],[129.471947,31.210792],[129.471897,31.210884],[129.471885,31.211134],[129.471935,31.211242],[129.471997,31.211367],[129.472147,31.211467],[129.47221,31.211651],[129.472347,31.211676],[129.47256,31.211517],[129.472697,31.211576],[129.47281,31.211542],[129.472735,31.211017],[129.472822,31.211001],[129.472922,31.210842],[129.473047,31.210759],[129.47316,31.210751],[129.47346,31.210817],[129.47371,31.210817],[129.473847,31.210776],[129.47401,31.210651],[129.473897,31.210359],[129.473772,31.210226],[129.473647,31.210201],[129.473272,31.209892],[129.473372,31.209792],[129.473347,31.209651],[129.473272,31.209551],[129.473247,31.209442],[129.473472,31.209401],[129.473635,31.209234],[129.473635,31.209151],[129.473785,31.209167],[129.473922,31.209134],[129.474172,31.209118],[129.474472,31.208784],[129.474685,31.208851],[129.47466,31.208684],[129.474772,31.208493],[129.474785,31.208509],[129.47496,31.208543],[129.475097,31.208534],[129.47511,31.208559],[129.475172,31.208543],[129.47521,31.208393],[129.475322,31.208218],[129.47536,31.208076],[129.475372,31.207868],[129.47521,31.207801],[129.475372,31.207626],[129.475585,31.207568],[129.475535,31.207468],[129.475722,31.207051],[129.475847,31.207059],[129.475897,31.206968],[129.475872,31.206868],[129.475785,31.206768],[129.475635,31.206734],[129.475685,31.206584],[129.475722,31.206285],[129.47566,31.206101],[129.475535,31.206068],[129.475572,31.205968],[129.475547,31.205876],[129.475697,31.20571],[129.475747,31.205743],[129.475822,31.205668],[129.475797,31.205535],[129.475847,31.205493],[129.476085,31.205576],[129.47616,31.205568],[129.476197,31.205501],[129.476147,31.205426],[129.476072,31.205426],[129.476022,31.205201],[129.475622,31.20491],[129.475597,31.204926],[129.475422,31.204593],[129.47551,31.204585],[129.475572,31.204426],[129.47576,31.204543],[129.476047,31.204443],[129.47601,31.20426],[129.475872,31.204176],[129.47596,31.203976],[129.475885,31.20376],[129.476035,31.203643],[129.476085,31.203551],[129.47601,31.203501],[129.476197,31.203468],[129.476285,31.203501],[129.47636,31.203485],[129.476347,31.203327],[129.476522,31.20326],[129.476622,31.203277],[129.476672,31.203127],[129.476447,31.20286],[129.47621,31.202493],[129.476085,31.202377],[129.47611,31.20201],[129.476535,31.201952],[129.476485,31.20186],[129.476185,31.201602],[129.476197,31.201577],[129.47646,31.201635],[129.476722,31.201635],[129.476747,31.201535],[129.476622,31.201277],[129.476722,31.201018],[129.477047,31.201027],[129.476997,31.200943],[129.47686,31.200885],[129.476722,31.20071],[129.47691,31.200577],[129.476872,31.200502],[129.476735,31.200527],[129.476547,31.200377],[129.476272,31.200369],[129.476147,31.200119],[129.476285,31.200052],[129.476222,31.19986],[129.47606,31.199802],[129.47606,31.199635],[129.47636,31.199535],[129.47636,31.199485],[129.476272,31.199427],[129.475997,31.19936],[129.476035,31.19916],[129.47611,31.199069],[129.476297,31.199069],[129.47656,31.199027],[129.476547,31.19881],[129.476497,31.198735],[129.476272,31.198802],[129.476185,31.198719],[129.476085,31.198744],[129.475922,31.198844],[129.475872,31.198577],[129.475947,31.198452],[129.475847,31.198285],[129.475822,31.19806],[129.47586,31.19781],[129.47596,31.197719],[129.47601,31.197594],[129.476247,31.197402],[129.47621,31.197352],[129.476247,31.197177],[129.476372,31.197019],[129.476435,31.197011],[129.476547,31.196786],[129.476535,31.196711],[129.476472,31.196677],[129.47636,31.196694],[129.47621,31.196777],[129.476072,31.196719],[129.476147,31.196652],[129.476185,31.196527],[129.476385,31.196244],[129.476197,31.196244],[129.476347,31.196052],[129.476497,31.196019],[129.47651,31.195927],[129.476397,31.195819],[129.476322,31.195619],[129.476335,31.195494],[129.476297,31.195444],[129.47601,31.195536],[129.475985,31.195544],[129.475801,31.195059],[129.475839,31.195025],[129.475814,31.194942],[129.475601,31.195067],[129.475476,31.194992],[129.475451,31.194867]]]},"properties":{"id":"G71004","kuni":"薩摩","kuni_url":"/kg/resource/K71.html","id_url":"G71004.html","kuni_id":"K71","pref":"鹿児島県","name":"川邊","yomi":"かわなべ"},"type":"Feature"},{"properties":{"id":"G71004","kuni":"薩摩","kuni_url":"/kg/resource/K71.html","id_url":"G71004.html","kuni_id":"K71","pref":"鹿児島県","name":"川邊","yomi":"かわなべ"},"geometry":{"type":"Polygon","coordinates":[[[129.448313,31.176812],[129.4482,31.176954],[129.447888,31.177196],[129.447675,31.177212],[129.447575,31.177179],[129.447388,31.177029],[129.447275,31.177229],[129.447288,31.177404],[129.447463,31.177537],[129.447513,31.177662],[129.447438,31.178062],[129.447325,31.178254],[129.4468,31.178887],[129.446325,31.178887],[129.4463,31.179095],[129.446201,31.179187],[129.446063,31.179179],[129.445938,31.17922],[129.445826,31.179312],[129.445588,31.179345],[129.445463,31.179279],[129.445351,31.179129],[129.445276,31.179145],[129.445263,31.179245],[129.445138,31.179495],[129.444726,31.179729],[129.444401,31.17982],[129.444263,31.179904],[129.444051,31.179945],[129.443863,31.179995],[129.443476,31.18002],[129.443401,31.180045],[129.443313,31.179954],[129.443263,31.179795],[129.443113,31.179695],[129.442751,31.179837],[129.442863,31.180245],[129.442838,31.180287],[129.442476,31.18047],[129.442251,31.180495],[129.441763,31.180412],[129.441576,31.180403],[129.441451,31.180437],[129.441176,31.180303],[129.441063,31.180303],[129.440776,31.180037],[129.440701,31.179862],[129.440626,31.179804],[129.440551,31.179812],[129.440264,31.179512],[129.440001,31.179329],[129.439901,31.17932],[129.439976,31.179129],[129.439839,31.179062],[129.439764,31.179162],[129.439439,31.17912],[129.439801,31.178804],[129.439714,31.17872],[129.439551,31.178754],[129.439414,31.178754],[129.439276,31.178845],[129.438876,31.17877],[129.438851,31.179004],[129.438776,31.179029],[129.438589,31.178904],[129.438514,31.178704],[129.438276,31.178704],[129.437401,31.178104],[129.437476,31.17792],[129.437464,31.177837],[129.437351,31.17792],[129.437164,31.177645],[129.436864,31.177587],[129.436726,31.177687],[129.436614,31.177554],[129.436614,31.177745],[129.436351,31.177587],[129.436339,31.177537],[129.436726,31.177087],[129.436751,31.176954],[129.436701,31.176845],[129.436626,31.17692],[129.436376,31.177004],[129.436214,31.177154],[129.436126,31.17717],[129.436289,31.176854],[129.436051,31.176729],[129.435939,31.176879],[129.435739,31.176979],[129.435664,31.17707],[129.435477,31.177012],[129.435389,31.17717],[129.435289,31.177204],[129.435102,31.17702],[129.435052,31.176895],[129.435077,31.176754],[129.435189,31.176545],[129.435302,31.176345],[129.435364,31.176096],[129.435314,31.175996],[129.435202,31.175979],[129.435102,31.175829],[129.435002,31.175854],[129.434839,31.175796],[129.434714,31.175979],[129.434664,31.175987],[129.434602,31.175904],[129.434602,31.175796],[129.434227,31.175887],[129.433802,31.175862],[129.433752,31.175896],[129.433764,31.176129],[129.433727,31.176379],[129.433427,31.176529],[129.433414,31.176729],[129.433514,31.177254],[129.433614,31.177362],[129.433589,31.17757],[129.433514,31.177604],[129.433227,31.177879],[129.433077,31.177929],[129.433064,31.178154],[129.433202,31.178329],[129.433277,31.178537],[129.433364,31.17862],[129.433452,31.178629],[129.433564,31.178695],[129.433702,31.178695],[129.433802,31.178662],[129.434152,31.178729],[129.434577,31.178754],[129.434777,31.17882],[129.435064,31.178812],[129.435176,31.178879],[129.435239,31.179012],[129.435376,31.179104],[129.435639,31.178912],[129.435801,31.179037],[129.435889,31.17917],[129.436026,31.179295],[129.436176,31.179362],[129.436364,31.179287],[129.436614,31.179653],[129.436664,31.179845],[129.436751,31.179878],[129.436801,31.17997],[129.436901,31.180037],[129.437114,31.180003],[129.437214,31.180037],[129.437376,31.180228],[129.437589,31.18032],[129.437689,31.180478],[129.437801,31.180553],[129.438001,31.180937],[129.438176,31.181453],[129.438276,31.18187],[129.438364,31.181987],[129.438501,31.181995],[129.438726,31.182662],[129.438639,31.182886],[129.438251,31.182895],[129.438201,31.182928],[129.438126,31.183178],[129.437951,31.183361],[129.437826,31.183361],[129.438151,31.183828],[129.438164,31.184011],[129.438239,31.184245],[129.438164,31.184278],[129.437951,31.184278],[129.437864,31.184003],[129.437414,31.183845],[129.437364,31.184053],[129.437214,31.184195],[129.437076,31.184361],[129.437151,31.184628],[129.437089,31.185203],[129.436939,31.185045],[129.436889,31.184528],[129.436801,31.18452],[129.436742,31.184667],[129.436714,31.184695],[129.436614,31.185195],[129.436642,31.185215],[129.436764,31.185353],[129.436739,31.185486],[129.436901,31.185644],[129.437001,31.186011],[129.437076,31.186069],[129.437001,31.186203],[129.437089,31.186253],[129.437176,31.186094],[129.437189,31.186153],[129.437476,31.186161],[129.437614,31.186061],[129.438001,31.186194],[129.438001,31.186319],[129.438076,31.186311],[129.438201,31.186228],[129.438489,31.185786],[129.438551,31.18562],[129.438664,31.185653],[129.438851,31.185894],[129.438888,31.186136],[129.438863,31.186328],[129.438876,31.186678],[129.439063,31.186678],[129.439226,31.186711],[129.439263,31.186994],[129.439201,31.187128],[129.439301,31.187153],[129.439526,31.187036],[129.439663,31.187028],[129.439776,31.186961],[129.439838,31.186836],[129.439838,31.186669],[129.439926,31.186436],[129.439876,31.186186],[129.439876,31.185861],[129.440076,31.185811],[129.440188,31.185736],[129.440263,31.185736],[129.440513,31.185645],[129.440613,31.185653],[129.440788,31.18572],[129.440951,31.185745],[129.441026,31.18562],[129.441101,31.18567],[129.441426,31.185703],[129.441576,31.185761],[129.44162,31.185745],[129.441701,31.18557],[129.441951,31.18552],[129.442626,31.185845],[129.442801,31.18602],[129.442813,31.186211],[129.442888,31.186469],[129.443063,31.186386],[129.443201,31.18642],[129.443326,31.186411],[129.443401,31.186445],[129.443863,31.186911],[129.443913,31.187044],[129.443933,31.187337],[129.443913,31.187494],[129.444013,31.187661],[129.4442,31.187753],[129.444375,31.187911],[129.444525,31.188694],[129.444388,31.189128],[129.444263,31.189211],[129.444325,31.189286],[129.444488,31.189353],[129.44445,31.189644],[129.444338,31.189744],[129.4442,31.190169],[129.44425,31.190227],[129.444275,31.190361],[129.44445,31.190544],[129.444338,31.191019],[129.444438,31.191119],[129.444488,31.191327],[129.444663,31.191586],[129.44475,31.191886],[129.444813,31.192094],[129.444825,31.19226],[129.4447,31.192335],[129.4446,31.192594],[129.444638,31.193085],[129.44475,31.193094],[129.444888,31.193202],[129.444913,31.193285],[129.445088,31.193502],[129.44555,31.193752],[129.445475,31.19396],[129.445175,31.19411],[129.4453,31.19431],[129.445213,31.194485],[129.445213,31.194585],[129.445125,31.194585],[129.445038,31.194627],[129.4449,31.19491],[129.445313,31.194918],[129.445213,31.195268],[129.445238,31.195493],[129.445388,31.195768],[129.44555,31.195918],[129.445438,31.196318],[129.4456,31.196327],[129.445525,31.196552],[129.445313,31.196593],[129.445288,31.196702],[129.445363,31.196743],[129.445475,31.196768],[129.4456,31.197093],[129.445188,31.196877],[129.445063,31.197043],[129.4449,31.197002],[129.444875,31.197077],[129.444975,31.197185],[129.44515,31.197227],[129.445375,31.197218],[129.445488,31.19726],[129.445538,31.197452],[129.445775,31.19761],[129.445875,31.197743],[129.446025,31.198293],[129.445975,31.198785],[129.4458,31.199018],[129.445675,31.199401],[129.445725,31.199493],[129.445413,31.199493],[129.445475,31.199526],[129.445838,31.199568],[129.445863,31.199593],[129.446163,31.199651],[129.44645,31.199768],[129.446463,31.199885],[129.446363,31.199993],[129.446375,31.200201],[129.446438,31.200335],[129.446725,31.200426],[129.446862,31.200326],[129.446887,31.199885],[129.44725,31.199793],[129.447475,31.199635],[129.447587,31.199468],[129.447812,31.199218],[129.447925,31.19921],[129.448387,31.199301],[129.44895,31.199526],[129.449187,31.199518],[129.4495,31.199435],[129.449787,31.199426],[129.44985,31.199535],[129.45005,31.199518],[129.450237,31.199551],[129.450425,31.199468],[129.450562,31.199593],[129.450612,31.199601],[129.4508,31.199493],[129.4511,31.199643],[129.451225,31.199585],[129.45135,31.199435],[129.45155,31.199435],[129.451837,31.19956],[129.45215,31.199501],[129.452275,31.19956],[129.452362,31.199526],[129.452612,31.199435],[129.452624,31.199202],[129.452512,31.199327],[129.452475,31.199327],[129.452425,31.199268],[129.452537,31.198985],[129.45265,31.19901],[129.452749,31.198985],[129.452912,31.19886],[129.452999,31.198718],[129.453112,31.198685],[129.453287,31.198335],[129.453499,31.198302],[129.453849,31.197727],[129.453649,31.197102],[129.453539,31.196883],[129.453474,31.196785],[129.453362,31.196452],[129.453375,31.196185],[129.453562,31.196094],[129.453362,31.195819],[129.453325,31.195627],[129.453212,31.195577],[129.453025,31.195435],[129.452862,31.195185],[129.452825,31.19486],[129.452637,31.194544],[129.452387,31.194327],[129.452425,31.194252],[129.452525,31.19416],[129.4522,31.193769],[129.4522,31.193594],[129.452087,31.193427],[129.451875,31.193044],[129.451962,31.192944],[129.451962,31.192877],[129.45175,31.192902],[129.4517,31.192752],[129.45145,31.192636],[129.451587,31.192527],[129.451325,31.192327],[129.451562,31.192236],[129.45145,31.192227],[129.451387,31.192269],[129.451237,31.192177],[129.451362,31.192011],[129.451125,31.192086],[129.450925,31.192211],[129.450612,31.192311],[129.45035,31.192327],[129.449787,31.192402],[129.449562,31.192394],[129.449375,31.192344],[129.4492,31.192202],[129.448963,31.191752],[129.448725,31.191752],[129.4486,31.191719],[129.448588,31.191377],[129.448463,31.191311],[129.448313,31.191319],[129.4482,31.191377],[129.448025,31.191177],[129.448,31.191077],[129.447875,31.190844],[129.447775,31.190811],[129.447675,31.190569],[129.4479,31.190294],[129.447975,31.190136],[129.44795,31.190052],[129.447638,31.190136],[129.447413,31.190102],[129.447538,31.189969],[129.447638,31.189977],[129.4477,31.189894],[129.447838,31.189827],[129.4477,31.189653],[129.447588,31.189569],[129.447813,31.189461],[129.447888,31.189586],[129.448,31.189636],[129.44835,31.189478],[129.448375,31.189353],[129.448288,31.189253],[129.448075,31.189236],[129.448013,31.188969],[129.447625,31.188928],[129.447538,31.189003],[129.447388,31.189061],[129.447225,31.188653],[129.447013,31.188369],[129.44675,31.188194],[129.446725,31.188036],[129.446775,31.187786],[129.446738,31.187728],[129.44675,31.187494],[129.44665,31.187178],[129.446625,31.186928],[129.44665,31.186236],[129.446775,31.18582],[129.446938,31.18567],[129.44705,31.185445],[129.447113,31.185411],[129.44715,31.185195],[129.447413,31.185078],[129.447525,31.184895],[129.447475,31.184745],[129.447663,31.184628],[129.447725,31.184453],[129.447875,31.18432],[129.4479,31.184253],[129.448175,31.184162],[129.448375,31.184295],[129.448475,31.184436],[129.448538,31.184445],[129.448663,31.184411],[129.448688,31.184378],[129.448875,31.184353],[129.448863,31.184287],[129.448725,31.184087],[129.4488,31.184003],[129.449,31.183962],[129.4492,31.184062],[129.449325,31.184062],[129.449488,31.183995],[129.449413,31.183795],[129.449463,31.183603],[129.449563,31.18352],[129.450163,31.183487],[129.450375,31.183312],[129.450413,31.183312],[129.450438,31.183103],[129.451075,31.183145],[129.45105,31.18302],[129.451212,31.183028],[129.451325,31.182903],[129.45145,31.182937],[129.451787,31.182778],[129.451787,31.182587],[129.451662,31.182362],[129.451712,31.182262],[129.451625,31.182195],[129.451325,31.182137],[129.4513,31.182053],[129.451162,31.18197],[129.451125,31.181895],[129.45115,31.18187],[129.451337,31.181878],[129.45135,31.181778],[129.451312,31.181687],[129.45115,31.18162],[129.450963,31.181687],[129.450838,31.181703],[129.450425,31.181637],[129.450275,31.181653],[129.449975,31.181687],[129.449538,31.18197],[129.449363,31.181945],[129.449213,31.181978],[129.448988,31.182003],[129.448788,31.181978],[129.44875,31.181853],[129.448788,31.18172],[129.448588,31.18162],[129.448438,31.18162],[129.448263,31.181803],[129.447938,31.181645],[129.447788,31.181395],[129.447675,31.18132],[129.447475,31.181145],[129.44765,31.181054],[129.448088,31.180729],[129.447788,31.180629],[129.447763,31.180529],[129.447863,31.180379],[129.44785,31.180204],[129.447338,31.179587],[129.447425,31.179412],[129.447388,31.179287],[129.44755,31.179245],[129.4475,31.17917],[129.447313,31.179129],[129.447325,31.179012],[129.4473,31.178804],[129.447363,31.178545],[129.447488,31.178304],[129.447563,31.178279],[129.4475,31.178179],[129.447588,31.178079],[129.447738,31.178004],[129.447888,31.177854],[129.447925,31.177904],[129.448075,31.177971],[129.448375,31.177987],[129.448188,31.177762],[129.44865,31.177762],[129.44895,31.177921],[129.449438,31.177871],[129.449563,31.177604],[129.449513,31.177487],[129.4493,31.177446],[129.44895,31.177471],[129.449,31.177371],[129.449075,31.177296],[129.44905,31.177196],[129.448763,31.177146],[129.44845,31.177154],[129.448313,31.176812]]]},"type":"Feature"},{"properties":{"id":"G71004","kuni":"薩摩","kuni_url":"/kg/resource/K71.html","id_url":"G71004.html","kuni_id":"K71","pref":"鹿児島県","name":"川邊","yomi":"かわなべ"},"geometry":{"type":"Polygon","coordinates":[[[129.954446,30.820661],[129.953822,30.820128],[129.953522,30.819744],[129.953334,30.819445],[129.953259,30.819203],[129.953184,30.818761],[129.952959,30.818228],[129.952772,30.818086],[129.952534,30.817978],[129.952247,30.817928],[129.951847,30.817911],[129.951159,30.817753],[129.950459,30.81752],[129.949622,30.817178],[129.94921,30.81707],[129.949235,30.81702],[129.94921,30.816886],[129.949047,30.81682],[129.948697,30.81667],[129.948635,30.816603],[129.948372,30.816628],[129.948135,30.816478],[129.947922,30.81627],[129.947722,30.816195],[129.947635,30.816061],[129.94666,30.816053],[129.946172,30.815995],[129.945522,30.815803],[129.944647,30.815628],[129.944235,30.815486],[129.942923,30.81497],[129.940998,30.814378],[129.940698,30.814253],[129.94061,30.81412],[129.940548,30.81412],[129.940485,30.813962],[129.940348,30.813895],[129.940223,30.81372],[129.939998,30.813637],[129.939823,30.813495],[129.939673,30.813512],[129.939435,30.813462],[129.939223,30.813387],[129.938311,30.812778],[129.938148,30.812428],[129.937986,30.812328],[129.937786,30.812278],[129.937748,30.812245],[129.937523,30.812212],[129.937361,30.812137],[129.937098,30.812128],[129.936698,30.812195],[129.936398,30.81237],[129.936223,30.812428],[129.935811,30.81242],[129.935461,30.812353],[129.934961,30.81252],[129.934848,30.812453],[129.934636,30.812412],[129.934523,30.812337],[129.934261,30.812353],[129.934036,30.812395],[129.933998,30.812428],[129.933798,30.812445],[129.933648,30.812495],[129.932911,30.812462],[129.931399,30.812462],[129.930924,30.812137],[129.930811,30.812153],[129.930724,30.812012],[129.930624,30.811962],[129.930158,30.811859],[129.930058,30.811792],[129.929949,30.811978],[129.929811,30.811995],[129.929611,30.812053],[129.929486,30.812153],[129.929299,30.812137],[129.929236,30.812328],[129.929086,30.812503],[129.929061,30.812737],[129.928811,30.812862],[129.928699,30.81312],[129.928611,30.813195],[129.928149,30.813411],[129.927262,30.813695],[129.927049,30.813703],[129.926774,30.81357],[129.926599,30.813778],[129.926312,30.81382],[129.926099,30.813761],[129.925937,30.813928],[129.925699,30.814011],[129.925624,30.814111],[129.925474,30.814078],[129.925149,30.814145],[129.925037,30.81427],[129.924924,30.814428],[129.924787,30.814436],[129.924712,30.814528],[129.924449,30.814653],[129.924399,30.814711],[129.924162,30.814678],[129.924024,30.81487],[129.923862,30.815003],[129.923674,30.814961],[129.923524,30.815286],[129.923399,30.815294],[129.923287,30.815361],[129.923012,30.815294],[129.922937,30.815311],[129.922962,30.815728],[129.922874,30.815903],[129.922437,30.815969],[129.922262,30.816061],[129.922187,30.816161],[129.921999,30.816144],[129.921849,30.816211],[129.921774,30.816311],[129.921674,30.816344],[129.921474,30.816344],[129.921312,30.816469],[129.921124,30.816528],[129.92055,30.816653],[129.9199,30.816861],[129.9196,30.816928],[129.919587,30.816961],[129.919475,30.816928],[129.9193,30.816728],[129.919137,30.816728],[129.9186,30.816919],[129.918437,30.816886],[129.918325,30.817003],[129.91815,30.817103],[129.917975,30.817019],[129.917837,30.817086],[129.917887,30.817228],[129.9175,30.817402],[129.917162,30.817436],[129.917375,30.817719],[129.917337,30.817786],[129.917212,30.817777],[129.917062,30.817802],[129.917062,30.817844],[129.916737,30.818361],[129.91665,30.818636],[129.916387,30.818986],[129.916075,30.819211],[129.916012,30.819352],[129.915862,30.819519],[129.9155,30.819744],[129.915412,30.819711],[129.91525,30.819594],[129.915125,30.819369],[129.91485,30.819144],[129.914438,30.818902],[129.914325,30.818894],[129.913863,30.818711],[129.913688,30.818727],[129.913538,30.818769],[129.91335,30.818711],[129.913225,30.818727],[129.913038,30.818902],[129.912888,30.818969],[129.9127,30.819119],[129.912338,30.819036],[129.9122,30.819211],[129.91205,30.819227],[129.911625,30.819377],[129.91155,30.819469],[129.911613,30.819827],[129.911663,30.81991],[129.911775,30.819977],[129.9119,30.820135],[129.91225,30.820444],[129.912538,30.820585],[129.912813,30.820885],[129.913125,30.82101],[129.913375,30.821169],[129.9136,30.821235],[129.913937,30.821427],[129.914087,30.821552],[129.91435,30.82161],[129.914162,30.821952],[129.914012,30.82206],[129.913887,30.822319],[129.913762,30.822394],[129.913662,30.822544],[129.913363,30.822552],[129.913413,30.822702],[129.913363,30.82281],[129.913188,30.822777],[129.9132,30.822943],[129.91315,30.823085],[129.913163,30.823152],[129.912863,30.823177],[129.91265,30.823252],[129.9125,30.823385],[129.912425,30.823343],[129.912413,30.823243],[129.912313,30.823068],[129.912063,30.823027],[129.912225,30.823318],[129.912075,30.823402],[129.911663,30.823052],[129.9117,30.823252],[129.911613,30.823468],[129.91145,30.823385],[129.9114,30.823677],[129.911313,30.823785],[129.911125,30.823827],[129.9109,30.823568],[129.910763,30.82351],[129.910663,30.823527],[129.910613,30.823452],[129.910475,30.823385],[129.910209,30.823332],[129.910147,30.823357],[129.910109,30.823782],[129.910375,30.823793],[129.910388,30.823827],[129.910247,30.823974],[129.91095,30.824202],[129.911263,30.82441],[129.9116,30.82456],[129.911813,30.824843],[129.911875,30.82521],[129.911863,30.825468],[129.91175,30.825502],[129.911275,30.825402],[129.910975,30.825435],[129.911238,30.82566],[129.91135,30.825851],[129.91115,30.825901],[129.911275,30.82616],[129.9111,30.826201],[129.911,30.826318],[129.911113,30.826385],[129.911488,30.826443],[129.91155,30.826493],[129.911538,30.826876],[129.911575,30.826993],[129.91185,30.827326],[129.91195,30.82751],[129.911925,30.827826],[129.911775,30.828251],[129.910913,30.829276],[129.910763,30.829334],[129.910663,30.829484],[129.910563,30.829518],[129.910438,30.829676],[129.910175,30.829751],[129.909975,30.829951],[129.909888,30.830093],[129.909825,30.830043],[129.909525,30.829884],[129.909425,30.829918],[129.909413,30.829968],[129.90945,30.830159],[129.909375,30.830259],[129.90925,30.830301],[129.909388,30.830451],[129.909375,30.830526],[129.909275,30.830609],[129.908788,30.830784],[129.908588,30.831059],[129.908375,30.831184],[129.90825,30.831351],[129.90745,30.831659],[129.90705,30.831667],[129.906813,30.831392],[129.9067,30.831384],[129.906538,30.831551],[129.906213,30.831501],[129.905963,30.831409],[129.90585,30.831342],[129.906213,30.830768],[129.906088,30.830709],[129.9058,30.831167],[129.905575,30.830901],[129.905488,30.830992],[129.905201,30.831017],[129.904913,30.831292],[129.904751,30.831376],[129.904863,30.831709],[129.904613,30.831892],[129.904401,30.832142],[129.904438,30.832342],[129.904351,30.832601],[129.904413,30.832909],[129.904301,30.833076],[129.904313,30.833142],[129.904401,30.833167],[129.904726,30.833134],[129.904726,30.833309],[129.904801,30.833326],[129.904826,30.833376],[129.904963,30.833367],[129.905113,30.833401],[129.905125,30.833492],[129.905363,30.833459],[129.90535,30.833517],[129.904925,30.83395],[129.905088,30.834059],[129.90505,30.834292],[129.904975,30.834267],[129.904663,30.834259],[129.904651,30.834334],[129.904763,30.834559],[129.9047,30.834525],[129.904488,30.834484],[129.904288,30.834742],[129.904376,30.834842],[129.904363,30.835284],[129.904488,30.835775],[129.904625,30.835925],[129.904638,30.835984],[129.9044,30.83625],[129.9045,30.836442],[129.904463,30.836725],[129.904825,30.836717],[129.904988,30.836783],[129.9051,30.83675],[129.905375,30.83685],[129.905363,30.836883],[129.9054,30.837242],[129.9053,30.8373],[129.905138,30.8373],[129.9051,30.837583],[129.9048,30.837783],[129.904663,30.838142],[129.90455,30.8383],[129.904563,30.8384],[129.904688,30.838575],[129.90475,30.838883],[129.904913,30.839],[129.905163,30.839108],[129.905325,30.839075],[129.905475,30.838975],[129.905788,30.838967],[129.9061,30.838842],[129.906363,30.839042],[129.906575,30.839025],[129.906749,30.839064],[129.906875,30.839058],[129.907025,30.838975],[129.9072,30.838842],[129.90755,30.838908],[129.907638,30.838875],[129.907738,30.838683],[129.907825,30.838675],[129.907975,30.838725],[129.908088,30.838725],[129.908425,30.838792],[129.908588,30.838758],[129.90875,30.838808],[129.908888,30.838783],[129.90905,30.838875],[129.909275,30.838792],[129.909512,30.838842],[129.909625,30.838983],[129.909762,30.839042],[129.91015,30.839033],[129.910375,30.839075],[129.910525,30.839075],[129.910625,30.839142],[129.910775,30.8392],[129.910875,30.839067],[129.9112,30.839042],[129.91145,30.839208],[129.911662,30.839242],[129.911875,30.839225],[129.91225,30.839275],[129.912487,30.839267],[129.912675,30.839208],[129.913075,30.839008],[129.913387,30.838792],[129.913579,30.838806],[129.91455,30.839167],[129.914837,30.839133],[129.915075,30.839167],[129.915249,30.839275],[129.915412,30.839325],[129.915512,30.839292],[129.915899,30.83995],[129.916099,30.839975],[129.916262,30.840042],[129.916924,30.840833],[129.916962,30.841158],[129.916999,30.84125],[129.917612,30.841616],[129.918099,30.84205],[129.918212,30.842275],[129.918624,30.842858],[129.919024,30.843166],[129.919337,30.843333],[129.920636,30.844083],[129.921336,30.844675],[129.921436,30.8448],[129.921286,30.845033],[129.920974,30.845324],[129.920949,30.845491],[129.920886,30.845549],[129.920911,30.845741],[129.920836,30.845983],[129.920849,30.846158],[129.920799,30.846224],[129.920849,30.846516],[129.920724,30.846641],[129.920786,30.846708],[129.921149,30.846791],[129.921386,30.846516],[129.921624,30.846399],[129.921711,30.846291],[129.921836,30.846258],[129.922036,30.846258],[129.922174,30.846166],[129.922186,30.846091],[129.922574,30.846391],[129.922661,30.846774],[129.922599,30.846883],[129.922624,30.847083],[129.922861,30.847108],[129.922949,30.847216],[129.923124,30.847333],[129.923536,30.847458],[129.923474,30.847508],[129.923461,30.847608],[129.923499,30.847624],[129.923699,30.847574],[129.923786,30.847591],[129.923811,30.847766],[129.923586,30.848099],[129.923749,30.848108],[129.923886,30.848166],[129.924073,30.848391],[129.924273,30.848466],[129.924673,30.848807],[129.924823,30.849049],[129.924873,30.849224],[129.924961,30.849291],[129.925086,30.849257],[129.925161,30.849266],[129.925411,30.849482],[129.925623,30.849557],[129.926023,30.849649],[129.926398,30.849682],[129.926698,30.849799],[129.927061,30.849674],[129.927311,30.849691],[129.927448,30.849741],[129.927548,30.849716],[129.927686,30.849624],[129.927848,30.849657],[129.928173,30.849541],[129.928623,30.849416],[129.928711,30.849266],[129.929061,30.849174],[129.93006,30.849133],[129.93046,30.849016],[129.930535,30.849274],[129.930673,30.849291],[129.93081,30.849083],[129.931035,30.849141],[129.93126,30.849291],[129.93141,30.849233],[129.93151,30.849133],[129.931723,30.849066],[129.93186,30.848849],[129.931948,30.848874],[129.932148,30.849066],[129.932335,30.849066],[129.932385,30.849108],[129.932398,30.849341],[129.932485,30.849358],[129.932873,30.849041],[129.933073,30.849041],[129.933135,30.849108],[129.933185,30.849416],[129.93326,30.849433],[129.933385,30.849324],[129.933473,30.849308],[129.933623,30.849516],[129.933948,30.849466],[129.93451,30.849449],[129.934835,30.849499],[129.93506,30.849724],[129.935197,30.849783],[129.935147,30.849983],[129.935872,30.850016],[129.936022,30.850108],[129.936247,30.850108],[129.936322,30.850208],[129.936747,30.850424],[129.936872,30.850541],[129.936935,30.850699],[129.93706,30.850699],[129.93726,30.850782],[129.937347,30.850766],[129.937435,30.850799],[129.937747,30.850899],[129.93791,30.850974],[129.93811,30.851007],[129.93861,30.850974],[129.938772,30.851041],[129.938922,30.851257],[129.938847,30.851482],[129.938872,30.851666],[129.938922,30.851732],[129.938997,30.851707],[129.93916,30.851482],[129.93936,30.851582],[129.939385,30.851499],[129.939585,30.851224],[129.939497,30.850866],[129.939397,30.850708],[129.939097,30.850366],[129.939172,30.850233],[129.939497,30.849899],[129.939622,30.849491],[129.939685,30.849391],[129.939735,30.848941],[129.93986,30.848883],[129.93986,30.848508],[129.93996,30.848308],[129.939935,30.848083],[129.940022,30.847966],[129.94006,30.847841],[129.940022,30.847633],[129.94041,30.847391],[129.940597,30.847408],[129.940672,30.847316],[129.940885,30.847166],[129.940885,30.8471],[129.94081,30.846975],[129.940822,30.846875],[129.94101,30.846591],[129.941697,30.845716],[129.941959,30.845708],[129.941997,30.845408],[129.942259,30.845391],[129.942247,30.845267],[129.942409,30.845075],[129.942434,30.844942],[129.942722,30.844825],[129.942859,30.844817],[129.943159,30.844642],[129.943384,30.844633],[129.943472,30.8446],[129.943897,30.84425],[129.944084,30.844192],[129.944234,30.844058],[129.944397,30.844083],[129.944559,30.843983],[129.945022,30.844175],[129.945134,30.844117],[129.945197,30.844017],[129.945222,30.843842],[129.945297,30.843792],[129.945409,30.843567],[129.945584,30.843542],[129.945947,30.843425],[129.946097,30.843408],[129.946372,30.84365],[129.946534,30.843683],[129.946809,30.843925],[129.946997,30.843733],[129.947034,30.843517],[129.947072,30.843492],[129.947409,30.843517],[129.947547,30.843392],[129.947859,30.843408],[129.948034,30.843492],[129.948321,30.843483],[129.948471,30.843417],[129.948534,30.843334],[129.948584,30.843125],[129.948696,30.843025],[129.948821,30.842834],[129.948834,30.842517],[129.949071,30.842592],[129.949359,30.842884],[129.949371,30.843067],[129.949434,30.843109],[129.949884,30.843059],[129.949984,30.843067],[129.950059,30.843042],[129.950059,30.843],[129.949921,30.84265],[129.950021,30.84265],[129.950184,30.842592],[129.950284,30.8425],[129.950521,30.8425],[129.950634,30.842334],[129.950759,30.842259],[129.950884,30.842259],[129.950996,30.842309],[129.951159,30.842309],[129.951409,30.842367],[129.951621,30.842225],[129.951834,30.842209],[129.951909,30.842042],[129.952009,30.841942],[129.952021,30.841875],[129.952121,30.841759],[129.952171,30.8416],[129.952321,30.841575],[129.952521,30.84135],[129.952596,30.841342],[129.952446,30.84115],[129.952571,30.840892],[129.952596,30.840567],[129.952746,30.840484],[129.952946,30.840159],[129.952896,30.839959],[129.952959,30.839842],[129.952934,30.839717],[129.952859,30.839617],[129.952859,30.839509],[129.953384,30.838759],[129.953634,30.838584],[129.953684,30.838467],[129.953884,30.838392],[129.954109,30.838267],[129.954196,30.838242],[129.954571,30.838243],[129.954621,30.838184],[129.954596,30.838118],[129.954746,30.838109],[129.954821,30.838026],[129.955071,30.838018],[129.955046,30.837768],[129.955221,30.837768],[129.955396,30.837634],[129.955408,30.837559],[129.955571,30.837501],[129.955421,30.837034],[129.955471,30.836884],[129.955646,30.836776],[129.955808,30.836551],[129.956246,30.836326],[129.956958,30.836101],[129.957458,30.836009],[129.958446,30.83591],[129.959333,30.835843],[129.959646,30.835868],[129.960271,30.835801],[129.960446,30.835876],[129.960596,30.835843],[129.960746,30.835885],[129.960958,30.835843],[129.961195,30.835935],[129.961708,30.835943],[129.962095,30.835801],[129.962633,30.835868],[129.962895,30.83576],[129.96332,30.835685],[129.963483,30.835518],[129.963508,30.835551],[129.963658,30.835493],[129.96372,30.835268],[129.963795,30.835201],[129.963895,30.834951],[129.963908,30.834768],[129.964008,30.834476],[129.964095,30.834351],[129.964095,30.83431],[129.96427,30.833993],[129.964433,30.833851],[129.96472,30.832868],[129.964708,30.832668],[129.96477,30.832543],[129.964783,30.832177],[129.96472,30.831943],[129.964745,30.83176],[129.96467,30.83146],[129.96477,30.83096],[129.964683,30.830802],[129.964658,30.830635],[129.964495,30.830094],[129.964433,30.830052],[129.964095,30.830019],[129.963958,30.829969],[129.964108,30.829702],[129.964045,30.829677],[129.963908,30.829727],[129.963733,30.82966],[129.963645,30.82941],[129.963433,30.829119],[129.963458,30.82901],[129.963408,30.82886],[129.963221,30.828685],[129.963508,30.828652],[129.964033,30.828594],[129.964133,30.828544],[129.964095,30.828427],[129.963958,30.828369],[129.963695,30.828485],[129.963508,30.828527],[129.963233,30.828485],[129.963371,30.828227],[129.963321,30.828094],[129.963008,30.82801],[129.962746,30.827819],[129.962621,30.827602],[129.962383,30.827535],[129.962233,30.82731],[129.961183,30.826161],[129.960371,30.825344],[129.960033,30.824936],[129.959183,30.824302],[129.958584,30.823711],[129.957746,30.823003],[129.956371,30.821961],[129.955621,30.821494],[129.954446,30.820661]]]},"type":"Feature"},{"geometry":{"type":"Polygon","coordinates":[[[130.44423,30.802894],[130.44443,30.802236],[130.444405,30.802011],[130.444455,30.801611],[130.444268,30.801594],[130.44418,30.801286],[130.443643,30.800903],[130.443255,30.800836],[130.442955,30.800686],[130.44283,30.80047],[130.442568,30.80047],[130.44248,30.800428],[130.44228,30.800403],[130.442155,30.800128],[130.441993,30.800228],[130.441943,30.800203],[130.441781,30.800261],[130.441768,30.800361],[130.441618,30.800486],[130.441431,30.80047],[130.441056,30.80057],[130.440856,30.80072],[130.440893,30.800919],[130.440781,30.801003],[130.440368,30.800869],[130.440306,30.800928],[130.440293,30.800994],[130.440081,30.801253],[130.438906,30.801628],[130.438818,30.801628],[130.438731,30.801694],[130.438518,30.801978],[130.438256,30.802186],[130.437993,30.802478],[130.437856,30.802544],[130.437668,30.802594],[130.436781,30.802678],[130.436543,30.802653],[130.436156,30.802703],[130.435931,30.802853],[130.435544,30.803202],[130.435306,30.803302],[130.434969,30.803386],[130.434469,30.803319],[130.434256,30.803319],[130.434206,30.803386],[130.434331,30.803569],[130.434369,30.803702],[130.434319,30.803861],[130.434169,30.803977],[130.434019,30.804219],[130.433944,30.804294],[130.433669,30.804336],[130.433456,30.804327],[130.433436,30.804321],[130.433419,30.804319],[130.433231,30.804202],[130.432981,30.804152],[130.432731,30.804052],[130.432569,30.803744],[130.432431,30.803636],[130.432306,30.803652],[130.432231,30.803719],[130.432431,30.804219],[130.432306,30.804286],[130.432069,30.804311],[130.431944,30.804386],[130.431756,30.804402],[130.431519,30.804352],[130.431144,30.804202],[130.430756,30.804227],[130.430569,30.804177],[130.430144,30.804152],[130.429319,30.804327],[130.428869,30.804344],[130.428757,30.804311],[130.427844,30.804419],[130.427682,30.804494],[130.427644,30.804561],[130.427282,30.80481],[130.427169,30.804835],[130.426994,30.804827],[130.426257,30.804919],[130.425969,30.80491],[130.425444,30.805085],[130.424494,30.805435],[130.424207,30.805685],[130.423719,30.805727],[130.423357,30.805852],[130.423232,30.80596],[130.423132,30.805919],[130.422945,30.805919],[130.422745,30.806144],[130.42247,30.806227],[130.422295,30.806327],[130.422132,30.806294],[130.421932,30.806344],[130.421957,30.80626],[130.421782,30.806002],[130.421707,30.806185],[130.42162,30.806185],[130.421482,30.806285],[130.421245,30.806294],[130.421182,30.806152],[130.421082,30.806085],[130.42097,30.806069],[130.420832,30.806077],[130.420095,30.806285],[130.419882,30.806477],[130.41957,30.806502],[130.41952,30.806593],[130.419532,30.806785],[130.41962,30.806885],[130.419757,30.806952],[130.419707,30.807168],[130.419357,30.80736],[130.418957,30.807493],[130.418845,30.807485],[130.418545,30.807385],[130.418282,30.807352],[130.417995,30.807377],[130.41792,30.807502],[130.41782,30.80756],[130.41767,30.807585],[130.417508,30.807502],[130.41747,30.80776],[130.417632,30.808168],[130.417595,30.808227],[130.417357,30.808318],[130.41727,30.808435],[130.417232,30.809026],[130.417083,30.809043],[130.41707,30.809026],[130.416808,30.808776],[130.416645,30.808735],[130.416508,30.80876],[130.416408,30.808677],[130.415833,30.808635],[130.41527,30.808785],[130.414895,30.809001],[130.414658,30.808951],[130.414458,30.808968],[130.414445,30.809118],[130.414158,30.809135],[130.41377,30.809351],[130.413758,30.809426],[130.413808,30.809518],[130.413995,30.809618],[130.414033,30.80981],[130.413883,30.809951],[130.413383,30.809943],[130.413233,30.810001],[130.413158,30.810001],[130.412983,30.80971],[130.412733,30.809543],[130.412358,30.80941],[130.412245,30.809468],[130.412258,30.809535],[130.41242,30.809685],[130.412445,30.809918],[130.412408,30.809993],[130.412095,30.810201],[130.411845,30.81026],[130.411658,30.810268],[130.411158,30.810218],[130.410746,30.810076],[130.410646,30.80991],[130.409908,30.809543],[130.409796,30.80956],[130.409671,30.80971],[130.409496,30.809701],[130.409046,30.809593],[130.408733,30.809285],[130.408421,30.808793],[130.408296,30.808668],[130.408171,30.808593],[130.407533,30.808385],[130.407283,30.808251],[130.406658,30.80801],[130.406408,30.807826],[130.406058,30.807751],[130.405896,30.807851],[130.405571,30.807968],[130.405259,30.807926],[130.404521,30.807726],[130.404246,30.80771],[130.403759,30.807518],[130.403471,30.807551],[130.402896,30.807501],[130.401696,30.807293],[130.401546,30.80731],[130.401371,30.807068],[130.401159,30.80686],[130.401096,30.806901],[130.400934,30.807351],[130.400846,30.807401],[130.400334,30.807276],[130.400134,30.807485],[130.400022,30.807518],[130.399934,30.807585],[130.399822,30.807601],[130.399672,30.80751],[130.399747,30.807718],[130.399747,30.807826],[130.399609,30.808118],[130.399259,30.807743],[130.398922,30.807593],[130.398897,30.807493],[130.398784,30.807326],[130.398634,30.807535],[130.398397,30.807551],[130.398284,30.807435],[130.398297,30.807301],[130.398172,30.807135],[130.398022,30.807076],[130.397909,30.807093],[130.397809,30.807451],[130.397734,30.807518],[130.397559,30.80751],[130.397409,30.80726],[130.397222,30.80751],[130.396859,30.80751],[130.396634,30.807551],[130.396609,30.807826],[130.396372,30.807835],[130.396097,30.807926],[130.396134,30.808151],[130.396109,30.808326],[130.396009,30.808393],[130.396022,30.80851],[130.396097,30.808585],[130.395997,30.80871],[130.396047,30.808809],[130.396134,30.808809],[130.396184,30.808901],[130.396297,30.809034],[130.396409,30.809076],[130.396459,30.809301],[130.396609,30.809318],[130.396634,30.809368],[130.396547,30.809468],[130.396522,30.809751],[130.396559,30.809851],[130.396647,30.809918],[130.396734,30.809918],[130.396834,30.810359],[130.396934,30.810434],[130.397134,30.810434],[130.397397,30.810509],[130.397484,30.810609],[130.397534,30.810868],[130.397772,30.810893],[130.397859,30.810959],[130.398184,30.810959],[130.398284,30.810901],[130.398334,30.810809],[130.398547,30.810876],[130.398672,30.810884],[130.398834,30.810793],[130.398959,30.810634],[130.399009,30.810684],[130.399222,30.810751],[130.399372,30.810684],[130.399409,30.810534],[130.399584,30.810334],[130.399846,30.809893],[130.399971,30.809893],[130.400121,30.809718],[130.400209,30.809734],[130.400471,30.810034],[130.400696,30.810043],[130.400809,30.810101],[130.401046,30.810101],[130.401321,30.809934],[130.401846,30.809968],[130.402096,30.809909],[130.402146,30.809868],[130.402346,30.809851],[130.402521,30.809809],[130.402846,30.809793],[130.402846,30.809768],[130.404171,30.809801],[130.404496,30.809851],[130.404734,30.809851],[130.404909,30.809685],[130.405021,30.809676],[130.405171,30.809818],[130.405421,30.809968],[130.405608,30.810126],[130.406083,30.810618],[130.406533,30.810593],[130.406796,30.810651],[130.407033,30.810834],[130.407058,30.810918],[130.407346,30.811226],[130.407383,30.811568],[130.407433,30.811709],[130.407571,30.811918],[130.407633,30.812093],[130.407721,30.812218],[130.407821,30.812226],[130.407596,30.812259],[130.407496,30.812334],[130.407458,30.812534],[130.407608,30.812668],[130.407433,30.813201],[130.407321,30.813401],[130.407221,30.813301],[130.406921,30.813043],[130.406808,30.813126],[130.406858,30.813392],[130.406783,30.813517],[130.406746,30.813717],[130.406646,30.813767],[130.406633,30.813801],[130.406733,30.813976],[130.406721,30.814226],[130.406746,30.814417],[130.406696,30.814517],[130.406821,30.814751],[130.406771,30.814809],[130.406758,30.814917],[130.406896,30.815209],[130.406946,30.815367],[130.407146,30.815526],[130.407196,30.815717],[130.407333,30.815842],[130.407258,30.816034],[130.407033,30.816201],[130.407058,30.816359],[130.407133,30.816392],[130.407283,30.816392],[130.407396,30.816451],[130.407546,30.816634],[130.407658,30.8167],[130.407883,30.816734],[130.407908,30.8169],[130.408096,30.816867],[130.408133,30.816834],[130.408221,30.816984],[130.408358,30.81705],[130.408396,30.817117],[130.408321,30.817242],[130.408371,30.817325],[130.408521,30.817359],[130.408721,30.817459],[130.408796,30.817442],[130.408808,30.817325],[130.408758,30.817167],[130.408808,30.817025],[130.408946,30.817142],[130.40907,30.817367],[130.40932,30.817517],[130.40952,30.817667],[130.409633,30.817925],[130.40987,30.8181],[130.409895,30.818334],[130.409745,30.818367],[130.409708,30.8185],[130.409808,30.818567],[130.409958,30.8186],[130.410108,30.818492],[130.410283,30.818534],[130.41042,30.818384],[130.410495,30.81845],[130.410633,30.818459],[130.411195,30.818392],[130.411695,30.818334],[130.411845,30.818342],[130.412183,30.818309],[130.412195,30.818284],[130.41247,30.81825],[130.412608,30.818059],[130.412683,30.818067],[130.412708,30.818167],[130.41292,30.818125],[130.413308,30.818034],[130.41337,30.81805],[130.413545,30.818009],[130.413683,30.817792],[130.414445,30.8178],[130.41482,30.81775],[130.414907,30.817676],[130.414907,30.817551],[130.414795,30.817434],[130.414945,30.817351],[130.415107,30.817292],[130.41512,30.817259],[130.414995,30.817192],[130.41502,30.817109],[130.41492,30.817017],[130.414808,30.817026],[130.41487,30.816676],[130.41517,30.816492],[130.415033,30.816242],[130.41517,30.816134],[130.41522,30.815884],[130.415357,30.815884],[130.415532,30.815867],[130.415595,30.815817],[130.41582,30.815734],[130.416007,30.815709],[130.416395,30.815784],[130.416582,30.815784],[130.416607,30.815809],[130.41732,30.815859],[130.417395,30.815759],[130.417295,30.815417],[130.417407,30.815417],[130.417545,30.815467],[130.417782,30.815409],[130.417932,30.815426],[130.418382,30.815226],[130.41857,30.814918],[130.418632,30.814884],[130.419107,30.814793],[130.419257,30.814734],[130.41962,30.814743],[130.419882,30.814676],[130.420032,30.814768],[130.42017,30.814809],[130.420482,30.814718],[130.42082,30.814818],[130.421257,30.815093],[130.421807,30.815584],[130.422432,30.816301],[130.422469,30.816526],[130.422619,30.816642],[130.423432,30.817142],[130.423457,30.817301],[130.423594,30.817442],[130.423807,30.817584],[130.424332,30.817834],[130.424719,30.817792],[130.424982,30.817984],[130.425257,30.818851],[130.425631,30.819176],[130.425731,30.819525],[130.426031,30.81965],[130.426481,30.8197],[130.426769,30.819759],[130.426906,30.819842],[130.427131,30.819717],[130.427231,30.819859],[130.427381,30.819892],[130.427581,30.81985],[130.427744,30.819701],[130.427781,30.819542],[130.427756,30.819342],[130.427506,30.819117],[130.427531,30.818984],[130.427444,30.818859],[130.427056,30.818659],[130.426881,30.818459],[130.426844,30.818342],[130.426869,30.818209],[130.426781,30.817826],[130.426869,30.817717],[130.427019,30.817634],[130.427119,30.817626],[130.427356,30.817467],[130.427856,30.817342],[130.427844,30.817192],[130.427744,30.817009],[130.427819,30.816817],[130.427781,30.816801],[130.427644,30.816584],[130.427494,30.816468],[130.427669,30.816234],[130.427831,30.816143],[130.428606,30.815876],[130.429131,30.815726],[130.429194,30.815743],[130.429269,30.815734],[130.429419,30.815776],[130.430056,30.815726],[130.430381,30.815768],[130.430706,30.815626],[130.430806,30.815634],[130.431081,30.815543],[130.431256,30.815376],[130.431394,30.815193],[130.431431,30.815059],[130.431544,30.815034],[130.432081,30.814659],[130.432719,30.814434],[130.432868,30.814468],[130.432906,30.814501],[130.433131,30.814351],[130.433206,30.814251],[130.433356,30.81421],[130.433468,30.814135],[130.433631,30.81411],[130.433906,30.813585],[130.434043,30.813526],[130.434156,30.813543],[130.434318,30.813501],[130.434406,30.81351],[130.434568,30.813476],[130.434868,30.813076],[130.435018,30.812993],[130.435168,30.812943],[130.435468,30.812743],[130.435693,30.81266],[130.435906,30.812468],[130.435943,30.812476],[130.436056,30.81241],[130.436181,30.812401],[130.436381,30.81231],[130.436506,30.812168],[130.436556,30.812185],[130.436818,30.811777],[130.437206,30.81136],[130.437468,30.811285],[130.437668,30.81121],[130.438318,30.810968],[130.438943,30.810852],[130.439106,30.810952],[130.439393,30.811027],[130.43958,30.811018],[130.439693,30.81096],[130.439755,30.811002],[130.440118,30.810902],[130.440343,30.81081],[130.440343,30.810768],[130.440605,30.81081],[130.440843,30.810793],[130.44123,30.810602],[130.44138,30.810577],[130.441518,30.810585],[130.441755,30.810768],[130.442018,30.810902],[130.442293,30.810935],[130.442443,30.810868],[130.442643,30.81086],[130.443105,30.810735],[130.443755,30.810743],[130.443868,30.810893],[130.444318,30.810868],[130.444443,30.810918],[130.444568,30.810918],[130.44458,30.810793],[130.444705,30.810693],[130.444843,30.810652],[130.445005,30.810635],[130.445192,30.810444],[130.445442,30.810469],[130.445492,30.810385],[130.44553,30.810185],[130.445592,30.810085],[130.445612,30.810031],[130.445642,30.809977],[130.445967,30.80991],[130.445955,30.809835],[130.445792,30.809585],[130.44577,30.809545],[130.445767,30.809394],[130.445667,30.809402],[130.445655,30.809352],[130.445692,30.808744],[130.445742,30.80811],[130.44568,30.807852],[130.44568,30.807519],[130.44548,30.807169],[130.445243,30.806977],[130.445155,30.806869],[130.444943,30.806394],[130.444668,30.804561],[130.44448,30.804103],[130.44448,30.804011],[130.444305,30.803494],[130.44423,30.802894]]]},"properties":{"id":"G71004","kuni":"薩摩","kuni_url":"/kg/resource/K71.html","id_url":"G71004.html","kuni_id":"K71","pref":"鹿児島県","name":"川邊","yomi":"かわなべ"},"type":"Feature"},{"geometry":{"type":"Polygon","coordinates":[[[130.312226,30.803044],[130.312417,30.803084],[130.312742,30.803042],[130.312917,30.802867],[130.313167,30.8028],[130.313242,30.802759],[130.313392,30.802734],[130.313617,30.8026],[130.313717,30.8024],[130.313842,30.802417],[130.313917,30.8024],[130.314004,30.802284],[130.314029,30.80215],[130.314679,30.801817],[130.315367,30.801367],[130.316117,30.800742],[130.316754,30.800276],[130.317254,30.799851],[130.318891,30.798193],[130.319529,30.797409],[130.320266,30.796376],[130.320391,30.79611],[130.320679,30.795726],[130.320879,30.795318],[130.321316,30.794176],[130.321529,30.79311],[130.321629,30.79296],[130.321504,30.792818],[130.321579,30.792735],[130.321454,30.792593],[130.321554,30.792577],[130.321804,30.792302],[130.321454,30.792052],[130.321766,30.79181],[130.321766,30.791693],[130.321541,30.791668],[130.321341,30.791352],[130.321191,30.791085],[130.321266,30.790768],[130.321241,30.790544],[130.321054,30.789885],[130.320954,30.789277],[130.321004,30.789094],[130.320891,30.78871],[130.320504,30.787535],[130.320529,30.787244],[130.320454,30.786927],[130.319967,30.785886],[130.319317,30.784819],[130.319167,30.784636],[130.319167,30.784502],[130.319029,30.784386],[130.318904,30.784369],[130.318854,30.784319],[130.318754,30.784069],[130.318654,30.783961],[130.318479,30.783977],[130.318379,30.783936],[130.318204,30.783728],[130.318179,30.783503],[130.318004,30.783478],[130.317829,30.783344],[130.317754,30.783253],[130.317454,30.783028],[130.317204,30.783028],[130.317154,30.782978],[130.317154,30.782844],[130.317004,30.782703],[130.316904,30.782703],[130.316804,30.782794],[130.316467,30.782428],[130.316304,30.782411],[130.316167,30.782336],[130.316117,30.782336],[130.315967,30.782203],[130.315755,30.782311],[130.315617,30.782178],[130.315617,30.782044],[130.315517,30.781978],[130.315267,30.782019],[130.315167,30.782019],[130.314942,30.781786],[130.314817,30.781544],[130.314367,30.781244],[130.313942,30.781103],[130.313842,30.781011],[130.313642,30.780994],[130.313467,30.780919],[130.313192,30.781078],[130.313142,30.781036],[130.312967,30.781028],[130.312742,30.780986],[130.312517,30.781003],[130.312192,30.780911],[130.311767,30.780886],[130.311717,30.780819],[130.311542,30.780794],[130.311167,30.780661],[130.310893,30.780611],[130.310643,30.780653],[130.310218,30.780786],[130.309943,30.780828],[130.309893,30.780786],[130.309768,30.780803],[130.309405,30.780778],[130.30903,30.780869],[130.30898,30.780911],[130.30873,30.780819],[130.30868,30.780911],[130.308655,30.781178],[130.308605,30.781161],[130.30848,30.781244],[130.308205,30.781294],[130.307955,30.781378],[130.30743,30.781511],[130.306568,30.781794],[130.305668,30.782086],[130.304918,30.782261],[130.304718,30.782261],[130.304518,30.782211],[130.304243,30.782002],[130.303918,30.781686],[130.303768,30.781394],[130.303768,30.781303],[130.303618,30.781344],[130.303468,30.781461],[130.303368,30.781686],[130.303168,30.781727],[130.303093,30.781611],[130.303068,30.781527],[130.302868,30.781502],[130.302768,30.781544],[130.302693,30.781794],[130.302556,30.781927],[130.302306,30.781861],[130.302131,30.781769],[130.301718,30.781402],[130.300993,30.780969],[130.300893,30.780853],[130.300768,30.780586],[130.300668,30.780586],[130.300268,30.780561],[130.299868,30.781052],[130.299693,30.781119],[130.299206,30.781069],[130.298931,30.780977],[130.298881,30.781044],[130.298356,30.781311],[130.298306,30.781111],[130.298231,30.781061],[130.297531,30.781302],[130.297481,30.781261],[130.297381,30.781261],[130.297056,30.781186],[130.296931,30.781119],[130.297081,30.781052],[130.297156,30.780877],[130.296956,30.780827],[130.296981,30.780669],[130.296931,30.780536],[130.296706,30.780553],[130.296631,30.780711],[130.296381,30.780528],[130.296056,30.780344],[130.295806,30.780278],[130.295256,30.780253],[130.295231,30.780269],[130.294931,30.780253],[130.294806,30.780494],[130.294556,30.780561],[130.294406,30.780561],[130.294181,30.780577],[130.294131,30.780627],[130.294006,30.780627],[130.293906,30.780577],[130.293382,30.780394],[130.293232,30.780144],[130.293107,30.780053],[130.292907,30.780011],[130.292782,30.780028],[130.292682,30.780119],[130.292632,30.780319],[130.292557,30.780544],[130.292432,30.780386],[130.292107,30.780544],[130.292007,30.780519],[130.291857,30.780336],[130.291757,30.780094],[130.291557,30.780161],[130.291357,30.780044],[130.291157,30.779819],[130.291207,30.779594],[130.291132,30.779503],[130.291032,30.779544],[130.290707,30.779878],[130.290632,30.779786],[130.290307,30.779653],[130.290207,30.779678],[130.290157,30.779719],[130.290032,30.779653],[130.290057,30.779536],[130.290007,30.779469],[130.289807,30.779261],[130.289707,30.779244],[130.289582,30.779328],[130.289557,30.779536],[130.289682,30.779536],[130.289707,30.779603],[130.289632,30.779669],[130.289132,30.779528],[130.288807,30.779328],[130.288682,30.779186],[130.288157,30.778778],[130.288057,30.779053],[130.287882,30.779094],[130.287557,30.779094],[130.287407,30.779136],[130.287357,30.779069],[130.286982,30.778994],[130.286807,30.778903],[130.286607,30.778861],[130.286382,30.778903],[130.286232,30.778994],[130.286107,30.778903],[130.286082,30.779061],[130.286057,30.778986],[130.285707,30.778961],[130.285532,30.778986],[130.285345,30.779144],[130.285195,30.779119],[130.28512,30.779144],[130.284945,30.779136],[130.28457,30.779252],[130.28442,30.779386],[130.284195,30.779386],[130.28407,30.779269],[130.28407,30.778978],[130.28397,30.778978],[130.28387,30.779019],[130.28382,30.779202],[130.283495,30.778994],[130.283395,30.779036],[130.28352,30.779261],[130.28307,30.779152],[130.28282,30.779144],[130.28262,30.779036],[130.28252,30.779102],[130.28242,30.779186],[130.282295,30.778894],[130.28212,30.778869],[130.28202,30.778894],[130.281945,30.778827],[130.281945,30.778644],[130.28187,30.778528],[130.281745,30.778444],[130.281595,30.778369],[130.28142,30.778436],[130.281145,30.778236],[130.28097,30.778411],[130.28092,30.778636],[130.280795,30.778677],[130.280795,30.778861],[130.28057,30.778952],[130.280445,30.779086],[130.28047,30.779194],[130.280345,30.779244],[130.280308,30.779352],[130.280208,30.779469],[130.280133,30.779761],[130.280033,30.780211],[130.279583,30.780344],[130.279633,30.780369],[130.27962,30.780727],[130.27942,30.781019],[130.279245,30.781111],[130.278995,30.781086],[130.278095,30.781102],[130.27767,30.781002],[130.276795,30.780702],[130.276446,30.780436],[130.276171,30.780094],[130.276071,30.779844],[130.276083,30.779527],[130.276233,30.779194],[130.276458,30.779144],[130.276558,30.779102],[130.276708,30.778877],[130.276758,30.778652],[130.277121,30.777844],[130.277283,30.777103],[130.277408,30.776828],[130.277408,30.776019],[130.277521,30.775769],[130.27827,30.775253],[130.27852,30.775011],[130.279008,30.774311],[130.279345,30.77362],[130.279345,30.773395],[130.27932,30.773211],[130.279145,30.772986],[130.278995,30.772895],[130.27887,30.772711],[130.27872,30.772645],[130.278595,30.772661],[130.278296,30.772595],[130.278271,30.772553],[130.278221,30.77257],[130.277771,30.772478],[130.277421,30.772545],[130.277396,30.772495],[130.276858,30.773236],[130.276508,30.77342],[130.276433,30.773503],[130.276408,30.773886],[130.276433,30.774161],[130.276558,30.774345],[130.276821,30.77457],[130.276871,30.77457],[130.276771,30.77477],[130.276221,30.774903],[130.276021,30.775061],[130.276046,30.775153],[130.276058,30.775711],[130.275983,30.775936],[130.275833,30.776078],[130.275733,30.776253],[130.275833,30.776369],[130.276008,30.776461],[130.276083,30.776528],[130.276083,30.776753],[130.276008,30.776861],[130.275871,30.776936],[130.275671,30.777203],[130.275596,30.777136],[130.275671,30.777044],[130.275496,30.776953],[130.275446,30.776861],[130.275271,30.776903],[130.275196,30.777061],[130.275246,30.777128],[130.275396,30.777178],[130.275446,30.777153],[130.275471,30.777378],[130.275271,30.777603],[130.275221,30.777603],[130.275021,30.777827],[130.275096,30.777919],[130.275321,30.778036],[130.275521,30.778061],[130.275633,30.778194],[130.275608,30.778394],[130.275258,30.778594],[130.274608,30.778844],[130.274671,30.779294],[130.274571,30.779627],[130.274246,30.780127],[130.274021,30.780194],[130.273846,30.780186],[130.273346,30.779986],[130.273221,30.779911],[130.273221,30.779802],[130.273071,30.779777],[130.273021,30.779711],[130.272571,30.779527],[130.272246,30.779227],[130.271946,30.779094],[130.271746,30.778936],[130.271721,30.778886],[130.271546,30.778844],[130.271346,30.778861],[130.271121,30.779044],[130.270846,30.778902],[130.270571,30.778836],[130.269696,30.778986],[130.269346,30.778961],[130.268946,30.779027],[130.268821,30.779119],[130.268584,30.779544],[130.268259,30.779244],[130.268059,30.779177],[130.267209,30.779169],[130.266859,30.779327],[130.266659,30.779644],[130.266334,30.779569],[130.266134,30.779435],[130.265709,30.779135],[130.265584,30.779185],[130.265259,30.779069],[130.265234,30.779069],[130.265209,30.779335],[130.265034,30.77956],[130.264897,30.779677],[130.264597,30.779852],[130.264422,30.779852],[130.264247,30.779785],[130.264097,30.779619],[130.263872,30.779619],[130.263797,30.779669],[130.263697,30.780135],[130.263547,30.780385],[130.262859,30.780902],[130.261972,30.781843],[130.261897,30.78186],[130.261797,30.782002],[130.261672,30.782335],[130.261522,30.782535],[130.261484,30.782918],[130.261534,30.78306],[130.262284,30.783602],[130.262659,30.783718],[130.262884,30.783718],[130.263059,30.783743],[130.263159,30.78386],[130.263159,30.78406],[130.263334,30.784218],[130.263684,30.784293],[130.263984,30.784427],[130.264509,30.784635],[130.265021,30.785268],[130.265221,30.785385],[130.265346,30.785543],[130.265246,30.785835],[130.265246,30.78611],[130.265371,30.786335],[130.265559,30.786518],[130.265859,30.786626],[130.265959,30.786718],[130.265659,30.786943],[130.265609,30.787143],[130.265634,30.787193],[130.265734,30.787193],[130.265959,30.787126],[130.266134,30.787218],[130.266309,30.787218],[130.266459,30.787351],[130.266609,30.787376],[130.266759,30.787535],[130.266884,30.787626],[130.267009,30.787768],[130.267009,30.787835],[130.266909,30.787901],[130.266659,30.787851],[130.266459,30.787876],[130.265096,30.788493],[130.264946,30.788701],[130.264921,30.788809],[130.265134,30.789084],[130.265259,30.789376],[130.265484,30.789651],[130.265884,30.789968],[130.265734,30.790101],[130.265659,30.790076],[130.265459,30.790126],[130.265446,30.790459],[130.265521,30.790734],[130.265721,30.790959],[130.265846,30.791251],[130.265646,30.791117],[130.265471,30.791067],[130.265271,30.791134],[130.265021,30.791342],[130.265021,30.791517],[130.265084,30.791609],[130.265459,30.791792],[130.265609,30.791926],[130.265584,30.792109],[130.265509,30.792226],[130.265559,30.792451],[130.265659,30.792517],[130.265909,30.792559],[130.265934,30.792651],[130.266134,30.792792],[130.266209,30.792767],[130.266234,30.792726],[130.266384,30.792817],[130.266634,30.793001],[130.266784,30.793067],[130.266984,30.793067],[130.267109,30.792934],[130.267683,30.793076],[130.268283,30.793142],[130.268658,30.793326],[130.268858,30.793351],[130.269083,30.793309],[130.269283,30.793309],[130.269733,30.793376],[130.269858,30.793309],[130.269908,30.793017],[130.270033,30.792817],[130.270196,30.792659],[130.270771,30.792326],[130.271321,30.791967],[130.271508,30.791793],[130.271583,30.791568],[130.271708,30.791318],[130.271883,30.791209],[130.272008,30.791184],[130.272083,30.791209],[130.272183,30.791301],[130.272558,30.791801],[130.273046,30.792209],[130.273495,30.792367],[130.27372,30.792367],[130.274233,30.792168],[130.274508,30.791993],[130.274758,30.791609],[130.274808,30.791451],[130.274883,30.791501],[130.275108,30.791451],[130.275158,30.791501],[130.275633,30.791684],[130.276033,30.791709],[130.276133,30.791709],[130.276358,30.791934],[130.276483,30.792184],[130.276633,30.792393],[130.276833,30.792459],[130.277233,30.792642],[130.277958,30.792876],[130.278083,30.792942],[130.278208,30.793142],[130.278383,30.793101],[130.278458,30.793009],[130.278558,30.793242],[130.278858,30.793467],[130.278958,30.793467],[130.279108,30.793517],[130.27937,30.793901],[130.279445,30.794309],[130.27962,30.794601],[130.279945,30.795101],[130.280132,30.795576],[130.281307,30.796684],[130.281757,30.796917],[130.28202,30.79735],[130.282245,30.797442],[130.282845,30.7978],[130.283145,30.797825],[130.283869,30.798059],[130.284444,30.798359],[130.285494,30.798992],[130.287132,30.800133],[130.287207,30.800358],[130.287582,30.800608],[130.288007,30.800775],[130.288406,30.801158],[130.288706,30.801225],[130.288831,30.801275],[130.289419,30.801817],[130.290144,30.802367],[130.290419,30.8025],[130.290619,30.80255],[130.290819,30.802575],[130.291044,30.80255],[130.291244,30.802575],[130.291394,30.802667],[130.291469,30.802758],[130.291694,30.803167],[130.292031,30.803708],[130.292431,30.8041],[130.292806,30.804233],[130.293406,30.804258],[130.293856,30.804333],[130.293881,30.804375],[130.294256,30.804542],[130.294481,30.804766],[130.294706,30.804883],[130.295106,30.804858],[130.295531,30.804658],[130.295706,30.804658],[130.295856,30.8048],[130.296006,30.804775],[130.296106,30.804916],[130.296331,30.804983],[130.296556,30.804891],[130.296856,30.805141],[130.296881,30.805283],[130.296981,30.805525],[130.297056,30.8056],[130.297506,30.805825],[130.297756,30.8061],[130.298031,30.805983],[130.29853,30.806125],[130.298655,30.806175],[130.29888,30.806441],[130.29898,30.806466],[130.299055,30.806425],[130.29918,30.806491],[130.29918,30.806516],[130.29963,30.80645],[130.299655,30.806425],[130.300605,30.806908],[130.300655,30.807066],[130.300818,30.807266],[130.301218,30.807408],[130.301418,30.807408],[130.301593,30.807633],[130.301793,30.80755],[130.301843,30.807683],[130.301943,30.807775],[130.302043,30.807775],[130.302168,30.807975],[130.302293,30.80805],[130.302518,30.808275],[130.302593,30.808433],[130.302693,30.808525],[130.302843,30.808483],[130.303218,30.808458],[130.303442,30.808575],[130.303592,30.808508],[130.303617,30.808416],[130.303542,30.808283],[130.303667,30.808166],[130.303767,30.80815],[130.303855,30.807808],[130.30403,30.807833],[130.304255,30.807766],[130.304455,30.807658],[130.30458,30.807541],[130.30453,30.807341],[130.304305,30.807291],[130.304255,30.807225],[130.304105,30.80725],[130.304005,30.807175],[130.30398,30.807041],[130.30408,30.806725],[130.304067,30.806525],[130.304092,30.806566],[130.304242,30.806458],[130.304217,30.806325],[130.304467,30.806058],[130.304542,30.8059],[130.304642,30.8059],[130.304717,30.805833],[130.304842,30.805583],[130.304955,30.805517],[130.305455,30.804975],[130.305605,30.804933],[130.305705,30.8048],[130.30618,30.8046],[130.306392,30.804467],[130.306742,30.804292],[130.306742,30.804242],[130.306817,30.804242],[130.307217,30.804],[130.307467,30.803908],[130.307717,30.803734],[130.307842,30.803734],[130.308017,30.803617],[130.308017,30.8036],[130.30808,30.8036],[130.30818,30.803509],[130.308405,30.803484],[130.30873,30.803359],[130.308905,30.803242],[130.30973,30.803159],[130.310255,30.803142],[130.310429,30.803167],[130.311304,30.80315],[130.312226,30.803044]],[[130.312226,30.803044],[130.312217,30.803042],[130.312242,30.803042],[130.312226,30.803044]]]},"properties":{"id":"G71004","kuni":"薩摩","kuni_url":"/kg/resource/K71.html","id_url":"G71004.html","kuni_id":"K71","pref":"鹿児島県","name":"川邊","yomi":"かわなべ"},"type":"Feature"},{"geometry":{"type":"Polygon","coordinates":[[[130.065251,30.04083],[130.065126,30.040855],[130.065051,30.040913],[130.064938,30.041013],[130.064938,30.041155],[130.065076,30.041188],[130.065413,30.041213],[130.065526,30.041113],[130.065538,30.040988],[130.065413,30.040871],[130.065251,30.04083]]]},"properties":{"id":"G71004","kuni":"薩摩","kuni_url":"/kg/resource/K71.html","id_url":"G71004.html","kuni_id":"K71","pref":"鹿児島県","name":"川邊","yomi":"かわなべ"},"type":"Feature"},{"geometry":{"type":"Polygon","coordinates":[[[130.055264,30.039363],[130.055189,30.039396],[130.054902,30.039713],[130.054639,30.039738],[130.054652,30.039838],[130.054777,30.040021],[130.055014,30.040029],[130.055489,30.039963],[130.055502,30.039971],[130.055614,30.039955],[130.055752,30.039971],[130.055889,30.039921],[130.055902,30.03978],[130.055664,30.03958],[130.055264,30.039363]]]},"properties":{"id":"G71004","kuni":"薩摩","kuni_url":"/kg/resource/K71.html","id_url":"G71004.html","kuni_id":"K71","pref":"鹿児島県","name":"川邊","yomi":"かわなべ"},"type":"Feature"},{"type":"Feature","properties":{"id":"G71004","kuni":"薩摩","kuni_url":"/kg/resource/K71.html","id_url":"G71004.html","kuni_id":"K71","pref":"鹿児島県","name":"川邊","yomi":"かわなべ"},"geometry":{"coordinates":[[[130.052552,30.039321],[130.052464,30.039346],[130.052427,30.039455],[130.052452,30.039646],[130.052589,30.039829],[130.052839,30.039996],[130.053127,30.039938],[130.053189,30.039821],[130.052552,30.039321]]],"type":"Polygon"}},{"type":"Feature","geometry":{"type":"Polygon","coordinates":[[[130.058102,30.037088],[130.057952,30.037113],[130.057764,30.03718],[130.057689,30.037305],[130.057914,30.037397],[130.057914,30.03743],[130.058089,30.037405],[130.058076,30.037405],[130.058201,30.037338],[130.058289,30.037188],[130.058226,30.037113],[130.058102,30.037088]]]},"properties":{"id":"G71004","kuni":"薩摩","kuni_url":"/kg/resource/K71.html","id_url":"G71004.html","kuni_id":"K71","pref":"鹿児島県","name":"川邊","yomi":"かわなべ"}},{"geometry":{"coordinates":[[[129.918218,30.00645],[129.917993,30.006542],[129.917918,30.006608],[129.91768,30.0067],[129.91763,30.006833],[129.917705,30.007283],[129.91773,30.007483],[129.917805,30.007508],[129.918455,30.007292],[129.91853,30.0072],[129.918555,30.007017],[129.918655,30.006842],[129.918643,30.006708],[129.918593,30.006592],[129.918368,30.006458],[129.918218,30.00645]]],"type":"Polygon"},"properties":{"id":"G71004","kuni":"薩摩","kuni_url":"/kg/resource/K71.html","id_url":"G71004.html","kuni_id":"K71","pref":"鹿児島県","name":"川邊","yomi":"かわなべ"},"type":"Feature"},{"type":"Feature","properties":{"id":"G71004","kuni":"薩摩","kuni_url":"/kg/resource/K71.html","id_url":"G71004.html","kuni_id":"K71","pref":"鹿児島県","name":"川邊","yomi":"かわなべ"},"geometry":{"type":"Polygon","coordinates":[[[129.93453,29.948982],[129.934318,29.94899],[129.934068,29.949165],[129.933068,29.949323],[129.931868,29.949398],[129.931468,29.949456],[129.931131,29.949598],[129.928656,29.950365],[129.928431,29.950498],[129.928043,29.950798],[129.927818,29.950906],[129.927206,29.951381],[129.926693,29.951681],[129.925943,29.952648],[129.925318,29.953289],[129.925006,29.953706],[129.924306,29.954381],[129.923069,29.955039],[129.921644,29.955756],[129.920956,29.955939],[129.920431,29.956022],[129.920019,29.955956],[129.919456,29.955797],[129.918556,29.955447],[129.918469,29.955439],[129.918357,29.955589],[129.918182,29.955597],[129.917869,29.955472],[129.917732,29.955481],[129.917569,29.955622],[129.917407,29.955964],[129.917244,29.956014],[129.917044,29.956014],[129.916444,29.95643],[129.915994,29.956572],[129.915507,29.956789],[129.914419,29.957372],[129.914232,29.957422],[129.914069,29.957497],[129.913857,29.957555],[129.913557,29.957822],[129.913182,29.958114],[129.912507,29.958455],[129.91192,29.958905],[129.911845,29.959297],[129.911595,29.960105],[129.911557,29.960438],[129.911457,29.960488],[129.911207,29.960172],[129.91102,29.960197],[129.91082,29.960113],[129.910632,29.960113],[129.91047,29.959963],[129.910307,29.959938],[129.91027,29.960038],[129.910332,29.960222],[129.910057,29.960263],[129.909645,29.960547],[129.909445,29.96053],[129.909307,29.960447],[129.909132,29.960422],[129.908932,29.960522],[129.908957,29.960622],[129.909507,29.960938],[129.909732,29.961163],[129.90977,29.961297],[129.90922,29.96143],[129.908732,29.961821],[129.908295,29.961721],[129.90792,29.96158],[129.907682,29.961521],[129.907395,29.961555],[129.90732,29.961588],[129.907107,29.961805],[129.907107,29.96198],[129.907182,29.962196],[129.907457,29.962555],[129.907657,29.962896],[129.907595,29.963755],[129.90752,29.963888],[129.907382,29.963855],[129.906995,29.963621],[129.906757,29.96353],[129.906532,29.963621],[129.906407,29.963755],[129.90617,29.963863],[129.906032,29.964046],[129.90582,29.964188],[129.90507,29.964329],[129.904758,29.964613],[129.904683,29.964771],[129.90472,29.964896],[129.904957,29.965221],[129.905782,29.966079],[129.905995,29.966188],[129.906445,29.966221],[129.907257,29.966163],[129.907207,29.967137],[129.90682,29.967721],[129.906007,29.968646],[129.905845,29.968879],[129.905782,29.969271],[129.905882,29.969879],[129.906082,29.970287],[129.906407,29.970729],[129.90647,29.970987],[129.906445,29.971262],[129.906345,29.97147],[129.90647,29.972654],[129.906345,29.972887],[129.90612,29.973037],[129.905745,29.973137],[129.905232,29.973137],[129.904895,29.973195],[129.90462,29.97332],[129.904382,29.973387],[129.90432,29.973353],[129.90422,29.97317],[129.90422,29.973095],[129.904132,29.973037],[129.903895,29.973178],[129.903682,29.973528],[129.902832,29.973803],[129.90257,29.973787],[129.902345,29.973678],[129.90192,29.973812],[129.901645,29.974253],[129.901658,29.974287],[129.901508,29.97422],[129.90147,29.974095],[129.90127,29.974037],[129.90107,29.97407],[129.90092,29.974137],[129.90062,29.974395],[129.900558,29.974562],[129.900758,29.975003],[129.900983,29.975362],[129.90092,29.975628],[129.900595,29.975853],[129.90037,29.975911],[129.900008,29.975845],[129.899783,29.975836],[129.89957,29.97597],[129.899408,29.976261],[129.899408,29.976428],[129.899508,29.97672],[129.89977,29.976945],[129.900083,29.977045],[129.900445,29.976811],[129.90057,29.976803],[129.90077,29.97737],[129.90087,29.977478],[129.90127,29.977645],[129.901982,29.97787],[129.902257,29.97797],[129.902432,29.97827],[129.902432,29.978586],[129.902507,29.978744],[129.90277,29.978911],[129.90302,29.978911],[129.903332,29.979044],[129.903582,29.979311],[129.90412,29.980119],[129.904907,29.980986],[129.905257,29.981436],[129.90537,29.981844],[129.90527,29.982369],[129.90512,29.982527],[129.904995,29.982536],[129.904932,29.982569],[129.90472,29.982977],[129.90437,29.983361],[129.904195,29.983994],[129.904045,29.984186],[129.904107,29.984402],[129.90422,29.984627],[129.904207,29.984852],[129.904032,29.985285],[129.90412,29.985585],[129.904245,29.985669],[129.904595,29.985685],[129.904807,29.985602],[129.904895,29.985477],[129.90517,29.98546],[129.905669,29.985352],[129.906082,29.985435],[129.906732,29.985677],[129.907107,29.985894],[129.907969,29.986544],[129.909044,29.987544],[129.909457,29.987844],[129.910132,29.988452],[129.910431,29.988794],[129.910631,29.988944],[129.911019,29.98941],[129.911981,29.990185],[129.912069,29.990218],[129.912219,29.990343],[129.912194,29.990477],[129.912231,29.990543],[129.912519,29.990777],[129.912619,29.99081],[129.913044,29.990802],[129.914319,29.991252],[129.914544,29.991385],[129.914656,29.991885],[129.914744,29.992027],[129.915006,29.992685],[129.914868,29.992735],[129.914843,29.992993],[129.914706,29.99306],[129.914606,29.993393],[129.914731,29.993626],[129.914681,29.993985],[129.914231,29.99526],[129.914093,29.995426],[129.912919,29.996168],[129.912669,29.996368],[129.912456,29.996593],[129.911894,29.997868],[129.911731,29.998109],[129.911006,29.998834],[129.910744,29.999209],[129.910631,29.999776],[129.910469,30.000101],[129.910131,30.000484],[129.909394,30.001159],[129.909381,30.001259],[129.909181,30.0014],[129.909181,30.001525],[129.909219,30.001575],[129.909194,30.001875],[129.909394,30.001992],[129.909731,30.002134],[129.910194,30.002709],[129.910431,30.003134],[129.910881,30.003625],[129.910981,30.003717],[129.911219,30.004167],[129.911294,30.00435],[129.911244,30.004484],[129.911269,30.004642],[129.911568,30.004917],[129.911743,30.005258],[129.911781,30.005458],[129.911856,30.005617],[129.911981,30.005775],[129.912106,30.005842],[129.912456,30.005917],[129.912831,30.006033],[129.913481,30.006325],[129.913931,30.006492],[129.914056,30.006583],[129.914481,30.006608],[129.914706,30.00665],[129.914781,30.006725],[129.914806,30.006883],[129.914956,30.006992],[129.915156,30.0072],[129.915431,30.007083],[129.915681,30.007158],[129.915906,30.007158],[129.916056,30.007208],[129.916306,30.007383],[129.91668,30.0075],[129.916755,30.007433],[129.91683,30.007258],[129.91708,30.007033],[129.917155,30.006917],[129.91748,30.006608],[129.917268,30.00645],[129.917168,30.006217],[129.917218,30.00595],[129.917343,30.005658],[129.917355,30.005],[129.917156,30.004284],[129.917231,30.004034],[129.917493,30.003625],[129.91788,30.002909],[129.918193,30.001976],[129.918218,30.001792],[129.91838,30.001342],[129.918905,30.000309],[129.919105,30.000059],[129.919343,29.999684],[129.919505,29.999493],[129.919868,29.998943],[129.919955,29.998559],[129.919868,29.998243],[129.919855,29.997843],[129.919905,29.997493],[129.919843,29.996851],[129.91978,29.996635],[129.91978,29.996493],[129.920293,29.994918],[129.920605,29.994268],[129.920855,29.99396],[129.921543,29.993427],[129.921755,29.993185],[129.92183,29.992985],[129.921905,29.992202],[129.92173,29.991185],[129.92178,29.990685],[129.922093,29.989752],[129.922368,29.989044],[129.92273,29.988402],[129.923455,29.987436],[129.924093,29.986761],[129.924855,29.986186],[129.925618,29.985344],[129.926955,29.984103],[129.927318,29.983878],[129.927743,29.983686],[129.927993,29.983494],[129.928218,29.983203],[129.928592,29.982894],[129.928855,29.982478],[129.929155,29.982111],[129.92948,29.98182],[129.929792,29.981495],[129.930355,29.980661],[129.931217,29.97892],[129.932192,29.976462],[129.932655,29.975529],[129.933605,29.973837],[129.934042,29.973154],[129.934892,29.972504],[129.936592,29.971154],[129.936955,29.970996],[129.937792,29.970904],[129.938192,29.970829],[129.938667,29.970679],[129.938979,29.970621],[129.939317,29.970654],[129.939654,29.970638],[129.941217,29.970038],[129.941717,29.969788],[129.942054,29.969263],[129.942329,29.968996],[129.942542,29.968688],[129.943092,29.968413],[129.944091,29.967396],[129.944379,29.967163],[129.944741,29.967255],[129.944916,29.96723],[129.945066,29.966905],[129.945229,29.965963],[129.945241,29.965655],[129.945204,29.965355],[129.945066,29.965188],[129.944754,29.96503],[129.944592,29.964388],[129.944642,29.963489],[129.944867,29.962714],[129.945129,29.962297],[129.945354,29.962105],[129.945641,29.961714],[129.945716,29.961489],[129.945866,29.961297],[129.946504,29.960847],[129.947354,29.959731],[129.947229,29.959439],[129.947054,29.958564],[129.946529,29.957889],[129.946292,29.957464],[129.946067,29.956839],[129.946017,29.956239],[129.946067,29.955898],[129.945992,29.955548],[129.945654,29.955523],[129.945404,29.955356],[129.945154,29.954806],[129.944717,29.953915],[129.944592,29.953573],[129.944517,29.953198],[129.944192,29.95254],[129.943842,29.95214],[129.943517,29.951881],[129.942804,29.951481],[129.942142,29.951265],[129.941155,29.951081],[129.94063,29.95099],[129.939905,29.95079],[129.938305,29.950157],[129.937705,29.94989],[129.93658,29.94959],[129.936093,29.949382],[129.93548,29.949307],[129.93453,29.948982]]]}},{"type":"Feature","geometry":{"type":"Polygon","coordinates":[[[129.908819,30.000934],[129.908619,30.000992],[129.908519,30.000976],[129.908431,30.001042],[129.908444,30.001159],[129.908381,30.001234],[129.908369,30.001517],[129.908256,30.001625],[129.908244,30.001875],[129.908281,30.001917],[129.908431,30.001884],[129.908669,30.002042],[129.908769,30.001992],[129.908988,30.001417],[129.909006,30.001334],[129.909056,30.001159],[129.908956,30.000942],[129.908819,30.000934]]]},"properties":{"id":"G71004","kuni":"薩摩","kuni_url":"/kg/resource/K71.html","id_url":"G71004.html","kuni_id":"K71","pref":"鹿児島県","name":"川邊","yomi":"かわなべ"}},{"geometry":{"type":"Polygon","coordinates":[[[129.945866,29.966063],[129.945666,29.966263],[129.945591,29.96643],[129.945716,29.966647],[129.945704,29.96678],[129.945829,29.96688],[129.945954,29.966913],[129.946066,29.966847],[129.946241,29.966813],[129.946304,29.966697],[129.946241,29.966455],[129.946141,29.96623],[129.945954,29.966097],[129.945866,29.966063]]]},"properties":{"id":"G71004","kuni":"薩摩","kuni_url":"/kg/resource/K71.html","id_url":"G71004.html","kuni_id":"K71","pref":"鹿児島県","name":"川邊","yomi":"かわなべ"},"type":"Feature"},{"type":"Feature","properties":{"id":"G71004","kuni":"薩摩","kuni_url":"/kg/resource/K71.html","id_url":"G71004.html","kuni_id":"K71","pref":"鹿児島県","name":"川邊","yomi":"かわなべ"},"geometry":{"type":"Polygon","coordinates":[[[129.542903,29.892556],[129.542791,29.892615],[129.542616,29.892798],[129.542566,29.89314],[129.542903,29.89354],[129.542728,29.893664],[129.542416,29.893731],[129.542341,29.893639],[129.542253,29.893423],[129.542191,29.893373],[129.542028,29.89339],[129.542003,29.893506],[129.542091,29.893764],[129.542041,29.893831],[129.541978,29.893798],[129.541891,29.893514],[129.541841,29.893481],[129.541441,29.894656],[129.541328,29.895206],[129.541166,29.895323],[129.540803,29.895356],[129.540216,29.895298],[129.540166,29.895189],[129.540191,29.894939],[129.540116,29.894314],[129.540041,29.894139],[129.540003,29.894123],[129.539728,29.894331],[129.539491,29.894431],[129.539316,29.894681],[129.539029,29.894723],[129.538829,29.894789],[129.538704,29.895039],[129.538366,29.895056],[129.538041,29.895023],[129.537729,29.894931],[129.537566,29.894806],[129.537391,29.894739],[129.537166,29.894889],[129.537041,29.895006],[129.536791,29.895081],[129.535641,29.895156],[129.535029,29.895156],[129.534779,29.895148],[129.534641,29.894989],[129.534691,29.894664],[129.534591,29.894464],[129.534441,29.894381],[129.534016,29.894564],[129.533616,29.894748],[129.533516,29.894889],[129.533704,29.895439],[129.533654,29.895631],[129.533479,29.895722],[129.533254,29.895689],[129.533141,29.895706],[129.532904,29.895847],[129.532817,29.895939],[129.532604,29.895772],[129.532279,29.895831],[129.532167,29.895939],[129.532217,29.896222],[129.532354,29.896706],[129.532229,29.896747],[129.532067,29.896714],[129.531642,29.896547],[129.531504,29.896564],[129.531354,29.896697],[129.531242,29.896764],[129.530967,29.897147],[129.530992,29.897556],[129.531392,29.898197],[129.531842,29.898789],[129.531929,29.899022],[129.531904,29.899339],[129.531842,29.899489],[129.531842,29.899722],[129.531979,29.900122],[129.531954,29.900655],[129.531817,29.900739],[129.531479,29.900622],[129.531392,29.90073],[129.531579,29.90153],[129.531729,29.901872],[129.531867,29.902113],[129.531929,29.902305],[129.531804,29.902888],[129.531417,29.903172],[129.531167,29.903472],[129.530979,29.903555],[129.530792,29.903588],[129.530717,29.903663],[129.530717,29.903713],[129.530817,29.903821],[129.531304,29.90408],[129.531179,29.904196],[129.531029,29.904271],[129.531017,29.904546],[129.530904,29.905005],[129.530929,29.90563],[129.530804,29.906021],[129.530804,29.906221],[129.531091,29.906671],[129.531004,29.906979],[129.530741,29.907313],[129.530641,29.908113],[129.530666,29.908254],[129.531254,29.908713],[129.531354,29.908963],[129.531129,29.909671],[129.531004,29.909896],[129.530941,29.910121],[129.530566,29.910662],[129.53048,29.910782],[129.530279,29.910787],[129.530154,29.911146],[129.530304,29.912071],[129.530566,29.912496],[129.530804,29.912696],[129.531491,29.913054],[129.531741,29.913337],[129.531504,29.914012],[129.531191,29.914137],[129.531016,29.914329],[129.531004,29.914512],[129.531229,29.914829],[129.531454,29.914995],[129.531879,29.915054],[129.532241,29.915062],[129.532541,29.915154],[129.532879,29.91512],[129.533091,29.914912],[129.533079,29.914779],[129.533341,29.91447],[129.533591,29.91437],[129.534104,29.914337],[129.534104,29.914429],[129.533866,29.91457],[129.533779,29.914729],[129.533804,29.914779],[129.533941,29.914779],[129.534316,29.914462],[129.534491,29.914395],[129.535116,29.914379],[129.535328,29.914437],[129.535653,29.91472],[129.535966,29.914787],[129.536091,29.914854],[129.536153,29.915104],[129.536303,29.915262],[129.536503,29.91527],[129.536728,29.915462],[129.536728,29.91567],[129.536541,29.916087],[129.536541,29.916279],[129.536603,29.916404],[129.536716,29.916429],[129.537303,29.91627],[129.537528,29.916087],[129.537666,29.915895],[129.537941,29.915087],[129.537866,29.914854],[129.537541,29.914345],[129.537503,29.91422],[129.537578,29.914187],[129.538091,29.914254],[129.538178,29.914229],[129.538278,29.914121],[129.538241,29.913946],[129.538266,29.913829],[129.538553,29.913779],[129.538828,29.913787],[129.539291,29.913887],[129.539416,29.914204],[129.539541,29.914337],[129.539653,29.914304],[129.539741,29.914229],[129.539466,29.913012],[129.539541,29.912829],[129.539603,29.912779],[129.539841,29.912696],[129.540303,29.912629],[129.540378,29.912654],[129.54049,29.913104],[129.540628,29.913246],[129.540878,29.913346],[129.541115,29.913329],[129.54129,29.913237],[129.541403,29.913087],[129.541528,29.912662],[129.54169,29.912537],[129.54204,29.912546],[129.542653,29.912704],[129.542865,29.912704],[129.543278,29.912612],[129.543465,29.912512],[129.543528,29.912396],[129.543503,29.911946],[129.543478,29.911746],[129.543615,29.911246],[129.54369,29.911129],[129.543815,29.911104],[129.54389,29.911204],[129.544053,29.911613],[129.544153,29.911721],[129.544353,29.911788],[129.544778,29.911463],[129.544953,29.911379],[129.545165,29.911463],[129.54539,29.911329],[129.545515,29.910896],[129.545715,29.910638],[129.545903,29.910571],[129.545965,29.910613],[129.545965,29.910788],[129.546065,29.910804],[129.546278,29.910646],[129.54649,29.910546],[129.546852,29.910513],[129.547365,29.910638],[129.54764,29.910546],[129.547802,29.910521],[129.54804,29.910638],[129.548227,29.910654],[129.54849,29.910546],[129.54859,29.910429],[129.54859,29.910221],[129.548527,29.910079],[129.548415,29.909938],[129.54804,29.909704],[129.548015,29.909588],[129.548427,29.909271],[129.548627,29.909055],[129.548965,29.908496],[129.549152,29.908305],[129.549452,29.908155],[129.55019,29.907521],[129.550765,29.906705],[129.55169,29.905313],[129.551815,29.90518],[129.552227,29.905013],[129.552302,29.904897],[129.552752,29.904713],[129.553102,29.90433],[129.553502,29.904397],[129.553565,29.904388],[129.553615,29.904288],[129.553515,29.904139],[129.55319,29.90398],[129.553015,29.903814],[129.552777,29.903789],[129.552415,29.903897],[129.552315,29.903897],[129.552177,29.90383],[129.551952,29.903464],[129.55184,29.902972],[129.551802,29.902364],[129.551827,29.901972],[129.55189,29.90178],[129.552227,29.901414],[129.55229,29.901155],[129.552377,29.899997],[129.55244,29.899772],[129.552602,29.899606],[129.552702,29.899414],[129.553052,29.899031],[129.553352,29.898789],[129.55364,29.898614],[129.554015,29.898497],[129.554327,29.898264],[129.554427,29.898056],[129.554452,29.897848],[129.55439,29.897656],[129.554165,29.897556],[129.55404,29.897373],[129.553877,29.897248],[129.553752,29.897014],[129.553827,29.896531],[129.553715,29.896381],[129.553477,29.896323],[129.553377,29.896164],[129.553402,29.895864],[129.553627,29.895123],[129.55359,29.894931],[129.553165,29.894615],[129.552777,29.894065],[129.552602,29.893915],[129.552352,29.893906],[129.551902,29.894031],[129.551752,29.89399],[129.551652,29.893765],[129.551515,29.893681],[129.551302,29.89369],[129.550853,29.893448],[129.550153,29.893448],[129.549953,29.893406],[129.549753,29.893423],[129.549503,29.893415],[129.549003,29.893231],[129.54864,29.893056],[129.548403,29.89299],[129.54819,29.892965],[129.54794,29.893031],[129.54789,29.893156],[129.547953,29.893531],[129.54809,29.893881],[129.548028,29.893981],[129.54779,29.894106],[129.547653,29.894314],[129.547153,29.894548],[129.546753,29.894656],[129.54594,29.894748],[129.545153,29.894689],[129.544503,29.894539],[129.544316,29.894348],[129.544241,29.893756],[129.544241,29.893498],[129.544203,29.893323],[129.544141,29.89329],[129.543953,29.89329],[129.543566,29.89304],[129.543278,29.892781],[129.542903,29.892556]]]}},{"type":"Feature","geometry":{"coordinates":[[[129.528492,29.911937],[129.528304,29.912354],[129.528317,29.912521],[129.528367,29.912621],[129.528554,29.912721],[129.528717,29.912704],[129.528917,29.912587],[129.529054,29.912254],[129.529079,29.912162],[129.528979,29.911971],[129.528879,29.911937],[129.528642,29.911937],[129.528492,29.911937]]],"type":"Polygon"},"properties":{"id":"G71004","kuni":"薩摩","kuni_url":"/kg/resource/K71.html","id_url":"G71004.html","kuni_id":"K71","pref":"鹿児島県","name":"川邊","yomi":"かわなべ"}},{"properties":{"id":"G71004","kuni":"薩摩","kuni_url":"/kg/resource/K71.html","id_url":"G71004.html","kuni_id":"K71","pref":"鹿児島県","name":"川邊","yomi":"かわなべ"},"geometry":{"coordinates":[[[129.531454,29.902172],[129.531104,29.902472],[129.530979,29.902622],[129.531004,29.902755],[129.531304,29.902855],[129.531542,29.902788],[129.531779,29.90253],[129.531679,29.902288],[129.531567,29.90218],[129.531454,29.902172]]],"type":"Polygon"},"type":"Feature"},{"geometry":{"type":"Polygon","coordinates":[[[129.531504,29.895956],[129.531392,29.895964],[129.531342,29.896006],[129.531442,29.896289],[129.532067,29.896681],[129.532192,29.896672],[129.532229,29.896606],[129.532204,29.896572],[129.531942,29.896247],[129.531754,29.896189],[129.531642,29.896039],[129.531504,29.895956]]]},"properties":{"id":"G71004","kuni":"薩摩","kuni_url":"/kg/resource/K71.html","id_url":"G71004.html","kuni_id":"K71","pref":"鹿児島県","name":"川邊","yomi":"かわなべ"},"type":"Feature"},{"properties":{"id":"G71004","kuni":"薩摩","kuni_url":"/kg/resource/K71.html","id_url":"G71004.html","kuni_id":"K71","pref":"鹿児島県","name":"川邊","yomi":"かわなべ"},"geometry":{"coordinates":[[[129.619784,29.876868],[129.619622,29.876909],[129.619409,29.876901],[129.619234,29.876943],[129.619047,29.877093],[129.618684,29.877251],[129.618647,29.877509],[129.618447,29.877726],[129.618372,29.877868],[129.617834,29.878326],[129.617734,29.878492],[129.617484,29.879201],[129.617372,29.880417],[129.617222,29.881025],[129.617009,29.881242],[129.616784,29.8814],[129.616647,29.881725],[129.616609,29.881942],[129.616622,29.88215],[129.616847,29.882484],[129.616934,29.882884],[129.616859,29.883109],[129.616784,29.883175],[129.616747,29.883325],[129.616797,29.883659],[129.616872,29.883809],[129.616972,29.883875],[129.617584,29.883884],[129.617822,29.883967],[129.618047,29.884142],[129.618159,29.8843],[129.618222,29.884492],[129.618159,29.884708],[129.618209,29.8849],[129.618409,29.885158],[129.618572,29.885292],[129.618822,29.885325],[129.619047,29.885458],[129.61919,29.885552],[129.619334,29.885542],[129.619784,29.885517],[129.620659,29.885325],[129.621346,29.885033],[129.621721,29.88485],[129.622234,29.884692],[129.622409,29.884575],[129.622521,29.88435],[129.622434,29.884109],[129.622109,29.883742],[129.622084,29.883442],[129.622196,29.882959],[129.622221,29.882459],[129.622146,29.882334],[129.621947,29.882284],[129.621734,29.881909],[129.621397,29.881659],[129.621597,29.881176],[129.621634,29.880551],[129.621697,29.880276],[129.622034,29.879951],[129.622097,29.879834],[129.622009,29.879676],[129.621859,29.879559],[129.621797,29.879242],[129.621747,29.878959],[129.621559,29.878676],[129.621522,29.878534],[129.621485,29.878369],[129.621397,29.878284],[129.621272,29.878026],[129.620922,29.877834],[129.620497,29.877734],[129.620322,29.877601],[129.620309,29.877459],[129.620322,29.877323],[129.620109,29.877026],[129.619984,29.876909],[129.619784,29.876868]]],"type":"Polygon"},"type":"Feature"},{"type":"Feature","geometry":{"type":"Polygon","coordinates":[[[129.90326,29.836977],[129.903873,29.835993],[129.904323,29.835494],[129.90551,29.834577],[129.906173,29.834227],[129.906548,29.834069],[129.907073,29.834027],[129.90831,29.832844],[129.908885,29.832419],[129.909073,29.832394],[129.909348,29.832394],[129.909598,29.831927],[129.910072,29.831502],[129.91031,29.831361],[129.91071,29.831211],[129.911085,29.830986],[129.911635,29.830561],[129.91196,29.830586],[129.912797,29.830078],[129.913047,29.829869],[129.913385,29.829444],[129.913535,29.829111],[129.91386,29.828503],[129.914222,29.827603],[129.914322,29.827486],[129.914497,29.82742],[129.914572,29.827353],[129.914485,29.827178],[129.914485,29.826928],[129.91476,29.82702],[129.91486,29.827136],[129.914935,29.827136],[129.915035,29.827228],[129.915135,29.827178],[129.91511,29.82702],[129.91496,29.826886],[129.91496,29.826678],[129.91511,29.826478],[129.915335,29.826395],[129.915385,29.826395],[129.91551,29.82637],[129.915444,29.825945],[129.915497,29.82592],[129.915697,29.825828],[129.915697,29.825786],[129.915797,29.825736],[129.915872,29.825603],[129.915997,29.825678],[129.916122,29.82572],[129.916222,29.825428],[129.916422,29.825428],[129.916572,29.82552],[129.916697,29.825545],[129.916722,29.825495],[129.916672,29.825228],[129.916872,29.825203],[129.916785,29.82462],[129.916885,29.824528],[129.917159,29.824828],[129.917284,29.824895],[129.917434,29.82487],[129.917534,29.824895],[129.917584,29.824853],[129.917384,29.824487],[129.917459,29.824445],[129.917559,29.824487],[129.917734,29.824487],[129.917659,29.824403],[129.917409,29.82422],[129.917359,29.824062],[129.917509,29.824087],[129.917797,29.823928],[129.917972,29.823887],[129.918097,29.82382],[129.918172,29.82382],[129.918297,29.82377],[129.918372,29.823728],[129.918522,29.823687],[129.918547,29.823595],[129.918347,29.823345],[129.918022,29.823295],[129.917822,29.823137],[129.917897,29.823112],[129.917972,29.823028],[129.918072,29.822778],[129.918084,29.822437],[129.917909,29.822212],[129.917734,29.82212],[129.917684,29.821945],[129.917884,29.82192],[129.917959,29.821829],[129.918234,29.821762],[129.918284,29.821787],[129.918334,29.821679],[129.917834,29.821537],[129.917447,29.820837],[129.917447,29.820679],[129.917597,29.820387],[129.91781,29.819912],[129.917785,29.819779],[129.91736,29.819596],[129.917035,29.819521],[129.91681,29.819521],[129.916635,29.819587],[129.916372,29.819837],[129.915822,29.820579],[129.915747,29.820779],[129.91561,29.820845],[129.915035,29.820954],[129.914485,29.820995],[129.913785,29.821012],[129.91301,29.821054],[129.91261,29.821187],[129.912485,29.821095],[129.91246,29.820887],[129.912485,29.820779],[129.912435,29.820645],[129.91221,29.820529],[129.91211,29.820412],[129.911935,29.82037],[129.911785,29.820412],[129.91171,29.82052],[129.911635,29.82052],[129.91151,29.820679],[129.911385,29.820637],[129.91121,29.820704],[129.91106,29.820587],[129.91091,29.82052],[129.91046,29.820429],[129.910335,29.82047],[129.909623,29.82067],[129.909098,29.82087],[129.908673,29.820954],[129.908448,29.820887],[129.908048,29.820612],[129.907948,29.82052],[129.907948,29.820362],[129.907798,29.820387],[129.907773,29.820137],[129.907698,29.820137],[129.907735,29.819954],[129.907635,29.819637],[129.90746,29.819412],[129.906811,29.818754],[129.906611,29.818637],[129.906061,29.818495],[129.905761,29.818404],[129.905611,29.818312],[129.905461,29.818312],[129.905386,29.818445],[129.905461,29.818629],[129.905561,29.818787],[129.905511,29.818945],[129.905311,29.819079],[129.905111,29.818829],[129.905011,29.818562],[129.904736,29.818195],[129.904486,29.818129],[129.904436,29.81817],[129.904411,29.818512],[129.904186,29.818512],[129.903936,29.818595],[129.903786,29.818687],[129.903573,29.818954],[129.903498,29.819204],[129.903436,29.820329],[129.903386,29.820537],[129.903086,29.820778],[129.902661,29.821045],[129.902311,29.821178],[129.901398,29.821153],[129.900798,29.821278],[129.900099,29.821303],[129.899624,29.821362],[129.898636,29.821695],[129.897961,29.822078],[129.897236,29.822203],[129.896761,29.822228],[129.896074,29.822378],[129.895599,29.822378],[129.895174,29.822303],[129.894274,29.822028],[129.894024,29.822003],[129.893849,29.822095],[129.893549,29.822453],[129.893224,29.822495],[129.893299,29.822086],[129.893174,29.822111],[129.892749,29.822486],[129.892174,29.822303],[129.891999,29.822303],[129.891749,29.82237],[129.891324,29.822211],[129.890899,29.822161],[129.890774,29.822028],[129.890624,29.821728],[129.890074,29.821978],[129.889962,29.822111],[129.889862,29.822128],[129.889512,29.822036],[129.889187,29.822061],[129.888637,29.822328],[129.888387,29.822395],[129.888087,29.822303],[129.886362,29.821836],[129.886037,29.821653],[129.885937,29.82147],[129.885862,29.82147],[129.885662,29.821361],[129.885487,29.821153],[129.885162,29.821061],[129.884187,29.820537],[129.8833,29.820012],[129.882925,29.819712],[129.8828,29.819395],[129.882675,29.819262],[129.882525,29.819195],[129.882225,29.819212],[129.88225,29.819103],[129.8822,29.818895],[129.882,29.818853],[129.88185,29.818987],[129.8816,29.818895],[129.880713,29.818095],[129.880163,29.817662],[129.879388,29.817212],[129.879263,29.81682],[129.879088,29.816778],[129.878738,29.81682],[129.878638,29.81677],[129.878463,29.816595],[129.878138,29.816429],[129.877838,29.816387],[129.877813,29.816362],[129.877588,29.816295],[129.877313,29.816312],[129.876863,29.816403],[129.876638,29.816328],[129.875688,29.816237],[129.875213,29.816228],[129.874713,29.816112],[129.874513,29.816137],[129.874463,29.816228],[129.874338,29.816312],[129.874113,29.816312],[129.873688,29.816337],[129.872798,29.816559],[129.872226,29.816728],[129.871864,29.816712],[129.871676,29.81677],[129.871589,29.816862],[129.871426,29.816895],[129.871364,29.816853],[129.871101,29.816853],[129.870976,29.817037],[129.870601,29.817103],[129.870564,29.817137],[129.870201,29.817228],[129.869939,29.81722],[129.869701,29.817003],[129.869389,29.817387],[129.869226,29.817512],[129.868976,29.817537],[129.868614,29.817645],[129.867851,29.817778],[129.867739,29.81772],[129.867564,29.817462],[129.867476,29.817428],[129.867439,29.817487],[129.867339,29.817986],[129.867214,29.818478],[129.867002,29.818703],[129.866252,29.819178],[129.865664,29.819378],[129.865264,29.819495],[129.864264,29.81992],[129.863539,29.820586],[129.863227,29.820686],[129.862677,29.820994],[129.862389,29.820978],[129.861789,29.821211],[129.861377,29.821461],[129.861014,29.821744],[129.860864,29.821811],[129.860265,29.822228],[129.860002,29.822553],[129.859865,29.822619],[129.859527,29.822952],[129.859165,29.823486],[129.859127,29.823486],[129.859015,29.823594],[129.85874,29.824136],[129.858465,29.824477],[129.858402,29.824777],[129.858277,29.825119],[129.857765,29.825885],[129.857577,29.826044],[129.85744,29.82626],[129.857402,29.826835],[129.85709,29.827469],[129.856765,29.827952],[129.85639,29.828352],[129.856327,29.828285],[129.85624,29.828385],[129.856302,29.828843],[129.856252,29.82896],[129.855815,29.829468],[129.855465,29.829977],[129.855277,29.830193],[129.854927,29.830485],[129.854602,29.831018],[129.854415,29.831152],[129.853977,29.831493],[129.853327,29.832168],[129.853165,29.83226],[129.852852,29.833176],[129.85289,29.83331],[129.852815,29.833751],[129.85274,29.833793],[129.852727,29.833901],[129.852777,29.833985],[129.852865,29.834484],[129.853265,29.835251],[129.85334,29.835543],[129.853352,29.835793],[129.853252,29.836334],[129.852552,29.836959],[129.85254,29.836976],[129.85244,29.837134],[129.852027,29.837734],[129.851752,29.838117],[129.851452,29.838567],[129.85129,29.838776],[129.851015,29.838926],[129.850677,29.839184],[129.85039,29.839601],[129.850228,29.839959],[129.85004,29.840342],[129.849678,29.840825],[129.849478,29.841017],[129.849203,29.840684],[129.849153,29.840617],[129.84889,29.840709],[129.84914,29.841325],[129.848578,29.841375],[129.848665,29.841559],[129.848528,29.841592],[129.848328,29.841634],[129.847915,29.841775],[129.847578,29.841892],[129.847303,29.841959],[129.84709,29.841992],[129.847015,29.841984],[129.846903,29.84195],[129.846503,29.841875],[129.846165,29.841759],[129.846015,29.841725],[129.84729,29.838767],[129.847015,29.838576],[129.84684,29.838926],[129.84704,29.839017],[129.845765,29.841734],[129.845665,29.841725],[129.845578,29.8417],[129.845303,29.841684],[129.844878,29.841659],[129.844503,29.841692],[129.844265,29.841759],[129.843978,29.841808],[129.843616,29.84195],[129.843303,29.842117],[129.842866,29.84245],[129.842616,29.842633],[129.842517,29.84268],[129.842378,29.84265],[129.842216,29.842683],[129.842203,29.842767],[129.842153,29.843],[129.842078,29.843575],[129.841991,29.844133],[129.841953,29.844475],[129.841928,29.844741],[129.841728,29.844908],[129.841516,29.844966],[129.841303,29.844966],[129.840966,29.844925],[129.840716,29.845025],[129.840516,29.8452],[129.840203,29.845541],[129.840003,29.845733],[129.839903,29.8461],[129.839753,29.846233],[129.839678,29.846175],[129.839653,29.84605],[129.839803,29.84575],[129.839891,29.845508],[129.840003,29.845358],[129.840091,29.8453],[129.840228,29.84515],[129.840291,29.845],[129.840178,29.844908],[129.839953,29.845008],[129.839766,29.845125],[129.839553,29.8455],[129.839378,29.845858],[129.839253,29.846291],[129.839153,29.846533],[129.838828,29.8468],[129.838528,29.846858],[129.838453,29.847],[129.838616,29.847224],[129.838666,29.847283],[129.838566,29.847483],[129.838153,29.847933],[129.838053,29.848108],[129.838291,29.848299],[129.838141,29.848416],[129.838016,29.848483],[129.837816,29.848624],[129.837516,29.848899],[129.837341,29.849099],[129.837341,29.849166],[129.837416,29.849341],[129.837591,29.850107],[129.837716,29.850391],[129.837928,29.850582],[129.837991,29.850724],[129.837953,29.851041],[129.837903,29.851474],[129.838003,29.852066],[129.838091,29.852299],[129.838053,29.852466],[129.837941,29.852799],[129.837803,29.853232],[129.837603,29.853607],[129.837453,29.853874],[129.837403,29.85394],[129.837441,29.854349],[129.837278,29.854499],[129.837178,29.854574],[129.836891,29.854699],[129.836678,29.854957],[129.836541,29.854974],[129.836141,29.85509],[129.835803,29.85514],[129.835491,29.85504],[129.835216,29.855049],[129.835191,29.85524],[129.835041,29.855499],[129.834941,29.855607],[129.835128,29.855732],[129.835153,29.855815],[129.835216,29.85609],[129.835141,29.856115],[129.835041,29.856207],[129.835091,29.856382],[129.835153,29.856507],[129.835128,29.856623],[129.835266,29.856815],[129.835303,29.856973],[129.835341,29.857323],[129.835603,29.857548],[129.836028,29.857615],[129.836503,29.857607],[129.836803,29.857657],[129.836778,29.857848],[129.836516,29.858165],[129.836216,29.85844],[129.835791,29.858598],[129.835391,29.858615],[129.835178,29.858698],[129.834916,29.859073],[129.834728,29.859231],[129.834528,29.859331],[129.834366,29.85949],[129.834303,29.859556],[129.834178,29.859731],[129.833991,29.859881],[129.833991,29.859965],[129.834066,29.860231],[129.834016,29.860365],[129.834053,29.86074],[129.834041,29.860856],[129.834066,29.861015],[129.834128,29.861356],[129.834078,29.86154],[129.834028,29.861664],[129.834353,29.862073],[129.834728,29.862464],[129.835041,29.862839],[129.835266,29.863131],[129.835303,29.863548],[129.835153,29.863998],[129.834941,29.864481],[129.834816,29.864897],[129.834853,29.865289],[129.835178,29.865931],[129.835516,29.866439],[129.836178,29.866981],[129.836741,29.867172],[129.837141,29.867197],[129.837466,29.867372],[129.838015,29.867856],[129.83854,29.868131],[129.839215,29.868472],[129.839278,29.86878],[129.839165,29.869197],[129.839065,29.869197],[129.838803,29.869289],[129.838753,29.869539],[129.838815,29.86998],[129.838803,29.870372],[129.83894,29.87063],[129.83914,29.870614],[129.83969,29.870722],[129.839865,29.870897],[129.83974,29.870972],[129.839703,29.871547],[129.839465,29.87158],[129.83909,29.871713],[129.838815,29.872005],[129.83879,29.872172],[129.839015,29.872405],[129.839403,29.87268],[129.83979,29.873097],[129.839828,29.873647],[129.840228,29.874163],[129.840653,29.874522],[129.84054,29.874672],[129.840465,29.874963],[129.840828,29.874971],[129.841015,29.87498],[129.841078,29.875055],[129.84134,29.875338],[129.841403,29.875421],[129.841053,29.875621],[129.840715,29.875755],[129.840603,29.876196],[129.84074,29.876355],[129.840915,29.876388],[129.841227,29.876563],[129.84164,29.876405],[129.841902,29.87643],[129.842115,29.87683],[129.842627,29.87723],[129.84314,29.877405],[129.843502,29.877521],[129.843527,29.877738],[129.84374,29.878038],[129.843927,29.878155],[129.844152,29.878213],[129.844415,29.878255],[129.844552,29.878271],[129.844777,29.878488],[129.844877,29.878513],[129.845077,29.878529],[129.845015,29.879079],[129.84509,29.879171],[129.84549,29.878629],[129.84559,29.878704],[129.84579,29.878888],[129.84609,29.879504],[129.846177,29.879796],[129.846064,29.880196],[129.845852,29.880588],[129.845702,29.880929],[129.846214,29.881213],[129.846777,29.881296],[129.847214,29.881346],[129.847439,29.881663],[129.847552,29.881679],[129.848152,29.881613],[129.848989,29.881471],[129.849514,29.881313],[129.849902,29.881313],[129.850489,29.882171],[129.850402,29.882479],[129.850327,29.882746],[129.850427,29.883054],[129.850739,29.883296],[129.850876,29.883396],[129.851239,29.883512],[129.851501,29.883662],[129.851714,29.883562],[129.851826,29.883296],[129.851864,29.883062],[129.852101,29.883096],[129.852489,29.883129],[129.853151,29.883054],[129.853664,29.883004],[129.854151,29.882863],[129.854614,29.882771],[129.855176,29.882596],[129.855876,29.882246],[129.856464,29.882054],[129.856676,29.881863],[129.857001,29.881696],[129.857363,29.881654],[129.857726,29.881846],[129.858076,29.882254],[129.858351,29.882538],[129.858726,29.882496],[129.858901,29.882504],[129.859176,29.882629],[129.859563,29.882504],[129.859901,29.882396],[129.860001,29.882371],[129.86023,29.882357],[129.860401,29.882313],[129.860863,29.882279],[129.861113,29.882429],[129.861351,29.882213],[129.861751,29.882279],[129.861876,29.882071],[129.861888,29.881771],[129.862201,29.881638],[129.86285,29.881421],[129.863325,29.881313],[129.863663,29.881421],[129.863738,29.881838],[129.86405,29.882071],[129.8647,29.882029],[129.865013,29.882046],[129.865138,29.882129],[129.865638,29.882479],[129.866088,29.882621],[129.8666,29.882671],[129.867025,29.882588],[129.867138,29.882579],[129.866988,29.882121],[129.867375,29.881696],[129.867975,29.88128],[129.86805,29.88093],[129.8681,29.88053],[129.8682,29.880063],[129.868325,29.879263],[129.868325,29.87873],[129.868338,29.878047],[129.868313,29.877605],[129.86815,29.87733],[129.867963,29.876897],[129.868163,29.876513],[129.868863,29.876338],[129.869175,29.876513],[129.869513,29.876272],[129.869675,29.87603],[129.871037,29.875889],[129.871075,29.876089],[129.871975,29.876072],[129.87195,29.87588],[129.8722,29.875805],[129.872475,29.875989],[129.872637,29.875847],[129.872762,29.875614],[129.872796,29.875619],[129.872912,29.875897],[129.873125,29.875789],[129.873987,29.875714],[129.874225,29.875555],[129.874637,29.875114],[129.874962,29.874864],[129.875175,29.874797],[129.876049,29.875139],[129.876337,29.87523],[129.876662,29.875272],[129.876974,29.875255],[129.877262,29.875197],[129.877462,29.875072],[129.877437,29.87473],[129.877499,29.874547],[129.877662,29.874414],[129.878037,29.874281],[129.878212,29.874281],[129.878324,29.874331],[129.878487,29.874539],[129.878974,29.874639],[129.879499,29.874656],[129.879724,29.874622],[129.879749,29.874581],[129.880024,29.874689],[129.880187,29.874681],[129.880337,29.874556],[129.880487,29.874556],[129.881387,29.874339],[129.881786,29.874114],[129.882461,29.873814],[129.882524,29.873689],[129.882686,29.873547],[129.883049,29.873331],[129.883111,29.873364],[129.883311,29.873381],[129.883486,29.873447],[129.883636,29.873447],[129.883636,29.873206],[129.884036,29.873089],[129.884549,29.873006],[129.884549,29.873064],[129.88478,29.873101],[129.884936,29.872997],[129.885349,29.872856],[129.886111,29.872556],[129.886284,29.87243],[129.886336,29.872364],[129.886511,29.872114],[129.886599,29.871706],[129.886561,29.871156],[129.886499,29.870898],[129.886574,29.870681],[129.886774,29.870489],[129.887236,29.870248],[129.887624,29.870098],[129.888311,29.86969],[129.888536,29.869481],[129.888611,29.869331],[129.889211,29.869215],[129.889461,29.869265],[129.889748,29.869406],[129.890111,29.869523],[129.890748,29.869623],[129.890836,29.869673],[129.890773,29.869723],[129.890411,29.869781],[129.890323,29.869848],[129.890461,29.869831],[129.890686,29.869956],[129.890886,29.869948],[129.891136,29.869856],[129.891248,29.86979],[129.891373,29.87009],[129.891473,29.87014],[129.891948,29.87009],[129.892248,29.869998],[129.892811,29.869656],[129.892986,29.869465],[129.893036,29.869248],[129.892898,29.868665],[129.893036,29.868348],[129.893061,29.868206],[129.892986,29.868148],[129.892723,29.868215],[129.892673,29.867956],[129.892511,29.867915],[129.892198,29.867931],[129.892423,29.867457],[129.892411,29.86729],[129.892286,29.867132],[129.891786,29.86664],[129.891598,29.866298],[129.891623,29.866057],[129.891661,29.865998],[129.891611,29.86584],[129.891486,29.865757],[129.891248,29.865807],[129.890973,29.865707],[129.890811,29.865715],[129.890436,29.865415],[129.890423,29.865282],[129.890511,29.865173],[129.890473,29.865032],[129.890398,29.864998],[129.890223,29.864973],[129.890198,29.864498],[129.890286,29.864182],[129.890498,29.863849],[129.890736,29.863582],[129.891111,29.863265],[129.891311,29.863157],[129.891586,29.863074],[129.891936,29.86309],[129.892386,29.862949],[129.892798,29.86294],[129.893086,29.86309],[129.893673,29.863299],[129.894048,29.86334],[129.894611,29.863315],[129.895598,29.86304],[129.895911,29.862724],[129.896085,29.862474],[129.896323,29.861824],[129.896473,29.861707],[129.89656,29.861441],[129.896673,29.861382],[129.896835,29.861232],[129.896848,29.861024],[129.896998,29.860724],[129.897085,29.860432],[129.897173,29.859916],[129.897123,29.859283],[129.896935,29.858808],[129.896236,29.857683],[129.896273,29.857458],[129.896148,29.857383],[129.895973,29.857324],[129.895848,29.857324],[129.895686,29.857258],[129.895211,29.856899],[129.894911,29.856749],[129.894348,29.856666],[129.894198,29.856608],[129.894198,29.856416],[129.894248,29.856266],[129.893986,29.856033],[129.893798,29.855308],[129.893573,29.854433],[129.893498,29.853575],[129.893548,29.853091],[129.893911,29.852083],[129.894023,29.851333],[129.894323,29.850133],[129.894573,29.8494],[129.894686,29.848384],[129.894686,29.84745],[129.894998,29.845151],[129.895186,29.844367],[129.895398,29.843884],[129.896248,29.842809],[129.896686,29.842401],[129.897261,29.842209],[129.898323,29.841351],[129.898636,29.841193],[129.899273,29.840893],[129.899386,29.840526],[129.899673,29.840118],[129.901311,29.838626],[129.901873,29.83826],[129.902398,29.837868],[129.902948,29.837402],[129.90326,29.836977]]]},"properties":{"id":"G71004","kuni":"薩摩","kuni_url":"/kg/resource/K71.html","id_url":"G71004.html","kuni_id":"K71","pref":"鹿児島県","name":"川邊","yomi":"かわなべ"}},{"geometry":{"coordinates":[[[129.865238,29.882521],[129.864813,29.882613],[129.864313,29.882604],[129.863688,29.882579],[129.86355,29.882921],[129.864038,29.883271],[129.86445,29.883313],[129.864725,29.883271],[129.864975,29.883029],[129.865163,29.882846],[129.865288,29.882646],[129.865238,29.882521]]],"type":"Polygon"},"properties":{"id":"G71004","kuni":"薩摩","kuni_url":"/kg/resource/K71.html","id_url":"G71004.html","kuni_id":"K71","pref":"鹿児島県","name":"川邊","yomi":"かわなべ"},"type":"Feature"},{"properties":{"id":"G71004","kuni":"薩摩","kuni_url":"/kg/resource/K71.html","id_url":"G71004.html","kuni_id":"K71","pref":"鹿児島県","name":"川邊","yomi":"かわなべ"},"geometry":{"coordinates":[[[129.892848,29.869831],[129.892711,29.869931],[129.892611,29.869931],[129.892536,29.869965],[129.892498,29.870248],[129.892711,29.870406],[129.892848,29.870406],[129.893061,29.870323],[129.893173,29.87014],[129.893123,29.869931],[129.892911,29.869831],[129.892848,29.869831]]],"type":"Polygon"},"type":"Feature"},{"properties":{"id":"G71004","kuni":"薩摩","kuni_url":"/kg/resource/K71.html","id_url":"G71004.html","kuni_id":"K71","pref":"鹿児島県","name":"川邊","yomi":"かわなべ"},"geometry":{"type":"Polygon","coordinates":[[[129.910473,29.818529],[129.910448,29.818937],[129.910598,29.819279],[129.910373,29.819337],[129.91036,29.819587],[129.91046,29.819637],[129.91056,29.819637],[129.91066,29.819595],[129.910785,29.81957],[129.910873,29.819345],[129.911223,29.819254],[129.911423,29.81912],[129.911448,29.81892],[129.911273,29.818737],[129.911073,29.818696],[129.910948,29.818621],[129.910473,29.818529]]]},"type":"Feature"},{"type":"Feature","geometry":{"type":"Polygon","coordinates":[[[129.916135,29.818504],[129.915935,29.818587],[129.915935,29.818729],[129.915885,29.818954],[129.915985,29.819204],[129.916035,29.819246],[129.916235,29.819179],[129.916335,29.819087],[129.91636,29.818796],[129.916285,29.818529],[129.916135,29.818504]]]},"properties":{"id":"G71004","kuni":"薩摩","kuni_url":"/kg/resource/K71.html","id_url":"G71004.html","kuni_id":"K71","pref":"鹿児島県","name":"川邊","yomi":"かわなべ"}},{"properties":{"id":"G71004","kuni":"薩摩","kuni_url":"/kg/resource/K71.html","id_url":"G71004.html","kuni_id":"K71","pref":"鹿児島県","name":"川邊","yomi":"かわなべ"},"geometry":{"type":"Polygon","coordinates":[[[129.918835,29.816738],[129.91866,29.816921],[129.91846,29.817071],[129.918335,29.817346],[129.918097,29.817387],[129.918022,29.817546],[129.918072,29.817612],[129.918172,29.817662],[129.918422,29.817612],[129.918497,29.817596],[129.918647,29.817662],[129.918797,29.817596],[129.919034,29.817437],[129.919059,29.817329],[129.919034,29.817121],[129.918934,29.817054],[129.918934,29.816871],[129.918835,29.816738]]]},"type":"Feature"},{"properties":{"id":"G71004","kuni":"薩摩","kuni_url":"/kg/resource/K71.html","id_url":"G71004.html","kuni_id":"K71","pref":"鹿児島県","name":"川邊","yomi":"かわなべ"},"geometry":{"coordinates":[[[129.906136,29.811213],[129.905448,29.81173],[129.905198,29.811771],[129.905023,29.811904],[129.904998,29.811996],[129.905023,29.812171],[129.905198,29.812513],[129.905348,29.812563],[129.905373,29.812563],[129.905398,29.812671],[129.905511,29.812854],[129.905486,29.812988],[129.905611,29.813263],[129.905711,29.813396],[129.905936,29.813471],[129.905986,29.813446],[129.906211,29.813446],[129.906436,29.813379],[129.906711,29.813204],[129.906898,29.812754],[129.906998,29.812913],[129.907048,29.812913],[129.907123,29.812846],[129.907173,29.812713],[129.906923,29.812304],[129.906748,29.812279],[129.906648,29.812138],[129.906723,29.811938],[129.907061,29.811713],[129.907011,29.811621],[129.906611,29.811438],[129.906587,29.811413],[129.906561,29.811396],[129.906386,29.81128],[129.906286,29.811305],[129.906136,29.811213]]],"type":"Polygon"},"type":"Feature"},{"properties":{"id":"G71004","kuni":"薩摩","kuni_url":"/kg/resource/K71.html","id_url":"G71004.html","kuni_id":"K71","pref":"鹿児島県","name":"川邊","yomi":"かわなべ"},"geometry":{"type":"Polygon","coordinates":[[[129.536371,29.676297],[129.536058,29.676338],[129.535933,29.676471],[129.535958,29.676838],[129.535933,29.676888],[129.535734,29.676863],[129.535246,29.676913],[129.535046,29.676963],[129.534871,29.677238],[129.534884,29.677496],[129.534771,29.677571],[129.534596,29.677555],[129.534159,29.677655],[129.533859,29.677788],[129.533484,29.67808],[129.533221,29.678405],[129.533171,29.678655],[129.533184,29.678929],[129.533446,29.679363],[129.533471,29.679446],[129.533546,29.679571],[129.533634,29.679746],[129.533634,29.679846],[129.533634,29.679954],[129.533671,29.680054],[129.533484,29.680104],[129.533546,29.680338],[129.533359,29.680371],[129.533296,29.680221],[129.533096,29.680338],[129.533196,29.680563],[129.532834,29.680713],[129.532646,29.680438],[129.532546,29.680421],[129.531221,29.680904],[129.529709,29.681562],[129.528821,29.681879],[129.528322,29.682112],[129.527384,29.682771],[129.526747,29.683329],[129.526534,29.683346],[129.526222,29.683571],[129.526097,29.683921],[129.525684,29.684412],[129.525422,29.684979],[129.525322,29.685412],[129.525222,29.686312],[129.525322,29.687303],[129.525659,29.688153],[129.525984,29.689187],[129.526147,29.690045],[129.526409,29.690628],[129.526409,29.690895],[129.526734,29.691111],[129.526934,29.691303],[129.527034,29.691503],[129.527046,29.691628],[129.527171,29.691878],[129.527396,29.69217],[129.527959,29.693236],[129.527934,29.693436],[129.528084,29.693703],[129.528234,29.693511],[129.528521,29.693594],[129.528834,29.693953],[129.529559,29.694511],[129.529696,29.694703],[129.529659,29.694828],[129.529171,29.695119],[129.529084,29.695319],[129.529159,29.695511],[129.529259,29.695578],[129.529559,29.695628],[129.530584,29.695686],[129.530734,29.695736],[129.530834,29.695961],[129.530934,29.696086],[129.531171,29.696136],[129.532108,29.696144],[129.532371,29.696203],[129.532571,29.696286],[129.532746,29.696553],[129.533133,29.696586],[129.533333,29.696728],[129.533421,29.696753],[129.533708,29.696619],[129.534096,29.696744],[129.534233,29.696819],[129.534296,29.696978],[129.534408,29.697036],[129.534646,29.696986],[129.534808,29.696894],[129.535196,29.696944],[129.535658,29.696761],[129.535708,29.696919],[129.535846,29.696986],[129.536233,29.696703],[129.536433,29.696711],[129.536633,29.696644],[129.536908,29.696503],[129.53707,29.696311],[129.537145,29.696086],[129.537483,29.695819],[129.537708,29.695903],[129.538245,29.695419],[129.538495,29.695161],[129.539145,29.694636],[129.539258,29.694461],[129.539183,29.693928],[129.538983,29.693186],[129.538795,29.692653],[129.538558,29.692228],[129.538108,29.690812],[129.538046,29.690412],[129.538246,29.688304],[129.538433,29.687437],[129.538646,29.687079],[129.539195,29.686929],[129.539645,29.686745],[129.539833,29.68662],[129.539845,29.686412],[129.53977,29.685895],[129.539558,29.685554],[129.539595,29.685396],[129.539508,29.684687],[129.539471,29.684571],[129.539458,29.684062],[129.539408,29.683804],[129.539183,29.683587],[129.538933,29.683512],[129.538083,29.683679],[129.538021,29.683646],[129.538133,29.683454],[129.538158,29.683004],[129.538321,29.682538],[129.538233,29.682421],[129.538208,29.682288],[129.537983,29.681996],[129.538021,29.681804],[129.538233,29.681729],[129.538383,29.681621],[129.538446,29.681471],[129.538033,29.681096],[129.537883,29.680904],[129.537821,29.680746],[129.537596,29.680521],[129.537508,29.680479],[129.536921,29.679988],[129.536871,29.679754],[129.536858,29.679371],[129.536983,29.679113],[129.537208,29.678921],[129.537246,29.678746],[129.537208,29.678521],[129.537346,29.678313],[129.537421,29.677846],[129.537346,29.677363],[129.537271,29.677138],[129.537021,29.67678],[129.536371,29.676297]]]},"type":"Feature"},{"type":"Feature","properties":{"id":"G71004","kuni":"薩摩","kuni_url":"/kg/resource/K71.html","id_url":"G71004.html","kuni_id":"K71","pref":"鹿児島県","name":"川邊","yomi":"かわなべ"},"geometry":{"coordinates":[[[129.539646,29.683829],[129.539558,29.683871],[129.539546,29.684321],[129.539558,29.684454],[129.53967,29.684637],[129.539758,29.684671],[129.539833,29.684637],[129.53992,29.684312],[129.539845,29.684129],[129.539883,29.683871],[129.539845,29.683837],[129.539646,29.683829]]],"type":"Polygon"}},{"type":"Feature","geometry":{"type":"Polygon","coordinates":[[[129.536908,29.67503],[129.536658,29.675105],[129.536258,29.675122],[129.536084,29.675213],[129.536084,29.675347],[129.536133,29.675405],[129.536296,29.675455],[129.536421,29.675572],[129.536383,29.676038],[129.536546,29.676213],[129.536783,29.67633],[129.537371,29.67648],[129.537658,29.676355],[129.537758,29.676255],[129.538233,29.676255],[129.538296,29.676222],[129.538358,29.676147],[129.538271,29.67588],[129.537908,29.675563],[129.537608,29.675422],[129.537471,29.675197],[129.537321,29.675088],[129.537146,29.67503],[129.536908,29.67503]]]},"properties":{"id":"G71004","kuni":"薩摩","kuni_url":"/kg/resource/K71.html","id_url":"G71004.html","kuni_id":"K71","pref":"鹿児島県","name":"川邊","yomi":"かわなべ"}},{"properties":{"id":"G71004","kuni":"薩摩","kuni_url":"/kg/resource/K71.html","id_url":"G71004.html","kuni_id":"K71","pref":"鹿児島県","name":"川邊","yomi":"かわなべ"},"geometry":{"type":"Polygon","coordinates":[[[129.538183,29.675005],[129.537971,29.675047],[129.537983,29.67503],[129.537721,29.675097],[129.537658,29.675163],[129.537908,29.675455],[129.538396,29.67588],[129.538483,29.675905],[129.538546,29.675838],[129.538621,29.675613],[129.538608,29.675455],[129.538446,29.675238],[129.538371,29.675038],[129.538183,29.675005]]]},"type":"Feature"},{"properties":{"id":"G71004","kuni":"薩摩","kuni_url":"/kg/resource/K71.html","id_url":"G71004.html","kuni_id":"K71","pref":"鹿児島県","name":"川邊","yomi":"かわなべ"},"geometry":{"type":"Polygon","coordinates":[[[129.538633,29.67488],[129.538521,29.674905],[129.538471,29.675097],[129.538708,29.67553],[129.538758,29.675655],[129.538933,29.675722],[129.539008,29.675722],[129.539121,29.67563],[129.539208,29.675597],[129.539258,29.675505],[129.538996,29.675238],[129.538783,29.675072],[129.538633,29.67488]]]},"type":"Feature"},{"type":"Feature","properties":{"id":"G71004","kuni":"薩摩","kuni_url":"/kg/resource/K71.html","id_url":"G71004.html","kuni_id":"K71","pref":"鹿児島県","name":"川邊","yomi":"かわなべ"},"geometry":{"type":"Polygon","coordinates":[[[129.538808,29.67488],[129.538783,29.67498],[129.539071,29.67518],[129.539171,29.675297],[129.539296,29.675363],[129.539471,29.675538],[129.539896,29.675622],[129.540083,29.675505],[129.540221,29.675338],[129.540258,29.675155],[129.540133,29.674988],[129.539721,29.674947],[129.539608,29.674888],[129.539446,29.67488],[129.539008,29.67488],[129.538808,29.67488]]]}},{"type":"Feature","geometry":{"type":"Polygon","coordinates":[[[129.538908,29.674405],[129.538771,29.674438],[129.538658,29.674438],[129.538633,29.674505],[129.538808,29.674688],[129.538896,29.674747],[129.539296,29.674747],[129.539446,29.67473],[129.539483,29.67463],[129.539408,29.674497],[129.539433,29.674488],[129.539308,29.674438],[129.539071,29.674455],[129.538908,29.674405]]]},"properties":{"id":"G71004","kuni":"薩摩","kuni_url":"/kg/resource/K71.html","id_url":"G71004.html","kuni_id":"K71","pref":"鹿児島県","name":"川邊","yomi":"かわなべ"}},{"type":"Feature","properties":{"id":"G71004","kuni":"薩摩","kuni_url":"/kg/resource/K71.html","id_url":"G71004.html","kuni_id":"K71","pref":"鹿児島県","name":"川邊","yomi":"かわなべ"},"geometry":{"type":"Polygon","coordinates":[[[129.694059,29.613748],[129.693359,29.614381],[129.692684,29.615097],[129.692396,29.615506],[129.692196,29.616114],[129.691696,29.616789],[129.691096,29.618814],[129.690809,29.61933],[129.690334,29.619788],[129.690234,29.619963],[129.690184,29.62023],[129.690234,29.620955],[129.690146,29.621238],[129.689821,29.621763],[129.689746,29.622197],[129.689609,29.622338],[129.689446,29.622363],[129.689346,29.622513],[129.689434,29.62258],[129.689534,29.622796],[129.689509,29.623355],[129.689496,29.623888],[129.689546,29.624321],[129.689484,29.624888],[129.689359,29.625146],[129.689321,29.625646],[129.689234,29.625929],[129.689246,29.626254],[129.689471,29.626729],[129.689571,29.626996],[129.689596,29.627279],[129.689534,29.627913],[129.689534,29.628046],[129.689296,29.628979],[129.689209,29.629096],[129.688909,29.629187],[129.688709,29.629137],[129.688209,29.629137],[129.687934,29.629071],[129.687771,29.629062],[129.687509,29.629121],[129.687359,29.629312],[129.687084,29.629887],[129.687234,29.630137],[129.687434,29.630654],[129.687571,29.630879],[129.687821,29.631096],[129.689221,29.631945],[129.689721,29.632345],[129.690183,29.63302],[129.690296,29.633262],[129.690408,29.633662],[129.690458,29.634012],[129.690421,29.63427],[129.690208,29.634912],[129.690121,29.634995],[129.689371,29.635112],[129.689184,29.635203],[129.689034,29.635437],[129.689009,29.63582],[129.689046,29.635945],[129.689159,29.63602],[129.689458,29.636453],[129.689333,29.636687],[129.688884,29.637137],[129.688746,29.637403],[129.688659,29.637986],[129.688559,29.638245],[129.688284,29.638561],[129.688134,29.63862],[129.687921,29.638645],[129.687771,29.638711],[129.687534,29.638878],[129.686971,29.638936],[129.686821,29.63907],[129.686734,29.639353],[129.686384,29.63957],[129.686196,29.639911],[129.685984,29.640095],[129.685009,29.640553],[129.684759,29.640861],[129.684584,29.641336],[129.684509,29.641428],[129.684446,29.641436],[129.684184,29.641311],[129.684096,29.641303],[129.684021,29.641461],[129.683996,29.641853],[129.684071,29.642128],[129.684296,29.642419],[129.684409,29.642644],[129.684371,29.642778],[129.684471,29.642994],[129.684709,29.643094],[129.684921,29.643386],[129.684959,29.643544],[129.684646,29.643869],[129.684796,29.644086],[129.685271,29.644469],[129.685309,29.644611],[129.685296,29.644769],[129.685221,29.644902],[129.685334,29.645036],[129.685659,29.645194],[129.685921,29.645394],[129.686633,29.645586],[129.686883,29.645436],[129.687246,29.645627],[129.687196,29.645752],[129.686871,29.646202],[129.686846,29.646386],[129.686921,29.646544],[129.687233,29.646902],[129.687433,29.647027],[129.687933,29.647036],[129.688408,29.647177],[129.688596,29.647211],[129.688708,29.64771],[129.688683,29.648535],[129.688608,29.648677],[129.688308,29.648885],[129.688021,29.648994],[129.687883,29.649052],[129.687846,29.649044],[129.687196,29.649269],[129.686571,29.649644],[129.685733,29.64996],[129.685533,29.650293],[129.685458,29.65036],[129.684846,29.650618],[129.684684,29.650527],[129.684421,29.650552],[129.684346,29.650602],[129.684271,29.65076],[129.684309,29.650893],[129.684171,29.651002],[129.684084,29.65116],[129.684146,29.651243],[129.684221,29.651277],[129.684509,29.651243],[129.684421,29.651377],[129.684209,29.651443],[129.683621,29.651968],[129.683559,29.652077],[129.683671,29.65256],[129.683721,29.652593],[129.683946,29.652602],[129.684034,29.652527],[129.684284,29.652985],[129.684359,29.653235],[129.684221,29.65346],[129.684271,29.65371],[129.684396,29.65381],[129.684583,29.65381],[129.684758,29.653743],[129.685046,29.65391],[129.685571,29.654143],[129.685783,29.654185],[129.686071,29.654343],[129.686408,29.654443],[129.686696,29.654376],[129.686908,29.654226],[129.687421,29.653943],[129.687721,29.653718],[129.687883,29.653751],[129.688221,29.654001],[129.688396,29.65421],[129.688333,29.654418],[129.688196,29.654543],[129.687758,29.654776],[129.687458,29.655193],[129.687458,29.655335],[129.687571,29.655468],[129.687583,29.655676],[129.687633,29.655818],[129.687883,29.656143],[129.688183,29.65631],[129.688646,29.656518],[129.688771,29.656634],[129.688783,29.656784],[129.688858,29.656934],[129.689071,29.657001],[129.690083,29.657068],[129.690383,29.657159],[129.690733,29.657101],[129.691433,29.656768],[129.691808,29.656568],[129.691983,29.656535],[129.69252,29.656743],[129.69287,29.656926],[129.693345,29.657776],[129.693408,29.657934],[129.693395,29.658118],[129.69327,29.658284],[129.692995,29.658443],[129.692833,29.658584],[129.692683,29.659109],[129.692633,29.659168],[129.692608,29.659368],[129.692633,29.659526],[129.692795,29.659618],[129.69297,29.659626],[129.69302,29.659743],[129.692958,29.659868],[129.69277,29.659934],[129.692733,29.660068],[129.69282,29.660168],[129.693158,29.660259],[129.693483,29.660284],[129.693933,29.660259],[129.694158,29.659951],[129.69537,29.659618],[129.696082,29.659543],[129.696345,29.659551],[129.696607,29.659459],[129.69692,29.659301],[129.697395,29.658801],[129.697545,29.658359],[129.697795,29.658268],[129.699045,29.658551],[129.69952,29.658693],[129.69967,29.658851],[129.699945,29.659376],[129.700257,29.659818],[129.701182,29.660818],[129.701744,29.661309],[129.701957,29.661651],[129.702194,29.661976],[129.702419,29.662434],[129.702444,29.662742],[129.702582,29.663001],[129.702794,29.663176],[129.703094,29.663334],[129.703369,29.663526],[129.703694,29.663851],[129.703719,29.664226],[129.703869,29.664401],[129.704069,29.664459],[129.704557,29.664659],[129.705444,29.665234],[129.705744,29.665467],[129.706394,29.666175],[129.706831,29.666375],[129.708406,29.666825],[129.708881,29.667009],[129.709419,29.667142],[129.713356,29.668384],[129.714368,29.668617],[129.715718,29.66885],[129.71608,29.668892],[129.716493,29.668834],[129.717218,29.6685],[129.717218,29.668484],[129.717555,29.668417],[129.717843,29.668425],[129.71813,29.668492],[129.718805,29.668859],[129.719468,29.66945],[129.720143,29.669959],[129.72083,29.670134],[129.721217,29.670259],[129.721405,29.670284],[129.722642,29.669984],[129.724005,29.669867],[129.724205,29.669849],[129.72463,29.669575],[129.725042,29.669367],[129.725367,29.669267],[129.72568,29.669209],[129.726167,29.669184],[129.726467,29.669134],[129.726929,29.668775],[129.727354,29.668225],[129.727642,29.667959],[129.727992,29.667817],[129.728417,29.667734],[129.729004,29.667734],[129.729329,29.667834],[129.729642,29.668059],[129.729779,29.668251],[129.729829,29.668525],[129.729817,29.668517],[129.729754,29.669125],[129.729779,29.669375],[129.729929,29.669509],[129.730304,29.6696],[129.730417,29.669667],[129.730667,29.6701],[129.730917,29.670325],[129.730992,29.670392],[129.731267,29.670534],[129.731742,29.670484],[129.732004,29.670517],[129.732516,29.670775],[129.732766,29.670842],[129.734416,29.671109],[129.734616,29.671159],[129.734941,29.67135],[129.735041,29.671475],[129.735366,29.671617],[129.735666,29.671834],[129.736254,29.671875],[129.737903,29.672284],[129.738978,29.672467],[129.739241,29.672442],[129.739841,29.672034],[129.740441,29.671392],[129.740653,29.671242],[129.741166,29.671059],[129.741428,29.671017],[129.741666,29.670909],[129.742291,29.670326],[129.742653,29.669942],[129.742828,29.669659],[129.743003,29.669159],[129.743041,29.668876],[129.742991,29.668634],[129.742891,29.668476],[129.742828,29.667901],[129.742891,29.667268],[129.743028,29.666501],[129.743103,29.666401],[129.743078,29.666301],[129.742966,29.666243],[129.742766,29.666076],[129.742603,29.665668],[129.742641,29.665509],[129.742566,29.665351],[129.742441,29.665218],[129.742366,29.664193],[129.742253,29.663835],[129.741903,29.663385],[129.741803,29.663193],[129.741778,29.662993],[129.741903,29.662718],[129.741828,29.66246],[129.741741,29.662301],[129.741378,29.662176],[129.741091,29.661451],[129.740404,29.660585],[129.739879,29.660035],[129.739679,29.659727],[129.739429,29.659135],[129.739504,29.65901],[129.739716,29.658802],[129.739816,29.658568],[129.739554,29.658285],[129.739441,29.658027],[129.739141,29.657568],[129.739041,29.65686],[129.738966,29.65581],[129.739166,29.654985],[129.739129,29.654636],[129.738654,29.653544],[129.738616,29.652986],[129.738654,29.652569],[129.738616,29.651902],[129.738504,29.651586],[129.738104,29.651019],[129.737979,29.650761],[129.737929,29.650528],[129.737966,29.650203],[129.737991,29.650211],[129.738316,29.649086],[129.738741,29.64837],[129.738929,29.648211],[129.739129,29.648111],[129.739516,29.647853],[129.739766,29.647561],[129.740241,29.646653],[129.740316,29.646395],[129.740254,29.646011],[129.739941,29.644753],[129.739616,29.644337],[129.739354,29.643928],[129.739304,29.643728],[129.739779,29.643337],[129.739804,29.643262],[129.739741,29.643095],[129.739691,29.64307],[129.739479,29.643187],[129.739329,29.64322],[129.739216,29.643145],[129.739116,29.642695],[129.739104,29.64232],[129.739017,29.64207],[129.739029,29.641079],[129.739054,29.640954],[129.739167,29.640754],[129.739254,29.64047],[129.739242,29.640312],[129.739029,29.639895],[129.738717,29.639779],[129.738529,29.63962],[129.738367,29.639087],[129.738379,29.638729],[129.738467,29.638646],[129.738642,29.638579],[129.738804,29.638371],[129.738979,29.637937],[129.739029,29.637737],[129.738979,29.637479],[129.738742,29.637446],[129.738317,29.637646],[129.738279,29.637662],[129.738129,29.637587],[129.737942,29.637421],[129.737767,29.636971],[129.737692,29.636487],[129.737542,29.636063],[129.737079,29.635271],[129.736179,29.634146],[129.735754,29.633804],[129.73513,29.633163],[129.734467,29.632588],[129.734205,29.632138],[129.733467,29.62993],[129.733342,29.629405],[129.73333,29.629205],[129.733467,29.628838],[129.73358,29.628763],[129.733792,29.628705],[129.733905,29.628713],[129.734105,29.628655],[129.734342,29.628497],[129.734405,29.62833],[129.734355,29.628205],[129.734167,29.628038],[129.733917,29.627997],[129.733767,29.62788],[129.733642,29.627713],[129.73353,29.627638],[129.733167,29.627513],[129.732842,29.627238],[129.732655,29.627155],[129.732217,29.626863],[129.731355,29.62658],[129.731118,29.626213],[129.731243,29.62608],[129.731243,29.625972],[129.731068,29.625922],[129.73088,29.62593],[129.73058,29.625872],[129.730268,29.625922],[129.729868,29.625888],[129.72963,29.625755],[129.729543,29.625639],[129.729443,29.62538],[129.729268,29.625189],[129.728943,29.625022],[129.728755,29.62488],[129.728243,29.624697],[129.727905,29.624514],[129.727093,29.624189],[129.726093,29.623922],[129.725756,29.623789],[129.725131,29.62338],[129.724868,29.623289],[129.724543,29.623255],[129.724093,29.623055],[129.723618,29.622914],[129.723381,29.622655],[129.723306,29.622489],[129.723343,29.622264],[129.723318,29.622047],[129.723131,29.621889],[129.722868,29.621847],[129.722518,29.621647],[129.722256,29.621656],[129.721531,29.621306],[129.721393,29.621172],[129.721319,29.621014],[129.721356,29.620806],[129.721506,29.620539],[129.721581,29.620306],[129.721568,29.620089],[129.721206,29.619797],[129.720994,29.619789],[129.720631,29.619839],[129.720131,29.619814],[129.719694,29.619681],[129.719131,29.619439],[129.718569,29.619089],[129.718181,29.618597],[129.717919,29.618189],[129.717819,29.617956],[129.717844,29.617681],[129.718306,29.617398],[129.718219,29.617206],[129.717731,29.616781],[129.717494,29.616681],[129.717419,29.616556],[129.717444,29.616331],[129.717406,29.616198],[129.716832,29.616073],[129.716582,29.615864],[129.716207,29.615681],[129.715419,29.615056],[129.714844,29.614664],[129.714332,29.61429],[129.714157,29.614165],[129.713682,29.613715],[129.712907,29.613356],[129.711957,29.612815],[129.711695,29.61244],[129.711257,29.611481],[129.711195,29.611206],[129.711207,29.610407],[129.711057,29.609807],[129.711495,29.608715],[129.711695,29.608315],[129.712082,29.607165],[129.71252,29.606332],[129.712457,29.606107],[129.71217,29.605749],[129.71227,29.605507],[129.712345,29.605382],[129.712332,29.60534],[129.711832,29.605307],[129.711757,29.60524],[129.71197,29.605182],[129.71202,29.605107],[129.712007,29.605016],[129.711857,29.604991],[129.711507,29.605124],[129.711357,29.605232],[129.711032,29.60524],[129.71057,29.60519],[129.710182,29.604974],[129.710032,29.604682],[129.70992,29.604624],[129.709657,29.604616],[129.709445,29.604557],[129.709257,29.604391],[129.709182,29.604132],[129.708857,29.604007],[129.70852,29.603966],[129.707983,29.603724],[129.70757,29.603416],[129.707233,29.602999],[129.70697,29.602649],[129.706695,29.602391],[129.706483,29.602249],[129.70612,29.602091],[129.705833,29.602041],[129.70507,29.602166],[129.704745,29.602391],[129.70442,29.602457],[129.704158,29.602557],[129.70382,29.602641],[129.703533,29.602616],[129.703445,29.602641],[129.70312,29.602941],[129.702433,29.603041],[129.702183,29.602966],[129.701883,29.602816],[129.701708,29.602624],[129.701496,29.602232],[129.701333,29.602082],[129.701233,29.602124],[129.701183,29.602224],[129.701233,29.602491],[129.701083,29.602582],[129.700046,29.602816],[129.699446,29.602974],[129.699183,29.603007],[129.698958,29.602966],[129.698546,29.603032],[129.698196,29.603199],[129.698033,29.603249],[129.697883,29.603149],[129.697705,29.60318],[129.697555,29.603571],[129.697383,29.603915],[129.697271,29.60404],[129.696946,29.604674],[129.696846,29.604965],[129.696683,29.606048],[129.696583,29.606848],[129.696458,29.607682],[129.696183,29.608182],[129.696196,29.60829],[129.696583,29.609006],[129.697333,29.609865],[129.697458,29.610148],[129.697308,29.610723],[129.697083,29.61114],[129.696558,29.611623],[129.695996,29.612156],[129.695458,29.612573],[129.695183,29.612823],[129.694771,29.613381],[129.694059,29.613748]]]}},{"type":"Feature","geometry":{"coordinates":[[[129.594435,29.477374],[129.593923,29.47779],[129.593823,29.478007],[129.593698,29.47804],[129.59371,29.478232],[129.59381,29.478315],[129.593973,29.478299],[129.594185,29.478232],[129.594373,29.478182],[129.594473,29.478107],[129.594623,29.477857],[129.594673,29.477565],[129.594648,29.477465],[129.59456,29.477382],[129.594435,29.477374]]],"type":"Polygon"},"properties":{"id":"G71004","kuni":"薩摩","kuni_url":"/kg/resource/K71.html","id_url":"G71004.html","kuni_id":"K71","pref":"鹿児島県","name":"川邊","yomi":"かわなべ"}},{"type":"Feature","properties":{"id":"G71004","kuni":"薩摩","kuni_url":"/kg/resource/K71.html","id_url":"G71004.html","kuni_id":"K71","pref":"鹿児島県","name":"川邊","yomi":"かわなべ"},"geometry":{"type":"Polygon","coordinates":[[[129.600085,29.444752],[129.599835,29.444802],[129.599386,29.444944],[129.598673,29.444994],[129.598173,29.445019],[129.597923,29.445136],[129.597642,29.44527],[129.597417,29.445312],[129.597217,29.445312],[129.597067,29.445245],[129.596317,29.445295],[129.596248,29.445477],[129.596223,29.445552],[129.595948,29.445719],[129.595011,29.446102],[129.594511,29.446219],[129.594348,29.446219],[129.594186,29.446277],[129.593811,29.446294],[129.593723,29.446502],[129.593636,29.446952],[129.593773,29.447402],[129.593836,29.447535],[129.593961,29.447635],[129.593811,29.447819],[129.593861,29.448177],[129.594386,29.448835],[129.594673,29.449635],[129.594686,29.44996],[129.594611,29.450368],[129.595198,29.451793],[129.595723,29.45336],[129.596011,29.453968],[129.595986,29.453951],[129.596011,29.454801],[129.595836,29.455451],[129.595398,29.456009],[129.594648,29.456776],[129.594411,29.456926],[129.594098,29.456926],[129.593636,29.456743],[129.593336,29.456801],[129.592648,29.457117],[129.591098,29.457584],[129.590374,29.457717],[129.590036,29.457901],[129.589599,29.458326],[129.589249,29.458384],[129.588786,29.458601],[129.588624,29.458792],[129.588611,29.458767],[129.587961,29.459017],[129.587574,29.459317],[129.586786,29.459759],[129.586124,29.4602],[129.585924,29.460492],[129.585724,29.460592],[129.585449,29.460467],[129.585261,29.460459],[129.584961,29.460567],[129.584836,29.460709],[129.584761,29.460867],[129.584874,29.461142],[129.585186,29.461492],[129.585199,29.461675],[129.584524,29.462375],[129.584311,29.462517],[129.584224,29.462542],[129.584074,29.462683],[129.583974,29.462892],[129.584011,29.463125],[129.584211,29.463458],[129.584399,29.463542],[129.584749,29.463542],[129.585399,29.463483],[129.585561,29.463525],[129.585724,29.463817],[129.585786,29.464167],[129.585986,29.464642],[129.586424,29.46605],[129.586811,29.466983],[129.587099,29.467475],[129.587236,29.467791],[129.587374,29.468016],[129.587524,29.468133],[129.587761,29.468466],[129.588498,29.469574],[129.588711,29.469866],[129.589336,29.470433],[129.591411,29.471891],[129.591686,29.472032],[129.591961,29.472249],[129.592611,29.472857],[129.593135,29.473324],[129.593873,29.474191],[129.593973,29.474574],[129.594173,29.474941],[129.594235,29.475191],[129.594023,29.476324],[129.594085,29.476774],[129.594148,29.476832],[129.59421,29.477057],[129.594523,29.47699],[129.594848,29.477032],[129.59516,29.477115],[129.595248,29.477115],[129.59556,29.477015],[129.596185,29.476682],[129.596635,29.476324],[129.597448,29.476224],[129.59821,29.475857],[129.598497,29.475757],[129.59871,29.475716],[129.598985,29.475732],[129.599135,29.475716],[129.599597,29.475724],[129.599835,29.475916],[129.59986,29.476074],[129.599885,29.476357],[129.600072,29.476441],[129.60046,29.476499],[129.600785,29.476499],[129.601097,29.476349],[129.60126,29.476107],[129.601235,29.475999],[129.601122,29.475882],[129.601622,29.475657],[129.60176,29.475549],[129.601835,29.475357],[129.60171,29.475066],[129.601397,29.474574],[129.601635,29.474374],[129.602135,29.474166],[129.603822,29.473624],[129.604384,29.473483],[129.605247,29.473183],[129.605897,29.473216],[129.606184,29.473124],[129.607097,29.473008],[129.607422,29.472891],[129.607734,29.472633],[129.608047,29.472449],[129.608709,29.472291],[129.609159,29.472216],[129.609647,29.472166],[129.609834,29.472025],[129.609984,29.471775],[129.610346,29.471483],[129.610321,29.471266],[129.610271,29.471191],[129.610072,29.471033],[129.609734,29.470833],[129.609959,29.470583],[129.610097,29.470341],[129.610259,29.469858],[129.610422,29.469683],[129.611046,29.469616],[129.611271,29.469491],[129.611296,29.4693],[129.610759,29.469075],[129.610734,29.468908],[129.610897,29.467867],[129.611159,29.466892],[129.611409,29.466117],[129.611484,29.465617],[129.611459,29.465234],[129.611497,29.464942],[129.612284,29.46275],[129.612847,29.461801],[129.612922,29.461734],[129.613197,29.461234],[129.613684,29.460592],[129.614034,29.460242],[129.614671,29.459534],[129.615334,29.458651],[129.615859,29.457851],[129.616171,29.457493],[129.617221,29.456501],[129.617396,29.456343],[129.617659,29.456218],[129.617721,29.45621],[129.618109,29.455801],[129.618234,29.455693],[129.618384,29.455668],[129.618621,29.455726],[129.619096,29.455701],[129.619246,29.455635],[129.619259,29.455518],[129.618746,29.45516],[129.618784,29.454826],[129.619121,29.453752],[129.619346,29.453418],[129.619521,29.453035],[129.619621,29.452202],[129.619834,29.451527],[129.619909,29.450819],[129.620196,29.450019],[129.620171,29.449502],[129.619971,29.449269],[129.619459,29.448902],[129.618671,29.448052],[129.618234,29.447569],[129.617984,29.447252],[129.617696,29.447011],[129.615784,29.445886],[129.615234,29.445652],[129.614784,29.445486],[129.613803,29.44537],[129.612791,29.44527],[129.612353,29.44532],[129.611922,29.445386],[129.611522,29.445452],[129.611009,29.445452],[129.610747,29.445419],[129.610147,29.445519],[129.609335,29.445761],[129.608972,29.445852],[129.608485,29.445977],[129.608085,29.446019],[129.60671,29.445977],[129.606322,29.445919],[129.605747,29.445569],[129.605472,29.445361],[129.604973,29.445094],[129.604648,29.445002],[129.60421,29.444969],[129.603698,29.445011],[129.603198,29.444994],[129.602648,29.444944],[129.600585,29.444902],[129.600085,29.444752]]]}},{"properties":{"id":"G71004","kuni":"薩摩","kuni_url":"/kg/resource/K71.html","id_url":"G71004.html","kuni_id":"K71","pref":"鹿児島県","name":"川邊","yomi":"かわなべ"},"geometry":{"type":"Polygon","coordinates":[[[129.611159,29.473024],[129.610709,29.473141],[129.610559,29.473183],[129.610346,29.473224],[129.610184,29.473483],[129.610196,29.473633],[129.610321,29.473741],[129.610321,29.473841],[129.610421,29.473941],[129.610496,29.473958],[129.610621,29.473941],[129.610659,29.473924],[129.610671,29.473741],[129.610771,29.473608],[129.611134,29.473558],[129.611234,29.473508],[129.611346,29.473358],[129.611384,29.473333],[129.611321,29.473099],[129.611159,29.473024]]]},"type":"Feature"},{"properties":{"id":"G71004","kuni":"薩摩","kuni_url":"/kg/resource/K71.html","id_url":"G71004.html","kuni_id":"K71","pref":"鹿児島県","name":"川邊","yomi":"かわなべ"},"geometry":{"type":"Polygon","coordinates":[[[129.34374,29.224805],[129.343652,29.224905],[129.343553,29.225022],[129.343303,29.225372],[129.343103,29.225572],[129.342903,29.225722],[129.34284,29.225914],[129.342753,29.226564],[129.342665,29.226689],[129.342628,29.226889],[129.342665,29.22733],[129.342628,29.227963],[129.342628,29.228197],[129.34289,29.22818],[129.342865,29.228605],[129.342915,29.229222],[129.34299,29.229172],[129.343227,29.229063],[129.343352,29.229447],[129.343202,29.229872],[129.343265,29.22998],[129.343565,29.230297],[129.343865,29.230405],[129.34454,29.230572],[129.344877,29.230455],[129.345252,29.230488],[129.345652,29.23043],[129.345977,29.230413],[129.346227,29.230263],[129.34659,29.230288],[129.346902,29.23023],[129.347252,29.230297],[129.347727,29.230297],[129.34799,29.230172],[129.348552,29.230038],[129.348564,29.229847],[129.348115,29.22973],[129.348102,29.229538],[129.348277,29.229347],[129.348589,29.229238],[129.348689,29.229022],[129.348752,29.228538],[129.348827,29.228097],[129.348789,29.227814],[129.348627,29.22758],[129.34864,29.227497],[129.34874,29.227422],[129.348702,29.226947],[129.348527,29.226672],[129.348002,29.226372],[129.347615,29.226114],[129.347265,29.225764],[129.346915,29.225739],[129.346315,29.22558],[129.345877,29.225422],[129.345577,29.22523],[129.345115,29.225072],[129.344777,29.224897],[129.34419,29.224822],[129.34374,29.224805]]]},"type":"Feature"},{"geometry":{"coordinates":[[[129.326179,29.217831],[129.326129,29.218156],[129.325942,29.218139],[129.325542,29.218148],[129.325492,29.218364],[129.324917,29.218614],[129.324279,29.218797],[129.323992,29.218872],[129.323679,29.219164],[129.323304,29.219347],[129.322779,29.219489],[129.322442,29.219689],[129.322379,29.219897],[129.321255,29.220247],[129.321067,29.220414],[129.320892,29.220689],[129.320805,29.221097],[129.320842,29.221247],[129.320755,29.22128],[129.320467,29.221422],[129.320317,29.221672],[129.320305,29.221747],[129.32008,29.221864],[129.31943,29.22218],[129.319292,29.222514],[129.319405,29.222814],[129.319167,29.22328],[129.319067,29.223605],[129.319117,29.224005],[129.319255,29.224355],[129.319342,29.224647],[129.319567,29.224988],[129.319817,29.225313],[129.320205,29.225747],[129.320492,29.226055],[129.320704,29.226138],[129.321279,29.226355],[129.321767,29.226672],[129.322179,29.227088],[129.322404,29.227238],[129.322604,29.227247],[129.322942,29.227355],[129.323204,29.227588],[129.323542,29.227755],[129.324004,29.227855],[129.324404,29.227955],[129.324729,29.228096],[129.325167,29.228305],[129.325679,29.228405],[129.326191,29.22843],[129.326854,29.228505],[129.327166,29.228605],[129.327341,29.228696],[129.327429,29.228738],[129.327666,29.228588],[129.328016,29.228355],[129.328366,29.228197],[129.328829,29.228047],[129.329291,29.227905],[129.329791,29.227738],[129.330216,29.227738],[129.330266,29.227613],[129.330429,29.227455],[129.330579,29.227538],[129.330816,29.227622],[129.330904,29.227613],[129.330966,29.227288],[129.330941,29.227088],[129.331154,29.226847],[129.331279,29.226513],[129.331404,29.226013],[129.331479,29.225389],[129.331516,29.22493],[129.331541,29.224464],[129.331416,29.224039],[129.331266,29.223739],[129.331079,29.223547],[129.330804,29.223414],[129.330591,29.223247],[129.330641,29.223114],[129.330454,29.222814],[129.330241,29.222614],[129.330254,29.222206],[129.330341,29.221947],[129.330066,29.221581],[129.329691,29.221097],[129.329491,29.220806],[129.329379,29.220664],[129.329416,29.220572],[129.329466,29.220347],[129.329429,29.220239],[129.329104,29.219856],[129.328879,29.219514],[129.328704,29.219189],[129.328566,29.218923],[129.328391,29.218839],[129.328104,29.218864],[129.327841,29.218931],[129.327579,29.218706],[129.327242,29.218581],[129.327129,29.218423],[129.327142,29.218323],[129.327179,29.218239],[129.327292,29.218123],[129.327267,29.218006],[129.326979,29.217889],[129.326417,29.217839],[129.326179,29.217831]]],"type":"Polygon"},"properties":{"id":"G71004","kuni":"薩摩","kuni_url":"/kg/resource/K71.html","id_url":"G71004.html","kuni_id":"K71","pref":"鹿児島県","name":"川邊","yomi":"かわなべ"},"type":"Feature"},{"properties":{"id":"G71004","kuni":"薩摩","kuni_url":"/kg/resource/K71.html","id_url":"G71004.html","kuni_id":"K71","pref":"鹿児島県","name":"川邊","yomi":"かわなべ"},"geometry":{"coordinates":[[[129.357826,29.227139],[129.357614,29.227272],[129.357539,29.227564],[129.357564,29.227922],[129.357651,29.228105],[129.357826,29.228022],[129.358001,29.227905],[129.358139,29.227872],[129.358114,29.227764],[129.358301,29.227622],[129.358226,29.22733],[129.358089,29.227139],[129.357826,29.227139]]],"type":"Polygon"},"type":"Feature"},{"geometry":{"type":"Polygon","coordinates":[[[129.363538,29.226881],[129.363438,29.227122],[129.363501,29.227297],[129.363526,29.227414],[129.363626,29.227347],[129.363713,29.227405],[129.363876,29.227472],[129.364013,29.227414],[129.364013,29.227256],[129.363888,29.227006],[129.363726,29.226881],[129.363538,29.226881]]]},"properties":{"id":"G71004","kuni":"薩摩","kuni_url":"/kg/resource/K71.html","id_url":"G71004.html","kuni_id":"K71","pref":"鹿児島県","name":"川邊","yomi":"かわなべ"},"type":"Feature"},{"properties":{"id":"G71004","kuni":"薩摩","kuni_url":"/kg/resource/K71.html","id_url":"G71004.html","kuni_id":"K71","pref":"鹿児島県","name":"川邊","yomi":"かわなべ"},"geometry":{"type":"Polygon","coordinates":[[[129.329291,29.218739],[129.329091,29.218756],[129.329004,29.218831],[129.328954,29.219098],[129.329041,29.219272],[129.329241,29.219414],[129.329491,29.219247],[129.329454,29.219006],[129.329291,29.218739]]]},"type":"Feature"},{"properties":{"id":"G71004","kuni":"薩摩","kuni_url":"/kg/resource/K71.html","id_url":"G71004.html","kuni_id":"K71","pref":"鹿児島県","name":"川邊","yomi":"かわなべ"},"geometry":{"coordinates":[[[129.220353,29.126764],[129.220128,29.126772],[129.220053,29.126922],[129.219915,29.126889],[129.219815,29.126931],[129.219665,29.127114],[129.219403,29.127206],[129.21909,29.127372],[129.218753,29.127689],[129.218653,29.127906],[129.217478,29.128414],[129.217003,29.128631],[129.216603,29.128772],[129.216303,29.12898],[129.215603,29.129722],[129.215291,29.129989],[129.214928,29.130189],[129.214766,29.130205],[129.214478,29.130322],[129.213366,29.131122],[129.212841,29.131913],[129.211578,29.13353],[129.211291,29.133772],[129.210953,29.133863],[129.210766,29.133847],[129.210628,29.133896],[129.210216,29.134163],[129.209666,29.13433],[129.209179,29.134688],[129.208879,29.134755],[129.208541,29.134788],[129.207879,29.13493],[129.207529,29.135096],[129.206916,29.135646],[129.206654,29.13583],[129.206191,29.136429],[129.205966,29.136554],[129.204754,29.136746],[129.204379,29.136796],[129.204029,29.136796],[129.203292,29.136921],[129.202642,29.137196],[129.202142,29.137529],[129.202004,29.137679],[129.202029,29.137688],[129.201679,29.137871],[129.200554,29.138638],[129.199329,29.139954],[129.198454,29.141029],[129.197504,29.141837],[129.197229,29.142204],[129.197242,29.142304],[129.197504,29.142529],[129.197442,29.142545],[129.197042,29.142462],[129.196892,29.142504],[129.196842,29.142762],[129.196854,29.14317],[129.196605,29.143104],[129.19638,29.143145],[129.196092,29.143312],[129.19568,29.143745],[129.195042,29.144262],[129.194567,29.144678],[129.19398,29.14542],[129.193617,29.145912],[129.19248,29.147078],[129.191992,29.14767],[129.19173,29.148053],[129.190992,29.148803],[129.190792,29.149078],[129.190592,29.149186],[129.190105,29.149594],[129.189867,29.149853],[129.189692,29.150178],[129.18953,29.150311],[129.189367,29.150586],[129.189167,29.150778],[129.18913,29.150853],[129.188943,29.151028],[129.188643,29.151194],[129.188205,29.151586],[129.187955,29.151694],[129.18763,29.151894],[129.187168,29.152053],[129.18688,29.152211],[129.186668,29.152777],[129.186643,29.152986],[129.18683,29.153577],[129.18713,29.153952],[129.187868,29.154644],[129.18813,29.155086],[129.188142,29.15536],[129.188067,29.15541],[129.187992,29.155569],[129.18808,29.155877],[129.18848,29.156194],[129.188642,29.15646],[129.188792,29.156385],[129.18903,29.156135],[129.189455,29.155894],[129.189692,29.15591],[129.19003,29.15606],[129.190392,29.156285],[129.19078,29.156344],[129.19218,29.156727],[129.192817,29.157019],[129.194254,29.157994],[129.195279,29.158502],[129.196242,29.158744],[129.198167,29.159019],[129.199241,29.159085],[129.200154,29.159202],[129.200491,29.15916],[129.200829,29.159069],[129.201229,29.15901],[129.202016,29.158719],[129.202454,29.158502],[129.202779,29.158385],[129.203127,29.15823],[129.203706,29.157925],[129.204016,29.157619],[129.204054,29.156177],[129.204179,29.156127],[129.204416,29.156052],[129.204766,29.156011],[129.205153,29.156044],[129.205278,29.156069],[129.205341,29.156319],[129.205866,29.156294],[129.205891,29.156419],[129.206291,29.156427],[129.206291,29.155819],[129.206303,29.155719],[129.206466,29.155619],[129.206641,29.155561],[129.206978,29.155694],[129.207291,29.155894],[129.207553,29.156011],[129.207628,29.156011],[129.207553,29.156211],[129.208078,29.156344],[129.208153,29.156211],[129.208566,29.156277],[129.208478,29.156527],[129.209616,29.156777],[129.209428,29.157102],[129.209278,29.157502],[129.209166,29.157711],[129.209177,29.157872],[129.209216,29.158069],[129.209441,29.158252],[129.209953,29.158586],[129.210603,29.15891],[129.211403,29.159085],[129.212115,29.159119],[129.213365,29.159111],[129.214615,29.158936],[129.21564,29.158736],[129.215803,29.158669],[129.215928,29.158044],[129.21599,29.157936],[129.216127,29.157936],[129.21604,29.158136],[129.216065,29.158327],[129.216165,29.158444],[129.217002,29.158686],[129.217002,29.158636],[129.217377,29.158669],[129.218465,29.158644],[129.21864,29.158602],[129.219115,29.158411],[129.21999,29.157944],[129.220652,29.157319],[129.220852,29.157061],[129.221427,29.156611],[129.221777,29.156161],[129.222102,29.155461],[129.222302,29.154903],[129.222315,29.154753],[129.222215,29.154461],[129.222002,29.154261],[129.22194,29.154244],[129.22194,29.153961],[129.222127,29.153386],[129.222152,29.153128],[129.222065,29.152795],[129.222077,29.152603],[129.222377,29.152378],[129.22259,29.15207],[129.222602,29.151703],[129.22249,29.15122],[129.222227,29.150445],[129.222165,29.149653],[129.22209,29.149412],[129.221852,29.149028],[129.221177,29.148287],[129.220827,29.14802],[129.220165,29.147654],[129.219927,29.14762],[129.219377,29.14762],[129.219077,29.147254],[129.218989,29.14711],[129.218927,29.146962],[129.218603,29.146179],[129.21859,29.145862],[129.218803,29.145145],[129.218828,29.144854],[129.218728,29.143871],[129.218728,29.143546],[129.218828,29.143154],[129.21899,29.142704],[129.219265,29.142262],[129.219278,29.142179],[129.219565,29.141188],[129.219615,29.139638],[129.21949,29.138971],[129.218903,29.13703],[129.218753,29.136088],[129.21879,29.135796],[129.21889,29.13553],[129.219503,29.134547],[129.21989,29.133547],[129.220103,29.133138],[129.22049,29.132588],[129.220665,29.13223],[129.221078,29.131014],[129.22119,29.130772],[129.221353,29.13053],[129.221678,29.130239],[129.221953,29.129755],[129.222178,29.129589],[129.22224,29.129439],[129.222053,29.129397],[129.222053,29.129339],[129.22224,29.129172],[129.22214,29.129089],[129.221965,29.129081],[129.22189,29.128947],[129.221878,29.128831],[129.22199,29.128631],[129.221878,29.128489],[129.221678,29.128572],[129.221665,29.128472],[129.221878,29.128281],[129.221665,29.128164],[129.22174,29.127981],[129.22154,29.127914],[129.221328,29.127756],[129.22109,29.127622],[129.221015,29.127464],[129.22104,29.127397],[129.22084,29.127256],[129.22069,29.127314],[129.220678,29.127347],[129.220578,29.127231],[129.220553,29.126906],[129.220353,29.126764]]],"type":"Polygon"},"type":"Feature"},{"type":"Feature","properties":{"id":"G71004","kuni":"薩摩","kuni_url":"/kg/resource/K71.html","id_url":"G71004.html","kuni_id":"K71","pref":"鹿児島県","name":"川邊","yomi":"かわなべ"},"geometry":{"type":"Polygon","coordinates":[[[129.198667,29.136796],[129.198279,29.136804],[129.198229,29.136838],[129.198229,29.136813],[129.198017,29.136838],[129.197846,29.136964],[129.197746,29.137039],[129.197755,29.137246],[129.197805,29.137379],[129.19788,29.137421],[129.198092,29.137438],[129.198317,29.137388],[129.198667,29.137188],[129.198742,29.137054],[129.198717,29.136838],[129.198667,29.136796]]]}},{"properties":{"id":"G71004","kuni":"薩摩","kuni_url":"/kg/resource/K71.html","id_url":"G71004.html","kuni_id":"K71","pref":"鹿児島県","name":"川邊","yomi":"かわなべ"},"geometry":{"type":"Polygon","coordinates":[[[129.001082,28.827744],[129.000544,28.827903],[129.000207,28.828044],[128.999807,28.828278],[128.999394,28.828652],[128.998944,28.829427],[128.998882,28.829569],[128.998095,28.829561],[128.997895,28.829577],[128.997507,28.829619],[128.997432,28.829686],[128.997545,28.830386],[128.997745,28.830519],[128.997894,28.830561],[128.998494,28.830727],[128.998619,28.830852],[128.998557,28.831044],[128.998294,28.83146],[128.998069,28.831969],[128.997919,28.832744],[128.997932,28.832869],[128.997894,28.832885],[128.997719,28.832935],[128.997707,28.833035],[128.997769,28.833352],[128.997607,28.833352],[128.997419,28.83326],[128.997207,28.83321],[128.99692,28.833444],[128.996832,28.833635],[128.996832,28.833794],[128.99692,28.833894],[128.996982,28.833919],[128.997419,28.83386],[128.997707,28.83376],[128.997807,28.833827],[128.997894,28.833977],[128.998182,28.834668],[128.998132,28.834768],[128.997894,28.834885],[128.997744,28.835077],[128.997794,28.83521],[128.997894,28.835252],[128.997932,28.835277],[128.998282,28.835252],[128.999157,28.835093],[128.999694,28.835018],[129.000169,28.835152],[129.000594,28.835343],[129.000694,28.835585],[129.000532,28.835968],[129.000632,28.836085],[129.000807,28.836127],[129.000919,28.836193],[129.000969,28.836385],[129.000907,28.836685],[129.000944,28.83671],[129.001194,28.836677],[129.001707,28.836752],[129.001894,28.83671],[129.002069,28.83656],[129.002119,28.83656],[129.002319,28.836735],[129.002456,28.836777],[129.002706,28.836577],[129.003331,28.835527],[129.003356,28.835435],[129.002694,28.835052],[129.002582,28.834794],[129.002757,28.833744],[129.002982,28.832994],[129.003007,28.832285],[129.003332,28.831486],[129.003781,28.830286],[129.003844,28.830019],[129.003869,28.829536],[129.003906,28.829419],[129.004069,28.829311],[129.004881,28.828969],[129.005131,28.828919],[129.005944,28.828978],[129.005994,28.828944],[129.006056,28.828678],[129.006044,28.828536],[129.005956,28.828428],[129.005556,28.828278],[129.004956,28.828269],[129.004219,28.828619],[129.003957,28.828611],[129.003144,28.828103],[129.001532,28.827794],[129.001082,28.827744]]]},"type":"Feature"},{"geometry":{"coordinates":[[[128.995608,28.791498],[128.995371,28.791506],[128.995196,28.791598],[128.995121,28.791823],[128.995133,28.79214],[128.994971,28.79224],[128.994358,28.79244],[128.993571,28.792815],[128.993071,28.792931],[128.992896,28.792848],[128.992733,28.79274],[128.992558,28.79274],[128.992521,28.792765],[128.992458,28.792956],[128.992458,28.793181],[128.992058,28.793473],[128.990783,28.794181],[128.989671,28.794698],[128.989583,28.794889],[128.989471,28.794923],[128.989096,28.795306],[128.988708,28.795598],[128.986859,28.796664],[128.985696,28.796981],[128.985409,28.796964],[128.985184,28.796889],[128.984346,28.796914],[128.983971,28.796531],[128.983734,28.796147],[128.983359,28.795314],[128.983346,28.795189],[128.983434,28.794948],[128.983496,28.794864],[128.983596,28.794506],[128.983596,28.794223],[128.983484,28.794048],[128.983247,28.794089],[128.983059,28.794048],[128.982872,28.794056],[128.982484,28.794139],[128.981822,28.794073],[128.980947,28.793873],[128.980559,28.793823],[128.980272,28.793723],[128.980047,28.793523],[128.979947,28.793481],[128.978722,28.793331],[128.978397,28.793189],[128.978172,28.793223],[128.978209,28.793456],[128.977859,28.793923],[128.977485,28.794098],[128.97716,28.794198],[128.976972,28.794481],[128.977097,28.794672],[128.977097,28.794831],[128.976847,28.795406],[128.97661,28.795722],[128.97631,28.795764],[128.976122,28.795847],[128.97606,28.795922],[128.97591,28.796497],[128.975822,28.796647],[128.975585,28.796764],[128.97531,28.797322],[128.975022,28.797489],[128.97471,28.797497],[128.97431,28.797689],[128.97421,28.797772],[128.97416,28.797914],[128.974247,28.798239],[128.97411,28.798655],[128.973872,28.799005],[128.973397,28.799422],[128.973447,28.799489],[128.973847,28.799405],[128.973885,28.799514],[128.973735,28.800355],[128.973535,28.800722],[128.973097,28.801055],[128.972685,28.80133],[128.972485,28.801597],[128.972422,28.802055],[128.972585,28.802172],[128.972785,28.802247],[128.973172,28.802072],[128.973485,28.801913],[128.973847,28.801855],[128.974172,28.80198],[128.974247,28.802122],[128.974222,28.802697],[128.97446,28.802888],[128.97501,28.80293],[128.975422,28.802713],[128.975535,28.802372],[128.97556,28.802055],[128.975635,28.801797],[128.975897,28.801747],[128.975972,28.801763],[128.976397,28.802055],[128.976634,28.801997],[128.976909,28.802047],[128.977322,28.801938],[128.977484,28.801755],[128.977947,28.801547],[128.978172,28.801363],[128.978334,28.801113],[128.978447,28.801022],[128.978384,28.801105],[128.978709,28.801388],[128.978759,28.801388],[128.979222,28.801155],[128.979509,28.801055],[128.979759,28.801088],[128.979997,28.801238],[128.980122,28.801413],[128.980234,28.80143],[128.980297,28.801213],[128.980959,28.800705],[128.980897,28.800372],[128.980722,28.800147],[128.980709,28.799939],[128.980884,28.79968],[128.981559,28.79923],[128.982059,28.798964],[128.983134,28.798555],[128.983496,28.798439],[128.984259,28.798314],[128.984571,28.798306],[128.985021,28.798464],[128.985221,28.798722],[128.985346,28.799072],[128.985359,28.799272],[128.985296,28.799489],[128.985334,28.799564],[128.985609,28.799522],[128.985821,28.799622],[128.986084,28.799822],[128.986346,28.800147],[128.986196,28.80038],[128.985996,28.800572],[128.985984,28.80063],[128.986146,28.800664],[128.986496,28.800622],[128.986671,28.801347],[128.986984,28.801922],[128.987333,28.802238],[128.987796,28.802597],[128.988296,28.802897],[128.989283,28.80363],[128.989646,28.803863],[128.990071,28.804272],[128.990646,28.804513],[128.990721,28.804638],[128.990671,28.804688],[128.990758,28.804772],[128.990933,28.804688],[128.991071,28.804672],[128.991208,28.804997],[128.991283,28.805047],[128.991533,28.805047],[128.991683,28.80508],[128.991783,28.805322],[128.991683,28.805613],[128.991796,28.80583],[128.992145,28.805597],[128.992258,28.805605],[128.992683,28.805805],[128.993308,28.806196],[128.993795,28.806438],[128.993958,28.806546],[128.99397,28.806713],[128.993708,28.806955],[128.993708,28.80713],[128.99377,28.807155],[128.993883,28.807146],[128.994408,28.80723],[128.994633,28.807246],[128.99487,28.807121],[128.99502,28.806946],[128.995258,28.806971],[128.995895,28.806688],[128.99647,28.806596],[128.997233,28.806646],[128.99772,28.806505],[128.997895,28.80643],[128.998157,28.806313],[128.998645,28.80618],[128.999332,28.805822],[129.000245,28.805055],[129.000732,28.804655],[129.001082,28.804088],[129.001332,28.80378],[129.001532,28.803689],[129.00187,28.803614],[129.001945,28.803564],[129.00187,28.803439],[129.001732,28.80333],[129.00167,28.803222],[129.00167,28.802955],[129.001857,28.80263],[129.002007,28.802472],[129.00217,28.802397],[129.00247,28.802397],[129.002645,28.80233],[129.002757,28.802105],[129.00277,28.80193],[129.00262,28.801722],[129.002645,28.80163],[129.002795,28.801505],[129.003045,28.801397],[129.003195,28.801364],[129.00312,28.800964],[129.00352,28.799781],[129.00347,28.799147],[129.003232,28.798181],[129.003132,28.797764],[129.00307,28.797364],[129.00317,28.797348],[129.003282,28.797073],[129.003145,28.797073],[129.002957,28.797131],[129.002895,28.797064],[129.002782,28.796548],[129.00272,28.795948],[129.00287,28.795864],[129.002832,28.795614],[129.00242,28.795256],[129.00212,28.794515],[129.002032,28.794223],[129.00187,28.793898],[129.001657,28.79369],[129.00142,28.793556],[129.000683,28.793298],[129.000445,28.793106],[128.999945,28.793098],[128.999295,28.792865],[128.999033,28.79274],[128.997895,28.792506],[128.99642,28.792298],[128.996195,28.79224],[128.996008,28.792123],[128.995833,28.79189],[128.995733,28.791665],[128.995608,28.791498]]],"type":"Polygon"},"properties":{"id":"G71004","kuni":"薩摩","kuni_url":"/kg/resource/K71.html","id_url":"G71004.html","kuni_id":"K71","pref":"鹿児島県","name":"川邊","yomi":"かわなべ"},"type":"Feature"}]}