{"type":"FeatureCollection","features":[{"properties":{"id_url":"G71013.html","kuni_url":"/kg/resource/K71.html","id":"G71013","kuni":"薩摩","yomi":"いづみ","name":"出水","pref":"鹿児島県","kuni_id":"K71"},"geometry":{"coordinates":[[[130.258232,32.277711],[130.258095,32.277528],[130.25787,32.276828],[130.257857,32.276303],[130.25807,32.27592],[130.25847,32.275695],[130.259344,32.275661],[130.259594,32.275528],[130.259657,32.27542],[130.259644,32.275128],[130.259807,32.274695],[130.260381,32.27441],[130.260481,32.274276],[130.260169,32.274086],[130.259782,32.273961],[130.259482,32.273903],[130.258945,32.274286],[130.258882,32.274653],[130.258445,32.274978],[130.258082,32.275178],[130.257732,32.275278],[130.257232,32.275353],[130.25662,32.275395],[130.256457,32.275361],[130.256445,32.275386],[130.256333,32.275361],[130.255745,32.275136],[130.255183,32.275036],[130.254783,32.27507],[130.254158,32.274953],[130.253721,32.274828],[130.253333,32.274678],[130.253171,32.274545],[130.253158,32.274103],[130.252733,32.273361],[130.252646,32.272812],[130.252808,32.271953],[130.252283,32.271995],[130.252146,32.271837],[130.251984,32.271762],[130.251584,32.272003],[130.250646,32.272453],[130.250334,32.272462],[130.249871,32.272312],[130.249596,32.272162],[130.249371,32.27197],[130.249234,32.271712],[130.249009,32.271678],[130.248472,32.271528],[130.248272,32.271545],[130.248059,32.271503],[130.24773,32.271366],[130.247634,32.271245],[130.247509,32.271178],[130.247334,32.27082],[130.246997,32.269887],[130.246922,32.269437],[130.247197,32.269262],[130.247809,32.268687],[130.248147,32.268462],[130.248422,32.268354],[130.248684,32.268337],[130.248734,32.268312],[130.248809,32.268212],[130.248722,32.267937],[130.248434,32.267904],[130.248347,32.267804],[130.248509,32.267612],[130.248484,32.26752],[130.248347,32.267454],[130.248097,32.267454],[130.247959,32.267579],[130.247872,32.26762],[130.24773,32.267609],[130.247592,32.267614],[130.247372,32.267679],[130.24721,32.267795],[130.24701,32.267862],[130.24641,32.26772],[130.245685,32.26747],[130.244572,32.267029],[130.244248,32.266779],[130.244148,32.266529],[130.243823,32.266304],[130.243773,32.266121],[130.243723,32.266029],[130.243623,32.265987],[130.243548,32.266012],[130.243248,32.26637],[130.243273,32.266387],[130.243223,32.266545],[130.243023,32.266612],[130.242823,32.266612],[130.242773,32.266587],[130.24256,32.266654],[130.242485,32.26672],[130.242085,32.266654],[130.24131,32.266329],[130.241198,32.266145],[130.241223,32.265296],[130.240848,32.265179],[130.240198,32.265104],[130.240123,32.265079],[130.240023,32.265104],[130.239098,32.265029],[130.238848,32.264962],[130.238523,32.264754],[130.238498,32.264712],[130.238273,32.264704],[130.238023,32.264479],[130.237674,32.264071],[130.237536,32.263712],[130.237711,32.263329],[130.237761,32.262987],[130.237686,32.262762],[130.237436,32.262829],[130.237236,32.262804],[130.236761,32.262671],[130.236511,32.262729],[130.236286,32.262862],[130.235261,32.262521],[130.235086,32.262404],[130.235036,32.262246],[130.235124,32.261912],[130.235324,32.261529],[130.235549,32.261354],[130.235674,32.261304],[130.235924,32.261288],[130.236074,32.261129],[130.236249,32.260838],[130.236536,32.260704],[130.236861,32.260613],[130.237511,32.260279],[130.237686,32.260146],[130.237861,32.259813],[130.238049,32.259696],[130.238199,32.25963],[130.238749,32.259588],[130.239323,32.259663],[130.239673,32.259621],[130.240173,32.259463],[130.240498,32.259196],[130.240911,32.258705],[130.241061,32.258346],[130.241111,32.258071],[130.241061,32.257871],[130.241236,32.257738],[130.241273,32.257605],[130.241048,32.25738],[130.241098,32.256972],[130.241273,32.256613],[130.241673,32.256455],[130.241836,32.256347],[130.241911,32.25623],[130.241911,32.25598],[130.242011,32.255897],[130.242036,32.255288],[130.242123,32.254922],[130.242423,32.254255],[130.242836,32.253755],[130.242836,32.253714],[130.242433,32.25337],[130.242245,32.25317],[130.241808,32.253187],[130.241533,32.253345],[130.241311,32.253414],[130.240499,32.25433],[130.240061,32.254847],[130.239411,32.255447],[130.238899,32.255847],[130.238249,32.256047],[130.237924,32.255997],[130.237449,32.255905],[130.237249,32.255813],[130.237124,32.255655],[130.237024,32.25563],[130.236699,32.255722],[130.236424,32.255763],[130.236099,32.255872],[130.235549,32.255938],[130.235324,32.256005],[130.234987,32.256338],[130.234837,32.25663],[130.234462,32.25688],[130.233962,32.257055],[130.233287,32.25703],[130.232762,32.256913],[130.232112,32.25688],[130.231937,32.256838],[130.231374,32.25688],[130.231224,32.256921],[130.23105,32.25708],[130.230975,32.257371],[130.230949,32.257621],[130.230999,32.258005],[130.230937,32.25823],[130.231062,32.258496],[130.231037,32.258654],[130.230762,32.258879],[130.230587,32.258988],[130.230537,32.258988],[130.230162,32.259304],[130.229775,32.259663],[130.229525,32.259771],[130.228825,32.259879],[130.228675,32.260013],[130.228575,32.260196],[130.228962,32.260946],[130.229062,32.261212],[130.229437,32.261596],[130.229612,32.261871],[130.229612,32.261937],[130.230012,32.262096],[130.230424,32.262396],[130.229824,32.263004],[130.229275,32.262812],[130.2293,32.262679],[130.228875,32.262562],[130.2288,32.262521],[130.228137,32.262296],[130.226637,32.261912],[130.22645,32.262212],[130.2261,32.262204],[130.225625,32.262046],[130.225675,32.261779],[130.225275,32.261504],[130.225075,32.261587],[130.224,32.261112],[130.223975,32.260996],[130.224,32.260954],[130.22385,32.260879],[130.22365,32.260879],[130.2236,32.260929],[130.223425,32.260921],[130.223125,32.260762],[130.222875,32.260562],[130.222725,32.260579],[130.222138,32.260062],[130.221638,32.259512],[130.221688,32.259104],[130.221563,32.258904],[130.221213,32.258813],[130.220875,32.258513],[130.2205,32.258171],[130.21995,32.257271],[130.219913,32.256996],[130.219988,32.256821],[130.220188,32.256638],[130.220088,32.256455],[130.219988,32.256438],[130.219838,32.256455],[130.219688,32.256546],[130.219513,32.256563],[130.218663,32.256421],[130.217563,32.256105],[130.216663,32.255688],[130.215913,32.255163],[130.215638,32.254805],[130.215551,32.254571],[130.215601,32.254263],[130.215851,32.253413],[130.216009,32.253177],[130.216226,32.252655],[130.216176,32.252247],[130.216026,32.251772],[130.215738,32.251139],[130.215139,32.250505],[130.214939,32.250139],[130.214839,32.250114],[130.214639,32.25023],[130.214489,32.250405],[130.214326,32.251064],[130.214201,32.251197],[130.213776,32.251397],[130.213651,32.251505],[130.213601,32.251688],[130.213564,32.252097],[130.213589,32.252247],[130.213489,32.252547],[130.213639,32.252563],[130.213739,32.252905],[130.213839,32.253038],[130.214073,32.253334],[130.214126,32.253413],[130.214051,32.25373],[130.213776,32.253888],[130.213276,32.253946],[130.213051,32.254038],[130.212664,32.254105],[130.212389,32.253963],[130.211939,32.253938],[130.211664,32.253963],[130.211414,32.253938],[130.211164,32.253955],[130.210789,32.254138],[130.210289,32.254355],[130.210114,32.25433],[130.209889,32.254355],[130.209551,32.254738],[130.209451,32.25498],[130.209576,32.255138],[130.209851,32.25573],[130.210139,32.256271],[130.210264,32.256388],[130.210614,32.257063],[130.210664,32.257379],[130.210864,32.257788],[130.211026,32.258013],[130.211251,32.258196],[130.211301,32.258288],[130.211476,32.258404],[130.212076,32.258563],[130.212351,32.258388],[130.212126,32.258654],[130.212126,32.258838],[130.212201,32.258971],[130.212376,32.259113],[130.212601,32.259113],[130.212926,32.258954],[130.213176,32.258888],[130.213176,32.259071],[130.213201,32.259071],[130.213176,32.259179],[130.213076,32.259296],[130.212826,32.259454],[130.212551,32.259562],[130.212038,32.259854],[130.211938,32.260079],[130.212063,32.260546],[130.212451,32.261387],[130.212626,32.261637],[130.212926,32.261754],[130.213026,32.261912],[130.213151,32.262337],[130.213351,32.262387],[130.213626,32.26257],[130.214013,32.26302],[130.214113,32.263245],[130.214163,32.263495],[130.213701,32.264287],[130.213651,32.265095],[130.213676,32.265412],[130.213613,32.265995],[130.213738,32.26622],[130.213988,32.26652],[130.214113,32.26677],[130.214151,32.267012],[130.214051,32.267328],[130.214151,32.267828],[130.214201,32.267895],[130.2144,32.268328],[130.214463,32.268912],[130.214338,32.26907],[130.214188,32.269386],[130.214013,32.269495],[130.2139,32.26997],[130.21395,32.27022],[130.21405,32.27042],[130.2139,32.27062],[130.213525,32.27082],[130.213425,32.270936],[130.213363,32.271161],[130.213413,32.271411],[130.213588,32.271503],[130.213863,32.27137],[130.213988,32.271253],[130.214113,32.271278],[130.214263,32.271411],[130.214688,32.27162],[130.214763,32.271753],[130.214663,32.272003],[130.214713,32.272186],[130.214938,32.272345],[130.215013,32.272478],[130.214975,32.27302],[130.214875,32.273269],[130.214675,32.273403],[130.21455,32.273444],[130.214275,32.273419],[130.214075,32.273486],[130.2139,32.273619],[130.21385,32.273619],[130.2137,32.273736],[130.213263,32.273936],[130.212663,32.274153],[130.212438,32.274494],[130.21225,32.274869],[130.21225,32.275053],[130.212575,32.275144],[130.21265,32.275261],[130.212625,32.275394],[130.212525,32.275528],[130.2125,32.275736],[130.21265,32.275803],[130.2131,32.275803],[130.2132,32.275894],[130.213275,32.276144],[130.212988,32.276503],[130.213013,32.276619],[130.213188,32.276636],[130.213363,32.276594],[130.213725,32.276578],[130.214,32.276511],[130.214225,32.276328],[130.214325,32.276153],[130.21455,32.275903],[130.2148,32.275744],[130.2152,32.275594],[130.215438,32.275619],[130.215563,32.275569],[130.215638,32.275461],[130.215638,32.275328],[130.215913,32.275261],[130.216013,32.275303],[130.216638,32.275353],[130.216838,32.275086],[130.217038,32.275153],[130.216738,32.275694],[130.2175,32.276244],[130.217425,32.276369],[130.217437,32.276578],[130.217425,32.276769],[130.217375,32.277053],[130.217362,32.277178],[130.217575,32.277294],[130.217662,32.277353],[130.217775,32.277486],[130.217762,32.277569],[130.217625,32.277752],[130.217625,32.277852],[130.21745,32.277861],[130.217225,32.277861],[130.217062,32.277886],[130.216837,32.278069],[130.2167,32.278194],[130.216712,32.278286],[130.216537,32.278469],[130.2161,32.278644],[130.215875,32.278669],[130.215625,32.278619],[130.215525,32.278711],[130.215325,32.278752],[130.2152,32.278952],[130.21515,32.279136],[130.21525,32.279336],[130.21555,32.279452],[130.21575,32.279427],[130.215925,32.279319],[130.216312,32.280294],[130.216362,32.280561],[130.216212,32.280744],[130.215887,32.280877],[130.215312,32.280486],[130.215037,32.280377],[130.214887,32.280369],[130.214537,32.280277],[130.214138,32.279936],[130.213938,32.279894],[130.213763,32.279936],[130.213638,32.280069],[130.213638,32.280227],[130.213738,32.280277],[130.213963,32.280594],[130.214237,32.280861],[130.2143,32.281019],[130.214125,32.281402],[130.21405,32.282169],[130.214212,32.28251],[130.214462,32.282719],[130.214612,32.28276],[130.214837,32.282785],[130.215062,32.282969],[130.215112,32.283219],[130.214787,32.283419],[130.214637,32.283685],[130.214625,32.28391],[130.215537,32.283894],[130.215862,32.28381],[130.215937,32.283827],[130.216087,32.28406],[130.2161,32.284394],[130.21605,32.284552],[130.2161,32.285302],[130.216175,32.285344],[130.216925,32.285302],[130.2171,32.285352],[130.217275,32.285485],[130.21735,32.28571],[130.217362,32.286319],[130.217437,32.28646],[130.217587,32.28646],[130.217962,32.286327],[130.218112,32.286302],[130.218262,32.286394],[130.218362,32.286577],[130.218512,32.287569],[130.218712,32.287644],[130.219362,32.287377],[130.219662,32.287377],[130.219812,32.287444],[130.220012,32.287652],[130.220112,32.287852],[130.220049,32.288035],[130.219949,32.288119],[130.219649,32.288235],[130.218924,32.288768],[130.218899,32.28886],[130.218924,32.289018],[130.219337,32.289268],[130.219637,32.289335],[130.219662,32.289543],[130.219512,32.289852],[130.219262,32.290127],[130.219312,32.290218],[130.219512,32.290285],[130.219737,32.290335],[130.220037,32.290243],[130.220237,32.290218],[130.220387,32.29031],[130.220487,32.290518],[130.220512,32.290693],[130.220462,32.290743],[130.220224,32.291102],[130.220099,32.29146],[130.220049,32.291868],[130.220249,32.291868],[130.220474,32.29176],[130.220749,32.291577],[130.221099,32.291177],[130.221424,32.29131],[130.221824,32.291677],[130.222074,32.291652],[130.222299,32.291568],[130.222811,32.291477],[130.222899,32.291552],[130.222999,32.291777],[130.222899,32.292043],[130.222674,32.292202],[130.222574,32.292427],[130.222449,32.292585],[130.222124,32.292602],[130.221911,32.292718],[130.221861,32.292918],[130.221636,32.293235],[130.221561,32.293543],[130.221636,32.293593],[130.222011,32.29346],[130.222261,32.293235],[130.222486,32.293077],[130.222786,32.292968],[130.223399,32.29286],[130.223899,32.292977],[130.224674,32.292668],[130.224824,32.292535],[130.224686,32.291677],[130.224786,32.291468],[130.225211,32.291227],[130.225311,32.291043],[130.225336,32.290752],[130.225474,32.290327],[130.226299,32.289635],[130.226686,32.289452],[130.227136,32.289052],[130.227411,32.288969],[130.227611,32.288944],[130.227761,32.28901],[130.228036,32.288969],[130.228336,32.288835],[130.228611,32.288794],[130.228711,32.288819],[130.229373,32.288644],[130.231036,32.29061],[130.230498,32.290969],[130.230448,32.29106],[130.230198,32.29131],[130.229648,32.291594],[130.229573,32.291594],[130.229248,32.29166],[130.228811,32.292044],[130.228961,32.292135],[130.229336,32.292044],[130.229561,32.292027],[130.229686,32.292119],[130.229761,32.292319],[130.230011,32.292344],[130.230286,32.292235],[130.230348,32.291985],[130.230623,32.291877],[130.231148,32.291852],[130.231698,32.292019],[130.231973,32.292044],[130.232173,32.292002],[130.232473,32.291844],[130.232623,32.291619],[130.232648,32.29126],[130.232835,32.291127],[130.23296,32.291194],[130.23321,32.291402],[130.23361,32.291644],[130.234415,32.290886],[130.234535,32.290794],[130.23466,32.290794],[130.234885,32.290735],[130.23516,32.290602],[130.235235,32.29046],[130.235273,32.290219],[130.235473,32.289769],[130.235523,32.289769],[130.235598,32.289677],[130.235648,32.289494],[130.235748,32.289544],[130.235873,32.29006],[130.23601,32.29081],[130.236385,32.290852],[130.236485,32.291194],[130.236685,32.29176],[130.23661,32.291827],[130.23631,32.29176],[130.236235,32.291802],[130.235622,32.292402],[130.235797,32.292544],[130.235947,32.292885],[130.235947,32.293085],[130.235872,32.293127],[130.235747,32.293335],[130.23556,32.293535],[130.23511,32.293735],[130.235035,32.293735],[130.23486,32.293819],[130.234247,32.294627],[130.234072,32.295193],[130.233922,32.29521],[130.233422,32.29541],[130.233347,32.295543],[130.23341,32.295685],[130.23401,32.296052],[130.234035,32.296118],[130.233735,32.296318],[130.233435,32.296402],[130.23311,32.29631],[130.23246,32.29626],[130.232235,32.296168],[130.231585,32.296027],[130.231235,32.296077],[130.231135,32.296185],[130.231048,32.297243],[130.230873,32.297652],[130.230585,32.297893],[130.230385,32.297893],[130.229935,32.297802],[130.229723,32.297485],[130.229498,32.297368],[130.229285,32.297502],[130.22906,32.297502],[130.22891,32.297593],[130.22891,32.297768],[130.22916,32.297818],[130.22926,32.29786],[130.22936,32.298002],[130.22926,32.298135],[130.22911,32.298243],[130.22901,32.298468],[130.22916,32.298585],[130.229835,32.298502],[130.23036,32.298477],[130.23071,32.298502],[130.231085,32.29846],[130.23121,32.298377],[130.23121,32.298152],[130.231748,32.297477],[130.231948,32.29736],[130.232172,32.297435],[130.232347,32.297527],[130.232547,32.297793],[130.232447,32.297885],[130.232322,32.29791],[130.232197,32.297977],[130.232122,32.298085],[130.232185,32.298227],[130.232385,32.298268],[130.232935,32.298768],[130.233085,32.299085],[130.23326,32.299693],[130.233297,32.300618],[130.233372,32.300827],[130.233447,32.300852],[130.233597,32.300827],[130.233647,32.30071],[130.233672,32.300418],[130.233785,32.299968],[130.23396,32.299835],[130.23426,32.299677],[130.23481,32.299502],[130.23496,32.299527],[130.234985,32.299593],[130.235435,32.300118],[130.235709,32.300235],[130.236034,32.300235],[130.236459,32.300168],[130.236984,32.300018],[130.237334,32.299977],[130.237759,32.300002],[130.238009,32.300043],[130.238059,32.30011],[130.238309,32.30016],[130.238359,32.300202],[130.238309,32.300343],[130.238109,32.30041],[130.238009,32.300585],[130.238009,32.300952],[130.238059,32.301102],[130.238134,32.30111],[130.238634,32.300768],[130.239009,32.30071],[130.239509,32.30071],[130.240184,32.30076],[130.240459,32.301035],[130.240584,32.301235],[130.240633,32.301776],[130.240733,32.301801],[130.240933,32.301618],[130.241233,32.301243],[130.241508,32.300993],[130.242196,32.300618],[130.242621,32.300551],[130.243945,32.300601],[130.244045,32.300693],[130.24427,32.301259],[130.244495,32.301309],[130.244645,32.301176],[130.24492,32.301043],[130.245195,32.301109],[130.245345,32.301243],[130.24537,32.301518],[130.245508,32.301859],[130.245608,32.301901],[130.245995,32.301834],[130.24622,32.301751],[130.246645,32.301484],[130.246745,32.301326],[130.24687,32.300984],[130.24697,32.300876],[130.247195,32.300834],[130.24767,32.301126],[130.247729,32.302338],[130.247795,32.302409],[130.247882,32.302576],[130.248382,32.303101],[130.248519,32.303326],[130.248657,32.303684],[130.248882,32.303784],[130.249194,32.303842],[130.249344,32.303842],[130.249594,32.303917],[130.249719,32.304426],[130.249957,32.304442],[130.250407,32.304384],[130.250594,32.304551],[130.250707,32.3048],[130.250781,32.304859],[130.250981,32.304834],[130.251419,32.304625],[130.251706,32.304659],[130.251944,32.304734],[130.252231,32.3046],[130.252619,32.304284],[130.252856,32.304267],[130.253431,32.304692],[130.253581,32.30475],[130.254356,32.304784],[130.254543,32.304967],[130.254531,32.305209],[130.254456,32.305325],[130.254531,32.305575],[130.253818,32.305667],[130.253044,32.305917],[130.252794,32.306084],[130.252794,32.306225],[130.252869,32.30625],[130.253531,32.306084],[130.253756,32.306175],[130.253856,32.3064],[130.253768,32.306917],[130.253781,32.307175],[130.253806,32.307292],[130.254056,32.307192],[130.254431,32.3071],[130.254606,32.306908],[130.254693,32.306667],[130.254806,32.306617],[130.255106,32.306633],[130.255431,32.306692],[130.255806,32.306592],[130.256168,32.30655],[130.256255,32.306617],[130.256405,32.306858],[130.256618,32.306992],[130.256893,32.307292],[130.257043,32.308041],[130.257105,32.308116],[130.25728,32.308183],[130.257443,32.308108],[130.25743,32.307825],[130.257543,32.307266],[130.25738,32.306858],[130.257168,32.30645],[130.256993,32.306017],[130.25678,32.305633],[130.256068,32.304717],[130.255643,32.30435],[130.255431,32.304225],[130.254768,32.303934],[130.254268,32.303592],[130.253694,32.302984],[130.253569,32.302609],[130.253519,32.302092],[130.253569,32.301584],[130.253794,32.301167],[130.254106,32.300867],[130.254444,32.300742],[130.254531,32.300792],[130.254918,32.300717],[130.255181,32.300826],[130.255393,32.300984],[130.255668,32.301026],[130.255781,32.300959],[130.255981,32.300734],[130.255981,32.300609],[130.256056,32.300417],[130.256318,32.300284],[130.256568,32.300051],[130.256693,32.299792],[130.257043,32.299642],[130.257681,32.299459],[130.258668,32.299567],[130.258918,32.299501],[130.25888,32.299309],[130.258943,32.299176],[130.259218,32.299059],[130.259605,32.299134],[130.260055,32.298917],[130.260205,32.298601],[130.260455,32.298401],[130.26083,32.298251],[130.261093,32.298184],[130.261592,32.297884],[130.261892,32.297834],[130.262117,32.297917],[130.262267,32.297917],[130.263467,32.297551],[130.263855,32.297384],[130.263917,32.297334],[130.263917,32.297092],[130.264055,32.296867],[130.264492,32.296634],[130.265567,32.296442],[130.266329,32.296476],[130.266692,32.296367],[130.267017,32.296176],[130.267379,32.295876],[130.267417,32.295609],[130.267092,32.295217],[130.266829,32.294834],[130.266542,32.294801],[130.266342,32.294834],[130.266005,32.294559],[130.265742,32.294234],[130.265455,32.293743],[130.26548,32.293701],[130.265455,32.293393],[130.265292,32.293084],[130.265055,32.292776],[130.26513,32.292276],[130.26538,32.291568],[130.265892,32.291076],[130.26593,32.290668],[130.266055,32.290318],[130.26628,32.289985],[130.266167,32.288668],[130.26628,32.288335],[130.26708,32.287318],[130.26733,32.286793],[130.26758,32.285985],[130.267893,32.284602],[130.26813,32.283985],[130.268843,32.283169],[130.269168,32.282719],[130.268855,32.281444],[130.268905,32.281169],[130.268968,32.281119],[130.269055,32.280894],[130.268743,32.280769],[130.268668,32.280477],[130.268793,32.280152],[130.268955,32.279944],[130.26893,32.279894],[130.267806,32.279686],[130.267381,32.279652],[130.266956,32.279727],[130.266468,32.280002],[130.265243,32.280136],[130.264381,32.279961],[130.264168,32.280036],[130.263768,32.280319],[130.263506,32.280452],[130.263356,32.280427],[130.262519,32.280127],[130.262231,32.280294],[130.261956,32.280644],[130.261331,32.280886],[130.260731,32.281019],[130.260119,32.281211],[130.259731,32.281252],[130.259356,32.281186],[130.258044,32.280519],[130.258044,32.280486],[130.258269,32.280277],[130.257907,32.279802],[130.258582,32.279311],[130.258719,32.279053],[130.259044,32.278819],[130.259369,32.278911],[130.259657,32.278944],[130.259907,32.278811],[130.260132,32.278553],[130.260069,32.278353],[130.259794,32.278094],[130.259319,32.277911],[130.259069,32.277853],[130.258494,32.277794],[130.258232,32.277711]]],"type":"Polygon"},"type":"Feature"},{"properties":{"id_url":"G71013.html","kuni_url":"/kg/resource/K71.html","id":"G71013","kuni":"薩摩","yomi":"いづみ","name":"出水","pref":"鹿児島県","kuni_id":"K71"},"geometry":{"type":"Polygon","coordinates":[[[130.172929,32.231106],[130.172741,32.231014],[130.172554,32.231123],[130.172404,32.231281],[130.172404,32.231323],[130.171929,32.231323],[130.171854,32.231206],[130.171829,32.231006],[130.171667,32.230648],[130.171892,32.230439],[130.172067,32.230373],[130.172142,32.230264],[130.172192,32.230239],[130.172092,32.230081],[130.171917,32.229923],[130.171692,32.229898],[130.171242,32.229964],[130.171217,32.229939],[130.170992,32.229939],[130.170742,32.230006],[130.169629,32.230431],[130.169404,32.230423],[130.168929,32.230581],[130.168804,32.230673],[130.168729,32.230831],[130.168679,32.231206],[130.168579,32.231231],[130.168167,32.231181],[130.168129,32.231139],[130.168129,32.231089],[130.168304,32.230889],[130.168529,32.230423],[130.168754,32.230214],[130.169192,32.230039],[130.169967,32.229639],[130.170042,32.229506],[130.169992,32.229439],[130.169817,32.229348],[130.169592,32.229273],[130.169467,32.229189],[130.169492,32.228873],[130.169579,32.228731],[130.169679,32.228648],[130.169804,32.228623],[130.170179,32.228648],[130.170354,32.228631],[130.170454,32.228514],[130.170304,32.228314],[130.169729,32.227923],[130.169729,32.227815],[130.169892,32.227498],[130.170292,32.227165],[130.170317,32.227073],[130.170267,32.22689],[130.170342,32.226731],[130.170442,32.226623],[130.170492,32.226465],[130.170529,32.22624],[130.170454,32.226031],[130.170279,32.226056],[130.170129,32.226148],[130.169979,32.226056],[130.169954,32.225965],[130.169654,32.225873],[130.169329,32.22589],[130.169154,32.226006],[130.169042,32.22614],[130.168992,32.226273],[130.168742,32.226631],[130.168417,32.22674],[130.168292,32.226831],[130.168342,32.226965],[130.168554,32.227281],[130.168529,32.227598],[130.168429,32.227798],[130.168379,32.228031],[130.168429,32.228256],[130.168904,32.228281],[130.168979,32.228439],[130.168829,32.228598],[130.168617,32.228864],[130.168567,32.229339],[130.168292,32.229473],[130.168192,32.229673],[130.168104,32.230056],[130.167929,32.230323],[130.167554,32.230548],[130.167429,32.230573],[130.167229,32.230548],[130.167054,32.230481],[130.166679,32.230273],[130.166554,32.230064],[130.166379,32.229973],[130.166229,32.229931],[130.166104,32.229723],[130.166029,32.229431],[130.165892,32.229114],[130.165642,32.228956],[130.165592,32.228981],[130.165567,32.229089],[130.165804,32.229881],[130.165754,32.230289],[130.165904,32.230539],[130.166167,32.230856],[130.166242,32.231056],[130.166117,32.231172],[130.165892,32.231164],[130.165717,32.231006],[130.165317,32.230964],[130.165142,32.230872],[130.165067,32.230439],[130.164992,32.230347],[130.164805,32.230214],[130.164542,32.230297],[130.164267,32.230347],[130.164217,32.230297],[130.164167,32.230164],[130.164305,32.229964],[130.16438,32.229673],[130.16423,32.229664],[130.163855,32.229731],[130.16378,32.229706],[130.163705,32.229623],[130.16368,32.229098],[130.16373,32.228898],[130.164142,32.228581],[130.164167,32.228356],[130.164067,32.228223],[130.163892,32.228198],[130.163592,32.228239],[130.162942,32.228214],[130.162342,32.228123],[130.161842,32.227981],[130.161642,32.228023],[130.16138,32.228206],[130.16123,32.228364],[130.161205,32.228498],[130.16143,32.228631],[130.16173,32.228681],[130.16178,32.228723],[130.16188,32.228956],[130.16198,32.229064],[130.162105,32.229114],[130.16228,32.229114],[130.16243,32.229273],[130.162655,32.229431],[130.163055,32.229614],[130.163092,32.229972],[130.162892,32.230089],[130.162542,32.230156],[130.162267,32.230397],[130.161667,32.230531],[130.161442,32.230614],[130.161255,32.230889],[130.16133,32.231022],[130.161705,32.231206],[130.162255,32.231322],[130.162505,32.231322],[130.162805,32.231372],[130.16288,32.231439],[130.163355,32.231647],[130.163405,32.231989],[130.16353,32.232097],[130.163655,32.232164],[130.163754,32.232281],[130.163754,32.232439],[130.163629,32.232531],[130.163292,32.232597],[130.162642,32.232631],[130.162317,32.232789],[130.162117,32.232947],[130.162042,32.233147],[130.162042,32.233355],[130.161992,32.233555],[130.161855,32.233755],[130.161655,32.233847],[130.161555,32.23398],[130.16143,32.234547],[130.161317,32.234772],[130.161042,32.23513],[130.160992,32.235372],[130.160992,32.235672],[130.16093,32.236055],[130.160605,32.237113],[130.160067,32.23823],[130.159705,32.23873],[130.159205,32.239038],[130.159055,32.239196],[130.159005,32.239396],[130.159042,32.239713],[130.159017,32.239963],[130.158917,32.24023],[130.158892,32.240546],[130.158954,32.240888],[130.159529,32.242046],[130.159492,32.242513],[130.159367,32.242829],[130.159117,32.243413],[130.158954,32.243929],[130.159029,32.244629],[130.158979,32.244787],[130.158967,32.244946],[130.159192,32.244996],[130.159279,32.244704],[130.159329,32.244637],[130.159929,32.244304],[130.160754,32.244013],[130.161342,32.243904],[130.161467,32.243721],[130.161617,32.243413],[130.161967,32.243163],[130.162054,32.242604],[130.162179,32.242354],[130.162354,32.241904],[130.162567,32.241746],[130.163242,32.24148],[130.163567,32.240988],[130.163767,32.240788],[130.164179,32.240605],[130.164279,32.240588],[130.164429,32.240496],[130.164529,32.240405],[130.164329,32.239863],[130.164329,32.239638],[130.164517,32.23953],[130.164642,32.239122],[130.164767,32.238897],[130.164867,32.23883],[130.164942,32.238855],[130.165192,32.239105],[130.165817,32.23958],[130.166017,32.23988],[130.166142,32.239988],[130.166417,32.240038],[130.166667,32.240038],[130.166892,32.239971],[130.167016,32.23988],[130.167116,32.239771],[130.167391,32.23968],[130.167641,32.239688],[130.167841,32.23973],[130.168291,32.239488],[130.168491,32.239422],[130.168704,32.23938],[130.168904,32.239238],[130.169079,32.238997],[130.169229,32.238905],[130.169254,32.239022],[130.169141,32.239763],[130.169066,32.239855],[130.168416,32.240071],[130.168141,32.240205],[130.168116,32.240338],[130.168166,32.240496],[130.167704,32.24063],[130.167604,32.24063],[130.166929,32.24083],[130.166779,32.240921],[130.166554,32.241255],[130.166554,32.241463],[130.166641,32.241888],[130.166841,32.242205],[130.166766,32.242321],[130.166691,32.242363],[130.166229,32.242813],[130.166079,32.243038],[130.165904,32.243663],[130.165866,32.244204],[130.165641,32.244679],[130.165716,32.244879],[130.165891,32.245271],[130.166004,32.245671],[130.166104,32.245829],[130.166329,32.245946],[130.166454,32.245971],[130.166829,32.246196],[130.167254,32.246604],[130.167304,32.246721],[130.167504,32.246904],[130.167604,32.246946],[130.167779,32.247087],[130.167891,32.247287],[130.168041,32.248012],[130.168016,32.248237],[130.167891,32.248462],[130.167716,32.248554],[130.167179,32.248704],[130.167129,32.248771],[130.167029,32.249204],[130.167254,32.249629],[130.167454,32.24972],[130.167654,32.24977],[130.168004,32.249662],[130.168504,32.249212],[130.168604,32.249187],[130.169028,32.249212],[130.169278,32.249146],[130.169378,32.249171],[130.169428,32.249287],[130.169328,32.249845],[130.169353,32.250095],[130.169066,32.250412],[130.169041,32.250729],[130.169066,32.250954],[130.169816,32.251704],[130.170753,32.253062],[130.171091,32.253412],[130.171216,32.253645],[130.171291,32.25387],[130.171366,32.254187],[130.171303,32.254845],[130.171253,32.254928],[130.171278,32.255337],[130.171328,32.25547],[130.171278,32.255537],[130.171303,32.255837],[130.171366,32.256037],[130.171966,32.256603],[130.172115,32.256837],[130.172165,32.257078],[130.172215,32.25717],[130.17249,32.257378],[130.17274,32.25742],[130.173265,32.257403],[130.17364,32.257337],[130.17409,32.257162],[130.174315,32.25692],[130.174365,32.256778],[130.174603,32.256245],[130.174878,32.255428],[130.17534,32.254987],[130.175515,32.254695],[130.175765,32.254245],[130.175928,32.254112],[130.176153,32.254045],[130.176703,32.25402],[130.176978,32.254095],[130.17819,32.25482],[130.178365,32.254987],[130.178415,32.255162],[130.17839,32.255279],[130.17804,32.255479],[130.17799,32.255545],[130.177815,32.255587],[130.177715,32.255787],[130.177753,32.256037],[130.177828,32.256328],[130.178078,32.256445],[130.178478,32.256837],[130.178703,32.25697],[130.178828,32.256945],[130.179128,32.256995],[130.179528,32.257153],[130.179878,32.257253],[130.180578,32.257862],[130.18069,32.25807],[130.18064,32.258495],[130.18084,32.258587],[130.180865,32.258653],[130.18104,32.258678],[130.181215,32.258812],[130.181365,32.25882],[130.181415,32.258662],[130.181465,32.258637],[130.181765,32.258687],[130.18199,32.259045],[130.182365,32.259453],[130.18264,32.259462],[130.18284,32.259553],[130.183165,32.259845],[130.183377,32.259912],[130.183615,32.259937],[130.183777,32.26012],[130.183902,32.260278],[130.184152,32.260437],[130.184702,32.260445],[130.184877,32.260537],[130.184902,32.260737],[130.184877,32.260895],[130.184602,32.261295],[130.184215,32.26152],[130.183565,32.261562],[130.18354,32.262128],[130.18339,32.262595],[130.183402,32.262803],[130.183627,32.263145],[130.184027,32.263436],[130.184177,32.263436],[130.184427,32.263395],[130.184777,32.263236],[130.185352,32.263203],[130.185727,32.263203],[130.186352,32.26332],[130.186752,32.263411],[130.187077,32.263595],[130.187452,32.263645],[130.187677,32.263761],[130.188202,32.264328],[130.187714,32.265336],[130.187514,32.265653],[130.187089,32.26612],[130.186927,32.26662],[130.185839,32.268011],[130.185664,32.268278],[130.185677,32.268619],[130.185852,32.268844],[130.186002,32.268911],[130.186252,32.268911],[130.186327,32.268936],[130.186827,32.268936],[130.187589,32.268919],[130.187939,32.268836],[130.188464,32.268636],[130.188939,32.268211],[130.189239,32.268144],[130.189539,32.268211],[130.189752,32.268169],[130.189902,32.268011],[130.189877,32.267878],[130.189777,32.267695],[130.189427,32.267495],[130.189227,32.267261],[130.189102,32.266745],[130.188914,32.26627],[130.188839,32.265728],[130.188914,32.265278],[130.189052,32.26512],[130.189427,32.264853],[130.189777,32.264986],[130.190077,32.265036],[130.190277,32.264953],[130.190277,32.264811],[130.190177,32.264636],[130.189564,32.263995],[130.189389,32.263728],[130.189339,32.263362],[130.189439,32.262978],[130.189477,32.262578],[130.189452,32.262278],[130.189502,32.261987],[130.189752,32.261603],[130.189727,32.261587],[130.189752,32.261445],[130.189664,32.261287],[130.189539,32.261178],[130.189014,32.261037],[130.188715,32.260903],[130.18844,32.260695],[130.18814,32.260312],[130.188065,32.260037],[130.18799,32.259704],[130.188027,32.258687],[130.188002,32.258462],[130.187902,32.258279],[130.187815,32.258095],[130.18759,32.258054],[130.18754,32.257937],[130.18714,32.257345],[130.186965,32.257462],[130.187402,32.258204],[130.187352,32.25832],[130.187152,32.258454],[130.187077,32.258404],[130.186802,32.258495],[130.186702,32.258604],[130.186702,32.258679],[130.186502,32.258762],[130.186527,32.25892],[130.186227,32.258895],[130.185977,32.25847],[130.185752,32.258379],[130.185552,32.25842],[130.185452,32.258395],[130.185127,32.258237],[130.185102,32.257945],[130.184877,32.257804],[130.184627,32.257804],[130.184427,32.257737],[130.184352,32.257595],[130.18444,32.257129],[130.18429,32.256987],[130.184365,32.25667],[130.18449,32.256654],[130.18469,32.256695],[130.18519,32.256479],[130.18519,32.256387],[130.18514,32.256204],[130.184677,32.255995],[130.184302,32.255929],[130.184227,32.255879],[130.183977,32.255837],[130.183615,32.255904],[130.183502,32.255654],[130.183652,32.255454],[130.184377,32.255071],[130.184727,32.254829],[130.18479,32.254621],[130.184915,32.254579],[130.18494,32.254487],[130.18489,32.254421],[130.184915,32.254104],[130.18499,32.254012],[130.184915,32.253904],[130.184665,32.253604],[130.18419,32.253537],[130.184203,32.253412],[130.184465,32.252996],[130.184489,32.252937],[130.184265,32.252729],[130.184115,32.252721],[130.183915,32.252787],[130.18379,32.252854],[130.183603,32.253171],[130.183503,32.253237],[130.183228,32.253237],[130.183128,32.253304],[130.183078,32.253412],[130.183065,32.253504],[130.18289,32.253704],[130.182765,32.253771],[130.182415,32.253587],[130.182453,32.253387],[130.182503,32.253296],[130.182528,32.253004],[130.182453,32.252896],[130.182153,32.252871],[130.181903,32.252846],[130.18184,32.252304],[130.18174,32.252187],[130.181515,32.252162],[130.181315,32.252187],[130.18104,32.252187],[130.18034,32.252046],[130.18019,32.252046],[130.17994,32.251837],[130.180115,32.251571],[130.180065,32.251429],[130.179815,32.251321],[130.17929,32.251404],[130.179115,32.251337],[130.17899,32.251221],[130.17894,32.250454],[130.17874,32.250337],[130.17854,32.250404],[130.178465,32.250429],[130.17829,32.250337],[130.178253,32.250021],[130.178578,32.249779],[130.178628,32.249621],[130.178578,32.249554],[130.178253,32.249438],[130.178278,32.249188],[130.178153,32.249096],[130.177453,32.249021],[130.177028,32.249021],[130.176978,32.248996],[130.176603,32.248679],[130.175953,32.248429],[130.175641,32.247904],[130.175516,32.247479],[130.175616,32.247363],[130.175941,32.247254],[130.176016,32.247138],[130.175966,32.246871],[130.175891,32.246846],[130.175803,32.246713],[130.175828,32.246513],[130.176153,32.246196],[130.176253,32.246154],[130.176453,32.245971],[130.176553,32.245771],[130.176841,32.24523],[130.176816,32.245071],[130.176616,32.244713],[130.176516,32.244438],[130.175778,32.243213],[130.175553,32.242763],[130.175591,32.242421],[130.175491,32.241788],[130.175591,32.241388],[130.175553,32.24118],[130.175553,32.24073],[130.175653,32.240572],[130.175853,32.240422],[130.176303,32.240197],[130.176478,32.24038],[130.176953,32.240763],[130.177503,32.24133],[130.177928,32.24163],[130.178078,32.24163],[130.178128,32.241563],[130.178078,32.24138],[130.177403,32.240788],[130.177253,32.240405],[130.177216,32.240088],[130.177041,32.239613],[130.176966,32.239297],[130.176866,32.239097],[130.176678,32.238597],[130.176453,32.238305],[130.176204,32.238189],[130.176004,32.23803],[130.175854,32.237805],[130.175479,32.237572],[130.175204,32.237455],[130.175079,32.237364],[130.174954,32.237164],[130.174916,32.236664],[130.174966,32.236622],[130.175191,32.23658],[130.175216,32.23653],[130.175141,32.236397],[130.174591,32.236214],[130.174191,32.236164],[130.174066,32.236005],[130.173904,32.235305],[130.174429,32.235264],[130.174729,32.235222],[130.174929,32.235247],[130.175104,32.235139],[130.175129,32.234981],[130.175079,32.234797],[130.174929,32.234747],[130.174679,32.234706],[130.174454,32.234722],[130.174054,32.234814],[130.173979,32.234764],[130.173979,32.234672],[130.174129,32.234364],[130.174329,32.234272],[130.174529,32.234231],[130.174804,32.234297],[130.174916,32.234297],[130.175041,32.234164],[130.175116,32.233981],[130.175091,32.233847],[130.175266,32.233647],[130.175166,32.233531],[130.174916,32.233531],[130.174716,32.233464],[130.174541,32.233347],[130.174391,32.232939],[130.174229,32.232739],[130.173954,32.232622],[130.173704,32.232597],[130.173391,32.232622],[130.173116,32.232681],[130.172841,32.232706],[130.172716,32.232589],[130.172591,32.232364],[130.172529,32.231981],[130.172554,32.231781],[130.172679,32.231756],[130.172979,32.231847],[130.173129,32.231831],[130.173229,32.231623],[130.173204,32.231448],[130.172929,32.231106]]]},"type":"Feature"},{"type":"Feature","properties":{"id_url":"G71013.html","kuni_url":"/kg/resource/K71.html","id":"G71013","kuni":"薩摩","yomi":"いづみ","name":"出水","pref":"鹿児島県","kuni_id":"K71"},"geometry":{"type":"Polygon","coordinates":[[[130.205403,32.204377],[130.204878,32.204419],[130.204703,32.204511],[130.204353,32.204619],[130.203941,32.204869],[130.203791,32.204977],[130.203641,32.205269],[130.203641,32.205519],[130.203691,32.20561],[130.204091,32.205727],[130.204216,32.205835],[130.204778,32.206452],[130.205053,32.20726],[130.20509,32.20821],[130.204965,32.208727],[130.20484,32.208952],[130.204865,32.209135],[130.205203,32.209543],[130.206428,32.21036],[130.206603,32.210518],[130.206728,32.210543],[130.206878,32.210543],[130.207178,32.21041],[130.207328,32.210343],[130.207453,32.210352],[130.207678,32.210393],[130.207878,32.210393],[130.208353,32.211118],[130.208365,32.211552],[130.20834,32.211685],[130.20824,32.211868],[130.20804,32.212043],[130.20799,32.21216],[130.208015,32.212451],[130.20814,32.212785],[130.208128,32.212901],[130.207828,32.212918],[130.207703,32.21276],[130.207478,32.212785],[130.207403,32.212851],[130.207428,32.213035],[130.207153,32.213118],[130.206953,32.213143],[130.206828,32.213026],[130.206603,32.213001],[130.206553,32.212868],[130.206378,32.212893],[130.206228,32.212976],[130.206253,32.213185],[130.206053,32.213226],[130.205703,32.213243],[130.205015,32.213468],[130.20434,32.213551],[130.20414,32.213709],[130.203815,32.213909],[130.20349,32.214043],[130.20329,32.214201],[130.203153,32.214718],[130.202903,32.214918],[130.202553,32.215117],[130.201978,32.215184],[130.20134,32.215242],[130.201265,32.215359],[130.201215,32.215517],[130.201115,32.215626],[130.20089,32.215759],[130.200565,32.215892],[130.20034,32.215801],[130.200165,32.215617],[130.19999,32.215576],[130.19984,32.215576],[130.199291,32.215751],[130.198878,32.216017],[130.198778,32.216175],[130.198653,32.216559],[130.198353,32.217009],[130.198128,32.217092],[130.197766,32.217117],[130.197466,32.217067],[130.197266,32.217],[130.197053,32.216792],[130.197003,32.216634],[130.197053,32.216434],[130.197378,32.21585],[130.197416,32.215325],[130.197566,32.214901],[130.197791,32.214676],[130.198166,32.214526],[130.198553,32.214434],[130.198853,32.214351],[130.198978,32.214167],[130.198928,32.213651],[130.199028,32.213517],[130.199216,32.212751],[130.199266,32.212701],[130.199566,32.212593],[130.199816,32.212301],[130.199928,32.212009],[130.200178,32.211826],[130.200953,32.211584],[130.201253,32.211435],[130.201478,32.211276],[130.201616,32.211076],[130.201741,32.210918],[130.201891,32.210351],[130.202278,32.209835],[130.202153,32.209027],[130.202078,32.208802],[130.201591,32.20821],[130.201391,32.208068],[130.201066,32.208068],[130.200816,32.20816],[130.200528,32.208518],[130.200428,32.208743],[130.200228,32.208985],[130.199953,32.20921],[130.199716,32.209326],[130.199491,32.209368],[130.199266,32.209368],[130.198391,32.209518],[130.198166,32.209651],[130.197966,32.209901],[130.197791,32.210143],[130.197603,32.210818],[130.197578,32.211201],[130.197503,32.211451],[130.197391,32.211493],[130.197041,32.211584],[130.196491,32.212009],[130.196291,32.212092],[130.196091,32.212301],[130.195628,32.213376],[130.195453,32.213492],[130.195016,32.213692],[130.194966,32.213842],[130.194941,32.214525],[130.194978,32.21515],[130.195178,32.215292],[130.195353,32.215809],[130.195653,32.216042],[130.196078,32.216267],[130.196278,32.216542],[130.196228,32.21665],[130.196091,32.216717],[130.195866,32.216742],[130.195166,32.216642],[130.194916,32.216392],[130.194741,32.216325],[130.194566,32.216325],[130.194291,32.216525],[130.194266,32.216617],[130.193941,32.216817],[130.193816,32.217175],[130.193353,32.217758],[130.193128,32.217941],[130.192378,32.218066],[130.191778,32.218066],[130.191366,32.218175],[130.190716,32.21815],[130.190466,32.218208],[130.190141,32.218325],[130.189491,32.218766],[130.189178,32.219108],[130.189003,32.219441],[130.188678,32.219799],[130.188403,32.219982],[130.188353,32.220091],[130.188341,32.220541],[130.188291,32.220724],[130.188116,32.220991],[130.187791,32.221174],[130.187541,32.221216],[130.187403,32.221282],[130.187403,32.221416],[130.187578,32.221482],[130.187728,32.221599],[130.187853,32.221732],[130.188003,32.221807],[130.188203,32.222166],[130.188328,32.222232],[130.188428,32.222232],[130.188503,32.222416],[130.188478,32.222841],[130.188541,32.223249],[130.188716,32.223432],[130.188791,32.223865],[130.188916,32.223949],[130.189116,32.223957],[130.189166,32.223907],[130.189141,32.223416],[130.189191,32.223141],[130.189328,32.222916],[130.189678,32.222649],[130.190053,32.222632],[130.190228,32.222566],[130.190403,32.222382],[130.190528,32.222316],[130.190603,32.222316],[130.190753,32.222524],[130.190828,32.222549],[130.191541,32.222166],[130.191941,32.222083],[130.192091,32.222124],[130.192216,32.222216],[130.192391,32.222441],[130.192403,32.222916],[130.192478,32.223008],[130.192578,32.223074],[130.192678,32.223216],[130.192778,32.223416],[130.192753,32.223532],[130.192503,32.223707],[130.192503,32.223866],[130.192553,32.223932],[130.193003,32.223982],[130.193228,32.224141],[130.193341,32.224391],[130.193091,32.224657],[130.193091,32.224841],[130.193216,32.224882],[130.193366,32.224882],[130.193441,32.224932],[130.193216,32.225182],[130.193316,32.225291],[130.193491,32.225291],[130.193816,32.225274],[130.19399,32.225407],[130.193878,32.225816],[130.194003,32.226157],[130.193653,32.226449],[130.193478,32.226691],[130.193403,32.226874],[130.193453,32.226891],[130.194103,32.226766],[130.194378,32.226424],[130.194678,32.226449],[130.195053,32.226157],[130.195178,32.226116],[130.195378,32.226141],[130.195628,32.226349],[130.195653,32.226391],[130.195728,32.226416],[130.195803,32.226482],[130.196353,32.226757],[130.196978,32.226649],[130.197228,32.226741],[130.197278,32.226807],[130.197053,32.227349],[130.197103,32.227641],[130.19724,32.228141],[130.19734,32.228549],[130.197565,32.228907],[130.197453,32.229449],[130.197453,32.229632],[130.197528,32.229857],[130.197403,32.229965],[130.197428,32.230307],[130.197453,32.23044],[130.197065,32.230757],[130.19694,32.230824],[130.19699,32.230999],[130.19694,32.23114],[130.196815,32.231182],[130.19679,32.231224],[130.196415,32.231407],[130.196215,32.231449],[130.196015,32.231557],[130.195878,32.23199],[130.195428,32.23239],[130.195278,32.232707],[130.194915,32.233065],[130.19479,32.233448],[130.19469,32.234032],[130.194653,32.23464],[130.194878,32.234932],[130.194928,32.23509],[130.194828,32.235565],[130.194865,32.235906],[130.194815,32.236131],[130.19444,32.236823],[130.194403,32.237123],[130.194578,32.237456],[130.194628,32.238206],[130.19459,32.238314],[130.194115,32.238964],[130.193965,32.239281],[130.19394,32.239439],[130.193953,32.239598],[130.194053,32.239689],[130.194103,32.239823],[130.193928,32.239939],[130.193778,32.239931],[130.193628,32.239981],[130.193353,32.240406],[130.193065,32.240964],[130.19304,32.241172],[130.193065,32.241347],[130.19314,32.241531],[130.193365,32.241781],[130.19349,32.241964],[130.193703,32.242997],[130.193778,32.243156],[130.194152,32.243456],[130.194265,32.243889],[130.19419,32.244155],[130.194215,32.244355],[130.194315,32.244497],[130.19499,32.244497],[130.195215,32.244455],[130.195902,32.243897],[130.196027,32.243739],[130.196477,32.243431],[130.196727,32.243272],[130.19709,32.242756],[130.19804,32.242423],[130.19844,32.242131],[130.198927,32.241389],[130.198977,32.241214],[130.199102,32.241031],[130.199665,32.240673],[130.19984,32.240473],[130.200015,32.240498],[130.200515,32.240406],[130.201065,32.240215],[130.201527,32.239765],[130.201577,32.239581],[130.201552,32.239315],[130.201327,32.238998],[130.20109,32.238656],[130.200815,32.237956],[130.200677,32.237115],[130.200652,32.236257],[130.200777,32.235832],[130.20109,32.235382],[130.20139,32.235157],[130.201915,32.23489],[130.202052,32.234649],[130.202127,32.234282],[130.202327,32.23399],[130.202477,32.23359],[130.202815,32.233049],[130.202915,32.232799],[130.202915,32.232624],[130.202727,32.232174],[130.202102,32.231849],[130.202002,32.231716],[130.201627,32.230966],[130.201278,32.230491],[130.20119,32.230174],[130.20124,32.230066],[130.20149,32.229932],[130.201665,32.229749],[130.201765,32.229257],[130.202003,32.228966],[130.202402,32.228583],[130.202452,32.228424],[130.202503,32.227999],[130.202815,32.227616],[130.203265,32.227258],[130.203415,32.227099],[130.20339,32.226916],[130.203302,32.226758],[130.203327,32.226583],[130.203552,32.2262],[130.203852,32.2262],[130.204102,32.22625],[130.204252,32.2262],[130.204427,32.226116],[130.204552,32.225958],[130.204665,32.225775],[130.20474,32.225708],[130.20509,32.2258],[130.20524,32.225691],[130.205265,32.22565],[130.20544,32.22565],[130.20559,32.225716],[130.20574,32.225941],[130.206065,32.226016],[130.206415,32.225883],[130.206815,32.225767],[130.207765,32.225842],[130.208265,32.225492],[130.208602,32.225358],[130.209127,32.225242],[130.209352,32.225183],[130.20964,32.224209],[130.209765,32.2241],[130.209715,32.223825],[130.209465,32.223217],[130.209465,32.223034],[130.209577,32.222834],[130.209302,32.222409],[130.209052,32.222242],[130.208452,32.222084],[130.208177,32.221925],[130.207727,32.221517],[130.207577,32.221284],[130.20749,32.2209],[130.207265,32.220675],[130.20714,32.22065],[130.206965,32.2207],[130.20664,32.22065],[130.20649,32.2206],[130.206315,32.2204],[130.20609,32.219992],[130.20594,32.219859],[130.205515,32.21965],[130.205365,32.219534],[130.20509,32.2194],[130.205015,32.219284],[130.205015,32.219125],[130.204965,32.218942],[130.204778,32.218676],[130.204703,32.218467],[130.204778,32.218317],[130.205328,32.218134],[130.205728,32.218184],[130.206153,32.218184],[130.206203,32.218209],[130.206178,32.218142],[130.20639,32.217809],[130.20644,32.217717],[130.20634,32.217559],[130.206365,32.217492],[130.207265,32.217043],[130.207665,32.217542],[130.207615,32.217726],[130.207615,32.217976],[130.207715,32.218217],[130.207902,32.218467],[130.208477,32.218792],[130.208877,32.218992],[130.209877,32.220134],[130.210102,32.220267],[130.210715,32.220542],[130.211065,32.220726],[130.21124,32.220842],[130.211365,32.220867],[130.211465,32.220776],[130.211377,32.220234],[130.211277,32.219734],[130.211227,32.219243],[130.21129,32.218626],[130.211465,32.217976],[130.211377,32.217726],[130.211402,32.217393],[130.211577,32.216851],[130.21189,32.216201],[130.21199,32.215951],[130.211915,32.215543],[130.211802,32.215001],[130.211727,32.214435],[130.211652,32.214368],[130.21124,32.213285],[130.21114,32.212943],[130.211115,32.212677],[130.210702,32.211568],[130.210602,32.211185],[130.210365,32.210593],[130.210365,32.210485],[130.210265,32.210235],[130.209915,32.209668],[130.209053,32.208869],[130.207903,32.207985],[130.207653,32.207869],[130.207603,32.207802],[130.207253,32.207552],[130.206803,32.20721],[130.206415,32.206619],[130.20624,32.20596],[130.20614,32.205869],[130.20589,32.205852],[130.20564,32.20596],[130.205465,32.206252],[130.20529,32.206294],[130.20514,32.206227],[130.205015,32.20611],[130.204915,32.20586],[130.20499,32.205619],[130.205065,32.205502],[130.205265,32.205344],[130.205503,32.205102],[130.205603,32.204944],[130.205628,32.204652],[130.205503,32.204444],[130.205403,32.204377]]]}},{"geometry":{"type":"Polygon","coordinates":[[[130.156906,32.195326],[130.157131,32.19551],[130.157456,32.195693],[130.157906,32.195718],[130.157931,32.195743],[130.158031,32.196035],[130.157781,32.196301],[130.157519,32.19666],[130.157819,32.196843],[130.157869,32.196935],[130.157844,32.196976],[130.156881,32.19801],[130.156381,32.198659],[130.156244,32.199018],[130.155756,32.200101],[130.155581,32.200684],[130.155669,32.201517],[130.155869,32.201909],[130.156094,32.202242],[130.156319,32.202676],[130.156481,32.202859],[130.156556,32.202901],[130.157656,32.203317],[130.157731,32.203384],[130.157831,32.203409],[130.158131,32.203684],[130.158531,32.204134],[130.158806,32.204117],[130.158956,32.204159],[130.158956,32.204317],[130.158881,32.2045],[130.158493,32.204634],[130.157793,32.204942],[130.157443,32.204942],[130.157243,32.2048],[130.157043,32.20455],[130.156769,32.20435],[130.156531,32.204075],[130.156306,32.204009],[130.155719,32.204],[130.155544,32.20405],[130.155394,32.204184],[130.155594,32.204792],[130.155469,32.2049],[130.155394,32.204925],[130.154131,32.205459],[130.152769,32.206258],[130.151869,32.206483],[130.151744,32.20655],[130.151394,32.206842],[130.151006,32.207042],[130.150381,32.207442],[130.150056,32.207592],[130.149694,32.207816],[130.149394,32.20795],[130.149278,32.20804],[130.149094,32.208375],[130.148869,32.208625],[130.148644,32.208716],[130.148569,32.208691],[130.148431,32.209091],[130.148481,32.20955],[130.148431,32.209883],[130.148531,32.210091],[130.148656,32.210158],[130.148994,32.210275],[130.149169,32.210433],[130.148944,32.210949],[130.148494,32.211399],[130.148431,32.211691],[130.148556,32.211824],[130.148881,32.212058],[130.149031,32.212233],[130.148956,32.212708],[130.148756,32.212816],[130.148194,32.212933],[130.148119,32.213082],[130.148169,32.213291],[130.148144,32.213382],[130.148019,32.213424],[130.147919,32.213532],[130.147819,32.213691],[130.147794,32.213899],[130.147906,32.214349],[130.147806,32.214866],[130.147631,32.215132],[130.147419,32.215407],[130.147169,32.215832],[130.146869,32.21619],[130.146206,32.216457],[130.145681,32.216524],[130.145481,32.216674],[130.145431,32.216815],[130.145506,32.216974],[130.145681,32.217132],[130.145881,32.217224],[130.145931,32.217224],[130.146231,32.217132],[130.146806,32.216915],[130.147431,32.216782],[130.147731,32.216874],[130.148031,32.216899],[130.148131,32.216874],[130.148369,32.216724],[130.148544,32.216432],[130.148669,32.216049],[130.148819,32.215841],[130.148994,32.215666],[130.149281,32.215507],[130.149531,32.215491],[130.149756,32.215557],[130.149806,32.215757],[130.149944,32.215916],[130.150069,32.215941],[130.150169,32.215874],[130.150181,32.215699],[130.150556,32.215407],[130.151131,32.215157],[130.151431,32.215166],[130.151881,32.215207],[130.152206,32.215074],[130.152593,32.214857],[130.152843,32.214632],[130.152793,32.214582],[130.152793,32.214266],[130.152968,32.213958],[130.153231,32.213824],[130.154156,32.213824],[130.154531,32.213874],[130.154481,32.213966],[130.154406,32.213966],[130.154231,32.214166],[130.154118,32.214774],[130.154168,32.215049],[130.154168,32.215316],[130.154256,32.215974],[130.154356,32.216107],[130.155481,32.216432],[130.155606,32.216524],[130.155781,32.216841],[130.155706,32.217091],[130.155168,32.217374],[130.154918,32.217665],[130.154793,32.21769],[130.154343,32.217932],[130.153743,32.21804],[130.153356,32.21824],[130.153081,32.218265],[130.152256,32.217899],[130.152106,32.21794],[130.151981,32.218074],[130.151956,32.218232],[130.152006,32.218374],[130.152181,32.218574],[130.152206,32.218799],[130.152306,32.218982],[130.153056,32.219124],[130.153418,32.219399],[130.153606,32.219349],[130.153806,32.21924],[130.154031,32.219174],[130.154106,32.219357],[130.154118,32.219674],[130.153943,32.219807],[130.153518,32.21994],[130.153243,32.220182],[130.153243,32.220298],[130.153493,32.22039],[130.154143,32.220532],[130.154718,32.220782],[130.154693,32.22089],[130.154481,32.221048],[130.154381,32.221073],[130.153781,32.221182],[130.153681,32.221382],[130.153781,32.221473],[130.153881,32.221607],[130.153731,32.221723],[130.153256,32.221765],[130.152906,32.221648],[130.152706,32.221532],[130.152506,32.22149],[130.152356,32.221623],[130.152518,32.221957],[130.152418,32.222115],[130.152393,32.222273],[130.152543,32.222498],[130.152768,32.222573],[130.153093,32.222257],[130.153293,32.222123],[130.154106,32.221948],[130.154581,32.221798],[130.15483,32.221798],[130.15488,32.221773],[130.155105,32.221507],[130.155255,32.221465],[130.15533,32.221482],[130.155555,32.22169],[130.15573,32.221757],[130.155805,32.22194],[130.15593,32.222098],[130.15603,32.222123],[130.15608,32.22219],[130.15603,32.222348],[130.156105,32.222507],[130.156005,32.22264],[130.156043,32.222823],[130.155818,32.222815],[130.155668,32.222882],[130.155543,32.222707],[130.15548,32.222432],[130.15533,32.22239],[130.155143,32.222473],[130.154768,32.222765],[130.154418,32.22324],[130.154268,32.223281],[130.154118,32.223281],[130.153743,32.223206],[130.153568,32.223206],[130.153418,32.223298],[130.153431,32.223415],[130.153706,32.223431],[130.153906,32.223506],[130.154055,32.223931],[130.15423,32.224181],[130.15408,32.224815],[130.154068,32.225131],[130.154218,32.225856],[130.15408,32.226189],[130.153755,32.226639],[130.153355,32.226956],[130.153105,32.227014],[130.15268,32.227039],[130.152555,32.227106],[130.152493,32.227239],[130.152543,32.227356],[130.153068,32.227398],[130.153318,32.227473],[130.153393,32.227564],[130.153593,32.227673],[130.153868,32.227698],[130.153993,32.227748],[130.154193,32.227773],[130.154368,32.227839],[130.154343,32.227973],[130.154243,32.228173],[130.154268,32.228314],[130.154443,32.228289],[130.155168,32.227956],[130.155318,32.227939],[130.155393,32.228098],[130.155543,32.228414],[130.155668,32.228414],[130.155718,32.228139],[130.15553,32.227873],[130.15518,32.227689],[130.155005,32.227573],[130.15498,32.227439],[130.155155,32.227148],[130.15538,32.226964],[130.15563,32.226698],[130.15568,32.226673],[130.155618,32.226514],[130.155668,32.226314],[130.155968,32.226273],[130.156118,32.226206],[130.156218,32.225981],[130.156318,32.225931],[130.156693,32.225848],[130.156993,32.225898],[130.157118,32.226189],[130.157293,32.226189],[130.157418,32.226239],[130.157543,32.226439],[130.157543,32.226781],[130.157643,32.226914],[130.157818,32.226939],[130.158068,32.226898],[130.158218,32.226831],[130.158718,32.226723],[130.158743,32.226473],[130.158543,32.226331],[130.158293,32.226223],[130.158118,32.225906],[130.15803,32.225473],[130.158005,32.224906],[130.158155,32.224823],[130.158405,32.224798],[130.158805,32.224915],[130.15898,32.22494],[130.159068,32.224756],[130.159018,32.224623],[130.159018,32.224398],[130.158968,32.22424],[130.159193,32.223815],[130.159118,32.22354],[130.158955,32.223357],[130.158855,32.223107],[130.158855,32.222865],[130.15863,32.22239],[130.158605,32.222207],[130.15873,32.222098],[130.159518,32.222007],[130.159643,32.221898],[130.159593,32.221673],[130.159068,32.22144],[130.158743,32.22144],[130.158718,32.221415],[130.158918,32.221148],[130.159318,32.221057],[130.159655,32.220724],[130.159905,32.220682],[130.16023,32.220774],[130.160605,32.220774],[130.16093,32.220732],[130.16118,32.220599],[130.161155,32.220465],[130.16108,32.220332],[130.160555,32.220232],[130.16028,32.22014],[130.160055,32.219982],[130.15978,32.220007],[130.15918,32.220132],[130.15918,32.220065],[130.159455,32.219615],[130.159768,32.219482],[130.159743,32.219324],[130.159618,32.219124],[130.159918,32.21874],[130.160193,32.218724],[130.160543,32.218832],[130.161018,32.21909],[130.161293,32.219115],[130.161568,32.219049],[130.161668,32.218957],[130.161643,32.218824],[130.161568,32.218757],[130.161655,32.21864],[130.161605,32.218549],[130.16148,32.218574],[130.16138,32.21864],[130.161205,32.218499],[130.16088,32.218315],[130.160805,32.218207],[130.160905,32.217824],[130.16103,32.217507],[130.161318,32.217241],[130.161593,32.216924],[130.161593,32.216766],[130.161543,32.216657],[130.161368,32.216516],[130.161018,32.216332],[130.160968,32.216266],[130.160843,32.216357],[130.160618,32.216174],[130.160568,32.215991],[130.16063,32.215432],[130.160815,32.215307],[130.16078,32.215249],[130.160655,32.215049],[130.160455,32.214958],[130.16038,32.214774],[130.160055,32.214524],[130.160055,32.214433],[130.160105,32.214391],[130.160418,32.214366],[130.160693,32.214458],[130.160993,32.214441],[130.161743,32.214308],[130.161818,32.214199],[130.161668,32.213833],[130.161343,32.213649],[130.161193,32.213516],[130.161243,32.213491],[130.161193,32.213358],[130.161043,32.213241],[130.160755,32.213133],[130.16063,32.213041],[130.160355,32.212899],[130.160155,32.212766],[130.160805,32.212749],[130.16138,32.2128],[130.161705,32.212891],[130.16198,32.212891],[130.162305,32.2128],[130.16253,32.212783],[130.162605,32.212808],[130.162755,32.212966],[130.16293,32.213058],[130.163155,32.213033],[130.163355,32.2129],[130.16338,32.212791],[130.163355,32.212741],[130.163568,32.2125],[130.163868,32.212275],[130.164143,32.2123],[130.164618,32.2123],[130.164543,32.212616],[130.164705,32.212866],[130.16478,32.212908],[130.16493,32.213141],[130.16493,32.213449],[130.16478,32.213741],[130.164643,32.214216],[130.164443,32.214491],[130.164293,32.214866],[130.164293,32.215183],[130.164405,32.215591],[130.164455,32.215641],[130.16478,32.215891],[130.16493,32.215933],[130.165255,32.216249],[130.165355,32.216407],[130.165692,32.217474],[130.165817,32.217766],[130.165967,32.217791],[130.166167,32.217749],[130.166342,32.217682],[130.166817,32.217707],[130.167067,32.217574],[130.167355,32.217307],[130.167655,32.217266],[130.16768,32.217282],[130.16768,32.217532],[130.167742,32.217782],[130.167392,32.218724],[130.167117,32.218766],[130.16618,32.219124],[130.16613,32.219124],[130.165755,32.219324],[130.16548,32.219574],[130.165417,32.219774],[130.165617,32.219999],[130.165742,32.220115],[130.165642,32.220274],[130.165467,32.220382],[130.164492,32.220507],[130.164242,32.220399],[130.163917,32.220324],[130.163667,32.22044],[130.163605,32.220732],[130.163705,32.220999],[130.16443,32.221324],[130.16448,32.221432],[130.16448,32.221682],[130.16438,32.221748],[130.164105,32.221773],[130.164005,32.221948],[130.164105,32.22204],[130.16443,32.22209],[130.164667,32.222223],[130.164967,32.22259],[130.165092,32.222865],[130.165217,32.223065],[130.165667,32.223273],[130.165942,32.22354],[130.165805,32.223882],[130.16578,32.224065],[130.165855,32.22424],[130.166205,32.224423],[130.16683,32.225015],[130.167055,32.225081],[130.167704,32.225381],[130.167979,32.225315],[130.168304,32.22514],[130.168329,32.225098],[130.168404,32.224623],[130.168567,32.22444],[130.168917,32.224398],[130.169142,32.224307],[130.169467,32.22409],[130.169542,32.22409],[130.169592,32.224198],[130.169592,32.224407],[130.169667,32.224698],[130.170129,32.225265],[130.170254,32.225331],[130.170454,32.22529],[130.170629,32.225315],[130.170829,32.225498],[130.170879,32.225631],[130.170904,32.225948],[130.171054,32.226173],[130.171104,32.226331],[130.171317,32.226606],[130.171467,32.226673],[130.171492,32.22674],[130.171442,32.226873],[130.171867,32.227123],[130.171992,32.227215],[130.172042,32.227373],[130.172167,32.227531],[130.172317,32.227556],[130.172417,32.227765],[130.172517,32.227898],[130.172492,32.22819],[130.172642,32.228281],[130.173017,32.228148],[130.173117,32.228331],[130.173154,32.228623],[130.173279,32.228989],[130.173654,32.229239],[130.174104,32.229423],[130.174404,32.229398],[130.174679,32.229331],[130.175104,32.229339],[130.175916,32.228731],[130.176166,32.228715],[130.176191,32.228665],[130.175966,32.228015],[130.175629,32.227648],[130.175479,32.227223],[130.175429,32.227173],[130.175429,32.227106],[130.175579,32.226881],[130.175854,32.22684],[130.175954,32.226798],[130.175954,32.226456],[130.176066,32.226415],[130.176166,32.226415],[130.176166,32.225715],[130.175816,32.22594],[130.175541,32.225932],[130.175366,32.225548],[130.175016,32.225707],[130.174842,32.225723],[130.174642,32.225432],[130.174229,32.22464],[130.174604,32.224532],[130.175679,32.224132],[130.175604,32.223723],[130.175642,32.22359],[130.175567,32.223432],[130.175442,32.223048],[130.175467,32.22284],[130.175717,32.222824],[130.176267,32.222874],[130.176417,32.222782],[130.176329,32.22244],[130.176354,32.222399],[130.176329,32.22224],[130.176104,32.221924],[130.176154,32.221765],[130.176304,32.221582],[130.176354,32.22129],[130.176279,32.221199],[130.175904,32.221224],[130.175679,32.221174],[130.175279,32.22099],[130.175467,32.220882],[130.175617,32.220882],[130.175967,32.220932],[130.176367,32.220932],[130.176767,32.220824],[130.177342,32.220624],[130.177392,32.220557],[130.177691,32.220449],[130.178679,32.22034],[130.179129,32.220074],[130.179504,32.219982],[130.179979,32.219557],[130.180341,32.219407],[130.181291,32.218824],[130.181391,32.218799],[130.181716,32.218599],[130.182254,32.218332],[130.182354,32.218224],[130.182379,32.217933],[130.182529,32.217616],[130.182891,32.217208],[130.182991,32.217258],[130.183116,32.217141],[130.183291,32.216899],[130.183591,32.216383],[130.183679,32.216066],[130.183979,32.215641],[130.184029,32.215666],[130.184179,32.2156],[130.184354,32.215325],[130.185591,32.213958],[130.185704,32.213708],[130.185754,32.213442],[130.186029,32.213333],[130.186104,32.213333],[130.186429,32.213133],[130.186679,32.212933],[130.186616,32.212234],[130.186441,32.211825],[130.185916,32.211525],[130.185604,32.211075],[130.185504,32.210825],[130.185504,32.210392],[130.185279,32.209826],[130.185267,32.209467],[130.185517,32.208926],[130.185617,32.208884],[130.185791,32.208884],[130.186041,32.208842],[130.186454,32.208526],[130.187079,32.207518],[130.187591,32.207001],[130.188104,32.205968],[130.188079,32.205768],[130.187954,32.205493],[130.187467,32.204818],[130.187092,32.204568],[130.186742,32.204585],[130.186642,32.204335],[130.186592,32.203927],[130.186642,32.203768],[130.187017,32.20371],[130.187317,32.203735],[130.187667,32.203602],[130.188429,32.20356],[130.188804,32.203493],[130.188954,32.203402],[130.189004,32.203243],[130.188979,32.203202],[130.189004,32.203068],[130.189079,32.203043],[130.189429,32.203202],[130.189554,32.20321],[130.189654,32.203118],[130.189554,32.202827],[130.189592,32.20246],[130.189792,32.20156],[130.189829,32.200844],[130.189854,32.200527],[130.190192,32.199919],[130.190167,32.199627],[130.190442,32.199036],[130.190704,32.198727],[130.190879,32.198594],[130.191129,32.198394],[130.191254,32.198186],[130.191404,32.197828],[130.191617,32.197561],[130.191792,32.197561],[130.191842,32.197678],[130.191892,32.197653],[130.192067,32.197678],[130.192092,32.197653],[130.192292,32.197703],[130.192529,32.197903],[130.192529,32.198019],[130.192354,32.198103],[130.192379,32.198244],[130.192779,32.198919],[130.192879,32.198944],[130.193179,32.199286],[130.193279,32.199261],[130.193554,32.199261],[130.193954,32.199177],[130.194204,32.198911],[130.194279,32.198686],[130.194479,32.198503],[130.194829,32.198486],[130.195341,32.198394],[130.195966,32.198219],[130.196216,32.197911],[130.196341,32.197911],[130.196591,32.197886],[130.196941,32.197644],[130.197304,32.197553],[130.197679,32.197603],[130.197941,32.197811],[130.198191,32.197919],[130.198729,32.197861],[130.199304,32.197819],[130.199879,32.197953],[130.200079,32.197911],[130.200404,32.197911],[130.200454,32.197869],[130.200529,32.19767],[130.200604,32.197395],[130.200666,32.196995],[130.200641,32.196653],[130.200541,32.196361],[130.200466,32.196311],[130.200266,32.196086],[130.200241,32.195995],[130.199991,32.195745],[130.199454,32.195203],[130.198004,32.194112],[130.197854,32.194037],[130.197104,32.19352],[130.196591,32.193312],[130.196241,32.193145],[130.195666,32.192787],[130.195292,32.19242],[130.195167,32.192145],[130.194467,32.19147],[130.194204,32.191062],[130.193254,32.190537],[130.192679,32.190303],[130.192104,32.190212],[130.191429,32.190203],[130.190679,32.190045],[130.190004,32.189995],[130.189879,32.190103],[130.189704,32.190195],[130.188692,32.190437],[130.188067,32.190545],[130.187267,32.190762],[130.186892,32.190778],[130.186717,32.190737],[130.186717,32.190528],[130.186767,32.190328],[130.187042,32.18997],[130.187217,32.189878],[130.18748,32.189678],[130.18823,32.189212],[130.18833,32.188962],[130.188592,32.188245],[130.188642,32.187887],[130.18863,32.18732],[130.18873,32.187229],[130.18878,32.187095],[130.18868,32.187004],[130.18868,32.186937],[130.188405,32.186687],[130.188155,32.186412],[130.188017,32.185695],[130.187617,32.184787],[130.187192,32.184287],[130.18713,32.184104],[130.187255,32.183996],[130.18708,32.183837],[130.18683,32.183521],[130.186655,32.183179],[130.186505,32.183087],[130.18643,32.183087],[130.18623,32.182971],[130.186055,32.182812],[130.185667,32.182062],[130.185567,32.181821],[130.185492,32.181187],[130.18553,32.181137],[130.18533,32.180688],[130.18503,32.180279],[130.18478,32.180029],[130.184442,32.179488],[130.184417,32.179371],[130.184192,32.179213],[130.183867,32.179029],[130.183442,32.178663],[130.183343,32.178463],[130.183168,32.178079],[130.183005,32.177696],[130.182955,32.177671],[130.182205,32.176646],[130.18218,32.176538],[130.182418,32.176313],[130.182843,32.175954],[130.182943,32.175979],[130.183143,32.175955],[130.183443,32.176005],[130.183518,32.175963],[130.184042,32.175921],[130.184317,32.17603],[130.184467,32.176238],[130.184542,32.176263],[130.184617,32.176238],[130.184992,32.176288],[130.185267,32.17638],[130.185417,32.176496],[130.185592,32.17683],[130.185642,32.177055],[130.18583,32.177263],[130.18608,32.177355],[130.18643,32.177263],[130.186642,32.177155],[130.186817,32.176905],[130.186792,32.176613],[130.186617,32.176121],[130.186605,32.175888],[130.186855,32.174921],[130.186805,32.174696],[130.186717,32.174313],[130.186492,32.173771],[130.186292,32.173455],[130.186217,32.173247],[130.186255,32.172913],[130.186267,32.171738],[130.186317,32.171422],[130.186417,32.171405],[130.187042,32.171455],[130.187242,32.171405],[130.187392,32.171272],[130.187517,32.17098],[130.187317,32.170797],[130.18708,32.170547],[130.18708,32.170255],[130.186855,32.170088],[130.18668,32.169439],[130.186667,32.169114],[130.18693,32.168239],[130.187205,32.167789],[130.187355,32.167447],[130.187405,32.166955],[130.187217,32.16648],[130.18708,32.16643],[130.186567,32.166439],[130.186405,32.165664],[130.186368,32.165631],[130.186455,32.165506],[130.186243,32.165364],[130.186118,32.165339],[130.186055,32.165372],[130.185893,32.165272],[130.185943,32.165147],[130.185655,32.164922],[130.185443,32.164564],[130.185518,32.164456],[130.185655,32.164381],[130.18643,32.164347],[130.186792,32.164414],[130.187205,32.164522],[130.187992,32.164897],[130.188267,32.164922],[130.188805,32.164772],[130.189455,32.164747],[130.18973,32.164714],[130.19013,32.164431],[130.190167,32.164247],[130.190005,32.163881],[130.189467,32.163248],[130.189492,32.163123],[130.189442,32.163031],[130.189542,32.162864],[130.189592,32.162714],[130.189755,32.162731],[130.190492,32.162973],[130.191005,32.163214],[130.19118,32.163506],[130.191367,32.163673],[130.19208,32.163723],[130.192517,32.163789],[130.19318,32.163998],[130.193742,32.164331],[130.19388,32.164373],[130.19408,32.164364],[130.194892,32.164189],[130.195142,32.164306],[130.195317,32.165098],[130.195092,32.165306],[130.194942,32.165381],[130.194717,32.165339],[130.19433,32.165522],[130.193955,32.165997],[130.193842,32.167447],[130.193967,32.168672],[130.193992,32.169197],[130.194229,32.169772],[130.194467,32.170089],[130.194567,32.170239],[130.195017,32.170605],[130.195042,32.170697],[130.194892,32.170855],[130.194754,32.171122],[130.194829,32.171397],[130.194954,32.171505],[130.195379,32.171605],[130.195554,32.17158],[130.195904,32.171447],[130.195954,32.171472],[130.196504,32.171539],[130.197142,32.171389],[130.197442,32.17123],[130.197542,32.171147],[130.197692,32.170855],[130.197754,32.170105],[130.197617,32.169856],[130.197442,32.169464],[130.197204,32.168456],[130.197079,32.167939],[130.197079,32.167631],[130.197129,32.167389],[130.197354,32.167206],[130.197567,32.167147],[130.197842,32.167114],[130.198379,32.167172],[130.198667,32.167256],[130.199117,32.167472],[130.199392,32.167647],[130.199917,32.168072],[130.200429,32.168331],[130.200792,32.168356],[130.202054,32.168339],[130.202741,32.168456],[130.203004,32.168622],[130.203216,32.168872],[130.203491,32.169514],[130.203691,32.169731],[130.203866,32.169797],[130.204079,32.169822],[130.204354,32.169789],[130.204904,32.169489],[130.205104,32.169364],[130.205241,32.169164],[130.205291,32.169006],[130.205141,32.168539],[130.204866,32.168156],[130.204329,32.167773],[130.203804,32.167031],[130.203429,32.166689],[130.203129,32.166148],[130.202766,32.165598],[130.202654,32.165381],[130.202742,32.165106],[130.202991,32.164673],[130.203254,32.164364],[130.203616,32.164056],[130.204154,32.16384],[130.204754,32.163406],[130.205304,32.162881],[130.205916,32.162656],[130.206391,32.162598],[130.206679,32.162448],[130.206891,32.162206],[130.207379,32.16149],[130.207829,32.160907],[130.207904,32.16079],[130.207966,32.160573],[130.208166,32.160282],[130.208441,32.160057],[130.208716,32.159415],[130.208779,32.159073],[130.208929,32.15889],[130.209091,32.158923],[130.209179,32.158882],[130.209041,32.158565],[130.209129,32.15844],[130.209204,32.158398],[130.209104,32.158098],[130.209229,32.157732],[130.209404,32.157457],[130.209541,32.155807],[130.209729,32.155257],[130.209691,32.154957],[130.209466,32.154624],[130.209416,32.154374],[130.209479,32.154057],[130.209441,32.153799],[130.208954,32.153032],[130.208691,32.152532],[130.208454,32.152266],[130.207841,32.151999],[130.207304,32.151674],[130.206867,32.151282],[130.206667,32.150949],[130.206592,32.150624],[130.206292,32.150199],[130.205567,32.149449],[130.205379,32.149191],[130.205329,32.148941],[130.205267,32.148808],[130.205079,32.148766],[130.204817,32.148624],[130.204492,32.148549],[130.203767,32.148574],[130.203292,32.148458],[130.203004,32.148333],[130.202379,32.148191],[130.201167,32.148282],[130.200317,32.148166],[130.199929,32.148282],[130.199454,32.148307],[130.19893,32.148241],[130.198042,32.148182],[130.196855,32.148407],[130.196617,32.148407],[130.196017,32.148341],[130.195142,32.148149],[130.19453,32.148107],[130.194092,32.148024],[130.19358,32.147857],[130.193192,32.147632],[130.192867,32.147332],[130.191968,32.146716],[130.191705,32.146457],[130.191405,32.145974],[130.191143,32.145708],[130.189855,32.145008],[130.188755,32.144499],[130.188418,32.144216],[130.187668,32.143674],[130.18678,32.142858],[130.186393,32.142466],[130.185643,32.141541],[130.185418,32.141149],[130.185343,32.140808],[130.185343,32.140408],[130.185293,32.140025],[130.184968,32.139625],[130.184668,32.139358],[130.183706,32.1388],[130.183406,32.1387],[130.182931,32.1387],[130.182431,32.138633],[130.181206,32.138166],[130.179631,32.137358],[130.179444,32.137141],[130.179331,32.136941],[130.179256,32.136658],[130.179206,32.135967],[130.179256,32.135558],[130.179231,32.135083],[130.179181,32.134783],[130.178756,32.134033],[130.178669,32.1337],[130.178594,32.132492],[130.178519,32.132092],[130.178206,32.131292],[130.178144,32.130584],[130.178194,32.129351],[130.178156,32.129009],[130.178006,32.128709],[130.177556,32.128151],[130.177456,32.128051],[130.177269,32.128017],[130.176769,32.128042],[130.176319,32.128234],[130.175994,32.128642],[130.175906,32.128967],[130.175894,32.129242],[130.175931,32.129517],[130.176106,32.130134],[130.175769,32.13015],[130.175569,32.130309],[130.175256,32.130684],[130.175007,32.130925],[130.174694,32.131309],[130.174569,32.131592],[130.174469,32.132008],[130.174332,32.132383],[130.174157,32.132658],[130.173944,32.132875],[130.173769,32.133117],[130.173682,32.1335],[130.173682,32.133792],[130.174006,32.134925],[130.174244,32.135475],[130.174294,32.136308],[130.174344,32.136641],[130.174269,32.136883],[130.174281,32.136991],[130.174256,32.137008],[130.174144,32.136958],[130.173956,32.136775],[130.173619,32.1362],[130.173519,32.135941],[130.173631,32.135858],[130.173444,32.135591],[130.173294,32.1356],[130.173257,32.135341],[130.173294,32.135216],[130.173169,32.13505],[130.173007,32.135],[130.172957,32.135025],[130.171932,32.134258],[130.171194,32.133842],[130.170844,32.13375],[130.171032,32.1332],[130.171207,32.132767],[130.171169,32.132075],[130.171319,32.131633],[130.171582,32.1312],[130.171657,32.131109],[130.171857,32.13105],[130.172019,32.130509],[130.171957,32.1301],[130.172232,32.129867],[130.172444,32.12975],[130.172907,32.129684],[130.173169,32.129692],[130.173407,32.129775],[130.173594,32.129792],[130.173657,32.129775],[130.173757,32.129634],[130.173807,32.129409],[130.173619,32.129067],[130.173607,32.128509],[130.173832,32.127909],[130.173882,32.127592],[130.173844,32.127434],[130.173969,32.127151],[130.173919,32.126759],[130.173819,32.126459],[130.174069,32.126067],[130.174244,32.125942],[130.174557,32.125842],[130.174794,32.125592],[130.175032,32.124859],[130.175469,32.124201],[130.175694,32.124293],[130.175794,32.124209],[130.175857,32.123926],[130.176194,32.123626],[130.176594,32.123568],[130.177419,32.123784],[130.177769,32.123826],[130.178031,32.123701],[130.178406,32.123468],[130.178469,32.123218],[130.178019,32.122459],[130.177657,32.12166],[130.177119,32.11981],[130.176957,32.119401],[130.176807,32.119126],[130.176707,32.119068],[130.176757,32.11906],[130.176769,32.118876],[130.176869,32.118668],[130.177057,32.11851],[130.177332,32.118443],[130.177544,32.118418],[130.177507,32.118268],[130.177732,32.11821],[130.177607,32.118052],[130.177594,32.117943],[130.177832,32.117943],[130.178044,32.11791],[130.177969,32.117643],[130.177894,32.117568],[130.177644,32.117585],[130.177419,32.117802],[130.177307,32.11796],[130.177082,32.11811],[130.176969,32.11821],[130.176707,32.118368],[130.176369,32.11856],[130.176044,32.118568],[130.175444,32.118193],[130.175382,32.11791],[130.175444,32.11771],[130.175632,32.117585],[130.175557,32.117368],[130.175657,32.117318],[130.175994,32.117377],[130.176182,32.117352],[130.176369,32.11716],[130.176532,32.116743],[130.176444,32.116202],[130.176669,32.11611],[130.176694,32.116002],[130.176494,32.115652],[130.176457,32.115535],[130.176144,32.115185],[130.176157,32.114994],[130.176469,32.114869],[130.176544,32.114694],[130.176382,32.114677],[130.176207,32.114727],[130.176044,32.114727],[130.175407,32.114327],[130.175344,32.114202],[130.175307,32.113877],[130.175794,32.11356],[130.175769,32.113135],[130.175707,32.112869],[130.175169,32.11231],[130.174694,32.111652],[130.174457,32.111177],[130.174207,32.110852],[130.173882,32.110619],[130.172945,32.110111],[130.17277,32.109961],[130.172245,32.109861],[130.17222,32.109886],[130.171795,32.109919],[130.171095,32.109852],[130.170757,32.109852],[130.170457,32.109736],[130.170445,32.109644],[130.170857,32.109419],[130.171045,32.109169],[130.171207,32.109169],[130.17147,32.109119],[130.172257,32.108686],[130.172832,32.108427],[130.172945,32.108219],[130.172957,32.107994],[130.172907,32.107703],[130.17262,32.107128],[130.172207,32.106553],[130.171995,32.106153],[130.172082,32.105861],[130.17202,32.105694],[130.171807,32.105644],[130.17157,32.105703],[130.171382,32.105853],[130.171282,32.105986],[130.171082,32.105978],[130.170782,32.105794],[130.170645,32.105686],[130.170632,32.105003],[130.170457,32.104869],[130.169783,32.104878],[130.169533,32.104928],[130.169245,32.105028],[130.169045,32.105153],[130.168933,32.105353],[130.168795,32.105528],[130.168383,32.105694],[130.168033,32.105694],[130.167733,32.105628],[130.167633,32.105553],[130.167645,32.104611],[130.167733,32.104269],[130.167895,32.104011],[130.168108,32.103878],[130.16877,32.103661],[130.169145,32.10332],[130.169208,32.103053],[130.169458,32.102845],[130.169033,32.102111],[130.169233,32.101936],[130.168933,32.101836],[130.168633,32.101836],[130.168445,32.10192],[130.168333,32.101645],[130.168508,32.101503],[130.168733,32.101445],[130.168995,32.101245],[130.169095,32.100837],[130.16897,32.100512],[130.168608,32.100028],[130.168408,32.099853],[130.167895,32.099537],[130.16762,32.099237],[130.167308,32.098562],[130.167008,32.097995],[130.166908,32.097654],[130.167033,32.097162],[130.167258,32.09692],[130.167495,32.096762],[130.16792,32.096195],[130.168158,32.095837],[130.16847,32.095629],[130.168533,32.095545],[130.16902,32.095146],[130.169045,32.094821],[130.168933,32.094421],[130.168783,32.094121],[130.168483,32.093871],[130.168033,32.093371],[130.167533,32.092754],[130.167033,32.092287],[130.166583,32.092087],[130.165158,32.091679],[130.164433,32.091404],[130.164121,32.091188],[130.163771,32.090863],[130.163471,32.090521],[130.163233,32.090446],[130.162946,32.090454],[130.160408,32.091171],[130.160196,32.091279],[130.159896,32.091329],[130.159534,32.091329],[130.159234,32.091237],[130.159121,32.091079],[130.158771,32.090029],[130.158684,32.089913],[130.158384,32.089796],[130.157996,32.089746],[130.157446,32.089621],[130.157284,32.089538],[130.156946,32.089588],[130.156871,32.089779],[130.156884,32.089854],[130.156734,32.090079],[130.156384,32.090279],[130.156059,32.090363],[130.155521,32.090587],[130.155221,32.090612],[130.154709,32.090579],[130.154471,32.090679],[130.154534,32.090846],[130.154259,32.090879],[130.154284,32.091096],[130.154534,32.091579],[130.154646,32.091929],[130.154671,32.092171],[130.154571,32.092462],[130.154309,32.092821],[130.154109,32.092854],[130.153121,32.092629],[130.152996,32.092654],[130.152971,32.092779],[130.153059,32.092879],[130.153221,32.093004],[130.153034,32.093212],[130.152834,32.093279],[130.152497,32.093062],[130.152209,32.092737],[130.152009,32.092612],[130.151634,32.092462],[130.151247,32.09252],[130.150897,32.092537],[130.150734,32.092445],[130.150547,32.092729],[130.150484,32.092745],[130.150472,32.092904],[130.150922,32.093254],[130.150934,32.093395],[130.150897,32.09347],[130.150247,32.093654],[130.149609,32.093904],[130.148922,32.093812],[130.148634,32.093887],[130.148497,32.094129],[130.148522,32.094279],[130.148684,32.094412],[130.148747,32.09442],[130.148997,32.094787],[130.148972,32.095053],[130.149172,32.09517],[130.149334,32.09547],[130.149159,32.095503],[130.148997,32.095603],[130.149184,32.095628],[130.149309,32.095695],[130.149234,32.095778],[130.149022,32.095695],[130.148822,32.095695],[130.148809,32.095837],[130.149122,32.09592],[130.149359,32.096078],[130.149447,32.096453],[130.149759,32.097187],[130.150009,32.097512],[130.150432,32.098223],[130.150734,32.098611],[130.150734,32.09862],[130.150755,32.099094],[130.150809,32.099603],[130.150472,32.101478],[130.150334,32.101819],[130.149647,32.102703],[130.148884,32.103736],[130.148747,32.103819],[130.148747,32.103928],[130.148122,32.104611],[130.147584,32.105094],[130.146622,32.105727],[130.146009,32.106302],[130.145359,32.106327],[130.145134,32.106427],[130.144897,32.106702],[130.144672,32.107027],[130.144472,32.107185],[130.144147,32.107294],[130.142922,32.107869],[130.142535,32.108085],[130.14241,32.108369],[130.14226,32.108494],[130.142197,32.108494],[130.14176,32.108502],[130.141222,32.108435],[130.140735,32.108302],[130.140222,32.108285],[130.14001,32.108177],[130.13971,32.107819],[130.13951,32.107427],[130.13941,32.107127],[130.139335,32.106585],[130.13941,32.106377],[130.139672,32.105944],[130.139697,32.105635],[130.139635,32.105485],[130.13946,32.10541],[130.13931,32.105219],[130.138847,32.105027],[130.13881,32.105085],[130.138822,32.10526],[130.138785,32.105385],[130.138672,32.105369],[130.138597,32.105285],[130.138397,32.105194],[130.13826,32.105185],[130.13806,32.105227],[130.137772,32.105419],[130.137747,32.105635],[130.137772,32.105852],[130.137722,32.106144],[130.13751,32.106294],[130.13711,32.106427],[130.13686,32.106369],[130.136198,32.106035],[130.136023,32.106035],[130.135885,32.106227],[130.13591,32.106485],[130.135985,32.106685],[130.135998,32.106835],[130.135873,32.106919],[130.135623,32.106985],[130.135335,32.107127],[130.135223,32.107285],[130.135285,32.107685],[130.135148,32.107843],[130.13491,32.10801],[130.134748,32.108043],[130.134223,32.10791],[130.133998,32.107977],[130.13381,32.108227],[130.133773,32.108468],[130.133673,32.108702],[130.133523,32.108835],[130.132598,32.109368],[130.13201,32.109643],[130.131723,32.109876],[130.131398,32.110485],[130.131223,32.110535],[130.13101,32.110543],[130.130635,32.110626],[130.13061,32.11066],[130.130785,32.110826],[130.131023,32.110985],[130.131248,32.111201],[130.13136,32.111401],[130.131373,32.11171],[130.130423,32.113118],[130.129723,32.114018],[130.129086,32.114534],[130.128423,32.115076],[130.127498,32.115609],[130.127161,32.115709],[130.126948,32.115742],[130.126623,32.115709],[130.126373,32.115951],[130.126223,32.115992],[130.126073,32.115951],[130.125886,32.115792],[130.125573,32.115567],[130.125423,32.115659],[130.125448,32.115776],[130.125548,32.115934],[130.125736,32.116367],[130.125323,32.116776],[130.124411,32.117467],[130.123848,32.1178],[130.123611,32.117909],[130.123198,32.118017],[130.122786,32.118042],[130.122722,32.118083],[130.122611,32.11815],[130.122174,32.118442],[130.121849,32.118592],[130.121624,32.118617],[130.121174,32.118475],[130.120824,32.118317],[130.120499,32.118175],[130.120099,32.118134],[130.119849,32.118059],[130.119249,32.118034],[130.119049,32.118125],[130.118824,32.118325],[130.118849,32.118867],[130.118711,32.119158],[130.118436,32.119517],[130.118386,32.119858],[130.118461,32.119925],[130.118586,32.120242],[130.118674,32.121008],[130.118599,32.121341],[130.118386,32.121858],[130.118161,32.122308],[130.117936,32.122583],[130.117549,32.123183],[130.117299,32.123341],[130.116949,32.123358],[130.116799,32.123425],[130.116599,32.123608],[130.115437,32.124366],[130.115012,32.124608],[130.112899,32.125449],[130.112474,32.125541],[130.111899,32.125491],[130.111599,32.125557],[130.111337,32.125666],[130.111237,32.125757],[130.111237,32.125866],[130.111337,32.125941],[130.111637,32.126007],[130.112012,32.126416],[130.112212,32.126466],[130.112387,32.126349],[130.112487,32.126332],[130.112612,32.126374],[130.113112,32.126849],[130.113312,32.127174],[130.113549,32.127849],[130.113574,32.128657],[130.113512,32.12904],[130.113187,32.129924],[130.113099,32.130415],[130.113174,32.130732],[130.113274,32.130957],[130.113474,32.131207],[130.113649,32.13164],[130.114362,32.132815],[130.114437,32.133398],[130.114324,32.133607],[130.114449,32.133898],[130.114699,32.134107],[130.115049,32.134215],[130.115661,32.135756],[130.115786,32.136523],[130.115899,32.136865],[130.116399,32.137523],[130.116649,32.137931],[130.116699,32.138198],[130.116636,32.13849],[130.116536,32.138673],[130.116286,32.13894],[130.115911,32.139031],[130.115524,32.139631],[130.114624,32.140414],[130.114211,32.140706],[130.114011,32.140931],[130.113911,32.141198],[130.113886,32.141539],[130.113924,32.142581],[130.113749,32.143047],[130.113649,32.143164],[130.113474,32.143114],[130.112999,32.142822],[130.112674,32.142656],[130.112374,32.142589],[130.111949,32.142631],[130.111674,32.142672],[130.111512,32.142856],[130.111512,32.142947],[130.112262,32.143381],[130.112962,32.143789],[130.113386,32.143906],[130.113736,32.144039],[130.114036,32.144431],[130.114261,32.144564],[130.114361,32.144589],[130.114711,32.144564],[130.115036,32.144589],[130.115236,32.144864],[130.115361,32.145064],[130.115336,32.145064],[130.115724,32.145997],[130.115774,32.146264],[130.115786,32.146714],[130.115611,32.147097],[130.115386,32.147372],[130.115311,32.147614],[130.115461,32.14798],[130.115574,32.14818],[130.116199,32.148613],[130.116574,32.148955],[130.116774,32.14923],[130.116974,32.149722],[130.116961,32.150155],[130.116911,32.150513],[130.116586,32.151163],[130.116324,32.151522],[130.114886,32.15323],[130.114699,32.153546],[130.114624,32.15388],[130.114511,32.155096],[130.114561,32.155304],[130.114361,32.156246],[130.114636,32.156296],[130.114836,32.155796],[130.115661,32.156146],[130.115824,32.156754],[130.115799,32.157046],[130.115574,32.157471],[130.115349,32.157629],[130.115074,32.157787],[130.114761,32.157804],[130.114461,32.157737],[130.114211,32.157712],[130.113661,32.157929],[130.112861,32.158062],[130.112511,32.158221],[130.112361,32.158421],[130.112399,32.158829],[130.112374,32.158987],[130.112249,32.159096],[130.111699,32.159204],[130.111499,32.159387],[130.111436,32.159837],[130.110811,32.160345],[130.109874,32.160887],[130.109599,32.16097],[130.109274,32.160945],[130.108649,32.160762],[130.108274,32.160695],[130.108174,32.160687],[130.107974,32.160845],[130.107799,32.161095],[130.107799,32.161137],[130.108099,32.161295],[130.108437,32.161703],[130.108661,32.162337],[130.109111,32.16327],[130.109324,32.163878],[130.109399,32.164195],[130.109424,32.16462],[130.109386,32.165095],[130.109261,32.165836],[130.109199,32.166836],[130.109261,32.167778],[130.109461,32.168703],[130.109599,32.169494],[130.109724,32.169877],[130.109524,32.170086],[130.109299,32.170186],[130.109024,32.170319],[130.108749,32.170502],[130.108599,32.170836],[130.108274,32.171086],[130.107461,32.171885],[130.106449,32.172827],[130.105411,32.173677],[130.105186,32.17381],[130.104436,32.174102],[130.104161,32.174143],[130.104036,32.174093],[130.103786,32.174118],[130.103162,32.174202],[130.102349,32.174177],[130.102074,32.174102],[130.101649,32.173877],[130.101362,32.173735],[130.101074,32.17376],[130.100849,32.173868],[130.100474,32.173735],[130.100449,32.173685],[130.100424,32.173593],[130.100049,32.173502],[130.098687,32.173018],[130.098137,32.172968],[130.097825,32.17306],[130.09775,32.173168],[130.09785,32.173402],[130.098474,32.17376],[130.098549,32.174035],[130.099149,32.174352],[130.099349,32.17451],[130.099662,32.174835],[130.099737,32.175101],[130.099562,32.175618],[130.099274,32.176185],[130.099074,32.176293],[130.098899,32.176401],[130.099499,32.176993],[130.099449,32.17711],[130.099249,32.17731],[130.098762,32.177509],[130.098437,32.177576],[130.098162,32.177393],[130.097549,32.177118],[130.097287,32.177093],[130.097062,32.177159],[130.096812,32.177268],[130.096687,32.177543],[130.096737,32.177626],[130.096912,32.177718],[130.097612,32.177859],[130.098237,32.177818],[130.098362,32.177893],[130.098262,32.178226],[130.098337,32.178501],[130.098524,32.178926],[130.098374,32.179968],[130.098237,32.180326],[130.097687,32.180817],[130.097337,32.180951],[130.097012,32.180967],[130.096912,32.180926],[130.096587,32.180651],[130.096362,32.180584],[130.096212,32.180626],[130.096037,32.180651],[130.095412,32.180551],[130.095137,32.180684],[130.095012,32.180642],[130.094662,32.180476],[130.094137,32.180226],[130.093087,32.180126],[130.092437,32.180151],[130.092037,32.180051],[130.091975,32.180117],[130.092,32.180259],[130.091475,32.180142],[130.09115,32.180134],[130.091075,32.180226],[130.091025,32.180517],[130.09085,32.180609],[130.0908,32.180701],[130.09085,32.180792],[130.091025,32.181084],[130.091112,32.181426],[130.091262,32.18185],[130.091762,32.182309],[130.092087,32.182467],[130.092387,32.182559],[130.092787,32.182742],[130.093062,32.182967],[130.093312,32.183084],[130.093712,32.183159],[130.093937,32.18325],[130.094049,32.183475],[130.094399,32.183684],[130.094524,32.183817],[130.094449,32.183834],[130.093949,32.183875],[130.093849,32.18395],[130.093949,32.18415],[130.094124,32.184309],[130.094274,32.184425],[130.094449,32.184467],[130.095099,32.184542],[130.095549,32.18475],[130.095774,32.184817],[130.096024,32.184817],[130.096649,32.184734],[130.096699,32.184759],[130.096499,32.18505],[130.096474,32.185209],[130.096586,32.185525],[130.096986,32.186025],[130.097411,32.186292],[130.097386,32.1865],[130.097286,32.186767],[130.096324,32.186875],[130.095924,32.186983],[130.095599,32.18725],[130.095574,32.187458],[130.095649,32.187725],[130.095574,32.187842],[130.095424,32.187817],[130.095074,32.1877],[130.094874,32.1877],[130.094736,32.187767],[130.094611,32.188233],[130.094686,32.188417],[130.094986,32.188783],[130.095186,32.188825],[130.096211,32.188725],[130.096361,32.188383],[130.096486,32.18825],[130.096661,32.188275],[130.096911,32.188458],[130.097311,32.188683],[130.097711,32.188667],[130.097886,32.188733],[130.098036,32.188892],[130.098336,32.189142],[130.098561,32.189217],[130.098886,32.189233],[130.099411,32.189175],[130.099486,32.1892],[130.099886,32.18945],[130.100011,32.189475],[130.100461,32.189408],[130.100836,32.189567],[130.101036,32.189633],[130.102011,32.189533],[130.102173,32.189467],[130.102423,32.189267],[130.102573,32.189083],[130.102598,32.188883],[130.102611,32.188159],[130.102711,32.188159],[130.102786,32.188],[130.102786,32.187867],[130.102711,32.187825],[130.102736,32.187642],[130.102811,32.187617],[130.103011,32.187667],[130.103198,32.188475],[130.103586,32.188367],[130.103548,32.188459],[130.103598,32.18855],[130.103773,32.18855],[130.104061,32.188459],[130.104486,32.1884],[130.105035,32.188584],[130.105335,32.188517],[130.10551,32.188542],[130.106935,32.18835],[130.10751,32.188192],[130.108073,32.187834],[130.108273,32.187592],[130.108498,32.187459],[130.108698,32.187417],[130.109048,32.187234],[130.109098,32.187125],[130.109098,32.186984],[130.10921,32.186917],[130.10941,32.186876],[130.109535,32.186967],[130.109835,32.186951],[130.109935,32.186859],[130.110035,32.186834],[130.110185,32.186909],[130.110185,32.187042],[130.110048,32.187201],[130.109698,32.187509],[130.109623,32.187717],[130.109623,32.18785],[130.109548,32.187959],[130.109248,32.188209],[130.109235,32.188525],[130.10896,32.188834],[130.10886,32.189084],[130.108885,32.18965],[130.109097,32.189809],[130.109172,32.189917],[130.109372,32.190075],[130.109972,32.190442],[130.109747,32.190875],[130.109422,32.190692],[130.109122,32.190642],[130.108847,32.190658],[130.108622,32.190483],[130.108273,32.190433],[130.108248,32.190367],[130.108023,32.19005],[130.107523,32.189817],[130.107373,32.189817],[130.107023,32.189975],[130.106723,32.190042],[130.106573,32.19015],[130.106348,32.190217],[130.106098,32.190258],[130.105873,32.190392],[130.10571,32.190525],[130.105585,32.191183],[130.10546,32.19125],[130.10466,32.191333],[130.10436,32.1914],[130.103323,32.191725],[130.103148,32.191791],[130.103023,32.192041],[130.102973,32.1922],[130.102873,32.192266],[130.102186,32.192416],[130.101786,32.19255],[130.101536,32.19275],[130.101336,32.192816],[130.100686,32.1927],[130.100186,32.192675],[130.099836,32.192608],[130.098886,32.1928],[130.098761,32.192683],[130.098686,32.192708],[130.098448,32.192891],[130.098248,32.192958],[130.097848,32.19295],[130.097748,32.193],[130.097548,32.1932],[130.097548,32.193291],[130.097798,32.193449],[130.097898,32.193608],[130.097848,32.193966],[130.097861,32.194124],[130.097936,32.194166],[130.098361,32.194266],[130.098536,32.194358],[130.099048,32.194383],[130.099473,32.194474],[130.100086,32.194708],[130.100511,32.194974],[130.10086,32.195024],[130.101285,32.194958],[130.101723,32.194808],[130.102323,32.194425],[130.102698,32.194025],[130.10296,32.1938],[130.103435,32.193716],[130.10411,32.193466],[130.105085,32.193475],[130.105335,32.193408],[130.10556,32.193258],[130.106123,32.193166],[130.106647,32.193016],[130.106922,32.193058],[130.107347,32.193133],[130.107672,32.193066],[130.108022,32.193066],[130.108972,32.19335],[130.109322,32.193391],[130.109797,32.19335],[130.111022,32.1935],[130.112372,32.193617],[130.113272,32.193758],[130.114259,32.1937],[130.114322,32.19395],[130.114959,32.193975],[130.115009,32.194067],[130.115047,32.194425],[130.114972,32.194492],[130.114822,32.194492],[130.114147,32.19465],[130.113872,32.1948],[130.113334,32.195291],[130.112959,32.195566],[130.112634,32.19565],[130.112409,32.195625],[130.111859,32.195625],[130.111434,32.195708],[130.110697,32.19595],[130.110497,32.195975],[130.110197,32.195925],[130.109972,32.19595],[130.109247,32.196366],[130.108522,32.196549],[130.108372,32.196699],[130.10786,32.197599],[130.107785,32.197891],[130.107572,32.197983],[130.107222,32.198091],[130.107122,32.198183],[130.107097,32.198516],[130.107147,32.198674],[130.107572,32.198908],[130.107897,32.199091],[130.108097,32.199408],[130.10836,32.199566],[130.10856,32.199658],[130.109247,32.199733],[130.109797,32.199733],[130.110072,32.199691],[130.110172,32.199649],[130.110797,32.199608],[130.111122,32.199541],[130.111597,32.199366],[130.111797,32.199208],[130.111972,32.199141],[130.112509,32.199033],[130.112709,32.199033],[130.113034,32.199083],[130.113259,32.199058],[130.113734,32.198908],[130.114059,32.198949],[130.114984,32.199299],[130.115684,32.199641],[130.116084,32.199799],[130.116359,32.199824],[130.116809,32.199783],[130.117234,32.199449],[130.117434,32.199383],[130.117684,32.199366],[130.118359,32.199483],[130.118609,32.199575],[130.119034,32.199825],[130.119309,32.199891],[130.119909,32.19985],[130.120546,32.199741],[130.120871,32.199675],[130.120896,32.199833],[130.120959,32.199991],[130.121634,32.200133],[130.121834,32.200225],[130.122109,32.200316],[130.122496,32.200166],[130.122741,32.200337],[130.123109,32.200525],[130.123059,32.201066],[130.122884,32.201066],[130.122884,32.200925],[130.122784,32.20095],[130.122741,32.20097],[130.122709,32.200975],[130.122509,32.200658],[130.122434,32.200633],[130.122184,32.200683],[130.122009,32.200949],[130.121409,32.200966],[130.120584,32.200916],[130.120184,32.200891],[130.119809,32.200908],[130.119246,32.201066],[130.118971,32.201083],[130.118421,32.200924],[130.117446,32.201099],[130.116796,32.201299],[130.116021,32.201424],[130.115709,32.201533],[130.115609,32.201649],[130.115534,32.201824],[130.115484,32.202257],[130.115546,32.202891],[130.115521,32.203024],[130.115072,32.202974],[130.114222,32.202541],[130.113509,32.202132],[130.113009,32.201857],[130.112809,32.201832],[130.112584,32.201849],[130.111922,32.202049],[130.111622,32.202116],[130.111397,32.202091],[130.111122,32.202132],[130.110597,32.202582],[130.110347,32.202757],[130.110172,32.202824],[130.109934,32.202916],[130.109634,32.202757],[130.109359,32.202774],[130.108185,32.203057],[130.10751,32.203324],[130.10716,32.203124],[130.10701,32.203124],[130.106835,32.203165],[130.106647,32.203482],[130.106222,32.203382],[130.105997,32.203407],[130.105672,32.203582],[130.105097,32.20419],[130.10496,32.204507],[130.105035,32.204707],[130.105285,32.204774],[130.105285,32.205024],[130.105235,32.205207],[130.105235,32.205274],[130.10526,32.205365],[130.10536,32.205457],[130.105685,32.205565],[130.105885,32.205549],[130.10601,32.205665],[130.10601,32.205815],[130.10621,32.205932],[130.10666,32.205982],[130.107335,32.205849],[130.107435,32.205874],[130.10761,32.206124],[130.10786,32.206374],[130.108209,32.206357],[130.108284,32.206374],[130.108622,32.206807],[130.108847,32.206874],[130.109659,32.206882],[130.110284,32.207065],[130.110659,32.207074],[130.110909,32.207024],[130.111959,32.20699],[130.112134,32.207174],[130.112234,32.207349],[130.112159,32.20749],[130.111922,32.20764],[130.111072,32.208023],[130.110822,32.20829],[130.110659,32.20869],[130.110684,32.20899],[130.110809,32.209082],[130.110734,32.209307],[130.110834,32.209398],[130.110909,32.209373],[130.111009,32.209307],[130.111084,32.20944],[130.111059,32.209623],[130.110959,32.209798],[130.110759,32.210023],[130.110522,32.21009],[130.110272,32.210048],[130.109209,32.209657],[130.108534,32.20929],[130.108284,32.209198],[130.108009,32.209148],[130.107047,32.209165],[130.106597,32.209248],[130.105647,32.209673],[130.105547,32.209781],[130.105497,32.210031],[130.105535,32.21024],[130.10556,32.211006],[130.105635,32.211181],[130.105785,32.211298],[130.10616,32.211456],[130.106397,32.211915],[130.106372,32.212115],[130.106347,32.21214],[130.105922,32.21234],[130.105847,32.212423],[130.105822,32.212581],[130.105959,32.213265],[130.10561,32.213506],[130.105584,32.213664],[130.105684,32.213848],[130.106059,32.213806],[130.106484,32.214373],[130.106634,32.214481],[130.106709,32.214573],[130.106697,32.214756],[130.106847,32.214823],[130.107084,32.214781],[130.107334,32.214489],[130.108134,32.214448],[130.108459,32.214448],[130.108684,32.214539],[130.108859,32.214706],[130.109009,32.214931],[130.109084,32.215181],[130.109322,32.215856],[130.109547,32.216148],[130.109747,32.216223],[130.111846,32.216373],[130.112271,32.216348],[130.112546,32.216306],[130.112834,32.216198],[130.113384,32.215906],[130.113634,32.215865],[130.113934,32.215998],[130.114234,32.215981],[130.115034,32.21574],[130.115384,32.215965],[130.115559,32.21574],[130.115821,32.215606],[130.117046,32.21519],[130.117521,32.215098],[130.118271,32.215015],[130.118808,32.215065],[130.118933,32.215048],[130.119108,32.21484],[130.119258,32.214573],[130.119433,32.21444],[130.119708,32.214282],[130.120221,32.213948],[130.120296,32.21379],[130.120396,32.213048],[130.120608,32.21244],[130.120808,32.212282],[130.120983,32.212282],[130.121383,32.212382],[130.121658,32.212357],[130.122658,32.212298],[130.122741,32.212319],[130.122871,32.21234],[130.123521,32.212957],[130.123946,32.213115],[130.124146,32.213123],[130.12477,32.212898],[130.125045,32.212765],[130.12572,32.212565],[130.126933,32.212015],[130.127008,32.211924],[130.127008,32.211699],[130.127108,32.211565],[130.12857,32.211049],[130.128995,32.21099],[130.129345,32.210874],[130.129483,32.21079],[130.129783,32.210674],[130.129983,32.210632],[130.130033,32.210682],[130.130033,32.210724],[130.130483,32.210641],[130.130783,32.210749],[130.130833,32.210799],[130.130795,32.211157],[130.13042,32.21149],[130.13017,32.211832],[130.12997,32.211832],[130.12947,32.211782],[130.129133,32.212099],[130.128908,32.21254],[130.128533,32.213107],[130.12832,32.21324],[130.128195,32.21344],[130.128095,32.21394],[130.127895,32.214115],[130.127845,32.214273],[130.127908,32.21439],[130.127833,32.214907],[130.127783,32.215065],[130.127708,32.215132],[130.127533,32.215173],[130.127408,32.215173],[130.127258,32.215107],[130.127083,32.214923],[130.126858,32.214832],[130.126658,32.21499],[130.126533,32.21519],[130.126345,32.215298],[130.125995,32.215415],[130.125745,32.215615],[130.12572,32.215773],[130.125745,32.215882],[130.12587,32.215973],[130.12672,32.216165],[130.127245,32.216323],[130.12767,32.21639],[130.127945,32.216398],[130.128545,32.216107],[130.128795,32.216132],[130.128945,32.216107],[130.129045,32.216023],[130.128983,32.215682],[130.128958,32.215523],[130.129033,32.215365],[130.129208,32.215257],[130.129508,32.215165],[130.129683,32.215007],[130.12982,32.214715],[130.12997,32.214698],[130.130095,32.214807],[130.130233,32.215332],[130.130407,32.21569],[130.130482,32.216032],[130.130682,32.216282],[130.131082,32.216332],[130.131357,32.216423],[130.131582,32.216423],[130.131707,32.216215],[130.132257,32.215723],[130.132695,32.215523],[130.132745,32.215523],[130.132882,32.21564],[130.133232,32.215715],[130.133145,32.215415],[130.13332,32.215307],[130.133395,32.215148],[130.13332,32.214874],[130.133395,32.214699],[130.13357,32.214582],[130.134082,32.214432],[130.134557,32.213982],[130.134907,32.213874],[130.135132,32.213899],[130.135257,32.21394],[130.135432,32.213965],[130.135557,32.213949],[130.135607,32.213899],[130.135857,32.213815],[130.136032,32.213832],[130.136307,32.213999],[130.136845,32.21389],[130.137045,32.213665],[130.137944,32.213715],[130.138194,32.213674],[130.138469,32.213582],[130.138694,32.213449],[130.139357,32.212707],[130.139482,32.212599],[130.139782,32.212441],[130.140182,32.212332],[130.140582,32.212266],[130.140819,32.212174],[130.141119,32.211999],[130.141269,32.211682],[130.141482,32.211058],[130.141607,32.210758],[130.141907,32.210399],[130.142082,32.210266],[130.142182,32.210091],[130.142444,32.209974],[130.143169,32.209733],[130.143194,32.209599],[130.143019,32.209349],[130.142794,32.208941],[130.142719,32.208783],[130.142732,32.208558],[130.142557,32.208216],[130.142557,32.208108],[130.142757,32.207925],[130.143232,32.208158],[130.143457,32.208158],[130.143507,32.208133],[130.143582,32.207933],[130.143657,32.207841],[130.144082,32.207983],[130.144157,32.207983],[130.144332,32.207891],[130.144469,32.207716],[130.144644,32.207716],[130.144769,32.20765],[130.144794,32.207533],[130.144769,32.2074],[130.144669,32.207283],[130.144319,32.207058],[130.144194,32.206858],[130.143744,32.206716],[130.143294,32.206625],[130.143194,32.206508],[130.143194,32.206283],[130.143507,32.206216],[130.143482,32.205966],[130.144032,32.206083],[130.144857,32.205892],[130.145232,32.20585],[130.145457,32.205867],[130.145657,32.205783],[130.146369,32.205292],[130.146694,32.205183],[130.147044,32.20525],[130.147269,32.20525],[130.147619,32.205325],[130.147869,32.205233],[130.147919,32.205167],[130.147894,32.205075],[130.147594,32.204717],[130.147607,32.2046],[130.147807,32.204467],[130.148107,32.204442],[130.148582,32.204317],[130.149407,32.204342],[130.149931,32.2043],[130.150106,32.204192],[130.150269,32.203917],[130.150369,32.203292],[130.150594,32.202859],[130.150781,32.202592],[130.151119,32.202817],[130.151419,32.202934],[130.151494,32.203092],[130.151469,32.203384],[130.151519,32.203434],[130.151744,32.203409],[130.151969,32.203025],[130.152019,32.203025],[130.152206,32.202942],[130.152506,32.2029],[130.152656,32.202451],[130.152781,32.202384],[130.152981,32.202359],[130.152906,32.201951],[130.153019,32.201726],[130.152969,32.201567],[130.152869,32.201501],[130.153169,32.200984],[130.153419,32.200892],[130.153606,32.200692],[130.153656,32.199676],[130.153756,32.199568],[130.153569,32.199093],[130.153519,32.198734],[130.153594,32.198643],[130.153919,32.198643],[130.153994,32.198484],[130.154169,32.198468],[130.154269,32.198218],[130.154956,32.197593],[130.155306,32.197185],[130.155281,32.197168],[130.155469,32.196943],[130.155769,32.197035],[130.155919,32.19656],[130.156906,32.195326]]]},"properties":{"id_url":"G71013.html","kuni_url":"/kg/resource/K71.html","id":"G71013","kuni":"薩摩","yomi":"いづみ","name":"出水","pref":"鹿児島県","kuni_id":"K71"},"type":"Feature"},{"geometry":{"type":"Polygon","coordinates":[[[130.360929,32.168025],[130.361242,32.167775],[130.361379,32.167458],[130.361563,32.167233],[130.362067,32.166808],[130.362254,32.166533],[130.362592,32.165767],[130.362692,32.165608],[130.363029,32.165292],[130.363579,32.164925],[130.365204,32.163409],[130.365566,32.162984],[130.365654,32.1628],[130.365929,32.162642],[130.366316,32.162659],[130.366904,32.16295],[130.367116,32.163],[130.367404,32.162817],[130.367891,32.162317],[130.368229,32.16205],[130.368941,32.16155],[130.369666,32.161159],[130.370378,32.160617],[130.370541,32.160301],[130.370903,32.160076],[130.371566,32.159826],[130.371816,32.159667],[130.372153,32.159234],[130.372203,32.159034],[130.372341,32.158851],[130.372698,32.1585],[130.372878,32.158409],[130.373041,32.158251],[130.373153,32.157959],[130.373178,32.157467],[130.373366,32.156992],[130.373591,32.156701],[130.374028,32.156451],[130.375103,32.156268],[130.375653,32.156084],[130.37604,32.155793],[130.37639,32.155368],[130.376915,32.155051],[130.377353,32.154843],[130.377628,32.154534],[130.377828,32.153626],[130.378065,32.153001],[130.378515,32.152526],[130.378928,32.152143],[130.378953,32.151601],[130.379303,32.151193],[130.380027,32.150677],[130.381427,32.150468],[130.382252,32.149818],[130.384089,32.148802],[130.384752,32.148352],[130.385414,32.148035],[130.386452,32.147602],[130.386652,32.147219],[130.386952,32.146227],[130.387277,32.145802],[130.387339,32.145419],[130.387252,32.144852],[130.387614,32.144219],[130.387527,32.143436],[130.387639,32.142911],[130.388027,32.142669],[130.388127,32.141494],[130.389014,32.14012],[130.389339,32.139486],[130.389951,32.138811],[130.390601,32.138178],[130.391126,32.13667],[130.391401,32.136128],[130.391451,32.135878],[130.392139,32.135137],[130.392226,32.134795],[130.392064,32.134412],[130.392139,32.134079],[130.392964,32.133537],[130.394676,32.131954],[130.395414,32.131571],[130.395739,32.131346],[130.396351,32.130779],[130.397064,32.130263],[130.398163,32.129229],[130.398513,32.128529],[130.398988,32.12783],[130.400088,32.127196],[130.402563,32.125122],[130.403163,32.12458],[130.403413,32.124172],[130.403138,32.12413],[130.401076,32.12318],[130.400663,32.122955],[130.400776,32.122913],[130.401213,32.122239],[130.401513,32.121647],[130.401563,32.121405],[130.401838,32.12088],[130.402276,32.120455],[130.403001,32.120206],[130.404376,32.119889],[130.405526,32.119689],[130.407313,32.119281],[130.408388,32.119072],[130.409375,32.118848],[130.411325,32.118506],[130.41195,32.118598],[130.412888,32.118889],[130.413825,32.119023],[130.4147,32.118956],[130.416137,32.118664],[130.416812,32.118348],[130.4175,32.11799],[130.418162,32.117715],[130.418387,32.117673],[130.41935,32.117581],[130.4202,32.117581],[130.42105,32.117648],[130.421987,32.117806],[130.422812,32.117823],[130.423612,32.11764],[130.424049,32.117465],[130.425449,32.116715],[130.425799,32.116423],[130.426574,32.115882],[130.427512,32.11509],[130.427999,32.114532],[130.428412,32.114123],[130.428849,32.114015],[130.429262,32.114082],[130.429974,32.114573],[130.430637,32.114932],[130.431074,32.114932],[130.431712,32.114682],[130.432399,32.11459],[130.434161,32.114882],[130.435036,32.114773],[130.435749,32.114615],[130.436549,32.114632],[130.437399,32.11459],[130.438224,32.114315],[130.438999,32.113982],[130.439274,32.113932],[130.439824,32.113957],[130.440611,32.114049],[130.441411,32.114065],[130.442048,32.114382],[130.442673,32.115149],[130.443386,32.115415],[130.443773,32.11544],[130.444598,32.115865],[130.445211,32.116207],[130.44606,32.116407],[130.447873,32.116765],[130.448698,32.11679],[130.449435,32.116607],[130.450598,32.116115],[130.45136,32.115682],[130.452073,32.115207],[130.45251,32.114649],[130.453285,32.113316],[130.453772,32.113024],[130.45386,32.113066],[130.454185,32.113632],[130.454497,32.113874],[130.45466,32.113874],[130.455235,32.113716],[130.455785,32.113699],[130.455972,32.113741],[130.456385,32.113899],[130.456935,32.114232],[130.457247,32.114916],[130.45721,32.115432],[130.457047,32.116265],[130.457184,32.116715],[130.457934,32.116982],[130.458647,32.116982],[130.459197,32.116915],[130.459722,32.117074],[130.460184,32.117657],[130.461009,32.117882],[130.461784,32.11824],[130.463459,32.118874],[130.464146,32.119365],[130.464609,32.119799],[130.464884,32.11984],[130.465459,32.119524],[130.466209,32.119049],[130.466859,32.119249],[130.467583,32.11959],[130.468433,32.119765],[130.469258,32.119857],[130.470058,32.119832],[130.470846,32.11974],[130.471696,32.119724],[130.472583,32.119874],[130.473183,32.120124],[130.47332,32.120532],[130.47357,32.121698],[130.47387,32.121973],[130.474095,32.122065],[130.47552,32.122332],[130.47572,32.122373],[130.47602,32.122173],[130.47737,32.12134],[130.478133,32.120815],[130.478982,32.120074],[130.479645,32.119199],[130.480057,32.118974],[130.48027,32.119015],[130.480907,32.119307],[130.481482,32.119424],[130.48192,32.11924],[130.482395,32.118766],[130.482532,32.118274],[130.48277,32.118066],[130.482995,32.118041],[130.483382,32.118182],[130.483495,32.118266],[130.483982,32.118566],[130.48442,32.118424],[130.484557,32.117999],[130.484832,32.116891],[130.484645,32.116599],[130.48357,32.116174],[130.483295,32.115816],[130.483232,32.115566],[130.48272,32.114283],[130.482357,32.113791],[130.482195,32.113133],[130.482245,32.111491],[130.482382,32.111308],[130.482732,32.111108],[130.48537,32.110516],[130.48647,32.110158],[130.48672,32.110025],[130.487245,32.109616],[130.487357,32.109433],[130.488607,32.107883],[130.489082,32.107383],[130.489707,32.106958],[130.490207,32.106658],[130.490944,32.106275],[130.491469,32.105892],[130.492319,32.105425],[130.493744,32.104725],[130.493994,32.104292],[130.494107,32.10355],[130.494107,32.1029],[130.494044,32.102309],[130.493857,32.101884],[130.493719,32.101367],[130.493607,32.100126],[130.493382,32.099742],[130.493357,32.099251],[130.493269,32.098501],[130.493244,32.097826],[130.493132,32.097517],[130.492607,32.097134],[130.49252,32.096909],[130.492857,32.096593],[130.493344,32.096368],[130.495907,32.095126],[130.496394,32.094784],[130.496757,32.094359],[130.497632,32.093143],[130.498532,32.091843],[130.499207,32.091218],[130.499407,32.090993],[130.499569,32.090701],[130.499594,32.090568],[130.499494,32.089927],[130.499544,32.089452],[130.499657,32.089177],[130.499744,32.08876],[130.499982,32.088485],[130.500144,32.08836],[130.501282,32.087768],[130.501719,32.087477],[130.502219,32.087144],[130.502407,32.086885],[130.502569,32.086769],[130.502894,32.08661],[130.503944,32.086544],[130.504369,32.086435],[130.505669,32.085735],[130.506506,32.085402],[130.506856,32.085127],[130.507044,32.084569],[130.507094,32.083886],[130.507094,32.083169],[130.507432,32.081253],[130.507669,32.080661],[130.507919,32.079128],[130.508107,32.077778],[130.507969,32.077145],[130.507894,32.077036],[130.507494,32.076695],[130.507438,32.076336],[130.507682,32.075903],[130.508219,32.075345],[130.508432,32.075228],[130.509594,32.074845],[130.509869,32.074737],[130.510244,32.074378],[130.510619,32.073945],[130.510694,32.07377],[130.510782,32.073337],[130.510594,32.072912],[130.510457,32.072703],[130.510332,32.072212],[130.510432,32.071762],[130.51022,32.071445],[130.510082,32.071353],[130.509845,32.071037],[130.509932,32.070612],[130.51077,32.069479],[130.511407,32.069079],[130.512057,32.068537],[130.51222,32.068245],[130.512657,32.067637],[130.512945,32.066979],[130.513145,32.066354],[130.512898,32.065633],[130.512307,32.064796],[130.511282,32.065037],[130.51067,32.065354],[130.510232,32.065629],[130.50997,32.065671],[130.509532,32.065629],[130.50892,32.065646],[130.508245,32.065487],[130.508008,32.065396],[130.507308,32.065329],[130.506745,32.065196],[130.506183,32.064813],[130.505833,32.064854],[130.505633,32.064921],[130.505158,32.064763],[130.504721,32.064288],[130.504458,32.063796],[130.503871,32.063046],[130.503521,32.06273],[130.503471,32.06208],[130.503359,32.061946],[130.502534,32.061538],[130.502184,32.061038],[130.501946,32.059638],[130.501996,32.059397],[130.501971,32.058697],[130.501734,32.058397],[130.501272,32.058264],[130.500684,32.058289],[130.499772,32.058147],[130.498934,32.05808],[130.498609,32.058105],[130.498347,32.058197],[130.49826,32.058172],[130.498097,32.057947],[130.498097,32.057564],[130.498235,32.057289],[130.498747,32.057022],[130.49931,32.056347],[130.49966,32.056056],[130.49996,32.055581],[130.500147,32.055081],[130.500397,32.054656],[130.500422,32.054564],[130.499772,32.054297],[130.499272,32.054314],[130.498672,32.054248],[130.498347,32.054064],[130.49806,32.053706],[130.497872,32.053364],[130.497848,32.053231],[130.497898,32.052848],[130.498035,32.052464],[130.498035,32.051989],[130.497985,32.051631],[130.497898,32.051381],[130.497748,32.051115],[130.497718,32.051111],[130.497623,32.05104],[130.497373,32.050923],[130.496941,32.050698],[130.49671,32.050656],[130.49611,32.050881],[130.49561,32.050931],[130.494948,32.050815],[130.494598,32.050865],[130.494317,32.050832],[130.494123,32.050723],[130.493986,32.050498],[130.493961,32.050048],[130.494323,32.049281],[130.494698,32.048515],[130.494673,32.048365],[130.494373,32.048115],[130.493598,32.047757],[130.492586,32.047415],[130.492223,32.04724],[130.491698,32.046715],[130.491374,32.046248],[130.491074,32.04609],[130.490849,32.045907],[130.490386,32.045457],[130.489886,32.045165],[130.489636,32.044965],[130.489686,32.044607],[130.490049,32.043907],[130.490349,32.043457],[130.490436,32.042982],[130.490374,32.042574],[130.490161,32.042257],[130.489749,32.041966],[130.489436,32.041699],[130.489136,32.041341],[130.488999,32.041274],[130.488694,32.040986],[130.488385,32.04073],[130.488037,32.040523],[130.487574,32.040349],[130.486986,32.040149],[130.486636,32.039924],[130.486387,32.039399],[130.486172,32.039176],[130.485946,32.039071],[130.485705,32.038961],[130.485512,32.038799],[130.485287,32.038657],[130.484849,32.038641],[130.484687,32.038524],[130.484624,32.038232],[130.484624,32.037874],[130.484574,32.037741],[130.484262,32.037516],[130.484099,32.037491],[130.483712,32.037307],[130.483549,32.037016],[130.483499,32.036591],[130.483437,32.036474],[130.483162,32.036208],[130.482749,32.036074],[130.482337,32.036091],[130.481099,32.036274],[130.480449,32.036341],[130.480112,32.036407],[130.479924,32.036341],[130.479287,32.035649],[130.479237,32.035241],[130.479262,32.034883],[130.479312,32.034791],[130.479425,32.034291],[130.479562,32.034049],[130.479853,32.033692],[130.479889,32.033202],[130.47975,32.033008],[130.47951,32.032754],[130.479312,32.032516],[130.4789,32.032316],[130.478437,32.032174],[130.477987,32.031908],[130.477637,32.031591],[130.477322,32.031523],[130.477054,32.031505],[130.47655,32.031505],[130.47615,32.031524],[130.4756,32.031574],[130.475187,32.031683],[130.474562,32.031708],[130.474037,32.031774],[130.4731,32.031574],[130.472938,32.031574],[130.472638,32.031708],[130.472379,32.031893],[130.472042,32.031895],[130.471538,32.031666],[130.470963,32.031508],[130.47035,32.031399],[130.469688,32.031016],[130.469225,32.030874],[130.468725,32.030949],[130.467913,32.031374],[130.467638,32.031424],[130.466913,32.031441],[130.465851,32.031332],[130.465438,32.031374],[130.465076,32.031291],[130.464476,32.030924],[130.463951,32.030749],[130.463613,32.030591],[130.463126,32.030116],[130.462601,32.029532],[130.462101,32.029282],[130.461526,32.029332],[130.461226,32.029399],[130.461138,32.029349],[130.461063,32.028899],[130.461088,32.028699],[130.461613,32.028274],[130.461801,32.027841],[130.462401,32.026808],[130.462488,32.026399],[130.462426,32.025883],[130.462563,32.025541],[130.462813,32.025183],[130.463088,32.024866],[130.463313,32.024375],[130.463251,32.02415],[130.462676,32.023675],[130.462314,32.023266],[130.462151,32.022775],[130.462214,32.022391],[130.462083,32.022083],[130.461721,32.021731],[130.461389,32.0212],[130.461139,32.02045],[130.461076,32.02005],[130.461214,32.01955],[130.461276,32.0191],[130.461139,32.0187],[130.461076,32.018108],[130.461164,32.017775],[130.461601,32.016642],[130.461464,32.016509],[130.460339,32.016242],[130.460201,32.016175],[130.460112,32.015071],[130.460013,32.014458],[130.459951,32.014059],[130.459889,32.013967],[130.459702,32.013917],[130.459064,32.013992],[130.458352,32.0141],[130.458127,32.0141],[130.458102,32.014084],[130.458189,32.01385],[130.458377,32.013609],[130.458489,32.013334],[130.458327,32.013225],[130.458077,32.013267],[130.457339,32.013475],[130.456152,32.01365],[130.456039,32.013634],[130.456102,32.012659],[130.456202,32.012417],[130.456452,32.012276],[130.456614,32.012117],[130.456677,32.012009],[130.456589,32.010901],[130.456914,32.009751],[130.457002,32.009217],[130.456805,32.009241],[130.456589,32.009259],[130.456089,32.009459],[130.455789,32.009534],[130.455102,32.009534],[130.454477,32.009417],[130.453702,32.009351],[130.45324,32.009417],[130.452852,32.009509],[130.45249,32.009351],[130.452465,32.009192],[130.452552,32.008792],[130.452415,32.008609],[130.452165,32.008426],[130.45184,32.008117],[130.451702,32.007817],[130.451615,32.007484],[130.451427,32.007392],[130.450815,32.007751],[130.450352,32.007826],[130.450127,32.007826],[130.449665,32.007751],[130.448978,32.007551],[130.44854,32.007259],[130.447603,32.006201],[130.447028,32.005684],[130.446728,32.005726],[130.446453,32.006026],[130.44609,32.006492],[130.445653,32.006876],[130.444803,32.007192],[130.444578,32.007401],[130.444415,32.007892],[130.444028,32.008859],[130.44384,32.008975],[130.443315,32.009134],[130.442878,32.009492],[130.442803,32.009634],[130.44274,32.010167],[130.442765,32.010325],[130.44269,32.0106],[130.442415,32.010759],[130.442116,32.010867],[130.441816,32.011025],[130.440953,32.011075],[130.440791,32.011142],[130.440716,32.011233],[130.439916,32.011708],[130.439366,32.011908],[130.439066,32.011867],[130.438728,32.011658],[130.438491,32.011683],[130.438128,32.011842],[130.437803,32.011933],[130.437416,32.011908],[130.437091,32.0118],[130.436816,32.011658],[130.436341,32.011617],[130.436091,32.01155],[130.435191,32.011442],[130.434641,32.011442],[130.433566,32.0116],[130.433354,32.011708],[130.433041,32.012025],[130.432804,32.012142],[130.431454,32.012341],[130.430904,32.012341],[130.430716,32.012391],[130.429966,32.012408],[130.429691,32.012341],[130.428866,32.012008],[130.428704,32.011866],[130.428517,32.011442],[130.428354,32.01135],[130.427742,32.011242],[130.427554,32.01135],[130.427417,32.0114],[130.426592,32.011533],[130.426292,32.0114],[130.425879,32.011058],[130.424967,32.010567],[130.424204,32.010275],[130.423454,32.010117],[130.422217,32.009417],[130.421805,32.0094],[130.421367,32.009333],[130.420567,32.00895],[130.420217,32.008808],[130.419117,32.008633],[130.418542,32.008725],[130.41838,32.008725],[130.417605,32.008383],[130.416067,32.007983],[130.415243,32.007708],[130.41508,32.007625],[130.41483,32.007125],[130.414168,32.005883],[130.413843,32.005458],[130.41378,32.005325],[130.41398,32.0039],[130.41408,32.003767],[130.414255,32.003442],[130.414905,32.002625],[130.415005,32.002442],[130.414955,32.002284],[130.41463,32.001809],[130.414443,32.001334],[130.414418,32.000992],[130.414568,32.000434],[130.414205,31.999234],[130.414043,31.998401],[130.413918,31.997993],[130.413676,31.997688],[130.413443,31.997518],[130.412268,31.997326],[130.411643,31.997301],[130.411393,31.997226],[130.410681,31.996168],[130.410306,31.995959],[130.410131,31.995801],[130.409881,31.995526],[130.409618,31.994893],[130.409368,31.993968],[130.409259,31.993676],[130.409181,31.993376],[130.409063,31.993287],[130.408931,31.993193],[130.408781,31.993151],[130.408531,31.993151],[130.408143,31.993301],[130.407368,31.993843],[130.406743,31.994084],[130.405381,31.994951],[130.404718,31.995284],[130.404443,31.995351],[130.403568,31.995351],[130.403168,31.995392],[130.402893,31.995342],[130.402368,31.994776],[130.402093,31.994593],[130.401169,31.994651],[130.400394,31.994876],[130.399656,31.995026],[130.398881,31.995109],[130.397481,31.995059],[130.397156,31.994967],[130.396756,31.994759],[130.396631,31.994509],[130.396619,31.994084],[130.396519,31.993809],[130.396169,31.993518],[130.395794,31.993259],[130.395294,31.993059],[130.394519,31.992893],[130.393969,31.992934],[130.393344,31.993134],[130.392881,31.993242],[130.392506,31.993259],[130.392231,31.993151],[130.391906,31.992942],[130.391319,31.991701],[130.391244,31.991651],[130.390894,31.991559],[130.389644,31.991526],[130.388819,31.991434],[130.388219,31.991409],[130.387294,31.991368],[130.386519,31.991076],[130.386069,31.991009],[130.384932,31.991184],[130.383882,31.991192],[130.382857,31.991234],[130.38222,31.991767],[130.381795,31.991951],[130.38127,31.991967],[130.38087,31.991692],[130.380445,31.991284],[130.380007,31.990759],[130.379657,31.990734],[130.37872,31.990892],[130.378395,31.990776],[130.377907,31.990251],[130.377407,31.990042],[130.376258,31.989742],[130.375308,31.989442],[130.374958,31.989442],[130.374633,31.989509],[130.374333,31.989484],[130.373858,31.989075],[130.373483,31.988867],[130.373258,31.988817],[130.372695,31.988825],[130.37247,31.988934],[130.37232,31.988975],[130.371858,31.989],[130.371158,31.988884],[130.370733,31.988942],[130.370182,31.988977],[130.369583,31.988784],[130.369083,31.988575],[130.368108,31.988317],[130.367683,31.988225],[130.367608,31.988184],[130.367508,31.988042],[130.367508,31.987725],[130.367671,31.986959],[130.368108,31.986042],[130.368383,31.985634],[130.368358,31.985342],[130.367721,31.983692],[130.367658,31.983309],[130.367683,31.982359],[130.367771,31.981526],[130.367571,31.981209],[130.367146,31.980984],[130.366846,31.980984],[130.366071,31.981243],[130.365109,31.981468],[130.364609,31.981709],[130.364134,31.981867],[130.363634,31.981951],[130.362746,31.982234],[130.361921,31.982476],[130.360622,31.982676],[130.360209,31.982809],[130.359584,31.983209],[130.358409,31.983651],[130.357972,31.983851],[130.357522,31.983959],[130.357322,31.983934],[130.356397,31.983501],[130.355472,31.983201],[130.355197,31.983001],[130.354947,31.982901],[130.354397,31.982876],[130.354122,31.982834],[130.353947,31.982742],[130.353935,31.982109],[130.353836,31.981381],[130.353947,31.980734],[130.354222,31.979968],[130.354285,31.979493],[130.354135,31.979068],[130.353935,31.978768],[130.353585,31.978543],[130.353235,31.978384],[130.353208,31.978204],[130.353273,31.977818],[130.353523,31.977143],[130.35346,31.976535],[130.353335,31.976243],[130.352835,31.975493],[130.352598,31.974635],[130.352348,31.974476],[130.351673,31.974243],[130.351573,31.974152],[130.351473,31.973927],[130.351273,31.973677],[130.350523,31.973268],[130.350273,31.973085],[130.349786,31.972493],[130.349436,31.97231],[130.348761,31.972235],[130.347986,31.972168],[130.347473,31.97221],[130.347411,31.972118],[130.347486,31.971618],[130.347511,31.971485],[130.347486,31.971443],[130.347336,31.971368],[130.347086,31.971327],[130.346686,31.971318],[130.345711,31.97111],[130.345261,31.970977],[130.344911,31.970952],[130.344454,31.970869],[130.343611,31.970643],[130.342911,31.97046],[130.342411,31.970435],[130.34224,31.970408],[130.341919,31.970394],[130.341687,31.970385],[130.340862,31.970402],[130.339899,31.97026],[130.339399,31.97026],[130.339099,31.970318],[130.338299,31.970427],[130.337699,31.970427],[130.337275,31.970352],[130.33675,31.969968],[130.336525,31.969943],[130.335625,31.970318],[130.335287,31.970385],[130.334837,31.970427],[130.334087,31.97031],[130.333787,31.970785],[130.333537,31.971052],[130.33335,31.971343],[130.333125,31.971585],[130.333,31.971651],[130.332475,31.971718],[130.33215,31.97156],[130.3317,31.971443],[130.3312,31.971393],[130.330975,31.971435],[130.33035,31.971768],[130.329813,31.971885],[130.328513,31.971893],[130.328088,31.971843],[130.327913,31.971826],[130.327438,31.971501],[130.327013,31.971318],[130.326863,31.971318],[130.326663,31.971543],[130.326538,31.971743],[130.326488,31.971768],[130.326638,31.971993],[130.326663,31.972193],[130.3266,31.972468],[130.32645,31.972893],[130.326013,31.973659],[130.325663,31.974043],[130.325488,31.974059],[130.325163,31.974034],[130.324663,31.973784],[130.324238,31.973509],[130.323838,31.973443],[130.323038,31.973459],[130.322663,31.973543],[130.322413,31.973676],[130.322026,31.974126],[130.321401,31.974593],[130.321176,31.974801],[130.321063,31.975359],[130.321032,31.975517],[130.320779,31.975843],[130.320151,31.976209],[130.319826,31.976476],[130.319188,31.977334],[130.318998,31.977469],[130.318738,31.977559],[130.317063,31.977884],[130.316601,31.978034],[130.316039,31.97825],[130.315226,31.9785],[130.314826,31.9785],[130.314476,31.97845],[130.314101,31.978359],[130.313848,31.978189],[130.313576,31.9779],[130.313376,31.977792],[130.313001,31.977492],[130.312751,31.977376],[130.312326,31.977259],[130.312301,31.976767],[130.312189,31.976226],[130.311971,31.975691],[130.311727,31.975092],[130.311602,31.974818],[130.311377,31.974484],[130.311302,31.974209],[130.311314,31.973243],[130.311164,31.973101],[130.309339,31.972118],[130.308889,31.97176],[130.308402,31.971035],[130.307527,31.970143],[130.30724,31.969693],[130.30689,31.969085],[130.306715,31.968918],[130.306315,31.968877],[130.305915,31.968785],[130.304915,31.96841],[130.30429,31.96816],[130.303203,31.967452],[130.302928,31.967185],[130.302828,31.96711],[130.302728,31.966952],[130.302703,31.966685],[130.302528,31.966385],[130.302165,31.965869],[130.30219,31.965527],[130.302365,31.965235],[130.30244,31.964944],[130.302303,31.964285],[130.302103,31.963969],[130.301753,31.963561],[130.301703,31.963202],[130.30174,31.962594],[130.301528,31.961644],[130.301603,31.961152],[130.301728,31.960836],[130.301678,31.960428],[130.30154,31.960044],[130.301485,31.959835],[130.30145,31.959598],[130.301415,31.959344],[130.301353,31.958828],[130.300728,31.958236],[130.300528,31.957936],[130.300516,31.957286],[130.300391,31.957128],[130.299666,31.956853],[130.299366,31.956603],[130.299116,31.956303],[130.298941,31.955828],[130.298803,31.955536],[130.298428,31.955261],[130.298078,31.95517],[130.297878,31.955078],[130.297478,31.954262],[130.296991,31.953695],[130.296766,31.953287],[130.296616,31.952628],[130.296516,31.952453],[130.296166,31.952337],[130.294941,31.952395],[130.294491,31.952345],[130.293891,31.952137],[130.293166,31.952178],[130.292691,31.952153],[130.292191,31.952195],[130.291342,31.95212],[130.290967,31.95212],[130.290642,31.952187],[130.289604,31.95272],[130.289029,31.952895],[130.288704,31.952912],[130.288379,31.952803],[130.287779,31.952162],[130.287229,31.951687],[130.287079,31.951528],[130.286904,31.951462],[130.286779,31.951662],[130.286579,31.95182],[130.286005,31.952378],[130.285717,31.952828],[130.285542,31.953253],[130.285267,31.95357],[130.28448,31.954303],[130.28423,31.954595],[130.284142,31.954911],[130.284117,31.955345],[130.284017,31.95572],[130.28368,31.955994],[130.283055,31.956236],[130.28258,31.956528],[130.282267,31.957111],[130.281967,31.957511],[130.281342,31.957936],[130.281005,31.958203],[130.28083,31.958519],[130.280592,31.959327],[130.280242,31.959536],[130.279992,31.959527],[130.279617,31.959436],[130.279192,31.959252],[130.278892,31.959069],[130.278367,31.959002],[130.278168,31.959086],[130.277843,31.959336],[130.277543,31.959511],[130.276855,31.960277],[130.276555,31.960544],[130.276255,31.960744],[130.275168,31.961685],[130.274705,31.962469],[130.274405,31.962627],[130.27408,31.962735],[130.27358,31.962827],[130.273143,31.963044],[130.273068,31.963135],[130.272993,31.963519],[130.27293,31.964735],[130.27288,31.965118],[130.272743,31.965527],[130.272518,31.965702],[130.272268,31.965768],[130.272118,31.965768],[130.271718,31.965652],[130.271243,31.965535],[130.270843,31.96551],[130.270418,31.965535],[130.269993,31.965418],[130.269618,31.965393],[130.269043,31.965543],[130.268931,31.965768],[130.268831,31.966126],[130.268481,31.966601],[130.267969,31.966885],[130.267493,31.966976],[130.267243,31.96691],[130.266868,31.966926],[130.266693,31.966726],[130.266531,31.96616],[130.266306,31.965793],[130.265906,31.965318],[130.265581,31.964976],[130.265343,31.964618],[130.264918,31.963843],[130.264918,31.963668],[130.265056,31.963393],[130.265306,31.962968],[130.265431,31.96261],[130.265206,31.962293],[130.265093,31.961927],[130.265231,31.960685],[130.265531,31.960402],[130.265581,31.960127],[130.265756,31.959677],[130.265943,31.959452],[130.266043,31.959294],[130.266423,31.95883],[130.266531,31.958469],[130.266506,31.958152],[130.266533,31.957899],[130.266531,31.957652],[130.266343,31.957086],[130.266493,31.956769],[130.266768,31.956594],[130.267318,31.956486],[130.267368,31.956369],[130.267293,31.956169],[130.267281,31.955719],[130.267431,31.955494],[130.267531,31.955428],[130.267606,31.955294],[130.267343,31.954703],[130.267218,31.954028],[130.267343,31.953661],[130.267681,31.953061],[130.267956,31.952403],[130.268168,31.952095],[130.268393,31.95187],[130.268843,31.951445],[130.268993,31.95122],[130.269106,31.950386],[130.269106,31.949936],[130.269043,31.94932],[130.268456,31.948345],[130.268481,31.948012],[130.268656,31.94767],[130.268731,31.947403],[130.268706,31.947128],[130.268593,31.946728],[130.268618,31.946412],[130.268693,31.946162],[130.268693,31.945845],[130.268606,31.945462],[130.268056,31.944537],[130.267631,31.944503],[130.267506,31.944328],[130.267494,31.94367],[130.267019,31.943129],[130.266756,31.94247],[130.265681,31.94167],[130.265406,31.941379],[130.265206,31.941037],[130.265419,31.940637],[130.265719,31.940412],[130.265886,31.939926],[130.266006,31.939554],[130.266056,31.939237],[130.266006,31.939079],[130.265781,31.938829],[130.265431,31.938671],[130.265231,31.938512],[130.265369,31.938312],[130.265844,31.938046],[130.266244,31.937912],[130.266694,31.937887],[130.267019,31.937779],[130.267444,31.937737],[130.267719,31.937787],[130.267919,31.937787],[130.268081,31.937654],[130.268206,31.937362],[130.268056,31.937087],[130.267631,31.936613],[130.267231,31.936404],[130.267081,31.936221],[130.267094,31.935929],[130.267169,31.935188],[130.267056,31.934529],[130.266906,31.934396],[130.266656,31.934396],[130.266232,31.934454],[130.265519,31.934679],[130.265244,31.934679],[130.265094,31.934563],[130.264982,31.934313],[130.264757,31.934104],[130.264532,31.933996],[130.264279,31.933921],[130.264157,31.933721],[130.264244,31.932438],[130.264357,31.931396],[130.264207,31.931105],[130.263732,31.93063],[130.263607,31.93033],[130.263844,31.929496],[130.263819,31.929255],[130.263744,31.929021],[130.26352,31.928821],[130.263207,31.928363],[130.262982,31.92823],[130.262389,31.928126],[130.262007,31.928221],[130.261607,31.928263],[130.26072,31.928188],[130.259945,31.928455],[130.258945,31.928763],[130.257657,31.929321],[130.257183,31.929404],[130.256858,31.929513],[130.256508,31.929671],[130.255908,31.929671],[130.255058,31.929513],[130.254633,31.929521],[130.25437,31.929663],[130.25412,31.929813],[130.25387,31.929879],[130.253458,31.929846],[130.253183,31.929896],[130.25297,31.930038],[130.252833,31.930229],[130.252458,31.930854],[130.25227,31.931046],[130.2522,31.931077],[130.252133,31.931079],[130.25202,31.931004],[130.251938,31.931033],[130.251858,31.931063],[130.251383,31.931263],[130.250895,31.931388],[130.25052,31.931521],[130.24972,31.931746],[130.24877,31.932054],[130.248483,31.932437],[130.248283,31.932637],[130.248206,31.932645],[130.248133,31.932612],[130.248058,31.932479],[130.247908,31.932362],[130.247648,31.932086],[130.247546,31.931879],[130.247396,31.931762],[130.247288,31.931718],[130.247096,31.931696],[130.246821,31.931762],[130.246471,31.931937],[130.245971,31.932229],[130.245721,31.932271],[130.245471,31.932179],[130.245346,31.932179],[130.244883,31.932512],[130.244708,31.932579],[130.244133,31.932671],[130.243813,31.932717],[130.243333,31.932846],[130.242758,31.932996],[130.242388,31.933182],[130.242171,31.933287],[130.241896,31.933371],[130.241646,31.933396],[130.241346,31.933321],[130.241062,31.933114],[130.240733,31.932804],[130.240309,31.932212],[130.240159,31.932079],[130.239434,31.931821],[130.238759,31.931704],[130.237909,31.931696],[130.237034,31.931829],[130.235896,31.932179],[130.235521,31.932196],[130.235121,31.932171],[130.234396,31.932712],[130.234084,31.932754],[130.233234,31.932521],[130.233071,31.932337],[130.232797,31.932179],[130.232597,31.932221],[130.232147,31.932196],[130.231709,31.932237],[130.231372,31.932054],[130.230797,31.931854],[130.230597,31.931712],[130.229997,31.931054],[130.229747,31.930896],[130.229247,31.930821],[130.229122,31.930779],[130.228647,31.930754],[130.228322,31.930546],[130.228197,31.930346],[130.228172,31.930046],[130.228309,31.929687],[130.228284,31.929437],[130.227235,31.928554],[130.22681,31.928254],[130.22641,31.928121],[130.226035,31.928138],[130.225685,31.928296],[130.22546,31.928521],[130.22491,31.928763],[130.224549,31.928751],[130.223985,31.928713],[130.222572,31.928704],[130.222147,31.928696],[130.221647,31.928646],[130.220347,31.928596],[130.220172,31.928546],[130.220069,31.928692],[130.219997,31.928838],[130.219872,31.929363],[130.219811,31.929734],[130.21976,31.930212],[130.21976,31.930504],[130.219847,31.931571],[130.219847,31.931929],[130.219685,31.932496],[130.21936,31.933346],[130.218972,31.933754],[130.218922,31.933754],[130.218797,31.933837],[130.218672,31.934179],[130.218559,31.934895],[130.218359,31.934962],[130.218159,31.934762],[130.217984,31.934804],[130.217784,31.934895],[130.217759,31.935004],[130.217834,31.935095],[130.217984,31.935229],[130.218034,31.93532],[130.217809,31.935362],[130.217584,31.935345],[130.217509,31.935479],[130.217547,31.936087],[130.217497,31.936337],[130.217372,31.936562],[130.217122,31.936537],[130.217022,31.936487],[130.216947,31.936604],[130.217022,31.93667],[130.216872,31.93707],[130.216811,31.937164],[130.216766,31.937298],[130.216759,31.937437],[130.216759,31.937679],[130.216847,31.938628],[130.216522,31.93937],[130.216172,31.939637],[130.215884,31.939753],[130.215809,31.939887],[130.215859,31.940062],[130.215759,31.940378],[130.215835,31.940638],[130.215883,31.940862],[130.215884,31.94097],[130.215946,31.941262],[130.216321,31.94147],[130.216496,31.941628],[130.216671,31.942012],[130.216671,31.942303],[130.216521,31.942503],[130.216321,31.942436],[130.216159,31.942595],[130.216084,31.943045],[130.216159,31.943361],[130.216159,31.943836],[130.216096,31.944353],[130.216146,31.945145],[130.216234,31.945345],[130.216284,31.945861],[130.216408,31.946361],[130.216421,31.946903],[130.216546,31.947378],[130.216596,31.948053],[130.216483,31.948886],[130.216258,31.948953],[130.216208,31.948936],[130.216058,31.948928],[130.215883,31.949219],[130.215796,31.949519],[130.215696,31.949603],[130.215571,31.949878],[130.215183,31.950752],[130.215158,31.951019],[130.215233,31.951477],[130.215708,31.952152],[130.215845,31.952494],[130.21582,31.952561],[130.21592,31.952986],[130.21587,31.953219],[130.215483,31.953777],[130.215233,31.954744],[130.21522,31.955152],[130.214995,31.955827],[130.214558,31.956502],[130.214058,31.957127],[130.213858,31.957194],[130.213708,31.957194],[130.213623,31.957184],[130.213483,31.957194],[130.213439,31.957414],[130.213345,31.957594],[130.213345,31.957752],[130.21337,31.957844],[130.213495,31.957885],[130.213745,31.95816],[130.21372,31.958252],[130.213678,31.958303],[130.213645,31.958385],[130.213732,31.958727],[130.213757,31.95891],[130.213707,31.959085],[130.213457,31.959577],[130.213145,31.960118],[130.213045,31.96021],[130.212995,31.960318],[130.21292,31.96046],[130.212945,31.960568],[130.21277,31.960752],[130.212745,31.960952],[130.21262,31.961018],[130.212595,31.961152],[130.212532,31.96226],[130.212757,31.962526],[130.21277,31.962685],[130.21267,31.962935],[130.212645,31.963093],[130.21247,31.96336],[130.21227,31.96386],[130.212182,31.964376],[130.212207,31.964576],[130.212157,31.96476],[130.211882,31.965093],[130.21182,31.965301],[130.211695,31.965501],[130.211495,31.965701],[130.21132,31.966043],[130.211182,31.966493],[130.211182,31.966626],[130.210982,31.967118],[130.210745,31.967884],[130.21057,31.968109],[130.210395,31.968268],[130.210345,31.968351],[130.21042,31.968518],[130.210257,31.969051],[130.210193,31.969077],[130.210143,31.969168],[130.209968,31.969301],[130.209943,31.969343],[130.210068,31.969501],[130.210018,31.969951],[130.209932,31.970226],[130.209745,31.970451],[130.209495,31.971034],[130.209395,31.971442],[130.209182,31.971909],[130.209007,31.972159],[130.208732,31.972384],[130.20762,31.973009],[130.20717,31.973359],[130.206657,31.973609],[130.206482,31.973626],[130.20637,31.973492],[130.20627,31.973467],[130.206157,31.973534],[130.205882,31.973759],[130.205657,31.973784],[130.205307,31.973959],[130.205207,31.974184],[130.205207,31.974384],[130.205345,31.974767],[130.20532,31.975334],[130.204945,31.975667],[130.20462,31.975692],[130.204357,31.975775],[130.204257,31.975984],[130.204032,31.976209],[130.203982,31.976359],[130.203832,31.976609],[130.203607,31.9769],[130.203245,31.9771],[130.20272,31.977275],[130.20222,31.977367],[130.20152,31.977542],[130.20117,31.977359],[130.200945,31.977175],[130.20072,31.977084],[130.200345,31.9771],[130.20032,31.977125],[130.200345,31.977417],[130.200607,31.977742],[130.200557,31.977875],[130.200307,31.977917],[130.200107,31.977917],[130.199982,31.978075],[130.199982,31.978384],[130.200032,31.978567],[130.19982,31.978767],[130.199795,31.978975],[130.19992,31.979308],[130.200095,31.979425],[130.200045,31.979542],[130.19987,31.979742],[130.199507,31.980008],[130.198932,31.980233],[130.198807,31.980342],[130.198707,31.980592],[130.198682,31.980833],[130.19847,31.981217],[130.19847,31.981308],[130.198645,31.981492],[130.19897,31.98165],[130.19912,31.981633],[130.19937,31.9815],[130.19977,31.981592],[130.199919,31.982083],[130.200194,31.982583],[130.200769,31.9827],[130.200894,31.982542],[130.201044,31.982525],[130.201794,31.983],[130.202169,31.982933],[130.202894,31.982742],[130.203094,31.982583],[130.203219,31.982383],[130.203382,31.982267],[130.203457,31.982383],[130.203669,31.983083],[130.203569,31.983308],[130.203182,31.983866],[130.202982,31.983866],[130.202907,31.983825],[130.202732,31.983866],[130.201219,31.984691],[130.201194,31.984758],[130.201244,31.984941],[130.201519,31.985141],[130.201569,31.985416],[130.201594,31.985708],[130.201544,31.985883],[130.201182,31.986425],[130.201082,31.9867],[130.201107,31.986858],[130.200932,31.98685],[130.200932,31.986491],[130.200882,31.986291],[130.200832,31.986291],[130.200432,31.986308],[130.200207,31.986466],[130.199982,31.986466],[130.199632,31.986208],[130.199382,31.986141],[130.199057,31.986166],[130.198832,31.986366],[130.198644,31.98675],[130.198419,31.986925],[130.197894,31.987083],[130.197844,31.987166],[130.197819,31.98735],[130.197844,31.987625],[130.197007,31.987816],[130.196882,31.987908],[130.196532,31.988449],[130.196457,31.988691],[130.196494,31.989733],[130.198094,31.990416],[130.197857,31.990758],[130.197735,31.990841],[130.197632,31.991024],[130.197573,31.991076],[130.197532,31.991141],[130.197457,31.991274],[130.196739,31.991223],[130.195507,31.991166],[130.195157,31.991124],[130.195132,31.991033],[130.195207,31.990533],[130.195157,31.990058],[130.195082,31.989899],[130.194907,31.989883],[130.194732,31.990416],[130.194107,31.990366],[130.193957,31.990208],[130.193807,31.989983],[130.193714,31.989946],[130.193605,31.989981],[130.193532,31.990049],[130.193507,31.990141],[130.193257,31.990208],[130.192532,31.990249],[130.192182,31.990199],[130.191857,31.990108],[130.191732,31.989991],[130.191607,31.989724],[130.191395,31.988724],[130.191557,31.987308],[130.191532,31.986941],[130.191332,31.9867],[130.191207,31.98665],[130.191182,31.986533],[130.191032,31.98645],[130.190857,31.986558],[130.190932,31.986916],[130.19057,31.987566],[130.190545,31.987749],[130.190395,31.987999],[130.190245,31.988041],[130.190145,31.988133],[130.189832,31.988783],[130.189507,31.989099],[130.189107,31.989433],[130.18872,31.989608],[130.18862,31.989816],[130.18862,31.990266],[130.18862,31.990399],[130.18842,31.990624],[130.188157,31.991008],[130.188082,31.991182],[130.187832,31.991457],[130.18757,31.991924],[130.187395,31.992149],[130.18722,31.992507],[130.187095,31.992599],[130.186945,31.992624],[130.186682,31.993182],[130.186582,31.993632],[130.186545,31.994357],[130.186595,31.995057],[130.18672,31.995324],[130.18687,31.995574],[130.187132,31.995915],[130.187157,31.996115],[130.186882,31.996074],[130.186407,31.995707],[130.18602,31.995482],[130.18532,31.995024],[130.18487,31.994632],[130.18467,31.994391],[130.18462,31.994157],[130.184445,31.994141],[130.184395,31.994207],[130.18437,31.994366],[130.18417,31.994357],[130.18392,31.994107],[130.183457,31.992799],[130.183207,31.992349],[130.182932,31.992032],[130.182595,31.991757],[130.18217,31.991507],[130.18107,31.991207],[130.18082,31.991066],[130.18082,31.990882],[130.18042,31.990816],[130.180281,31.990759],[130.180095,31.990749],[130.179845,31.990766],[130.17922,31.990766],[130.17897,31.990716],[130.17877,31.990466],[130.17842,31.990149],[130.177995,31.990007],[130.177695,31.989941],[130.17737,31.989891],[130.176845,31.989982],[130.176795,31.990116],[130.176833,31.990432],[130.177033,31.990682],[130.177308,31.990907],[130.177508,31.991132],[130.177583,31.991316],[130.177508,31.991382],[130.176858,31.991041],[130.176758,31.991082],[130.176658,31.991582],[130.17637,31.991824],[130.17617,31.991866],[130.17602,31.992024],[130.175795,31.992224],[130.17557,31.992499],[130.17512,31.992407],[130.17507,31.992424],[130.174845,31.992357],[130.174395,31.992041],[130.173745,31.991741],[130.173545,31.991691],[130.173345,31.991716],[130.173195,31.991874],[130.173108,31.992074],[130.173133,31.992207],[130.173283,31.992432],[130.173508,31.992641],[130.173758,31.992916],[130.174008,31.993274],[130.174258,31.993524],[130.17441,31.993535],[130.174539,31.993512],[130.174633,31.993507],[130.175083,31.993599],[130.175383,31.993757],[130.175683,31.993874],[130.175808,31.993965],[130.175958,31.99399],[130.176083,31.993924],[130.176033,31.993716],[130.176058,31.993582],[130.176108,31.993541],[130.176333,31.993474],[130.176683,31.993499],[130.177058,31.993474],[130.177983,31.993374],[130.17822,31.993166],[130.17872,31.993016],[130.17887,31.992857],[130.179233,31.992182],[130.179558,31.991757],[130.179808,31.991649],[130.180258,31.991874],[130.180408,31.991874],[130.180583,31.991832],[130.180683,31.991674],[130.180808,31.991699],[130.181757,31.992024],[130.182232,31.992432],[130.182382,31.992724],[130.18252,31.993224],[130.182695,31.993557],[130.18302,31.994466],[130.183107,31.99514],[130.183032,31.995299],[130.182932,31.995907],[130.182795,31.996157],[130.18267,31.996649],[130.182495,31.99724],[130.182407,31.997665],[130.182307,31.997799],[130.182132,31.997774],[130.181832,31.997974],[130.181532,31.997815],[130.181407,31.99779],[130.181357,31.997857],[130.181432,31.998065],[130.181332,31.998065],[130.181232,31.998015],[130.181207,31.998082],[130.181257,31.99824],[130.18127,31.998515],[130.18122,31.998557],[130.181045,31.998623],[130.180795,31.998782],[130.180545,31.998823],[130.18037,31.998707],[130.180245,31.998482],[130.18017,31.998099],[130.180094,31.997966],[130.180007,31.997899],[130.179849,31.997813],[130.179757,31.997757],[130.179532,31.997732],[130.17947,31.997799],[130.179495,31.998298],[130.179445,31.998773],[130.17947,31.99909],[130.179682,31.999515],[130.179732,31.999923],[130.179607,32.000107],[130.179432,32.000215],[130.179282,32.00019],[130.179182,32.000123],[130.179082,32.00019],[130.17902,32.00044],[130.179045,32.000707],[130.17892,32.001565],[130.17877,32.00159],[130.178645,32.001565],[130.178432,32.001607],[130.178357,32.001723],[130.178432,32.00179],[130.178557,32.00179],[130.178657,32.001923],[130.178882,32.002198],[130.178632,32.002531],[130.178482,32.002581],[130.178257,32.002556],[130.178207,32.002598],[130.178045,32.00344],[130.17807,32.003598],[130.178157,32.003665],[130.178457,32.003623],[130.178607,32.003665],[130.17872,32.00389],[130.179082,32.004948],[130.179145,32.006523],[130.179282,32.006681],[130.179545,32.006864],[130.179932,32.006931],[130.180295,32.007039],[130.18052,32.007264],[130.180607,32.007581],[130.180545,32.008006],[130.18027,32.008531],[130.17997,32.009248],[130.180082,32.009698],[130.179995,32.009906],[130.179745,32.010197],[130.179495,32.010606],[130.17917,32.011797],[130.17912,32.012656],[130.179232,32.012989],[130.179482,32.013489],[130.179545,32.014047],[130.17952,32.014972],[130.179295,32.015314],[130.179295,32.01543],[130.179382,32.01558],[130.179607,32.01563],[130.179795,32.015564],[130.180082,32.015672],[130.18027,32.015897],[130.180532,32.016097],[130.180782,32.016214],[130.181007,32.016122],[130.181582,32.015714],[130.181782,32.01578],[130.181895,32.015689],[130.181895,32.015372],[130.181832,32.015105],[130.181832,32.014206],[130.181857,32.014222],[130.18192,32.014181],[130.18262,32.013972],[130.182695,32.014089],[130.182895,32.014022],[130.183395,32.013706],[130.183532,32.013772],[130.183482,32.013972],[130.18292,32.014539],[130.182782,32.014855],[130.182757,32.015422],[130.18282,32.01553],[130.183045,32.015639],[130.18332,32.01573],[130.183407,32.015705],[130.183707,32.015322],[130.183744,32.015347],[130.183632,32.015547],[130.183769,32.015822],[130.183832,32.016114],[130.183969,32.016272],[130.184157,32.016339],[130.184419,32.016522],[130.184582,32.016472],[130.184607,32.01643],[130.184669,32.016447],[130.184894,32.01643],[130.184944,32.016272],[130.185107,32.016047],[130.185169,32.015822],[130.185307,32.015522],[130.185532,32.015747],[130.185644,32.015614],[130.185669,32.01548],[130.185644,32.015322],[130.185757,32.01523],[130.185894,32.015205],[130.186419,32.015206],[130.186669,32.015322],[130.187182,32.015722],[130.187369,32.015747],[130.187544,32.015697],[130.187844,32.015722],[130.187994,32.01583],[130.188294,32.016122],[130.188269,32.016355],[130.188064,32.01669],[130.187994,32.016822],[130.187857,32.017047],[130.187882,32.017255],[130.188019,32.017205],[130.188557,32.01678],[130.189107,32.016755],[130.189394,32.016797],[130.189619,32.017114],[130.189644,32.017247],[130.189557,32.017389],[130.189457,32.017747],[130.189507,32.017855],[130.189644,32.017789],[130.189894,32.017564],[130.190069,32.01768],[130.190407,32.01808],[130.190482,32.018122],[130.190657,32.018105],[130.190907,32.018014],[130.191132,32.01783],[130.191157,32.017722],[130.191132,32.01738],[130.191082,32.017105],[130.191394,32.015914],[130.192944,32.015972],[130.193194,32.01728],[130.191981,32.017547],[130.191856,32.017755],[130.191632,32.017755],[130.191656,32.017922],[130.191919,32.018005],[130.191382,32.019314],[130.191631,32.019705],[130.192119,32.018755],[130.193494,32.017389],[130.193719,32.017914],[130.192306,32.019322],[130.192344,32.019389],[130.192381,32.019489],[130.192494,32.019714],[130.192581,32.019939],[130.192644,32.020139],[130.191831,32.020705],[130.192406,32.021172],[130.193144,32.021088],[130.193856,32.02428],[130.192544,32.02438],[130.192481,32.025088],[130.193706,32.025196],[130.193706,32.026788],[130.193794,32.02683],[130.193969,32.026846],[130.194094,32.02688],[130.194194,32.026946],[130.194169,32.027005],[130.194081,32.027046],[130.193956,32.027088],[130.193881,32.027113],[130.193719,32.027163],[130.193669,32.027255],[130.193656,32.027388],[130.193619,32.027563],[130.193631,32.02788],[130.193644,32.028321],[130.193594,32.028738],[130.193594,32.028821],[130.193544,32.029213],[130.193469,32.029854],[130.193469,32.030329],[130.193469,32.030538],[130.193381,32.030579],[130.193281,32.030596],[130.193069,32.030621],[130.192869,32.030629],[130.192606,32.030621],[130.192319,32.030604],[130.192094,32.030613],[130.191794,32.030604],[130.191444,32.030604],[130.191194,32.030596],[130.190869,32.030538],[130.190782,32.030463],[130.190757,32.030396],[130.190807,32.030246],[130.190869,32.030129],[130.190869,32.030013],[130.190769,32.029879],[130.190582,32.029804],[130.190407,32.029721],[130.190407,32.029638],[130.190394,32.029563],[130.188869,32.029496],[130.189144,32.030779],[130.189244,32.030846],[130.193669,32.030871],[130.193656,32.029579],[130.193794,32.029979],[130.193844,32.030221],[130.194094,32.030571],[130.194256,32.030729],[130.194456,32.030838],[130.194644,32.030913],[130.194706,32.030938],[130.194831,32.031921],[130.194881,32.032537],[130.194856,32.032646],[130.194744,32.033479],[130.194944,32.034087],[130.194944,32.034362],[130.194869,32.034654],[130.194644,32.035154],[130.194619,32.035354],[130.194781,32.035462],[130.194981,32.035487],[130.195506,32.035237],[130.195794,32.035145],[130.196269,32.03517],[130.196856,32.035304],[130.197194,32.035462],[130.197894,32.035887],[130.198344,32.036045],[130.198756,32.036087],[130.200131,32.03642],[130.200943,32.037004],[130.201643,32.037187],[130.202206,32.037245],[130.202368,32.03752],[130.202456,32.037745],[130.202743,32.038195],[130.202743,32.038304],[130.202656,32.038329],[130.202518,32.038462],[130.202518,32.038687],[130.203081,32.039728],[130.203618,32.040962],[130.203967,32.041829],[130.204068,32.042087],[130.204181,32.042428],[130.204981,32.044636],[130.205143,32.045328],[130.205231,32.046769],[130.204993,32.048577],[130.204806,32.049611],[130.204806,32.050127],[130.205056,32.050802],[130.204893,32.050986],[130.204418,32.05101],[130.204356,32.051052],[130.204356,32.051302],[130.204556,32.05166],[130.204618,32.051685],[130.205231,32.051727],[130.205256,32.051777],[130.204918,32.051977],[130.204781,32.052385],[130.204593,32.05256],[130.204206,32.052769],[130.203731,32.053194],[130.203731,32.05351],[130.204231,32.054435],[130.204493,32.054793],[130.205056,32.055085],[130.205356,32.055402],[130.205668,32.055652],[130.205781,32.055802],[130.205956,32.056235],[130.206256,32.056435],[130.206318,32.056635],[130.206156,32.057243],[130.206156,32.057385],[130.206318,32.057851],[130.206743,32.058101],[130.206793,32.058351],[130.206743,32.058685],[130.206805,32.059118],[130.207118,32.059768],[130.207168,32.060059],[130.207093,32.061184],[130.206955,32.061859],[130.206793,32.062267],[130.206593,32.062967],[130.206243,32.064859],[130.206081,32.065425],[130.205306,32.0675],[130.204943,32.068225],[130.204443,32.069533],[130.203281,32.071741],[130.202331,32.073274],[130.201168,32.074949],[130.200531,32.07569],[130.199193,32.076957],[130.198456,32.07709],[130.197869,32.077115],[130.197344,32.077073],[130.196694,32.076898],[130.196306,32.076715],[130.195994,32.076515],[130.195944,32.076448],[130.195856,32.076173],[130.195969,32.075657],[130.196156,32.075524],[130.196219,32.07509],[130.196131,32.074732],[130.195994,32.074557],[130.195794,32.074399],[130.195481,32.074465],[130.195119,32.074665],[130.194819,32.074915],[130.194119,32.075907],[130.193844,32.076207],[130.192082,32.077382],[130.191807,32.07779],[130.191757,32.078148],[130.191807,32.07844],[130.192207,32.07934],[130.192544,32.080214],[130.192456,32.080398],[130.192319,32.080581],[130.192206,32.080939],[130.192182,32.081206],[130.192269,32.081814],[130.192244,32.082131],[130.192194,32.082198],[130.192044,32.082497],[130.192194,32.083122],[130.192531,32.083556],[130.192556,32.083756],[130.192694,32.083797],[130.193031,32.083847],[130.193431,32.083956],[130.193344,32.084064],[130.193144,32.084114],[130.192956,32.084472],[130.192894,32.084522],[130.192344,32.084547],[130.192281,32.084564],[130.191857,32.084431],[130.191307,32.084164],[130.190882,32.084097],[130.190569,32.083964],[130.189844,32.083381],[130.189394,32.082797],[130.189032,32.082481],[130.188519,32.081964],[130.187819,32.081831],[130.187394,32.081472],[130.187144,32.081314],[130.186982,32.081339],[130.186732,32.081472],[130.186307,32.081539],[130.185744,32.081497],[130.185495,32.081697],[130.185132,32.082222],[130.18492,32.082356],[130.18472,32.082331],[130.18402,32.081814],[130.18387,32.081589],[130.18382,32.081281],[130.183895,32.080847],[130.183782,32.080581],[130.183332,32.080131],[130.183107,32.079948],[130.183032,32.079998],[130.18247,32.080156],[130.182107,32.080039],[130.181657,32.079798],[130.181457,32.079773],[130.180757,32.079456],[130.180645,32.079231],[130.180707,32.079006],[130.180645,32.078781],[130.18067,32.078581],[130.180807,32.078156],[130.18117,32.077923],[130.181432,32.077948],[130.181682,32.078039],[130.181907,32.077973],[130.18227,32.077698],[130.182432,32.07729],[130.18237,32.076906],[130.182232,32.076681],[130.182257,32.07644],[130.182432,32.07619],[130.182957,32.075965],[130.183045,32.07589],[130.183295,32.075782],[130.183407,32.075348],[130.18332,32.07429],[130.183445,32.073615],[130.183532,32.073457],[130.183782,32.07339],[130.183957,32.073257],[130.183982,32.072982],[130.184145,32.072824],[130.184057,32.072057],[130.184145,32.071832],[130.184395,32.071657],[130.184395,32.071449],[130.184082,32.07134],[130.183995,32.071274],[130.184032,32.071049],[130.183882,32.070932],[130.183557,32.071007],[130.183382,32.070982],[130.18322,32.070891],[130.182907,32.071365],[130.182545,32.071524],[130.18232,32.071457],[130.182295,32.07114],[130.182095,32.071099],[130.181907,32.07114],[130.181732,32.071099],[130.18157,32.07114],[130.181432,32.071365],[130.181345,32.071415],[130.181257,32.071349],[130.181207,32.071349],[130.181145,32.071665],[130.181295,32.071799],[130.181207,32.071982],[130.18107,32.072157],[130.181095,32.072407],[130.18087,32.07299],[130.17982,32.073873],[130.17872,32.074307],[130.177633,32.074665],[130.177108,32.074898],[130.176995,32.074915],[130.176745,32.075056],[130.176633,32.075281],[130.176408,32.075415],[130.175795,32.075481],[130.175233,32.075648],[130.174958,32.075823],[130.174758,32.076006],[130.17437,32.076206],[130.174205,32.076213],[130.174095,32.076206],[130.173945,32.076098],[130.17372,32.076281],[130.173758,32.07644],[130.173695,32.076573],[130.173308,32.076914],[130.17317,32.076981],[130.173093,32.077014],[130.17297,32.077048],[130.17267,32.077206],[130.17267,32.077248],[130.17297,32.077314],[130.172895,32.077631],[130.17272,32.077839],[130.172558,32.077881],[130.172245,32.077706],[130.172108,32.077723],[130.172133,32.078064],[130.171995,32.078198],[130.17177,32.078248],[130.171495,32.078248],[130.171333,32.078314],[130.171383,32.078831],[130.171895,32.079281],[130.171945,32.079414],[130.171695,32.080314],[130.171533,32.080522],[130.170895,32.080789],[130.170808,32.081064],[130.17092,32.081381],[130.171258,32.081989],[130.171433,32.082505],[130.171408,32.083139],[130.171245,32.08413],[130.171183,32.085547],[130.17122,32.086497],[130.17117,32.086763],[130.171295,32.087755],[130.17147,32.088605],[130.171783,32.08928],[130.171958,32.089521],[130.172208,32.089696],[130.172683,32.089888],[130.174058,32.090488],[130.17442,32.090563],[130.17532,32.090454],[130.175745,32.090521],[130.175845,32.090629],[130.175882,32.090788],[130.175732,32.091046],[130.175607,32.091129],[130.175395,32.091163],[130.17492,32.091029],[130.17482,32.091121],[130.174645,32.091638],[130.17472,32.091829],[130.174845,32.091963],[130.174793,32.092125],[130.174483,32.092171],[130.174308,32.092279],[130.174183,32.092463],[130.17417,32.092654],[130.174283,32.092846],[130.174545,32.092963],[130.174907,32.093029],[130.175145,32.093121],[130.175332,32.093246],[130.17547,32.093421],[130.17557,32.093746],[130.175595,32.094021],[130.175195,32.094712],[130.175245,32.095546],[130.175332,32.095837],[130.175495,32.096087],[130.17552,32.096245],[130.175357,32.096562],[130.17512,32.096904],[130.17487,32.097062],[130.174707,32.097487],[130.174707,32.098245],[130.174832,32.098845],[130.174945,32.099129],[130.175157,32.099478],[130.17507,32.099695],[130.175032,32.100203],[130.17522,32.100562],[130.175276,32.100748],[130.175332,32.101037],[130.175282,32.101678],[130.174957,32.101953],[130.174895,32.102278],[130.175145,32.102503],[130.17522,32.102828],[130.175307,32.103861],[130.175495,32.104736],[130.175695,32.105278],[130.175845,32.105878],[130.176132,32.106228],[130.176382,32.106261],[130.176782,32.106244],[130.177307,32.106311],[130.177769,32.106294],[130.178169,32.106344],[130.178907,32.106519],[130.179007,32.106611],[130.178919,32.106994],[130.178869,32.107411],[130.178919,32.108319],[130.179069,32.108711],[130.179457,32.109003],[130.179944,32.109478],[130.180294,32.109961],[130.180869,32.110436],[130.181132,32.110611],[130.182031,32.110652],[130.182381,32.110711],[130.182644,32.110694],[130.183231,32.110902],[130.183694,32.110969],[130.183919,32.110944],[130.184119,32.110811],[130.184319,32.110761],[130.184581,32.110811],[130.184731,32.110877],[130.184819,32.111002],[130.184906,32.111227],[130.185219,32.111644],[130.185569,32.111686],[130.185881,32.111644],[130.186456,32.111369],[130.186519,32.111311],[130.186781,32.111369],[130.186906,32.111452],[130.187056,32.112286],[130.187106,32.112352],[130.187481,32.112477],[130.187806,32.112461],[130.188218,32.112336],[130.188493,32.112069],[130.188768,32.111952],[130.188918,32.111819],[130.189106,32.111436],[130.189318,32.111194],[130.189606,32.110986],[130.190443,32.110611],[130.190668,32.110553],[130.190606,32.110878],[130.190518,32.111494],[130.190631,32.111628],[130.191018,32.111828],[130.191206,32.112044],[130.191206,32.112186],[130.191118,32.112369],[130.190881,32.112486],[130.190756,32.112686],[130.190656,32.113036],[130.190918,32.113444],[130.191018,32.113769],[130.191093,32.114519],[130.191381,32.115635],[130.191568,32.11596],[130.191668,32.116052],[130.191931,32.116185],[130.192506,32.116285],[130.192931,32.116235],[130.193293,32.116219],[130.194043,32.116444],[130.194193,32.116402],[130.19458,32.116352],[130.195055,32.116419],[130.19568,32.11661],[130.196043,32.116802],[130.196693,32.117244],[130.196905,32.117485],[130.197218,32.117719],[130.197368,32.117885],[130.197793,32.118235],[130.19863,32.118702],[130.198955,32.119002],[130.19998,32.119827],[130.20043,32.119994],[130.202118,32.120269],[130.202343,32.120244],[130.202393,32.120269],[130.202667,32.120252],[130.202705,32.12016],[130.202755,32.120144],[130.20313,32.12011],[130.203092,32.12041],[130.203167,32.120585],[130.20338,32.12081],[130.203505,32.121043],[130.203505,32.121268],[130.203605,32.12151],[130.203805,32.121577],[130.20478,32.121668],[130.204967,32.121802],[130.205192,32.122035],[130.205417,32.122452],[130.205805,32.122702],[130.205967,32.122552],[130.20628,32.12251],[130.206617,32.122543],[130.20708,32.122702],[130.207267,32.122885],[130.207342,32.122993],[130.207317,32.12321],[130.207767,32.123943],[130.20818,32.124252],[130.208605,32.124285],[130.209142,32.124268],[130.20963,32.124368],[130.210105,32.124652],[130.210629,32.125051],[130.210954,32.125185],[130.211404,32.125135],[130.212642,32.124727],[130.213204,32.124593],[130.213854,32.124543],[130.214229,32.12456],[130.214854,32.124685],[130.215379,32.124402],[130.215942,32.124368],[130.216292,32.124385],[130.216292,32.124502],[130.216342,32.124643],[130.216804,32.125152],[130.217279,32.12556],[130.217829,32.126001],[130.218404,32.126193],[130.220441,32.127135],[130.221341,32.127543],[130.221591,32.12761],[130.224016,32.128126],[130.224754,32.128368],[130.225203,32.128443],[130.226366,32.128735],[130.226903,32.128818],[130.227653,32.128818],[130.228791,32.128693],[130.229791,32.128726],[130.230341,32.128685],[130.230853,32.12856],[130.232403,32.128068],[130.232792,32.127902],[130.232964,32.127907],[130.233103,32.127976],[130.233365,32.128001],[130.233431,32.128092],[130.233567,32.12813],[130.233978,32.128168],[130.237165,32.127768],[130.23759,32.127776],[130.23874,32.12771],[130.239565,32.127818],[130.24044,32.128185],[130.241252,32.128735],[130.24189,32.128826],[130.24254,32.128868],[130.243189,32.128801],[130.243827,32.128618],[130.244464,32.128343],[130.245664,32.12801],[130.247477,32.127685],[130.247677,32.127702],[130.248177,32.12781],[130.248589,32.12786],[130.249176,32.127852],[130.250289,32.127985],[130.250726,32.128143],[130.251201,32.128185],[130.251814,32.128052],[130.252551,32.12771],[130.253251,32.127343],[130.253889,32.127068],[130.255826,32.126452],[130.256401,32.126318],[130.256963,32.12611],[130.257563,32.125935],[130.258201,32.125477],[130.258651,32.125202],[130.259563,32.124369],[130.260088,32.12396],[130.260476,32.123552],[130.260826,32.122919],[130.261263,32.122419],[130.261488,32.121586],[130.261763,32.121161],[130.2622,32.120636],[130.262288,32.120319],[130.262863,32.119736],[130.263163,32.119278],[130.263332,32.119157],[130.2635,32.119053],[130.266038,32.120869],[130.265863,32.121102],[130.265838,32.121502],[130.266038,32.122019],[130.266175,32.122677],[130.266213,32.123102],[130.26615,32.123536],[130.266075,32.123827],[130.26585,32.12426],[130.265413,32.12491],[130.26505,32.125294],[130.264613,32.125594],[130.264275,32.125885],[130.264,32.126227],[130.263563,32.12641],[130.262538,32.126594],[130.261838,32.126569],[130.261475,32.12646],[130.26165,32.126952],[130.261875,32.127293],[130.262063,32.127677],[130.262175,32.127768],[130.26285,32.127835],[130.263038,32.12781],[130.264925,32.128027],[130.265563,32.128135],[130.266563,32.128702],[130.266875,32.128835],[130.267313,32.128785],[130.267875,32.128602],[130.268562,32.128443],[130.269175,32.12826],[130.270025,32.128102],[130.270662,32.12796],[130.2713,32.127644],[130.272137,32.12676],[130.273187,32.12631],[130.2734,32.126102],[130.2736,32.125627],[130.273675,32.125136],[130.2737,32.124686],[130.273612,32.124277],[130.273225,32.123761],[130.27295,32.123419],[130.272775,32.122861],[130.272812,32.122677],[130.27275,32.122252],[130.272775,32.121753],[130.272912,32.120828],[130.272875,32.120261],[130.272987,32.119653],[130.273062,32.119003],[130.272925,32.118753],[130.272312,32.118261],[130.272125,32.11817],[130.271812,32.11797],[130.271537,32.117653],[130.271425,32.117361],[130.271387,32.116728],[130.283511,32.109988],[130.285386,32.108896],[130.285836,32.109096],[130.286436,32.109188],[130.30171,32.10828],[130.302073,32.108213],[130.302323,32.108122],[130.302438,32.108017],[130.302523,32.107913],[130.30546,32.108063],[130.30551,32.108038],[130.305872,32.108038],[130.306422,32.108105],[130.307235,32.10808],[130.307872,32.108147],[130.30906,32.108205],[130.309535,32.108322],[130.309785,32.108497],[130.31051,32.109922],[130.310872,32.11048],[130.311884,32.112396],[130.312247,32.113188],[130.312947,32.114288],[130.313109,32.114463],[130.313559,32.115296],[130.314009,32.115821],[130.314922,32.116329],[130.316647,32.117188],[130.316922,32.117271],[130.317597,32.117563],[130.319121,32.118013],[130.319571,32.118254],[130.320071,32.118621],[130.323509,32.120071],[130.324821,32.120563],[130.325958,32.121079],[130.327346,32.121662],[130.327933,32.121954],[130.328483,32.122287],[130.328983,32.122671],[130.328771,32.122896],[130.329771,32.123612],[130.330021,32.123412],[130.330046,32.123346],[130.330796,32.123812],[130.330883,32.123771],[130.331383,32.123229],[130.331296,32.122954],[130.331046,32.122846],[130.330596,32.122821],[130.330158,32.122846],[130.329908,32.122829],[130.329708,32.122537],[130.329346,32.122171],[130.329321,32.122104],[130.329758,32.121788],[130.330933,32.122213],[130.330933,32.122329],[130.331258,32.122438],[130.331758,32.122304],[130.331908,32.123046],[130.331683,32.123362],[130.330833,32.124271],[130.329696,32.125171],[130.329446,32.125287],[130.329308,32.125312],[130.328971,32.12547],[130.329008,32.125537],[130.329396,32.125512],[130.329508,32.12592],[130.329646,32.125962],[130.329733,32.12587],[130.329858,32.125554],[130.330058,32.125287],[130.330421,32.125054],[130.330746,32.124987],[130.331021,32.124737],[130.331383,32.124262],[130.331821,32.123771],[130.332158,32.123471],[130.332371,32.123046],[130.332396,32.122863],[130.336708,32.124404],[130.33687,32.124762],[130.336795,32.124946],[130.336795,32.125104],[130.336845,32.125104],[130.336958,32.125171],[130.337108,32.126004],[130.337183,32.126054],[130.33727,32.125937],[130.337158,32.125287],[130.337183,32.125171],[130.341557,32.129579],[130.34242,32.128962],[130.34172,32.127479],[130.342545,32.127137],[130.342945,32.127996],[130.343082,32.128087],[130.343332,32.128629],[130.343082,32.129279],[130.343982,32.130154],[130.342782,32.130879],[130.34332,32.131562],[130.344369,32.131079],[130.344507,32.131129],[130.346007,32.130262],[130.346669,32.13067],[130.346869,32.131137],[130.346782,32.131387],[130.346807,32.13157],[130.346919,32.131545],[130.347119,32.131954],[130.346982,32.131995],[130.346869,32.132762],[130.346319,32.132678],[130.345657,32.133853],[130.345832,32.134212],[130.348407,32.133662],[130.348819,32.13337],[130.349406,32.133162],[130.349594,32.133162],[130.350506,32.133703],[130.351181,32.134462],[130.351681,32.135137],[130.351744,32.135137],[130.351994,32.135387],[130.352356,32.136036],[130.352468,32.136036],[130.352556,32.136195],[130.352781,32.13787],[130.352893,32.138586],[130.353843,32.139761],[130.353931,32.139961],[130.353843,32.140228],[130.353631,32.140594],[130.353568,32.140753],[130.353081,32.141519],[130.352918,32.141969],[130.353081,32.142786],[130.353418,32.143394],[130.354006,32.143569],[130.354143,32.144469],[130.354405,32.144719],[130.354868,32.14506],[130.35523,32.145369],[130.355793,32.145569],[130.356343,32.145702],[130.35673,32.145927],[130.35713,32.146044],[130.357455,32.146285],[130.357818,32.146735],[130.357793,32.146944],[130.358018,32.147343],[130.358717,32.147752],[130.358767,32.148068],[130.358967,32.148427],[130.359355,32.148535],[130.359467,32.148835],[130.359742,32.148985],[130.360555,32.14926],[130.361117,32.149793],[130.361417,32.150018],[130.361592,32.150926],[130.361755,32.151235],[130.362042,32.151351],[130.362754,32.151235],[130.363067,32.151326],[130.363617,32.151976],[130.363654,32.152268],[130.363542,32.15241],[130.363317,32.152476],[130.362929,32.152818],[130.362792,32.153176],[130.363042,32.153784],[130.363129,32.154168],[130.363129,32.154351],[130.363029,32.154684],[130.362467,32.155051],[130.361979,32.155701],[130.361942,32.155924],[130.361979,32.156176],[130.362067,32.156451],[130.361979,32.156834],[130.361679,32.157217],[130.361354,32.157534],[130.361017,32.157759],[130.360605,32.157901],[130.36038,32.158076],[130.360192,32.158534],[130.360055,32.159026],[130.359967,32.159526],[130.360005,32.160542],[130.359867,32.161192],[130.359567,32.161917],[130.359542,32.162075],[130.35943,32.1621],[130.358817,32.162075],[130.358742,32.162142],[130.358717,32.162442],[130.358942,32.163225],[130.358855,32.163975],[130.358755,32.164517],[130.35903,32.165392],[130.359292,32.1658],[130.359571,32.166879],[130.359665,32.167255],[130.359746,32.167546],[130.359847,32.167776],[130.359935,32.167965],[130.360233,32.168114],[130.360628,32.16807],[130.360929,32.168025]]]},"properties":{"id_url":"G71013.html","kuni_url":"/kg/resource/K71.html","id":"G71013","kuni":"薩摩","yomi":"いづみ","name":"出水","pref":"鹿児島県","kuni_id":"K71"},"type":"Feature"}]}