{"type":"FeatureCollection","features":[{"type":"Feature","geometry":{"coordinates":[[[129.910841,31.842847],[129.911391,31.842864],[129.912215,31.842997],[129.91269,31.843239],[129.913453,31.843714],[129.914178,31.844172],[129.915153,31.844664],[129.915778,31.845189],[129.916728,31.845872],[129.91759,31.846572],[129.918152,31.847305],[129.918602,31.84793],[129.919077,31.84863],[129.919427,31.849405],[129.919527,31.850138],[129.91954,31.850822],[129.919265,31.851597],[129.919065,31.85203],[129.918952,31.852205],[129.918615,31.852155],[129.91769,31.85198],[129.91699,31.852805],[129.916702,31.853071],[129.916102,31.853463],[129.91559,31.853713],[129.915202,31.853863],[129.914877,31.853988],[129.91404,31.853954],[129.91349,31.853996],[129.912977,31.853821],[129.912627,31.854071],[129.912065,31.854254],[129.911627,31.854504],[129.911315,31.854696],[129.910977,31.855096],[129.910428,31.855288],[129.910028,31.855487],[129.909628,31.855812],[129.909153,31.855987],[129.909015,31.856429],[129.90899,31.857196],[129.908978,31.857371],[129.909302,31.857654],[129.909202,31.857996],[129.909027,31.858129],[129.908927,31.858612],[129.908727,31.859029],[129.90854,31.859337],[129.908515,31.859679],[129.90904,31.860154],[129.909865,31.860645],[129.910902,31.86137],[129.911265,31.862045],[129.911427,31.862995],[129.91134,31.86392],[129.91114,31.864586],[129.910877,31.865103],[129.910427,31.865361],[129.909452,31.865428],[129.90854,31.865161],[129.908065,31.86532],[129.907377,31.865811],[129.906802,31.865753],[129.906627,31.865786],[129.90644,31.866011],[129.906127,31.865953],[129.90604,31.865845],[129.905765,31.866069],[129.905415,31.866028],[129.90504,31.866236],[129.904978,31.866394],[129.90534,31.866536],[129.905877,31.866594],[129.905852,31.866786],[129.905365,31.867003],[129.90519,31.867111],[129.90514,31.867478],[129.905402,31.867744],[129.905415,31.867911],[129.905402,31.868353],[129.905515,31.868578],[129.90619,31.868594],[129.90694,31.868678],[129.90724,31.868803],[129.907877,31.869394],[129.908077,31.869777],[129.908377,31.870127],[129.908727,31.870352],[129.90919,31.870302],[129.909815,31.870069],[129.910277,31.869961],[129.910509,31.870207],[129.910877,31.869803],[129.911302,31.869453],[129.911727,31.869036],[129.912127,31.868453],[129.912364,31.868061],[129.912752,31.867953],[129.913264,31.867836],[129.913727,31.867878],[129.914152,31.868161],[129.914764,31.868203],[129.915289,31.868161],[129.915664,31.867736],[129.915577,31.867295],[129.915714,31.867053],[129.916427,31.867136],[129.916902,31.867428],[129.917402,31.867536],[129.918502,31.867145],[129.918764,31.867561],[129.918964,31.867878],[129.919552,31.867728],[129.919877,31.867345],[129.920252,31.867228],[129.921026,31.86732],[129.921439,31.867503],[129.921876,31.86787],[129.922551,31.867811],[129.922676,31.867378],[129.922789,31.867345],[129.923301,31.867478],[129.923851,31.867903],[129.924139,31.868278],[129.924401,31.868403],[129.924789,31.868286],[129.925026,31.868636],[129.925751,31.868503],[129.926239,31.868511],[129.926889,31.868778],[129.927564,31.86872],[129.927951,31.86897],[129.928351,31.86892],[129.928776,31.868678],[129.928826,31.868362],[129.928776,31.868095],[129.928689,31.868037],[129.928639,31.867878],[129.928601,31.867595],[129.928639,31.867453],[129.928951,31.86712],[129.929401,31.866845],[129.930026,31.866653],[129.930701,31.866453],[129.930951,31.866653],[129.931463,31.866429],[129.931801,31.866354],[129.932151,31.866254],[129.932238,31.865937],[129.932013,31.865662],[129.931926,31.865512],[129.931963,31.86542],[129.931976,31.865204],[129.931913,31.864962],[129.931726,31.864929],[129.931301,31.86482],[129.930876,31.864737],[129.930314,31.864912],[129.930076,31.865095],[129.929989,31.86542],[129.929639,31.86552],[129.928976,31.865387],[129.928751,31.865279],[129.928276,31.865695],[129.927776,31.86607],[129.926864,31.86657],[129.926389,31.866378],[129.925639,31.866103],[129.924989,31.865637],[129.924526,31.864937],[129.924201,31.864245],[129.924126,31.863862],[129.924026,31.863362],[129.923976,31.86262],[129.924226,31.861987],[129.924764,31.861421],[129.925489,31.861087],[129.926514,31.860746],[129.927539,31.860296],[129.928151,31.860087],[129.929164,31.859663],[129.929964,31.859171],[129.930201,31.858938],[129.930039,31.858629],[129.930039,31.858479],[129.930189,31.858379],[129.930201,31.858271],[129.930089,31.858054],[129.929939,31.857746],[129.929851,31.857621],[129.929789,31.857663],[129.929664,31.857696],[129.929451,31.857704],[129.929164,31.857463],[129.928889,31.856963],[129.928689,31.856405],[129.928589,31.855788],[129.928576,31.855121],[129.928964,31.854738],[129.929264,31.854621],[129.929814,31.854496],[129.929964,31.854163],[129.929864,31.853705],[129.929664,31.85338],[129.929614,31.85298],[129.929901,31.852197],[129.930151,31.85198],[129.930364,31.851722],[129.930401,31.851247],[129.930551,31.851055],[129.931176,31.850864],[129.931839,31.850572],[129.931789,31.850289],[129.931664,31.850164],[129.931601,31.84993],[129.931414,31.849689],[129.931039,31.849655],[129.930914,31.849389],[129.930927,31.84908],[129.930589,31.848955],[129.930127,31.848997],[129.929752,31.848764],[129.929114,31.848581],[129.928914,31.848772],[129.928589,31.848847],[129.928114,31.84888],[129.927714,31.848739],[129.927314,31.848889],[129.926839,31.848539],[129.926514,31.84858],[129.926327,31.848472],[129.925652,31.848164],[129.925289,31.848272],[129.924764,31.848289],[129.924639,31.848039],[129.924202,31.847905],[129.923402,31.847855],[129.922952,31.847855],[129.923127,31.846139],[129.923015,31.846072],[129.92289,31.845997],[129.922965,31.847114],[129.922665,31.847597],[129.922027,31.847814],[129.92174,31.847839],[129.921352,31.847372],[129.920852,31.846147],[129.920965,31.846122],[129.921477,31.845939],[129.921427,31.845747],[129.921415,31.845639],[129.920815,31.845631],[129.920277,31.845781],[129.920227,31.845364],[129.920052,31.844864],[129.919965,31.844456],[129.919852,31.843947],[129.919765,31.843448],[129.919727,31.843073],[129.91969,31.842506],[129.91974,31.841989],[129.919815,31.841689],[129.91994,31.841306],[129.919915,31.840973],[129.920053,31.840565],[129.920427,31.840098],[129.920665,31.839831],[129.920815,31.839865],[129.921015,31.839706],[129.921115,31.839673],[129.921252,31.839581],[129.921215,31.839431],[129.921652,31.839431],[129.922002,31.839581],[129.921915,31.83974],[129.921665,31.83979],[129.921477,31.839848],[129.921477,31.83994],[129.921702,31.839898],[129.922065,31.839731],[129.922452,31.839565],[129.922877,31.83944],[129.923615,31.839256],[129.924202,31.83904],[129.924852,31.838982],[129.925677,31.839065],[129.926727,31.839082],[129.927627,31.838973],[129.928539,31.838548],[129.929189,31.838315],[129.930064,31.83804],[129.930752,31.837782],[129.931114,31.83759],[129.931339,31.83724],[129.931502,31.836782],[129.931427,31.835399],[129.931327,31.835307],[129.931177,31.83524],[129.931102,31.835015],[129.930877,31.83449],[129.930902,31.834266],[129.930989,31.834041],[129.931014,31.833841],[129.930914,31.833591],[129.930739,31.833407],[129.930664,31.833274],[129.93019,31.832841],[129.929952,31.832366],[129.929827,31.832007],[129.929777,31.831482],[129.929815,31.830699],[129.930077,31.829749],[129.93024,31.828241],[129.930477,31.8272],[129.930502,31.826841],[129.930652,31.826775],[129.930527,31.826283],[129.930615,31.825808],[129.93059,31.8256],[129.930615,31.825425],[129.93054,31.8252],[129.930415,31.825058],[129.930115,31.824558],[129.930102,31.824333],[129.929977,31.824267],[129.929877,31.824017],[129.929702,31.823883],[129.929552,31.823883],[129.929427,31.8237],[129.929352,31.823633],[129.929202,31.823408],[129.929102,31.823425],[129.928952,31.823175],[129.928852,31.823083],[129.928827,31.823017],[129.92859,31.8225],[129.92839,31.822342],[129.92819,31.822292],[129.927965,31.822133],[129.92759,31.821567],[129.927565,31.82145],[129.927315,31.82105],[129.927153,31.820958],[129.926953,31.820884],[129.925928,31.820317],[129.925703,31.820292],[129.925503,31.820175],[129.925478,31.819767],[129.925603,31.819525],[129.925578,31.819367],[129.925428,31.819292],[129.925303,31.819317],[129.925128,31.819292],[129.925053,31.819359],[129.925053,31.819409],[129.924903,31.819567],[129.924703,31.81945],[129.924603,31.8194],[129.924603,31.819267],[129.924728,31.819092],[129.924715,31.81895],[129.92459,31.818859],[129.924428,31.818909],[129.924353,31.818884],[129.924228,31.8189],[129.924028,31.819084],[129.923728,31.819217],[129.923378,31.819234],[129.923128,31.819192],[129.922453,31.818892],[129.921853,31.818592],[129.921653,31.81855],[129.921453,31.818367],[129.921328,31.818142],[129.921291,31.817825],[129.921216,31.81755],[129.921041,31.817509],[129.920891,31.817575],[129.920766,31.81755],[129.920716,31.817325],[129.920366,31.817209],[129.920166,31.817367],[129.920066,31.817367],[129.919841,31.817225],[129.919516,31.816909],[129.919391,31.816909],[129.919116,31.816884],[129.918991,31.816925],[129.918666,31.817175],[129.918503,31.817467],[129.918303,31.818025],[129.918228,31.818092],[129.918078,31.818092],[129.917853,31.817984],[129.917703,31.818],[129.917603,31.818067],[129.917553,31.818184],[129.917653,31.818225],[129.917703,31.818342],[129.917566,31.81845],[129.917466,31.818809],[129.917241,31.818808],[129.917016,31.818767],[129.916916,31.818808],[129.916766,31.818833],[129.916441,31.819008],[129.916366,31.819192],[129.916216,31.819325],[129.916178,31.819483],[129.916028,31.819792],[129.916053,31.820042],[129.916266,31.821267],[129.916041,31.821442],[129.915541,31.821775],[129.914978,31.82195],[129.913679,31.822233],[129.913429,31.822258],[129.912954,31.822325],[129.912754,31.8223],[129.912254,31.821933],[129.912004,31.821908],[129.911804,31.821725],[129.911504,31.821616],[129.911354,31.8213],[129.911104,31.821158],[129.911054,31.821091],[129.911054,31.820908],[129.910854,31.820866],[129.910579,31.820775],[129.910429,31.820925],[129.910229,31.82095],[129.910154,31.820991],[129.909654,31.820966],[129.909579,31.820833],[129.909479,31.820833],[129.909154,31.820716],[129.909079,31.820716],[129.908779,31.820466],[129.908854,31.820283],[129.908729,31.820216],[129.908579,31.820216],[129.908454,31.820083],[129.908279,31.820033],[129.908129,31.8201],[129.907954,31.820033],[129.907854,31.820075],[129.907779,31.820275],[129.907629,31.820366],[129.907629,31.820433],[129.907729,31.820575],[129.907629,31.82075],[129.907654,31.820841],[129.907641,31.821291],[129.907766,31.821991],[129.907666,31.822308],[129.907529,31.822533],[129.907329,31.822733],[129.907054,31.822916],[129.906829,31.822999],[129.906704,31.823091],[129.906579,31.823316],[129.906417,31.823833],[129.906192,31.824374],[129.906067,31.824483],[129.905917,31.824533],[129.905767,31.824641],[129.905554,31.824932],[129.905304,31.825091],[129.905079,31.825157],[129.904229,31.825057],[129.903904,31.824966],[129.903579,31.824807],[129.902929,31.824324],[129.902379,31.823808],[129.902367,31.823491],[129.902417,31.823149],[129.902667,31.822591],[129.903004,31.822274],[129.903129,31.822024],[129.903179,31.821799],[129.903667,31.820991],[129.903717,31.820816],[129.903692,31.820525],[129.903492,31.820158],[129.903342,31.820116],[129.903192,31.820158],[129.902792,31.819925],[129.902579,31.819725],[129.902104,31.819133],[129.901829,31.818525],[129.901717,31.818075],[129.901555,31.8162],[129.901455,31.816017],[129.901255,31.815875],[129.90098,31.815742],[129.90068,31.815467],[129.900542,31.814633],[129.900367,31.8142],[129.900117,31.814175],[129.899892,31.814067],[129.899567,31.813992],[129.899317,31.813725],[129.899167,31.81365],[129.898992,31.813675],[129.898717,31.813584],[129.89858,31.813017],[129.89848,31.8129],[129.898355,31.812884],[129.898155,31.81295],[129.89783,31.812967],[129.89778,31.813009],[129.897667,31.813259],[129.897267,31.813209],[129.896842,31.813325],[129.896717,31.813275],[129.896417,31.81305],[129.896217,31.812975],[129.895843,31.813042],[129.895543,31.812925],[129.895418,31.812817],[129.895193,31.812725],[129.894943,31.812992],[129.894718,31.812808],[129.894543,31.812808],[129.894368,31.81285],[129.894318,31.812808],[129.894118,31.812758],[129.893968,31.8126],[129.893693,31.812508],[129.893643,31.812375],[129.893493,31.812259],[129.893293,31.812259],[129.893168,31.812367],[129.892943,31.812483],[129.892793,31.812342],[129.892693,31.812325],[129.892518,31.812367],[129.892418,31.812317],[129.892293,31.812183],[129.892093,31.812092],[129.892018,31.812025],[129.891918,31.812],[129.891768,31.812092],[129.891618,31.812067],[129.891368,31.811933],[129.891218,31.811908],[129.891043,31.811908],[129.890918,31.811883],[129.890643,31.811858],[129.890393,31.811767],[129.890243,31.811742],[129.890043,31.811675],[129.889993,31.811583],[129.890068,31.811309],[129.889955,31.811217],[129.88993,31.811042],[129.889855,31.81095],[129.88978,31.81095],[129.88978,31.810992],[129.889568,31.81115],[129.889568,31.811267],[129.889493,31.811309],[129.889393,31.81115],[129.888943,31.811125],[129.888743,31.811034],[129.888668,31.811034],[129.888318,31.811142],[129.888068,31.811075],[129.887943,31.811092],[129.887718,31.81105],[129.887493,31.811133],[129.887318,31.811042],[129.887143,31.811017],[129.886993,31.811133],[129.886793,31.811267],[129.886643,31.811283],[129.886368,31.811175],[129.886293,31.811175],[129.885993,31.811325],[129.885868,31.811258],[129.885643,31.811192],[129.885568,31.811233],[129.885368,31.811208],[129.885243,31.81105],[129.885118,31.810983],[129.884943,31.8108],[129.884768,31.810933],[129.884618,31.810892],[129.884343,31.810908],[129.884218,31.810883],[129.884043,31.810817],[129.883818,31.810858],[129.883643,31.81075],[129.883418,31.810767],[129.883268,31.8107],[129.883268,31.810517],[129.883168,31.810425],[129.882993,31.810425],[129.882893,31.810317],[129.882668,31.810133],[129.882618,31.810017],[129.882618,31.809817],[129.882718,31.809633],[129.882706,31.80925],[129.882456,31.80925],[129.882256,31.809134],[129.881793,31.809175],[129.881569,31.809109],[129.881406,31.80895],[129.881256,31.808725],[129.881231,31.808517],[129.881206,31.808225],[129.881156,31.808042],[129.880931,31.808042],[129.880806,31.807934],[129.880656,31.807909],[129.880231,31.807925],[129.880006,31.807875],[129.879706,31.807742],[129.879481,31.807675],[129.878631,31.807642],[129.878406,31.80755],[129.878106,31.80735],[129.877956,31.807117],[129.877919,31.80685],[129.877844,31.806734],[129.877394,31.806667],[129.877219,31.806575],[129.877069,31.806392],[129.876869,31.806259],[129.876744,31.806075],[129.876644,31.805509],[129.876494,31.805375],[129.875819,31.80505],[129.875381,31.804709],[129.874957,31.804526],[129.874632,31.804276],[129.874057,31.804051],[129.873907,31.803959],[129.873832,31.803776],[129.873807,31.803501],[129.873569,31.802867],[129.873669,31.802484],[129.873894,31.801992],[129.873907,31.801701],[129.873782,31.801542],[129.873657,31.801492],[129.873357,31.801517],[129.873119,31.801809],[129.873019,31.801826],[129.872794,31.801759],[129.872752,31.801723],[129.872419,31.801367],[129.872319,31.800942],[129.872244,31.800851],[129.872094,31.800942],[129.871894,31.801142],[129.871669,31.801317],[129.871269,31.801226],[129.871094,31.801384],[129.871119,31.801676],[129.871394,31.801967],[129.871582,31.802309],[129.871832,31.803351],[129.871994,31.803984],[129.872194,31.80455],[129.872369,31.80475],[129.872394,31.804842],[129.872357,31.805159],[129.872457,31.805475],[129.872582,31.805634],[129.872757,31.806134],[129.872752,31.806297],[129.872957,31.806525],[129.873557,31.806867],[129.873857,31.807067],[129.874094,31.807384],[129.874269,31.808083],[129.874294,31.808475],[129.874206,31.808925],[129.874106,31.809217],[129.873881,31.809483],[129.873682,31.809667],[129.873469,31.810042],[129.873344,31.810092],[129.873094,31.810625],[129.872752,31.81098],[129.872732,31.811],[129.872582,31.811183],[129.872457,31.811183],[129.872307,31.81125],[129.872257,31.81165],[129.872082,31.81185],[129.871594,31.812125],[129.871294,31.812525],[129.871294,31.812725],[129.871469,31.812958],[129.871544,31.813158],[129.871694,31.813474],[129.871782,31.814058],[129.871907,31.814199],[129.872331,31.814358],[129.872431,31.814474],[129.872581,31.815174],[129.872469,31.815624],[129.872519,31.815849],[129.872744,31.816074],[129.872751,31.816163],[129.872781,31.816199],[129.872956,31.816199],[129.873106,31.816224],[129.873231,31.816291],[129.873506,31.816608],[129.873406,31.816749],[129.873431,31.816882],[129.873681,31.816974],[129.873706,31.817066],[129.873506,31.817466],[129.873219,31.817782],[129.873294,31.817874],[129.873194,31.818349],[129.873231,31.818907],[129.873469,31.820107],[129.873344,31.820374],[129.873194,31.820582],[129.872794,31.820915],[129.872751,31.820945],[129.872394,31.821349],[129.871869,31.821574],[129.871219,31.821924],[129.870481,31.822282],[129.870356,31.822257],[129.868931,31.822273],[129.868682,31.822207],[129.868182,31.821998],[129.867982,31.821923],[129.867632,31.821815],[129.867532,31.821657],[129.867507,31.821474],[129.867644,31.820824],[129.867594,31.82059],[129.867519,31.820507],[129.867319,31.820415],[129.867219,31.820499],[129.866944,31.820615],[129.866844,31.820524],[129.866594,31.820207],[129.866444,31.82009],[129.866269,31.820065],[129.865969,31.819932],[129.865769,31.819749],[129.865569,31.819474],[129.865419,31.819382],[129.865219,31.81934],[129.865094,31.819249],[129.864919,31.818949],[129.864719,31.818974],[129.864544,31.819265],[129.864494,31.819449],[129.864344,31.819557],[129.863819,31.819715],[129.863769,31.819757],[129.863119,31.819615],[129.862944,31.81964],[129.862782,31.819707],[129.862282,31.820174],[129.861907,31.82044],[129.861682,31.82064],[129.861507,31.82069],[129.860545,31.820707],[129.86012,31.820815],[129.85952,31.82119],[129.858832,31.821482],[129.858282,31.821657],[129.857482,31.821723],[129.857282,31.821648],[129.856707,31.821173],[129.856507,31.821348],[129.856532,31.821465],[129.856782,31.821823],[129.856957,31.822007],[129.856982,31.822215],[129.857045,31.822306],[129.857157,31.822256],[129.857232,31.822281],[129.857195,31.822956],[129.85732,31.823323],[129.85782,31.823865],[129.85822,31.823981],[129.858395,31.824048],[129.858682,31.824323],[129.858832,31.824365],[129.859032,31.824481],[129.859157,31.82464],[129.859282,31.824981],[129.859732,31.825323],[129.860257,31.825931],[129.860457,31.826089],[129.860907,31.826114],[129.861157,31.826164],[129.861394,31.826414],[129.861444,31.826573],[129.861394,31.827406],[129.861419,31.827681],[129.861632,31.828039],[129.862082,31.829189],[129.862044,31.829664],[129.862219,31.830231],[129.862207,31.830956],[129.862257,31.831497],[129.862457,31.831722],[129.862707,31.831931],[129.863294,31.832672],[129.863444,31.832789],[129.863619,31.832814],[129.864306,31.832839],[129.864582,31.832857],[129.864706,31.832839],[129.865206,31.832872],[129.866106,31.833122],[129.866631,31.833305],[129.866781,31.833397],[129.866731,31.833439],[129.866406,31.833397],[129.865569,31.833455],[129.865294,31.833389],[129.865219,31.833497],[129.864769,31.833297],[129.864819,31.83318],[129.864719,31.833114],[129.864756,31.832997],[129.86448,31.832908],[129.864269,31.832972],[129.864144,31.833355],[129.863981,31.834397],[129.863781,31.834772],[129.862956,31.834547],[129.862981,31.83443],[129.862207,31.83418],[129.862107,31.83438],[129.863156,31.834747],[129.862369,31.836005],[129.861381,31.836655],[129.861206,31.836513],[129.861131,31.836513],[129.860981,31.83663],[129.860856,31.83678],[129.860969,31.83698],[129.860881,31.83708],[129.860007,31.837355],[129.859519,31.837638],[129.859194,31.83768],[129.858907,31.837763],[129.858569,31.83778],[129.858432,31.837846],[129.858257,31.837863],[129.857744,31.837605],[129.857282,31.837288],[129.856907,31.837196],[129.856757,31.837146],[129.856582,31.837021],[129.856344,31.83673],[129.856019,31.836347],[129.855844,31.83623],[129.854707,31.835572],[129.853932,31.83523],[129.853607,31.834797],[129.852807,31.834047],[129.852682,31.833772],[129.85257,31.833638],[129.85192,31.833163],[129.851295,31.832747],[129.85072,31.832564],[129.84967,31.832172],[129.849095,31.832014],[129.84887,31.831897],[129.84842,31.831605],[129.84822,31.831555],[129.84792,31.831422],[129.847245,31.830939],[129.845908,31.83003],[129.845383,31.829597],[129.845258,31.829639],[129.845283,31.829914],[129.84567,31.830364],[129.845895,31.830522],[129.846245,31.830797],[129.84722,31.831889],[129.847707,31.832563],[129.848107,31.833338],[129.84817,31.833972],[129.848495,31.834738],[129.84847,31.834938],[129.848482,31.83553],[129.848782,31.83643],[129.848995,31.83678],[129.84902,31.837663],[129.84897,31.838363],[129.848682,31.839638],[129.84872,31.840079],[129.848944,31.840663],[129.848957,31.841163],[129.848882,31.842021],[129.848957,31.842612],[129.848607,31.843237],[129.847957,31.843937],[129.847607,31.844254],[129.846757,31.844854],[129.846282,31.845112],[129.84527,31.845529],[129.844895,31.845287],[129.844832,31.845295],[129.844695,31.845512],[129.84432,31.84572],[129.844095,31.845987],[129.843982,31.845987],[129.84382,31.845895],[129.843782,31.846512],[129.843807,31.846695],[129.844032,31.846845],[129.844207,31.846928],[129.84437,31.847103],[129.844482,31.847378],[129.84482,31.847378],[129.84492,31.847437],[129.84502,31.847603],[129.844995,31.847778],[129.84482,31.848078],[129.844195,31.84862],[129.843382,31.84912],[129.84257,31.849536],[129.842107,31.849803],[129.84157,31.849853],[129.841345,31.849928],[129.841132,31.850195],[129.841145,31.850478],[129.841195,31.85057],[129.84122,31.850953],[129.841332,31.85127],[129.84147,31.85147],[129.841482,31.851886],[129.841632,31.852244],[129.841607,31.852436],[129.841345,31.852819],[129.841345,31.852994],[129.841695,31.853344],[129.84217,31.853319],[129.842295,31.853336],[129.842532,31.853294],[129.842632,31.853228],[129.842757,31.853236],[129.843182,31.853128],[129.843344,31.853003],[129.843557,31.853036],[129.843644,31.852894],[129.843844,31.852528],[129.843782,31.852378],[129.843519,31.852253],[129.843507,31.852211],[129.843719,31.852061],[129.843819,31.851936],[129.843882,31.851728],[129.843907,31.851703],[129.844294,31.851795],[129.844519,31.851778],[129.844757,31.851361],[129.845269,31.851236],[129.845757,31.851211],[129.845907,31.851245],[129.846144,31.851428],[129.846257,31.851453],[129.846519,31.851628],[129.846794,31.851745],[129.847219,31.851753],[129.847332,31.851811],[129.847407,31.852086],[129.847407,31.852245],[129.847519,31.85232],[129.847719,31.852336],[129.847994,31.851961],[129.848057,31.85192],[129.848032,31.851753],[129.847957,31.85167],[129.847907,31.851661],[129.847869,31.851578],[129.848119,31.851178],[129.848269,31.851111],[129.848644,31.851245],[129.848957,31.851661],[129.848969,31.851795],[129.849257,31.852053],[129.849494,31.852111],[129.849707,31.852078],[129.850019,31.851803],[129.850007,31.851536],[129.849932,31.851295],[129.850269,31.850803],[129.850732,31.850712],[129.850857,31.850653],[129.851157,31.851003],[129.851132,31.85132],[129.851307,31.851486],[129.851457,31.851511],[129.851569,31.85172],[129.851681,31.851836],[129.852119,31.85182],[129.852394,31.851911],[129.852544,31.851995],[129.852794,31.85207],[129.852969,31.852078],[129.853106,31.851986],[129.853169,31.85182],[129.853456,31.85172],[129.853681,31.851361],[129.853731,31.851336],[129.854081,31.851403],[129.854394,31.851411],[129.854644,31.851853],[129.854719,31.852103],[129.854706,31.852245],[129.854531,31.852695],[129.854606,31.852753],[129.854744,31.852753],[129.854894,31.852953],[129.855006,31.853003],[129.855269,31.852845],[129.855519,31.852828],[129.855794,31.852711],[129.856056,31.85267],[129.856494,31.852528],[129.857169,31.85222],[129.857544,31.852153],[129.858081,31.852245],[129.858331,31.85222],[129.858631,31.852295],[129.858769,31.85227],[129.859194,31.852062],[129.859606,31.851987],[129.859656,31.85197],[129.859981,31.852037],[129.860019,31.852012],[129.860131,31.852045],[129.860194,31.852362],[129.860169,31.852486],[129.860393,31.852545],[129.860468,31.852711],[129.860506,31.852895],[129.860418,31.85312],[129.860131,31.853286],[129.859931,31.853311],[129.859419,31.853228],[129.858931,31.853303],[129.858706,31.853303],[129.858494,31.85327],[129.858394,31.85322],[129.858131,31.853211],[129.857994,31.853253],[129.857894,31.85337],[129.857919,31.853595],[129.858131,31.85417],[129.858744,31.854778],[129.858793,31.855286],[129.858993,31.855328],[129.859131,31.855286],[129.859481,31.855003],[129.859606,31.855011],[129.860031,31.855578],[129.860068,31.855611],[129.860281,31.855636],[129.860718,31.855561],[129.861043,31.855353],[129.861293,31.855336],[129.861468,31.85537],[129.861568,31.855361],[129.861668,31.85522],[129.861731,31.855361],[129.861743,31.855753],[129.861793,31.855886],[129.862243,31.855944],[129.862468,31.856003],[129.862893,31.856686],[129.863256,31.857194],[129.863256,31.857328],[129.863343,31.857569],[129.863531,31.857778],[129.864156,31.858186],[129.864381,31.858228],[129.864668,31.858378],[129.864831,31.858511],[129.865156,31.858961],[129.865306,31.859144],[129.865531,31.859252],[129.86563,31.859469],[129.865593,31.859944],[129.86548,31.859977],[129.864531,31.860044],[129.864393,31.860036],[129.863531,31.860169],[129.863393,31.860011],[129.863206,31.860002],[129.862793,31.860102],[129.862706,31.860094],[129.862756,31.859977],[129.863093,31.859819],[129.863193,31.859802],[129.863268,31.859677],[129.863168,31.859369],[129.863006,31.859277],[129.862756,31.859211],[129.862543,31.859077],[129.862281,31.858744],[129.862031,31.858653],[129.861606,31.858569],[129.861556,31.858494],[129.861618,31.858119],[129.861581,31.857878],[129.861481,31.857794],[129.861243,31.857736],[129.861031,31.857736],[129.860706,31.857828],[129.860468,31.857861],[129.860168,31.857786],[129.859981,31.857653],[129.859806,31.857303],[129.859306,31.857294],[129.859156,31.857244],[129.858868,31.857036],[129.857768,31.856569],[129.857494,31.856303],[129.857244,31.856244],[129.856631,31.856228],[129.856231,31.856036],[129.856181,31.856078],[129.856031,31.856142],[129.855869,31.856044],[129.855181,31.855711],[129.854831,31.855378],[129.854206,31.854944],[129.853894,31.854811],[129.853644,31.854603],[129.853206,31.854411],[129.852869,31.853928],[129.852681,31.854111],[129.852456,31.854461],[129.852419,31.854653],[129.852494,31.855061],[129.852381,31.855078],[129.851631,31.855094],[129.851156,31.854994],[129.850894,31.855086],[129.850544,31.855019],[129.849969,31.854644],[129.849769,31.854794],[129.849331,31.855461],[129.849231,31.855661],[129.849144,31.855761],[129.848357,31.855903],[129.848119,31.855744],[129.847757,31.855578],[129.847557,31.855369],[129.847444,31.855353],[129.847094,31.855386],[129.846832,31.855319],[129.846632,31.855519],[129.846532,31.855778],[129.846457,31.855844],[129.845969,31.855928],[129.845819,31.856019],[129.845932,31.856269],[129.846694,31.856469],[129.846944,31.856561],[129.847119,31.856894],[129.847094,31.857061],[129.847032,31.857144],[129.846694,31.857236],[129.846544,31.857344],[129.846457,31.857369],[129.846132,31.857261],[129.845969,31.857244],[129.845744,31.857494],[129.845632,31.857577],[129.845407,31.857494],[129.845307,31.857436],[129.844782,31.857444],[129.844732,31.857452],[129.844557,31.857636],[129.844419,31.857611],[129.844119,31.857319],[129.843919,31.857219],[129.843757,31.857186],[129.843094,31.857202],[129.842919,31.857244],[129.842844,31.857477],[129.842807,31.858777],[129.842657,31.858977],[129.842532,31.859077],[129.842419,31.85936],[129.842369,31.859894],[129.842857,31.860194],[129.842932,31.860219],[129.843044,31.860202],[129.843219,31.860285],[129.843182,31.860627],[129.843357,31.860935],[129.843432,31.861019],[129.843669,31.861052],[129.844157,31.86121],[129.844394,31.861344],[129.844482,31.861452],[129.844444,31.861868],[129.844582,31.862102],[129.844669,31.862143],[129.844894,31.862527],[129.844857,31.86271],[129.844482,31.863285],[129.844307,31.863768],[129.844119,31.864502],[129.843944,31.864735],[129.843831,31.864985],[129.843719,31.865043],[129.843506,31.865426],[129.842969,31.865801],[129.843044,31.866251],[129.843081,31.866385],[129.842994,31.866901],[129.843069,31.867126],[129.843369,31.867693],[129.843469,31.867984],[129.843469,31.868226],[129.843369,31.868526],[129.843219,31.868709],[129.843156,31.868876],[129.843194,31.869093],[129.843281,31.869168],[129.843531,31.869226],[129.843619,31.869376],[129.843794,31.869418],[129.844244,31.869376],[129.844494,31.869418],[129.844606,31.869584],[129.844606,31.869809],[129.844531,31.869943],[129.844419,31.870001],[129.844306,31.870284],[129.844231,31.870334],[129.843556,31.870026],[129.843069,31.869918],[129.842856,31.869926],[129.842544,31.870059],[129.842119,31.870343],[129.841931,31.870401],[129.841869,31.870359],[129.841781,31.870226],[129.841819,31.869818],[129.841981,31.869243],[129.842056,31.868734],[129.841457,31.867818],[129.840919,31.867101],[129.840582,31.866743],[129.840519,31.866201],[129.840369,31.865985],[129.840207,31.865985],[129.840044,31.865926],[129.839869,31.865793],[129.839719,31.86551],[129.839557,31.865376],[129.839319,31.865251],[129.839032,31.865176],[129.838832,31.86516],[129.838857,31.864951],[129.839032,31.86496],[129.839107,31.864668],[129.839019,31.864543],[129.839294,31.863243],[129.838882,31.862893],[129.838532,31.86251],[129.838232,31.862302],[129.838157,31.862118],[129.83832,31.861768],[129.838407,31.86166],[129.837982,31.861327],[129.837657,31.861093],[129.83757,31.860935],[129.837595,31.86071],[129.83827,31.859744],[129.838132,31.859694],[129.83802,31.859494],[129.83797,31.859177],[129.83797,31.858869],[129.838432,31.85826],[129.83822,31.857635],[129.83822,31.857194],[129.838307,31.856952],[129.838245,31.856786],[129.837995,31.856461],[129.837845,31.856236],[129.837682,31.856152],[129.837395,31.856102],[129.837257,31.855961],[129.83717,31.855752],[129.837045,31.855661],[129.837032,31.855269],[129.83697,31.855094],[129.836745,31.854952],[129.83652,31.854611],[129.836295,31.854611],[129.836007,31.854736],[129.835732,31.854611],[129.835645,31.854477],[129.835632,31.853952],[129.835507,31.853936],[129.83517,31.854019],[129.834945,31.853969],[129.83472,31.853961],[129.83462,31.854011],[129.834195,31.853569],[129.833933,31.853369],[129.833733,31.852986],[129.833658,31.852519],[129.833733,31.852444],[129.834045,31.852294],[129.834083,31.852253],[129.833958,31.851903],[129.833983,31.851678],[129.834108,31.851394],[129.834245,31.851178],[129.834458,31.851094],[129.834908,31.851319],[129.835095,31.851353],[129.835195,31.851194],[129.834933,31.850778],[129.834695,31.850628],[129.834558,31.850478],[129.834245,31.849653],[129.834458,31.84942],[129.834445,31.849036],[129.834333,31.848361],[129.834233,31.848061],[129.834133,31.847928],[129.833833,31.847953],[129.833583,31.847378],[129.83362,31.847095],[129.833533,31.846861],[129.833558,31.846545],[129.833708,31.846062],[129.833858,31.845937],[129.834345,31.845653],[129.83437,31.84552],[129.834208,31.84517],[129.834333,31.844862],[129.83447,31.844737],[129.83457,31.844695],[129.834858,31.844645],[129.834895,31.844545],[129.834833,31.844295],[129.83487,31.844162],[129.834983,31.844004],[129.835033,31.843787],[129.83497,31.843579],[129.834983,31.843362],[129.834908,31.84297],[129.83492,31.842812],[129.83502,31.842654],[129.835333,31.842412],[129.83532,31.842337],[129.835145,31.842162],[129.834858,31.84202],[129.834783,31.84192],[129.834658,31.84147],[129.834633,31.841204],[129.834721,31.840904],[129.835058,31.840521],[129.83587,31.839771],[129.835958,31.839629],[129.83612,31.839212],[129.836345,31.839129],[129.83632,31.839004],[129.836208,31.838804],[129.83597,31.838712],[129.836008,31.838679],[129.836033,31.838321],[129.835858,31.838104],[129.835596,31.837621],[129.835158,31.837296],[129.835033,31.837296],[129.834921,31.837354],[129.834796,31.837363],[129.834758,31.837496],[129.834871,31.837838],[129.834821,31.837871],[129.834546,31.837704],[129.834296,31.837496],[129.833896,31.837304],[129.833708,31.837296],[129.833608,31.837321],[129.833621,31.837429],[129.833733,31.837604],[129.833571,31.837771],[129.833458,31.837796],[129.833071,31.837588],[129.832896,31.837579],[129.832846,31.837612],[129.832908,31.837779],[129.833008,31.837996],[129.832771,31.838062],[129.832696,31.838129],[129.832696,31.838212],[129.832646,31.838246],[129.832258,31.838112],[129.832158,31.838121],[129.832071,31.838179],[129.831858,31.838496],[129.831646,31.838337],[129.831358,31.838271],[129.831158,31.838271],[129.830983,31.838304],[129.830958,31.838429],[129.830996,31.838496],[129.831133,31.838562],[129.831271,31.838712],[129.831208,31.838854],[129.831033,31.838996],[129.830421,31.838812],[129.830333,31.838829],[129.830308,31.839037],[129.830358,31.839212],[129.830458,31.839246],[129.830508,31.839546],[129.830458,31.839637],[129.830396,31.839671],[129.830258,31.839604],[129.829946,31.839346],[129.829908,31.839546],[129.829958,31.839787],[129.829908,31.839862],[129.829696,31.839954],[129.829596,31.840187],[129.829458,31.840204],[129.829308,31.840279],[129.829321,31.840337],[129.829508,31.840429],[129.829683,31.840587],[129.829633,31.840687],[129.829271,31.84092],[129.829071,31.841095],[129.829008,31.841262],[129.828971,31.841287],[129.828796,31.841254],[129.828658,31.841262],[129.828596,31.841329],[129.828596,31.841412],[129.828996,31.841604],[129.829171,31.841762],[129.829208,31.84202],[129.829333,31.842195],[129.829308,31.842603],[129.829133,31.842862],[129.828558,31.843045],[129.828446,31.842828],[129.828296,31.842687],[129.828196,31.842878],[129.828196,31.843045],[129.828346,31.843195],[129.828221,31.843237],[129.827908,31.843487],[129.827521,31.843653],[129.827271,31.843745],[129.827084,31.843762],[129.826846,31.843712],[129.826459,31.84347],[129.825659,31.842703],[129.825434,31.84262],[129.825259,31.84252],[129.825171,31.842395],[129.824859,31.84222],[129.824584,31.842095],[129.824296,31.842203],[129.824134,31.842162],[129.823909,31.842245],[129.823684,31.842212],[129.823409,31.842262],[129.823134,31.842345],[129.822909,31.842162],[129.822721,31.842078],[129.822621,31.842345],[129.822421,31.842253],[129.822209,31.842203],[129.822171,31.842345],[129.822171,31.842595],[129.822009,31.842695],[129.821809,31.842745],[129.821596,31.842845],[129.821334,31.843045],[129.821234,31.843236],[129.821121,31.843653],[129.820959,31.843878],[129.821284,31.844003],[129.821634,31.84432],[129.821709,31.844478],[129.821534,31.844561],[129.821534,31.844695],[129.821821,31.844803],[129.822121,31.845253],[129.822246,31.845336],[129.822396,31.845278],[129.822509,31.845411],[129.822496,31.84562],[129.822446,31.845786],[129.822321,31.845845],[129.822234,31.84602],[129.822096,31.846278],[129.821971,31.846436],[129.821959,31.846961],[129.821821,31.847003],[129.821621,31.847011],[129.821559,31.847061],[129.821871,31.847486],[129.821896,31.847603],[129.821809,31.847644],[129.821596,31.847869],[129.821484,31.847836],[129.821296,31.847853],[129.821459,31.848078],[129.821584,31.848111],[129.821446,31.848469],[129.821296,31.848603],[129.821221,31.848636],[129.820909,31.848986],[129.820821,31.849111],[129.820696,31.849102],[129.820521,31.849002],[129.820459,31.849152],[129.820446,31.849494],[129.820334,31.849736],[129.819896,31.849827],[129.819421,31.850044],[129.819009,31.849444],[129.818896,31.849419],[129.818696,31.849511],[129.818447,31.849561],[129.818322,31.849636],[129.818247,31.849769],[129.818484,31.849819],[129.818109,31.850144],[129.818009,31.850294],[129.818147,31.850686],[129.818346,31.850844],[129.818471,31.851035],[129.818821,31.851135],[129.818984,31.851144],[129.819296,31.851477],[129.819584,31.851552],[129.819621,31.851719],[129.819446,31.851769],[129.819321,31.851769],[129.819121,31.851819],[129.819084,31.851935],[129.819146,31.85221],[129.819209,31.852344],[129.819296,31.852394],[129.819884,31.852452],[129.819971,31.852894],[129.819859,31.853402],[129.819809,31.853669],[129.819384,31.853702],[129.819209,31.853844],[129.818996,31.853935],[129.818634,31.853827],[129.818271,31.853818],[129.818171,31.853802],[129.818021,31.853935],[129.818009,31.854185],[129.818196,31.854452],[129.818284,31.854702],[129.818696,31.855052],[129.818884,31.855085],[129.818846,31.855343],[129.818796,31.855543],[129.818884,31.855577],[129.818909,31.855677],[129.818759,31.85596],[129.818959,31.856318],[129.819271,31.856343],[129.819346,31.85641],[129.819346,31.856777],[129.819196,31.857177],[129.819059,31.85736],[129.818496,31.857651],[129.818384,31.85791],[129.818359,31.858451],[129.818446,31.859118],[129.818409,31.859168],[129.818346,31.859626],[129.818084,31.860293],[129.817721,31.860443],[129.817421,31.860193],[129.817084,31.860151],[129.816984,31.860193],[129.816934,31.860393],[129.816959,31.860476],[129.817096,31.860551],[129.816934,31.860676],[129.816859,31.860901],[129.817021,31.860901],[129.817584,31.860801],[129.817684,31.860801],[129.817834,31.861251],[129.817909,31.861484],[129.817896,31.861634],[129.817759,31.861834],[129.817734,31.862018],[129.817759,31.862259],[129.817834,31.862301],[129.818234,31.862243],[129.818409,31.862143],[129.818584,31.862126],[129.818509,31.862343],[129.818546,31.862434],[129.818671,31.862476],[129.818784,31.862459],[129.818934,31.862476],[129.819183,31.862601],[129.819383,31.862568],[129.819646,31.862609],[129.819946,31.862793],[129.820033,31.862801],[129.820108,31.862784],[129.820271,31.862984],[129.820371,31.863026],[129.820458,31.863134],[129.820721,31.863243],[129.821108,31.863284],[129.821408,31.863284],[129.821546,31.863351],[129.821633,31.863443],[129.822033,31.863401],[129.822171,31.863468],[129.822358,31.863451],[129.822783,31.863343],[129.822996,31.863393],[129.823233,31.863576],[129.823746,31.863768],[129.824083,31.863993],[129.824458,31.864093],[129.824958,31.864451],[129.825983,31.865434],[129.82612,31.865609],[129.826058,31.865684],[129.82617,31.865976],[129.826433,31.866009],[129.82662,31.866076],[129.82687,31.866409],[129.827045,31.866559],[129.827145,31.866967],[129.827245,31.867159],[129.82777,31.867684],[129.827945,31.867934],[129.828008,31.867976],[129.82777,31.868184],[129.827745,31.868251],[129.827795,31.868317],[129.827945,31.868351],[129.828383,31.868376],[129.828558,31.868709],[129.828657,31.869251],[129.828595,31.869309],[129.828595,31.869592],[129.828695,31.869751],[129.828995,31.870534],[129.82927,31.870725],[129.829482,31.870792],[129.829595,31.871034],[129.830045,31.871209],[129.830332,31.8715],[129.830395,31.871692],[129.83037,31.871992],[129.830457,31.872075],[129.830657,31.8722],[129.830932,31.872717],[129.83127,31.873725],[129.831745,31.874433],[129.831907,31.874717],[129.832407,31.875225],[129.832519,31.87545],[129.833069,31.876842],[129.833244,31.877625],[129.833444,31.878041],[129.833744,31.878508],[129.833919,31.878825],[129.834069,31.879275],[129.834257,31.879616],[129.834407,31.879958],[129.834407,31.880191],[129.834532,31.880341],[129.834669,31.880808],[129.834807,31.881125],[129.834832,31.881366],[129.835032,31.881541],[129.835107,31.881749],[129.835482,31.882274],[129.835632,31.882283],[129.835781,31.882374],[129.836019,31.882399],[129.836281,31.882499],[129.836881,31.882533],[129.837106,31.882591],[129.837544,31.882566],[129.837706,31.882633],[129.837994,31.882641],[129.838406,31.882408],[129.838556,31.882358],[129.838694,31.882533],[129.838794,31.882533],[129.838856,31.882383],[129.839069,31.882108],[129.839306,31.882075],[129.839656,31.881908],[129.839756,31.881816],[129.840231,31.881658],[129.840544,31.881625],[129.840744,31.881566],[129.841081,31.881575],[129.841369,31.881575],[129.841569,31.881716],[129.841856,31.881758],[129.842656,31.881858],[129.842906,31.881883],[129.843193,31.88185],[129.843218,31.881825],[129.843493,31.881891],[129.843831,31.881883],[129.844131,31.88205],[129.844518,31.882083],[129.844581,31.8821],[129.844768,31.882058],[129.845131,31.882133],[129.845306,31.882116],[129.845856,31.882158],[129.846268,31.882258],[129.846818,31.882333],[129.846931,31.882391],[129.847131,31.8824],[129.847231,31.882458],[129.847568,31.882491],[129.847806,31.882575],[129.847893,31.882558],[129.848118,31.882616],[129.848268,31.882691],[129.848855,31.882866],[129.84898,31.88285],[129.849243,31.882875],[129.85008,31.882825],[129.850405,31.882841],[129.851343,31.882983],[129.851743,31.883116],[129.851943,31.88315],[129.852855,31.88305],[129.853093,31.882991],[129.853318,31.8829],[129.85368,31.882667],[129.853955,31.882425],[129.854268,31.882442],[129.854468,31.882433],[129.854543,31.882292],[129.85463,31.882067],[129.854755,31.882167],[129.854824,31.882145],[129.854843,31.8821],[129.854943,31.881808],[129.855305,31.881667],[129.855543,31.881525],[129.856455,31.880942],[129.857068,31.880617],[129.85743,31.880384],[129.85808,31.880025],[129.858518,31.879759],[129.859167,31.87945],[129.859805,31.879117],[129.860055,31.879042],[129.860317,31.879034],[129.86153,31.87885],[129.86208,31.878875],[129.862317,31.878917],[129.862367,31.878817],[129.862355,31.878592],[129.862242,31.878217],[129.86248,31.877834],[129.864605,31.875809],[129.864955,31.875567],[129.865305,31.875193],[129.86613,31.874434],[129.866692,31.874084],[129.867205,31.873793],[129.867655,31.873459],[129.868342,31.872818],[129.86863,31.872651],[129.868867,31.872218],[129.868992,31.872068],[129.869492,31.871743],[129.870217,31.871301],[129.871492,31.870126],[129.872445,31.869647],[129.872963,31.869272],[129.873558,31.868806],[129.873905,31.868418],[129.874392,31.86771],[129.87488,31.867019],[129.875442,31.866335],[129.876005,31.865669],[129.876367,31.865235],[129.876767,31.86471],[129.877105,31.864169],[129.877467,31.863719],[129.87773,31.863469],[129.878017,31.863127],[129.87828,31.862752],[129.878467,31.862444],[129.87873,31.862027],[129.879117,31.861511],[129.879455,31.861036],[129.879742,31.860628],[129.880092,31.860103],[129.88038,31.859686],[129.88063,31.859319],[129.880685,31.859238],[129.880717,31.859178],[129.881242,31.858386],[129.88163,31.857811],[129.882255,31.85737],[129.883442,31.856836],[129.884217,31.856378],[129.88518,31.855795],[129.88588,31.85542],[129.88648,31.855062],[129.887192,31.854553],[129.887917,31.854087],[129.888642,31.854003],[129.889567,31.854145],[129.890029,31.854287],[129.890829,31.854378],[129.892042,31.854545],[129.892667,31.85467],[129.893204,31.85447],[129.893529,31.854104],[129.894017,31.85402],[129.894504,31.85407],[129.894879,31.853887],[129.895666,31.853704],[129.895941,31.853196],[129.896266,31.852896],[129.896879,31.852479],[129.897216,31.851954],[129.897704,31.851154],[129.898279,31.850096],[129.898541,31.849271],[129.898466,31.848596],[129.898466,31.848013],[129.898679,31.847555],[129.899204,31.846996],[129.900004,31.846471],[129.900454,31.84613],[129.900729,31.845905],[129.901429,31.845647],[129.902354,31.845413],[129.903191,31.845247],[129.903929,31.845097],[129.904691,31.844805],[129.905454,31.844214],[129.906153,31.843914],[129.907116,31.84383],[129.907703,31.843797],[129.908741,31.843722],[129.909278,31.843597],[129.909841,31.843272],[129.910353,31.843022],[129.910841,31.842847]]],"type":"Polygon"},"properties":{"id":"G71012","kuni":"薩摩","id_url":"G71012.html","kuni_url":"/kg/resource/K71.html","pref":"鹿児島県","kuni_id":"K71","yomi":"こしきじま","name":"甑島"}},{"properties":{"id":"G71012","kuni":"薩摩","id_url":"G71012.html","kuni_url":"/kg/resource/K71.html","pref":"鹿児島県","kuni_id":"K71","yomi":"こしきじま","name":"甑島"},"geometry":{"coordinates":[[[129.954087,31.87387],[129.9539,31.87397],[129.953887,31.874103],[129.954,31.874295],[129.954125,31.874336],[129.9543,31.874545],[129.954525,31.874661],[129.954675,31.874678],[129.95495,31.874328],[129.954912,31.874195],[129.954725,31.873953],[129.954337,31.873886],[129.954087,31.87387]]],"type":"Polygon"},"type":"Feature"},{"type":"Feature","properties":{"id":"G71012","kuni":"薩摩","id_url":"G71012.html","kuni_url":"/kg/resource/K71.html","pref":"鹿児島県","kuni_id":"K71","yomi":"こしきじま","name":"甑島"},"geometry":{"type":"Polygon","coordinates":[[[129.9534,31.874061],[129.953275,31.874103],[129.953337,31.874253],[129.953312,31.874403],[129.953237,31.874495],[129.953262,31.874636],[129.95345,31.87467],[129.953475,31.874653],[129.95355,31.874461],[129.953587,31.874386],[129.953562,31.874211],[129.953462,31.874136],[129.9534,31.874061]]]}},{"properties":{"id":"G71012","kuni":"薩摩","id_url":"G71012.html","kuni_url":"/kg/resource/K71.html","pref":"鹿児島県","kuni_id":"K71","yomi":"こしきじま","name":"甑島"},"geometry":{"type":"Polygon","coordinates":[[[129.932538,31.866287],[129.932226,31.866462],[129.932138,31.866504],[129.931688,31.86657],[129.931463,31.866853],[129.931438,31.867087],[129.931563,31.867153],[129.931476,31.867278],[129.931463,31.867453],[129.931838,31.867645],[129.932263,31.867787],[129.932626,31.867937],[129.933276,31.868178],[129.933651,31.868345],[129.934026,31.868753],[129.934276,31.86897],[129.934538,31.868887],[129.934801,31.868887],[129.935588,31.869053],[129.935788,31.869145],[129.935776,31.869437],[129.936113,31.869645],[129.936326,31.869437],[129.936751,31.869562],[129.936813,31.86987],[129.937288,31.870228],[129.937501,31.870537],[129.937613,31.870637],[129.937951,31.87027],[129.938301,31.87032],[129.938652,31.870307],[129.938813,31.870323],[129.938938,31.870303],[129.938976,31.870203],[129.939013,31.870087],[129.939163,31.86997],[129.9395,31.870028],[129.939638,31.869937],[129.939638,31.869778],[129.939738,31.869587],[129.94005,31.869512],[129.940163,31.869262],[129.940225,31.868995],[129.940275,31.868687],[129.940163,31.868495],[129.940088,31.868337],[129.940088,31.868195],[129.940026,31.868079],[129.939763,31.868145],[129.939476,31.868129],[129.939263,31.867954],[129.939076,31.86772],[129.938838,31.867637],[129.938526,31.86767],[129.938188,31.86777],[129.937851,31.867612],[129.937663,31.867645],[129.937563,31.867687],[129.937401,31.86777],[129.937176,31.867762],[129.936976,31.86787],[129.936576,31.868003],[129.936151,31.868003],[129.935713,31.867928],[129.935451,31.867828],[129.935176,31.86742],[129.935101,31.867237],[129.934626,31.867129],[129.934026,31.866904],[129.933263,31.866545],[129.932538,31.866287]]]},"type":"Feature"},{"geometry":{"type":"Polygon","coordinates":[[[129.906015,31.869594],[129.905765,31.869702],[129.90574,31.869836],[129.90584,31.869952],[129.905965,31.870002],[129.906165,31.869952],[129.906315,31.870027],[129.906365,31.870002],[129.906415,31.869777],[129.90634,31.869661],[129.90619,31.869661],[129.906015,31.869594]]]},"properties":{"id":"G71012","kuni":"薩摩","id_url":"G71012.html","kuni_url":"/kg/resource/K71.html","pref":"鹿児島県","kuni_id":"K71","yomi":"こしきじま","name":"甑島"},"type":"Feature"},{"geometry":{"type":"Polygon","coordinates":[[[129.904452,31.868636],[129.904378,31.868652],[129.904336,31.868642],[129.904203,31.868702],[129.904053,31.868677],[129.904003,31.868702],[129.903978,31.868769],[129.904115,31.868969],[129.904315,31.868969],[129.904465,31.869044],[129.90459,31.869044],[129.904702,31.868886],[129.904702,31.868794],[129.904602,31.868661],[129.904452,31.868636]]]},"properties":{"id":"G71012","kuni":"薩摩","id_url":"G71012.html","kuni_url":"/kg/resource/K71.html","pref":"鹿児島県","kuni_id":"K71","yomi":"こしきじま","name":"甑島"},"type":"Feature"},{"properties":{"id":"G71012","kuni":"薩摩","id_url":"G71012.html","kuni_url":"/kg/resource/K71.html","pref":"鹿児島県","kuni_id":"K71","yomi":"こしきじま","name":"甑島"},"geometry":{"coordinates":[[[129.953587,31.865779],[129.9534,31.865846],[129.953237,31.865979],[129.953162,31.866154],[129.953212,31.866371],[129.953212,31.866612],[129.953137,31.866887],[129.953237,31.867079],[129.953312,31.867104],[129.953387,31.867062],[129.953412,31.867371],[129.953625,31.867537],[129.953937,31.867554],[129.954025,31.867779],[129.95425,31.867937],[129.95445,31.867879],[129.954487,31.867637],[129.954225,31.867404],[129.954262,31.867237],[129.954125,31.867004],[129.954112,31.866937],[129.9542,31.866829],[129.95428,31.866685],[129.9543,31.866579],[129.95435,31.866362],[129.954262,31.866179],[129.953987,31.866062],[129.953587,31.865779]]],"type":"Polygon"},"type":"Feature"},{"geometry":{"type":"Polygon","coordinates":[[[129.948463,31.866104],[129.94835,31.866362],[129.9482,31.866546],[129.948163,31.866696],[129.948338,31.866812],[129.948725,31.866929],[129.948863,31.867045],[129.9491,31.867062],[129.94925,31.866929],[129.949113,31.866646],[129.948688,31.866329],[129.948463,31.866104]]]},"properties":{"id":"G71012","kuni":"薩摩","id_url":"G71012.html","kuni_url":"/kg/resource/K71.html","pref":"鹿児島県","kuni_id":"K71","yomi":"こしきじま","name":"甑島"},"type":"Feature"},{"type":"Feature","properties":{"id":"G71012","kuni":"薩摩","id_url":"G71012.html","kuni_url":"/kg/resource/K71.html","pref":"鹿児島県","kuni_id":"K71","yomi":"こしきじま","name":"甑島"},"geometry":{"type":"Polygon","coordinates":[[[129.820033,31.863301],[129.819871,31.863326],[129.819733,31.863501],[129.819596,31.863568],[129.819508,31.863726],[129.819521,31.863918],[129.819808,31.864043],[129.819983,31.864009],[129.820133,31.864043],[129.820296,31.864034],[129.820471,31.863976],[129.820471,31.863968],[129.820471,31.863934],[129.820546,31.863859],[129.820583,31.863726],[129.820508,31.863584],[129.820283,31.863376],[129.820033,31.863301]]]}},{"properties":{"id":"G71012","kuni":"薩摩","id_url":"G71012.html","kuni_url":"/kg/resource/K71.html","pref":"鹿児島県","kuni_id":"K71","yomi":"こしきじま","name":"甑島"},"geometry":{"type":"Polygon","coordinates":[[[129.949338,31.849497],[129.948963,31.849556],[129.9486,31.849797],[129.948175,31.849981],[129.947926,31.850222],[129.947913,31.850481],[129.947776,31.850522],[129.947588,31.850681],[129.9478,31.850922],[129.948313,31.851147],[129.948963,31.851389],[129.949163,31.851456],[129.949238,31.851781],[129.949363,31.851947],[129.949663,31.851947],[129.949775,31.852106],[129.950025,31.852614],[129.95035,31.852855],[129.9506,31.85303],[129.950913,31.853255],[129.951325,31.853364],[129.95165,31.85333],[129.9518,31.85323],[129.9521,31.852656],[129.952263,31.852289],[129.95235,31.852231],[129.952625,31.852022],[129.952763,31.851639],[129.952825,31.851272],[129.952625,31.850781],[129.952438,31.850339],[129.952338,31.850256],[129.952238,31.850081],[129.95185,31.849889],[129.951563,31.849797],[129.9512,31.849814],[129.950888,31.849897],[129.950638,31.849906],[129.950213,31.849739],[129.95015,31.849822],[129.9498,31.849956],[129.949525,31.849664],[129.949338,31.849497]]]},"type":"Feature"},{"properties":{"id":"G71012","kuni":"薩摩","id_url":"G71012.html","kuni_url":"/kg/resource/K71.html","pref":"鹿児島県","kuni_id":"K71","yomi":"こしきじま","name":"甑島"},"geometry":{"type":"Polygon","coordinates":[[[129.821059,31.842087],[129.820922,31.842112],[129.820897,31.84217],[129.820884,31.842403],[129.821022,31.842537],[129.821047,31.842812],[129.821184,31.842837],[129.821171,31.842937],[129.821234,31.842937],[129.821384,31.842878],[129.821509,31.842712],[129.821609,31.84267],[129.821659,31.842503],[129.821484,31.842462],[129.821197,31.84227],[129.821147,31.842153],[129.821059,31.842087]]]},"type":"Feature"},{"properties":{"id":"G71012","kuni":"薩摩","id_url":"G71012.html","kuni_url":"/kg/resource/K71.html","pref":"鹿児島県","kuni_id":"K71","yomi":"こしきじま","name":"甑島"},"geometry":{"coordinates":[[[129.840783,31.820473],[129.840708,31.820498],[129.840496,31.820606],[129.840371,31.820606],[129.840171,31.820698],[129.840021,31.82074],[129.839921,31.820715],[129.839821,31.820831],[129.839621,31.820848],[129.839571,31.821123],[129.839246,31.821298],[129.839034,31.821498],[129.838709,31.821698],[129.838709,31.821856],[129.838659,31.821973],[129.838709,31.822081],[129.839658,31.821914],[129.839858,31.822006],[129.839958,31.822006],[129.840133,31.821939],[129.840258,31.821964],[129.840308,31.821981],[129.840383,31.822139],[129.840358,31.822206],[129.840158,31.822431],[129.840083,31.822456],[129.839883,31.822456],[129.839758,31.822473],[129.839608,31.822539],[129.839358,31.822498],[129.839283,31.822564],[129.839233,31.822739],[129.839183,31.822764],[129.839171,31.822898],[129.839371,31.823239],[129.839521,31.823306],[129.839321,31.823648],[129.839046,31.823798],[129.838971,31.823939],[129.838821,31.824006],[129.838496,31.823889],[129.838321,31.823981],[129.838171,31.823889],[129.838046,31.823881],[129.837921,31.823906],[129.837721,31.823789],[129.837634,31.823856],[129.837709,31.823972],[129.837883,31.824106],[129.838058,31.824089],[129.838208,31.824222],[129.838358,31.824222],[129.838483,31.824314],[129.838433,31.824381],[129.837983,31.824406],[129.837908,31.824447],[129.837608,31.824422],[129.837433,31.824514],[129.837359,31.824489],[129.836821,31.825164],[129.836496,31.825297],[129.836421,31.825456],[129.836296,31.825497],[129.835996,31.825514],[129.835921,31.825581],[129.835821,31.825581],[129.835621,31.825489],[129.835496,31.825489],[129.835396,31.825556],[129.835296,31.825514],[129.835271,31.825581],[129.835321,31.825764],[129.835746,31.825922],[129.835896,31.825881],[129.836121,31.826056],[129.836171,31.826056],[129.836371,31.826197],[129.836546,31.826239],[129.836696,31.826314],[129.836796,31.826331],[129.836946,31.826422],[129.837071,31.826472],[129.837371,31.826522],[129.837571,31.826614],[129.837983,31.826881],[129.838208,31.826889],[129.838583,31.826997],[129.838683,31.826956],[129.838871,31.826956],[129.839196,31.827072],[129.839396,31.827056],[129.839496,31.827097],[129.839646,31.827056],[129.839996,31.827097],[129.840696,31.827039],[129.840971,31.826947],[129.841221,31.826906],[129.841446,31.826906],[129.841921,31.827072],[129.842495,31.827481],[129.842745,31.827597],[129.84312,31.827889],[129.84322,31.827889],[129.843445,31.827914],[129.843745,31.828122],[129.84402,31.828214],[129.84422,31.828464],[129.844608,31.828664],[129.844958,31.828939],[129.845108,31.82928],[129.845583,31.82908],[129.84527,31.828697],[129.845245,31.828464],[129.844945,31.827922],[129.84477,31.827881],[129.84472,31.827672],[129.844295,31.827172],[129.843933,31.826764],[129.843558,31.826156],[129.843458,31.825839],[129.843483,31.825572],[129.843158,31.825406],[129.843071,31.825297],[129.843046,31.825139],[129.843146,31.824939],[129.843346,31.824848],[129.843496,31.824398],[129.843983,31.823839],[129.843983,31.823681],[129.843708,31.823381],[129.843358,31.823473],[129.842958,31.823489],[129.842808,31.823581],[129.842508,31.823531],[129.842233,31.823348],[129.842033,31.823348],[129.841883,31.823256],[129.841658,31.822989],[129.841558,31.822781],[129.841283,31.822623],[129.841258,31.822464],[129.840958,31.822239],[129.840996,31.821939],[129.841071,31.821806],[129.841271,31.821698],[129.841821,31.821273],[129.841796,31.82114],[129.841871,31.820998],[129.841733,31.820756],[129.841458,31.820665],[129.841208,31.82064],[129.841108,31.820565],[129.840783,31.820473]]],"type":"Polygon"},"type":"Feature"},{"type":"Feature","properties":{"id":"G71012","kuni":"薩摩","id_url":"G71012.html","kuni_url":"/kg/resource/K71.html","pref":"鹿児島県","kuni_id":"K71","yomi":"こしきじま","name":"甑島"},"geometry":{"coordinates":[[[129.815112,31.787542],[129.815137,31.7877],[129.815337,31.788067],[129.815437,31.788109],[129.815587,31.788317],[129.815712,31.788384],[129.815962,31.788542],[129.816087,31.788525],[129.816174,31.789333],[129.816124,31.790283],[129.815837,31.791358],[129.815849,31.791833],[129.815824,31.792333],[129.815749,31.792667],[129.815674,31.792758],[129.815449,31.792825],[129.815274,31.792958],[129.815062,31.79305],[129.815062,31.793158],[129.814962,31.793317],[129.814937,31.793433],[129.814687,31.793566],[129.814662,31.793675],[129.814687,31.793791],[129.814562,31.793925],[129.814512,31.794083],[129.814574,31.794241],[129.814449,31.794333],[129.814474,31.794416],[129.814274,31.794691],[129.814149,31.794933],[129.813999,31.795025],[129.813949,31.795183],[129.813974,31.7953],[129.813961,31.795475],[129.813661,31.795766],[129.813661,31.795883],[129.813561,31.796016],[129.813711,31.796266],[129.813786,31.79645],[129.813574,31.797349],[129.813424,31.797433],[129.813324,31.797683],[129.813024,31.797791],[129.812949,31.797883],[129.812786,31.797883],[129.812661,31.797949],[129.812511,31.797949],[129.812311,31.798033],[129.812236,31.798033],[129.812111,31.798083],[129.812086,31.798308],[129.811961,31.798549],[129.811761,31.798691],[129.811561,31.798708],[129.811486,31.798749],[129.811299,31.798891],[129.811374,31.798958],[129.811524,31.798999],[129.811524,31.799049],[129.811349,31.799133],[129.811249,31.799249],[129.811274,31.799383],[129.811449,31.799499],[129.811699,31.799633],[129.811749,31.799616],[129.811774,31.799633],[129.811949,31.799658],[129.812049,31.799591],[129.812099,31.799499],[129.812349,31.799349],[129.812599,31.799366],[129.812699,31.799258],[129.812774,31.799233],[129.813061,31.799283],[129.813211,31.799216],[129.813386,31.799241],[129.813636,31.799199],[129.813811,31.799241],[129.813961,31.799158],[129.814111,31.799108],[129.814311,31.799108],[129.814586,31.799183],[129.814786,31.799141],[129.814836,31.799183],[129.814986,31.799183],[129.815186,31.799141],[129.815311,31.799208],[129.815536,31.799274],[129.815611,31.799258],[129.815736,31.799349],[129.815936,31.799416],[129.815986,31.799508],[129.816111,31.799599],[129.816261,31.799549],[129.816486,31.799666],[129.816661,31.799808],[129.816761,31.799824],[129.816986,31.800008],[129.817324,31.800574],[129.817574,31.800874],[129.817724,31.801074],[129.817899,31.801349],[129.817974,31.801299],[129.818049,31.801324],[129.818248,31.801508],[129.818398,31.801483],[129.818523,31.801574],[129.818673,31.801733],[129.818798,31.801824],[129.818923,31.801874],[129.818948,31.801941],[129.819048,31.802033],[129.819098,31.802124],[129.819061,31.802416],[129.819136,31.802616],[129.819111,31.802774],[129.819136,31.802916],[129.819211,31.802982],[129.819186,31.803074],[129.819236,31.803182],[129.819336,31.803316],[129.819361,31.803616],[129.819523,31.803724],[129.819448,31.803882],[129.819498,31.803949],[129.819623,31.804066],[129.819648,31.804224],[129.819623,31.804382],[129.819673,31.804449],[129.819848,31.804516],[129.819773,31.804724],[129.819948,31.805041],[129.819961,31.805266],[129.820011,31.805357],[129.820161,31.805399],[129.820161,31.805582],[129.820211,31.805716],[129.820386,31.806007],[129.820536,31.806216],[129.820511,31.806349],[129.820611,31.806482],[129.820711,31.806757],[129.820773,31.807032],[129.820648,31.807207],[129.820673,31.807457],[129.820573,31.807457],[129.820548,31.807615],[129.820473,31.807707],[129.820498,31.807882],[129.820398,31.808015],[129.820411,31.808157],[129.820536,31.808265],[129.820561,31.80849],[129.820661,31.808649],[129.820685,31.809015],[129.820585,31.809174],[129.82066,31.809465],[129.820573,31.809598],[129.820548,31.809732],[129.820673,31.80994],[129.820648,31.810165],[129.820748,31.81034],[129.820648,31.810498],[129.820685,31.810957],[129.820785,31.810973],[129.82081,31.811223],[129.820935,31.811432],[129.82091,31.811498],[129.820985,31.811765],[129.820935,31.811898],[129.82096,31.812082],[129.82091,31.812148],[129.820723,31.81244],[129.820723,31.812598],[129.820798,31.81294],[129.820948,31.813123],[129.821423,31.813781],[129.82171,31.814048],[129.82181,31.814098],[129.822348,31.813873],[129.822673,31.814123],[129.822848,31.814215],[129.823323,31.814265],[129.823498,31.814306],[129.823773,31.814331],[129.823873,31.814315],[129.824147,31.81409],[129.824372,31.813981],[129.824622,31.813915],[129.825097,31.81389],[129.825197,31.813915],[129.825972,31.814398],[129.825947,31.814481],[129.825997,31.814623],[129.826247,31.81489],[129.826497,31.815165],[129.82661,31.815415],[129.826785,31.81544],[129.82696,31.81564],[129.827085,31.815715],[129.827385,31.81594],[129.82746,31.815965],[129.827785,31.816056],[129.82801,31.816148],[129.82816,31.816106],[129.828235,31.816123],[129.828235,31.816148],[129.828385,31.816281],[129.828635,31.816356],[129.82881,31.816448],[129.82896,31.816448],[129.829235,31.81629],[129.829634,31.816273],[129.829884,31.816431],[129.830209,31.81639],[129.830409,31.816481],[129.830534,31.816456],[129.830659,31.816481],[129.830734,31.816456],[129.830859,31.816481],[129.830984,31.816548],[129.831134,31.816548],[129.831234,31.816531],[129.831359,31.816556],[129.831484,31.816648],[129.831872,31.816648],[129.832022,31.81669],[129.832247,31.816623],[129.832547,31.816631],[129.832697,31.816673],[129.832972,31.816723],[129.833172,31.81679],[129.833372,31.816815],[129.833547,31.817023],[129.833797,31.81709],[129.833972,31.817065],[129.834422,31.817231],[129.834597,31.817206],[129.834797,31.817415],[129.834922,31.817506],[129.835097,31.817481],[129.835297,31.817615],[129.835446,31.817665],[129.835596,31.81764],[129.835846,31.817715],[129.835921,31.817781],[129.836321,31.817781],[129.836446,31.817898],[129.836584,31.818015],[129.836721,31.818015],[129.836746,31.817965],[129.837021,31.81799],[129.837109,31.818123],[129.837259,31.818173],[129.837396,31.818081],[129.837496,31.818106],[129.837596,31.818173],[129.837784,31.818448],[129.837909,31.818515],[129.837909,31.818631],[129.838034,31.818723],[129.838159,31.81874],[129.838284,31.818923],[129.838409,31.81899],[129.838509,31.818998],[129.838584,31.819081],[129.838684,31.819131],[129.838859,31.819156],[129.839084,31.819181],[129.839234,31.819115],[129.839459,31.819023],[129.839559,31.81889],[129.839621,31.818548],[129.839696,31.818148],[129.839896,31.817765],[129.840009,31.816948],[129.840509,31.816665],[129.840771,31.816323],[129.841671,31.816015],[129.841871,31.815907],[129.842121,31.815682],[129.842196,31.815523],[129.842359,31.815365],[129.842409,31.815274],[129.842459,31.814965],[129.842559,31.814849],[129.842609,31.81469],[129.842984,31.81424],[129.843071,31.81409],[129.842746,31.81379],[129.842796,31.813365],[129.842896,31.813232],[129.842896,31.813074],[129.842821,31.812774],[129.842771,31.812732],[129.842759,31.812615],[129.842634,31.81239],[129.842609,31.812257],[129.842559,31.812099],[129.842209,31.811732],[129.842059,31.811666],[129.841759,31.811282],[129.841609,31.811282],[129.841534,31.811207],[129.841509,31.811074],[129.841346,31.810849],[129.840771,31.810232],[129.840621,31.810149],[129.840447,31.809849],[129.840397,31.809582],[129.840272,31.809399],[129.840197,31.809216],[129.839834,31.808857],[129.839709,31.808807],[129.838709,31.808782],[129.838559,31.808691],[129.838434,31.808574],[129.837597,31.808566],[129.837447,31.808524],[129.837334,31.808382],[129.836634,31.807249],[129.836172,31.806216],[129.835997,31.805558],[129.836285,31.805016],[129.83641,31.804591],[129.83656,31.804183],[129.836772,31.803958],[129.837272,31.803675],[129.837447,31.803466],[129.837672,31.803333],[129.837872,31.803358],[129.838072,31.80345],[129.838322,31.803366],[129.838772,31.804091],[129.838947,31.804025],[129.838422,31.803208],[129.838484,31.802933],[129.839784,31.8022],[129.840059,31.802633],[129.840997,31.802117],[129.841172,31.802142],[129.841322,31.80205],[129.841372,31.80205],[129.841347,31.802075],[129.841472,31.802075],[129.841797,31.801992],[129.841897,31.801833],[129.841822,31.801308],[129.841559,31.800675],[129.841684,31.800458],[129.842134,31.800233],[129.842559,31.800867],[129.843509,31.800942],[129.843609,31.800808],[129.843859,31.800875],[129.844472,31.802008],[129.843897,31.802142],[129.843872,31.8023],[129.843597,31.802517],[129.843397,31.802608],[129.843172,31.802558],[129.842622,31.8024],[129.842422,31.802283],[129.842147,31.802058],[129.841497,31.802283],[129.841597,31.802441],[129.841847,31.802375],[129.842097,31.802558],[129.842372,31.802625],[129.843097,31.802766],[129.843497,31.802883],[129.843872,31.802858],[129.844172,31.802775],[129.844596,31.802525],[129.844821,31.802575],[129.844996,31.80255],[129.845171,31.802467],[129.845434,31.802083],[129.845584,31.80195],[129.845684,31.801742],[129.845734,31.80145],[129.845634,31.801317],[129.845584,31.8012],[129.845484,31.801133],[129.845484,31.801025],[129.845384,31.800867],[129.845422,31.800683],[129.845397,31.800483],[129.845297,31.800183],[129.845197,31.7998],[129.844972,31.799642],[129.844947,31.799509],[129.844847,31.799417],[129.844772,31.7993],[129.844784,31.799059],[129.844709,31.798967],[129.844709,31.7989],[129.844809,31.79885],[129.844734,31.798675],[129.844609,31.7986],[129.844609,31.7984],[129.844534,31.798284],[129.844534,31.798084],[129.844209,31.797834],[129.843959,31.797784],[129.843884,31.797717],[129.843734,31.797717],[129.843309,31.797734],[129.843009,31.797642],[129.842884,31.797534],[129.842659,31.797417],[129.842634,31.797325],[129.842459,31.797209],[129.842247,31.796917],[129.842172,31.796734],[129.841797,31.796617],[129.841597,31.796667],[129.841422,31.796667],[129.841147,31.796775],[129.841022,31.796725],[129.84086,31.796775],[129.840735,31.796842],[129.84036,31.796767],[129.840347,31.796609],[129.840235,31.796609],[129.840122,31.796409],[129.839972,31.796359],[129.839522,31.796375],[129.839285,31.796559],[129.83926,31.79665],[129.83916,31.796825],[129.839185,31.797009],[129.839085,31.797167],[129.83861,31.797434],[129.837847,31.797634],[129.837397,31.797675],[129.836472,31.797708],[129.836247,31.797642],[129.835997,31.79755],[129.835622,31.797483],[129.834773,31.797158],[129.834323,31.796909],[129.833698,31.796359],[129.833535,31.79625],[129.83316,31.795609],[129.832985,31.7955],[129.832685,31.795117],[129.832685,31.794959],[129.83261,31.794842],[129.832623,31.794642],[129.832473,31.794434],[129.832498,31.794342],[129.832298,31.794092],[129.832273,31.793959],[129.832098,31.793692],[129.832098,31.793575],[129.831923,31.793509],[129.831773,31.793509],[129.831348,31.793142],[129.831273,31.792959],[129.831086,31.792692],[129.831161,31.792509],[129.831136,31.792392],[129.830861,31.792167],[129.830661,31.792167],[129.830361,31.79205],[129.830311,31.791984],[129.830311,31.7918],[129.830386,31.791509],[129.830436,31.791442],[129.830411,31.791351],[129.829961,31.791301],[129.829411,31.791342],[129.829111,31.7913],[129.829036,31.791209],[129.828761,31.791],[129.828736,31.790892],[129.828523,31.7908],[129.828448,31.790734],[129.828273,31.790642],[129.828198,31.790551],[129.828073,31.790551],[129.827973,31.790476],[129.827698,31.7905],[129.827473,31.790409],[129.827323,31.790409],[129.826961,31.790492],[129.826761,31.790517],[129.826611,31.790467],[129.826224,31.790175],[129.825849,31.790009],[129.825149,31.789892],[129.824974,31.789825],[129.824874,31.789692],[129.824574,31.7891],[129.824474,31.788517],[129.824536,31.788084],[129.824761,31.787701],[129.824936,31.787567],[129.825061,31.787484],[129.825386,31.787392],[129.825724,31.787234],[129.825699,31.787101],[129.825474,31.786826],[129.825449,31.786667],[129.825499,31.786467],[129.826111,31.785367],[129.826186,31.785326],[129.826386,31.785276],[129.826961,31.785234],[129.827111,31.785151],[129.827324,31.784876],[129.827524,31.784726],[129.827799,31.784593],[129.828049,31.784551],[129.828524,31.784576],[129.828899,31.784551],[129.829149,31.784443],[129.829724,31.784268],[129.829836,31.784176],[129.830061,31.783843],[129.830511,31.783709],[129.830711,31.783684],[129.830911,31.783801],[129.831111,31.783776],[129.831211,31.783918],[129.831336,31.783918],[129.832261,31.783743],[129.832461,31.783859],[129.832611,31.783834],[129.832711,31.783701],[129.832748,31.783543],[129.832823,31.783434],[129.832873,31.783184],[129.832773,31.783068],[129.832723,31.782934],[129.832698,31.782659],[129.832598,31.782593],[129.832523,31.782526],[129.832398,31.782435],[129.832148,31.782368],[129.832098,31.782251],[129.831948,31.782185],[129.831698,31.782184],[129.831598,31.782251],[129.831548,31.782251],[129.830949,31.781976],[129.830799,31.781818],[129.830636,31.781543],[129.83044,31.781428],[129.830386,31.781359],[129.829936,31.780435],[129.829624,31.77926],[129.829636,31.778218],[129.829611,31.777293],[129.829636,31.777276],[129.829674,31.777135],[129.829574,31.776868],[129.829649,31.776735],[129.829649,31.776551],[129.829574,31.776485],[129.829574,31.776393],[129.829724,31.776168],[129.829699,31.775985],[129.829761,31.775851],[129.829736,31.775743],[129.829761,31.775668],[129.829711,31.77551],[129.829561,31.775402],[129.829386,31.775335],[129.829236,31.775193],[129.829036,31.775218],[129.828736,31.775143],[129.828686,31.774918],[129.828636,31.774852],[129.828436,31.774827],[129.828161,31.774935],[129.827911,31.774801],[129.827911,31.774685],[129.827861,31.77451],[129.827761,31.77446],[129.827587,31.774576],[129.827262,31.774526],[129.826537,31.774585],[129.826362,31.774426],[129.826212,31.774226],[129.826162,31.774201],[129.825962,31.774468],[129.826012,31.774585],[129.825987,31.77461],[129.825887,31.774585],[129.825537,31.774585],[129.82549,31.774573],[129.825231,31.774608],[129.82517,31.77462],[129.825137,31.774626],[129.825012,31.77451],[129.824962,31.77451],[129.824887,31.774551],[129.824924,31.774935],[129.824874,31.77516],[129.824724,31.775276],[129.824424,31.775185],[129.824249,31.775185],[129.824199,31.77511],[129.824024,31.775093],[129.823874,31.775043],[129.823624,31.775043],[129.823549,31.775018],[129.823274,31.775085],[129.823199,31.774926],[129.822974,31.774768],[129.822774,31.774718],[129.822749,31.774835],[129.822824,31.774926],[129.822849,31.775151],[129.822949,31.775168],[129.822999,31.775218],[129.823024,31.775418],[129.822924,31.775535],[129.822837,31.776026],[129.822937,31.776209],[129.822849,31.777201],[129.822774,31.778034],[129.822624,31.778259],[129.822162,31.778909],[129.821887,31.779226],[129.821737,31.779293],[129.821512,31.779243],[129.821362,31.779176],[129.821062,31.779126],[129.820812,31.779218],[129.820349,31.779351],[129.820174,31.779326],[129.820049,31.779276],[129.819899,31.779259],[129.819724,31.779301],[129.819624,31.779392],[129.819299,31.779476],[129.819124,31.779476],[129.818899,31.779317],[129.818599,31.779359],[129.818449,31.779292],[129.818249,31.779309],[129.818124,31.779242],[129.817874,31.779242],[129.817799,31.779126],[129.81765,31.779126],[129.817525,31.779167],[129.8174,31.779009],[129.8173,31.779034],[129.8172,31.778984],[129.8169,31.778942],[129.816625,31.779101],[129.81655,31.779026],[129.816475,31.779301],[129.816525,31.779409],[129.8165,31.779592],[129.816337,31.779726],[129.816262,31.779909],[129.816162,31.779909],[129.816237,31.780134],[129.816237,31.780226],[129.816362,31.780334],[129.816362,31.780401],[129.816412,31.780426],[129.816937,31.780926],[129.816987,31.781084],[129.816949,31.782051],[129.817012,31.782526],[129.817162,31.782684],[129.817687,31.783117],[129.818037,31.783509],[129.818262,31.783867],[129.818099,31.784384],[129.817949,31.784742],[129.817599,31.785084],[129.817424,31.78515],[129.816899,31.7851],[129.816399,31.784984],[129.816224,31.784984],[129.816012,31.785025],[129.815662,31.785067],[129.815412,31.784884],[129.815287,31.784934],[129.815162,31.784842],[129.815087,31.785292],[129.815162,31.78545],[129.815137,31.785584],[129.815037,31.785917],[129.814937,31.786009],[129.814899,31.786209],[129.814849,31.786209],[129.814724,31.786325],[129.814899,31.786509],[129.814949,31.786867],[129.815024,31.786934],[129.815099,31.787142],[129.815074,31.787459],[129.815112,31.787542]]],"type":"Polygon"}},{"properties":{"id":"G71012","kuni":"薩摩","id_url":"G71012.html","kuni_url":"/kg/resource/K71.html","pref":"鹿児島県","kuni_id":"K71","yomi":"こしきじま","name":"甑島"},"geometry":{"type":"Polygon","coordinates":[[[129.861132,31.816691],[129.860982,31.816824],[129.860957,31.816916],[129.861257,31.817149],[129.861357,31.817257],[129.861432,31.817282],[129.861757,31.817307],[129.861882,31.81719],[129.862032,31.816899],[129.862032,31.816832],[129.861932,31.816766],[129.861732,31.816766],[129.861582,31.816716],[129.861382,31.816766],[129.861132,31.816691]]]},"type":"Feature"},{"properties":{"id":"G71012","kuni":"薩摩","id_url":"G71012.html","kuni_url":"/kg/resource/K71.html","pref":"鹿児島県","kuni_id":"K71","yomi":"こしきじま","name":"甑島"},"geometry":{"coordinates":[[[129.903079,31.813817],[129.903029,31.813842],[129.90273,31.813834],[129.902705,31.813992],[129.902654,31.814442],[129.902692,31.8146],[129.902692,31.814784],[129.902917,31.81485],[129.903017,31.814942],[129.903192,31.814967],[129.903342,31.8149],[129.903367,31.814925],[129.903467,31.814925],[129.903654,31.814725],[129.903829,31.814675],[129.903879,31.814592],[129.903879,31.8145],[129.903804,31.814117],[129.903604,31.814117],[129.903504,31.814067],[129.903404,31.813975],[129.903329,31.814],[129.903179,31.813817],[129.903079,31.813817]]],"type":"Polygon"},"type":"Feature"},{"type":"Feature","properties":{"id":"G71012","kuni":"薩摩","id_url":"G71012.html","kuni_url":"/kg/resource/K71.html","pref":"鹿児島県","kuni_id":"K71","yomi":"こしきじま","name":"甑島"},"geometry":{"type":"Polygon","coordinates":[[[129.879894,31.807042],[129.879869,31.807109],[129.879594,31.8072],[129.879481,31.807425],[129.879431,31.807467],[129.879431,31.807559],[129.879606,31.807559],[129.879706,31.807609],[129.879881,31.807559],[129.879981,31.807492],[129.880006,31.807425],[129.879944,31.807292],[129.879969,31.807134],[129.879894,31.807042]]]}},{"type":"Feature","properties":{"id":"G71012","kuni":"薩摩","id_url":"G71012.html","kuni_url":"/kg/resource/K71.html","pref":"鹿児島県","kuni_id":"K71","yomi":"こしきじま","name":"甑島"},"geometry":{"type":"Polygon","coordinates":[[[129.785551,31.761009],[129.785526,31.761342],[129.785251,31.761525],[129.785139,31.761659],[129.785139,31.761767],[129.785089,31.761859],[129.785114,31.761925],[129.785239,31.761975],[129.785489,31.762042],[129.785589,31.762134],[129.785564,31.762267],[129.785439,31.762334],[129.785364,31.762359],[129.785164,31.762467],[129.784814,31.76265],[129.784614,31.762692],[129.784401,31.762917],[129.784326,31.763325],[129.784351,31.763459],[129.784601,31.763659],[129.784976,31.763842],[129.785251,31.763917],[129.786126,31.764009],[129.786451,31.76435],[129.786439,31.764534],[129.786464,31.764784],[129.786639,31.764984],[129.786814,31.765167],[129.786914,31.76535],[129.786989,31.765417],[129.787289,31.765375],[129.787464,31.765442],[129.787589,31.7656],[129.787889,31.765784],[129.788226,31.766392],[129.788251,31.766534],[129.788151,31.76685],[129.788026,31.767092],[129.787851,31.767067],[129.787801,31.76705],[129.787626,31.767042],[129.787426,31.767267],[129.787251,31.767334],[129.787214,31.767475],[129.787239,31.767609],[129.787389,31.76765],[129.787614,31.767675],[129.788088,31.767909],[129.788238,31.767909],[129.788563,31.768134],[129.789013,31.768525],[129.789038,31.768725],[129.789138,31.769042],[129.789101,31.769309],[129.789101,31.769609],[129.789001,31.76965],[129.788876,31.770008],[129.788776,31.770192],[129.788663,31.770433],[129.788688,31.770592],[129.788738,31.770908],[129.788688,31.771],[129.788563,31.771067],[129.788313,31.771092],[129.788138,31.771083],[129.788038,31.771042],[129.787938,31.771083],[129.787888,31.771267],[129.787876,31.771558],[129.787801,31.77165],[129.787601,31.771667],[129.787426,31.771733],[129.787001,31.77205],[129.786926,31.772158],[129.786826,31.772208],[129.786726,31.772317],[129.786326,31.772358],[129.786276,31.772475],[129.786113,31.772558],[129.785963,31.772542],[129.785788,31.772608],[129.785663,31.772742],[129.785388,31.772825],[129.785263,31.772942],[129.785138,31.772983],[129.785013,31.772983],[129.784863,31.773117],[129.784813,31.773275],[129.784513,31.773383],[129.784376,31.773541],[129.784276,31.773633],[129.784126,31.77365],[129.783976,31.773766],[129.783701,31.773716],[129.783526,31.77385],[129.783351,31.773875],[129.782876,31.773641],[129.782626,31.7736],[129.782351,31.773616],[129.782251,31.773591],[129.782026,31.773816],[129.781901,31.773866],[129.781826,31.773975],[129.781914,31.774333],[129.781714,31.774516],[129.781639,31.774766],[129.781314,31.77485],[129.781114,31.774966],[129.780989,31.775075],[129.780876,31.775275],[129.780876,31.775433],[129.781076,31.775683],[129.781226,31.775891],[129.781351,31.776],[129.781501,31.77625],[129.781626,31.776316],[129.781751,31.776591],[129.782001,31.776708],[129.782151,31.776841],[129.782501,31.776891],[129.782514,31.777141],[129.782663,31.777341],[129.782813,31.777433],[129.782888,31.777591],[129.782888,31.777866],[129.783113,31.778],[129.783213,31.778],[129.783438,31.777958],[129.783563,31.777983],[129.783688,31.777933],[129.783788,31.777825],[129.784088,31.777983],[129.784238,31.778033],[129.784363,31.778191],[129.784463,31.77835],[129.784588,31.778458],[129.784613,31.778575],[129.784738,31.778708],[129.784838,31.778758],[129.784913,31.778716],[129.785063,31.7788],[129.785338,31.77885],[129.785988,31.778716],[129.786088,31.778741],[129.786263,31.778966],[129.786113,31.779108],[129.786026,31.779333],[129.785851,31.77935],[129.785701,31.779416],[129.785676,31.779575],[129.785501,31.779733],[129.785601,31.779841],[129.785876,31.779983],[129.785951,31.780183],[129.786301,31.780483],[129.786338,31.780575],[129.786388,31.780825],[129.786488,31.780933],[129.786638,31.78125],[129.786588,31.781341],[129.786438,31.781383],[129.786263,31.781408],[129.785888,31.781516],[129.785738,31.781608],[129.785563,31.781649],[129.785276,31.781783],[129.785151,31.781941],[129.785001,31.782008],[129.784901,31.782433],[129.784926,31.782549],[129.785151,31.782749],[129.785326,31.782933],[129.785613,31.783074],[129.78605,31.783166],[129.785963,31.783258],[129.785913,31.783458],[129.785788,31.783524],[129.785613,31.783816],[129.785463,31.783908],[129.785388,31.784174],[129.785275,31.784399],[129.7853,31.784533],[129.78495,31.784691],[129.784925,31.784758],[129.785,31.784849],[129.785875,31.785149],[129.785975,31.785349],[129.78605,31.785424],[129.786075,31.785758],[129.786025,31.785824],[129.785713,31.785849],[129.785538,31.785916],[129.785188,31.785908],[129.785038,31.785933],[129.784863,31.785933],[129.784813,31.785999],[129.784763,31.786108],[129.784788,31.786408],[129.784863,31.786566],[129.785088,31.786741],[129.785113,31.786833],[129.784925,31.786991],[129.784925,31.787124],[129.784675,31.787441],[129.78455,31.787416],[129.7844,31.787482],[129.784325,31.787574],[129.7842,31.787641],[129.78405,31.787732],[129.783975,31.787866],[129.78375,31.787932],[129.783563,31.788066],[129.783363,31.788066],[129.783213,31.788149],[129.782863,31.788241],[129.782713,31.788332],[129.782288,31.788324],[129.782113,31.788482],[129.782088,31.788666],[129.782301,31.789024],[129.782401,31.789141],[129.782601,31.789207],[129.782676,31.789257],[129.782651,31.789341],[129.782201,31.789499],[129.782101,31.789541],[129.782001,31.789541],[129.781676,31.789765],[129.781538,31.790215],[129.781713,31.790649],[129.781988,31.79099],[129.782113,31.791007],[129.782238,31.791082],[129.782313,31.791149],[129.783088,31.79124],[129.783463,31.791132],[129.783613,31.791182],[129.783813,31.791199],[129.784088,31.791449],[129.784413,31.791457],[129.784638,31.791299],[129.785188,31.791282],[129.785563,31.791282],[129.785688,31.791216],[129.78625,31.790682],[129.78645,31.790566],[129.7866,31.790391],[129.7867,31.790366],[129.786875,31.790191],[129.787025,31.790166],[129.787238,31.790057],[129.787363,31.789941],[129.787488,31.789924],[129.787613,31.789782],[129.787863,31.789649],[129.788188,31.789357],[129.7885,31.788999],[129.788625,31.788916],[129.788625,31.788774],[129.788725,31.788508],[129.788675,31.788008],[129.788525,31.787808],[129.788088,31.787399],[129.788013,31.787308],[129.788063,31.786966],[129.788113,31.786474],[129.788175,31.786358],[129.788375,31.786274],[129.788725,31.785849],[129.78895,31.785758],[129.788975,31.785691],[129.789125,31.785624],[129.789463,31.785174],[129.789463,31.785133],[129.790013,31.785108],[129.790388,31.785133],[129.790538,31.785133],[129.790713,31.784999],[129.790838,31.784866],[129.790938,31.784866],[129.791138,31.784575],[129.791263,31.7846],[129.791438,31.784491],[129.79155,31.784358],[129.79185,31.784266],[129.792,31.784316],[129.79225,31.784333],[129.79245,31.784408],[129.792575,31.784516],[129.792625,31.784633],[129.79305,31.784791],[129.793325,31.784641],[129.793725,31.78455],[129.794075,31.784416],[129.79425,31.784466],[129.7945,31.784375],[129.794625,31.784283],[129.7949,31.784308],[129.795125,31.784291],[129.795325,31.784333],[129.795525,31.784316],[129.795825,31.784475],[129.796,31.784458],[129.796225,31.784566],[129.79655,31.78455],[129.7968,31.784708],[129.79705,31.784683],[129.79725,31.78485],[129.797375,31.784866],[129.797625,31.785008],[129.79775,31.785008],[129.797925,31.785208],[129.79825,31.785258],[129.798375,31.785216],[129.79845,31.785175],[129.79865,31.785175],[129.79875,31.785108],[129.798825,31.785108],[129.798925,31.785175],[129.7989,31.7852],[129.799175,31.785333],[129.79935,31.785333],[129.7995,31.785608],[129.799575,31.7857],[129.799775,31.7857],[129.799925,31.785766],[129.800025,31.78575],[129.8002,31.785633],[129.8004,31.785616],[129.800725,31.78555],[129.8009,31.78555],[129.8012,31.785458],[129.801437,31.785508],[129.801562,31.785483],[129.801687,31.785375],[129.801937,31.785333],[129.802187,31.785083],[129.802337,31.785017],[129.802562,31.7847],[129.802562,31.784592],[129.8027,31.784342],[129.802775,31.7841],[129.802925,31.783892],[129.8032,31.783783],[129.803325,31.783583],[129.80345,31.783492],[129.803487,31.783108],[129.803587,31.782975],[129.803687,31.782975],[129.803837,31.782867],[129.804137,31.7825],[129.804262,31.782417],[129.804475,31.7821],[129.804875,31.782058],[129.804875,31.7819],[129.804775,31.781767],[129.80465,31.781783],[129.804525,31.781742],[129.804375,31.781717],[129.80415,31.781825],[129.80395,31.781875],[129.8038,31.781917],[129.803712,31.78205],[129.803387,31.782275],[129.803362,31.782633],[129.803287,31.782725],[129.803137,31.782817],[129.803062,31.7829],[129.803087,31.783042],[129.802987,31.783125],[129.80285,31.783175],[129.8026,31.783392],[129.8023,31.783525],[129.802125,31.783392],[129.801925,31.783392],[129.801675,31.783208],[129.8014,31.783142],[129.801275,31.783],[129.8012,31.782958],[129.800975,31.782908],[129.80075,31.78275],[129.800575,31.782775],[129.800475,31.782725],[129.800237,31.78245],[129.799962,31.782383],[129.799762,31.78225],[129.799637,31.782175],[129.799462,31.7822],[129.799287,31.782133],[129.799087,31.78215],[129.798875,31.782267],[129.79865,31.782308],[129.798375,31.782308],[129.79805,31.782392],[129.797775,31.782592],[129.797575,31.782658],[129.79735,31.782658],[129.79705,31.782591],[129.796725,31.782408],[129.79585,31.781675],[129.795438,31.781267],[129.794663,31.78045],[129.794488,31.7802],[129.794413,31.779842],[129.79405,31.779225],[129.793363,31.777442],[129.793288,31.777167],[129.793325,31.776808],[129.79355,31.776225],[129.79365,31.776025],[129.79395,31.775733],[129.794363,31.77555],[129.794588,31.775492],[129.794638,31.775283],[129.794813,31.775308],[129.794963,31.775467],[129.795113,31.775492],[129.795563,31.775475],[129.795688,31.775384],[129.795813,31.7752],[129.796025,31.774667],[129.796075,31.773984],[129.7962,31.773517],[129.796313,31.773309],[129.796588,31.773042],[129.796713,31.77295],[129.797038,31.7728],[129.797163,31.772617],[129.797263,31.772617],[129.797363,31.77255],[129.797363,31.772417],[129.79705,31.772275],[129.79695,31.772167],[129.7967,31.771942],[129.7963,31.771217],[129.796013,31.770309],[129.795963,31.7695],[129.796076,31.768592],[129.796263,31.767901],[129.796613,31.767334],[129.796963,31.767042],[129.797326,31.766826],[129.797501,31.766759],[129.798076,31.766851],[129.798201,31.766851],[129.798426,31.766784],[129.798476,31.766851],[129.798675,31.766809],[129.7988,31.766834],[129.798925,31.766901],[129.799075,31.766859],[129.799175,31.766767],[129.799275,31.766517],[129.799713,31.766076],[129.800438,31.765651],[129.800563,31.765468],[129.801325,31.764276],[129.801525,31.764301],[129.801625,31.764234],[129.801838,31.763768],[129.801713,31.763718],[129.801638,31.763676],[129.801463,31.763668],[129.801313,31.763693],[129.801238,31.763668],[129.801188,31.763626],[129.801238,31.763534],[129.801188,31.763401],[129.801113,31.763351],[129.801138,31.763034],[129.801063,31.762968],[129.801088,31.762793],[129.801163,31.762676],[129.801038,31.762518],[129.801188,31.762409],[129.801326,31.762343],[129.801351,31.762251],[129.801251,31.762201],[129.801251,31.762068],[129.801151,31.762068],[129.801001,31.762159],[129.800876,31.762159],[129.800751,31.762084],[129.800776,31.761993],[129.800876,31.761909],[129.801026,31.761684],[129.801001,31.761568],[129.800876,31.761543],[129.800751,31.761543],[129.800626,31.761501],[129.800501,31.761543],[129.800351,31.761543],[129.800176,31.761809],[129.800051,31.761859],[129.800026,31.761834],[129.799776,31.761851],[129.799601,31.761651],[129.799426,31.761626],[129.799276,31.761401],[129.799101,31.761218],[129.798801,31.761059],[129.798651,31.761059],[129.798276,31.761193],[129.798051,31.761168],[129.797776,31.761276],[129.797626,31.761409],[129.797463,31.761676],[129.797213,31.761793],[129.796788,31.761701],[129.796413,31.761784],[129.796263,31.761759],[129.795938,31.761801],[129.795388,31.761801],[129.795113,31.761734],[129.794888,31.761776],[129.794663,31.761776],[129.794513,31.761842],[129.793913,31.761834],[129.793188,31.761651],[129.792688,31.761417],[129.792214,31.761101],[129.791839,31.760734],[129.791739,31.760534],[129.791701,31.760034],[129.791801,31.759426],[129.791701,31.759292],[129.791476,31.759201],[129.791376,31.759217],[129.791251,31.759151],[129.791076,31.759126],[129.790851,31.758951],[129.790601,31.758901],[129.790489,31.758626],[129.789689,31.758126],[129.789314,31.757759],[129.789014,31.757309],[129.788801,31.756792],[129.788751,31.756359],[129.788801,31.756026],[129.789014,31.755501],[129.789364,31.754918],[129.789414,31.754743],[129.789414,31.754534],[129.789376,31.754334],[129.789126,31.753884],[129.788851,31.753518],[129.788901,31.753451],[129.789101,31.753401],[129.789164,31.753134],[129.789276,31.752926],[129.789514,31.752843],[129.789651,31.752609],[129.789626,31.752368],[129.789439,31.752251],[129.789164,31.751893],[129.789139,31.751693],[129.789239,31.751551],[129.789301,31.751535],[129.789326,31.751443],[129.789302,31.751351],[129.789327,31.75126],[129.789464,31.751101],[129.789602,31.75106],[129.789489,31.75086],[129.789439,31.75056],[129.789214,31.750318],[129.788964,31.750176],[129.788889,31.750201],[129.788477,31.750385],[129.788339,31.75041],[129.787952,31.750093],[129.787677,31.749868],[129.787177,31.749526],[129.786964,31.749326],[129.786189,31.748693],[129.785689,31.748085],[129.785477,31.747976],[129.785339,31.747951],[129.784927,31.748018],[129.784127,31.748043],[129.783277,31.747885],[129.782915,31.747776],[129.78179,31.747143],[129.781352,31.746826],[129.780053,31.745777],[129.779678,31.745502],[129.778578,31.74456],[129.778265,31.74406],[129.778015,31.743002],[129.777965,31.742577],[129.777915,31.741785],[129.778015,31.741085],[129.778215,31.740885],[129.779015,31.739761],[129.779065,31.739527],[129.779315,31.739144],[129.779615,31.739077],[129.779703,31.738994],[129.779753,31.738811],[129.779453,31.738536],[129.779341,31.737952],[129.779391,31.737794],[129.779591,31.737478],[129.779591,31.737344],[129.779691,31.737078],[129.779803,31.737094],[129.779891,31.737161],[129.780028,31.737211],[129.780053,31.737161],[129.780103,31.736919],[129.779966,31.736894],[129.779866,31.736628],[129.779616,31.736511],[129.779641,31.736486],[129.779891,31.736394],[129.780141,31.736194],[129.780216,31.735969],[129.780053,31.735744],[129.779891,31.735636],[129.779616,31.735544],[129.779616,31.735519],[129.779478,31.735494],[129.779453,31.735361],[129.779366,31.735294],[129.779091,31.735428],[129.778928,31.735386],[129.778866,31.735336],[129.777878,31.734844],[129.777491,31.734594],[129.777003,31.734236],[129.776778,31.73397],[129.776316,31.733228],[129.776041,31.73262],[129.775929,31.732145],[129.775954,31.731803],[129.776041,31.731603],[129.776179,31.73142],[129.776891,31.730995],[129.777054,31.730812],[129.777104,31.730587],[129.777166,31.730337],[129.777166,31.730162],[129.777104,31.729978],[129.776941,31.729778],[129.776804,31.729712],[129.776691,31.729712],[129.776616,31.729637],[129.776591,31.72957],[129.776666,31.729487],[129.776754,31.729212],[129.776641,31.728962],[129.776591,31.728945],[129.776591,31.728695],[129.776504,31.728495],[129.776366,31.728312],[129.776254,31.727954],[129.776141,31.727862],[129.776004,31.727679],[129.775491,31.727479],[129.775354,31.727504],[129.775216,31.727437],[129.774992,31.727137],[129.774629,31.726937],[129.774279,31.726604],[129.773892,31.726012],[129.773642,31.72552],[129.773592,31.725229],[129.773617,31.724504],[129.773917,31.724279],[129.774079,31.724096],[129.774254,31.724054],[129.774392,31.723921],[129.774354,31.723562],[129.774417,31.723287],[129.774392,31.723196],[129.774254,31.723087],[129.774004,31.722971],[129.773917,31.722837],[129.773804,31.722412],[129.773642,31.722162],[129.773617,31.721912],[129.773667,31.721713],[129.773667,31.721371],[129.773617,31.721079],[129.773554,31.720829],[129.773367,31.720696],[129.773254,31.720521],[129.77323,31.720338],[129.773317,31.720204],[129.773255,31.719979],[129.772905,31.719321],[129.772492,31.718779],[129.772105,31.718013],[129.77213,31.717838],[129.772267,31.71768],[129.772267,31.717655],[129.77213,31.717588],[129.771942,31.717405],[129.771855,31.71718],[129.771905,31.716955],[129.77183,31.716913],[129.771742,31.716663],[129.771667,31.716346],[129.771717,31.71603],[129.77163,31.71603],[129.771692,31.715805],[129.77153,31.715655],[129.771467,31.715538],[129.77133,31.715446],[129.77133,31.715355],[129.77103,31.715021],[129.770942,31.714888],[129.770842,31.714797],[129.770705,31.714747],[129.770505,31.714638],[129.770205,31.714213],[129.770093,31.714138],[129.76993,31.714138],[129.769843,31.714072],[129.76963,31.713688],[129.769468,31.713513],[129.76943,31.713422],[129.769018,31.712855],[129.76878,31.712613],[129.76858,31.712522],[129.768368,31.712363],[129.768305,31.712388],[129.768093,31.712363],[129.768005,31.712255],[129.767893,31.71218],[129.767643,31.712163],[129.767293,31.712205],[129.766605,31.712072],[129.765943,31.71198],[129.765806,31.711888],[129.765481,31.711805],[129.765318,31.711738],[129.765231,31.711738],[129.764706,31.711597],[129.763831,31.711422],[129.763631,31.711355],[129.763531,31.711263],[129.763531,31.711222],[129.763331,31.71113],[129.763193,31.710997],[129.762943,31.710972],[129.762868,31.711013],[129.762531,31.710997],[129.762456,31.710905],[129.762293,31.710813],[129.762068,31.71068],[129.761656,31.710655],[129.761631,31.710705],[129.761494,31.710722],[129.761131,31.710655],[129.760944,31.710588],[129.760694,31.710388],[129.760581,31.71043],[129.760394,31.71043],[129.760194,31.710388],[129.759756,31.710163],[129.759544,31.710138],[129.759019,31.710005],[129.758856,31.71003],[129.758744,31.70998],[129.758519,31.710072],[129.758331,31.710047],[129.758056,31.710188],[129.757969,31.710188],[129.757781,31.710255],[129.757644,31.710413],[129.757594,31.710547],[129.757394,31.711946],[129.757594,31.712305],[129.757481,31.712663],[129.757181,31.713205],[129.757094,31.713705],[129.757119,31.713955],[129.757206,31.714313],[129.757119,31.71463],[129.757181,31.715371],[129.757256,31.715846],[129.757181,31.716321],[129.757044,31.716563],[129.756981,31.716588],[129.756844,31.717013],[129.756456,31.717354],[129.756106,31.717604],[129.755744,31.717713],[129.754569,31.718012],[129.753719,31.718146],[129.753406,31.718171],[129.753381,31.718187],[129.753244,31.718187],[129.752644,31.718079],[129.751844,31.718054],[129.751544,31.718104],[129.750932,31.718129],[129.750557,31.718062],[129.748607,31.717521],[129.748469,31.717404],[129.748132,31.717046],[129.747969,31.716596],[129.747765,31.716205],[129.747682,31.715829],[129.747732,31.715629],[129.747682,31.715271],[129.747482,31.715104],[129.747207,31.714629],[129.74682,31.714404],[129.746695,31.714429],[129.74652,31.714312],[129.746245,31.714021],[129.746045,31.713679],[129.745995,31.713654],[129.74582,31.713313],[129.74557,31.713021],[129.745582,31.712546],[129.745307,31.712046],[129.745307,31.711846],[129.745282,31.711779],[129.745182,31.711688],[129.744982,31.711621],[129.744757,31.711438],[129.744557,31.711229],[129.744095,31.710846],[129.74372,31.710413],[129.743095,31.709688],[129.742208,31.708504],[129.742083,31.708171],[129.74202,31.707088],[129.741895,31.706721],[129.74172,31.706588],[129.741445,31.706521],[129.74117,31.706563],[129.740345,31.706646],[129.740245,31.706596],[129.739795,31.706171],[129.738683,31.70463],[129.738458,31.704221],[129.737783,31.702072],[129.737783,31.701663],[129.738196,31.700538],[129.738471,31.700047],[129.739221,31.699897],[129.739083,31.699039],[129.739533,31.698905],[129.739296,31.698072],[129.739996,31.697897],[129.739921,31.69758],[129.740246,31.697672],[129.740321,31.697872],[129.740596,31.697805],[129.740571,31.697605],[129.742083,31.697164],[129.742133,31.69728],[129.742133,31.697439],[129.742021,31.697505],[129.742046,31.697664],[129.742146,31.697614],[129.742333,31.697505],[129.742608,31.697147],[129.743083,31.697239],[129.743158,31.697197],[129.743483,31.697197],[129.743608,31.697172],[129.743758,31.696997],[129.743883,31.696906],[129.743933,31.696747],[129.743945,31.696481],[129.743795,31.696322],[129.743845,31.696139],[129.743745,31.695864],[129.743745,31.695622],[129.743695,31.695531],[129.743695,31.695372],[129.743745,31.695256],[129.74392,31.695147],[129.744108,31.695106],[129.744283,31.694697],[129.744758,31.694614],[129.744808,31.694498],[129.744433,31.694314],[129.744483,31.694206],[129.744458,31.693981],[129.74417,31.693706],[129.74417,31.693639],[129.744645,31.693731],[129.744795,31.693689],[129.74467,31.693573],[129.74462,31.693398],[129.74437,31.693214],[129.744196,31.693189],[129.743971,31.693231],[129.743771,31.692939],[129.743846,31.692756],[129.743946,31.692714],[129.743796,31.692664],[129.743621,31.692573],[129.743521,31.692573],[129.743521,31.692439],[129.743471,31.692323],[129.743521,31.692256],[129.743696,31.692256],[129.743846,31.692214],[129.743883,31.692148],[129.743783,31.692031],[129.743633,31.691964],[129.743533,31.691831],[129.743583,31.691714],[129.743658,31.691698],[129.743858,31.691356],[129.744058,31.691131],[129.744233,31.691139],[129.744383,31.691048],[129.744433,31.690931],[129.744421,31.690915],[129.744246,31.690865],[129.744321,31.690615],[129.744121,31.690231],[129.743946,31.690231],[129.743846,31.690273],[129.743796,31.690231],[129.743796,31.690098],[129.743521,31.689731],[129.743421,31.689798],[129.743046,31.689573],[129.743021,31.689348],[129.742946,31.68919],[129.743083,31.688873],[129.743183,31.688848],[129.743358,31.688698],[129.743583,31.688606],[129.743683,31.688423],[129.743533,31.688198],[129.743383,31.688106],[129.743458,31.687948],[129.743283,31.687881],[129.743233,31.68779],[129.743271,31.687723],[129.743346,31.687698],[129.743471,31.687723],[129.743921,31.687615],[129.743646,31.687256],[129.743371,31.687115],[129.743096,31.686757],[129.743021,31.686732],[129.742821,31.686707],[129.742321,31.68639],[129.742171,31.686365],[129.741996,31.686448],[129.741821,31.686606],[129.741571,31.686856],[129.741346,31.687281],[129.741108,31.687373],[129.740933,31.68739],[129.740659,31.687273],[129.740509,31.687181],[129.740359,31.687206],[129.740034,31.68709],[129.739909,31.687115],[129.739509,31.68709],[129.739334,31.687131],[129.738884,31.687106],[129.738734,31.687215],[129.738534,31.68719],[129.738334,31.687056],[129.737796,31.686106],[129.737521,31.685881],[129.737146,31.685198],[129.737484,31.684865],[129.737559,31.684815],[129.737784,31.684598],[129.737834,31.684573],[129.738134,31.684398],[129.738384,31.684307],[129.738409,31.68424],[129.738384,31.684215],[129.738509,31.683857],[129.738521,31.683698],[129.738346,31.68354],[129.738046,31.68349],[129.737446,31.68344],[129.737221,31.683307],[129.737096,31.683307],[129.736996,31.68319],[129.736746,31.68314],[129.736522,31.683048],[129.736397,31.683073],[129.736097,31.68289],[129.736022,31.682665],[129.735872,31.682598],[129.735822,31.682482],[129.735647,31.682057],[129.735572,31.682007],[129.735497,31.681757],[129.735384,31.681532],[129.735384,31.681398],[129.735209,31.681173],[129.735284,31.680765],[129.735134,31.680449],[129.734959,31.680399],[129.734709,31.680265],[129.733984,31.680057],[129.733434,31.679982],[129.733384,31.679874],[129.733234,31.679807],[129.733084,31.679849],[129.732834,31.67964],[129.732722,31.679482],[129.732672,31.679149],[129.732572,31.679057],[129.732422,31.679099],[129.732147,31.678807],[129.731972,31.678507],[129.731947,31.678282],[129.732122,31.67819],[129.732122,31.678124],[129.732072,31.678124],[129.731947,31.677965],[129.731747,31.67794],[129.731585,31.677715],[129.731235,31.677582],[129.731135,31.677649],[129.730885,31.677482],[129.730785,31.677349],[129.730735,31.677032],[129.730635,31.677007],[129.73036,31.67714],[129.72961,31.67689],[129.729085,31.676165],[129.72886,31.676049],[129.72866,31.676024],[129.72851,31.676049],[129.72826,31.675732],[129.727973,31.675324],[129.727573,31.674799],[129.727198,31.674257],[129.72676,31.673241],[129.726435,31.672716],[129.725948,31.672082],[129.725573,31.671357],[129.725235,31.670341],[129.72526,31.670158],[129.725185,31.670124],[129.725123,31.670074],[129.724936,31.668674],[129.725023,31.668483],[129.725173,31.668449],[129.725323,31.668383],[129.725211,31.667833],[129.725261,31.667666],[129.725536,31.667524],[129.72591,31.667458],[129.726023,31.667291],[129.726085,31.667075],[129.726098,31.666816],[129.725886,31.666166],[129.725773,31.665375],[129.725761,31.663683],[129.725823,31.663333],[129.726011,31.662775],[129.725748,31.662667],[129.725761,31.66245],[129.726061,31.661683],[129.726186,31.661717],[129.726306,31.661405],[129.726161,31.661625],[129.726186,31.661517],[129.726661,31.660734],[129.726861,31.660559],[129.727123,31.660492],[129.728786,31.660225],[129.729423,31.660159],[129.730185,31.660184],[129.730598,31.66015],[129.730973,31.660084],[129.731935,31.659675],[129.733898,31.658534],[129.734785,31.658409],[129.73526,31.658092],[129.735673,31.657984],[129.735785,31.657834],[129.736085,31.657751],[129.736235,31.657684],[129.73636,31.657576],[129.73671,31.657367],[129.736847,31.657359],[129.737072,31.657201],[129.737385,31.657109],[129.737447,31.657017],[129.73761,31.657017],[129.737822,31.656918],[129.738085,31.656726],[129.738335,31.656684],[129.738472,31.656618],[129.738597,31.656318],[129.73856,31.656076],[129.738497,31.655918],[129.738222,31.655834],[129.738172,31.655759],[129.73811,31.655451],[129.737935,31.655226],[129.73786,31.654843],[129.737572,31.654618],[129.737473,31.654459],[129.737073,31.654159],[129.737285,31.653968],[129.73726,31.653918],[129.736935,31.653818],[129.73681,31.653476],[129.736685,31.653409],[129.736673,31.653518],[129.736598,31.653593],[129.735998,31.653268],[129.735698,31.653168],[129.735223,31.652793],[129.735198,31.652293],[129.735085,31.652143],[129.734973,31.652085],[129.734548,31.651993],[129.734448,31.652035],[129.73436,31.652176],[129.734173,31.652343],[129.733798,31.652126],[129.733598,31.652093],[129.733423,31.651968],[129.73311,31.65181],[129.732898,31.651868],[129.732835,31.651801],[129.732598,31.651743],[129.732148,31.651568],[129.731773,31.651326],[129.731486,31.651185],[129.731261,31.651026],[129.731198,31.650876],[129.731111,31.650785],[129.730973,31.65071],[129.730886,31.650476],[129.730711,31.65026],[129.730523,31.650168],[129.730348,31.650176],[129.730186,31.650285],[129.729986,31.650318],[129.729823,31.650293],[129.729198,31.649985],[129.728961,31.64981],[129.728923,31.649718],[129.729136,31.649568],[129.729148,31.649326],[129.729098,31.649143],[129.728948,31.648993],[129.728798,31.648993],[129.728623,31.649143],[129.728798,31.648385],[129.728661,31.648343],[129.728536,31.648418],[129.728411,31.648635],[129.728323,31.648701],[129.728298,31.648943],[129.728186,31.64891],[129.727748,31.649043],[129.727524,31.649051],[129.727149,31.649001],[129.726899,31.648851],[129.726699,31.648635],[129.726311,31.64811],[129.726236,31.64786],[129.726486,31.647635],[129.726324,31.647476],[129.726349,31.647235],[129.726524,31.647193],[129.726724,31.647001],[129.726786,31.646818],[129.726886,31.646693],[129.726799,31.646652],[129.726774,31.646593],[129.726836,31.646502],[129.727161,31.646343],[129.727636,31.645752],[129.727786,31.645635],[129.727711,31.645243],[129.727549,31.644877],[129.727611,31.644777],[129.727774,31.644727],[129.727899,31.644643],[129.727961,31.644677],[129.728061,31.644668],[129.728411,31.644543],[129.728436,31.64441],[129.728536,31.644268],[129.728536,31.644069],[129.728599,31.643919],[129.728549,31.643794],[129.728536,31.643469],[129.728461,31.64326],[129.728361,31.643135],[129.727986,31.642785],[129.727836,31.642727],[129.727736,31.642735],[129.727499,31.642802],[129.727074,31.643069],[129.726749,31.642844],[129.726674,31.642694],[129.726536,31.64256],[129.726349,31.64246],[129.726174,31.642502],[129.726036,31.64241],[129.725911,31.64241],[129.725924,31.64251],[129.725986,31.642794],[129.725774,31.642777],[129.725586,31.642852],[129.725036,31.642669],[129.724624,31.642569],[129.724224,31.64231],[129.724136,31.642135],[129.723699,31.641735],[129.723812,31.641485],[129.723712,31.641344],[129.723562,31.641194],[129.723399,31.640985],[129.723137,31.640802],[129.722637,31.640869],[129.722387,31.640685],[129.722187,31.640677],[129.721962,31.640477],[129.721812,31.640477],[129.721699,31.640344],[129.721187,31.640027],[129.721212,31.63981],[129.721137,31.639585],[129.720899,31.639594],[129.720774,31.639844],[129.720699,31.639877],[129.720687,31.640002],[129.720737,31.640127],[129.720549,31.640185],[129.720237,31.640319],[129.720137,31.640544],[129.719974,31.640294],[129.720249,31.640135],[129.720312,31.639977],[129.720224,31.63961],[129.720087,31.639469],[129.719674,31.639452],[129.719549,31.639519],[129.719474,31.639619],[129.719349,31.639585],[129.719249,31.63951],[129.719062,31.639302],[129.719012,31.63901],[129.719087,31.638969],[129.719112,31.638985],[129.719562,31.638985],[129.719787,31.638935],[129.720024,31.638669],[129.720049,31.638686],[129.720187,31.638502],[129.720212,31.638311],[129.720324,31.638094],[129.720262,31.637919],[129.720012,31.637819],[129.719612,31.637819],[129.719512,31.637711],[129.719237,31.637419],[129.718937,31.637344],[129.719,31.637294],[129.719187,31.636877],[129.71915,31.636702],[129.718975,31.636644],[129.718787,31.636519],[129.718662,31.636519],[129.718562,31.636577],[129.718175,31.636369],[129.717887,31.636069],[129.717737,31.635711],[129.717787,31.635586],[129.717962,31.635102],[129.717787,31.634786],[129.717925,31.634736],[129.71795,31.634628],[129.7178,31.634328],[129.7177,31.634244],[129.717737,31.633911],[129.71805,31.634094],[129.7181,31.634028],[129.717987,31.633686],[129.717772,31.633525],[129.717775,31.633494],[129.7178,31.633094],[129.717725,31.633036],[129.717575,31.633011],[129.717425,31.633078],[129.717312,31.633069],[129.717237,31.633128],[129.717137,31.633353],[129.71739,31.633419],[129.717362,31.633478],[129.717237,31.633719],[129.717337,31.633744],[129.717375,31.633836],[129.717312,31.634294],[129.717262,31.634386],[129.717137,31.634386],[129.717037,31.634469],[129.717012,31.634536],[129.716912,31.634578],[129.71675,31.634603],[129.716625,31.634569],[129.716412,31.634569],[129.715887,31.634311],[129.715837,31.634128],[129.715725,31.634111],[129.7155,31.634194],[129.71535,31.634086],[129.7152,31.633636],[129.715175,31.633644],[129.7149,31.634019],[129.71475,31.634019],[129.7146,31.634061],[129.71415,31.633994],[129.714075,31.633927],[129.71395,31.633886],[129.7128,31.633852],[129.7126,31.633444],[129.712413,31.633469],[129.712363,31.633311],[129.712238,31.633336],[129.712275,31.633594],[129.711825,31.633627],[129.711813,31.633419],[129.71165,31.632444],[129.711663,31.632144],[129.71175,31.632036],[129.71215,31.631936],[129.712188,31.632236],[129.712088,31.632261],[129.712125,31.633103],[129.712325,31.633119],[129.712363,31.632094],[129.712675,31.631844],[129.713813,31.631878],[129.714075,31.632169],[129.714538,31.632161],[129.714725,31.632053],[129.71575,31.632494],[129.7159,31.632311],[129.7155,31.631811],[129.715925,31.631611],[129.716025,31.631719],[129.716262,31.631994],[129.716412,31.632019],[129.716487,31.631944],[129.716475,31.631844],[129.7163,31.631511],[129.716287,31.631386],[129.7162,31.631195],[129.715887,31.630811],[129.7157,31.630761],[129.715563,31.630936],[129.715662,31.631336],[129.7155,31.631378],[129.71535,31.631303],[129.7153,31.631194],[129.7151,31.630919],[129.715,31.630861],[129.714713,31.630769],[129.714538,31.630669],[129.714538,31.630453],[129.71465,31.630286],[129.714663,31.63017],[129.71455,31.630003],[129.714675,31.62962],[129.714938,31.62937],[129.715088,31.629386],[129.715413,31.629278],[129.715588,31.629345],[129.715875,31.629553],[129.715975,31.629586],[129.716025,31.629503],[129.715938,31.629236],[129.715963,31.629153],[129.716125,31.629178],[129.716213,31.628878],[129.716188,31.62867],[129.716375,31.628603],[129.716437,31.628628],[129.716575,31.628578],[129.71675,31.628311],[129.716625,31.628128],[129.716712,31.627895],[129.716688,31.627512],[129.716663,31.62707],[129.716563,31.626903],[129.7164,31.62677],[129.716463,31.626453],[129.716438,31.626178],[129.7163,31.626078],[129.716175,31.625928],[129.7159,31.62582],[129.715825,31.625687],[129.715825,31.625303],[129.715688,31.624995],[129.715713,31.62487],[129.715575,31.624645],[129.71515,31.624204],[129.714925,31.623895],[129.714813,31.623404],[129.714813,31.623129],[129.71455,31.622629],[129.713863,31.621837],[129.713688,31.621729],[129.713413,31.621612],[129.7133,31.621662],[129.713263,31.622254],[129.712975,31.622445],[129.712913,31.622712],[129.712875,31.622729],[129.712638,31.62247],[129.712438,31.622845],[129.712363,31.622912],[129.7123,31.62327],[129.712126,31.623354],[129.711963,31.623329],[129.711876,31.623512],[129.711763,31.62357],[129.711663,31.623512],[129.711676,31.623637],[129.711588,31.623862],[129.711863,31.624112],[129.7119,31.624387],[129.711413,31.624545],[129.711301,31.624662],[129.711301,31.625178],[129.711251,31.625245],[129.711076,31.62527],[129.710876,31.625553],[129.710726,31.625837],[129.710576,31.62562],[129.710538,31.626137],[129.710463,31.626703],[129.710363,31.627028],[129.710163,31.62722],[129.710151,31.627761],[129.710251,31.628003],[129.710213,31.628145],[129.710238,31.628661],[129.710088,31.628753],[129.710001,31.628945],[129.710013,31.629136],[129.710213,31.629361],[129.710288,31.629586],[129.710325,31.630019],[129.710313,31.630336],[129.710425,31.630661],[129.710375,31.630911],[129.7106,31.631311],[129.710575,31.631469],[129.710625,31.631611],[129.710638,31.631978],[129.71085,31.632236],[129.7109,31.632236],[129.71095,31.632328],[129.711075,31.632994],[129.711113,31.633694],[129.710975,31.634436],[129.710763,31.634719],[129.710613,31.634644],[129.710413,31.634777],[129.710275,31.634819],[129.7101,31.635027],[129.709588,31.635361],[129.709475,31.635577],[129.7094,31.635569],[129.7093,31.635702],[129.709288,31.635802],[129.7091,31.635894],[129.708975,31.636127],[129.70885,31.63616],[129.708788,31.636285],[129.70865,31.636469],[129.708538,31.636669],[129.707713,31.636844],[129.706663,31.636944],[129.705838,31.636944],[129.704913,31.636877],[129.704488,31.636785],[129.702913,31.636527],[129.702151,31.636352],[129.701638,31.636177],[129.700964,31.635885],[129.699426,31.635085],[129.698914,31.63476],[129.698451,31.634477],[129.698126,31.634244],[129.697464,31.63366],[129.696789,31.632769],[129.696564,31.632227],[129.696502,31.631869],[129.696539,31.631502],[129.696664,31.631044],[129.697539,31.631327],[129.697751,31.631344],[129.697976,31.631311],[129.698251,31.631094],[129.698651,31.630536],[129.698689,31.630352],[129.698726,31.630327],[129.698451,31.630227],[129.698414,31.630194],[129.698789,31.629419],[129.698951,31.629302],[129.699251,31.629369],[129.699351,31.629294],[129.699364,31.629211],[129.699164,31.628969],[129.699101,31.628303],[129.699364,31.626661],[129.699351,31.625561],[129.699464,31.62537],[129.699501,31.625211],[129.699451,31.625061],[129.699302,31.624995],[129.699139,31.624678],[129.698914,31.624678],[129.698902,31.624661],[129.698689,31.624503],[129.698489,31.624103],[129.698514,31.624378],[129.698339,31.624278],[129.698252,31.62402],[129.698027,31.623845],[129.698014,31.624103],[129.697939,31.624095],[129.697839,31.623911],[129.697602,31.623586],[129.697552,31.62372],[129.697452,31.623653],[129.697402,31.62342],[129.697314,31.623236],[129.697177,31.623195],[129.697127,31.623378],[129.697064,31.623328],[129.697027,31.623203],[129.696864,31.622886],[129.696639,31.622803],[129.696764,31.623186],[129.696264,31.622886],[129.695652,31.622803],[129.695614,31.622886],[129.695664,31.623286],[129.695614,31.62332],[129.695514,31.623295],[129.695389,31.62332],[129.695077,31.623261],[129.694977,31.62317],[129.694702,31.623061],[129.694314,31.62277],[129.694189,31.622495],[129.694077,31.622486],[129.694027,31.622511],[129.693802,31.622778],[129.69354,31.62287],[129.693377,31.62297],[129.692802,31.623103],[129.692665,31.623095],[129.692265,31.622961],[129.692065,31.623103],[129.69164,31.623178],[129.69149,31.623128],[129.691265,31.623086],[129.690877,31.62312],[129.690452,31.622928],[129.690277,31.622778],[129.689977,31.622236],[129.689815,31.622311],[129.689727,31.622236],[129.689502,31.622161],[129.689365,31.621845],[129.689002,31.621436],[129.688815,31.621203],[129.68874,31.621303],[129.688615,31.621353],[129.688615,31.621611],[129.688752,31.621961],[129.688852,31.622061],[129.68884,31.62212],[129.688752,31.622186],[129.688702,31.622378],[129.688527,31.62252],[129.688377,31.622545],[129.688002,31.622695],[129.687878,31.622678],[129.687753,31.622736],[129.687565,31.622994],[129.687165,31.623203],[129.68679,31.623328],[129.686453,31.622953],[129.686303,31.622844],[129.686203,31.622853],[129.686165,31.623044],[129.68594,31.622978],[129.685728,31.622953],[129.685765,31.622736],[129.685865,31.622661],[129.685953,31.622544],[129.68594,31.622344],[129.685865,31.622286],[129.685753,31.62227],[129.685715,31.621953],[129.685553,31.621778],[129.685365,31.621678],[129.685278,31.621695],[129.68519,31.621761],[129.685115,31.622028],[129.685328,31.622386],[129.685319,31.622417],[129.685303,31.622411],[129.685078,31.622319],[129.68499,31.622178],[129.684653,31.62192],[129.684565,31.621903],[129.684128,31.622178],[129.68399,31.622311],[129.683953,31.622444],[129.683978,31.622511],[129.684128,31.622661],[129.68419,31.622669],[129.684353,31.622619],[129.684528,31.622661],[129.684615,31.622753],[129.68484,31.622878],[129.684865,31.622978],[129.684953,31.623053],[129.684903,31.623278],[129.68474,31.623653],[129.68464,31.623678],[129.684315,31.623703],[129.684103,31.623836],[129.683953,31.624103],[129.68394,31.624253],[129.683878,31.624386],[129.683753,31.624378],[129.683665,31.624294],[129.68344,31.624219],[129.68324,31.624278],[129.683103,31.624228],[129.682878,31.623986],[129.682703,31.623878],[129.682528,31.624028],[129.682528,31.624186],[129.682615,31.624469],[129.68279,31.624511],[129.682915,31.624636],[129.683165,31.624644],[129.68344,31.624919],[129.683853,31.625027],[129.68389,31.625336],[129.684128,31.625586],[129.684215,31.625927],[129.684353,31.626236],[129.68464,31.626819],[129.68459,31.626977],[129.684703,31.627127],[129.68464,31.627536],[129.684653,31.627777],[129.684578,31.627994],[129.684628,31.62821],[129.68459,31.628602],[129.684478,31.628702],[129.68444,31.628919],[129.68434,31.62896],[129.68429,31.629052],[129.68444,31.629202],[129.68449,31.62936],[129.68449,31.629777],[129.684453,31.629944],[129.683978,31.630577],[129.682478,31.63211],[129.681765,31.63271],[129.681003,31.633218],[129.68064,31.633385],[129.680315,31.633501],[129.680015,31.633568],[129.678703,31.633701],[129.678165,31.633618],[129.678165,31.633501],[129.678065,31.633368],[129.677865,31.633218],[129.67784,31.633093],[129.67769,31.632902],[129.67749,31.632952],[129.677166,31.632827],[129.676953,31.632885],[129.676541,31.632702],[129.676366,31.632677],[129.676353,31.632727],[129.676453,31.632918],[129.676503,31.63306],[129.676478,31.633185],[129.676416,31.63321],[129.675941,31.632893],[129.675803,31.632852],[129.675803,31.632927],[129.676016,31.633201],[129.675866,31.633185],[129.675791,31.633268],[129.676316,31.633393],[129.676278,31.633476],[129.676153,31.633476],[129.675966,31.633535],[129.676316,31.63366],[129.676553,31.633701],[129.676595,31.633717],[129.676603,31.633751],[129.676591,31.633818],[129.676353,31.634176],[129.676078,31.634418],[129.675828,31.63451],[129.675778,31.63456],[129.675578,31.634651],[129.675553,31.634643],[129.675541,31.634768],[129.675453,31.634893],[129.675328,31.634943],[129.674916,31.634935],[129.674478,31.634968],[129.674166,31.634901],[129.674091,31.634935],[129.674028,31.635101],[129.673991,31.635126],[129.673978,31.635285],[129.674241,31.635768],[129.674216,31.635976],[129.674091,31.636218],[129.673716,31.636551],[129.673103,31.636876],[129.672428,31.637101],[129.672303,31.637101],[129.671928,31.637026],[129.671566,31.636868],[129.671491,31.636876],[129.670991,31.636734],[129.670666,31.636576],[129.670591,31.636659],[129.670291,31.636743],[129.670191,31.636684],[129.670128,31.636559],[129.669928,31.636426],[129.669866,31.636201],[129.669678,31.636176],[129.669453,31.636201],[129.669316,31.636168],[129.669091,31.635968],[129.669066,31.635851],[129.668966,31.635759],[129.668716,31.635743],[129.668241,31.635551],[129.668154,31.635718],[129.668079,31.635784],[129.667666,31.635534],[129.667466,31.635309],[129.667266,31.635243],[129.666916,31.635393],[129.666754,31.635201],[129.666554,31.635101],[129.666266,31.635051],[129.666204,31.634943],[129.666216,31.634735],[129.665941,31.634493],[129.665741,31.634376],[129.665091,31.634118],[129.664829,31.63411],[129.664754,31.634135],[129.664716,31.634251],[129.664754,31.634376],[129.664854,31.634443],[129.664804,31.634651],[129.664816,31.635034],[129.665254,31.635201],[129.665291,31.635318],[129.665266,31.635351],[129.665366,31.635459],[129.665504,31.635393],[129.665729,31.635351],[129.665866,31.635418],[129.665991,31.635626],[129.666141,31.635651],[129.666216,31.635751],[129.666279,31.636001],[129.666541,31.636259],[129.666591,31.636384],[129.666616,31.636693],[129.666604,31.637543],[129.666541,31.637818],[129.666454,31.637926],[129.666291,31.638876],[129.666329,31.639059],[129.666279,31.639534],[129.666204,31.639959],[129.666266,31.640142],[129.666266,31.640301],[129.666091,31.640801],[129.666066,31.641042],[129.665941,31.641375],[129.665891,31.641609],[129.665816,31.641692],[129.665316,31.6427],[129.664854,31.643109],[129.664679,31.643575],[129.664241,31.644375],[129.664191,31.644525],[129.664091,31.644658],[129.663979,31.644908],[129.663804,31.645183],[129.663366,31.646],[129.663191,31.646408],[129.662991,31.646633],[129.662904,31.64685],[129.662504,31.647491],[129.662404,31.64755],[129.662216,31.647458],[129.662129,31.647708],[129.662216,31.647816],[129.662129,31.648033],[129.661816,31.648258],[129.661504,31.648416],[129.661091,31.648808],[129.660991,31.6487],[129.660841,31.648708],[129.660691,31.648758],[129.660516,31.649025],[129.660579,31.649216],[129.660704,31.649391],[129.660516,31.649491],[129.660354,31.649758],[129.660241,31.649783],[129.660079,31.649841],[129.659966,31.649841],[129.659779,31.649891],[129.659629,31.650083],[129.659604,31.650299],[129.659679,31.650324],[129.660229,31.650358],[129.660204,31.650574],[129.660141,31.650641],[129.660004,31.650649],[129.659891,31.650808],[129.659954,31.650999],[129.660079,31.651083],[129.660291,31.651091],[129.660379,31.651058],[129.660466,31.651166],[129.660466,31.651258],[129.660166,31.652666],[129.659954,31.653224],[129.659741,31.653432],[129.659716,31.653574],[129.659866,31.653624],[129.659804,31.653816],[129.659904,31.653882],[129.659979,31.654124],[129.659966,31.654391],[129.660004,31.654424],[129.660016,31.654541],[129.660054,31.654707],[129.659928,31.655257],[129.659791,31.655532],[129.659654,31.655766],[129.659366,31.656132],[129.659116,31.656424],[129.658841,31.656532],[129.658604,31.656515],[129.658429,31.656549],[129.658404,31.656707],[129.658229,31.656849],[129.658291,31.656924],[129.658591,31.656999],[129.658679,31.657065],[129.658741,31.657315],[129.658816,31.657599],[129.658691,31.65809],[129.658529,31.658415],[129.658354,31.658524],[129.658116,31.658574],[129.658054,31.65879],[129.658104,31.658982],[129.658054,31.659207],[129.658116,31.659457],[129.658266,31.659615],[129.658566,31.659782],[129.660116,31.660615],[129.660378,31.660673],[129.660678,31.660815],[129.660928,31.66084],[129.661666,31.660865],[129.662328,31.660832],[129.662478,31.660849],[129.662503,31.660815],[129.662628,31.660882],[129.662691,31.660974],[129.662966,31.661157],[129.663366,31.661265],[129.663628,31.661423],[129.663828,31.661473],[129.663978,31.661565],[129.664228,31.661598],[129.664315,31.661715],[129.664778,31.661832],[129.66494,31.661923],[129.66539,31.662065],[129.665503,31.662173],[129.665728,31.66224],[129.66589,31.662348],[129.666065,31.662548],[129.666428,31.662665],[129.666478,31.662782],[129.666628,31.662815],[129.666765,31.662882],[129.66704,31.662857],[129.667078,31.662923],[129.667378,31.66289],[129.667478,31.662823],[129.667803,31.662765],[129.667965,31.662607],[129.668228,31.662798],[129.668378,31.662865],[129.668553,31.662865],[129.66864,31.662957],[129.66884,31.662965],[129.669015,31.66279],[129.66914,31.662707],[129.66909,31.662457],[129.669253,31.66234],[129.669328,31.662157],[129.669378,31.662149],[129.66944,31.661965],[129.669515,31.661865],[129.669528,31.661674],[129.66969,31.661532],[129.669703,31.66129],[129.669765,31.661257],[129.670003,31.660857],[129.670115,31.660799],[129.67034,31.660749],[129.670528,31.66049],[129.670478,31.660399],[129.670877,31.660282],[129.67094,31.66019],[129.671252,31.660299],[129.671415,31.660315],[129.67154,31.660382],[129.671627,31.660507],[129.671752,31.660565],[129.671827,31.66054],[129.671852,31.660474],[129.671802,31.660307],[129.672077,31.660249],[129.672252,31.660182],[129.67249,31.660207],[129.672502,31.660182],[129.672652,31.660257],[129.67279,31.660215],[129.673027,31.660365],[129.673215,31.660357],[129.673465,31.660324],[129.673752,31.660474],[129.67389,31.660465],[129.674052,31.66054],[129.674565,31.660924],[129.674915,31.661115],[129.675352,31.661182],[129.675627,31.661157],[129.675765,31.661232],[129.676115,31.661249],[129.676265,31.661299],[129.676377,31.661374],[129.676665,31.661507],[129.676727,31.661507],[129.676764,31.66169],[129.676877,31.661757],[129.676852,31.661857],[129.676702,31.662074],[129.676639,31.662224],[129.676664,31.66239],[129.676777,31.662457],[129.676952,31.66239],[129.677052,31.662299],[129.677589,31.66169],[129.677652,31.66154],[129.677939,31.661224],[129.678014,31.660957],[129.678127,31.660891],[129.678414,31.660824],[129.678614,31.660824],[129.678727,31.660874],[129.678877,31.661466],[129.678989,31.661574],[129.678989,31.661707],[129.679239,31.661915],[129.679414,31.661924],[129.679514,31.662007],[129.679639,31.662024],[129.679814,31.661982],[129.680039,31.662107],[129.680039,31.662215],[129.680127,31.662274],[129.680427,31.662157],[129.680664,31.662207],[129.680827,31.66234],[129.681077,31.662315],[129.681214,31.662332],[129.681314,31.662465],[129.681452,31.66249],[129.681527,31.662557],[129.681752,31.662624],[129.681852,31.66259],[129.682005,31.662455],[129.682027,31.662532],[129.682139,31.662665],[129.682202,31.662949],[129.682202,31.663549],[129.682139,31.663657],[129.681539,31.66369],[129.681739,31.664215],[129.681639,31.664615],[129.680977,31.664607],[129.680714,31.664732],[129.680527,31.664765],[129.680302,31.664932],[129.680064,31.664957],[129.679914,31.665049],[129.679802,31.665015],[129.679677,31.665015],[129.679414,31.665115],[129.679252,31.665115],[129.679164,31.665148],[129.679002,31.665115],[129.678889,31.665048],[129.678702,31.665123],[129.678602,31.66514],[129.678489,31.665215],[129.678439,31.665298],[129.678464,31.66544],[129.678539,31.665548],[129.678289,31.66579],[129.678164,31.665823],[129.678152,31.665982],[129.678089,31.666048],[129.677877,31.66619],[129.677777,31.66639],[129.677652,31.666473],[129.677539,31.666415],[129.677377,31.666482],[129.677289,31.666457],[129.677039,31.666223],[129.676952,31.666223],[129.676839,31.666448],[129.676752,31.666507],[129.676539,31.666898],[129.676577,31.666998],[129.676752,31.667082],[129.676727,31.66724],[129.676839,31.667248],[129.677039,31.667148],[129.677102,31.667382],[129.677027,31.667465],[129.676952,31.667748],[129.676989,31.667857],[129.677064,31.667882],[129.677327,31.667882],[129.677314,31.668048],[129.677202,31.668306],[129.677377,31.668398],[129.677539,31.668365],[129.678214,31.668406],[129.678302,31.66834],[129.678464,31.668298],[129.678497,31.66829],[129.678564,31.668498],[129.678539,31.66874],[129.678639,31.668773],[129.678877,31.668698],[129.679002,31.668731],[129.679164,31.668665],[129.679302,31.668781],[129.679527,31.66884],[129.679689,31.668906],[129.679764,31.669065],[129.679877,31.669231],[129.679989,31.669448],[129.679777,31.669623],[129.679614,31.669648],[129.679564,31.669781],[129.679652,31.669906],[129.679789,31.669906],[129.680002,31.669798],[129.680139,31.669748],[129.680327,31.66964],[129.680426,31.669706],[129.680564,31.669973],[129.680539,31.67004],[129.680526,31.670123],[129.680501,31.670223],[129.680664,31.670715],[129.680764,31.670831],[129.681089,31.671081],[129.681239,31.671131],[129.681714,31.671423],[129.682089,31.671856],[129.682276,31.67229],[129.682401,31.672581],[129.682776,31.673373],[129.683051,31.673664],[129.683264,31.673981],[129.683389,31.674256],[129.683539,31.674864],[129.683714,31.675248],[129.683951,31.675431],[129.684076,31.675864],[129.684226,31.676048],[129.684326,31.676114],[129.684501,31.676456],[129.684701,31.676656],[129.684801,31.676881],[129.684963,31.677089],[129.685038,31.677581],[129.685138,31.677722],[129.685138,31.677989],[129.685001,31.678331],[129.684701,31.678689],[129.684451,31.679472],[129.684463,31.679789],[129.684263,31.679972],[129.684038,31.680397],[129.683963,31.680489],[129.683963,31.680664],[129.684151,31.680939],[129.684176,31.681205],[129.684276,31.681372],[129.684326,31.681547],[129.684526,31.68173],[129.684676,31.682164],[129.684663,31.682389],[129.684913,31.682655],[129.684938,31.682864],[129.685163,31.68293],[129.685338,31.683064],[129.685588,31.683272],[129.685863,31.683414],[129.686088,31.683797],[129.686188,31.683905],[129.68615,31.684114],[129.6862,31.684364],[129.686325,31.684405],[129.686375,31.684472],[129.686425,31.684722],[129.686525,31.684997],[129.686675,31.685014],[129.686825,31.685089],[129.687,31.685313],[129.68715,31.685447],[129.68725,31.685655],[129.687338,31.685722],[129.687488,31.685972],[129.687838,31.686263],[129.688188,31.68683],[129.688363,31.68713],[129.688575,31.687647],[129.6888,31.687872],[129.6889,31.688055],[129.689025,31.688347],[129.68905,31.68853],[129.6892,31.688847],[129.689213,31.689071],[129.689312,31.68923],[129.689328,31.689265],[129.689212,31.689663],[129.689287,31.689796],[129.689537,31.690021],[129.689937,31.690138],[129.690137,31.690096],[129.690262,31.690205],[129.690362,31.690255],[129.690512,31.690071],[129.690512,31.690055],[129.690737,31.69008],[129.690862,31.690171],[129.690862,31.690321],[129.691212,31.690596],[129.691337,31.690621],[129.692162,31.690605],[129.692437,31.690721],[129.692875,31.69133],[129.69305,31.691671],[129.693275,31.692438],[129.693337,31.69278],[129.693074,31.694038],[129.693071,31.694152],[129.693099,31.694338],[129.693149,31.694404],[129.693099,31.694829],[129.693162,31.695396],[129.693112,31.695488],[129.692937,31.695621],[129.692662,31.696071],[129.692487,31.696246],[129.692412,31.696446],[129.692274,31.696587],[129.692199,31.696787],[129.691949,31.696987],[129.691924,31.697121],[129.691724,31.697321],[129.691512,31.698046],[129.691412,31.698204],[129.691212,31.698896],[129.691049,31.69917],[129.691024,31.699462],[129.690924,31.69962],[129.690974,31.699845],[129.690849,31.700095],[129.690837,31.70032],[129.690787,31.700454],[129.690737,31.700629],[129.690812,31.700837],[129.690826,31.700868],[129.690837,31.700904],[129.690837,31.701195],[129.690912,31.701445],[129.690774,31.701829],[129.690749,31.702095],[129.690074,31.702203],[129.689924,31.702362],[129.689799,31.702362],[129.689699,31.702403],[129.689624,31.702403],[129.689449,31.702562],[129.689312,31.702603],[129.689212,31.702787],[129.688662,31.702895],[129.688512,31.703028],[129.688487,31.703187],[129.688537,31.703278],[129.688687,31.703395],[129.688837,31.703437],[129.689137,31.703395],[129.689312,31.703303],[129.689512,31.703287],[129.690037,31.703087],[129.690337,31.70302],[129.691512,31.703145],[129.691837,31.703412],[129.691887,31.703487],[129.692037,31.703553],[129.692112,31.703662],[129.692362,31.703645],[129.692612,31.703845],[129.692912,31.703895],[129.693187,31.703962],[129.693387,31.703945],[129.693987,31.70402],[129.694286,31.704153],[129.694386,31.704178],[129.694511,31.704245],[129.694536,31.704495],[129.694611,31.704537],[129.694711,31.704903],[129.694786,31.704945],[129.694811,31.70517],[129.695024,31.705403],[129.695324,31.705537],[129.695624,31.705628],[129.695674,31.705787],[129.695574,31.70592],[129.695599,31.70597],[129.695724,31.706037],[129.695849,31.706037],[129.695999,31.706128],[129.695974,31.706262],[129.696249,31.706445],[129.696349,31.706445],[129.696649,31.70622],[129.696849,31.705953],[129.697211,31.705645],[129.697336,31.705595],[129.697586,31.70542],[129.697736,31.70542],[129.697961,31.705462],[129.698111,31.705395],[129.698336,31.705403],[129.698436,31.705312],[129.698611,31.705428],[129.698711,31.705428],[129.698786,31.705403],[129.699211,31.705545],[129.699261,31.70572],[129.699461,31.705812],[129.699711,31.705837],[129.699911,31.705703],[129.700061,31.705728],[129.700186,31.705778],[129.700336,31.705887],[129.700486,31.706137],[129.700811,31.706345],[129.701211,31.706462],[129.701486,31.706437],[129.701686,31.706487],[129.701761,31.706595],[129.701761,31.706753],[129.701811,31.70687],[129.702136,31.70712],[129.702223,31.707303],[129.702248,31.707528],[129.702223,31.707728],[129.702148,31.707911],[129.701948,31.708086],[129.701748,31.708153],[129.701498,31.708128],[129.701323,31.708195],[129.701123,31.708153],[129.701023,31.708195],[129.700923,31.708195],[129.700836,31.708353],[129.700811,31.708511],[129.701011,31.708845],[129.700986,31.709028],[129.701086,31.70912],[129.701486,31.70917],[129.701536,31.709236],[129.701436,31.709553],[129.701673,31.709886],[129.701723,31.710186],[129.701573,31.710586],[129.701373,31.710811],[129.701298,31.710995],[129.701186,31.711153],[129.701061,31.711378],[129.701011,31.711919],[129.700886,31.712278],[129.700548,31.712969],[129.700373,31.713061],[129.700173,31.713328],[129.700098,31.713511],[129.699986,31.713669],[129.699886,31.713761],[129.699761,31.713778],[129.699461,31.714119],[129.699461,31.714228],[129.699236,31.714253],[129.699061,31.714452],[129.698911,31.714536],[129.698773,31.714677],[129.698598,31.714719],[129.698448,31.714919],[129.698248,31.715011],[129.697798,31.715386],[129.697598,31.715594],[129.697311,31.715727],[129.697036,31.715877],[129.696811,31.716169],[129.696836,31.716469],[129.696986,31.716627],[129.697436,31.716744],[129.697936,31.716702],[129.698361,31.716636],[129.698536,31.716677],[129.698761,31.716927],[129.699361,31.717186],[129.699485,31.717202],[129.69966,31.717186],[129.699635,31.717411],[129.69966,31.717569],[129.700398,31.717819],[129.700548,31.717819],[129.700835,31.717802],[129.701185,31.717777],[129.701435,31.717719],[129.70171,31.717719],[129.70211,31.717611],[129.70221,31.717627],[129.70231,31.717927],[129.70231,31.717994],[129.70216,31.718061],[129.70206,31.718169],[129.701848,31.718685],[129.701873,31.718752],[129.702223,31.71901],[129.702623,31.719102],[129.702773,31.719194],[129.703073,31.71926],[129.704048,31.719135],[129.704298,31.719085],[129.704772,31.718935],[129.70496,31.718819],[129.70551,31.718627],[129.705622,31.719394],[129.706097,31.719644],[129.706172,31.719777],[129.706547,31.720077],[129.706747,31.720052],[129.706822,31.720119],[129.706972,31.720352],[129.706997,31.720552],[129.707047,31.72066],[129.706922,31.720727],[129.70616,31.72091],[129.70566,31.721085],[129.70541,31.721219],[129.705185,31.721419],[129.705135,31.721644],[129.705185,31.72171],[129.70536,31.721777],[129.70551,31.721785],[129.70576,31.721735],[129.70591,31.721669],[129.70596,31.721735],[129.705797,31.72201],[129.705622,31.72221],[129.705522,31.722552],[129.705522,31.722727],[129.705572,31.722868],[129.705947,31.72296],[129.706272,31.723027],[129.706397,31.723143],[129.706547,31.723252],[129.706622,31.723343],[129.706872,31.723435],[129.707372,31.723327],[129.707547,31.723235],[129.707647,31.723194],[129.707972,31.723019],[129.708272,31.723019],[129.708522,31.722927],[129.708947,31.723269],[129.709122,31.723385],[129.709497,31.723502],[129.709622,31.723594],[129.710097,31.723727],[129.710472,31.72396],[129.710822,31.724027],[129.711747,31.724377],[129.711822,31.724444],[129.711847,31.724577],[129.711972,31.724643],[129.712147,31.724827],[129.712297,31.724985],[129.712484,31.725435],[129.712659,31.725602],[129.712909,31.72571],[129.713109,31.725735],[129.713384,31.725718],[129.713759,31.72581],[129.714259,31.725993],[129.715184,31.726402],[129.716159,31.72691],[129.716409,31.727093],[129.716584,31.72716],[129.716859,31.727477],[129.716884,31.72761],[129.716984,31.72766],[129.717059,31.727635],[129.717184,31.727685],[129.717284,31.727777],[129.717409,31.727777],[129.717609,31.72771],[129.717859,31.727752],[129.718084,31.727735],[129.718209,31.727843],[129.718459,31.727785],[129.718859,31.727918],[129.719409,31.728218],[129.719609,31.728218],[129.719783,31.728285],[129.720158,31.728293],[129.720258,31.728268],[129.720533,31.728318],[129.720767,31.728503],[129.721008,31.72841],[129.721183,31.728435],[129.721308,31.728294],[129.721383,31.728302],[129.721733,31.728169],[129.721883,31.728052],[129.722108,31.728035],[129.722671,31.727785],[129.723121,31.72761],[129.723496,31.727344],[129.723721,31.727302],[129.723946,31.727302],[129.724996,31.727802],[129.725321,31.727985],[129.725671,31.728327],[129.726683,31.728985],[129.726858,31.729152],[129.727308,31.729352],[129.727358,31.729352],[129.727983,31.729694],[129.728233,31.729719],[129.728995,31.729594],[129.729595,31.729577],[129.73047,31.729627],[129.73097,31.729535],[129.73122,31.72956],[129.731695,31.729677],[129.73197,31.72986],[129.73227,31.730202],[129.73247,31.730385],[129.732533,31.730585],[129.732858,31.730902],[129.733058,31.731044],[129.733383,31.731135],[129.733532,31.731135],[129.733707,31.731427],[129.733907,31.731477],[129.734307,31.731452],[129.734507,31.731544],[129.734682,31.731594],[129.734732,31.731619],[129.735507,31.731694],[129.735632,31.73171],[129.735782,31.731869],[129.735932,31.731877],[129.736157,31.731694],[129.736445,31.731585],[129.736545,31.731585],[129.736795,31.73161],[129.73762,31.731594],[129.737845,31.731685],[129.73802,31.731794],[129.73842,31.731819],[129.738745,31.73196],[129.73877,31.732002],[129.73887,31.732077],[129.739044,31.732327],[129.739132,31.73246],[129.739432,31.73251],[129.739607,31.733027],[129.739682,31.733319],[129.739632,31.733502],[129.739732,31.733527],[129.739757,31.733727],[129.739982,31.733777],[129.740182,31.733844],[129.740382,31.734027],[129.740457,31.734027],[129.740682,31.73421],[129.740794,31.734435],[129.740894,31.734544],[129.740969,31.734769],[129.741019,31.734819],[129.740994,31.734952],[129.741019,31.735202],[129.741469,31.735344],[129.741619,31.735427],[129.741744,31.73561],[129.742019,31.735844],[129.742319,31.735952],[129.742469,31.736094],[129.742844,31.736294],[129.743044,31.736344],[129.743156,31.73641],[129.743394,31.73646],[129.743431,31.736527],[129.743506,31.73671],[129.743556,31.736794],[129.743806,31.736844],[129.744031,31.736802],[129.744144,31.736669],[129.744194,31.736685],[129.744394,31.736694],[129.744556,31.736802],[129.744919,31.736827],[129.745019,31.736785],[129.745294,31.736852],[129.745519,31.736994],[129.745544,31.736969],[129.745719,31.73706],[129.745994,31.737044],[129.746019,31.73706],[129.746244,31.73711],[129.746494,31.737244],[129.746619,31.737294],[129.746781,31.737452],[129.747181,31.73766],[129.747306,31.737677],[129.747581,31.73786],[129.747764,31.737944],[129.748218,31.738027],[129.748518,31.738077],[129.748606,31.738027],[129.748906,31.738077],[129.749318,31.73796],[129.749368,31.737935],[129.749668,31.73771],[129.749893,31.737444],[129.749943,31.737419],[129.749981,31.737285],[129.749918,31.73701],[129.749918,31.736785],[129.749806,31.736702],[129.749643,31.736319],[129.749843,31.73616],[129.750081,31.735952],[129.750356,31.735094],[129.750418,31.735027],[129.750906,31.734802],[129.751181,31.734711],[129.751706,31.734602],[129.751868,31.734619],[129.752206,31.734777],[129.752418,31.735052],[129.752668,31.735636],[129.752781,31.735769],[129.752831,31.735794],[129.752993,31.736152],[129.753356,31.736402],[129.753518,31.736427],[129.753655,31.736377],[129.753718,31.736402],[129.753905,31.736377],[129.754155,31.736219],[129.754318,31.735927],[129.75443,31.735886],[129.75448,31.735661],[129.754868,31.735411],[129.755005,31.735161],[129.75523,31.734936],[129.755255,31.734661],[129.755305,31.734594],[129.75553,31.734619],[129.755643,31.734527],[129.755693,31.734552],[129.75578,31.734527],[129.756218,31.734686],[129.756405,31.734952],[129.75663,31.735611],[129.756655,31.735861],[129.75643,31.736352],[129.756705,31.736511],[129.756793,31.736711],[129.756955,31.736894],[129.757118,31.736936],[129.757205,31.736852],[129.757393,31.737077],[129.757455,31.737369],[129.757368,31.737502],[129.757093,31.737527],[129.757018,31.737569],[129.756955,31.73786],[129.757018,31.737952],[129.75698,31.738177],[129.757318,31.738244],[129.757368,31.738427],[129.75748,31.73856],[129.75753,31.738585],[129.757705,31.738469],[129.75778,31.738452],[129.757892,31.738469],[129.75798,31.738294],[129.75808,31.738177],[129.75828,31.738085],[129.758394,31.738109],[129.75863,31.738177],[129.75883,31.738202],[129.758992,31.738177],[129.759267,31.738019],[129.760117,31.73811],[129.760505,31.73811],[129.76083,31.737969],[129.761005,31.73786],[129.761142,31.737677],[129.761142,31.737636],[129.76133,31.737477],[129.76193,31.737269],[129.762242,31.737227],[129.762517,31.737202],[129.762542,31.737161],[129.76298,31.737319],[129.763392,31.737652],[129.763579,31.737877],[129.763804,31.738394],[129.763579,31.738827],[129.763479,31.73896],[129.763392,31.739319],[129.763417,31.739594],[129.763692,31.73986],[129.763706,31.739885],[129.763717,31.73991],[129.763854,31.74031],[129.764079,31.740535],[129.764129,31.740677],[129.764304,31.740719],[129.764379,31.740694],[129.764717,31.740744],[129.764854,31.740669],[129.765017,31.740694],[129.765229,31.740627],[129.765367,31.740719],[129.765642,31.740735],[129.765779,31.740694],[129.766004,31.741077],[129.766029,31.74121],[129.765754,31.741435],[129.765542,31.741577],[129.765617,31.742293],[129.765679,31.742477],[129.765641,31.74261],[129.765504,31.742768],[129.765367,31.742835],[129.765204,31.74306],[129.765204,31.743152],[129.765266,31.74326],[129.765516,31.743377],[129.765654,31.743377],[129.765754,31.743418],[129.765891,31.743535],[129.766116,31.743602],[129.766279,31.74376],[129.766504,31.743827],[129.766616,31.743918],[129.766891,31.743985],[129.766916,31.744027],[129.767104,31.744077],[129.767441,31.74396],[129.767879,31.743693],[129.768316,31.743552],[129.768591,31.743302],[129.768866,31.743127],[129.768979,31.742852],[129.769629,31.741885],[129.769691,31.741594],[129.769966,31.74146],[129.770679,31.741277],[129.770866,31.741252],[129.771091,31.741369],[129.771204,31.741385],[129.771254,31.741435],[129.771341,31.74141],[129.771641,31.740985],[129.771916,31.74071],[129.772191,31.740485],[129.772791,31.740577],[129.773203,31.740577],[129.773541,31.740485],[129.773753,31.740369],[129.773866,31.740369],[129.774528,31.740619],[129.775053,31.74091],[129.775653,31.741385],[129.776041,31.741544],[129.776128,31.741627],[129.776066,31.74276],[129.776091,31.743027],[129.776041,31.74321],[129.775816,31.743368],[129.775716,31.743502],[129.775678,31.743635],[129.775815,31.74391],[129.77604,31.744018],[129.776478,31.74411],[129.776503,31.74411],[129.776428,31.74436],[129.776178,31.744602],[129.77574,31.744877],[129.775715,31.74501],[129.77579,31.745077],[129.77604,31.745127],[129.775965,31.745302],[129.77599,31.745393],[129.77604,31.745418],[129.77604,31.745485],[129.77599,31.745552],[129.776015,31.745668],[129.775965,31.745802],[129.776065,31.746093],[129.77624,31.746276],[129.77654,31.746451],[129.77684,31.746426],[129.777003,31.746451],[129.777003,31.746293],[129.77709,31.746135],[129.777228,31.746543],[129.777415,31.746718],[129.777615,31.746718],[129.777778,31.746651],[129.777853,31.746768],[129.777965,31.74686],[129.77799,31.746901],[129.778215,31.746676],[129.77849,31.746676],[129.778537,31.746675],[129.778815,31.746968],[129.778903,31.747126],[129.778953,31.747485],[129.77874,31.747693],[129.77849,31.747851],[129.77844,31.748001],[129.778515,31.748185],[129.778602,31.74821],[129.778765,31.748318],[129.779127,31.748185],[129.779265,31.74816],[129.779315,31.748226],[129.779315,31.748501],[129.779202,31.748818],[129.77909,31.748951],[129.77909,31.749068],[129.779152,31.749176],[129.779127,31.749359],[129.77929,31.749584],[129.779315,31.749693],[129.77929,31.749784],[129.779365,31.749943],[129.779265,31.750101],[129.779315,31.750284],[129.779865,31.750301],[129.780027,31.750843],[129.780252,31.751293],[129.780577,31.751793],[129.78064,31.751943],[129.780777,31.752243],[129.780665,31.752442],[129.780552,31.752484],[129.780302,31.752417],[129.780202,31.752626],[129.78014,31.752867],[129.78009,31.752917],[129.779927,31.752892],[129.779727,31.753051],[129.779615,31.753367],[129.779565,31.753434],[129.779477,31.753792],[129.779577,31.753926],[129.779627,31.754109],[129.779577,31.754309],[129.779502,31.754351],[129.779252,31.754326],[129.779027,31.754392],[129.778802,31.754417],[129.778602,31.754367],[129.778227,31.754476],[129.777865,31.754676],[129.77764,31.754659],[129.77729,31.754809],[129.77724,31.754876],[129.77709,31.754942],[129.777015,31.755009],[129.77699,31.755151],[129.77689,31.755259],[129.776865,31.755417],[129.776652,31.755751],[129.776452,31.755776],[129.776327,31.755659],[129.77629,31.755551],[129.77614,31.755392],[129.776015,31.755142],[129.775915,31.755092],[129.77579,31.755092],[129.77574,31.755134],[129.77554,31.755026],[129.775415,31.755042],[129.775265,31.755001],[129.774765,31.755109],[129.774527,31.755309],[129.774427,31.755376],[129.774327,31.755601],[129.774352,31.755717],[129.774302,31.755876],[129.774477,31.756259],[129.774452,31.756434],[129.774552,31.756526],[129.774665,31.756776],[129.774915,31.75705],[129.77499,31.757142],[129.77519,31.757184],[129.77529,31.757459],[129.77534,31.75755],[129.775215,31.757884],[129.775327,31.758117],[129.775327,31.758317],[129.776027,31.758567],[129.776302,31.758817],[129.776502,31.758842],[129.776977,31.758709],[129.777202,31.758575],[129.777327,31.7586],[129.77749,31.758509],[129.77759,31.758492],[129.77794,31.758517],[129.778065,31.758609],[129.778265,31.758675],[129.778252,31.7587],[129.778652,31.758767],[129.778777,31.758817],[129.779164,31.75875],[129.779664,31.758817],[129.779964,31.758484],[129.780114,31.758484],[129.780314,31.758417],[129.780639,31.758175],[129.780989,31.758017],[129.781289,31.758042],[129.781502,31.758],[129.781827,31.758117],[129.782102,31.758075],[129.782402,31.758184],[129.782589,31.758342],[129.782714,31.758642],[129.783014,31.758684],[129.783139,31.758825],[129.783289,31.758917],[129.783339,31.759009],[129.783139,31.75925],[129.783189,31.759475],[129.783727,31.759909],[129.783852,31.759934],[129.784226,31.760159],[129.784326,31.7603],[129.784976,31.760484],[129.785351,31.760667],[129.785551,31.761009]]]}},{"geometry":{"coordinates":[[[129.781176,31.788791],[129.781126,31.788816],[129.780951,31.788907],[129.780726,31.788857],[129.780626,31.788949],[129.780651,31.789015],[129.780801,31.789174],[129.780926,31.789149],[129.781101,31.789082],[129.781251,31.789107],[129.781326,31.788974],[129.781301,31.788857],[129.781176,31.788791]]],"type":"Polygon"},"properties":{"id":"G71012","kuni":"薩摩","id_url":"G71012.html","kuni_url":"/kg/resource/K71.html","pref":"鹿児島県","kuni_id":"K71","yomi":"こしきじま","name":"甑島"},"type":"Feature"},{"geometry":{"type":"Polygon","coordinates":[[[129.803675,31.781217],[129.80355,31.781233],[129.803475,31.781617],[129.8035,31.7818],[129.8036,31.781958],[129.803625,31.781958],[129.8037,31.781708],[129.8037,31.781467],[129.803675,31.781217]]]},"properties":{"id":"G71012","kuni":"薩摩","id_url":"G71012.html","kuni_url":"/kg/resource/K71.html","pref":"鹿児島県","kuni_id":"K71","yomi":"こしきじま","name":"甑島"},"type":"Feature"},{"properties":{"id":"G71012","kuni":"薩摩","id_url":"G71012.html","kuni_url":"/kg/resource/K71.html","pref":"鹿児島県","kuni_id":"K71","yomi":"こしきじま","name":"甑島"},"geometry":{"coordinates":[[[129.804225,31.781175],[129.8041,31.78135],[129.804,31.781375],[129.80385,31.781558],[129.8039,31.781717],[129.804,31.781758],[129.8041,31.781733],[129.804225,31.781625],[129.804425,31.781675],[129.8045,31.781559],[129.8046,31.781517],[129.804725,31.781517],[129.8048,31.781475],[129.804775,31.781334],[129.804675,31.781292],[129.804525,31.781309],[129.8044,31.781175],[129.804225,31.781175]]],"type":"Polygon"},"type":"Feature"},{"type":"Feature","properties":{"id":"G71012","kuni":"薩摩","id_url":"G71012.html","kuni_url":"/kg/resource/K71.html","pref":"鹿児島県","kuni_id":"K71","yomi":"こしきじま","name":"甑島"},"geometry":{"type":"Polygon","coordinates":[[[129.780401,31.7753],[129.780126,31.775316],[129.779876,31.775491],[129.779551,31.775625],[129.779501,31.775716],[129.779451,31.776191],[129.779526,31.776241],[129.779764,31.776533],[129.780101,31.776425],[129.780201,31.776358],[129.780176,31.7762],[129.780276,31.776133],[129.780351,31.775975],[129.780276,31.775816],[129.780426,31.7757],[129.780526,31.775475],[129.780401,31.7753]]]}},{"geometry":{"type":"Polygon","coordinates":[[[129.778164,31.774308],[129.777939,31.774441],[129.777739,31.7744],[129.777489,31.774391],[129.777401,31.774575],[129.777276,31.774641],[129.777176,31.774933],[129.777276,31.775074],[129.777476,31.775249],[129.777751,31.775274],[129.777851,31.775341],[129.777976,31.7753],[129.778076,31.774941],[129.778301,31.774833],[129.778451,31.7749],[129.778651,31.774875],[129.778851,31.775083],[129.778976,31.775125],[129.779026,31.775283],[129.779126,31.775358],[129.779401,31.7754],[129.779526,31.775358],[129.779826,31.775225],[129.780176,31.775133],[129.780239,31.775091],[129.780064,31.774933],[129.780039,31.774816],[129.779864,31.774725],[129.779764,31.774708],[129.779664,31.774591],[129.779489,31.774616],[129.779339,31.7745],[129.779089,31.774516],[129.778789,31.774475],[129.778614,31.77465],[129.778439,31.77445],[129.778264,31.77445],[129.778164,31.774358],[129.778214,31.774358],[129.778164,31.774308]]]},"properties":{"id":"G71012","kuni":"薩摩","id_url":"G71012.html","kuni_url":"/kg/resource/K71.html","pref":"鹿児島県","kuni_id":"K71","yomi":"こしきじま","name":"甑島"},"type":"Feature"},{"geometry":{"type":"Polygon","coordinates":[[[129.834736,31.773202],[129.834561,31.773402],[129.834286,31.773402],[129.834061,31.773677],[129.834161,31.773785],[129.834086,31.773827],[129.834086,31.774035],[129.834361,31.774168],[129.834373,31.774235],[129.835086,31.774044],[129.835211,31.773927],[129.835318,31.773533],[129.835186,31.773252],[129.835136,31.773277],[129.834986,31.773277],[129.834911,31.773227],[129.834736,31.773202]]]},"properties":{"id":"G71012","kuni":"薩摩","id_url":"G71012.html","kuni_url":"/kg/resource/K71.html","pref":"鹿児島県","kuni_id":"K71","yomi":"こしきじま","name":"甑島"},"type":"Feature"},{"geometry":{"coordinates":[[[129.832586,31.772469],[129.832236,31.772485],[129.832161,31.772535],[129.832111,31.772602],[129.831911,31.77271],[129.831761,31.77266],[129.831611,31.77266],[129.831436,31.77291],[129.831536,31.773068],[129.831586,31.773252],[129.831711,31.773452],[129.831861,31.773518],[129.831849,31.773743],[129.831874,31.773818],[129.832174,31.773885],[129.832349,31.773977],[129.832699,31.773868],[129.832811,31.77366],[129.832961,31.773685],[129.833111,31.773618],[129.833261,31.773352],[129.833111,31.773302],[129.833011,31.773235],[129.833011,31.773127],[129.832936,31.77301],[129.832836,31.772877],[129.832861,31.772785],[129.832811,31.772719],[129.832686,31.772669],[129.832586,31.772469]]],"type":"Polygon"},"properties":{"id":"G71012","kuni":"薩摩","id_url":"G71012.html","kuni_url":"/kg/resource/K71.html","pref":"鹿児島県","kuni_id":"K71","yomi":"こしきじま","name":"甑島"},"type":"Feature"},{"geometry":{"coordinates":[[[129.802788,31.763343],[129.802588,31.763434],[129.802488,31.763409],[129.802363,31.763426],[129.802238,31.763609],[129.802063,31.763676],[129.802013,31.763768],[129.802038,31.763876],[129.802088,31.763926],[129.802,31.764084],[129.802175,31.764259],[129.802225,31.764284],[129.80235,31.764218],[129.80255,31.764218],[129.802713,31.764059],[129.802713,31.763834],[129.802738,31.763834],[129.802813,31.763768],[129.802988,31.763593],[129.802888,31.763368],[129.802788,31.763343]]],"type":"Polygon"},"properties":{"id":"G71012","kuni":"薩摩","id_url":"G71012.html","kuni_url":"/kg/resource/K71.html","pref":"鹿児島県","kuni_id":"K71","yomi":"こしきじま","name":"甑島"},"type":"Feature"},{"type":"Feature","properties":{"id":"G71012","kuni":"薩摩","id_url":"G71012.html","kuni_url":"/kg/resource/K71.html","pref":"鹿児島県","kuni_id":"K71","yomi":"こしきじま","name":"甑島"},"geometry":{"type":"Polygon","coordinates":[[[129.755342,31.74251],[129.755142,31.742685],[129.755005,31.742643],[129.754892,31.742668],[129.75473,31.74316],[129.754792,31.743252],[129.754755,31.743368],[129.754792,31.743526],[129.754892,31.74361],[129.75503,31.743568],[129.755205,31.743343],[129.755255,31.743343],[129.755555,31.743518],[129.755717,31.743635],[129.755992,31.743743],[129.75613,31.743726],[129.756242,31.74361],[129.75633,31.743502],[129.75608,31.743135],[129.755967,31.74271],[129.755892,31.74271],[129.755717,31.742643],[129.755555,31.742602],[129.755342,31.74251]]]}},{"type":"Feature","properties":{"id":"G71012","kuni":"薩摩","id_url":"G71012.html","kuni_url":"/kg/resource/K71.html","pref":"鹿児島県","kuni_id":"K71","yomi":"こしきじま","name":"甑島"},"geometry":{"type":"Polygon","coordinates":[[[129.75473,31.742602],[129.75443,31.742668],[129.75418,31.742843],[129.754105,31.742843],[129.754018,31.742893],[129.753855,31.743093],[129.753743,31.743143],[129.753518,31.743251],[129.753493,31.743385],[129.753555,31.743543],[129.753605,31.743568],[129.753768,31.743543],[129.75383,31.743543],[129.753905,31.74361],[129.754043,31.743685],[129.75418,31.74366],[129.75443,31.743543],[129.754655,31.743185],[129.75473,31.742602]]]}},{"geometry":{"coordinates":[[[129.756767,31.742552],[129.756517,31.742618],[129.756217,31.742818],[129.756105,31.74291],[129.75613,31.743052],[129.756242,31.743252],[129.756442,31.743293],[129.756767,31.743277],[129.756817,31.743202],[129.756767,31.743043],[129.756742,31.74291],[129.756855,31.742818],[129.756817,31.742777],[129.756817,31.742577],[129.756767,31.742552]]],"type":"Polygon"},"properties":{"id":"G71012","kuni":"薩摩","id_url":"G71012.html","kuni_url":"/kg/resource/K71.html","pref":"鹿児島県","kuni_id":"K71","yomi":"こしきじま","name":"甑島"},"type":"Feature"},{"geometry":{"type":"Polygon","coordinates":[[[129.780441,31.735069],[129.780278,31.735094],[129.780216,31.735161],[129.780141,31.735386],[129.780216,31.735544],[129.780416,31.735628],[129.780516,31.735653],[129.780791,31.735611],[129.780853,31.735336],[129.780791,31.735244],[129.780603,31.735178],[129.780441,31.735069]]]},"properties":{"id":"G71012","kuni":"薩摩","id_url":"G71012.html","kuni_url":"/kg/resource/K71.html","pref":"鹿児島県","kuni_id":"K71","yomi":"こしきじま","name":"甑島"},"type":"Feature"},{"properties":{"id":"G71012","kuni":"薩摩","id_url":"G71012.html","kuni_url":"/kg/resource/K71.html","pref":"鹿児島県","kuni_id":"K71","yomi":"こしきじま","name":"甑島"},"geometry":{"coordinates":[[[129.710997,31.726693],[129.710697,31.726893],[129.710597,31.726918],[129.710597,31.727052],[129.710622,31.727227],[129.710722,31.727277],[129.710897,31.727252],[129.711022,31.727277],[129.711122,31.727368],[129.711334,31.727618],[129.711459,31.727685],[129.711509,31.727752],[129.711647,31.72751],[129.711797,31.727393],[129.711872,31.727193],[129.711747,31.726993],[129.711672,31.726993],[129.711422,31.72676],[129.711172,31.726693],[129.710997,31.726693]]],"type":"Polygon"},"type":"Feature"},{"type":"Feature","geometry":{"coordinates":[[[129.712497,31.726635],[129.712372,31.726677],[129.712197,31.726702],[129.712147,31.726835],[129.712047,31.72706],[129.712047,31.727102],[129.712222,31.727127],[129.712272,31.727268],[129.712322,31.72731],[129.712447,31.72731],[129.712572,31.727402],[129.712772,31.727402],[129.712822,31.72736],[129.712847,31.727335],[129.712947,31.727135],[129.713022,31.727002],[129.712922,31.726752],[129.712747,31.726727],[129.712497,31.726635]]],"type":"Polygon"},"properties":{"id":"G71012","kuni":"薩摩","id_url":"G71012.html","kuni_url":"/kg/resource/K71.html","pref":"鹿児島県","kuni_id":"K71","yomi":"こしきじま","name":"甑島"}},{"geometry":{"type":"Polygon","coordinates":[[[129.712259,31.72566],[129.712159,31.725685],[129.712034,31.725727],[129.711959,31.72586],[129.711959,31.726002],[129.712209,31.72611],[129.712409,31.726252],[129.712384,31.726385],[129.712484,31.726452],[129.712659,31.726502],[129.712784,31.72646],[129.712834,31.726343],[129.712784,31.726277],[129.712759,31.72621],[129.712659,31.725985],[129.712584,31.72596],[129.712509,31.725893],[129.712409,31.72571],[129.712259,31.72566]]]},"properties":{"id":"G71012","kuni":"薩摩","id_url":"G71012.html","kuni_url":"/kg/resource/K71.html","pref":"鹿児島県","kuni_id":"K71","yomi":"こしきじま","name":"甑島"},"type":"Feature"},{"properties":{"id":"G71012","kuni":"薩摩","id_url":"G71012.html","kuni_url":"/kg/resource/K71.html","pref":"鹿児島県","kuni_id":"K71","yomi":"こしきじま","name":"甑島"},"geometry":{"type":"Polygon","coordinates":[[[129.759381,31.709238],[129.759181,31.70933],[129.758881,31.709372],[129.758794,31.709422],[129.758744,31.709663],[129.758769,31.709713],[129.758856,31.709738],[129.759269,31.709597],[129.759381,31.70958],[129.759406,31.70928],[129.759381,31.709238]]]},"type":"Feature"},{"geometry":{"type":"Polygon","coordinates":[[[129.686987,31.702678],[129.686937,31.702745],[129.686612,31.702812],[129.686437,31.70297],[129.686437,31.703087],[129.686375,31.703312],[129.686525,31.703578],[129.68665,31.70367],[129.68675,31.703653],[129.68685,31.70372],[129.6872,31.703745],[129.687275,31.703812],[129.687325,31.703837],[129.687371,31.703805],[129.6874,31.703787],[129.6875,31.70372],[129.687837,31.70352],[129.687837,31.703362],[129.687812,31.703203],[129.687662,31.702937],[129.687387,31.702862],[129.687137,31.702753],[129.686987,31.702678]]]},"properties":{"id":"G71012","kuni":"薩摩","id_url":"G71012.html","kuni_url":"/kg/resource/K71.html","pref":"鹿児島県","kuni_id":"K71","yomi":"こしきじま","name":"甑島"},"type":"Feature"},{"properties":{"id":"G71012","kuni":"薩摩","id_url":"G71012.html","kuni_url":"/kg/resource/K71.html","pref":"鹿児島県","kuni_id":"K71","yomi":"こしきじま","name":"甑島"},"geometry":{"coordinates":[[[129.69125,31.693821],[129.691175,31.693846],[129.6911,31.693963],[129.6911,31.694096],[129.69125,31.694121],[129.69155,31.694163],[129.691725,31.694096],[129.691725,31.694029],[129.691575,31.693913],[129.69125,31.693821]]],"type":"Polygon"},"type":"Feature"},{"geometry":{"type":"Polygon","coordinates":[[[129.687875,31.69103],[129.6876,31.691113],[129.68745,31.691088],[129.687175,31.691113],[129.687038,31.69118],[129.686988,31.691246],[129.687088,31.691338],[129.687213,31.691363],[129.687363,31.691338],[129.687813,31.691388],[129.687988,31.691363],[129.688312,31.691438],[129.688425,31.691296],[129.6884,31.691213],[129.68825,31.691138],[129.688,31.69103],[129.687875,31.69103]]]},"properties":{"id":"G71012","kuni":"薩摩","id_url":"G71012.html","kuni_url":"/kg/resource/K71.html","pref":"鹿児島県","kuni_id":"K71","yomi":"こしきじま","name":"甑島"},"type":"Feature"},{"properties":{"id":"G71012","kuni":"薩摩","id_url":"G71012.html","kuni_url":"/kg/resource/K71.html","pref":"鹿児島県","kuni_id":"K71","yomi":"こしきじま","name":"甑島"},"geometry":{"type":"Polygon","coordinates":[[[129.68895,31.690721],[129.688775,31.690871],[129.68875,31.691013],[129.6888,31.691055],[129.688875,31.691055],[129.6891,31.690988],[129.6893,31.690988],[129.6895,31.690946],[129.68955,31.690855],[129.68945,31.690763],[129.689275,31.690746],[129.6892,31.690813],[129.68915,31.690813],[129.68895,31.690721]]]},"type":"Feature"},{"properties":{"id":"G71012","kuni":"薩摩","id_url":"G71012.html","kuni_url":"/kg/resource/K71.html","pref":"鹿児島県","kuni_id":"K71","yomi":"こしきじま","name":"甑島"},"geometry":{"type":"Polygon","coordinates":[[[129.669203,31.66289],[129.668728,31.66314],[129.668715,31.663215],[129.668778,31.663465],[129.668865,31.66349],[129.669065,31.663465],[129.669165,31.663398],[129.669215,31.663265],[129.669365,31.663032],[129.669315,31.662915],[129.669203,31.66289]]]},"type":"Feature"},{"properties":{"id":"G71012","kuni":"薩摩","id_url":"G71012.html","kuni_url":"/kg/resource/K71.html","pref":"鹿児島県","kuni_id":"K71","yomi":"こしきじま","name":"甑島"},"geometry":{"coordinates":[[[129.659441,31.652883],[129.659266,31.652949],[129.659216,31.653016],[129.659166,31.653141],[129.659116,31.653274],[129.659029,31.653332],[129.658904,31.653491],[129.658966,31.653557],[129.659079,31.653591],[129.659366,31.653524],[129.659616,31.653232],[129.659654,31.653082],[129.659629,31.652941],[129.659566,31.652966],[129.659441,31.652883]]],"type":"Polygon"},"type":"Feature"},{"type":"Feature","geometry":{"coordinates":[[[129.713975,31.62142],[129.7139,31.621545],[129.713875,31.621704],[129.714038,31.621862],[129.7142,31.621954],[129.7144,31.621979],[129.714525,31.621854],[129.7146,31.621862],[129.71465,31.62182],[129.7146,31.621737],[129.71455,31.621679],[129.714325,31.621554],[129.71415,31.621479],[129.713975,31.62142]]],"type":"Polygon"},"properties":{"id":"G71012","kuni":"薩摩","id_url":"G71012.html","kuni_url":"/kg/resource/K71.html","pref":"鹿児島県","kuni_id":"K71","yomi":"こしきじま","name":"甑島"}}]}